00:00.972  render           | Saved: '/Users/mohammedkalouti/Documents/Codex/2026-09-27/i/work/art/aircraft-strike-final-production-v1/stage/assets/build/frames/unit.SA.strike/beauty/fly/d00_f00.png'
00:01.456  render           | Saved: '/Users/mohammedkalouti/Documents/Codex/2026-09-27/i/work/art/aircraft-strike-final-production-v1/stage/assets/build/frames/unit.SA.strike/team/fly/d00_f00.png'
00:02.256  render           | Saved: '/Users/mohammedkalouti/Documents/Codex/2026-09-27/i/work/art/aircraft-strike-final-production-v1/stage/assets/build/frames/unit.SA.strike/shadow/fly/d00_f00.png'
00:02.825  render           | Saved: '/Users/mohammedkalouti/Documents/Codex/2026-09-27/i/work/art/aircraft-strike-final-production-v1/stage/assets/build/frames/unit.SA.strike/beauty/fly/d00_f01.png'
00:03.302  render           | Saved: '/Users/mohammedkalouti/Documents/Codex/2026-09-27/i/work/art/aircraft-strike-final-production-v1/stage/assets/build/frames/unit.SA.strike/team/fly/d00_f01.png'
00:04.110  render           | Saved: '/Users/mohammedkalouti/Documents/Codex/2026-09-27/i/work/art/aircraft-strike-final-production-v1/stage/assets/build/frames/unit.SA.strike/shadow/fly/d00_f01.png'
00:04.686  render           | Saved: '/Users/mohammedkalouti/Documents/Codex/2026-09-27/i/work/art/aircraft-strike-final-production-v1/stage/assets/build/frames/unit.SA.strike/beauty/fly/d01_f00.png'
00:05.151  render           | Saved: '/Users/mohammedkalouti/Documents/Codex/2026-09-27/i/work/art/aircraft-strike-final-production-v1/stage/assets/build/frames/unit.SA.strike/team/fly/d01_f00.png'
00:05.930  render           | Saved: '/Users/mohammedkalouti/Documents/Codex/2026-09-27/i/work/art/aircraft-strike-final-production-v1/stage/assets/build/frames/unit.SA.strike/shadow/fly/d01_f00.png'
00:06.494  render           | Saved: '/Users/mohammedkalouti/Documents/Codex/2026-09-27/i/work/art/aircraft-strike-final-production-v1/stage/assets/build/frames/unit.SA.strike/beauty/fly/d01_f01.png'
00:06.972  render           | Saved: '/Users/mohammedkalouti/Documents/Codex/2026-09-27/i/work/art/aircraft-strike-final-production-v1/stage/assets/build/frames/unit.SA.strike/team/fly/d01_f01.png'
00:07.768  render           | Saved: '/Users/mohammedkalouti/Documents/Codex/2026-09-27/i/work/art/aircraft-strike-final-production-v1/stage/assets/build/frames/unit.SA.strike/shadow/fly/d01_f01.png'
00:08.319  render           | Saved: '/Users/mohammedkalouti/Documents/Codex/2026-09-27/i/work/art/aircraft-strike-final-production-v1/stage/assets/build/frames/unit.SA.strike/beauty/fly/d02_f00.png'
00:08.817  render           | Saved: '/Users/mohammedkalouti/Documents/Codex/2026-09-27/i/work/art/aircraft-strike-final-production-v1/stage/assets/build/frames/unit.SA.strike/team/fly/d02_f00.png'
00:09.616  render           | Saved: '/Users/mohammedkalouti/Documents/Codex/2026-09-27/i/work/art/aircraft-strike-final-production-v1/stage/assets/build/frames/unit.SA.strike/shadow/fly/d02_f00.png'
00:10.182  render           | Saved: '/Users/mohammedkalouti/Documents/Codex/2026-09-27/i/work/art/aircraft-strike-final-production-v1/stage/assets/build/frames/unit.SA.strike/beauty/fly/d02_f01.png'
00:10.681  render           | Saved: '/Users/mohammedkalouti/Documents/Codex/2026-09-27/i/work/art/aircraft-strike-final-production-v1/stage/assets/build/frames/unit.SA.strike/team/fly/d02_f01.png'
00:11.495  render           | Saved: '/Users/mohammedkalouti/Documents/Codex/2026-09-27/i/work/art/aircraft-strike-final-production-v1/stage/assets/build/frames/unit.SA.strike/shadow/fly/d02_f01.png'
00:12.067  render           | Saved: '/Users/mohammedkalouti/Documents/Codex/2026-09-27/i/work/art/aircraft-strike-final-production-v1/stage/assets/build/frames/unit.SA.strike/beauty/fly/d03_f00.png'
00:12.550  render           | Saved: '/Users/mohammedkalouti/Documents/Codex/2026-09-27/i/work/art/aircraft-strike-final-production-v1/stage/assets/build/frames/unit.SA.strike/team/fly/d03_f00.png'
00:13.335  render           | Saved: '/Users/mohammedkalouti/Documents/Codex/2026-09-27/i/work/art/aircraft-strike-final-production-v1/stage/assets/build/frames/unit.SA.strike/shadow/fly/d03_f00.png'
00:13.909  render           | Saved: '/Users/mohammedkalouti/Documents/Codex/2026-09-27/i/work/art/aircraft-strike-final-production-v1/stage/assets/build/frames/unit.SA.strike/beauty/fly/d03_f01.png'
00:14.423  render           | Saved: '/Users/mohammedkalouti/Documents/Codex/2026-09-27/i/work/art/aircraft-strike-final-production-v1/stage/assets/build/frames/unit.SA.strike/team/fly/d03_f01.png'
00:15.259  render           | Saved: '/Users/mohammedkalouti/Documents/Codex/2026-09-27/i/work/art/aircraft-strike-final-production-v1/stage/assets/build/frames/unit.SA.strike/shadow/fly/d03_f01.png'
00:15.830  render           | Saved: '/Users/mohammedkalouti/Documents/Codex/2026-09-27/i/work/art/aircraft-strike-final-production-v1/stage/assets/build/frames/unit.SA.strike/beauty/fly/d04_f00.png'
00:16.319  render           | Saved: '/Users/mohammedkalouti/Documents/Codex/2026-09-27/i/work/art/aircraft-strike-final-production-v1/stage/assets/build/frames/unit.SA.strike/team/fly/d04_f00.png'
00:17.103  render           | Saved: '/Users/mohammedkalouti/Documents/Codex/2026-09-27/i/work/art/aircraft-strike-final-production-v1/stage/assets/build/frames/unit.SA.strike/shadow/fly/d04_f00.png'
00:17.667  render           | Saved: '/Users/mohammedkalouti/Documents/Codex/2026-09-27/i/work/art/aircraft-strike-final-production-v1/stage/assets/build/frames/unit.SA.strike/beauty/fly/d04_f01.png'
00:18.144  render           | Saved: '/Users/mohammedkalouti/Documents/Codex/2026-09-27/i/work/art/aircraft-strike-final-production-v1/stage/assets/build/frames/unit.SA.strike/team/fly/d04_f01.png'
00:18.949  render           | Saved: '/Users/mohammedkalouti/Documents/Codex/2026-09-27/i/work/art/aircraft-strike-final-production-v1/stage/assets/build/frames/unit.SA.strike/shadow/fly/d04_f01.png'
00:19.497  render           | Saved: '/Users/mohammedkalouti/Documents/Codex/2026-09-27/i/work/art/aircraft-strike-final-production-v1/stage/assets/build/frames/unit.SA.strike/beauty/fly/d05_f00.png'
00:19.955  render           | Saved: '/Users/mohammedkalouti/Documents/Codex/2026-09-27/i/work/art/aircraft-strike-final-production-v1/stage/assets/build/frames/unit.SA.strike/team/fly/d05_f00.png'
00:20.757  render           | Saved: '/Users/mohammedkalouti/Documents/Codex/2026-09-27/i/work/art/aircraft-strike-final-production-v1/stage/assets/build/frames/unit.SA.strike/shadow/fly/d05_f00.png'
00:21.339  render           | Saved: '/Users/mohammedkalouti/Documents/Codex/2026-09-27/i/work/art/aircraft-strike-final-production-v1/stage/assets/build/frames/unit.SA.strike/beauty/fly/d05_f01.png'
00:21.798  render           | Saved: '/Users/mohammedkalouti/Documents/Codex/2026-09-27/i/work/art/aircraft-strike-final-production-v1/stage/assets/build/frames/unit.SA.strike/team/fly/d05_f01.png'
00:22.580  render           | Saved: '/Users/mohammedkalouti/Documents/Codex/2026-09-27/i/work/art/aircraft-strike-final-production-v1/stage/assets/build/frames/unit.SA.strike/shadow/fly/d05_f01.png'
00:23.141  render           | Saved: '/Users/mohammedkalouti/Documents/Codex/2026-09-27/i/work/art/aircraft-strike-final-production-v1/stage/assets/build/frames/unit.SA.strike/beauty/fly/d06_f00.png'
00:23.601  render           | Saved: '/Users/mohammedkalouti/Documents/Codex/2026-09-27/i/work/art/aircraft-strike-final-production-v1/stage/assets/build/frames/unit.SA.strike/team/fly/d06_f00.png'
00:24.377  render           | Saved: '/Users/mohammedkalouti/Documents/Codex/2026-09-27/i/work/art/aircraft-strike-final-production-v1/stage/assets/build/frames/unit.SA.strike/shadow/fly/d06_f00.png'
00:24.928  render           | Saved: '/Users/mohammedkalouti/Documents/Codex/2026-09-27/i/work/art/aircraft-strike-final-production-v1/stage/assets/build/frames/unit.SA.strike/beauty/fly/d06_f01.png'
00:25.387  render           | Saved: '/Users/mohammedkalouti/Documents/Codex/2026-09-27/i/work/art/aircraft-strike-final-production-v1/stage/assets/build/frames/unit.SA.strike/team/fly/d06_f01.png'
00:26.184  render           | Saved: '/Users/mohammedkalouti/Documents/Codex/2026-09-27/i/work/art/aircraft-strike-final-production-v1/stage/assets/build/frames/unit.SA.strike/shadow/fly/d06_f01.png'
00:26.749  render           | Saved: '/Users/mohammedkalouti/Documents/Codex/2026-09-27/i/work/art/aircraft-strike-final-production-v1/stage/assets/build/frames/unit.SA.strike/beauty/fly/d07_f00.png'
00:27.222  render           | Saved: '/Users/mohammedkalouti/Documents/Codex/2026-09-27/i/work/art/aircraft-strike-final-production-v1/stage/assets/build/frames/unit.SA.strike/team/fly/d07_f00.png'
00:28.048  render           | Saved: '/Users/mohammedkalouti/Documents/Codex/2026-09-27/i/work/art/aircraft-strike-final-production-v1/stage/assets/build/frames/unit.SA.strike/shadow/fly/d07_f00.png'
00:28.631  render           | Saved: '/Users/mohammedkalouti/Documents/Codex/2026-09-27/i/work/art/aircraft-strike-final-production-v1/stage/assets/build/frames/unit.SA.strike/beauty/fly/d07_f01.png'
00:29.100  render           | Saved: '/Users/mohammedkalouti/Documents/Codex/2026-09-27/i/work/art/aircraft-strike-final-production-v1/stage/assets/build/frames/unit.SA.strike/team/fly/d07_f01.png'
00:29.894  render           | Saved: '/Users/mohammedkalouti/Documents/Codex/2026-09-27/i/work/art/aircraft-strike-final-production-v1/stage/assets/build/frames/unit.SA.strike/shadow/fly/d07_f01.png'
00:30.430  render           | Saved: '/Users/mohammedkalouti/Documents/Codex/2026-09-27/i/work/art/aircraft-strike-final-production-v1/stage/assets/build/frames/unit.SA.strike/beauty/fly/d08_f00.png'
00:30.885  render           | Saved: '/Users/mohammedkalouti/Documents/Codex/2026-09-27/i/work/art/aircraft-strike-final-production-v1/stage/assets/build/frames/unit.SA.strike/team/fly/d08_f00.png'
00:31.666  render           | Saved: '/Users/mohammedkalouti/Documents/Codex/2026-09-27/i/work/art/aircraft-strike-final-production-v1/stage/assets/build/frames/unit.SA.strike/shadow/fly/d08_f00.png'
00:32.228  render           | Saved: '/Users/mohammedkalouti/Documents/Codex/2026-09-27/i/work/art/aircraft-strike-final-production-v1/stage/assets/build/frames/unit.SA.strike/beauty/fly/d08_f01.png'
00:32.723  render           | Saved: '/Users/mohammedkalouti/Documents/Codex/2026-09-27/i/work/art/aircraft-strike-final-production-v1/stage/assets/build/frames/unit.SA.strike/team/fly/d08_f01.png'
00:33.623  render           | Saved: '/Users/mohammedkalouti/Documents/Codex/2026-09-27/i/work/art/aircraft-strike-final-production-v1/stage/assets/build/frames/unit.SA.strike/shadow/fly/d08_f01.png'
00:34.196  render           | Saved: '/Users/mohammedkalouti/Documents/Codex/2026-09-27/i/work/art/aircraft-strike-final-production-v1/stage/assets/build/frames/unit.SA.strike/beauty/fly/d09_f00.png'
00:34.708  render           | Saved: '/Users/mohammedkalouti/Documents/Codex/2026-09-27/i/work/art/aircraft-strike-final-production-v1/stage/assets/build/frames/unit.SA.strike/team/fly/d09_f00.png'
00:35.498  render           | Saved: '/Users/mohammedkalouti/Documents/Codex/2026-09-27/i/work/art/aircraft-strike-final-production-v1/stage/assets/build/frames/unit.SA.strike/shadow/fly/d09_f00.png'
00:36.062  render           | Saved: '/Users/mohammedkalouti/Documents/Codex/2026-09-27/i/work/art/aircraft-strike-final-production-v1/stage/assets/build/frames/unit.SA.strike/beauty/fly/d09_f01.png'
00:36.565  render           | Saved: '/Users/mohammedkalouti/Documents/Codex/2026-09-27/i/work/art/aircraft-strike-final-production-v1/stage/assets/build/frames/unit.SA.strike/team/fly/d09_f01.png'
00:37.374  render           | Saved: '/Users/mohammedkalouti/Documents/Codex/2026-09-27/i/work/art/aircraft-strike-final-production-v1/stage/assets/build/frames/unit.SA.strike/shadow/fly/d09_f01.png'
00:37.928  render           | Saved: '/Users/mohammedkalouti/Documents/Codex/2026-09-27/i/work/art/aircraft-strike-final-production-v1/stage/assets/build/frames/unit.SA.strike/beauty/fly/d10_f00.png'
00:38.414  render           | Saved: '/Users/mohammedkalouti/Documents/Codex/2026-09-27/i/work/art/aircraft-strike-final-production-v1/stage/assets/build/frames/unit.SA.strike/team/fly/d10_f00.png'
00:39.231  render           | Saved: '/Users/mohammedkalouti/Documents/Codex/2026-09-27/i/work/art/aircraft-strike-final-production-v1/stage/assets/build/frames/unit.SA.strike/shadow/fly/d10_f00.png'
00:39.778  render           | Saved: '/Users/mohammedkalouti/Documents/Codex/2026-09-27/i/work/art/aircraft-strike-final-production-v1/stage/assets/build/frames/unit.SA.strike/beauty/fly/d10_f01.png'
00:40.241  render           | Saved: '/Users/mohammedkalouti/Documents/Codex/2026-09-27/i/work/art/aircraft-strike-final-production-v1/stage/assets/build/frames/unit.SA.strike/team/fly/d10_f01.png'
00:41.030  render           | Saved: '/Users/mohammedkalouti/Documents/Codex/2026-09-27/i/work/art/aircraft-strike-final-production-v1/stage/assets/build/frames/unit.SA.strike/shadow/fly/d10_f01.png'
00:41.665  render           | Saved: '/Users/mohammedkalouti/Documents/Codex/2026-09-27/i/work/art/aircraft-strike-final-production-v1/stage/assets/build/frames/unit.SA.strike/beauty/fly/d11_f00.png'
00:42.142  render           | Saved: '/Users/mohammedkalouti/Documents/Codex/2026-09-27/i/work/art/aircraft-strike-final-production-v1/stage/assets/build/frames/unit.SA.strike/team/fly/d11_f00.png'
00:42.937  render           | Saved: '/Users/mohammedkalouti/Documents/Codex/2026-09-27/i/work/art/aircraft-strike-final-production-v1/stage/assets/build/frames/unit.SA.strike/shadow/fly/d11_f00.png'
00:43.490  render           | Saved: '/Users/mohammedkalouti/Documents/Codex/2026-09-27/i/work/art/aircraft-strike-final-production-v1/stage/assets/build/frames/unit.SA.strike/beauty/fly/d11_f01.png'
00:43.966  render           | Saved: '/Users/mohammedkalouti/Documents/Codex/2026-09-27/i/work/art/aircraft-strike-final-production-v1/stage/assets/build/frames/unit.SA.strike/team/fly/d11_f01.png'
00:44.785  render           | Saved: '/Users/mohammedkalouti/Documents/Codex/2026-09-27/i/work/art/aircraft-strike-final-production-v1/stage/assets/build/frames/unit.SA.strike/shadow/fly/d11_f01.png'
00:45.339  render           | Saved: '/Users/mohammedkalouti/Documents/Codex/2026-09-27/i/work/art/aircraft-strike-final-production-v1/stage/assets/build/frames/unit.SA.strike/beauty/fly/d12_f00.png'
00:45.852  render           | Saved: '/Users/mohammedkalouti/Documents/Codex/2026-09-27/i/work/art/aircraft-strike-final-production-v1/stage/assets/build/frames/unit.SA.strike/team/fly/d12_f00.png'
00:46.654  render           | Saved: '/Users/mohammedkalouti/Documents/Codex/2026-09-27/i/work/art/aircraft-strike-final-production-v1/stage/assets/build/frames/unit.SA.strike/shadow/fly/d12_f00.png'
00:47.230  render           | Saved: '/Users/mohammedkalouti/Documents/Codex/2026-09-27/i/work/art/aircraft-strike-final-production-v1/stage/assets/build/frames/unit.SA.strike/beauty/fly/d12_f01.png'
00:47.715  render           | Saved: '/Users/mohammedkalouti/Documents/Codex/2026-09-27/i/work/art/aircraft-strike-final-production-v1/stage/assets/build/frames/unit.SA.strike/team/fly/d12_f01.png'
00:48.516  render           | Saved: '/Users/mohammedkalouti/Documents/Codex/2026-09-27/i/work/art/aircraft-strike-final-production-v1/stage/assets/build/frames/unit.SA.strike/shadow/fly/d12_f01.png'
00:49.095  render           | Saved: '/Users/mohammedkalouti/Documents/Codex/2026-09-27/i/work/art/aircraft-strike-final-production-v1/stage/assets/build/frames/unit.SA.strike/beauty/fly/d13_f00.png'
00:49.590  render           | Saved: '/Users/mohammedkalouti/Documents/Codex/2026-09-27/i/work/art/aircraft-strike-final-production-v1/stage/assets/build/frames/unit.SA.strike/team/fly/d13_f00.png'
00:50.374  render           | Saved: '/Users/mohammedkalouti/Documents/Codex/2026-09-27/i/work/art/aircraft-strike-final-production-v1/stage/assets/build/frames/unit.SA.strike/shadow/fly/d13_f00.png'
00:50.953  render           | Saved: '/Users/mohammedkalouti/Documents/Codex/2026-09-27/i/work/art/aircraft-strike-final-production-v1/stage/assets/build/frames/unit.SA.strike/beauty/fly/d13_f01.png'
00:51.542  render           | Saved: '/Users/mohammedkalouti/Documents/Codex/2026-09-27/i/work/art/aircraft-strike-final-production-v1/stage/assets/build/frames/unit.SA.strike/team/fly/d13_f01.png'
00:52.873  render           | Saved: '/Users/mohammedkalouti/Documents/Codex/2026-09-27/i/work/art/aircraft-strike-final-production-v1/stage/assets/build/frames/unit.SA.strike/shadow/fly/d13_f01.png'
00:53.572  render           | Saved: '/Users/mohammedkalouti/Documents/Codex/2026-09-27/i/work/art/aircraft-strike-final-production-v1/stage/assets/build/frames/unit.SA.strike/beauty/fly/d14_f00.png'
00:54.187  render           | Saved: '/Users/mohammedkalouti/Documents/Codex/2026-09-27/i/work/art/aircraft-strike-final-production-v1/stage/assets/build/frames/unit.SA.strike/team/fly/d14_f00.png'
00:55.290  render           | Saved: '/Users/mohammedkalouti/Documents/Codex/2026-09-27/i/work/art/aircraft-strike-final-production-v1/stage/assets/build/frames/unit.SA.strike/shadow/fly/d14_f00.png'
00:55.948  render           | Saved: '/Users/mohammedkalouti/Documents/Codex/2026-09-27/i/work/art/aircraft-strike-final-production-v1/stage/assets/build/frames/unit.SA.strike/beauty/fly/d14_f01.png'
00:56.475  render           | Saved: '/Users/mohammedkalouti/Documents/Codex/2026-09-27/i/work/art/aircraft-strike-final-production-v1/stage/assets/build/frames/unit.SA.strike/team/fly/d14_f01.png'
00:57.390  render           | Saved: '/Users/mohammedkalouti/Documents/Codex/2026-09-27/i/work/art/aircraft-strike-final-production-v1/stage/assets/build/frames/unit.SA.strike/shadow/fly/d14_f01.png'
00:58.058  render           | Saved: '/Users/mohammedkalouti/Documents/Codex/2026-09-27/i/work/art/aircraft-strike-final-production-v1/stage/assets/build/frames/unit.SA.strike/beauty/fly/d15_f00.png'
00:58.582  render           | Saved: '/Users/mohammedkalouti/Documents/Codex/2026-09-27/i/work/art/aircraft-strike-final-production-v1/stage/assets/build/frames/unit.SA.strike/team/fly/d15_f00.png'
00:59.478  render           | Saved: '/Users/mohammedkalouti/Documents/Codex/2026-09-27/i/work/art/aircraft-strike-final-production-v1/stage/assets/build/frames/unit.SA.strike/shadow/fly/d15_f00.png'
01:00.109  render           | Saved: '/Users/mohammedkalouti/Documents/Codex/2026-09-27/i/work/art/aircraft-strike-final-production-v1/stage/assets/build/frames/unit.SA.strike/beauty/fly/d15_f01.png'
01:00.635  render           | Saved: '/Users/mohammedkalouti/Documents/Codex/2026-09-27/i/work/art/aircraft-strike-final-production-v1/stage/assets/build/frames/unit.SA.strike/team/fly/d15_f01.png'
01:01.577  render           | Saved: '/Users/mohammedkalouti/Documents/Codex/2026-09-27/i/work/art/aircraft-strike-final-production-v1/stage/assets/build/frames/unit.SA.strike/shadow/fly/d15_f01.png'
01:02.190  render           | Saved: '/Users/mohammedkalouti/Documents/Codex/2026-09-27/i/work/art/aircraft-strike-final-production-v1/stage/assets/build/frames/unit.SA.strike/beauty/bank_left/d00_f00.png'
01:02.756  render           | Saved: '/Users/mohammedkalouti/Documents/Codex/2026-09-27/i/work/art/aircraft-strike-final-production-v1/stage/assets/build/frames/unit.SA.strike/team/bank_left/d00_f00.png'
01:03.762  render           | Saved: '/Users/mohammedkalouti/Documents/Codex/2026-09-27/i/work/art/aircraft-strike-final-production-v1/stage/assets/build/frames/unit.SA.strike/shadow/bank_left/d00_f00.png'
01:04.486  render           | Saved: '/Users/mohammedkalouti/Documents/Codex/2026-09-27/i/work/art/aircraft-strike-final-production-v1/stage/assets/build/frames/unit.SA.strike/beauty/bank_left/d00_f01.png'
01:04.996  render           | Saved: '/Users/mohammedkalouti/Documents/Codex/2026-09-27/i/work/art/aircraft-strike-final-production-v1/stage/assets/build/frames/unit.SA.strike/team/bank_left/d00_f01.png'
01:05.818  render           | Saved: '/Users/mohammedkalouti/Documents/Codex/2026-09-27/i/work/art/aircraft-strike-final-production-v1/stage/assets/build/frames/unit.SA.strike/shadow/bank_left/d00_f01.png'
01:06.373  render           | Saved: '/Users/mohammedkalouti/Documents/Codex/2026-09-27/i/work/art/aircraft-strike-final-production-v1/stage/assets/build/frames/unit.SA.strike/beauty/bank_left/d01_f00.png'
01:06.851  render           | Saved: '/Users/mohammedkalouti/Documents/Codex/2026-09-27/i/work/art/aircraft-strike-final-production-v1/stage/assets/build/frames/unit.SA.strike/team/bank_left/d01_f00.png'
01:07.645  render           | Saved: '/Users/mohammedkalouti/Documents/Codex/2026-09-27/i/work/art/aircraft-strike-final-production-v1/stage/assets/build/frames/unit.SA.strike/shadow/bank_left/d01_f00.png'
01:08.207  render           | Saved: '/Users/mohammedkalouti/Documents/Codex/2026-09-27/i/work/art/aircraft-strike-final-production-v1/stage/assets/build/frames/unit.SA.strike/beauty/bank_left/d01_f01.png'
01:08.684  render           | Saved: '/Users/mohammedkalouti/Documents/Codex/2026-09-27/i/work/art/aircraft-strike-final-production-v1/stage/assets/build/frames/unit.SA.strike/team/bank_left/d01_f01.png'
01:09.512  render           | Saved: '/Users/mohammedkalouti/Documents/Codex/2026-09-27/i/work/art/aircraft-strike-final-production-v1/stage/assets/build/frames/unit.SA.strike/shadow/bank_left/d01_f01.png'
01:10.086  render           | Saved: '/Users/mohammedkalouti/Documents/Codex/2026-09-27/i/work/art/aircraft-strike-final-production-v1/stage/assets/build/frames/unit.SA.strike/beauty/bank_left/d02_f00.png'
01:10.553  render           | Saved: '/Users/mohammedkalouti/Documents/Codex/2026-09-27/i/work/art/aircraft-strike-final-production-v1/stage/assets/build/frames/unit.SA.strike/team/bank_left/d02_f00.png'
01:11.341  render           | Saved: '/Users/mohammedkalouti/Documents/Codex/2026-09-27/i/work/art/aircraft-strike-final-production-v1/stage/assets/build/frames/unit.SA.strike/shadow/bank_left/d02_f00.png'
01:11.882  render           | Saved: '/Users/mohammedkalouti/Documents/Codex/2026-09-27/i/work/art/aircraft-strike-final-production-v1/stage/assets/build/frames/unit.SA.strike/beauty/bank_left/d02_f01.png'
01:12.376  render           | Saved: '/Users/mohammedkalouti/Documents/Codex/2026-09-27/i/work/art/aircraft-strike-final-production-v1/stage/assets/build/frames/unit.SA.strike/team/bank_left/d02_f01.png'
01:13.177  render           | Saved: '/Users/mohammedkalouti/Documents/Codex/2026-09-27/i/work/art/aircraft-strike-final-production-v1/stage/assets/build/frames/unit.SA.strike/shadow/bank_left/d02_f01.png'
01:13.761  render           | Saved: '/Users/mohammedkalouti/Documents/Codex/2026-09-27/i/work/art/aircraft-strike-final-production-v1/stage/assets/build/frames/unit.SA.strike/beauty/bank_left/d03_f00.png'
01:14.275  render           | Saved: '/Users/mohammedkalouti/Documents/Codex/2026-09-27/i/work/art/aircraft-strike-final-production-v1/stage/assets/build/frames/unit.SA.strike/team/bank_left/d03_f00.png'
01:15.073  render           | Saved: '/Users/mohammedkalouti/Documents/Codex/2026-09-27/i/work/art/aircraft-strike-final-production-v1/stage/assets/build/frames/unit.SA.strike/shadow/bank_left/d03_f00.png'
01:15.637  render           | Saved: '/Users/mohammedkalouti/Documents/Codex/2026-09-27/i/work/art/aircraft-strike-final-production-v1/stage/assets/build/frames/unit.SA.strike/beauty/bank_left/d03_f01.png'
01:16.120  render           | Saved: '/Users/mohammedkalouti/Documents/Codex/2026-09-27/i/work/art/aircraft-strike-final-production-v1/stage/assets/build/frames/unit.SA.strike/team/bank_left/d03_f01.png'
01:16.916  render           | Saved: '/Users/mohammedkalouti/Documents/Codex/2026-09-27/i/work/art/aircraft-strike-final-production-v1/stage/assets/build/frames/unit.SA.strike/shadow/bank_left/d03_f01.png'
01:17.499  render           | Saved: '/Users/mohammedkalouti/Documents/Codex/2026-09-27/i/work/art/aircraft-strike-final-production-v1/stage/assets/build/frames/unit.SA.strike/beauty/bank_left/d04_f00.png'
01:17.981  render           | Saved: '/Users/mohammedkalouti/Documents/Codex/2026-09-27/i/work/art/aircraft-strike-final-production-v1/stage/assets/build/frames/unit.SA.strike/team/bank_left/d04_f00.png'
01:18.770  render           | Saved: '/Users/mohammedkalouti/Documents/Codex/2026-09-27/i/work/art/aircraft-strike-final-production-v1/stage/assets/build/frames/unit.SA.strike/shadow/bank_left/d04_f00.png'
01:19.322  render           | Saved: '/Users/mohammedkalouti/Documents/Codex/2026-09-27/i/work/art/aircraft-strike-final-production-v1/stage/assets/build/frames/unit.SA.strike/beauty/bank_left/d04_f01.png'
01:19.780  render           | Saved: '/Users/mohammedkalouti/Documents/Codex/2026-09-27/i/work/art/aircraft-strike-final-production-v1/stage/assets/build/frames/unit.SA.strike/team/bank_left/d04_f01.png'
01:20.576  render           | Saved: '/Users/mohammedkalouti/Documents/Codex/2026-09-27/i/work/art/aircraft-strike-final-production-v1/stage/assets/build/frames/unit.SA.strike/shadow/bank_left/d04_f01.png'
01:21.134  render           | Saved: '/Users/mohammedkalouti/Documents/Codex/2026-09-27/i/work/art/aircraft-strike-final-production-v1/stage/assets/build/frames/unit.SA.strike/beauty/bank_left/d05_f00.png'
01:21.612  render           | Saved: '/Users/mohammedkalouti/Documents/Codex/2026-09-27/i/work/art/aircraft-strike-final-production-v1/stage/assets/build/frames/unit.SA.strike/team/bank_left/d05_f00.png'
01:22.430  render           | Saved: '/Users/mohammedkalouti/Documents/Codex/2026-09-27/i/work/art/aircraft-strike-final-production-v1/stage/assets/build/frames/unit.SA.strike/shadow/bank_left/d05_f00.png'
01:23.024  render           | Saved: '/Users/mohammedkalouti/Documents/Codex/2026-09-27/i/work/art/aircraft-strike-final-production-v1/stage/assets/build/frames/unit.SA.strike/beauty/bank_left/d05_f01.png'
01:23.488  render           | Saved: '/Users/mohammedkalouti/Documents/Codex/2026-09-27/i/work/art/aircraft-strike-final-production-v1/stage/assets/build/frames/unit.SA.strike/team/bank_left/d05_f01.png'
01:24.302  render           | Saved: '/Users/mohammedkalouti/Documents/Codex/2026-09-27/i/work/art/aircraft-strike-final-production-v1/stage/assets/build/frames/unit.SA.strike/shadow/bank_left/d05_f01.png'
01:24.893  render           | Saved: '/Users/mohammedkalouti/Documents/Codex/2026-09-27/i/work/art/aircraft-strike-final-production-v1/stage/assets/build/frames/unit.SA.strike/beauty/bank_left/d06_f00.png'
01:25.396  render           | Saved: '/Users/mohammedkalouti/Documents/Codex/2026-09-27/i/work/art/aircraft-strike-final-production-v1/stage/assets/build/frames/unit.SA.strike/team/bank_left/d06_f00.png'
01:26.204  render           | Saved: '/Users/mohammedkalouti/Documents/Codex/2026-09-27/i/work/art/aircraft-strike-final-production-v1/stage/assets/build/frames/unit.SA.strike/shadow/bank_left/d06_f00.png'
01:26.797  render           | Saved: '/Users/mohammedkalouti/Documents/Codex/2026-09-27/i/work/art/aircraft-strike-final-production-v1/stage/assets/build/frames/unit.SA.strike/beauty/bank_left/d06_f01.png'
01:27.271  render           | Saved: '/Users/mohammedkalouti/Documents/Codex/2026-09-27/i/work/art/aircraft-strike-final-production-v1/stage/assets/build/frames/unit.SA.strike/team/bank_left/d06_f01.png'
01:28.060  render           | Saved: '/Users/mohammedkalouti/Documents/Codex/2026-09-27/i/work/art/aircraft-strike-final-production-v1/stage/assets/build/frames/unit.SA.strike/shadow/bank_left/d06_f01.png'
01:28.605  render           | Saved: '/Users/mohammedkalouti/Documents/Codex/2026-09-27/i/work/art/aircraft-strike-final-production-v1/stage/assets/build/frames/unit.SA.strike/beauty/bank_left/d07_f00.png'
01:29.088  render           | Saved: '/Users/mohammedkalouti/Documents/Codex/2026-09-27/i/work/art/aircraft-strike-final-production-v1/stage/assets/build/frames/unit.SA.strike/team/bank_left/d07_f00.png'
01:29.930  render           | Saved: '/Users/mohammedkalouti/Documents/Codex/2026-09-27/i/work/art/aircraft-strike-final-production-v1/stage/assets/build/frames/unit.SA.strike/shadow/bank_left/d07_f00.png'
01:30.535  render           | Saved: '/Users/mohammedkalouti/Documents/Codex/2026-09-27/i/work/art/aircraft-strike-final-production-v1/stage/assets/build/frames/unit.SA.strike/beauty/bank_left/d07_f01.png'
01:31.064  render           | Saved: '/Users/mohammedkalouti/Documents/Codex/2026-09-27/i/work/art/aircraft-strike-final-production-v1/stage/assets/build/frames/unit.SA.strike/team/bank_left/d07_f01.png'
01:31.879  render           | Saved: '/Users/mohammedkalouti/Documents/Codex/2026-09-27/i/work/art/aircraft-strike-final-production-v1/stage/assets/build/frames/unit.SA.strike/shadow/bank_left/d07_f01.png'
01:32.440  render           | Saved: '/Users/mohammedkalouti/Documents/Codex/2026-09-27/i/work/art/aircraft-strike-final-production-v1/stage/assets/build/frames/unit.SA.strike/beauty/bank_left/d08_f00.png'
01:32.911  render           | Saved: '/Users/mohammedkalouti/Documents/Codex/2026-09-27/i/work/art/aircraft-strike-final-production-v1/stage/assets/build/frames/unit.SA.strike/team/bank_left/d08_f00.png'
01:33.719  render           | Saved: '/Users/mohammedkalouti/Documents/Codex/2026-09-27/i/work/art/aircraft-strike-final-production-v1/stage/assets/build/frames/unit.SA.strike/shadow/bank_left/d08_f00.png'
01:34.280  render           | Saved: '/Users/mohammedkalouti/Documents/Codex/2026-09-27/i/work/art/aircraft-strike-final-production-v1/stage/assets/build/frames/unit.SA.strike/beauty/bank_left/d08_f01.png'
01:34.737  render           | Saved: '/Users/mohammedkalouti/Documents/Codex/2026-09-27/i/work/art/aircraft-strike-final-production-v1/stage/assets/build/frames/unit.SA.strike/team/bank_left/d08_f01.png'
01:35.538  render           | Saved: '/Users/mohammedkalouti/Documents/Codex/2026-09-27/i/work/art/aircraft-strike-final-production-v1/stage/assets/build/frames/unit.SA.strike/shadow/bank_left/d08_f01.png'
01:36.082  render           | Saved: '/Users/mohammedkalouti/Documents/Codex/2026-09-27/i/work/art/aircraft-strike-final-production-v1/stage/assets/build/frames/unit.SA.strike/beauty/bank_left/d09_f00.png'
01:36.568  render           | Saved: '/Users/mohammedkalouti/Documents/Codex/2026-09-27/i/work/art/aircraft-strike-final-production-v1/stage/assets/build/frames/unit.SA.strike/team/bank_left/d09_f00.png'
01:37.364  render           | Saved: '/Users/mohammedkalouti/Documents/Codex/2026-09-27/i/work/art/aircraft-strike-final-production-v1/stage/assets/build/frames/unit.SA.strike/shadow/bank_left/d09_f00.png'
01:37.949  render           | Saved: '/Users/mohammedkalouti/Documents/Codex/2026-09-27/i/work/art/aircraft-strike-final-production-v1/stage/assets/build/frames/unit.SA.strike/beauty/bank_left/d09_f01.png'
01:38.428  render           | Saved: '/Users/mohammedkalouti/Documents/Codex/2026-09-27/i/work/art/aircraft-strike-final-production-v1/stage/assets/build/frames/unit.SA.strike/team/bank_left/d09_f01.png'
01:39.249  render           | Saved: '/Users/mohammedkalouti/Documents/Codex/2026-09-27/i/work/art/aircraft-strike-final-production-v1/stage/assets/build/frames/unit.SA.strike/shadow/bank_left/d09_f01.png'
01:39.824  render           | Saved: '/Users/mohammedkalouti/Documents/Codex/2026-09-27/i/work/art/aircraft-strike-final-production-v1/stage/assets/build/frames/unit.SA.strike/beauty/bank_left/d10_f00.png'
01:40.293  render           | Saved: '/Users/mohammedkalouti/Documents/Codex/2026-09-27/i/work/art/aircraft-strike-final-production-v1/stage/assets/build/frames/unit.SA.strike/team/bank_left/d10_f00.png'
01:41.071  render           | Saved: '/Users/mohammedkalouti/Documents/Codex/2026-09-27/i/work/art/aircraft-strike-final-production-v1/stage/assets/build/frames/unit.SA.strike/shadow/bank_left/d10_f00.png'
01:41.611  render           | Saved: '/Users/mohammedkalouti/Documents/Codex/2026-09-27/i/work/art/aircraft-strike-final-production-v1/stage/assets/build/frames/unit.SA.strike/beauty/bank_left/d10_f01.png'
01:42.075  render           | Saved: '/Users/mohammedkalouti/Documents/Codex/2026-09-27/i/work/art/aircraft-strike-final-production-v1/stage/assets/build/frames/unit.SA.strike/team/bank_left/d10_f01.png'
01:42.871  render           | Saved: '/Users/mohammedkalouti/Documents/Codex/2026-09-27/i/work/art/aircraft-strike-final-production-v1/stage/assets/build/frames/unit.SA.strike/shadow/bank_left/d10_f01.png'
01:43.409  render           | Saved: '/Users/mohammedkalouti/Documents/Codex/2026-09-27/i/work/art/aircraft-strike-final-production-v1/stage/assets/build/frames/unit.SA.strike/beauty/bank_left/d11_f00.png'
01:43.888  render           | Saved: '/Users/mohammedkalouti/Documents/Codex/2026-09-27/i/work/art/aircraft-strike-final-production-v1/stage/assets/build/frames/unit.SA.strike/team/bank_left/d11_f00.png'
01:44.697  render           | Saved: '/Users/mohammedkalouti/Documents/Codex/2026-09-27/i/work/art/aircraft-strike-final-production-v1/stage/assets/build/frames/unit.SA.strike/shadow/bank_left/d11_f00.png'
01:45.253  render           | Saved: '/Users/mohammedkalouti/Documents/Codex/2026-09-27/i/work/art/aircraft-strike-final-production-v1/stage/assets/build/frames/unit.SA.strike/beauty/bank_left/d11_f01.png'
01:45.744  render           | Saved: '/Users/mohammedkalouti/Documents/Codex/2026-09-27/i/work/art/aircraft-strike-final-production-v1/stage/assets/build/frames/unit.SA.strike/team/bank_left/d11_f01.png'
01:46.543  render           | Saved: '/Users/mohammedkalouti/Documents/Codex/2026-09-27/i/work/art/aircraft-strike-final-production-v1/stage/assets/build/frames/unit.SA.strike/shadow/bank_left/d11_f01.png'
01:47.082  render           | Saved: '/Users/mohammedkalouti/Documents/Codex/2026-09-27/i/work/art/aircraft-strike-final-production-v1/stage/assets/build/frames/unit.SA.strike/beauty/bank_left/d12_f00.png'
01:47.544  render           | Saved: '/Users/mohammedkalouti/Documents/Codex/2026-09-27/i/work/art/aircraft-strike-final-production-v1/stage/assets/build/frames/unit.SA.strike/team/bank_left/d12_f00.png'
01:48.341  render           | Saved: '/Users/mohammedkalouti/Documents/Codex/2026-09-27/i/work/art/aircraft-strike-final-production-v1/stage/assets/build/frames/unit.SA.strike/shadow/bank_left/d12_f00.png'
01:48.970  render           | Saved: '/Users/mohammedkalouti/Documents/Codex/2026-09-27/i/work/art/aircraft-strike-final-production-v1/stage/assets/build/frames/unit.SA.strike/beauty/bank_left/d12_f01.png'
01:49.477  render           | Saved: '/Users/mohammedkalouti/Documents/Codex/2026-09-27/i/work/art/aircraft-strike-final-production-v1/stage/assets/build/frames/unit.SA.strike/team/bank_left/d12_f01.png'
01:50.288  render           | Saved: '/Users/mohammedkalouti/Documents/Codex/2026-09-27/i/work/art/aircraft-strike-final-production-v1/stage/assets/build/frames/unit.SA.strike/shadow/bank_left/d12_f01.png'
01:50.842  render           | Saved: '/Users/mohammedkalouti/Documents/Codex/2026-09-27/i/work/art/aircraft-strike-final-production-v1/stage/assets/build/frames/unit.SA.strike/beauty/bank_left/d13_f00.png'
01:51.313  render           | Saved: '/Users/mohammedkalouti/Documents/Codex/2026-09-27/i/work/art/aircraft-strike-final-production-v1/stage/assets/build/frames/unit.SA.strike/team/bank_left/d13_f00.png'
01:52.125  render           | Saved: '/Users/mohammedkalouti/Documents/Codex/2026-09-27/i/work/art/aircraft-strike-final-production-v1/stage/assets/build/frames/unit.SA.strike/shadow/bank_left/d13_f00.png'
01:52.719  render           | Saved: '/Users/mohammedkalouti/Documents/Codex/2026-09-27/i/work/art/aircraft-strike-final-production-v1/stage/assets/build/frames/unit.SA.strike/beauty/bank_left/d13_f01.png'
01:53.203  render           | Saved: '/Users/mohammedkalouti/Documents/Codex/2026-09-27/i/work/art/aircraft-strike-final-production-v1/stage/assets/build/frames/unit.SA.strike/team/bank_left/d13_f01.png'
01:54.031  render           | Saved: '/Users/mohammedkalouti/Documents/Codex/2026-09-27/i/work/art/aircraft-strike-final-production-v1/stage/assets/build/frames/unit.SA.strike/shadow/bank_left/d13_f01.png'
01:54.602  render           | Saved: '/Users/mohammedkalouti/Documents/Codex/2026-09-27/i/work/art/aircraft-strike-final-production-v1/stage/assets/build/frames/unit.SA.strike/beauty/bank_left/d14_f00.png'
01:55.078  render           | Saved: '/Users/mohammedkalouti/Documents/Codex/2026-09-27/i/work/art/aircraft-strike-final-production-v1/stage/assets/build/frames/unit.SA.strike/team/bank_left/d14_f00.png'
01:55.866  render           | Saved: '/Users/mohammedkalouti/Documents/Codex/2026-09-27/i/work/art/aircraft-strike-final-production-v1/stage/assets/build/frames/unit.SA.strike/shadow/bank_left/d14_f00.png'
01:56.418  render           | Saved: '/Users/mohammedkalouti/Documents/Codex/2026-09-27/i/work/art/aircraft-strike-final-production-v1/stage/assets/build/frames/unit.SA.strike/beauty/bank_left/d14_f01.png'
01:56.892  render           | Saved: '/Users/mohammedkalouti/Documents/Codex/2026-09-27/i/work/art/aircraft-strike-final-production-v1/stage/assets/build/frames/unit.SA.strike/team/bank_left/d14_f01.png'
01:57.676  render           | Saved: '/Users/mohammedkalouti/Documents/Codex/2026-09-27/i/work/art/aircraft-strike-final-production-v1/stage/assets/build/frames/unit.SA.strike/shadow/bank_left/d14_f01.png'
01:58.229  render           | Saved: '/Users/mohammedkalouti/Documents/Codex/2026-09-27/i/work/art/aircraft-strike-final-production-v1/stage/assets/build/frames/unit.SA.strike/beauty/bank_left/d15_f00.png'
01:58.723  render           | Saved: '/Users/mohammedkalouti/Documents/Codex/2026-09-27/i/work/art/aircraft-strike-final-production-v1/stage/assets/build/frames/unit.SA.strike/team/bank_left/d15_f00.png'
01:59.506  render           | Saved: '/Users/mohammedkalouti/Documents/Codex/2026-09-27/i/work/art/aircraft-strike-final-production-v1/stage/assets/build/frames/unit.SA.strike/shadow/bank_left/d15_f00.png'
02:00.056  render           | Saved: '/Users/mohammedkalouti/Documents/Codex/2026-09-27/i/work/art/aircraft-strike-final-production-v1/stage/assets/build/frames/unit.SA.strike/beauty/bank_left/d15_f01.png'
02:00.527  render           | Saved: '/Users/mohammedkalouti/Documents/Codex/2026-09-27/i/work/art/aircraft-strike-final-production-v1/stage/assets/build/frames/unit.SA.strike/team/bank_left/d15_f01.png'
02:01.319  render           | Saved: '/Users/mohammedkalouti/Documents/Codex/2026-09-27/i/work/art/aircraft-strike-final-production-v1/stage/assets/build/frames/unit.SA.strike/shadow/bank_left/d15_f01.png'
02:01.891  render           | Saved: '/Users/mohammedkalouti/Documents/Codex/2026-09-27/i/work/art/aircraft-strike-final-production-v1/stage/assets/build/frames/unit.SA.strike/beauty/bank_right/d00_f00.png'
02:02.366  render           | Saved: '/Users/mohammedkalouti/Documents/Codex/2026-09-27/i/work/art/aircraft-strike-final-production-v1/stage/assets/build/frames/unit.SA.strike/team/bank_right/d00_f00.png'
02:03.185  render           | Saved: '/Users/mohammedkalouti/Documents/Codex/2026-09-27/i/work/art/aircraft-strike-final-production-v1/stage/assets/build/frames/unit.SA.strike/shadow/bank_right/d00_f00.png'
02:03.757  render           | Saved: '/Users/mohammedkalouti/Documents/Codex/2026-09-27/i/work/art/aircraft-strike-final-production-v1/stage/assets/build/frames/unit.SA.strike/beauty/bank_right/d00_f01.png'
02:04.223  render           | Saved: '/Users/mohammedkalouti/Documents/Codex/2026-09-27/i/work/art/aircraft-strike-final-production-v1/stage/assets/build/frames/unit.SA.strike/team/bank_right/d00_f01.png'
02:05.012  render           | Saved: '/Users/mohammedkalouti/Documents/Codex/2026-09-27/i/work/art/aircraft-strike-final-production-v1/stage/assets/build/frames/unit.SA.strike/shadow/bank_right/d00_f01.png'
02:05.580  render           | Saved: '/Users/mohammedkalouti/Documents/Codex/2026-09-27/i/work/art/aircraft-strike-final-production-v1/stage/assets/build/frames/unit.SA.strike/beauty/bank_right/d01_f00.png'
02:06.037  render           | Saved: '/Users/mohammedkalouti/Documents/Codex/2026-09-27/i/work/art/aircraft-strike-final-production-v1/stage/assets/build/frames/unit.SA.strike/team/bank_right/d01_f00.png'
02:06.818  render           | Saved: '/Users/mohammedkalouti/Documents/Codex/2026-09-27/i/work/art/aircraft-strike-final-production-v1/stage/assets/build/frames/unit.SA.strike/shadow/bank_right/d01_f00.png'
02:07.374  render           | Saved: '/Users/mohammedkalouti/Documents/Codex/2026-09-27/i/work/art/aircraft-strike-final-production-v1/stage/assets/build/frames/unit.SA.strike/beauty/bank_right/d01_f01.png'
02:07.835  render           | Saved: '/Users/mohammedkalouti/Documents/Codex/2026-09-27/i/work/art/aircraft-strike-final-production-v1/stage/assets/build/frames/unit.SA.strike/team/bank_right/d01_f01.png'
02:08.623  render           | Saved: '/Users/mohammedkalouti/Documents/Codex/2026-09-27/i/work/art/aircraft-strike-final-production-v1/stage/assets/build/frames/unit.SA.strike/shadow/bank_right/d01_f01.png'
02:09.163  render           | Saved: '/Users/mohammedkalouti/Documents/Codex/2026-09-27/i/work/art/aircraft-strike-final-production-v1/stage/assets/build/frames/unit.SA.strike/beauty/bank_right/d02_f00.png'
02:09.627  render           | Saved: '/Users/mohammedkalouti/Documents/Codex/2026-09-27/i/work/art/aircraft-strike-final-production-v1/stage/assets/build/frames/unit.SA.strike/team/bank_right/d02_f00.png'
02:10.432  render           | Saved: '/Users/mohammedkalouti/Documents/Codex/2026-09-27/i/work/art/aircraft-strike-final-production-v1/stage/assets/build/frames/unit.SA.strike/shadow/bank_right/d02_f00.png'
02:10.986  render           | Saved: '/Users/mohammedkalouti/Documents/Codex/2026-09-27/i/work/art/aircraft-strike-final-production-v1/stage/assets/build/frames/unit.SA.strike/beauty/bank_right/d02_f01.png'
02:11.454  render           | Saved: '/Users/mohammedkalouti/Documents/Codex/2026-09-27/i/work/art/aircraft-strike-final-production-v1/stage/assets/build/frames/unit.SA.strike/team/bank_right/d02_f01.png'
02:12.239  render           | Saved: '/Users/mohammedkalouti/Documents/Codex/2026-09-27/i/work/art/aircraft-strike-final-production-v1/stage/assets/build/frames/unit.SA.strike/shadow/bank_right/d02_f01.png'
02:12.785  render           | Saved: '/Users/mohammedkalouti/Documents/Codex/2026-09-27/i/work/art/aircraft-strike-final-production-v1/stage/assets/build/frames/unit.SA.strike/beauty/bank_right/d03_f00.png'
02:13.250  render           | Saved: '/Users/mohammedkalouti/Documents/Codex/2026-09-27/i/work/art/aircraft-strike-final-production-v1/stage/assets/build/frames/unit.SA.strike/team/bank_right/d03_f00.png'
02:14.032  render           | Saved: '/Users/mohammedkalouti/Documents/Codex/2026-09-27/i/work/art/aircraft-strike-final-production-v1/stage/assets/build/frames/unit.SA.strike/shadow/bank_right/d03_f00.png'
02:14.606  render           | Saved: '/Users/mohammedkalouti/Documents/Codex/2026-09-27/i/work/art/aircraft-strike-final-production-v1/stage/assets/build/frames/unit.SA.strike/beauty/bank_right/d03_f01.png'
02:15.086  render           | Saved: '/Users/mohammedkalouti/Documents/Codex/2026-09-27/i/work/art/aircraft-strike-final-production-v1/stage/assets/build/frames/unit.SA.strike/team/bank_right/d03_f01.png'
02:15.935  render           | Saved: '/Users/mohammedkalouti/Documents/Codex/2026-09-27/i/work/art/aircraft-strike-final-production-v1/stage/assets/build/frames/unit.SA.strike/shadow/bank_right/d03_f01.png'
02:16.511  render           | Saved: '/Users/mohammedkalouti/Documents/Codex/2026-09-27/i/work/art/aircraft-strike-final-production-v1/stage/assets/build/frames/unit.SA.strike/beauty/bank_right/d04_f00.png'
02:16.999  render           | Saved: '/Users/mohammedkalouti/Documents/Codex/2026-09-27/i/work/art/aircraft-strike-final-production-v1/stage/assets/build/frames/unit.SA.strike/team/bank_right/d04_f00.png'
02:17.845  render           | Saved: '/Users/mohammedkalouti/Documents/Codex/2026-09-27/i/work/art/aircraft-strike-final-production-v1/stage/assets/build/frames/unit.SA.strike/shadow/bank_right/d04_f00.png'
02:18.441  render           | Saved: '/Users/mohammedkalouti/Documents/Codex/2026-09-27/i/work/art/aircraft-strike-final-production-v1/stage/assets/build/frames/unit.SA.strike/beauty/bank_right/d04_f01.png'
02:18.943  render           | Saved: '/Users/mohammedkalouti/Documents/Codex/2026-09-27/i/work/art/aircraft-strike-final-production-v1/stage/assets/build/frames/unit.SA.strike/team/bank_right/d04_f01.png'
02:19.772  render           | Saved: '/Users/mohammedkalouti/Documents/Codex/2026-09-27/i/work/art/aircraft-strike-final-production-v1/stage/assets/build/frames/unit.SA.strike/shadow/bank_right/d04_f01.png'
02:20.327  render           | Saved: '/Users/mohammedkalouti/Documents/Codex/2026-09-27/i/work/art/aircraft-strike-final-production-v1/stage/assets/build/frames/unit.SA.strike/beauty/bank_right/d05_f00.png'
02:20.834  render           | Saved: '/Users/mohammedkalouti/Documents/Codex/2026-09-27/i/work/art/aircraft-strike-final-production-v1/stage/assets/build/frames/unit.SA.strike/team/bank_right/d05_f00.png'
02:21.643  render           | Saved: '/Users/mohammedkalouti/Documents/Codex/2026-09-27/i/work/art/aircraft-strike-final-production-v1/stage/assets/build/frames/unit.SA.strike/shadow/bank_right/d05_f00.png'
02:22.232  render           | Saved: '/Users/mohammedkalouti/Documents/Codex/2026-09-27/i/work/art/aircraft-strike-final-production-v1/stage/assets/build/frames/unit.SA.strike/beauty/bank_right/d05_f01.png'
02:22.713  render           | Saved: '/Users/mohammedkalouti/Documents/Codex/2026-09-27/i/work/art/aircraft-strike-final-production-v1/stage/assets/build/frames/unit.SA.strike/team/bank_right/d05_f01.png'
02:23.532  render           | Saved: '/Users/mohammedkalouti/Documents/Codex/2026-09-27/i/work/art/aircraft-strike-final-production-v1/stage/assets/build/frames/unit.SA.strike/shadow/bank_right/d05_f01.png'
02:24.095  render           | Saved: '/Users/mohammedkalouti/Documents/Codex/2026-09-27/i/work/art/aircraft-strike-final-production-v1/stage/assets/build/frames/unit.SA.strike/beauty/bank_right/d06_f00.png'
02:24.576  render           | Saved: '/Users/mohammedkalouti/Documents/Codex/2026-09-27/i/work/art/aircraft-strike-final-production-v1/stage/assets/build/frames/unit.SA.strike/team/bank_right/d06_f00.png'
02:25.362  render           | Saved: '/Users/mohammedkalouti/Documents/Codex/2026-09-27/i/work/art/aircraft-strike-final-production-v1/stage/assets/build/frames/unit.SA.strike/shadow/bank_right/d06_f00.png'
02:25.908  render           | Saved: '/Users/mohammedkalouti/Documents/Codex/2026-09-27/i/work/art/aircraft-strike-final-production-v1/stage/assets/build/frames/unit.SA.strike/beauty/bank_right/d06_f01.png'
02:26.376  render           | Saved: '/Users/mohammedkalouti/Documents/Codex/2026-09-27/i/work/art/aircraft-strike-final-production-v1/stage/assets/build/frames/unit.SA.strike/team/bank_right/d06_f01.png'
02:27.199  render           | Saved: '/Users/mohammedkalouti/Documents/Codex/2026-09-27/i/work/art/aircraft-strike-final-production-v1/stage/assets/build/frames/unit.SA.strike/shadow/bank_right/d06_f01.png'
02:27.760  render           | Saved: '/Users/mohammedkalouti/Documents/Codex/2026-09-27/i/work/art/aircraft-strike-final-production-v1/stage/assets/build/frames/unit.SA.strike/beauty/bank_right/d07_f00.png'
02:28.261  render           | Saved: '/Users/mohammedkalouti/Documents/Codex/2026-09-27/i/work/art/aircraft-strike-final-production-v1/stage/assets/build/frames/unit.SA.strike/team/bank_right/d07_f00.png'
02:29.060  render           | Saved: '/Users/mohammedkalouti/Documents/Codex/2026-09-27/i/work/art/aircraft-strike-final-production-v1/stage/assets/build/frames/unit.SA.strike/shadow/bank_right/d07_f00.png'
02:29.624  render           | Saved: '/Users/mohammedkalouti/Documents/Codex/2026-09-27/i/work/art/aircraft-strike-final-production-v1/stage/assets/build/frames/unit.SA.strike/beauty/bank_right/d07_f01.png'
02:30.093  render           | Saved: '/Users/mohammedkalouti/Documents/Codex/2026-09-27/i/work/art/aircraft-strike-final-production-v1/stage/assets/build/frames/unit.SA.strike/team/bank_right/d07_f01.png'
02:30.947  render           | Saved: '/Users/mohammedkalouti/Documents/Codex/2026-09-27/i/work/art/aircraft-strike-final-production-v1/stage/assets/build/frames/unit.SA.strike/shadow/bank_right/d07_f01.png'
02:31.499  render           | Saved: '/Users/mohammedkalouti/Documents/Codex/2026-09-27/i/work/art/aircraft-strike-final-production-v1/stage/assets/build/frames/unit.SA.strike/beauty/bank_right/d08_f00.png'
02:31.987  render           | Saved: '/Users/mohammedkalouti/Documents/Codex/2026-09-27/i/work/art/aircraft-strike-final-production-v1/stage/assets/build/frames/unit.SA.strike/team/bank_right/d08_f00.png'
02:32.774  render           | Saved: '/Users/mohammedkalouti/Documents/Codex/2026-09-27/i/work/art/aircraft-strike-final-production-v1/stage/assets/build/frames/unit.SA.strike/shadow/bank_right/d08_f00.png'
02:33.302  render           | Saved: '/Users/mohammedkalouti/Documents/Codex/2026-09-27/i/work/art/aircraft-strike-final-production-v1/stage/assets/build/frames/unit.SA.strike/beauty/bank_right/d08_f01.png'
02:33.789  render           | Saved: '/Users/mohammedkalouti/Documents/Codex/2026-09-27/i/work/art/aircraft-strike-final-production-v1/stage/assets/build/frames/unit.SA.strike/team/bank_right/d08_f01.png'
02:34.587  render           | Saved: '/Users/mohammedkalouti/Documents/Codex/2026-09-27/i/work/art/aircraft-strike-final-production-v1/stage/assets/build/frames/unit.SA.strike/shadow/bank_right/d08_f01.png'
02:35.172  render           | Saved: '/Users/mohammedkalouti/Documents/Codex/2026-09-27/i/work/art/aircraft-strike-final-production-v1/stage/assets/build/frames/unit.SA.strike/beauty/bank_right/d09_f00.png'
02:35.637  render           | Saved: '/Users/mohammedkalouti/Documents/Codex/2026-09-27/i/work/art/aircraft-strike-final-production-v1/stage/assets/build/frames/unit.SA.strike/team/bank_right/d09_f00.png'
02:36.424  render           | Saved: '/Users/mohammedkalouti/Documents/Codex/2026-09-27/i/work/art/aircraft-strike-final-production-v1/stage/assets/build/frames/unit.SA.strike/shadow/bank_right/d09_f00.png'
02:36.972  render           | Saved: '/Users/mohammedkalouti/Documents/Codex/2026-09-27/i/work/art/aircraft-strike-final-production-v1/stage/assets/build/frames/unit.SA.strike/beauty/bank_right/d09_f01.png'
02:37.435  render           | Saved: '/Users/mohammedkalouti/Documents/Codex/2026-09-27/i/work/art/aircraft-strike-final-production-v1/stage/assets/build/frames/unit.SA.strike/team/bank_right/d09_f01.png'
02:38.252  render           | Saved: '/Users/mohammedkalouti/Documents/Codex/2026-09-27/i/work/art/aircraft-strike-final-production-v1/stage/assets/build/frames/unit.SA.strike/shadow/bank_right/d09_f01.png'
02:38.833  render           | Saved: '/Users/mohammedkalouti/Documents/Codex/2026-09-27/i/work/art/aircraft-strike-final-production-v1/stage/assets/build/frames/unit.SA.strike/beauty/bank_right/d10_f00.png'
02:39.314  render           | Saved: '/Users/mohammedkalouti/Documents/Codex/2026-09-27/i/work/art/aircraft-strike-final-production-v1/stage/assets/build/frames/unit.SA.strike/team/bank_right/d10_f00.png'
02:40.124  render           | Saved: '/Users/mohammedkalouti/Documents/Codex/2026-09-27/i/work/art/aircraft-strike-final-production-v1/stage/assets/build/frames/unit.SA.strike/shadow/bank_right/d10_f00.png'
02:40.689  render           | Saved: '/Users/mohammedkalouti/Documents/Codex/2026-09-27/i/work/art/aircraft-strike-final-production-v1/stage/assets/build/frames/unit.SA.strike/beauty/bank_right/d10_f01.png'
02:41.167  render           | Saved: '/Users/mohammedkalouti/Documents/Codex/2026-09-27/i/work/art/aircraft-strike-final-production-v1/stage/assets/build/frames/unit.SA.strike/team/bank_right/d10_f01.png'
02:41.963  render           | Saved: '/Users/mohammedkalouti/Documents/Codex/2026-09-27/i/work/art/aircraft-strike-final-production-v1/stage/assets/build/frames/unit.SA.strike/shadow/bank_right/d10_f01.png'
02:42.532  render           | Saved: '/Users/mohammedkalouti/Documents/Codex/2026-09-27/i/work/art/aircraft-strike-final-production-v1/stage/assets/build/frames/unit.SA.strike/beauty/bank_right/d11_f00.png'
02:43.008  render           | Saved: '/Users/mohammedkalouti/Documents/Codex/2026-09-27/i/work/art/aircraft-strike-final-production-v1/stage/assets/build/frames/unit.SA.strike/team/bank_right/d11_f00.png'
02:43.801  render           | Saved: '/Users/mohammedkalouti/Documents/Codex/2026-09-27/i/work/art/aircraft-strike-final-production-v1/stage/assets/build/frames/unit.SA.strike/shadow/bank_right/d11_f00.png'
02:44.360  render           | Saved: '/Users/mohammedkalouti/Documents/Codex/2026-09-27/i/work/art/aircraft-strike-final-production-v1/stage/assets/build/frames/unit.SA.strike/beauty/bank_right/d11_f01.png'
02:44.848  render           | Saved: '/Users/mohammedkalouti/Documents/Codex/2026-09-27/i/work/art/aircraft-strike-final-production-v1/stage/assets/build/frames/unit.SA.strike/team/bank_right/d11_f01.png'
02:45.644  render           | Saved: '/Users/mohammedkalouti/Documents/Codex/2026-09-27/i/work/art/aircraft-strike-final-production-v1/stage/assets/build/frames/unit.SA.strike/shadow/bank_right/d11_f01.png'
02:46.187  render           | Saved: '/Users/mohammedkalouti/Documents/Codex/2026-09-27/i/work/art/aircraft-strike-final-production-v1/stage/assets/build/frames/unit.SA.strike/beauty/bank_right/d12_f00.png'
02:46.660  render           | Saved: '/Users/mohammedkalouti/Documents/Codex/2026-09-27/i/work/art/aircraft-strike-final-production-v1/stage/assets/build/frames/unit.SA.strike/team/bank_right/d12_f00.png'
02:47.468  render           | Saved: '/Users/mohammedkalouti/Documents/Codex/2026-09-27/i/work/art/aircraft-strike-final-production-v1/stage/assets/build/frames/unit.SA.strike/shadow/bank_right/d12_f00.png'
02:48.034  render           | Saved: '/Users/mohammedkalouti/Documents/Codex/2026-09-27/i/work/art/aircraft-strike-final-production-v1/stage/assets/build/frames/unit.SA.strike/beauty/bank_right/d12_f01.png'
02:48.498  render           | Saved: '/Users/mohammedkalouti/Documents/Codex/2026-09-27/i/work/art/aircraft-strike-final-production-v1/stage/assets/build/frames/unit.SA.strike/team/bank_right/d12_f01.png'
02:49.316  render           | Saved: '/Users/mohammedkalouti/Documents/Codex/2026-09-27/i/work/art/aircraft-strike-final-production-v1/stage/assets/build/frames/unit.SA.strike/shadow/bank_right/d12_f01.png'
02:49.893  render           | Saved: '/Users/mohammedkalouti/Documents/Codex/2026-09-27/i/work/art/aircraft-strike-final-production-v1/stage/assets/build/frames/unit.SA.strike/beauty/bank_right/d13_f00.png'
02:50.374  render           | Saved: '/Users/mohammedkalouti/Documents/Codex/2026-09-27/i/work/art/aircraft-strike-final-production-v1/stage/assets/build/frames/unit.SA.strike/team/bank_right/d13_f00.png'
02:51.204  render           | Saved: '/Users/mohammedkalouti/Documents/Codex/2026-09-27/i/work/art/aircraft-strike-final-production-v1/stage/assets/build/frames/unit.SA.strike/shadow/bank_right/d13_f00.png'
02:51.792  render           | Saved: '/Users/mohammedkalouti/Documents/Codex/2026-09-27/i/work/art/aircraft-strike-final-production-v1/stage/assets/build/frames/unit.SA.strike/beauty/bank_right/d13_f01.png'
02:52.301  render           | Saved: '/Users/mohammedkalouti/Documents/Codex/2026-09-27/i/work/art/aircraft-strike-final-production-v1/stage/assets/build/frames/unit.SA.strike/team/bank_right/d13_f01.png'
02:53.144  render           | Saved: '/Users/mohammedkalouti/Documents/Codex/2026-09-27/i/work/art/aircraft-strike-final-production-v1/stage/assets/build/frames/unit.SA.strike/shadow/bank_right/d13_f01.png'
02:53.911  render           | Saved: '/Users/mohammedkalouti/Documents/Codex/2026-09-27/i/work/art/aircraft-strike-final-production-v1/stage/assets/build/frames/unit.SA.strike/beauty/bank_right/d14_f00.png'
02:54.682  render           | Saved: '/Users/mohammedkalouti/Documents/Codex/2026-09-27/i/work/art/aircraft-strike-final-production-v1/stage/assets/build/frames/unit.SA.strike/team/bank_right/d14_f00.png'
02:55.893  render           | Saved: '/Users/mohammedkalouti/Documents/Codex/2026-09-27/i/work/art/aircraft-strike-final-production-v1/stage/assets/build/frames/unit.SA.strike/shadow/bank_right/d14_f00.png'
02:56.615  render           | Saved: '/Users/mohammedkalouti/Documents/Codex/2026-09-27/i/work/art/aircraft-strike-final-production-v1/stage/assets/build/frames/unit.SA.strike/beauty/bank_right/d14_f01.png'
02:57.234  render           | Saved: '/Users/mohammedkalouti/Documents/Codex/2026-09-27/i/work/art/aircraft-strike-final-production-v1/stage/assets/build/frames/unit.SA.strike/team/bank_right/d14_f01.png'
02:58.341  render           | Saved: '/Users/mohammedkalouti/Documents/Codex/2026-09-27/i/work/art/aircraft-strike-final-production-v1/stage/assets/build/frames/unit.SA.strike/shadow/bank_right/d14_f01.png'
02:59.010  render           | Saved: '/Users/mohammedkalouti/Documents/Codex/2026-09-27/i/work/art/aircraft-strike-final-production-v1/stage/assets/build/frames/unit.SA.strike/beauty/bank_right/d15_f00.png'
02:59.552  render           | Saved: '/Users/mohammedkalouti/Documents/Codex/2026-09-27/i/work/art/aircraft-strike-final-production-v1/stage/assets/build/frames/unit.SA.strike/team/bank_right/d15_f00.png'
03:00.482  render           | Saved: '/Users/mohammedkalouti/Documents/Codex/2026-09-27/i/work/art/aircraft-strike-final-production-v1/stage/assets/build/frames/unit.SA.strike/shadow/bank_right/d15_f00.png'
03:01.140  render           | Saved: '/Users/mohammedkalouti/Documents/Codex/2026-09-27/i/work/art/aircraft-strike-final-production-v1/stage/assets/build/frames/unit.SA.strike/beauty/bank_right/d15_f01.png'
03:01.633  render           | Saved: '/Users/mohammedkalouti/Documents/Codex/2026-09-27/i/work/art/aircraft-strike-final-production-v1/stage/assets/build/frames/unit.SA.strike/team/bank_right/d15_f01.png'
03:02.595  render           | Saved: '/Users/mohammedkalouti/Documents/Codex/2026-09-27/i/work/art/aircraft-strike-final-production-v1/stage/assets/build/frames/unit.SA.strike/shadow/bank_right/d15_f01.png'
03:03.286  render           | Saved: '/Users/mohammedkalouti/Documents/Codex/2026-09-27/i/work/art/aircraft-strike-final-production-v1/stage/assets/build/frames/unit.SA.strike/beauty/fire/d00_f00.png'
03:03.961  render           | Saved: '/Users/mohammedkalouti/Documents/Codex/2026-09-27/i/work/art/aircraft-strike-final-production-v1/stage/assets/build/frames/unit.SA.strike/team/fire/d00_f00.png'
03:04.899  render           | Saved: '/Users/mohammedkalouti/Documents/Codex/2026-09-27/i/work/art/aircraft-strike-final-production-v1/stage/assets/build/frames/unit.SA.strike/shadow/fire/d00_f00.png'
03:05.583  render           | Saved: '/Users/mohammedkalouti/Documents/Codex/2026-09-27/i/work/art/aircraft-strike-final-production-v1/stage/assets/build/frames/unit.SA.strike/beauty/fire/d00_f01.png'
03:06.185  render           | Saved: '/Users/mohammedkalouti/Documents/Codex/2026-09-27/i/work/art/aircraft-strike-final-production-v1/stage/assets/build/frames/unit.SA.strike/team/fire/d00_f01.png'
03:07.222  render           | Saved: '/Users/mohammedkalouti/Documents/Codex/2026-09-27/i/work/art/aircraft-strike-final-production-v1/stage/assets/build/frames/unit.SA.strike/shadow/fire/d00_f01.png'
03:07.925  render           | Saved: '/Users/mohammedkalouti/Documents/Codex/2026-09-27/i/work/art/aircraft-strike-final-production-v1/stage/assets/build/frames/unit.SA.strike/beauty/fire/d01_f00.png'
03:08.491  render           | Saved: '/Users/mohammedkalouti/Documents/Codex/2026-09-27/i/work/art/aircraft-strike-final-production-v1/stage/assets/build/frames/unit.SA.strike/team/fire/d01_f00.png'
03:09.383  render           | Saved: '/Users/mohammedkalouti/Documents/Codex/2026-09-27/i/work/art/aircraft-strike-final-production-v1/stage/assets/build/frames/unit.SA.strike/shadow/fire/d01_f00.png'
03:09.975  render           | Saved: '/Users/mohammedkalouti/Documents/Codex/2026-09-27/i/work/art/aircraft-strike-final-production-v1/stage/assets/build/frames/unit.SA.strike/beauty/fire/d01_f01.png'
03:10.469  render           | Saved: '/Users/mohammedkalouti/Documents/Codex/2026-09-27/i/work/art/aircraft-strike-final-production-v1/stage/assets/build/frames/unit.SA.strike/team/fire/d01_f01.png'
03:11.295  render           | Saved: '/Users/mohammedkalouti/Documents/Codex/2026-09-27/i/work/art/aircraft-strike-final-production-v1/stage/assets/build/frames/unit.SA.strike/shadow/fire/d01_f01.png'
03:11.860  render           | Saved: '/Users/mohammedkalouti/Documents/Codex/2026-09-27/i/work/art/aircraft-strike-final-production-v1/stage/assets/build/frames/unit.SA.strike/beauty/fire/d02_f00.png'
03:12.370  render           | Saved: '/Users/mohammedkalouti/Documents/Codex/2026-09-27/i/work/art/aircraft-strike-final-production-v1/stage/assets/build/frames/unit.SA.strike/team/fire/d02_f00.png'
03:13.197  render           | Saved: '/Users/mohammedkalouti/Documents/Codex/2026-09-27/i/work/art/aircraft-strike-final-production-v1/stage/assets/build/frames/unit.SA.strike/shadow/fire/d02_f00.png'
03:13.770  render           | Saved: '/Users/mohammedkalouti/Documents/Codex/2026-09-27/i/work/art/aircraft-strike-final-production-v1/stage/assets/build/frames/unit.SA.strike/beauty/fire/d02_f01.png'
03:14.248  render           | Saved: '/Users/mohammedkalouti/Documents/Codex/2026-09-27/i/work/art/aircraft-strike-final-production-v1/stage/assets/build/frames/unit.SA.strike/team/fire/d02_f01.png'
03:15.058  render           | Saved: '/Users/mohammedkalouti/Documents/Codex/2026-09-27/i/work/art/aircraft-strike-final-production-v1/stage/assets/build/frames/unit.SA.strike/shadow/fire/d02_f01.png'
03:15.636  render           | Saved: '/Users/mohammedkalouti/Documents/Codex/2026-09-27/i/work/art/aircraft-strike-final-production-v1/stage/assets/build/frames/unit.SA.strike/beauty/fire/d03_f00.png'
03:16.105  render           | Saved: '/Users/mohammedkalouti/Documents/Codex/2026-09-27/i/work/art/aircraft-strike-final-production-v1/stage/assets/build/frames/unit.SA.strike/team/fire/d03_f00.png'
03:16.914  render           | Saved: '/Users/mohammedkalouti/Documents/Codex/2026-09-27/i/work/art/aircraft-strike-final-production-v1/stage/assets/build/frames/unit.SA.strike/shadow/fire/d03_f00.png'
03:17.470  render           | Saved: '/Users/mohammedkalouti/Documents/Codex/2026-09-27/i/work/art/aircraft-strike-final-production-v1/stage/assets/build/frames/unit.SA.strike/beauty/fire/d03_f01.png'
03:17.946  render           | Saved: '/Users/mohammedkalouti/Documents/Codex/2026-09-27/i/work/art/aircraft-strike-final-production-v1/stage/assets/build/frames/unit.SA.strike/team/fire/d03_f01.png'
03:18.747  render           | Saved: '/Users/mohammedkalouti/Documents/Codex/2026-09-27/i/work/art/aircraft-strike-final-production-v1/stage/assets/build/frames/unit.SA.strike/shadow/fire/d03_f01.png'
03:19.304  render           | Saved: '/Users/mohammedkalouti/Documents/Codex/2026-09-27/i/work/art/aircraft-strike-final-production-v1/stage/assets/build/frames/unit.SA.strike/beauty/fire/d04_f00.png'
03:19.816  render           | Saved: '/Users/mohammedkalouti/Documents/Codex/2026-09-27/i/work/art/aircraft-strike-final-production-v1/stage/assets/build/frames/unit.SA.strike/team/fire/d04_f00.png'
03:20.668  render           | Saved: '/Users/mohammedkalouti/Documents/Codex/2026-09-27/i/work/art/aircraft-strike-final-production-v1/stage/assets/build/frames/unit.SA.strike/shadow/fire/d04_f00.png'
03:21.243  render           | Saved: '/Users/mohammedkalouti/Documents/Codex/2026-09-27/i/work/art/aircraft-strike-final-production-v1/stage/assets/build/frames/unit.SA.strike/beauty/fire/d04_f01.png'
03:21.709  render           | Saved: '/Users/mohammedkalouti/Documents/Codex/2026-09-27/i/work/art/aircraft-strike-final-production-v1/stage/assets/build/frames/unit.SA.strike/team/fire/d04_f01.png'
03:22.527  render           | Saved: '/Users/mohammedkalouti/Documents/Codex/2026-09-27/i/work/art/aircraft-strike-final-production-v1/stage/assets/build/frames/unit.SA.strike/shadow/fire/d04_f01.png'
03:23.100  render           | Saved: '/Users/mohammedkalouti/Documents/Codex/2026-09-27/i/work/art/aircraft-strike-final-production-v1/stage/assets/build/frames/unit.SA.strike/beauty/fire/d05_f00.png'
03:23.578  render           | Saved: '/Users/mohammedkalouti/Documents/Codex/2026-09-27/i/work/art/aircraft-strike-final-production-v1/stage/assets/build/frames/unit.SA.strike/team/fire/d05_f00.png'
03:24.416  render           | Saved: '/Users/mohammedkalouti/Documents/Codex/2026-09-27/i/work/art/aircraft-strike-final-production-v1/stage/assets/build/frames/unit.SA.strike/shadow/fire/d05_f00.png'
03:25.029  render           | Saved: '/Users/mohammedkalouti/Documents/Codex/2026-09-27/i/work/art/aircraft-strike-final-production-v1/stage/assets/build/frames/unit.SA.strike/beauty/fire/d05_f01.png'
03:25.524  render           | Saved: '/Users/mohammedkalouti/Documents/Codex/2026-09-27/i/work/art/aircraft-strike-final-production-v1/stage/assets/build/frames/unit.SA.strike/team/fire/d05_f01.png'
03:26.333  render           | Saved: '/Users/mohammedkalouti/Documents/Codex/2026-09-27/i/work/art/aircraft-strike-final-production-v1/stage/assets/build/frames/unit.SA.strike/shadow/fire/d05_f01.png'
03:26.880  render           | Saved: '/Users/mohammedkalouti/Documents/Codex/2026-09-27/i/work/art/aircraft-strike-final-production-v1/stage/assets/build/frames/unit.SA.strike/beauty/fire/d06_f00.png'
03:27.372  render           | Saved: '/Users/mohammedkalouti/Documents/Codex/2026-09-27/i/work/art/aircraft-strike-final-production-v1/stage/assets/build/frames/unit.SA.strike/team/fire/d06_f00.png'
03:28.176  render           | Saved: '/Users/mohammedkalouti/Documents/Codex/2026-09-27/i/work/art/aircraft-strike-final-production-v1/stage/assets/build/frames/unit.SA.strike/shadow/fire/d06_f00.png'
03:28.748  render           | Saved: '/Users/mohammedkalouti/Documents/Codex/2026-09-27/i/work/art/aircraft-strike-final-production-v1/stage/assets/build/frames/unit.SA.strike/beauty/fire/d06_f01.png'
03:29.245  render           | Saved: '/Users/mohammedkalouti/Documents/Codex/2026-09-27/i/work/art/aircraft-strike-final-production-v1/stage/assets/build/frames/unit.SA.strike/team/fire/d06_f01.png'
03:30.066  render           | Saved: '/Users/mohammedkalouti/Documents/Codex/2026-09-27/i/work/art/aircraft-strike-final-production-v1/stage/assets/build/frames/unit.SA.strike/shadow/fire/d06_f01.png'
03:30.625  render           | Saved: '/Users/mohammedkalouti/Documents/Codex/2026-09-27/i/work/art/aircraft-strike-final-production-v1/stage/assets/build/frames/unit.SA.strike/beauty/fire/d07_f00.png'
03:31.116  render           | Saved: '/Users/mohammedkalouti/Documents/Codex/2026-09-27/i/work/art/aircraft-strike-final-production-v1/stage/assets/build/frames/unit.SA.strike/team/fire/d07_f00.png'
03:31.920  render           | Saved: '/Users/mohammedkalouti/Documents/Codex/2026-09-27/i/work/art/aircraft-strike-final-production-v1/stage/assets/build/frames/unit.SA.strike/shadow/fire/d07_f00.png'
03:32.502  render           | Saved: '/Users/mohammedkalouti/Documents/Codex/2026-09-27/i/work/art/aircraft-strike-final-production-v1/stage/assets/build/frames/unit.SA.strike/beauty/fire/d07_f01.png'
03:32.974  render           | Saved: '/Users/mohammedkalouti/Documents/Codex/2026-09-27/i/work/art/aircraft-strike-final-production-v1/stage/assets/build/frames/unit.SA.strike/team/fire/d07_f01.png'
03:33.828  render           | Saved: '/Users/mohammedkalouti/Documents/Codex/2026-09-27/i/work/art/aircraft-strike-final-production-v1/stage/assets/build/frames/unit.SA.strike/shadow/fire/d07_f01.png'
03:34.407  render           | Saved: '/Users/mohammedkalouti/Documents/Codex/2026-09-27/i/work/art/aircraft-strike-final-production-v1/stage/assets/build/frames/unit.SA.strike/beauty/fire/d08_f00.png'
03:34.910  render           | Saved: '/Users/mohammedkalouti/Documents/Codex/2026-09-27/i/work/art/aircraft-strike-final-production-v1/stage/assets/build/frames/unit.SA.strike/team/fire/d08_f00.png'
03:35.717  render           | Saved: '/Users/mohammedkalouti/Documents/Codex/2026-09-27/i/work/art/aircraft-strike-final-production-v1/stage/assets/build/frames/unit.SA.strike/shadow/fire/d08_f00.png'
03:36.300  render           | Saved: '/Users/mohammedkalouti/Documents/Codex/2026-09-27/i/work/art/aircraft-strike-final-production-v1/stage/assets/build/frames/unit.SA.strike/beauty/fire/d08_f01.png'
03:36.779  render           | Saved: '/Users/mohammedkalouti/Documents/Codex/2026-09-27/i/work/art/aircraft-strike-final-production-v1/stage/assets/build/frames/unit.SA.strike/team/fire/d08_f01.png'
03:37.577  render           | Saved: '/Users/mohammedkalouti/Documents/Codex/2026-09-27/i/work/art/aircraft-strike-final-production-v1/stage/assets/build/frames/unit.SA.strike/shadow/fire/d08_f01.png'
03:38.147  render           | Saved: '/Users/mohammedkalouti/Documents/Codex/2026-09-27/i/work/art/aircraft-strike-final-production-v1/stage/assets/build/frames/unit.SA.strike/beauty/fire/d09_f00.png'
03:38.640  render           | Saved: '/Users/mohammedkalouti/Documents/Codex/2026-09-27/i/work/art/aircraft-strike-final-production-v1/stage/assets/build/frames/unit.SA.strike/team/fire/d09_f00.png'
03:39.445  render           | Saved: '/Users/mohammedkalouti/Documents/Codex/2026-09-27/i/work/art/aircraft-strike-final-production-v1/stage/assets/build/frames/unit.SA.strike/shadow/fire/d09_f00.png'
03:40.009  render           | Saved: '/Users/mohammedkalouti/Documents/Codex/2026-09-27/i/work/art/aircraft-strike-final-production-v1/stage/assets/build/frames/unit.SA.strike/beauty/fire/d09_f01.png'
03:40.480  render           | Saved: '/Users/mohammedkalouti/Documents/Codex/2026-09-27/i/work/art/aircraft-strike-final-production-v1/stage/assets/build/frames/unit.SA.strike/team/fire/d09_f01.png'
03:41.297  render           | Saved: '/Users/mohammedkalouti/Documents/Codex/2026-09-27/i/work/art/aircraft-strike-final-production-v1/stage/assets/build/frames/unit.SA.strike/shadow/fire/d09_f01.png'
03:41.861  render           | Saved: '/Users/mohammedkalouti/Documents/Codex/2026-09-27/i/work/art/aircraft-strike-final-production-v1/stage/assets/build/frames/unit.SA.strike/beauty/fire/d10_f00.png'
03:42.331  render           | Saved: '/Users/mohammedkalouti/Documents/Codex/2026-09-27/i/work/art/aircraft-strike-final-production-v1/stage/assets/build/frames/unit.SA.strike/team/fire/d10_f00.png'
03:43.140  render           | Saved: '/Users/mohammedkalouti/Documents/Codex/2026-09-27/i/work/art/aircraft-strike-final-production-v1/stage/assets/build/frames/unit.SA.strike/shadow/fire/d10_f00.png'
03:43.695  render           | Saved: '/Users/mohammedkalouti/Documents/Codex/2026-09-27/i/work/art/aircraft-strike-final-production-v1/stage/assets/build/frames/unit.SA.strike/beauty/fire/d10_f01.png'
03:44.186  render           | Saved: '/Users/mohammedkalouti/Documents/Codex/2026-09-27/i/work/art/aircraft-strike-final-production-v1/stage/assets/build/frames/unit.SA.strike/team/fire/d10_f01.png'
03:44.980  render           | Saved: '/Users/mohammedkalouti/Documents/Codex/2026-09-27/i/work/art/aircraft-strike-final-production-v1/stage/assets/build/frames/unit.SA.strike/shadow/fire/d10_f01.png'
03:45.543  render           | Saved: '/Users/mohammedkalouti/Documents/Codex/2026-09-27/i/work/art/aircraft-strike-final-production-v1/stage/assets/build/frames/unit.SA.strike/beauty/fire/d11_f00.png'
03:46.045  render           | Saved: '/Users/mohammedkalouti/Documents/Codex/2026-09-27/i/work/art/aircraft-strike-final-production-v1/stage/assets/build/frames/unit.SA.strike/team/fire/d11_f00.png'
03:46.917  render           | Saved: '/Users/mohammedkalouti/Documents/Codex/2026-09-27/i/work/art/aircraft-strike-final-production-v1/stage/assets/build/frames/unit.SA.strike/shadow/fire/d11_f00.png'
03:47.538  render           | Saved: '/Users/mohammedkalouti/Documents/Codex/2026-09-27/i/work/art/aircraft-strike-final-production-v1/stage/assets/build/frames/unit.SA.strike/beauty/fire/d11_f01.png'
03:48.010  render           | Saved: '/Users/mohammedkalouti/Documents/Codex/2026-09-27/i/work/art/aircraft-strike-final-production-v1/stage/assets/build/frames/unit.SA.strike/team/fire/d11_f01.png'
03:48.829  render           | Saved: '/Users/mohammedkalouti/Documents/Codex/2026-09-27/i/work/art/aircraft-strike-final-production-v1/stage/assets/build/frames/unit.SA.strike/shadow/fire/d11_f01.png'
03:49.388  render           | Saved: '/Users/mohammedkalouti/Documents/Codex/2026-09-27/i/work/art/aircraft-strike-final-production-v1/stage/assets/build/frames/unit.SA.strike/beauty/fire/d12_f00.png'
03:49.866  render           | Saved: '/Users/mohammedkalouti/Documents/Codex/2026-09-27/i/work/art/aircraft-strike-final-production-v1/stage/assets/build/frames/unit.SA.strike/team/fire/d12_f00.png'
03:50.661  render           | Saved: '/Users/mohammedkalouti/Documents/Codex/2026-09-27/i/work/art/aircraft-strike-final-production-v1/stage/assets/build/frames/unit.SA.strike/shadow/fire/d12_f00.png'
03:51.208  render           | Saved: '/Users/mohammedkalouti/Documents/Codex/2026-09-27/i/work/art/aircraft-strike-final-production-v1/stage/assets/build/frames/unit.SA.strike/beauty/fire/d12_f01.png'
03:51.682  render           | Saved: '/Users/mohammedkalouti/Documents/Codex/2026-09-27/i/work/art/aircraft-strike-final-production-v1/stage/assets/build/frames/unit.SA.strike/team/fire/d12_f01.png'
03:52.491  render           | Saved: '/Users/mohammedkalouti/Documents/Codex/2026-09-27/i/work/art/aircraft-strike-final-production-v1/stage/assets/build/frames/unit.SA.strike/shadow/fire/d12_f01.png'
03:53.048  render           | Saved: '/Users/mohammedkalouti/Documents/Codex/2026-09-27/i/work/art/aircraft-strike-final-production-v1/stage/assets/build/frames/unit.SA.strike/beauty/fire/d13_f00.png'
03:53.518  render           | Saved: '/Users/mohammedkalouti/Documents/Codex/2026-09-27/i/work/art/aircraft-strike-final-production-v1/stage/assets/build/frames/unit.SA.strike/team/fire/d13_f00.png'
03:54.320  render           | Saved: '/Users/mohammedkalouti/Documents/Codex/2026-09-27/i/work/art/aircraft-strike-final-production-v1/stage/assets/build/frames/unit.SA.strike/shadow/fire/d13_f00.png'
03:54.888  render           | Saved: '/Users/mohammedkalouti/Documents/Codex/2026-09-27/i/work/art/aircraft-strike-final-production-v1/stage/assets/build/frames/unit.SA.strike/beauty/fire/d13_f01.png'
03:55.367  render           | Saved: '/Users/mohammedkalouti/Documents/Codex/2026-09-27/i/work/art/aircraft-strike-final-production-v1/stage/assets/build/frames/unit.SA.strike/team/fire/d13_f01.png'
03:56.166  render           | Saved: '/Users/mohammedkalouti/Documents/Codex/2026-09-27/i/work/art/aircraft-strike-final-production-v1/stage/assets/build/frames/unit.SA.strike/shadow/fire/d13_f01.png'
03:56.724  render           | Saved: '/Users/mohammedkalouti/Documents/Codex/2026-09-27/i/work/art/aircraft-strike-final-production-v1/stage/assets/build/frames/unit.SA.strike/beauty/fire/d14_f00.png'
03:57.232  render           | Saved: '/Users/mohammedkalouti/Documents/Codex/2026-09-27/i/work/art/aircraft-strike-final-production-v1/stage/assets/build/frames/unit.SA.strike/team/fire/d14_f00.png'
03:58.023  render           | Saved: '/Users/mohammedkalouti/Documents/Codex/2026-09-27/i/work/art/aircraft-strike-final-production-v1/stage/assets/build/frames/unit.SA.strike/shadow/fire/d14_f00.png'
03:58.582  render           | Saved: '/Users/mohammedkalouti/Documents/Codex/2026-09-27/i/work/art/aircraft-strike-final-production-v1/stage/assets/build/frames/unit.SA.strike/beauty/fire/d14_f01.png'
03:59.065  render           | Saved: '/Users/mohammedkalouti/Documents/Codex/2026-09-27/i/work/art/aircraft-strike-final-production-v1/stage/assets/build/frames/unit.SA.strike/team/fire/d14_f01.png'
03:59.858  render           | Saved: '/Users/mohammedkalouti/Documents/Codex/2026-09-27/i/work/art/aircraft-strike-final-production-v1/stage/assets/build/frames/unit.SA.strike/shadow/fire/d14_f01.png'
04:00.422  render           | Saved: '/Users/mohammedkalouti/Documents/Codex/2026-09-27/i/work/art/aircraft-strike-final-production-v1/stage/assets/build/frames/unit.SA.strike/beauty/fire/d15_f00.png'
04:00.894  render           | Saved: '/Users/mohammedkalouti/Documents/Codex/2026-09-27/i/work/art/aircraft-strike-final-production-v1/stage/assets/build/frames/unit.SA.strike/team/fire/d15_f00.png'
04:01.706  render           | Saved: '/Users/mohammedkalouti/Documents/Codex/2026-09-27/i/work/art/aircraft-strike-final-production-v1/stage/assets/build/frames/unit.SA.strike/shadow/fire/d15_f00.png'
04:02.264  render           | Saved: '/Users/mohammedkalouti/Documents/Codex/2026-09-27/i/work/art/aircraft-strike-final-production-v1/stage/assets/build/frames/unit.SA.strike/beauty/fire/d15_f01.png'
04:02.759  render           | Saved: '/Users/mohammedkalouti/Documents/Codex/2026-09-27/i/work/art/aircraft-strike-final-production-v1/stage/assets/build/frames/unit.SA.strike/team/fire/d15_f01.png'
04:03.558  render           | Saved: '/Users/mohammedkalouti/Documents/Codex/2026-09-27/i/work/art/aircraft-strike-final-production-v1/stage/assets/build/frames/unit.SA.strike/shadow/fire/d15_f01.png'
04:04.123  render           | Saved: '/Users/mohammedkalouti/Documents/Codex/2026-09-27/i/work/art/aircraft-strike-final-production-v1/stage/assets/build/frames/unit.SA.strike/beauty/empty/d00_f00.png'
04:04.590  render           | Saved: '/Users/mohammedkalouti/Documents/Codex/2026-09-27/i/work/art/aircraft-strike-final-production-v1/stage/assets/build/frames/unit.SA.strike/team/empty/d00_f00.png'
04:05.408  render           | Saved: '/Users/mohammedkalouti/Documents/Codex/2026-09-27/i/work/art/aircraft-strike-final-production-v1/stage/assets/build/frames/unit.SA.strike/shadow/empty/d00_f00.png'
04:05.971  render           | Saved: '/Users/mohammedkalouti/Documents/Codex/2026-09-27/i/work/art/aircraft-strike-final-production-v1/stage/assets/build/frames/unit.SA.strike/beauty/empty/d00_f01.png'
04:06.488  render           | Saved: '/Users/mohammedkalouti/Documents/Codex/2026-09-27/i/work/art/aircraft-strike-final-production-v1/stage/assets/build/frames/unit.SA.strike/team/empty/d00_f01.png'
04:07.301  render           | Saved: '/Users/mohammedkalouti/Documents/Codex/2026-09-27/i/work/art/aircraft-strike-final-production-v1/stage/assets/build/frames/unit.SA.strike/shadow/empty/d00_f01.png'
04:07.865  render           | Saved: '/Users/mohammedkalouti/Documents/Codex/2026-09-27/i/work/art/aircraft-strike-final-production-v1/stage/assets/build/frames/unit.SA.strike/beauty/empty/d01_f00.png'
04:08.352  render           | Saved: '/Users/mohammedkalouti/Documents/Codex/2026-09-27/i/work/art/aircraft-strike-final-production-v1/stage/assets/build/frames/unit.SA.strike/team/empty/d01_f00.png'
04:09.153  render           | Saved: '/Users/mohammedkalouti/Documents/Codex/2026-09-27/i/work/art/aircraft-strike-final-production-v1/stage/assets/build/frames/unit.SA.strike/shadow/empty/d01_f00.png'
04:09.721  render           | Saved: '/Users/mohammedkalouti/Documents/Codex/2026-09-27/i/work/art/aircraft-strike-final-production-v1/stage/assets/build/frames/unit.SA.strike/beauty/empty/d01_f01.png'
04:10.303  render           | Saved: '/Users/mohammedkalouti/Documents/Codex/2026-09-27/i/work/art/aircraft-strike-final-production-v1/stage/assets/build/frames/unit.SA.strike/team/empty/d01_f01.png'
04:11.143  render           | Saved: '/Users/mohammedkalouti/Documents/Codex/2026-09-27/i/work/art/aircraft-strike-final-production-v1/stage/assets/build/frames/unit.SA.strike/shadow/empty/d01_f01.png'
04:11.679  render           | Saved: '/Users/mohammedkalouti/Documents/Codex/2026-09-27/i/work/art/aircraft-strike-final-production-v1/stage/assets/build/frames/unit.SA.strike/beauty/empty/d02_f00.png'
04:12.153  render           | Saved: '/Users/mohammedkalouti/Documents/Codex/2026-09-27/i/work/art/aircraft-strike-final-production-v1/stage/assets/build/frames/unit.SA.strike/team/empty/d02_f00.png'
04:12.969  render           | Saved: '/Users/mohammedkalouti/Documents/Codex/2026-09-27/i/work/art/aircraft-strike-final-production-v1/stage/assets/build/frames/unit.SA.strike/shadow/empty/d02_f00.png'
04:13.510  render           | Saved: '/Users/mohammedkalouti/Documents/Codex/2026-09-27/i/work/art/aircraft-strike-final-production-v1/stage/assets/build/frames/unit.SA.strike/beauty/empty/d02_f01.png'
04:13.982  render           | Saved: '/Users/mohammedkalouti/Documents/Codex/2026-09-27/i/work/art/aircraft-strike-final-production-v1/stage/assets/build/frames/unit.SA.strike/team/empty/d02_f01.png'
04:14.775  render           | Saved: '/Users/mohammedkalouti/Documents/Codex/2026-09-27/i/work/art/aircraft-strike-final-production-v1/stage/assets/build/frames/unit.SA.strike/shadow/empty/d02_f01.png'
04:15.355  render           | Saved: '/Users/mohammedkalouti/Documents/Codex/2026-09-27/i/work/art/aircraft-strike-final-production-v1/stage/assets/build/frames/unit.SA.strike/beauty/empty/d03_f00.png'
04:15.869  render           | Saved: '/Users/mohammedkalouti/Documents/Codex/2026-09-27/i/work/art/aircraft-strike-final-production-v1/stage/assets/build/frames/unit.SA.strike/team/empty/d03_f00.png'
04:16.720  render           | Saved: '/Users/mohammedkalouti/Documents/Codex/2026-09-27/i/work/art/aircraft-strike-final-production-v1/stage/assets/build/frames/unit.SA.strike/shadow/empty/d03_f00.png'
04:17.261  render           | Saved: '/Users/mohammedkalouti/Documents/Codex/2026-09-27/i/work/art/aircraft-strike-final-production-v1/stage/assets/build/frames/unit.SA.strike/beauty/empty/d03_f01.png'
04:17.749  render           | Saved: '/Users/mohammedkalouti/Documents/Codex/2026-09-27/i/work/art/aircraft-strike-final-production-v1/stage/assets/build/frames/unit.SA.strike/team/empty/d03_f01.png'
04:18.567  render           | Saved: '/Users/mohammedkalouti/Documents/Codex/2026-09-27/i/work/art/aircraft-strike-final-production-v1/stage/assets/build/frames/unit.SA.strike/shadow/empty/d03_f01.png'
04:19.134  render           | Saved: '/Users/mohammedkalouti/Documents/Codex/2026-09-27/i/work/art/aircraft-strike-final-production-v1/stage/assets/build/frames/unit.SA.strike/beauty/empty/d04_f00.png'
04:19.646  render           | Saved: '/Users/mohammedkalouti/Documents/Codex/2026-09-27/i/work/art/aircraft-strike-final-production-v1/stage/assets/build/frames/unit.SA.strike/team/empty/d04_f00.png'
04:20.444  render           | Saved: '/Users/mohammedkalouti/Documents/Codex/2026-09-27/i/work/art/aircraft-strike-final-production-v1/stage/assets/build/frames/unit.SA.strike/shadow/empty/d04_f00.png'
04:21.011  render           | Saved: '/Users/mohammedkalouti/Documents/Codex/2026-09-27/i/work/art/aircraft-strike-final-production-v1/stage/assets/build/frames/unit.SA.strike/beauty/empty/d04_f01.png'
04:21.477  render           | Saved: '/Users/mohammedkalouti/Documents/Codex/2026-09-27/i/work/art/aircraft-strike-final-production-v1/stage/assets/build/frames/unit.SA.strike/team/empty/d04_f01.png'
04:22.280  render           | Saved: '/Users/mohammedkalouti/Documents/Codex/2026-09-27/i/work/art/aircraft-strike-final-production-v1/stage/assets/build/frames/unit.SA.strike/shadow/empty/d04_f01.png'
04:22.856  render           | Saved: '/Users/mohammedkalouti/Documents/Codex/2026-09-27/i/work/art/aircraft-strike-final-production-v1/stage/assets/build/frames/unit.SA.strike/beauty/empty/d05_f00.png'
04:23.383  render           | Saved: '/Users/mohammedkalouti/Documents/Codex/2026-09-27/i/work/art/aircraft-strike-final-production-v1/stage/assets/build/frames/unit.SA.strike/team/empty/d05_f00.png'
04:24.200  render           | Saved: '/Users/mohammedkalouti/Documents/Codex/2026-09-27/i/work/art/aircraft-strike-final-production-v1/stage/assets/build/frames/unit.SA.strike/shadow/empty/d05_f00.png'
04:24.750  render           | Saved: '/Users/mohammedkalouti/Documents/Codex/2026-09-27/i/work/art/aircraft-strike-final-production-v1/stage/assets/build/frames/unit.SA.strike/beauty/empty/d05_f01.png'
04:25.234  render           | Saved: '/Users/mohammedkalouti/Documents/Codex/2026-09-27/i/work/art/aircraft-strike-final-production-v1/stage/assets/build/frames/unit.SA.strike/team/empty/d05_f01.png'
04:26.051  render           | Saved: '/Users/mohammedkalouti/Documents/Codex/2026-09-27/i/work/art/aircraft-strike-final-production-v1/stage/assets/build/frames/unit.SA.strike/shadow/empty/d05_f01.png'
04:26.763  render           | Saved: '/Users/mohammedkalouti/Documents/Codex/2026-09-27/i/work/art/aircraft-strike-final-production-v1/stage/assets/build/frames/unit.SA.strike/beauty/empty/d06_f00.png'
04:27.439  render           | Saved: '/Users/mohammedkalouti/Documents/Codex/2026-09-27/i/work/art/aircraft-strike-final-production-v1/stage/assets/build/frames/unit.SA.strike/team/empty/d06_f00.png'
04:28.828  render           | Saved: '/Users/mohammedkalouti/Documents/Codex/2026-09-27/i/work/art/aircraft-strike-final-production-v1/stage/assets/build/frames/unit.SA.strike/shadow/empty/d06_f00.png'
04:29.524  render           | Saved: '/Users/mohammedkalouti/Documents/Codex/2026-09-27/i/work/art/aircraft-strike-final-production-v1/stage/assets/build/frames/unit.SA.strike/beauty/empty/d06_f01.png'
04:30.136  render           | Saved: '/Users/mohammedkalouti/Documents/Codex/2026-09-27/i/work/art/aircraft-strike-final-production-v1/stage/assets/build/frames/unit.SA.strike/team/empty/d06_f01.png'
04:31.302  render           | Saved: '/Users/mohammedkalouti/Documents/Codex/2026-09-27/i/work/art/aircraft-strike-final-production-v1/stage/assets/build/frames/unit.SA.strike/shadow/empty/d06_f01.png'
04:32.077  render           | Saved: '/Users/mohammedkalouti/Documents/Codex/2026-09-27/i/work/art/aircraft-strike-final-production-v1/stage/assets/build/frames/unit.SA.strike/beauty/empty/d07_f00.png'
04:32.643  render           | Saved: '/Users/mohammedkalouti/Documents/Codex/2026-09-27/i/work/art/aircraft-strike-final-production-v1/stage/assets/build/frames/unit.SA.strike/team/empty/d07_f00.png'
04:33.534  render           | Saved: '/Users/mohammedkalouti/Documents/Codex/2026-09-27/i/work/art/aircraft-strike-final-production-v1/stage/assets/build/frames/unit.SA.strike/shadow/empty/d07_f00.png'
04:34.234  render           | Saved: '/Users/mohammedkalouti/Documents/Codex/2026-09-27/i/work/art/aircraft-strike-final-production-v1/stage/assets/build/frames/unit.SA.strike/beauty/empty/d07_f01.png'
04:34.808  render           | Saved: '/Users/mohammedkalouti/Documents/Codex/2026-09-27/i/work/art/aircraft-strike-final-production-v1/stage/assets/build/frames/unit.SA.strike/team/empty/d07_f01.png'
04:35.702  render           | Saved: '/Users/mohammedkalouti/Documents/Codex/2026-09-27/i/work/art/aircraft-strike-final-production-v1/stage/assets/build/frames/unit.SA.strike/shadow/empty/d07_f01.png'
04:36.316  render           | Saved: '/Users/mohammedkalouti/Documents/Codex/2026-09-27/i/work/art/aircraft-strike-final-production-v1/stage/assets/build/frames/unit.SA.strike/beauty/empty/d08_f00.png'
04:36.866  render           | Saved: '/Users/mohammedkalouti/Documents/Codex/2026-09-27/i/work/art/aircraft-strike-final-production-v1/stage/assets/build/frames/unit.SA.strike/team/empty/d08_f00.png'
04:37.794  render           | Saved: '/Users/mohammedkalouti/Documents/Codex/2026-09-27/i/work/art/aircraft-strike-final-production-v1/stage/assets/build/frames/unit.SA.strike/shadow/empty/d08_f00.png'
04:38.429  render           | Saved: '/Users/mohammedkalouti/Documents/Codex/2026-09-27/i/work/art/aircraft-strike-final-production-v1/stage/assets/build/frames/unit.SA.strike/beauty/empty/d08_f01.png'
04:38.988  render           | Saved: '/Users/mohammedkalouti/Documents/Codex/2026-09-27/i/work/art/aircraft-strike-final-production-v1/stage/assets/build/frames/unit.SA.strike/team/empty/d08_f01.png'
04:39.963  render           | Saved: '/Users/mohammedkalouti/Documents/Codex/2026-09-27/i/work/art/aircraft-strike-final-production-v1/stage/assets/build/frames/unit.SA.strike/shadow/empty/d08_f01.png'
04:40.611  render           | Saved: '/Users/mohammedkalouti/Documents/Codex/2026-09-27/i/work/art/aircraft-strike-final-production-v1/stage/assets/build/frames/unit.SA.strike/beauty/empty/d09_f00.png'
04:41.118  render           | Saved: '/Users/mohammedkalouti/Documents/Codex/2026-09-27/i/work/art/aircraft-strike-final-production-v1/stage/assets/build/frames/unit.SA.strike/team/empty/d09_f00.png'
04:42.031  render           | Saved: '/Users/mohammedkalouti/Documents/Codex/2026-09-27/i/work/art/aircraft-strike-final-production-v1/stage/assets/build/frames/unit.SA.strike/shadow/empty/d09_f00.png'
04:42.669  render           | Saved: '/Users/mohammedkalouti/Documents/Codex/2026-09-27/i/work/art/aircraft-strike-final-production-v1/stage/assets/build/frames/unit.SA.strike/beauty/empty/d09_f01.png'
04:43.201  render           | Saved: '/Users/mohammedkalouti/Documents/Codex/2026-09-27/i/work/art/aircraft-strike-final-production-v1/stage/assets/build/frames/unit.SA.strike/team/empty/d09_f01.png'
04:44.140  render           | Saved: '/Users/mohammedkalouti/Documents/Codex/2026-09-27/i/work/art/aircraft-strike-final-production-v1/stage/assets/build/frames/unit.SA.strike/shadow/empty/d09_f01.png'
04:44.782  render           | Saved: '/Users/mohammedkalouti/Documents/Codex/2026-09-27/i/work/art/aircraft-strike-final-production-v1/stage/assets/build/frames/unit.SA.strike/beauty/empty/d10_f00.png'
04:45.283  render           | Saved: '/Users/mohammedkalouti/Documents/Codex/2026-09-27/i/work/art/aircraft-strike-final-production-v1/stage/assets/build/frames/unit.SA.strike/team/empty/d10_f00.png'
04:46.108  render           | Saved: '/Users/mohammedkalouti/Documents/Codex/2026-09-27/i/work/art/aircraft-strike-final-production-v1/stage/assets/build/frames/unit.SA.strike/shadow/empty/d10_f00.png'
04:46.689  render           | Saved: '/Users/mohammedkalouti/Documents/Codex/2026-09-27/i/work/art/aircraft-strike-final-production-v1/stage/assets/build/frames/unit.SA.strike/beauty/empty/d10_f01.png'
04:47.168  render           | Saved: '/Users/mohammedkalouti/Documents/Codex/2026-09-27/i/work/art/aircraft-strike-final-production-v1/stage/assets/build/frames/unit.SA.strike/team/empty/d10_f01.png'
04:47.968  render           | Saved: '/Users/mohammedkalouti/Documents/Codex/2026-09-27/i/work/art/aircraft-strike-final-production-v1/stage/assets/build/frames/unit.SA.strike/shadow/empty/d10_f01.png'
04:48.543  render           | Saved: '/Users/mohammedkalouti/Documents/Codex/2026-09-27/i/work/art/aircraft-strike-final-production-v1/stage/assets/build/frames/unit.SA.strike/beauty/empty/d11_f00.png'
04:49.016  render           | Saved: '/Users/mohammedkalouti/Documents/Codex/2026-09-27/i/work/art/aircraft-strike-final-production-v1/stage/assets/build/frames/unit.SA.strike/team/empty/d11_f00.png'
04:49.849  render           | Saved: '/Users/mohammedkalouti/Documents/Codex/2026-09-27/i/work/art/aircraft-strike-final-production-v1/stage/assets/build/frames/unit.SA.strike/shadow/empty/d11_f00.png'
04:50.416  render           | Saved: '/Users/mohammedkalouti/Documents/Codex/2026-09-27/i/work/art/aircraft-strike-final-production-v1/stage/assets/build/frames/unit.SA.strike/beauty/empty/d11_f01.png'
04:50.893  render           | Saved: '/Users/mohammedkalouti/Documents/Codex/2026-09-27/i/work/art/aircraft-strike-final-production-v1/stage/assets/build/frames/unit.SA.strike/team/empty/d11_f01.png'
04:51.712  render           | Saved: '/Users/mohammedkalouti/Documents/Codex/2026-09-27/i/work/art/aircraft-strike-final-production-v1/stage/assets/build/frames/unit.SA.strike/shadow/empty/d11_f01.png'
04:52.291  render           | Saved: '/Users/mohammedkalouti/Documents/Codex/2026-09-27/i/work/art/aircraft-strike-final-production-v1/stage/assets/build/frames/unit.SA.strike/beauty/empty/d12_f00.png'
04:52.788  render           | Saved: '/Users/mohammedkalouti/Documents/Codex/2026-09-27/i/work/art/aircraft-strike-final-production-v1/stage/assets/build/frames/unit.SA.strike/team/empty/d12_f00.png'
04:53.581  render           | Saved: '/Users/mohammedkalouti/Documents/Codex/2026-09-27/i/work/art/aircraft-strike-final-production-v1/stage/assets/build/frames/unit.SA.strike/shadow/empty/d12_f00.png'
04:54.137  render           | Saved: '/Users/mohammedkalouti/Documents/Codex/2026-09-27/i/work/art/aircraft-strike-final-production-v1/stage/assets/build/frames/unit.SA.strike/beauty/empty/d12_f01.png'
04:54.614  render           | Saved: '/Users/mohammedkalouti/Documents/Codex/2026-09-27/i/work/art/aircraft-strike-final-production-v1/stage/assets/build/frames/unit.SA.strike/team/empty/d12_f01.png'
04:55.411  render           | Saved: '/Users/mohammedkalouti/Documents/Codex/2026-09-27/i/work/art/aircraft-strike-final-production-v1/stage/assets/build/frames/unit.SA.strike/shadow/empty/d12_f01.png'
04:55.985  render           | Saved: '/Users/mohammedkalouti/Documents/Codex/2026-09-27/i/work/art/aircraft-strike-final-production-v1/stage/assets/build/frames/unit.SA.strike/beauty/empty/d13_f00.png'
04:56.447  render           | Saved: '/Users/mohammedkalouti/Documents/Codex/2026-09-27/i/work/art/aircraft-strike-final-production-v1/stage/assets/build/frames/unit.SA.strike/team/empty/d13_f00.png'
04:57.256  render           | Saved: '/Users/mohammedkalouti/Documents/Codex/2026-09-27/i/work/art/aircraft-strike-final-production-v1/stage/assets/build/frames/unit.SA.strike/shadow/empty/d13_f00.png'
04:57.822  render           | Saved: '/Users/mohammedkalouti/Documents/Codex/2026-09-27/i/work/art/aircraft-strike-final-production-v1/stage/assets/build/frames/unit.SA.strike/beauty/empty/d13_f01.png'
04:58.304  render           | Saved: '/Users/mohammedkalouti/Documents/Codex/2026-09-27/i/work/art/aircraft-strike-final-production-v1/stage/assets/build/frames/unit.SA.strike/team/empty/d13_f01.png'
04:59.126  render           | Saved: '/Users/mohammedkalouti/Documents/Codex/2026-09-27/i/work/art/aircraft-strike-final-production-v1/stage/assets/build/frames/unit.SA.strike/shadow/empty/d13_f01.png'
04:59.723  render           | Saved: '/Users/mohammedkalouti/Documents/Codex/2026-09-27/i/work/art/aircraft-strike-final-production-v1/stage/assets/build/frames/unit.SA.strike/beauty/empty/d14_f00.png'
05:00.249  render           | Saved: '/Users/mohammedkalouti/Documents/Codex/2026-09-27/i/work/art/aircraft-strike-final-production-v1/stage/assets/build/frames/unit.SA.strike/team/empty/d14_f00.png'
05:01.057  render           | Saved: '/Users/mohammedkalouti/Documents/Codex/2026-09-27/i/work/art/aircraft-strike-final-production-v1/stage/assets/build/frames/unit.SA.strike/shadow/empty/d14_f00.png'
05:01.601  render           | Saved: '/Users/mohammedkalouti/Documents/Codex/2026-09-27/i/work/art/aircraft-strike-final-production-v1/stage/assets/build/frames/unit.SA.strike/beauty/empty/d14_f01.png'
05:02.074  render           | Saved: '/Users/mohammedkalouti/Documents/Codex/2026-09-27/i/work/art/aircraft-strike-final-production-v1/stage/assets/build/frames/unit.SA.strike/team/empty/d14_f01.png'
05:02.965  render           | Saved: '/Users/mohammedkalouti/Documents/Codex/2026-09-27/i/work/art/aircraft-strike-final-production-v1/stage/assets/build/frames/unit.SA.strike/shadow/empty/d14_f01.png'
05:03.605  render           | Saved: '/Users/mohammedkalouti/Documents/Codex/2026-09-27/i/work/art/aircraft-strike-final-production-v1/stage/assets/build/frames/unit.SA.strike/beauty/empty/d15_f00.png'
05:04.130  render           | Saved: '/Users/mohammedkalouti/Documents/Codex/2026-09-27/i/work/art/aircraft-strike-final-production-v1/stage/assets/build/frames/unit.SA.strike/team/empty/d15_f00.png'
05:04.945  render           | Saved: '/Users/mohammedkalouti/Documents/Codex/2026-09-27/i/work/art/aircraft-strike-final-production-v1/stage/assets/build/frames/unit.SA.strike/shadow/empty/d15_f00.png'
05:05.515  render           | Saved: '/Users/mohammedkalouti/Documents/Codex/2026-09-27/i/work/art/aircraft-strike-final-production-v1/stage/assets/build/frames/unit.SA.strike/beauty/empty/d15_f01.png'
05:05.996  render           | Saved: '/Users/mohammedkalouti/Documents/Codex/2026-09-27/i/work/art/aircraft-strike-final-production-v1/stage/assets/build/frames/unit.SA.strike/team/empty/d15_f01.png'
05:06.808  render           | Saved: '/Users/mohammedkalouti/Documents/Codex/2026-09-27/i/work/art/aircraft-strike-final-production-v1/stage/assets/build/frames/unit.SA.strike/shadow/empty/d15_f01.png'
05:07.395  render           | Saved: '/Users/mohammedkalouti/Documents/Codex/2026-09-27/i/work/art/aircraft-strike-final-production-v1/stage/assets/build/frames/unit.SA.strike/beauty/parked/d00_f00.png'
05:07.886  render           | Saved: '/Users/mohammedkalouti/Documents/Codex/2026-09-27/i/work/art/aircraft-strike-final-production-v1/stage/assets/build/frames/unit.SA.strike/team/parked/d00_f00.png'
AGX: exceeded compiled variants footprint limit
05:08.700  render           | Saved: '/Users/mohammedkalouti/Documents/Codex/2026-09-27/i/work/art/aircraft-strike-final-production-v1/stage/assets/build/frames/unit.SA.strike/shadow/parked/d00_f00.png'
05:09.246  render           | Saved: '/Users/mohammedkalouti/Documents/Codex/2026-09-27/i/work/art/aircraft-strike-final-production-v1/stage/assets/build/frames/unit.SA.strike/beauty/parked/d01_f00.png'
05:09.739  render           | Saved: '/Users/mohammedkalouti/Documents/Codex/2026-09-27/i/work/art/aircraft-strike-final-production-v1/stage/assets/build/frames/unit.SA.strike/team/parked/d01_f00.png'
05:10.548  render           | Saved: '/Users/mohammedkalouti/Documents/Codex/2026-09-27/i/work/art/aircraft-strike-final-production-v1/stage/assets/build/frames/unit.SA.strike/shadow/parked/d01_f00.png'
05:11.123  render           | Saved: '/Users/mohammedkalouti/Documents/Codex/2026-09-27/i/work/art/aircraft-strike-final-production-v1/stage/assets/build/frames/unit.SA.strike/beauty/parked/d02_f00.png'
05:11.601  render           | Saved: '/Users/mohammedkalouti/Documents/Codex/2026-09-27/i/work/art/aircraft-strike-final-production-v1/stage/assets/build/frames/unit.SA.strike/team/parked/d02_f00.png'
05:12.407  render           | Saved: '/Users/mohammedkalouti/Documents/Codex/2026-09-27/i/work/art/aircraft-strike-final-production-v1/stage/assets/build/frames/unit.SA.strike/shadow/parked/d02_f00.png'
05:12.956  render           | Saved: '/Users/mohammedkalouti/Documents/Codex/2026-09-27/i/work/art/aircraft-strike-final-production-v1/stage/assets/build/frames/unit.SA.strike/beauty/parked/d04_f00.png'
05:13.423  render           | Saved: '/Users/mohammedkalouti/Documents/Codex/2026-09-27/i/work/art/aircraft-strike-final-production-v1/stage/assets/build/frames/unit.SA.strike/team/parked/d04_f00.png'
05:14.208  render           | Saved: '/Users/mohammedkalouti/Documents/Codex/2026-09-27/i/work/art/aircraft-strike-final-production-v1/stage/assets/build/frames/unit.SA.strike/shadow/parked/d04_f00.png'
05:14.749  render           | Saved: '/Users/mohammedkalouti/Documents/Codex/2026-09-27/i/work/art/aircraft-strike-final-production-v1/stage/assets/build/frames/unit.SA.strike/beauty/parked/d05_f00.png'
05:15.218  render           | Saved: '/Users/mohammedkalouti/Documents/Codex/2026-09-27/i/work/art/aircraft-strike-final-production-v1/stage/assets/build/frames/unit.SA.strike/team/parked/d05_f00.png'
05:16.024  render           | Saved: '/Users/mohammedkalouti/Documents/Codex/2026-09-27/i/work/art/aircraft-strike-final-production-v1/stage/assets/build/frames/unit.SA.strike/shadow/parked/d05_f00.png'
05:16.602  render           | Saved: '/Users/mohammedkalouti/Documents/Codex/2026-09-27/i/work/art/aircraft-strike-final-production-v1/stage/assets/build/frames/unit.SA.strike/beauty/parked/d06_f00.png'
05:17.072  render           | Saved: '/Users/mohammedkalouti/Documents/Codex/2026-09-27/i/work/art/aircraft-strike-final-production-v1/stage/assets/build/frames/unit.SA.strike/team/parked/d06_f00.png'
05:17.880  render           | Saved: '/Users/mohammedkalouti/Documents/Codex/2026-09-27/i/work/art/aircraft-strike-final-production-v1/stage/assets/build/frames/unit.SA.strike/shadow/parked/d06_f00.png'
05:18.478  render           | Saved: '/Users/mohammedkalouti/Documents/Codex/2026-09-27/i/work/art/aircraft-strike-final-production-v1/stage/assets/build/frames/unit.SA.strike/beauty/parked/d08_f00.png'
05:18.982  render           | Saved: '/Users/mohammedkalouti/Documents/Codex/2026-09-27/i/work/art/aircraft-strike-final-production-v1/stage/assets/build/frames/unit.SA.strike/team/parked/d08_f00.png'
05:19.789  render           | Saved: '/Users/mohammedkalouti/Documents/Codex/2026-09-27/i/work/art/aircraft-strike-final-production-v1/stage/assets/build/frames/unit.SA.strike/shadow/parked/d08_f00.png'
05:20.365  render           | Saved: '/Users/mohammedkalouti/Documents/Codex/2026-09-27/i/work/art/aircraft-strike-final-production-v1/stage/assets/build/frames/unit.SA.strike/beauty/parked/d09_f00.png'
05:20.842  render           | Saved: '/Users/mohammedkalouti/Documents/Codex/2026-09-27/i/work/art/aircraft-strike-final-production-v1/stage/assets/build/frames/unit.SA.strike/team/parked/d09_f00.png'
05:21.646  render           | Saved: '/Users/mohammedkalouti/Documents/Codex/2026-09-27/i/work/art/aircraft-strike-final-production-v1/stage/assets/build/frames/unit.SA.strike/shadow/parked/d09_f00.png'
05:22.203  render           | Saved: '/Users/mohammedkalouti/Documents/Codex/2026-09-27/i/work/art/aircraft-strike-final-production-v1/stage/assets/build/frames/unit.SA.strike/beauty/parked/d10_f00.png'
05:22.684  render           | Saved: '/Users/mohammedkalouti/Documents/Codex/2026-09-27/i/work/art/aircraft-strike-final-production-v1/stage/assets/build/frames/unit.SA.strike/team/parked/d10_f00.png'
05:23.486  render           | Saved: '/Users/mohammedkalouti/Documents/Codex/2026-09-27/i/work/art/aircraft-strike-final-production-v1/stage/assets/build/frames/unit.SA.strike/shadow/parked/d10_f00.png'
05:24.018  render           | Saved: '/Users/mohammedkalouti/Documents/Codex/2026-09-27/i/work/art/aircraft-strike-final-production-v1/stage/assets/build/frames/unit.SA.strike/beauty/parked/d12_f00.png'
05:24.482  render           | Saved: '/Users/mohammedkalouti/Documents/Codex/2026-09-27/i/work/art/aircraft-strike-final-production-v1/stage/assets/build/frames/unit.SA.strike/team/parked/d12_f00.png'
05:25.274  render           | Saved: '/Users/mohammedkalouti/Documents/Codex/2026-09-27/i/work/art/aircraft-strike-final-production-v1/stage/assets/build/frames/unit.SA.strike/shadow/parked/d12_f00.png'
05:25.829  render           | Saved: '/Users/mohammedkalouti/Documents/Codex/2026-09-27/i/work/art/aircraft-strike-final-production-v1/stage/assets/build/frames/unit.SA.strike/beauty/parked/d13_f00.png'
05:26.303  render           | Saved: '/Users/mohammedkalouti/Documents/Codex/2026-09-27/i/work/art/aircraft-strike-final-production-v1/stage/assets/build/frames/unit.SA.strike/team/parked/d13_f00.png'
05:27.102  render           | Saved: '/Users/mohammedkalouti/Documents/Codex/2026-09-27/i/work/art/aircraft-strike-final-production-v1/stage/assets/build/frames/unit.SA.strike/shadow/parked/d13_f00.png'
05:27.650  render           | Saved: '/Users/mohammedkalouti/Documents/Codex/2026-09-27/i/work/art/aircraft-strike-final-production-v1/stage/assets/build/frames/unit.SA.strike/beauty/parked/d14_f00.png'
05:28.129  render           | Saved: '/Users/mohammedkalouti/Documents/Codex/2026-09-27/i/work/art/aircraft-strike-final-production-v1/stage/assets/build/frames/unit.SA.strike/team/parked/d14_f00.png'
05:28.939  render           | Saved: '/Users/mohammedkalouti/Documents/Codex/2026-09-27/i/work/art/aircraft-strike-final-production-v1/stage/assets/build/frames/unit.SA.strike/shadow/parked/d14_f00.png'
05:29.530  render           | Saved: '/Users/mohammedkalouti/Documents/Codex/2026-09-27/i/work/art/aircraft-strike-final-production-v1/stage/assets/build/frames/unit.SA.strike/beauty/takeoff/d00_f00.png'
05:30.028  render           | Saved: '/Users/mohammedkalouti/Documents/Codex/2026-09-27/i/work/art/aircraft-strike-final-production-v1/stage/assets/build/frames/unit.SA.strike/team/takeoff/d00_f00.png'
05:30.830  render           | Saved: '/Users/mohammedkalouti/Documents/Codex/2026-09-27/i/work/art/aircraft-strike-final-production-v1/stage/assets/build/frames/unit.SA.strike/shadow/takeoff/d00_f00.png'
05:31.412  render           | Saved: '/Users/mohammedkalouti/Documents/Codex/2026-09-27/i/work/art/aircraft-strike-final-production-v1/stage/assets/build/frames/unit.SA.strike/beauty/takeoff/d00_f01.png'
05:31.894  render           | Saved: '/Users/mohammedkalouti/Documents/Codex/2026-09-27/i/work/art/aircraft-strike-final-production-v1/stage/assets/build/frames/unit.SA.strike/team/takeoff/d00_f01.png'
05:32.709  render           | Saved: '/Users/mohammedkalouti/Documents/Codex/2026-09-27/i/work/art/aircraft-strike-final-production-v1/stage/assets/build/frames/unit.SA.strike/shadow/takeoff/d00_f01.png'
05:33.297  render           | Saved: '/Users/mohammedkalouti/Documents/Codex/2026-09-27/i/work/art/aircraft-strike-final-production-v1/stage/assets/build/frames/unit.SA.strike/beauty/takeoff/d00_f02.png'
05:33.773  render           | Saved: '/Users/mohammedkalouti/Documents/Codex/2026-09-27/i/work/art/aircraft-strike-final-production-v1/stage/assets/build/frames/unit.SA.strike/team/takeoff/d00_f02.png'
05:34.553  render           | Saved: '/Users/mohammedkalouti/Documents/Codex/2026-09-27/i/work/art/aircraft-strike-final-production-v1/stage/assets/build/frames/unit.SA.strike/shadow/takeoff/d00_f02.png'
05:35.128  render           | Saved: '/Users/mohammedkalouti/Documents/Codex/2026-09-27/i/work/art/aircraft-strike-final-production-v1/stage/assets/build/frames/unit.SA.strike/beauty/takeoff/d00_f03.png'
05:35.622  render           | Saved: '/Users/mohammedkalouti/Documents/Codex/2026-09-27/i/work/art/aircraft-strike-final-production-v1/stage/assets/build/frames/unit.SA.strike/team/takeoff/d00_f03.png'
05:36.468  render           | Saved: '/Users/mohammedkalouti/Documents/Codex/2026-09-27/i/work/art/aircraft-strike-final-production-v1/stage/assets/build/frames/unit.SA.strike/shadow/takeoff/d00_f03.png'
05:37.027  render           | Saved: '/Users/mohammedkalouti/Documents/Codex/2026-09-27/i/work/art/aircraft-strike-final-production-v1/stage/assets/build/frames/unit.SA.strike/beauty/takeoff/d00_f04.png'
05:37.508  render           | Saved: '/Users/mohammedkalouti/Documents/Codex/2026-09-27/i/work/art/aircraft-strike-final-production-v1/stage/assets/build/frames/unit.SA.strike/team/takeoff/d00_f04.png'
05:38.308  render           | Saved: '/Users/mohammedkalouti/Documents/Codex/2026-09-27/i/work/art/aircraft-strike-final-production-v1/stage/assets/build/frames/unit.SA.strike/shadow/takeoff/d00_f04.png'
05:38.853  render           | Saved: '/Users/mohammedkalouti/Documents/Codex/2026-09-27/i/work/art/aircraft-strike-final-production-v1/stage/assets/build/frames/unit.SA.strike/beauty/takeoff/d00_f05.png'
05:39.342  render           | Saved: '/Users/mohammedkalouti/Documents/Codex/2026-09-27/i/work/art/aircraft-strike-final-production-v1/stage/assets/build/frames/unit.SA.strike/team/takeoff/d00_f05.png'
05:40.146  render           | Saved: '/Users/mohammedkalouti/Documents/Codex/2026-09-27/i/work/art/aircraft-strike-final-production-v1/stage/assets/build/frames/unit.SA.strike/shadow/takeoff/d00_f05.png'
05:40.707  render           | Saved: '/Users/mohammedkalouti/Documents/Codex/2026-09-27/i/work/art/aircraft-strike-final-production-v1/stage/assets/build/frames/unit.SA.strike/beauty/takeoff/d01_f00.png'
05:41.193  render           | Saved: '/Users/mohammedkalouti/Documents/Codex/2026-09-27/i/work/art/aircraft-strike-final-production-v1/stage/assets/build/frames/unit.SA.strike/team/takeoff/d01_f00.png'
05:42.000  render           | Saved: '/Users/mohammedkalouti/Documents/Codex/2026-09-27/i/work/art/aircraft-strike-final-production-v1/stage/assets/build/frames/unit.SA.strike/shadow/takeoff/d01_f00.png'
05:42.577  render           | Saved: '/Users/mohammedkalouti/Documents/Codex/2026-09-27/i/work/art/aircraft-strike-final-production-v1/stage/assets/build/frames/unit.SA.strike/beauty/takeoff/d01_f01.png'
05:43.068  render           | Saved: '/Users/mohammedkalouti/Documents/Codex/2026-09-27/i/work/art/aircraft-strike-final-production-v1/stage/assets/build/frames/unit.SA.strike/team/takeoff/d01_f01.png'
05:43.886  render           | Saved: '/Users/mohammedkalouti/Documents/Codex/2026-09-27/i/work/art/aircraft-strike-final-production-v1/stage/assets/build/frames/unit.SA.strike/shadow/takeoff/d01_f01.png'
05:44.444  render           | Saved: '/Users/mohammedkalouti/Documents/Codex/2026-09-27/i/work/art/aircraft-strike-final-production-v1/stage/assets/build/frames/unit.SA.strike/beauty/takeoff/d01_f02.png'
05:44.924  render           | Saved: '/Users/mohammedkalouti/Documents/Codex/2026-09-27/i/work/art/aircraft-strike-final-production-v1/stage/assets/build/frames/unit.SA.strike/team/takeoff/d01_f02.png'
05:45.736  render           | Saved: '/Users/mohammedkalouti/Documents/Codex/2026-09-27/i/work/art/aircraft-strike-final-production-v1/stage/assets/build/frames/unit.SA.strike/shadow/takeoff/d01_f02.png'
05:46.296  render           | Saved: '/Users/mohammedkalouti/Documents/Codex/2026-09-27/i/work/art/aircraft-strike-final-production-v1/stage/assets/build/frames/unit.SA.strike/beauty/takeoff/d01_f03.png'
05:46.874  render           | Saved: '/Users/mohammedkalouti/Documents/Codex/2026-09-27/i/work/art/aircraft-strike-final-production-v1/stage/assets/build/frames/unit.SA.strike/team/takeoff/d01_f03.png'
05:48.162  render           | Saved: '/Users/mohammedkalouti/Documents/Codex/2026-09-27/i/work/art/aircraft-strike-final-production-v1/stage/assets/build/frames/unit.SA.strike/shadow/takeoff/d01_f03.png'
05:48.991  render           | Saved: '/Users/mohammedkalouti/Documents/Codex/2026-09-27/i/work/art/aircraft-strike-final-production-v1/stage/assets/build/frames/unit.SA.strike/beauty/takeoff/d01_f04.png'
05:49.602  render           | Saved: '/Users/mohammedkalouti/Documents/Codex/2026-09-27/i/work/art/aircraft-strike-final-production-v1/stage/assets/build/frames/unit.SA.strike/team/takeoff/d01_f04.png'
05:50.678  render           | Saved: '/Users/mohammedkalouti/Documents/Codex/2026-09-27/i/work/art/aircraft-strike-final-production-v1/stage/assets/build/frames/unit.SA.strike/shadow/takeoff/d01_f04.png'
05:51.389  render           | Saved: '/Users/mohammedkalouti/Documents/Codex/2026-09-27/i/work/art/aircraft-strike-final-production-v1/stage/assets/build/frames/unit.SA.strike/beauty/takeoff/d01_f05.png'
05:51.928  render           | Saved: '/Users/mohammedkalouti/Documents/Codex/2026-09-27/i/work/art/aircraft-strike-final-production-v1/stage/assets/build/frames/unit.SA.strike/team/takeoff/d01_f05.png'
05:52.870  render           | Saved: '/Users/mohammedkalouti/Documents/Codex/2026-09-27/i/work/art/aircraft-strike-final-production-v1/stage/assets/build/frames/unit.SA.strike/shadow/takeoff/d01_f05.png'
05:53.483  render           | Saved: '/Users/mohammedkalouti/Documents/Codex/2026-09-27/i/work/art/aircraft-strike-final-production-v1/stage/assets/build/frames/unit.SA.strike/beauty/takeoff/d02_f00.png'
05:54.011  render           | Saved: '/Users/mohammedkalouti/Documents/Codex/2026-09-27/i/work/art/aircraft-strike-final-production-v1/stage/assets/build/frames/unit.SA.strike/team/takeoff/d02_f00.png'
05:55.052  render           | Saved: '/Users/mohammedkalouti/Documents/Codex/2026-09-27/i/work/art/aircraft-strike-final-production-v1/stage/assets/build/frames/unit.SA.strike/shadow/takeoff/d02_f00.png'
05:55.818  render           | Saved: '/Users/mohammedkalouti/Documents/Codex/2026-09-27/i/work/art/aircraft-strike-final-production-v1/stage/assets/build/frames/unit.SA.strike/beauty/takeoff/d02_f01.png'
05:56.403  render           | Saved: '/Users/mohammedkalouti/Documents/Codex/2026-09-27/i/work/art/aircraft-strike-final-production-v1/stage/assets/build/frames/unit.SA.strike/team/takeoff/d02_f01.png'
05:57.375  render           | Saved: '/Users/mohammedkalouti/Documents/Codex/2026-09-27/i/work/art/aircraft-strike-final-production-v1/stage/assets/build/frames/unit.SA.strike/shadow/takeoff/d02_f01.png'
05:58.004  render           | Saved: '/Users/mohammedkalouti/Documents/Codex/2026-09-27/i/work/art/aircraft-strike-final-production-v1/stage/assets/build/frames/unit.SA.strike/beauty/takeoff/d02_f02.png'
05:58.555  render           | Saved: '/Users/mohammedkalouti/Documents/Codex/2026-09-27/i/work/art/aircraft-strike-final-production-v1/stage/assets/build/frames/unit.SA.strike/team/takeoff/d02_f02.png'
05:59.618  render           | Saved: '/Users/mohammedkalouti/Documents/Codex/2026-09-27/i/work/art/aircraft-strike-final-production-v1/stage/assets/build/frames/unit.SA.strike/shadow/takeoff/d02_f02.png'
06:00.318  render           | Saved: '/Users/mohammedkalouti/Documents/Codex/2026-09-27/i/work/art/aircraft-strike-final-production-v1/stage/assets/build/frames/unit.SA.strike/beauty/takeoff/d02_f03.png'
06:00.899  render           | Saved: '/Users/mohammedkalouti/Documents/Codex/2026-09-27/i/work/art/aircraft-strike-final-production-v1/stage/assets/build/frames/unit.SA.strike/team/takeoff/d02_f03.png'
06:01.818  render           | Saved: '/Users/mohammedkalouti/Documents/Codex/2026-09-27/i/work/art/aircraft-strike-final-production-v1/stage/assets/build/frames/unit.SA.strike/shadow/takeoff/d02_f03.png'
06:02.479  render           | Saved: '/Users/mohammedkalouti/Documents/Codex/2026-09-27/i/work/art/aircraft-strike-final-production-v1/stage/assets/build/frames/unit.SA.strike/beauty/takeoff/d02_f04.png'
06:03.060  render           | Saved: '/Users/mohammedkalouti/Documents/Codex/2026-09-27/i/work/art/aircraft-strike-final-production-v1/stage/assets/build/frames/unit.SA.strike/team/takeoff/d02_f04.png'
06:04.008  render           | Saved: '/Users/mohammedkalouti/Documents/Codex/2026-09-27/i/work/art/aircraft-strike-final-production-v1/stage/assets/build/frames/unit.SA.strike/shadow/takeoff/d02_f04.png'
06:04.593  render           | Saved: '/Users/mohammedkalouti/Documents/Codex/2026-09-27/i/work/art/aircraft-strike-final-production-v1/stage/assets/build/frames/unit.SA.strike/beauty/takeoff/d02_f05.png'
06:05.091  render           | Saved: '/Users/mohammedkalouti/Documents/Codex/2026-09-27/i/work/art/aircraft-strike-final-production-v1/stage/assets/build/frames/unit.SA.strike/team/takeoff/d02_f05.png'
06:05.915  render           | Saved: '/Users/mohammedkalouti/Documents/Codex/2026-09-27/i/work/art/aircraft-strike-final-production-v1/stage/assets/build/frames/unit.SA.strike/shadow/takeoff/d02_f05.png'
06:06.534  render           | Saved: '/Users/mohammedkalouti/Documents/Codex/2026-09-27/i/work/art/aircraft-strike-final-production-v1/stage/assets/build/frames/unit.SA.strike/beauty/takeoff/d03_f00.png'
06:07.065  render           | Saved: '/Users/mohammedkalouti/Documents/Codex/2026-09-27/i/work/art/aircraft-strike-final-production-v1/stage/assets/build/frames/unit.SA.strike/team/takeoff/d03_f00.png'
06:07.890  render           | Saved: '/Users/mohammedkalouti/Documents/Codex/2026-09-27/i/work/art/aircraft-strike-final-production-v1/stage/assets/build/frames/unit.SA.strike/shadow/takeoff/d03_f00.png'
06:08.471  render           | Saved: '/Users/mohammedkalouti/Documents/Codex/2026-09-27/i/work/art/aircraft-strike-final-production-v1/stage/assets/build/frames/unit.SA.strike/beauty/takeoff/d03_f01.png'
06:08.958  render           | Saved: '/Users/mohammedkalouti/Documents/Codex/2026-09-27/i/work/art/aircraft-strike-final-production-v1/stage/assets/build/frames/unit.SA.strike/team/takeoff/d03_f01.png'
06:09.755  render           | Saved: '/Users/mohammedkalouti/Documents/Codex/2026-09-27/i/work/art/aircraft-strike-final-production-v1/stage/assets/build/frames/unit.SA.strike/shadow/takeoff/d03_f01.png'
06:10.312  render           | Saved: '/Users/mohammedkalouti/Documents/Codex/2026-09-27/i/work/art/aircraft-strike-final-production-v1/stage/assets/build/frames/unit.SA.strike/beauty/takeoff/d03_f02.png'
06:10.801  render           | Saved: '/Users/mohammedkalouti/Documents/Codex/2026-09-27/i/work/art/aircraft-strike-final-production-v1/stage/assets/build/frames/unit.SA.strike/team/takeoff/d03_f02.png'
06:11.619  render           | Saved: '/Users/mohammedkalouti/Documents/Codex/2026-09-27/i/work/art/aircraft-strike-final-production-v1/stage/assets/build/frames/unit.SA.strike/shadow/takeoff/d03_f02.png'
06:12.204  render           | Saved: '/Users/mohammedkalouti/Documents/Codex/2026-09-27/i/work/art/aircraft-strike-final-production-v1/stage/assets/build/frames/unit.SA.strike/beauty/takeoff/d03_f03.png'
06:12.683  render           | Saved: '/Users/mohammedkalouti/Documents/Codex/2026-09-27/i/work/art/aircraft-strike-final-production-v1/stage/assets/build/frames/unit.SA.strike/team/takeoff/d03_f03.png'
06:13.500  render           | Saved: '/Users/mohammedkalouti/Documents/Codex/2026-09-27/i/work/art/aircraft-strike-final-production-v1/stage/assets/build/frames/unit.SA.strike/shadow/takeoff/d03_f03.png'
06:14.053  render           | Saved: '/Users/mohammedkalouti/Documents/Codex/2026-09-27/i/work/art/aircraft-strike-final-production-v1/stage/assets/build/frames/unit.SA.strike/beauty/takeoff/d03_f04.png'
06:14.528  render           | Saved: '/Users/mohammedkalouti/Documents/Codex/2026-09-27/i/work/art/aircraft-strike-final-production-v1/stage/assets/build/frames/unit.SA.strike/team/takeoff/d03_f04.png'
06:15.355  render           | Saved: '/Users/mohammedkalouti/Documents/Codex/2026-09-27/i/work/art/aircraft-strike-final-production-v1/stage/assets/build/frames/unit.SA.strike/shadow/takeoff/d03_f04.png'
06:15.904  render           | Saved: '/Users/mohammedkalouti/Documents/Codex/2026-09-27/i/work/art/aircraft-strike-final-production-v1/stage/assets/build/frames/unit.SA.strike/beauty/takeoff/d03_f05.png'
06:16.415  render           | Saved: '/Users/mohammedkalouti/Documents/Codex/2026-09-27/i/work/art/aircraft-strike-final-production-v1/stage/assets/build/frames/unit.SA.strike/team/takeoff/d03_f05.png'
06:17.216  render           | Saved: '/Users/mohammedkalouti/Documents/Codex/2026-09-27/i/work/art/aircraft-strike-final-production-v1/stage/assets/build/frames/unit.SA.strike/shadow/takeoff/d03_f05.png'
06:17.792  render           | Saved: '/Users/mohammedkalouti/Documents/Codex/2026-09-27/i/work/art/aircraft-strike-final-production-v1/stage/assets/build/frames/unit.SA.strike/beauty/takeoff/d04_f00.png'
06:18.270  render           | Saved: '/Users/mohammedkalouti/Documents/Codex/2026-09-27/i/work/art/aircraft-strike-final-production-v1/stage/assets/build/frames/unit.SA.strike/team/takeoff/d04_f00.png'
06:19.090  render           | Saved: '/Users/mohammedkalouti/Documents/Codex/2026-09-27/i/work/art/aircraft-strike-final-production-v1/stage/assets/build/frames/unit.SA.strike/shadow/takeoff/d04_f00.png'
06:19.636  render           | Saved: '/Users/mohammedkalouti/Documents/Codex/2026-09-27/i/work/art/aircraft-strike-final-production-v1/stage/assets/build/frames/unit.SA.strike/beauty/takeoff/d04_f01.png'
06:20.131  render           | Saved: '/Users/mohammedkalouti/Documents/Codex/2026-09-27/i/work/art/aircraft-strike-final-production-v1/stage/assets/build/frames/unit.SA.strike/team/takeoff/d04_f01.png'
06:20.935  render           | Saved: '/Users/mohammedkalouti/Documents/Codex/2026-09-27/i/work/art/aircraft-strike-final-production-v1/stage/assets/build/frames/unit.SA.strike/shadow/takeoff/d04_f01.png'
06:21.492  render           | Saved: '/Users/mohammedkalouti/Documents/Codex/2026-09-27/i/work/art/aircraft-strike-final-production-v1/stage/assets/build/frames/unit.SA.strike/beauty/takeoff/d04_f02.png'
06:21.967  render           | Saved: '/Users/mohammedkalouti/Documents/Codex/2026-09-27/i/work/art/aircraft-strike-final-production-v1/stage/assets/build/frames/unit.SA.strike/team/takeoff/d04_f02.png'
06:22.765  render           | Saved: '/Users/mohammedkalouti/Documents/Codex/2026-09-27/i/work/art/aircraft-strike-final-production-v1/stage/assets/build/frames/unit.SA.strike/shadow/takeoff/d04_f02.png'
06:23.314  render           | Saved: '/Users/mohammedkalouti/Documents/Codex/2026-09-27/i/work/art/aircraft-strike-final-production-v1/stage/assets/build/frames/unit.SA.strike/beauty/takeoff/d04_f03.png'
06:23.794  render           | Saved: '/Users/mohammedkalouti/Documents/Codex/2026-09-27/i/work/art/aircraft-strike-final-production-v1/stage/assets/build/frames/unit.SA.strike/team/takeoff/d04_f03.png'
06:24.612  render           | Saved: '/Users/mohammedkalouti/Documents/Codex/2026-09-27/i/work/art/aircraft-strike-final-production-v1/stage/assets/build/frames/unit.SA.strike/shadow/takeoff/d04_f03.png'
06:25.168  render           | Saved: '/Users/mohammedkalouti/Documents/Codex/2026-09-27/i/work/art/aircraft-strike-final-production-v1/stage/assets/build/frames/unit.SA.strike/beauty/takeoff/d04_f04.png'
06:25.628  render           | Saved: '/Users/mohammedkalouti/Documents/Codex/2026-09-27/i/work/art/aircraft-strike-final-production-v1/stage/assets/build/frames/unit.SA.strike/team/takeoff/d04_f04.png'
06:26.442  render           | Saved: '/Users/mohammedkalouti/Documents/Codex/2026-09-27/i/work/art/aircraft-strike-final-production-v1/stage/assets/build/frames/unit.SA.strike/shadow/takeoff/d04_f04.png'
06:27.009  render           | Saved: '/Users/mohammedkalouti/Documents/Codex/2026-09-27/i/work/art/aircraft-strike-final-production-v1/stage/assets/build/frames/unit.SA.strike/beauty/takeoff/d04_f05.png'
06:27.486  render           | Saved: '/Users/mohammedkalouti/Documents/Codex/2026-09-27/i/work/art/aircraft-strike-final-production-v1/stage/assets/build/frames/unit.SA.strike/team/takeoff/d04_f05.png'
06:28.282  render           | Saved: '/Users/mohammedkalouti/Documents/Codex/2026-09-27/i/work/art/aircraft-strike-final-production-v1/stage/assets/build/frames/unit.SA.strike/shadow/takeoff/d04_f05.png'
06:28.914  render           | Saved: '/Users/mohammedkalouti/Documents/Codex/2026-09-27/i/work/art/aircraft-strike-final-production-v1/stage/assets/build/frames/unit.SA.strike/beauty/takeoff/d05_f00.png'
06:29.409  render           | Saved: '/Users/mohammedkalouti/Documents/Codex/2026-09-27/i/work/art/aircraft-strike-final-production-v1/stage/assets/build/frames/unit.SA.strike/team/takeoff/d05_f00.png'
06:30.232  render           | Saved: '/Users/mohammedkalouti/Documents/Codex/2026-09-27/i/work/art/aircraft-strike-final-production-v1/stage/assets/build/frames/unit.SA.strike/shadow/takeoff/d05_f00.png'
06:30.822  render           | Saved: '/Users/mohammedkalouti/Documents/Codex/2026-09-27/i/work/art/aircraft-strike-final-production-v1/stage/assets/build/frames/unit.SA.strike/beauty/takeoff/d05_f01.png'
06:31.298  render           | Saved: '/Users/mohammedkalouti/Documents/Codex/2026-09-27/i/work/art/aircraft-strike-final-production-v1/stage/assets/build/frames/unit.SA.strike/team/takeoff/d05_f01.png'
06:32.109  render           | Saved: '/Users/mohammedkalouti/Documents/Codex/2026-09-27/i/work/art/aircraft-strike-final-production-v1/stage/assets/build/frames/unit.SA.strike/shadow/takeoff/d05_f01.png'
06:32.696  render           | Saved: '/Users/mohammedkalouti/Documents/Codex/2026-09-27/i/work/art/aircraft-strike-final-production-v1/stage/assets/build/frames/unit.SA.strike/beauty/takeoff/d05_f02.png'
06:33.177  render           | Saved: '/Users/mohammedkalouti/Documents/Codex/2026-09-27/i/work/art/aircraft-strike-final-production-v1/stage/assets/build/frames/unit.SA.strike/team/takeoff/d05_f02.png'
06:33.986  render           | Saved: '/Users/mohammedkalouti/Documents/Codex/2026-09-27/i/work/art/aircraft-strike-final-production-v1/stage/assets/build/frames/unit.SA.strike/shadow/takeoff/d05_f02.png'
06:34.548  render           | Saved: '/Users/mohammedkalouti/Documents/Codex/2026-09-27/i/work/art/aircraft-strike-final-production-v1/stage/assets/build/frames/unit.SA.strike/beauty/takeoff/d05_f03.png'
06:35.028  render           | Saved: '/Users/mohammedkalouti/Documents/Codex/2026-09-27/i/work/art/aircraft-strike-final-production-v1/stage/assets/build/frames/unit.SA.strike/team/takeoff/d05_f03.png'
06:35.842  render           | Saved: '/Users/mohammedkalouti/Documents/Codex/2026-09-27/i/work/art/aircraft-strike-final-production-v1/stage/assets/build/frames/unit.SA.strike/shadow/takeoff/d05_f03.png'
06:36.430  render           | Saved: '/Users/mohammedkalouti/Documents/Codex/2026-09-27/i/work/art/aircraft-strike-final-production-v1/stage/assets/build/frames/unit.SA.strike/beauty/takeoff/d05_f04.png'
06:36.926  render           | Saved: '/Users/mohammedkalouti/Documents/Codex/2026-09-27/i/work/art/aircraft-strike-final-production-v1/stage/assets/build/frames/unit.SA.strike/team/takeoff/d05_f04.png'
06:37.749  render           | Saved: '/Users/mohammedkalouti/Documents/Codex/2026-09-27/i/work/art/aircraft-strike-final-production-v1/stage/assets/build/frames/unit.SA.strike/shadow/takeoff/d05_f04.png'
06:38.302  render           | Saved: '/Users/mohammedkalouti/Documents/Codex/2026-09-27/i/work/art/aircraft-strike-final-production-v1/stage/assets/build/frames/unit.SA.strike/beauty/takeoff/d05_f05.png'
06:38.765  render           | Saved: '/Users/mohammedkalouti/Documents/Codex/2026-09-27/i/work/art/aircraft-strike-final-production-v1/stage/assets/build/frames/unit.SA.strike/team/takeoff/d05_f05.png'
06:39.552  render           | Saved: '/Users/mohammedkalouti/Documents/Codex/2026-09-27/i/work/art/aircraft-strike-final-production-v1/stage/assets/build/frames/unit.SA.strike/shadow/takeoff/d05_f05.png'
06:40.114  render           | Saved: '/Users/mohammedkalouti/Documents/Codex/2026-09-27/i/work/art/aircraft-strike-final-production-v1/stage/assets/build/frames/unit.SA.strike/beauty/takeoff/d06_f00.png'
06:40.599  render           | Saved: '/Users/mohammedkalouti/Documents/Codex/2026-09-27/i/work/art/aircraft-strike-final-production-v1/stage/assets/build/frames/unit.SA.strike/team/takeoff/d06_f00.png'
06:41.411  render           | Saved: '/Users/mohammedkalouti/Documents/Codex/2026-09-27/i/work/art/aircraft-strike-final-production-v1/stage/assets/build/frames/unit.SA.strike/shadow/takeoff/d06_f00.png'
06:42.005  render           | Saved: '/Users/mohammedkalouti/Documents/Codex/2026-09-27/i/work/art/aircraft-strike-final-production-v1/stage/assets/build/frames/unit.SA.strike/beauty/takeoff/d06_f01.png'
06:42.481  render           | Saved: '/Users/mohammedkalouti/Documents/Codex/2026-09-27/i/work/art/aircraft-strike-final-production-v1/stage/assets/build/frames/unit.SA.strike/team/takeoff/d06_f01.png'
06:43.294  render           | Saved: '/Users/mohammedkalouti/Documents/Codex/2026-09-27/i/work/art/aircraft-strike-final-production-v1/stage/assets/build/frames/unit.SA.strike/shadow/takeoff/d06_f01.png'
06:43.878  render           | Saved: '/Users/mohammedkalouti/Documents/Codex/2026-09-27/i/work/art/aircraft-strike-final-production-v1/stage/assets/build/frames/unit.SA.strike/beauty/takeoff/d06_f02.png'
06:44.375  render           | Saved: '/Users/mohammedkalouti/Documents/Codex/2026-09-27/i/work/art/aircraft-strike-final-production-v1/stage/assets/build/frames/unit.SA.strike/team/takeoff/d06_f02.png'
06:45.241  render           | Saved: '/Users/mohammedkalouti/Documents/Codex/2026-09-27/i/work/art/aircraft-strike-final-production-v1/stage/assets/build/frames/unit.SA.strike/shadow/takeoff/d06_f02.png'
06:45.813  render           | Saved: '/Users/mohammedkalouti/Documents/Codex/2026-09-27/i/work/art/aircraft-strike-final-production-v1/stage/assets/build/frames/unit.SA.strike/beauty/takeoff/d06_f03.png'
06:46.293  render           | Saved: '/Users/mohammedkalouti/Documents/Codex/2026-09-27/i/work/art/aircraft-strike-final-production-v1/stage/assets/build/frames/unit.SA.strike/team/takeoff/d06_f03.png'
06:47.101  render           | Saved: '/Users/mohammedkalouti/Documents/Codex/2026-09-27/i/work/art/aircraft-strike-final-production-v1/stage/assets/build/frames/unit.SA.strike/shadow/takeoff/d06_f03.png'
06:47.692  render           | Saved: '/Users/mohammedkalouti/Documents/Codex/2026-09-27/i/work/art/aircraft-strike-final-production-v1/stage/assets/build/frames/unit.SA.strike/beauty/takeoff/d06_f04.png'
06:48.183  render           | Saved: '/Users/mohammedkalouti/Documents/Codex/2026-09-27/i/work/art/aircraft-strike-final-production-v1/stage/assets/build/frames/unit.SA.strike/team/takeoff/d06_f04.png'
06:49.009  render           | Saved: '/Users/mohammedkalouti/Documents/Codex/2026-09-27/i/work/art/aircraft-strike-final-production-v1/stage/assets/build/frames/unit.SA.strike/shadow/takeoff/d06_f04.png'
06:49.587  render           | Saved: '/Users/mohammedkalouti/Documents/Codex/2026-09-27/i/work/art/aircraft-strike-final-production-v1/stage/assets/build/frames/unit.SA.strike/beauty/takeoff/d06_f05.png'
06:50.066  render           | Saved: '/Users/mohammedkalouti/Documents/Codex/2026-09-27/i/work/art/aircraft-strike-final-production-v1/stage/assets/build/frames/unit.SA.strike/team/takeoff/d06_f05.png'
06:50.886  render           | Saved: '/Users/mohammedkalouti/Documents/Codex/2026-09-27/i/work/art/aircraft-strike-final-production-v1/stage/assets/build/frames/unit.SA.strike/shadow/takeoff/d06_f05.png'
06:51.485  render           | Saved: '/Users/mohammedkalouti/Documents/Codex/2026-09-27/i/work/art/aircraft-strike-final-production-v1/stage/assets/build/frames/unit.SA.strike/beauty/takeoff/d07_f00.png'
06:51.961  render           | Saved: '/Users/mohammedkalouti/Documents/Codex/2026-09-27/i/work/art/aircraft-strike-final-production-v1/stage/assets/build/frames/unit.SA.strike/team/takeoff/d07_f00.png'
06:52.784  render           | Saved: '/Users/mohammedkalouti/Documents/Codex/2026-09-27/i/work/art/aircraft-strike-final-production-v1/stage/assets/build/frames/unit.SA.strike/shadow/takeoff/d07_f00.png'
06:53.365  render           | Saved: '/Users/mohammedkalouti/Documents/Codex/2026-09-27/i/work/art/aircraft-strike-final-production-v1/stage/assets/build/frames/unit.SA.strike/beauty/takeoff/d07_f01.png'
06:53.862  render           | Saved: '/Users/mohammedkalouti/Documents/Codex/2026-09-27/i/work/art/aircraft-strike-final-production-v1/stage/assets/build/frames/unit.SA.strike/team/takeoff/d07_f01.png'
06:54.662  render           | Saved: '/Users/mohammedkalouti/Documents/Codex/2026-09-27/i/work/art/aircraft-strike-final-production-v1/stage/assets/build/frames/unit.SA.strike/shadow/takeoff/d07_f01.png'
06:55.241  render           | Saved: '/Users/mohammedkalouti/Documents/Codex/2026-09-27/i/work/art/aircraft-strike-final-production-v1/stage/assets/build/frames/unit.SA.strike/beauty/takeoff/d07_f02.png'
06:55.707  render           | Saved: '/Users/mohammedkalouti/Documents/Codex/2026-09-27/i/work/art/aircraft-strike-final-production-v1/stage/assets/build/frames/unit.SA.strike/team/takeoff/d07_f02.png'
06:56.492  render           | Saved: '/Users/mohammedkalouti/Documents/Codex/2026-09-27/i/work/art/aircraft-strike-final-production-v1/stage/assets/build/frames/unit.SA.strike/shadow/takeoff/d07_f02.png'
06:57.067  render           | Saved: '/Users/mohammedkalouti/Documents/Codex/2026-09-27/i/work/art/aircraft-strike-final-production-v1/stage/assets/build/frames/unit.SA.strike/beauty/takeoff/d07_f03.png'
06:57.559  render           | Saved: '/Users/mohammedkalouti/Documents/Codex/2026-09-27/i/work/art/aircraft-strike-final-production-v1/stage/assets/build/frames/unit.SA.strike/team/takeoff/d07_f03.png'
06:58.353  render           | Saved: '/Users/mohammedkalouti/Documents/Codex/2026-09-27/i/work/art/aircraft-strike-final-production-v1/stage/assets/build/frames/unit.SA.strike/shadow/takeoff/d07_f03.png'
06:58.934  render           | Saved: '/Users/mohammedkalouti/Documents/Codex/2026-09-27/i/work/art/aircraft-strike-final-production-v1/stage/assets/build/frames/unit.SA.strike/beauty/takeoff/d07_f04.png'
06:59.412  render           | Saved: '/Users/mohammedkalouti/Documents/Codex/2026-09-27/i/work/art/aircraft-strike-final-production-v1/stage/assets/build/frames/unit.SA.strike/team/takeoff/d07_f04.png'
07:00.219  render           | Saved: '/Users/mohammedkalouti/Documents/Codex/2026-09-27/i/work/art/aircraft-strike-final-production-v1/stage/assets/build/frames/unit.SA.strike/shadow/takeoff/d07_f04.png'
07:00.792  render           | Saved: '/Users/mohammedkalouti/Documents/Codex/2026-09-27/i/work/art/aircraft-strike-final-production-v1/stage/assets/build/frames/unit.SA.strike/beauty/takeoff/d07_f05.png'
07:01.258  render           | Saved: '/Users/mohammedkalouti/Documents/Codex/2026-09-27/i/work/art/aircraft-strike-final-production-v1/stage/assets/build/frames/unit.SA.strike/team/takeoff/d07_f05.png'
07:02.054  render           | Saved: '/Users/mohammedkalouti/Documents/Codex/2026-09-27/i/work/art/aircraft-strike-final-production-v1/stage/assets/build/frames/unit.SA.strike/shadow/takeoff/d07_f05.png'
07:02.612  render           | Saved: '/Users/mohammedkalouti/Documents/Codex/2026-09-27/i/work/art/aircraft-strike-final-production-v1/stage/assets/build/frames/unit.SA.strike/beauty/takeoff/d08_f00.png'
07:03.083  render           | Saved: '/Users/mohammedkalouti/Documents/Codex/2026-09-27/i/work/art/aircraft-strike-final-production-v1/stage/assets/build/frames/unit.SA.strike/team/takeoff/d08_f00.png'
07:03.920  render           | Saved: '/Users/mohammedkalouti/Documents/Codex/2026-09-27/i/work/art/aircraft-strike-final-production-v1/stage/assets/build/frames/unit.SA.strike/shadow/takeoff/d08_f00.png'
07:04.504  render           | Saved: '/Users/mohammedkalouti/Documents/Codex/2026-09-27/i/work/art/aircraft-strike-final-production-v1/stage/assets/build/frames/unit.SA.strike/beauty/takeoff/d08_f01.png'
07:04.970  render           | Saved: '/Users/mohammedkalouti/Documents/Codex/2026-09-27/i/work/art/aircraft-strike-final-production-v1/stage/assets/build/frames/unit.SA.strike/team/takeoff/d08_f01.png'
07:05.758  render           | Saved: '/Users/mohammedkalouti/Documents/Codex/2026-09-27/i/work/art/aircraft-strike-final-production-v1/stage/assets/build/frames/unit.SA.strike/shadow/takeoff/d08_f01.png'
07:06.323  render           | Saved: '/Users/mohammedkalouti/Documents/Codex/2026-09-27/i/work/art/aircraft-strike-final-production-v1/stage/assets/build/frames/unit.SA.strike/beauty/takeoff/d08_f02.png'
07:06.786  render           | Saved: '/Users/mohammedkalouti/Documents/Codex/2026-09-27/i/work/art/aircraft-strike-final-production-v1/stage/assets/build/frames/unit.SA.strike/team/takeoff/d08_f02.png'
07:07.574  render           | Saved: '/Users/mohammedkalouti/Documents/Codex/2026-09-27/i/work/art/aircraft-strike-final-production-v1/stage/assets/build/frames/unit.SA.strike/shadow/takeoff/d08_f02.png'
07:08.144  render           | Saved: '/Users/mohammedkalouti/Documents/Codex/2026-09-27/i/work/art/aircraft-strike-final-production-v1/stage/assets/build/frames/unit.SA.strike/beauty/takeoff/d08_f03.png'
07:08.635  render           | Saved: '/Users/mohammedkalouti/Documents/Codex/2026-09-27/i/work/art/aircraft-strike-final-production-v1/stage/assets/build/frames/unit.SA.strike/team/takeoff/d08_f03.png'
07:09.422  render           | Saved: '/Users/mohammedkalouti/Documents/Codex/2026-09-27/i/work/art/aircraft-strike-final-production-v1/stage/assets/build/frames/unit.SA.strike/shadow/takeoff/d08_f03.png'
07:10.003  render           | Saved: '/Users/mohammedkalouti/Documents/Codex/2026-09-27/i/work/art/aircraft-strike-final-production-v1/stage/assets/build/frames/unit.SA.strike/beauty/takeoff/d08_f04.png'
07:10.477  render           | Saved: '/Users/mohammedkalouti/Documents/Codex/2026-09-27/i/work/art/aircraft-strike-final-production-v1/stage/assets/build/frames/unit.SA.strike/team/takeoff/d08_f04.png'
07:11.288  render           | Saved: '/Users/mohammedkalouti/Documents/Codex/2026-09-27/i/work/art/aircraft-strike-final-production-v1/stage/assets/build/frames/unit.SA.strike/shadow/takeoff/d08_f04.png'
07:11.843  render           | Saved: '/Users/mohammedkalouti/Documents/Codex/2026-09-27/i/work/art/aircraft-strike-final-production-v1/stage/assets/build/frames/unit.SA.strike/beauty/takeoff/d08_f05.png'
07:12.344  render           | Saved: '/Users/mohammedkalouti/Documents/Codex/2026-09-27/i/work/art/aircraft-strike-final-production-v1/stage/assets/build/frames/unit.SA.strike/team/takeoff/d08_f05.png'
07:13.161  render           | Saved: '/Users/mohammedkalouti/Documents/Codex/2026-09-27/i/work/art/aircraft-strike-final-production-v1/stage/assets/build/frames/unit.SA.strike/shadow/takeoff/d08_f05.png'
07:13.749  render           | Saved: '/Users/mohammedkalouti/Documents/Codex/2026-09-27/i/work/art/aircraft-strike-final-production-v1/stage/assets/build/frames/unit.SA.strike/beauty/takeoff/d09_f00.png'
07:14.241  render           | Saved: '/Users/mohammedkalouti/Documents/Codex/2026-09-27/i/work/art/aircraft-strike-final-production-v1/stage/assets/build/frames/unit.SA.strike/team/takeoff/d09_f00.png'
07:15.035  render           | Saved: '/Users/mohammedkalouti/Documents/Codex/2026-09-27/i/work/art/aircraft-strike-final-production-v1/stage/assets/build/frames/unit.SA.strike/shadow/takeoff/d09_f00.png'
07:15.592  render           | Saved: '/Users/mohammedkalouti/Documents/Codex/2026-09-27/i/work/art/aircraft-strike-final-production-v1/stage/assets/build/frames/unit.SA.strike/beauty/takeoff/d09_f01.png'
07:16.069  render           | Saved: '/Users/mohammedkalouti/Documents/Codex/2026-09-27/i/work/art/aircraft-strike-final-production-v1/stage/assets/build/frames/unit.SA.strike/team/takeoff/d09_f01.png'
07:16.885  render           | Saved: '/Users/mohammedkalouti/Documents/Codex/2026-09-27/i/work/art/aircraft-strike-final-production-v1/stage/assets/build/frames/unit.SA.strike/shadow/takeoff/d09_f01.png'
07:17.447  render           | Saved: '/Users/mohammedkalouti/Documents/Codex/2026-09-27/i/work/art/aircraft-strike-final-production-v1/stage/assets/build/frames/unit.SA.strike/beauty/takeoff/d09_f02.png'
07:17.925  render           | Saved: '/Users/mohammedkalouti/Documents/Codex/2026-09-27/i/work/art/aircraft-strike-final-production-v1/stage/assets/build/frames/unit.SA.strike/team/takeoff/d09_f02.png'
07:18.725  render           | Saved: '/Users/mohammedkalouti/Documents/Codex/2026-09-27/i/work/art/aircraft-strike-final-production-v1/stage/assets/build/frames/unit.SA.strike/shadow/takeoff/d09_f02.png'
07:19.326  render           | Saved: '/Users/mohammedkalouti/Documents/Codex/2026-09-27/i/work/art/aircraft-strike-final-production-v1/stage/assets/build/frames/unit.SA.strike/beauty/takeoff/d09_f03.png'
07:19.820  render           | Saved: '/Users/mohammedkalouti/Documents/Codex/2026-09-27/i/work/art/aircraft-strike-final-production-v1/stage/assets/build/frames/unit.SA.strike/team/takeoff/d09_f03.png'
07:20.616  render           | Saved: '/Users/mohammedkalouti/Documents/Codex/2026-09-27/i/work/art/aircraft-strike-final-production-v1/stage/assets/build/frames/unit.SA.strike/shadow/takeoff/d09_f03.png'
07:21.190  render           | Saved: '/Users/mohammedkalouti/Documents/Codex/2026-09-27/i/work/art/aircraft-strike-final-production-v1/stage/assets/build/frames/unit.SA.strike/beauty/takeoff/d09_f04.png'
07:21.661  render           | Saved: '/Users/mohammedkalouti/Documents/Codex/2026-09-27/i/work/art/aircraft-strike-final-production-v1/stage/assets/build/frames/unit.SA.strike/team/takeoff/d09_f04.png'
07:22.472  render           | Saved: '/Users/mohammedkalouti/Documents/Codex/2026-09-27/i/work/art/aircraft-strike-final-production-v1/stage/assets/build/frames/unit.SA.strike/shadow/takeoff/d09_f04.png'
07:23.016  render           | Saved: '/Users/mohammedkalouti/Documents/Codex/2026-09-27/i/work/art/aircraft-strike-final-production-v1/stage/assets/build/frames/unit.SA.strike/beauty/takeoff/d09_f05.png'
07:23.503  render           | Saved: '/Users/mohammedkalouti/Documents/Codex/2026-09-27/i/work/art/aircraft-strike-final-production-v1/stage/assets/build/frames/unit.SA.strike/team/takeoff/d09_f05.png'
07:24.310  render           | Saved: '/Users/mohammedkalouti/Documents/Codex/2026-09-27/i/work/art/aircraft-strike-final-production-v1/stage/assets/build/frames/unit.SA.strike/shadow/takeoff/d09_f05.png'
07:24.866  render           | Saved: '/Users/mohammedkalouti/Documents/Codex/2026-09-27/i/work/art/aircraft-strike-final-production-v1/stage/assets/build/frames/unit.SA.strike/beauty/takeoff/d10_f00.png'
07:25.345  render           | Saved: '/Users/mohammedkalouti/Documents/Codex/2026-09-27/i/work/art/aircraft-strike-final-production-v1/stage/assets/build/frames/unit.SA.strike/team/takeoff/d10_f00.png'
07:26.166  render           | Saved: '/Users/mohammedkalouti/Documents/Codex/2026-09-27/i/work/art/aircraft-strike-final-production-v1/stage/assets/build/frames/unit.SA.strike/shadow/takeoff/d10_f00.png'
07:26.767  render           | Saved: '/Users/mohammedkalouti/Documents/Codex/2026-09-27/i/work/art/aircraft-strike-final-production-v1/stage/assets/build/frames/unit.SA.strike/beauty/takeoff/d10_f01.png'
07:27.241  render           | Saved: '/Users/mohammedkalouti/Documents/Codex/2026-09-27/i/work/art/aircraft-strike-final-production-v1/stage/assets/build/frames/unit.SA.strike/team/takeoff/d10_f01.png'
07:28.030  render           | Saved: '/Users/mohammedkalouti/Documents/Codex/2026-09-27/i/work/art/aircraft-strike-final-production-v1/stage/assets/build/frames/unit.SA.strike/shadow/takeoff/d10_f01.png'
07:28.592  render           | Saved: '/Users/mohammedkalouti/Documents/Codex/2026-09-27/i/work/art/aircraft-strike-final-production-v1/stage/assets/build/frames/unit.SA.strike/beauty/takeoff/d10_f02.png'
07:29.084  render           | Saved: '/Users/mohammedkalouti/Documents/Codex/2026-09-27/i/work/art/aircraft-strike-final-production-v1/stage/assets/build/frames/unit.SA.strike/team/takeoff/d10_f02.png'
07:29.875  render           | Saved: '/Users/mohammedkalouti/Documents/Codex/2026-09-27/i/work/art/aircraft-strike-final-production-v1/stage/assets/build/frames/unit.SA.strike/shadow/takeoff/d10_f02.png'
07:30.441  render           | Saved: '/Users/mohammedkalouti/Documents/Codex/2026-09-27/i/work/art/aircraft-strike-final-production-v1/stage/assets/build/frames/unit.SA.strike/beauty/takeoff/d10_f03.png'
07:30.928  render           | Saved: '/Users/mohammedkalouti/Documents/Codex/2026-09-27/i/work/art/aircraft-strike-final-production-v1/stage/assets/build/frames/unit.SA.strike/team/takeoff/d10_f03.png'
07:31.734  render           | Saved: '/Users/mohammedkalouti/Documents/Codex/2026-09-27/i/work/art/aircraft-strike-final-production-v1/stage/assets/build/frames/unit.SA.strike/shadow/takeoff/d10_f03.png'
07:32.299  render           | Saved: '/Users/mohammedkalouti/Documents/Codex/2026-09-27/i/work/art/aircraft-strike-final-production-v1/stage/assets/build/frames/unit.SA.strike/beauty/takeoff/d10_f04.png'
07:32.786  render           | Saved: '/Users/mohammedkalouti/Documents/Codex/2026-09-27/i/work/art/aircraft-strike-final-production-v1/stage/assets/build/frames/unit.SA.strike/team/takeoff/d10_f04.png'
07:33.582  render           | Saved: '/Users/mohammedkalouti/Documents/Codex/2026-09-27/i/work/art/aircraft-strike-final-production-v1/stage/assets/build/frames/unit.SA.strike/shadow/takeoff/d10_f04.png'
07:34.135  render           | Saved: '/Users/mohammedkalouti/Documents/Codex/2026-09-27/i/work/art/aircraft-strike-final-production-v1/stage/assets/build/frames/unit.SA.strike/beauty/takeoff/d10_f05.png'
07:34.605  render           | Saved: '/Users/mohammedkalouti/Documents/Codex/2026-09-27/i/work/art/aircraft-strike-final-production-v1/stage/assets/build/frames/unit.SA.strike/team/takeoff/d10_f05.png'
07:35.481  render           | Saved: '/Users/mohammedkalouti/Documents/Codex/2026-09-27/i/work/art/aircraft-strike-final-production-v1/stage/assets/build/frames/unit.SA.strike/shadow/takeoff/d10_f05.png'
07:36.099  render           | Saved: '/Users/mohammedkalouti/Documents/Codex/2026-09-27/i/work/art/aircraft-strike-final-production-v1/stage/assets/build/frames/unit.SA.strike/beauty/takeoff/d11_f00.png'
07:36.620  render           | Saved: '/Users/mohammedkalouti/Documents/Codex/2026-09-27/i/work/art/aircraft-strike-final-production-v1/stage/assets/build/frames/unit.SA.strike/team/takeoff/d11_f00.png'
07:37.494  render           | Saved: '/Users/mohammedkalouti/Documents/Codex/2026-09-27/i/work/art/aircraft-strike-final-production-v1/stage/assets/build/frames/unit.SA.strike/shadow/takeoff/d11_f00.png'
07:38.089  render           | Saved: '/Users/mohammedkalouti/Documents/Codex/2026-09-27/i/work/art/aircraft-strike-final-production-v1/stage/assets/build/frames/unit.SA.strike/beauty/takeoff/d11_f01.png'
07:38.646  render           | Saved: '/Users/mohammedkalouti/Documents/Codex/2026-09-27/i/work/art/aircraft-strike-final-production-v1/stage/assets/build/frames/unit.SA.strike/team/takeoff/d11_f01.png'
07:39.518  render           | Saved: '/Users/mohammedkalouti/Documents/Codex/2026-09-27/i/work/art/aircraft-strike-final-production-v1/stage/assets/build/frames/unit.SA.strike/shadow/takeoff/d11_f01.png'
07:40.146  render           | Saved: '/Users/mohammedkalouti/Documents/Codex/2026-09-27/i/work/art/aircraft-strike-final-production-v1/stage/assets/build/frames/unit.SA.strike/beauty/takeoff/d11_f02.png'
07:40.693  render           | Saved: '/Users/mohammedkalouti/Documents/Codex/2026-09-27/i/work/art/aircraft-strike-final-production-v1/stage/assets/build/frames/unit.SA.strike/team/takeoff/d11_f02.png'
07:41.577  render           | Saved: '/Users/mohammedkalouti/Documents/Codex/2026-09-27/i/work/art/aircraft-strike-final-production-v1/stage/assets/build/frames/unit.SA.strike/shadow/takeoff/d11_f02.png'
07:42.188  render           | Saved: '/Users/mohammedkalouti/Documents/Codex/2026-09-27/i/work/art/aircraft-strike-final-production-v1/stage/assets/build/frames/unit.SA.strike/beauty/takeoff/d11_f03.png'
07:42.684  render           | Saved: '/Users/mohammedkalouti/Documents/Codex/2026-09-27/i/work/art/aircraft-strike-final-production-v1/stage/assets/build/frames/unit.SA.strike/team/takeoff/d11_f03.png'
07:43.508  render           | Saved: '/Users/mohammedkalouti/Documents/Codex/2026-09-27/i/work/art/aircraft-strike-final-production-v1/stage/assets/build/frames/unit.SA.strike/shadow/takeoff/d11_f03.png'
07:44.123  render           | Saved: '/Users/mohammedkalouti/Documents/Codex/2026-09-27/i/work/art/aircraft-strike-final-production-v1/stage/assets/build/frames/unit.SA.strike/beauty/takeoff/d11_f04.png'
07:44.608  render           | Saved: '/Users/mohammedkalouti/Documents/Codex/2026-09-27/i/work/art/aircraft-strike-final-production-v1/stage/assets/build/frames/unit.SA.strike/team/takeoff/d11_f04.png'
07:45.461  render           | Saved: '/Users/mohammedkalouti/Documents/Codex/2026-09-27/i/work/art/aircraft-strike-final-production-v1/stage/assets/build/frames/unit.SA.strike/shadow/takeoff/d11_f04.png'
07:46.037  render           | Saved: '/Users/mohammedkalouti/Documents/Codex/2026-09-27/i/work/art/aircraft-strike-final-production-v1/stage/assets/build/frames/unit.SA.strike/beauty/takeoff/d11_f05.png'
07:46.502  render           | Saved: '/Users/mohammedkalouti/Documents/Codex/2026-09-27/i/work/art/aircraft-strike-final-production-v1/stage/assets/build/frames/unit.SA.strike/team/takeoff/d11_f05.png'
07:47.334  render           | Saved: '/Users/mohammedkalouti/Documents/Codex/2026-09-27/i/work/art/aircraft-strike-final-production-v1/stage/assets/build/frames/unit.SA.strike/shadow/takeoff/d11_f05.png'
07:47.921  render           | Saved: '/Users/mohammedkalouti/Documents/Codex/2026-09-27/i/work/art/aircraft-strike-final-production-v1/stage/assets/build/frames/unit.SA.strike/beauty/takeoff/d12_f00.png'
07:48.439  render           | Saved: '/Users/mohammedkalouti/Documents/Codex/2026-09-27/i/work/art/aircraft-strike-final-production-v1/stage/assets/build/frames/unit.SA.strike/team/takeoff/d12_f00.png'
07:49.267  render           | Saved: '/Users/mohammedkalouti/Documents/Codex/2026-09-27/i/work/art/aircraft-strike-final-production-v1/stage/assets/build/frames/unit.SA.strike/shadow/takeoff/d12_f00.png'
07:49.880  render           | Saved: '/Users/mohammedkalouti/Documents/Codex/2026-09-27/i/work/art/aircraft-strike-final-production-v1/stage/assets/build/frames/unit.SA.strike/beauty/takeoff/d12_f01.png'
07:50.384  render           | Saved: '/Users/mohammedkalouti/Documents/Codex/2026-09-27/i/work/art/aircraft-strike-final-production-v1/stage/assets/build/frames/unit.SA.strike/team/takeoff/d12_f01.png'
07:51.219  render           | Saved: '/Users/mohammedkalouti/Documents/Codex/2026-09-27/i/work/art/aircraft-strike-final-production-v1/stage/assets/build/frames/unit.SA.strike/shadow/takeoff/d12_f01.png'
07:51.811  render           | Saved: '/Users/mohammedkalouti/Documents/Codex/2026-09-27/i/work/art/aircraft-strike-final-production-v1/stage/assets/build/frames/unit.SA.strike/beauty/takeoff/d12_f02.png'
07:52.317  render           | Saved: '/Users/mohammedkalouti/Documents/Codex/2026-09-27/i/work/art/aircraft-strike-final-production-v1/stage/assets/build/frames/unit.SA.strike/team/takeoff/d12_f02.png'
07:53.136  render           | Saved: '/Users/mohammedkalouti/Documents/Codex/2026-09-27/i/work/art/aircraft-strike-final-production-v1/stage/assets/build/frames/unit.SA.strike/shadow/takeoff/d12_f02.png'
07:53.769  render           | Saved: '/Users/mohammedkalouti/Documents/Codex/2026-09-27/i/work/art/aircraft-strike-final-production-v1/stage/assets/build/frames/unit.SA.strike/beauty/takeoff/d12_f03.png'
07:54.238  render           | Saved: '/Users/mohammedkalouti/Documents/Codex/2026-09-27/i/work/art/aircraft-strike-final-production-v1/stage/assets/build/frames/unit.SA.strike/team/takeoff/d12_f03.png'
07:55.042  render           | Saved: '/Users/mohammedkalouti/Documents/Codex/2026-09-27/i/work/art/aircraft-strike-final-production-v1/stage/assets/build/frames/unit.SA.strike/shadow/takeoff/d12_f03.png'
07:55.620  render           | Saved: '/Users/mohammedkalouti/Documents/Codex/2026-09-27/i/work/art/aircraft-strike-final-production-v1/stage/assets/build/frames/unit.SA.strike/beauty/takeoff/d12_f04.png'
07:56.107  render           | Saved: '/Users/mohammedkalouti/Documents/Codex/2026-09-27/i/work/art/aircraft-strike-final-production-v1/stage/assets/build/frames/unit.SA.strike/team/takeoff/d12_f04.png'
07:56.925  render           | Saved: '/Users/mohammedkalouti/Documents/Codex/2026-09-27/i/work/art/aircraft-strike-final-production-v1/stage/assets/build/frames/unit.SA.strike/shadow/takeoff/d12_f04.png'
07:57.496  render           | Saved: '/Users/mohammedkalouti/Documents/Codex/2026-09-27/i/work/art/aircraft-strike-final-production-v1/stage/assets/build/frames/unit.SA.strike/beauty/takeoff/d12_f05.png'
07:57.976  render           | Saved: '/Users/mohammedkalouti/Documents/Codex/2026-09-27/i/work/art/aircraft-strike-final-production-v1/stage/assets/build/frames/unit.SA.strike/team/takeoff/d12_f05.png'
07:58.781  render           | Saved: '/Users/mohammedkalouti/Documents/Codex/2026-09-27/i/work/art/aircraft-strike-final-production-v1/stage/assets/build/frames/unit.SA.strike/shadow/takeoff/d12_f05.png'
07:59.349  render           | Saved: '/Users/mohammedkalouti/Documents/Codex/2026-09-27/i/work/art/aircraft-strike-final-production-v1/stage/assets/build/frames/unit.SA.strike/beauty/takeoff/d13_f00.png'
07:59.847  render           | Saved: '/Users/mohammedkalouti/Documents/Codex/2026-09-27/i/work/art/aircraft-strike-final-production-v1/stage/assets/build/frames/unit.SA.strike/team/takeoff/d13_f00.png'
08:00.656  render           | Saved: '/Users/mohammedkalouti/Documents/Codex/2026-09-27/i/work/art/aircraft-strike-final-production-v1/stage/assets/build/frames/unit.SA.strike/shadow/takeoff/d13_f00.png'
08:01.239  render           | Saved: '/Users/mohammedkalouti/Documents/Codex/2026-09-27/i/work/art/aircraft-strike-final-production-v1/stage/assets/build/frames/unit.SA.strike/beauty/takeoff/d13_f01.png'
08:01.707  render           | Saved: '/Users/mohammedkalouti/Documents/Codex/2026-09-27/i/work/art/aircraft-strike-final-production-v1/stage/assets/build/frames/unit.SA.strike/team/takeoff/d13_f01.png'
08:02.496  render           | Saved: '/Users/mohammedkalouti/Documents/Codex/2026-09-27/i/work/art/aircraft-strike-final-production-v1/stage/assets/build/frames/unit.SA.strike/shadow/takeoff/d13_f01.png'
08:03.078  render           | Saved: '/Users/mohammedkalouti/Documents/Codex/2026-09-27/i/work/art/aircraft-strike-final-production-v1/stage/assets/build/frames/unit.SA.strike/beauty/takeoff/d13_f02.png'
08:03.551  render           | Saved: '/Users/mohammedkalouti/Documents/Codex/2026-09-27/i/work/art/aircraft-strike-final-production-v1/stage/assets/build/frames/unit.SA.strike/team/takeoff/d13_f02.png'
08:04.357  render           | Saved: '/Users/mohammedkalouti/Documents/Codex/2026-09-27/i/work/art/aircraft-strike-final-production-v1/stage/assets/build/frames/unit.SA.strike/shadow/takeoff/d13_f02.png'
08:04.942  render           | Saved: '/Users/mohammedkalouti/Documents/Codex/2026-09-27/i/work/art/aircraft-strike-final-production-v1/stage/assets/build/frames/unit.SA.strike/beauty/takeoff/d13_f03.png'
08:05.403  render           | Saved: '/Users/mohammedkalouti/Documents/Codex/2026-09-27/i/work/art/aircraft-strike-final-production-v1/stage/assets/build/frames/unit.SA.strike/team/takeoff/d13_f03.png'
08:06.200  render           | Saved: '/Users/mohammedkalouti/Documents/Codex/2026-09-27/i/work/art/aircraft-strike-final-production-v1/stage/assets/build/frames/unit.SA.strike/shadow/takeoff/d13_f03.png'
08:06.768  render           | Saved: '/Users/mohammedkalouti/Documents/Codex/2026-09-27/i/work/art/aircraft-strike-final-production-v1/stage/assets/build/frames/unit.SA.strike/beauty/takeoff/d13_f04.png'
08:07.248  render           | Saved: '/Users/mohammedkalouti/Documents/Codex/2026-09-27/i/work/art/aircraft-strike-final-production-v1/stage/assets/build/frames/unit.SA.strike/team/takeoff/d13_f04.png'
08:08.030  render           | Saved: '/Users/mohammedkalouti/Documents/Codex/2026-09-27/i/work/art/aircraft-strike-final-production-v1/stage/assets/build/frames/unit.SA.strike/shadow/takeoff/d13_f04.png'
08:08.619  render           | Saved: '/Users/mohammedkalouti/Documents/Codex/2026-09-27/i/work/art/aircraft-strike-final-production-v1/stage/assets/build/frames/unit.SA.strike/beauty/takeoff/d13_f05.png'
08:09.140  render           | Saved: '/Users/mohammedkalouti/Documents/Codex/2026-09-27/i/work/art/aircraft-strike-final-production-v1/stage/assets/build/frames/unit.SA.strike/team/takeoff/d13_f05.png'
08:09.968  render           | Saved: '/Users/mohammedkalouti/Documents/Codex/2026-09-27/i/work/art/aircraft-strike-final-production-v1/stage/assets/build/frames/unit.SA.strike/shadow/takeoff/d13_f05.png'
08:10.557  render           | Saved: '/Users/mohammedkalouti/Documents/Codex/2026-09-27/i/work/art/aircraft-strike-final-production-v1/stage/assets/build/frames/unit.SA.strike/beauty/takeoff/d14_f00.png'
08:11.053  render           | Saved: '/Users/mohammedkalouti/Documents/Codex/2026-09-27/i/work/art/aircraft-strike-final-production-v1/stage/assets/build/frames/unit.SA.strike/team/takeoff/d14_f00.png'
08:11.848  render           | Saved: '/Users/mohammedkalouti/Documents/Codex/2026-09-27/i/work/art/aircraft-strike-final-production-v1/stage/assets/build/frames/unit.SA.strike/shadow/takeoff/d14_f00.png'
08:12.410  render           | Saved: '/Users/mohammedkalouti/Documents/Codex/2026-09-27/i/work/art/aircraft-strike-final-production-v1/stage/assets/build/frames/unit.SA.strike/beauty/takeoff/d14_f01.png'
08:12.899  render           | Saved: '/Users/mohammedkalouti/Documents/Codex/2026-09-27/i/work/art/aircraft-strike-final-production-v1/stage/assets/build/frames/unit.SA.strike/team/takeoff/d14_f01.png'
08:13.716  render           | Saved: '/Users/mohammedkalouti/Documents/Codex/2026-09-27/i/work/art/aircraft-strike-final-production-v1/stage/assets/build/frames/unit.SA.strike/shadow/takeoff/d14_f01.png'
08:14.286  render           | Saved: '/Users/mohammedkalouti/Documents/Codex/2026-09-27/i/work/art/aircraft-strike-final-production-v1/stage/assets/build/frames/unit.SA.strike/beauty/takeoff/d14_f02.png'
08:14.766  render           | Saved: '/Users/mohammedkalouti/Documents/Codex/2026-09-27/i/work/art/aircraft-strike-final-production-v1/stage/assets/build/frames/unit.SA.strike/team/takeoff/d14_f02.png'
08:15.588  render           | Saved: '/Users/mohammedkalouti/Documents/Codex/2026-09-27/i/work/art/aircraft-strike-final-production-v1/stage/assets/build/frames/unit.SA.strike/shadow/takeoff/d14_f02.png'
08:16.517  render           | Saved: '/Users/mohammedkalouti/Documents/Codex/2026-09-27/i/work/art/aircraft-strike-final-production-v1/stage/assets/build/frames/unit.SA.strike/beauty/takeoff/d14_f03.png'
08:17.035  render           | Saved: '/Users/mohammedkalouti/Documents/Codex/2026-09-27/i/work/art/aircraft-strike-final-production-v1/stage/assets/build/frames/unit.SA.strike/team/takeoff/d14_f03.png'
08:17.844  render           | Saved: '/Users/mohammedkalouti/Documents/Codex/2026-09-27/i/work/art/aircraft-strike-final-production-v1/stage/assets/build/frames/unit.SA.strike/shadow/takeoff/d14_f03.png'
08:18.425  render           | Saved: '/Users/mohammedkalouti/Documents/Codex/2026-09-27/i/work/art/aircraft-strike-final-production-v1/stage/assets/build/frames/unit.SA.strike/beauty/takeoff/d14_f04.png'
08:18.912  render           | Saved: '/Users/mohammedkalouti/Documents/Codex/2026-09-27/i/work/art/aircraft-strike-final-production-v1/stage/assets/build/frames/unit.SA.strike/team/takeoff/d14_f04.png'
08:19.741  render           | Saved: '/Users/mohammedkalouti/Documents/Codex/2026-09-27/i/work/art/aircraft-strike-final-production-v1/stage/assets/build/frames/unit.SA.strike/shadow/takeoff/d14_f04.png'
08:20.342  render           | Saved: '/Users/mohammedkalouti/Documents/Codex/2026-09-27/i/work/art/aircraft-strike-final-production-v1/stage/assets/build/frames/unit.SA.strike/beauty/takeoff/d14_f05.png'
08:20.826  render           | Saved: '/Users/mohammedkalouti/Documents/Codex/2026-09-27/i/work/art/aircraft-strike-final-production-v1/stage/assets/build/frames/unit.SA.strike/team/takeoff/d14_f05.png'
08:21.632  render           | Saved: '/Users/mohammedkalouti/Documents/Codex/2026-09-27/i/work/art/aircraft-strike-final-production-v1/stage/assets/build/frames/unit.SA.strike/shadow/takeoff/d14_f05.png'
08:22.184  render           | Saved: '/Users/mohammedkalouti/Documents/Codex/2026-09-27/i/work/art/aircraft-strike-final-production-v1/stage/assets/build/frames/unit.SA.strike/beauty/takeoff/d15_f00.png'
08:22.665  render           | Saved: '/Users/mohammedkalouti/Documents/Codex/2026-09-27/i/work/art/aircraft-strike-final-production-v1/stage/assets/build/frames/unit.SA.strike/team/takeoff/d15_f00.png'
08:23.474  render           | Saved: '/Users/mohammedkalouti/Documents/Codex/2026-09-27/i/work/art/aircraft-strike-final-production-v1/stage/assets/build/frames/unit.SA.strike/shadow/takeoff/d15_f00.png'
08:24.093  render           | Saved: '/Users/mohammedkalouti/Documents/Codex/2026-09-27/i/work/art/aircraft-strike-final-production-v1/stage/assets/build/frames/unit.SA.strike/beauty/takeoff/d15_f01.png'
08:24.606  render           | Saved: '/Users/mohammedkalouti/Documents/Codex/2026-09-27/i/work/art/aircraft-strike-final-production-v1/stage/assets/build/frames/unit.SA.strike/team/takeoff/d15_f01.png'
08:25.414  render           | Saved: '/Users/mohammedkalouti/Documents/Codex/2026-09-27/i/work/art/aircraft-strike-final-production-v1/stage/assets/build/frames/unit.SA.strike/shadow/takeoff/d15_f01.png'
08:26.006  render           | Saved: '/Users/mohammedkalouti/Documents/Codex/2026-09-27/i/work/art/aircraft-strike-final-production-v1/stage/assets/build/frames/unit.SA.strike/beauty/takeoff/d15_f02.png'
08:26.532  render           | Saved: '/Users/mohammedkalouti/Documents/Codex/2026-09-27/i/work/art/aircraft-strike-final-production-v1/stage/assets/build/frames/unit.SA.strike/team/takeoff/d15_f02.png'
08:27.407  render           | Saved: '/Users/mohammedkalouti/Documents/Codex/2026-09-27/i/work/art/aircraft-strike-final-production-v1/stage/assets/build/frames/unit.SA.strike/shadow/takeoff/d15_f02.png'
08:28.053  render           | Saved: '/Users/mohammedkalouti/Documents/Codex/2026-09-27/i/work/art/aircraft-strike-final-production-v1/stage/assets/build/frames/unit.SA.strike/beauty/takeoff/d15_f03.png'
08:28.588  render           | Saved: '/Users/mohammedkalouti/Documents/Codex/2026-09-27/i/work/art/aircraft-strike-final-production-v1/stage/assets/build/frames/unit.SA.strike/team/takeoff/d15_f03.png'
08:29.493  render           | Saved: '/Users/mohammedkalouti/Documents/Codex/2026-09-27/i/work/art/aircraft-strike-final-production-v1/stage/assets/build/frames/unit.SA.strike/shadow/takeoff/d15_f03.png'
08:30.122  render           | Saved: '/Users/mohammedkalouti/Documents/Codex/2026-09-27/i/work/art/aircraft-strike-final-production-v1/stage/assets/build/frames/unit.SA.strike/beauty/takeoff/d15_f04.png'
08:30.662  render           | Saved: '/Users/mohammedkalouti/Documents/Codex/2026-09-27/i/work/art/aircraft-strike-final-production-v1/stage/assets/build/frames/unit.SA.strike/team/takeoff/d15_f04.png'
08:31.534  render           | Saved: '/Users/mohammedkalouti/Documents/Codex/2026-09-27/i/work/art/aircraft-strike-final-production-v1/stage/assets/build/frames/unit.SA.strike/shadow/takeoff/d15_f04.png'
08:32.134  render           | Saved: '/Users/mohammedkalouti/Documents/Codex/2026-09-27/i/work/art/aircraft-strike-final-production-v1/stage/assets/build/frames/unit.SA.strike/beauty/takeoff/d15_f05.png'
08:32.626  render           | Saved: '/Users/mohammedkalouti/Documents/Codex/2026-09-27/i/work/art/aircraft-strike-final-production-v1/stage/assets/build/frames/unit.SA.strike/team/takeoff/d15_f05.png'
08:33.451  render           | Saved: '/Users/mohammedkalouti/Documents/Codex/2026-09-27/i/work/art/aircraft-strike-final-production-v1/stage/assets/build/frames/unit.SA.strike/shadow/takeoff/d15_f05.png'
08:34.046  render           | Saved: '/Users/mohammedkalouti/Documents/Codex/2026-09-27/i/work/art/aircraft-strike-final-production-v1/stage/assets/build/frames/unit.SA.strike/beauty/landing/d00_f00.png'
08:34.555  render           | Saved: '/Users/mohammedkalouti/Documents/Codex/2026-09-27/i/work/art/aircraft-strike-final-production-v1/stage/assets/build/frames/unit.SA.strike/team/landing/d00_f00.png'
08:35.396  render           | Saved: '/Users/mohammedkalouti/Documents/Codex/2026-09-27/i/work/art/aircraft-strike-final-production-v1/stage/assets/build/frames/unit.SA.strike/shadow/landing/d00_f00.png'
08:35.986  render           | Saved: '/Users/mohammedkalouti/Documents/Codex/2026-09-27/i/work/art/aircraft-strike-final-production-v1/stage/assets/build/frames/unit.SA.strike/beauty/landing/d00_f01.png'
08:36.476  render           | Saved: '/Users/mohammedkalouti/Documents/Codex/2026-09-27/i/work/art/aircraft-strike-final-production-v1/stage/assets/build/frames/unit.SA.strike/team/landing/d00_f01.png'
08:37.339  render           | Saved: '/Users/mohammedkalouti/Documents/Codex/2026-09-27/i/work/art/aircraft-strike-final-production-v1/stage/assets/build/frames/unit.SA.strike/shadow/landing/d00_f01.png'
08:37.932  render           | Saved: '/Users/mohammedkalouti/Documents/Codex/2026-09-27/i/work/art/aircraft-strike-final-production-v1/stage/assets/build/frames/unit.SA.strike/beauty/landing/d00_f02.png'
08:38.438  render           | Saved: '/Users/mohammedkalouti/Documents/Codex/2026-09-27/i/work/art/aircraft-strike-final-production-v1/stage/assets/build/frames/unit.SA.strike/team/landing/d00_f02.png'
08:39.284  render           | Saved: '/Users/mohammedkalouti/Documents/Codex/2026-09-27/i/work/art/aircraft-strike-final-production-v1/stage/assets/build/frames/unit.SA.strike/shadow/landing/d00_f02.png'
08:39.907  render           | Saved: '/Users/mohammedkalouti/Documents/Codex/2026-09-27/i/work/art/aircraft-strike-final-production-v1/stage/assets/build/frames/unit.SA.strike/beauty/landing/d00_f03.png'
08:40.394  render           | Saved: '/Users/mohammedkalouti/Documents/Codex/2026-09-27/i/work/art/aircraft-strike-final-production-v1/stage/assets/build/frames/unit.SA.strike/team/landing/d00_f03.png'
08:41.202  render           | Saved: '/Users/mohammedkalouti/Documents/Codex/2026-09-27/i/work/art/aircraft-strike-final-production-v1/stage/assets/build/frames/unit.SA.strike/shadow/landing/d00_f03.png'
08:41.829  render           | Saved: '/Users/mohammedkalouti/Documents/Codex/2026-09-27/i/work/art/aircraft-strike-final-production-v1/stage/assets/build/frames/unit.SA.strike/beauty/landing/d00_f04.png'
08:42.365  render           | Saved: '/Users/mohammedkalouti/Documents/Codex/2026-09-27/i/work/art/aircraft-strike-final-production-v1/stage/assets/build/frames/unit.SA.strike/team/landing/d00_f04.png'
08:43.169  render           | Saved: '/Users/mohammedkalouti/Documents/Codex/2026-09-27/i/work/art/aircraft-strike-final-production-v1/stage/assets/build/frames/unit.SA.strike/shadow/landing/d00_f04.png'
08:43.778  render           | Saved: '/Users/mohammedkalouti/Documents/Codex/2026-09-27/i/work/art/aircraft-strike-final-production-v1/stage/assets/build/frames/unit.SA.strike/beauty/landing/d00_f05.png'
08:44.277  render           | Saved: '/Users/mohammedkalouti/Documents/Codex/2026-09-27/i/work/art/aircraft-strike-final-production-v1/stage/assets/build/frames/unit.SA.strike/team/landing/d00_f05.png'
08:45.101  render           | Saved: '/Users/mohammedkalouti/Documents/Codex/2026-09-27/i/work/art/aircraft-strike-final-production-v1/stage/assets/build/frames/unit.SA.strike/shadow/landing/d00_f05.png'
08:45.681  render           | Saved: '/Users/mohammedkalouti/Documents/Codex/2026-09-27/i/work/art/aircraft-strike-final-production-v1/stage/assets/build/frames/unit.SA.strike/beauty/landing/d01_f00.png'
08:46.175  render           | Saved: '/Users/mohammedkalouti/Documents/Codex/2026-09-27/i/work/art/aircraft-strike-final-production-v1/stage/assets/build/frames/unit.SA.strike/team/landing/d01_f00.png'
08:46.995  render           | Saved: '/Users/mohammedkalouti/Documents/Codex/2026-09-27/i/work/art/aircraft-strike-final-production-v1/stage/assets/build/frames/unit.SA.strike/shadow/landing/d01_f00.png'
08:47.624  render           | Saved: '/Users/mohammedkalouti/Documents/Codex/2026-09-27/i/work/art/aircraft-strike-final-production-v1/stage/assets/build/frames/unit.SA.strike/beauty/landing/d01_f01.png'
08:48.113  render           | Saved: '/Users/mohammedkalouti/Documents/Codex/2026-09-27/i/work/art/aircraft-strike-final-production-v1/stage/assets/build/frames/unit.SA.strike/team/landing/d01_f01.png'
08:48.929  render           | Saved: '/Users/mohammedkalouti/Documents/Codex/2026-09-27/i/work/art/aircraft-strike-final-production-v1/stage/assets/build/frames/unit.SA.strike/shadow/landing/d01_f01.png'
08:49.506  render           | Saved: '/Users/mohammedkalouti/Documents/Codex/2026-09-27/i/work/art/aircraft-strike-final-production-v1/stage/assets/build/frames/unit.SA.strike/beauty/landing/d01_f02.png'
08:50.020  render           | Saved: '/Users/mohammedkalouti/Documents/Codex/2026-09-27/i/work/art/aircraft-strike-final-production-v1/stage/assets/build/frames/unit.SA.strike/team/landing/d01_f02.png'
08:50.822  render           | Saved: '/Users/mohammedkalouti/Documents/Codex/2026-09-27/i/work/art/aircraft-strike-final-production-v1/stage/assets/build/frames/unit.SA.strike/shadow/landing/d01_f02.png'
08:51.439  render           | Saved: '/Users/mohammedkalouti/Documents/Codex/2026-09-27/i/work/art/aircraft-strike-final-production-v1/stage/assets/build/frames/unit.SA.strike/beauty/landing/d01_f03.png'
08:51.950  render           | Saved: '/Users/mohammedkalouti/Documents/Codex/2026-09-27/i/work/art/aircraft-strike-final-production-v1/stage/assets/build/frames/unit.SA.strike/team/landing/d01_f03.png'
08:52.751  render           | Saved: '/Users/mohammedkalouti/Documents/Codex/2026-09-27/i/work/art/aircraft-strike-final-production-v1/stage/assets/build/frames/unit.SA.strike/shadow/landing/d01_f03.png'
08:53.329  render           | Saved: '/Users/mohammedkalouti/Documents/Codex/2026-09-27/i/work/art/aircraft-strike-final-production-v1/stage/assets/build/frames/unit.SA.strike/beauty/landing/d01_f04.png'
08:53.811  render           | Saved: '/Users/mohammedkalouti/Documents/Codex/2026-09-27/i/work/art/aircraft-strike-final-production-v1/stage/assets/build/frames/unit.SA.strike/team/landing/d01_f04.png'
08:54.633  render           | Saved: '/Users/mohammedkalouti/Documents/Codex/2026-09-27/i/work/art/aircraft-strike-final-production-v1/stage/assets/build/frames/unit.SA.strike/shadow/landing/d01_f04.png'
08:55.245  render           | Saved: '/Users/mohammedkalouti/Documents/Codex/2026-09-27/i/work/art/aircraft-strike-final-production-v1/stage/assets/build/frames/unit.SA.strike/beauty/landing/d01_f05.png'
08:55.733  render           | Saved: '/Users/mohammedkalouti/Documents/Codex/2026-09-27/i/work/art/aircraft-strike-final-production-v1/stage/assets/build/frames/unit.SA.strike/team/landing/d01_f05.png'
08:56.536  render           | Saved: '/Users/mohammedkalouti/Documents/Codex/2026-09-27/i/work/art/aircraft-strike-final-production-v1/stage/assets/build/frames/unit.SA.strike/shadow/landing/d01_f05.png'
08:57.090  render           | Saved: '/Users/mohammedkalouti/Documents/Codex/2026-09-27/i/work/art/aircraft-strike-final-production-v1/stage/assets/build/frames/unit.SA.strike/beauty/landing/d02_f00.png'
08:57.582  render           | Saved: '/Users/mohammedkalouti/Documents/Codex/2026-09-27/i/work/art/aircraft-strike-final-production-v1/stage/assets/build/frames/unit.SA.strike/team/landing/d02_f00.png'
08:58.441  render           | Saved: '/Users/mohammedkalouti/Documents/Codex/2026-09-27/i/work/art/aircraft-strike-final-production-v1/stage/assets/build/frames/unit.SA.strike/shadow/landing/d02_f00.png'
08:59.032  render           | Saved: '/Users/mohammedkalouti/Documents/Codex/2026-09-27/i/work/art/aircraft-strike-final-production-v1/stage/assets/build/frames/unit.SA.strike/beauty/landing/d02_f01.png'
08:59.531  render           | Saved: '/Users/mohammedkalouti/Documents/Codex/2026-09-27/i/work/art/aircraft-strike-final-production-v1/stage/assets/build/frames/unit.SA.strike/team/landing/d02_f01.png'
09:00.322  render           | Saved: '/Users/mohammedkalouti/Documents/Codex/2026-09-27/i/work/art/aircraft-strike-final-production-v1/stage/assets/build/frames/unit.SA.strike/shadow/landing/d02_f01.png'
09:00.876  render           | Saved: '/Users/mohammedkalouti/Documents/Codex/2026-09-27/i/work/art/aircraft-strike-final-production-v1/stage/assets/build/frames/unit.SA.strike/beauty/landing/d02_f02.png'
09:01.378  render           | Saved: '/Users/mohammedkalouti/Documents/Codex/2026-09-27/i/work/art/aircraft-strike-final-production-v1/stage/assets/build/frames/unit.SA.strike/team/landing/d02_f02.png'
09:02.213  render           | Saved: '/Users/mohammedkalouti/Documents/Codex/2026-09-27/i/work/art/aircraft-strike-final-production-v1/stage/assets/build/frames/unit.SA.strike/shadow/landing/d02_f02.png'
09:02.799  render           | Saved: '/Users/mohammedkalouti/Documents/Codex/2026-09-27/i/work/art/aircraft-strike-final-production-v1/stage/assets/build/frames/unit.SA.strike/beauty/landing/d02_f03.png'
09:03.313  render           | Saved: '/Users/mohammedkalouti/Documents/Codex/2026-09-27/i/work/art/aircraft-strike-final-production-v1/stage/assets/build/frames/unit.SA.strike/team/landing/d02_f03.png'
09:04.110  render           | Saved: '/Users/mohammedkalouti/Documents/Codex/2026-09-27/i/work/art/aircraft-strike-final-production-v1/stage/assets/build/frames/unit.SA.strike/shadow/landing/d02_f03.png'
09:04.667  render           | Saved: '/Users/mohammedkalouti/Documents/Codex/2026-09-27/i/work/art/aircraft-strike-final-production-v1/stage/assets/build/frames/unit.SA.strike/beauty/landing/d02_f04.png'
09:05.148  render           | Saved: '/Users/mohammedkalouti/Documents/Codex/2026-09-27/i/work/art/aircraft-strike-final-production-v1/stage/assets/build/frames/unit.SA.strike/team/landing/d02_f04.png'
09:05.962  render           | Saved: '/Users/mohammedkalouti/Documents/Codex/2026-09-27/i/work/art/aircraft-strike-final-production-v1/stage/assets/build/frames/unit.SA.strike/shadow/landing/d02_f04.png'
09:06.530  render           | Saved: '/Users/mohammedkalouti/Documents/Codex/2026-09-27/i/work/art/aircraft-strike-final-production-v1/stage/assets/build/frames/unit.SA.strike/beauty/landing/d02_f05.png'
09:07.008  render           | Saved: '/Users/mohammedkalouti/Documents/Codex/2026-09-27/i/work/art/aircraft-strike-final-production-v1/stage/assets/build/frames/unit.SA.strike/team/landing/d02_f05.png'
09:07.832  render           | Saved: '/Users/mohammedkalouti/Documents/Codex/2026-09-27/i/work/art/aircraft-strike-final-production-v1/stage/assets/build/frames/unit.SA.strike/shadow/landing/d02_f05.png'
09:08.385  render           | Saved: '/Users/mohammedkalouti/Documents/Codex/2026-09-27/i/work/art/aircraft-strike-final-production-v1/stage/assets/build/frames/unit.SA.strike/beauty/landing/d03_f00.png'
09:08.863  render           | Saved: '/Users/mohammedkalouti/Documents/Codex/2026-09-27/i/work/art/aircraft-strike-final-production-v1/stage/assets/build/frames/unit.SA.strike/team/landing/d03_f00.png'
09:09.677  render           | Saved: '/Users/mohammedkalouti/Documents/Codex/2026-09-27/i/work/art/aircraft-strike-final-production-v1/stage/assets/build/frames/unit.SA.strike/shadow/landing/d03_f00.png'
09:10.253  render           | Saved: '/Users/mohammedkalouti/Documents/Codex/2026-09-27/i/work/art/aircraft-strike-final-production-v1/stage/assets/build/frames/unit.SA.strike/beauty/landing/d03_f01.png'
09:10.737  render           | Saved: '/Users/mohammedkalouti/Documents/Codex/2026-09-27/i/work/art/aircraft-strike-final-production-v1/stage/assets/build/frames/unit.SA.strike/team/landing/d03_f01.png'
09:11.637  render           | Saved: '/Users/mohammedkalouti/Documents/Codex/2026-09-27/i/work/art/aircraft-strike-final-production-v1/stage/assets/build/frames/unit.SA.strike/shadow/landing/d03_f01.png'
09:12.285  render           | Saved: '/Users/mohammedkalouti/Documents/Codex/2026-09-27/i/work/art/aircraft-strike-final-production-v1/stage/assets/build/frames/unit.SA.strike/beauty/landing/d03_f02.png'
09:12.907  render           | Saved: '/Users/mohammedkalouti/Documents/Codex/2026-09-27/i/work/art/aircraft-strike-final-production-v1/stage/assets/build/frames/unit.SA.strike/team/landing/d03_f02.png'
09:13.805  render           | Saved: '/Users/mohammedkalouti/Documents/Codex/2026-09-27/i/work/art/aircraft-strike-final-production-v1/stage/assets/build/frames/unit.SA.strike/shadow/landing/d03_f02.png'
09:14.429  render           | Saved: '/Users/mohammedkalouti/Documents/Codex/2026-09-27/i/work/art/aircraft-strike-final-production-v1/stage/assets/build/frames/unit.SA.strike/beauty/landing/d03_f03.png'
09:14.958  render           | Saved: '/Users/mohammedkalouti/Documents/Codex/2026-09-27/i/work/art/aircraft-strike-final-production-v1/stage/assets/build/frames/unit.SA.strike/team/landing/d03_f03.png'
09:15.847  render           | Saved: '/Users/mohammedkalouti/Documents/Codex/2026-09-27/i/work/art/aircraft-strike-final-production-v1/stage/assets/build/frames/unit.SA.strike/shadow/landing/d03_f03.png'
09:16.463  render           | Saved: '/Users/mohammedkalouti/Documents/Codex/2026-09-27/i/work/art/aircraft-strike-final-production-v1/stage/assets/build/frames/unit.SA.strike/beauty/landing/d03_f04.png'
09:17.046  render           | Saved: '/Users/mohammedkalouti/Documents/Codex/2026-09-27/i/work/art/aircraft-strike-final-production-v1/stage/assets/build/frames/unit.SA.strike/team/landing/d03_f04.png'
09:17.969  render           | Saved: '/Users/mohammedkalouti/Documents/Codex/2026-09-27/i/work/art/aircraft-strike-final-production-v1/stage/assets/build/frames/unit.SA.strike/shadow/landing/d03_f04.png'
09:18.618  render           | Saved: '/Users/mohammedkalouti/Documents/Codex/2026-09-27/i/work/art/aircraft-strike-final-production-v1/stage/assets/build/frames/unit.SA.strike/beauty/landing/d03_f05.png'
09:19.163  render           | Saved: '/Users/mohammedkalouti/Documents/Codex/2026-09-27/i/work/art/aircraft-strike-final-production-v1/stage/assets/build/frames/unit.SA.strike/team/landing/d03_f05.png'
09:20.114  render           | Saved: '/Users/mohammedkalouti/Documents/Codex/2026-09-27/i/work/art/aircraft-strike-final-production-v1/stage/assets/build/frames/unit.SA.strike/shadow/landing/d03_f05.png'
09:20.772  render           | Saved: '/Users/mohammedkalouti/Documents/Codex/2026-09-27/i/work/art/aircraft-strike-final-production-v1/stage/assets/build/frames/unit.SA.strike/beauty/landing/d04_f00.png'
09:21.341  render           | Saved: '/Users/mohammedkalouti/Documents/Codex/2026-09-27/i/work/art/aircraft-strike-final-production-v1/stage/assets/build/frames/unit.SA.strike/team/landing/d04_f00.png'
09:22.297  render           | Saved: '/Users/mohammedkalouti/Documents/Codex/2026-09-27/i/work/art/aircraft-strike-final-production-v1/stage/assets/build/frames/unit.SA.strike/shadow/landing/d04_f00.png'
09:22.977  render           | Saved: '/Users/mohammedkalouti/Documents/Codex/2026-09-27/i/work/art/aircraft-strike-final-production-v1/stage/assets/build/frames/unit.SA.strike/beauty/landing/d04_f01.png'
09:23.527  render           | Saved: '/Users/mohammedkalouti/Documents/Codex/2026-09-27/i/work/art/aircraft-strike-final-production-v1/stage/assets/build/frames/unit.SA.strike/team/landing/d04_f01.png'
09:24.474  render           | Saved: '/Users/mohammedkalouti/Documents/Codex/2026-09-27/i/work/art/aircraft-strike-final-production-v1/stage/assets/build/frames/unit.SA.strike/shadow/landing/d04_f01.png'
09:25.263  render           | Saved: '/Users/mohammedkalouti/Documents/Codex/2026-09-27/i/work/art/aircraft-strike-final-production-v1/stage/assets/build/frames/unit.SA.strike/beauty/landing/d04_f02.png'
09:25.855  render           | Saved: '/Users/mohammedkalouti/Documents/Codex/2026-09-27/i/work/art/aircraft-strike-final-production-v1/stage/assets/build/frames/unit.SA.strike/team/landing/d04_f02.png'
09:26.768  render           | Saved: '/Users/mohammedkalouti/Documents/Codex/2026-09-27/i/work/art/aircraft-strike-final-production-v1/stage/assets/build/frames/unit.SA.strike/shadow/landing/d04_f02.png'
09:27.434  render           | Saved: '/Users/mohammedkalouti/Documents/Codex/2026-09-27/i/work/art/aircraft-strike-final-production-v1/stage/assets/build/frames/unit.SA.strike/beauty/landing/d04_f03.png'
09:27.993  render           | Saved: '/Users/mohammedkalouti/Documents/Codex/2026-09-27/i/work/art/aircraft-strike-final-production-v1/stage/assets/build/frames/unit.SA.strike/team/landing/d04_f03.png'
09:28.927  render           | Saved: '/Users/mohammedkalouti/Documents/Codex/2026-09-27/i/work/art/aircraft-strike-final-production-v1/stage/assets/build/frames/unit.SA.strike/shadow/landing/d04_f03.png'
09:29.564  render           | Saved: '/Users/mohammedkalouti/Documents/Codex/2026-09-27/i/work/art/aircraft-strike-final-production-v1/stage/assets/build/frames/unit.SA.strike/beauty/landing/d04_f04.png'
09:30.141  render           | Saved: '/Users/mohammedkalouti/Documents/Codex/2026-09-27/i/work/art/aircraft-strike-final-production-v1/stage/assets/build/frames/unit.SA.strike/team/landing/d04_f04.png'
09:31.093  render           | Saved: '/Users/mohammedkalouti/Documents/Codex/2026-09-27/i/work/art/aircraft-strike-final-production-v1/stage/assets/build/frames/unit.SA.strike/shadow/landing/d04_f04.png'
09:31.737  render           | Saved: '/Users/mohammedkalouti/Documents/Codex/2026-09-27/i/work/art/aircraft-strike-final-production-v1/stage/assets/build/frames/unit.SA.strike/beauty/landing/d04_f05.png'
09:32.278  render           | Saved: '/Users/mohammedkalouti/Documents/Codex/2026-09-27/i/work/art/aircraft-strike-final-production-v1/stage/assets/build/frames/unit.SA.strike/team/landing/d04_f05.png'
09:33.167  render           | Saved: '/Users/mohammedkalouti/Documents/Codex/2026-09-27/i/work/art/aircraft-strike-final-production-v1/stage/assets/build/frames/unit.SA.strike/shadow/landing/d04_f05.png'
09:33.802  render           | Saved: '/Users/mohammedkalouti/Documents/Codex/2026-09-27/i/work/art/aircraft-strike-final-production-v1/stage/assets/build/frames/unit.SA.strike/beauty/landing/d05_f00.png'
09:34.365  render           | Saved: '/Users/mohammedkalouti/Documents/Codex/2026-09-27/i/work/art/aircraft-strike-final-production-v1/stage/assets/build/frames/unit.SA.strike/team/landing/d05_f00.png'
09:35.267  render           | Saved: '/Users/mohammedkalouti/Documents/Codex/2026-09-27/i/work/art/aircraft-strike-final-production-v1/stage/assets/build/frames/unit.SA.strike/shadow/landing/d05_f00.png'
09:35.879  render           | Saved: '/Users/mohammedkalouti/Documents/Codex/2026-09-27/i/work/art/aircraft-strike-final-production-v1/stage/assets/build/frames/unit.SA.strike/beauty/landing/d05_f01.png'
09:36.374  render           | Saved: '/Users/mohammedkalouti/Documents/Codex/2026-09-27/i/work/art/aircraft-strike-final-production-v1/stage/assets/build/frames/unit.SA.strike/team/landing/d05_f01.png'
09:37.224  render           | Saved: '/Users/mohammedkalouti/Documents/Codex/2026-09-27/i/work/art/aircraft-strike-final-production-v1/stage/assets/build/frames/unit.SA.strike/shadow/landing/d05_f01.png'
09:37.827  render           | Saved: '/Users/mohammedkalouti/Documents/Codex/2026-09-27/i/work/art/aircraft-strike-final-production-v1/stage/assets/build/frames/unit.SA.strike/beauty/landing/d05_f02.png'
09:38.348  render           | Saved: '/Users/mohammedkalouti/Documents/Codex/2026-09-27/i/work/art/aircraft-strike-final-production-v1/stage/assets/build/frames/unit.SA.strike/team/landing/d05_f02.png'
09:39.167  render           | Saved: '/Users/mohammedkalouti/Documents/Codex/2026-09-27/i/work/art/aircraft-strike-final-production-v1/stage/assets/build/frames/unit.SA.strike/shadow/landing/d05_f02.png'
09:39.767  render           | Saved: '/Users/mohammedkalouti/Documents/Codex/2026-09-27/i/work/art/aircraft-strike-final-production-v1/stage/assets/build/frames/unit.SA.strike/beauty/landing/d05_f03.png'
09:40.303  render           | Saved: '/Users/mohammedkalouti/Documents/Codex/2026-09-27/i/work/art/aircraft-strike-final-production-v1/stage/assets/build/frames/unit.SA.strike/team/landing/d05_f03.png'
09:41.141  render           | Saved: '/Users/mohammedkalouti/Documents/Codex/2026-09-27/i/work/art/aircraft-strike-final-production-v1/stage/assets/build/frames/unit.SA.strike/shadow/landing/d05_f03.png'
09:41.724  render           | Saved: '/Users/mohammedkalouti/Documents/Codex/2026-09-27/i/work/art/aircraft-strike-final-production-v1/stage/assets/build/frames/unit.SA.strike/beauty/landing/d05_f04.png'
09:42.247  render           | Saved: '/Users/mohammedkalouti/Documents/Codex/2026-09-27/i/work/art/aircraft-strike-final-production-v1/stage/assets/build/frames/unit.SA.strike/team/landing/d05_f04.png'
09:43.066  render           | Saved: '/Users/mohammedkalouti/Documents/Codex/2026-09-27/i/work/art/aircraft-strike-final-production-v1/stage/assets/build/frames/unit.SA.strike/shadow/landing/d05_f04.png'
09:43.688  render           | Saved: '/Users/mohammedkalouti/Documents/Codex/2026-09-27/i/work/art/aircraft-strike-final-production-v1/stage/assets/build/frames/unit.SA.strike/beauty/landing/d05_f05.png'
09:44.180  render           | Saved: '/Users/mohammedkalouti/Documents/Codex/2026-09-27/i/work/art/aircraft-strike-final-production-v1/stage/assets/build/frames/unit.SA.strike/team/landing/d05_f05.png'
09:44.996  render           | Saved: '/Users/mohammedkalouti/Documents/Codex/2026-09-27/i/work/art/aircraft-strike-final-production-v1/stage/assets/build/frames/unit.SA.strike/shadow/landing/d05_f05.png'
09:45.566  render           | Saved: '/Users/mohammedkalouti/Documents/Codex/2026-09-27/i/work/art/aircraft-strike-final-production-v1/stage/assets/build/frames/unit.SA.strike/beauty/landing/d06_f00.png'
09:46.059  render           | Saved: '/Users/mohammedkalouti/Documents/Codex/2026-09-27/i/work/art/aircraft-strike-final-production-v1/stage/assets/build/frames/unit.SA.strike/team/landing/d06_f00.png'
09:46.873  render           | Saved: '/Users/mohammedkalouti/Documents/Codex/2026-09-27/i/work/art/aircraft-strike-final-production-v1/stage/assets/build/frames/unit.SA.strike/shadow/landing/d06_f00.png'
09:47.493  render           | Saved: '/Users/mohammedkalouti/Documents/Codex/2026-09-27/i/work/art/aircraft-strike-final-production-v1/stage/assets/build/frames/unit.SA.strike/beauty/landing/d06_f01.png'
09:47.988  render           | Saved: '/Users/mohammedkalouti/Documents/Codex/2026-09-27/i/work/art/aircraft-strike-final-production-v1/stage/assets/build/frames/unit.SA.strike/team/landing/d06_f01.png'
09:48.835  render           | Saved: '/Users/mohammedkalouti/Documents/Codex/2026-09-27/i/work/art/aircraft-strike-final-production-v1/stage/assets/build/frames/unit.SA.strike/shadow/landing/d06_f01.png'
09:49.432  render           | Saved: '/Users/mohammedkalouti/Documents/Codex/2026-09-27/i/work/art/aircraft-strike-final-production-v1/stage/assets/build/frames/unit.SA.strike/beauty/landing/d06_f02.png'
09:49.923  render           | Saved: '/Users/mohammedkalouti/Documents/Codex/2026-09-27/i/work/art/aircraft-strike-final-production-v1/stage/assets/build/frames/unit.SA.strike/team/landing/d06_f02.png'
09:50.757  render           | Saved: '/Users/mohammedkalouti/Documents/Codex/2026-09-27/i/work/art/aircraft-strike-final-production-v1/stage/assets/build/frames/unit.SA.strike/shadow/landing/d06_f02.png'
09:51.364  render           | Saved: '/Users/mohammedkalouti/Documents/Codex/2026-09-27/i/work/art/aircraft-strike-final-production-v1/stage/assets/build/frames/unit.SA.strike/beauty/landing/d06_f03.png'
09:51.844  render           | Saved: '/Users/mohammedkalouti/Documents/Codex/2026-09-27/i/work/art/aircraft-strike-final-production-v1/stage/assets/build/frames/unit.SA.strike/team/landing/d06_f03.png'
09:52.697  render           | Saved: '/Users/mohammedkalouti/Documents/Codex/2026-09-27/i/work/art/aircraft-strike-final-production-v1/stage/assets/build/frames/unit.SA.strike/shadow/landing/d06_f03.png'
09:53.295  render           | Saved: '/Users/mohammedkalouti/Documents/Codex/2026-09-27/i/work/art/aircraft-strike-final-production-v1/stage/assets/build/frames/unit.SA.strike/beauty/landing/d06_f04.png'
09:53.796  render           | Saved: '/Users/mohammedkalouti/Documents/Codex/2026-09-27/i/work/art/aircraft-strike-final-production-v1/stage/assets/build/frames/unit.SA.strike/team/landing/d06_f04.png'
09:54.605  render           | Saved: '/Users/mohammedkalouti/Documents/Codex/2026-09-27/i/work/art/aircraft-strike-final-production-v1/stage/assets/build/frames/unit.SA.strike/shadow/landing/d06_f04.png'
09:55.188  render           | Saved: '/Users/mohammedkalouti/Documents/Codex/2026-09-27/i/work/art/aircraft-strike-final-production-v1/stage/assets/build/frames/unit.SA.strike/beauty/landing/d06_f05.png'
09:55.694  render           | Saved: '/Users/mohammedkalouti/Documents/Codex/2026-09-27/i/work/art/aircraft-strike-final-production-v1/stage/assets/build/frames/unit.SA.strike/team/landing/d06_f05.png'
09:56.527  render           | Saved: '/Users/mohammedkalouti/Documents/Codex/2026-09-27/i/work/art/aircraft-strike-final-production-v1/stage/assets/build/frames/unit.SA.strike/shadow/landing/d06_f05.png'
09:57.096  render           | Saved: '/Users/mohammedkalouti/Documents/Codex/2026-09-27/i/work/art/aircraft-strike-final-production-v1/stage/assets/build/frames/unit.SA.strike/beauty/landing/d07_f00.png'
09:57.578  render           | Saved: '/Users/mohammedkalouti/Documents/Codex/2026-09-27/i/work/art/aircraft-strike-final-production-v1/stage/assets/build/frames/unit.SA.strike/team/landing/d07_f00.png'
09:58.402  render           | Saved: '/Users/mohammedkalouti/Documents/Codex/2026-09-27/i/work/art/aircraft-strike-final-production-v1/stage/assets/build/frames/unit.SA.strike/shadow/landing/d07_f00.png'
09:59.006  render           | Saved: '/Users/mohammedkalouti/Documents/Codex/2026-09-27/i/work/art/aircraft-strike-final-production-v1/stage/assets/build/frames/unit.SA.strike/beauty/landing/d07_f01.png'
09:59.502  render           | Saved: '/Users/mohammedkalouti/Documents/Codex/2026-09-27/i/work/art/aircraft-strike-final-production-v1/stage/assets/build/frames/unit.SA.strike/team/landing/d07_f01.png'
10:00.320  render           | Saved: '/Users/mohammedkalouti/Documents/Codex/2026-09-27/i/work/art/aircraft-strike-final-production-v1/stage/assets/build/frames/unit.SA.strike/shadow/landing/d07_f01.png'
10:00.880  render           | Saved: '/Users/mohammedkalouti/Documents/Codex/2026-09-27/i/work/art/aircraft-strike-final-production-v1/stage/assets/build/frames/unit.SA.strike/beauty/landing/d07_f02.png'
10:01.371  render           | Saved: '/Users/mohammedkalouti/Documents/Codex/2026-09-27/i/work/art/aircraft-strike-final-production-v1/stage/assets/build/frames/unit.SA.strike/team/landing/d07_f02.png'
10:02.181  render           | Saved: '/Users/mohammedkalouti/Documents/Codex/2026-09-27/i/work/art/aircraft-strike-final-production-v1/stage/assets/build/frames/unit.SA.strike/shadow/landing/d07_f02.png'
10:02.776  render           | Saved: '/Users/mohammedkalouti/Documents/Codex/2026-09-27/i/work/art/aircraft-strike-final-production-v1/stage/assets/build/frames/unit.SA.strike/beauty/landing/d07_f03.png'
10:03.266  render           | Saved: '/Users/mohammedkalouti/Documents/Codex/2026-09-27/i/work/art/aircraft-strike-final-production-v1/stage/assets/build/frames/unit.SA.strike/team/landing/d07_f03.png'
10:04.079  render           | Saved: '/Users/mohammedkalouti/Documents/Codex/2026-09-27/i/work/art/aircraft-strike-final-production-v1/stage/assets/build/frames/unit.SA.strike/shadow/landing/d07_f03.png'
10:04.650  render           | Saved: '/Users/mohammedkalouti/Documents/Codex/2026-09-27/i/work/art/aircraft-strike-final-production-v1/stage/assets/build/frames/unit.SA.strike/beauty/landing/d07_f04.png'
10:05.155  render           | Saved: '/Users/mohammedkalouti/Documents/Codex/2026-09-27/i/work/art/aircraft-strike-final-production-v1/stage/assets/build/frames/unit.SA.strike/team/landing/d07_f04.png'
10:05.985  render           | Saved: '/Users/mohammedkalouti/Documents/Codex/2026-09-27/i/work/art/aircraft-strike-final-production-v1/stage/assets/build/frames/unit.SA.strike/shadow/landing/d07_f04.png'
10:06.618  render           | Saved: '/Users/mohammedkalouti/Documents/Codex/2026-09-27/i/work/art/aircraft-strike-final-production-v1/stage/assets/build/frames/unit.SA.strike/beauty/landing/d07_f05.png'
10:07.135  render           | Saved: '/Users/mohammedkalouti/Documents/Codex/2026-09-27/i/work/art/aircraft-strike-final-production-v1/stage/assets/build/frames/unit.SA.strike/team/landing/d07_f05.png'
10:07.976  render           | Saved: '/Users/mohammedkalouti/Documents/Codex/2026-09-27/i/work/art/aircraft-strike-final-production-v1/stage/assets/build/frames/unit.SA.strike/shadow/landing/d07_f05.png'
10:08.582  render           | Saved: '/Users/mohammedkalouti/Documents/Codex/2026-09-27/i/work/art/aircraft-strike-final-production-v1/stage/assets/build/frames/unit.SA.strike/beauty/landing/d08_f00.png'
10:09.126  render           | Saved: '/Users/mohammedkalouti/Documents/Codex/2026-09-27/i/work/art/aircraft-strike-final-production-v1/stage/assets/build/frames/unit.SA.strike/team/landing/d08_f00.png'
10:10.007  render           | Saved: '/Users/mohammedkalouti/Documents/Codex/2026-09-27/i/work/art/aircraft-strike-final-production-v1/stage/assets/build/frames/unit.SA.strike/shadow/landing/d08_f00.png'
10:10.602  render           | Saved: '/Users/mohammedkalouti/Documents/Codex/2026-09-27/i/work/art/aircraft-strike-final-production-v1/stage/assets/build/frames/unit.SA.strike/beauty/landing/d08_f01.png'
10:11.096  render           | Saved: '/Users/mohammedkalouti/Documents/Codex/2026-09-27/i/work/art/aircraft-strike-final-production-v1/stage/assets/build/frames/unit.SA.strike/team/landing/d08_f01.png'
10:11.973  render           | Saved: '/Users/mohammedkalouti/Documents/Codex/2026-09-27/i/work/art/aircraft-strike-final-production-v1/stage/assets/build/frames/unit.SA.strike/shadow/landing/d08_f01.png'
10:12.622  render           | Saved: '/Users/mohammedkalouti/Documents/Codex/2026-09-27/i/work/art/aircraft-strike-final-production-v1/stage/assets/build/frames/unit.SA.strike/beauty/landing/d08_f02.png'
10:13.129  render           | Saved: '/Users/mohammedkalouti/Documents/Codex/2026-09-27/i/work/art/aircraft-strike-final-production-v1/stage/assets/build/frames/unit.SA.strike/team/landing/d08_f02.png'
10:13.939  render           | Saved: '/Users/mohammedkalouti/Documents/Codex/2026-09-27/i/work/art/aircraft-strike-final-production-v1/stage/assets/build/frames/unit.SA.strike/shadow/landing/d08_f02.png'
10:14.542  render           | Saved: '/Users/mohammedkalouti/Documents/Codex/2026-09-27/i/work/art/aircraft-strike-final-production-v1/stage/assets/build/frames/unit.SA.strike/beauty/landing/d08_f03.png'
10:15.049  render           | Saved: '/Users/mohammedkalouti/Documents/Codex/2026-09-27/i/work/art/aircraft-strike-final-production-v1/stage/assets/build/frames/unit.SA.strike/team/landing/d08_f03.png'
10:15.872  render           | Saved: '/Users/mohammedkalouti/Documents/Codex/2026-09-27/i/work/art/aircraft-strike-final-production-v1/stage/assets/build/frames/unit.SA.strike/shadow/landing/d08_f03.png'
10:16.468  render           | Saved: '/Users/mohammedkalouti/Documents/Codex/2026-09-27/i/work/art/aircraft-strike-final-production-v1/stage/assets/build/frames/unit.SA.strike/beauty/landing/d08_f04.png'
10:16.991  render           | Saved: '/Users/mohammedkalouti/Documents/Codex/2026-09-27/i/work/art/aircraft-strike-final-production-v1/stage/assets/build/frames/unit.SA.strike/team/landing/d08_f04.png'
10:17.801  render           | Saved: '/Users/mohammedkalouti/Documents/Codex/2026-09-27/i/work/art/aircraft-strike-final-production-v1/stage/assets/build/frames/unit.SA.strike/shadow/landing/d08_f04.png'
10:18.374  render           | Saved: '/Users/mohammedkalouti/Documents/Codex/2026-09-27/i/work/art/aircraft-strike-final-production-v1/stage/assets/build/frames/unit.SA.strike/beauty/landing/d08_f05.png'
10:18.893  render           | Saved: '/Users/mohammedkalouti/Documents/Codex/2026-09-27/i/work/art/aircraft-strike-final-production-v1/stage/assets/build/frames/unit.SA.strike/team/landing/d08_f05.png'
10:19.776  render           | Saved: '/Users/mohammedkalouti/Documents/Codex/2026-09-27/i/work/art/aircraft-strike-final-production-v1/stage/assets/build/frames/unit.SA.strike/shadow/landing/d08_f05.png'
10:20.388  render           | Saved: '/Users/mohammedkalouti/Documents/Codex/2026-09-27/i/work/art/aircraft-strike-final-production-v1/stage/assets/build/frames/unit.SA.strike/beauty/landing/d09_f00.png'
10:20.880  render           | Saved: '/Users/mohammedkalouti/Documents/Codex/2026-09-27/i/work/art/aircraft-strike-final-production-v1/stage/assets/build/frames/unit.SA.strike/team/landing/d09_f00.png'
10:21.679  render           | Saved: '/Users/mohammedkalouti/Documents/Codex/2026-09-27/i/work/art/aircraft-strike-final-production-v1/stage/assets/build/frames/unit.SA.strike/shadow/landing/d09_f00.png'
10:22.276  render           | Saved: '/Users/mohammedkalouti/Documents/Codex/2026-09-27/i/work/art/aircraft-strike-final-production-v1/stage/assets/build/frames/unit.SA.strike/beauty/landing/d09_f01.png'
10:22.772  render           | Saved: '/Users/mohammedkalouti/Documents/Codex/2026-09-27/i/work/art/aircraft-strike-final-production-v1/stage/assets/build/frames/unit.SA.strike/team/landing/d09_f01.png'
10:23.581  render           | Saved: '/Users/mohammedkalouti/Documents/Codex/2026-09-27/i/work/art/aircraft-strike-final-production-v1/stage/assets/build/frames/unit.SA.strike/shadow/landing/d09_f01.png'
10:24.169  render           | Saved: '/Users/mohammedkalouti/Documents/Codex/2026-09-27/i/work/art/aircraft-strike-final-production-v1/stage/assets/build/frames/unit.SA.strike/beauty/landing/d09_f02.png'
10:24.651  render           | Saved: '/Users/mohammedkalouti/Documents/Codex/2026-09-27/i/work/art/aircraft-strike-final-production-v1/stage/assets/build/frames/unit.SA.strike/team/landing/d09_f02.png'
10:25.471  render           | Saved: '/Users/mohammedkalouti/Documents/Codex/2026-09-27/i/work/art/aircraft-strike-final-production-v1/stage/assets/build/frames/unit.SA.strike/shadow/landing/d09_f02.png'
10:26.054  render           | Saved: '/Users/mohammedkalouti/Documents/Codex/2026-09-27/i/work/art/aircraft-strike-final-production-v1/stage/assets/build/frames/unit.SA.strike/beauty/landing/d09_f03.png'
10:26.580  render           | Saved: '/Users/mohammedkalouti/Documents/Codex/2026-09-27/i/work/art/aircraft-strike-final-production-v1/stage/assets/build/frames/unit.SA.strike/team/landing/d09_f03.png'
10:27.403  render           | Saved: '/Users/mohammedkalouti/Documents/Codex/2026-09-27/i/work/art/aircraft-strike-final-production-v1/stage/assets/build/frames/unit.SA.strike/shadow/landing/d09_f03.png'
10:27.983  render           | Saved: '/Users/mohammedkalouti/Documents/Codex/2026-09-27/i/work/art/aircraft-strike-final-production-v1/stage/assets/build/frames/unit.SA.strike/beauty/landing/d09_f04.png'
10:28.458  render           | Saved: '/Users/mohammedkalouti/Documents/Codex/2026-09-27/i/work/art/aircraft-strike-final-production-v1/stage/assets/build/frames/unit.SA.strike/team/landing/d09_f04.png'
10:29.267  render           | Saved: '/Users/mohammedkalouti/Documents/Codex/2026-09-27/i/work/art/aircraft-strike-final-production-v1/stage/assets/build/frames/unit.SA.strike/shadow/landing/d09_f04.png'
10:29.831  render           | Saved: '/Users/mohammedkalouti/Documents/Codex/2026-09-27/i/work/art/aircraft-strike-final-production-v1/stage/assets/build/frames/unit.SA.strike/beauty/landing/d09_f05.png'
10:30.305  render           | Saved: '/Users/mohammedkalouti/Documents/Codex/2026-09-27/i/work/art/aircraft-strike-final-production-v1/stage/assets/build/frames/unit.SA.strike/team/landing/d09_f05.png'
10:31.133  render           | Saved: '/Users/mohammedkalouti/Documents/Codex/2026-09-27/i/work/art/aircraft-strike-final-production-v1/stage/assets/build/frames/unit.SA.strike/shadow/landing/d09_f05.png'
10:31.736  render           | Saved: '/Users/mohammedkalouti/Documents/Codex/2026-09-27/i/work/art/aircraft-strike-final-production-v1/stage/assets/build/frames/unit.SA.strike/beauty/landing/d10_f00.png'
10:32.216  render           | Saved: '/Users/mohammedkalouti/Documents/Codex/2026-09-27/i/work/art/aircraft-strike-final-production-v1/stage/assets/build/frames/unit.SA.strike/team/landing/d10_f00.png'
10:33.013  render           | Saved: '/Users/mohammedkalouti/Documents/Codex/2026-09-27/i/work/art/aircraft-strike-final-production-v1/stage/assets/build/frames/unit.SA.strike/shadow/landing/d10_f00.png'
10:33.625  render           | Saved: '/Users/mohammedkalouti/Documents/Codex/2026-09-27/i/work/art/aircraft-strike-final-production-v1/stage/assets/build/frames/unit.SA.strike/beauty/landing/d10_f01.png'
10:34.123  render           | Saved: '/Users/mohammedkalouti/Documents/Codex/2026-09-27/i/work/art/aircraft-strike-final-production-v1/stage/assets/build/frames/unit.SA.strike/team/landing/d10_f01.png'
10:34.951  render           | Saved: '/Users/mohammedkalouti/Documents/Codex/2026-09-27/i/work/art/aircraft-strike-final-production-v1/stage/assets/build/frames/unit.SA.strike/shadow/landing/d10_f01.png'
10:35.543  render           | Saved: '/Users/mohammedkalouti/Documents/Codex/2026-09-27/i/work/art/aircraft-strike-final-production-v1/stage/assets/build/frames/unit.SA.strike/beauty/landing/d10_f02.png'
10:36.037  render           | Saved: '/Users/mohammedkalouti/Documents/Codex/2026-09-27/i/work/art/aircraft-strike-final-production-v1/stage/assets/build/frames/unit.SA.strike/team/landing/d10_f02.png'
10:36.845  render           | Saved: '/Users/mohammedkalouti/Documents/Codex/2026-09-27/i/work/art/aircraft-strike-final-production-v1/stage/assets/build/frames/unit.SA.strike/shadow/landing/d10_f02.png'
10:37.419  render           | Saved: '/Users/mohammedkalouti/Documents/Codex/2026-09-27/i/work/art/aircraft-strike-final-production-v1/stage/assets/build/frames/unit.SA.strike/beauty/landing/d10_f03.png'
10:37.937  render           | Saved: '/Users/mohammedkalouti/Documents/Codex/2026-09-27/i/work/art/aircraft-strike-final-production-v1/stage/assets/build/frames/unit.SA.strike/team/landing/d10_f03.png'
10:38.756  render           | Saved: '/Users/mohammedkalouti/Documents/Codex/2026-09-27/i/work/art/aircraft-strike-final-production-v1/stage/assets/build/frames/unit.SA.strike/shadow/landing/d10_f03.png'
10:39.342  render           | Saved: '/Users/mohammedkalouti/Documents/Codex/2026-09-27/i/work/art/aircraft-strike-final-production-v1/stage/assets/build/frames/unit.SA.strike/beauty/landing/d10_f04.png'
10:39.838  render           | Saved: '/Users/mohammedkalouti/Documents/Codex/2026-09-27/i/work/art/aircraft-strike-final-production-v1/stage/assets/build/frames/unit.SA.strike/team/landing/d10_f04.png'
10:40.718  render           | Saved: '/Users/mohammedkalouti/Documents/Codex/2026-09-27/i/work/art/aircraft-strike-final-production-v1/stage/assets/build/frames/unit.SA.strike/shadow/landing/d10_f04.png'
10:41.317  render           | Saved: '/Users/mohammedkalouti/Documents/Codex/2026-09-27/i/work/art/aircraft-strike-final-production-v1/stage/assets/build/frames/unit.SA.strike/beauty/landing/d10_f05.png'
10:41.792  render           | Saved: '/Users/mohammedkalouti/Documents/Codex/2026-09-27/i/work/art/aircraft-strike-final-production-v1/stage/assets/build/frames/unit.SA.strike/team/landing/d10_f05.png'
10:42.615  render           | Saved: '/Users/mohammedkalouti/Documents/Codex/2026-09-27/i/work/art/aircraft-strike-final-production-v1/stage/assets/build/frames/unit.SA.strike/shadow/landing/d10_f05.png'
10:43.205  render           | Saved: '/Users/mohammedkalouti/Documents/Codex/2026-09-27/i/work/art/aircraft-strike-final-production-v1/stage/assets/build/frames/unit.SA.strike/beauty/landing/d11_f00.png'
10:43.719  render           | Saved: '/Users/mohammedkalouti/Documents/Codex/2026-09-27/i/work/art/aircraft-strike-final-production-v1/stage/assets/build/frames/unit.SA.strike/team/landing/d11_f00.png'
10:44.561  render           | Saved: '/Users/mohammedkalouti/Documents/Codex/2026-09-27/i/work/art/aircraft-strike-final-production-v1/stage/assets/build/frames/unit.SA.strike/shadow/landing/d11_f00.png'
10:45.158  render           | Saved: '/Users/mohammedkalouti/Documents/Codex/2026-09-27/i/work/art/aircraft-strike-final-production-v1/stage/assets/build/frames/unit.SA.strike/beauty/landing/d11_f01.png'
10:45.649  render           | Saved: '/Users/mohammedkalouti/Documents/Codex/2026-09-27/i/work/art/aircraft-strike-final-production-v1/stage/assets/build/frames/unit.SA.strike/team/landing/d11_f01.png'
10:46.457  render           | Saved: '/Users/mohammedkalouti/Documents/Codex/2026-09-27/i/work/art/aircraft-strike-final-production-v1/stage/assets/build/frames/unit.SA.strike/shadow/landing/d11_f01.png'
10:47.047  render           | Saved: '/Users/mohammedkalouti/Documents/Codex/2026-09-27/i/work/art/aircraft-strike-final-production-v1/stage/assets/build/frames/unit.SA.strike/beauty/landing/d11_f02.png'
10:47.522  render           | Saved: '/Users/mohammedkalouti/Documents/Codex/2026-09-27/i/work/art/aircraft-strike-final-production-v1/stage/assets/build/frames/unit.SA.strike/team/landing/d11_f02.png'
10:48.341  render           | Saved: '/Users/mohammedkalouti/Documents/Codex/2026-09-27/i/work/art/aircraft-strike-final-production-v1/stage/assets/build/frames/unit.SA.strike/shadow/landing/d11_f02.png'
10:48.935  render           | Saved: '/Users/mohammedkalouti/Documents/Codex/2026-09-27/i/work/art/aircraft-strike-final-production-v1/stage/assets/build/frames/unit.SA.strike/beauty/landing/d11_f03.png'
10:49.423  render           | Saved: '/Users/mohammedkalouti/Documents/Codex/2026-09-27/i/work/art/aircraft-strike-final-production-v1/stage/assets/build/frames/unit.SA.strike/team/landing/d11_f03.png'
10:50.226  render           | Saved: '/Users/mohammedkalouti/Documents/Codex/2026-09-27/i/work/art/aircraft-strike-final-production-v1/stage/assets/build/frames/unit.SA.strike/shadow/landing/d11_f03.png'
10:50.789  render           | Saved: '/Users/mohammedkalouti/Documents/Codex/2026-09-27/i/work/art/aircraft-strike-final-production-v1/stage/assets/build/frames/unit.SA.strike/beauty/landing/d11_f04.png'
10:51.271  render           | Saved: '/Users/mohammedkalouti/Documents/Codex/2026-09-27/i/work/art/aircraft-strike-final-production-v1/stage/assets/build/frames/unit.SA.strike/team/landing/d11_f04.png'
10:52.083  render           | Saved: '/Users/mohammedkalouti/Documents/Codex/2026-09-27/i/work/art/aircraft-strike-final-production-v1/stage/assets/build/frames/unit.SA.strike/shadow/landing/d11_f04.png'
10:52.661  render           | Saved: '/Users/mohammedkalouti/Documents/Codex/2026-09-27/i/work/art/aircraft-strike-final-production-v1/stage/assets/build/frames/unit.SA.strike/beauty/landing/d11_f05.png'
10:53.146  render           | Saved: '/Users/mohammedkalouti/Documents/Codex/2026-09-27/i/work/art/aircraft-strike-final-production-v1/stage/assets/build/frames/unit.SA.strike/team/landing/d11_f05.png'
10:53.948  render           | Saved: '/Users/mohammedkalouti/Documents/Codex/2026-09-27/i/work/art/aircraft-strike-final-production-v1/stage/assets/build/frames/unit.SA.strike/shadow/landing/d11_f05.png'
10:54.513  render           | Saved: '/Users/mohammedkalouti/Documents/Codex/2026-09-27/i/work/art/aircraft-strike-final-production-v1/stage/assets/build/frames/unit.SA.strike/beauty/landing/d12_f00.png'
10:55.006  render           | Saved: '/Users/mohammedkalouti/Documents/Codex/2026-09-27/i/work/art/aircraft-strike-final-production-v1/stage/assets/build/frames/unit.SA.strike/team/landing/d12_f00.png'
10:55.814  render           | Saved: '/Users/mohammedkalouti/Documents/Codex/2026-09-27/i/work/art/aircraft-strike-final-production-v1/stage/assets/build/frames/unit.SA.strike/shadow/landing/d12_f00.png'
10:56.377  render           | Saved: '/Users/mohammedkalouti/Documents/Codex/2026-09-27/i/work/art/aircraft-strike-final-production-v1/stage/assets/build/frames/unit.SA.strike/beauty/landing/d12_f01.png'
10:56.849  render           | Saved: '/Users/mohammedkalouti/Documents/Codex/2026-09-27/i/work/art/aircraft-strike-final-production-v1/stage/assets/build/frames/unit.SA.strike/team/landing/d12_f01.png'
10:57.639  render           | Saved: '/Users/mohammedkalouti/Documents/Codex/2026-09-27/i/work/art/aircraft-strike-final-production-v1/stage/assets/build/frames/unit.SA.strike/shadow/landing/d12_f01.png'
10:58.200  render           | Saved: '/Users/mohammedkalouti/Documents/Codex/2026-09-27/i/work/art/aircraft-strike-final-production-v1/stage/assets/build/frames/unit.SA.strike/beauty/landing/d12_f02.png'
10:58.685  render           | Saved: '/Users/mohammedkalouti/Documents/Codex/2026-09-27/i/work/art/aircraft-strike-final-production-v1/stage/assets/build/frames/unit.SA.strike/team/landing/d12_f02.png'
10:59.500  render           | Saved: '/Users/mohammedkalouti/Documents/Codex/2026-09-27/i/work/art/aircraft-strike-final-production-v1/stage/assets/build/frames/unit.SA.strike/shadow/landing/d12_f02.png'
11:00.064  render           | Saved: '/Users/mohammedkalouti/Documents/Codex/2026-09-27/i/work/art/aircraft-strike-final-production-v1/stage/assets/build/frames/unit.SA.strike/beauty/landing/d12_f03.png'
11:00.557  render           | Saved: '/Users/mohammedkalouti/Documents/Codex/2026-09-27/i/work/art/aircraft-strike-final-production-v1/stage/assets/build/frames/unit.SA.strike/team/landing/d12_f03.png'
11:01.352  render           | Saved: '/Users/mohammedkalouti/Documents/Codex/2026-09-27/i/work/art/aircraft-strike-final-production-v1/stage/assets/build/frames/unit.SA.strike/shadow/landing/d12_f03.png'
11:01.903  render           | Saved: '/Users/mohammedkalouti/Documents/Codex/2026-09-27/i/work/art/aircraft-strike-final-production-v1/stage/assets/build/frames/unit.SA.strike/beauty/landing/d12_f04.png'
11:02.388  render           | Saved: '/Users/mohammedkalouti/Documents/Codex/2026-09-27/i/work/art/aircraft-strike-final-production-v1/stage/assets/build/frames/unit.SA.strike/team/landing/d12_f04.png'
11:03.193  render           | Saved: '/Users/mohammedkalouti/Documents/Codex/2026-09-27/i/work/art/aircraft-strike-final-production-v1/stage/assets/build/frames/unit.SA.strike/shadow/landing/d12_f04.png'
11:03.770  render           | Saved: '/Users/mohammedkalouti/Documents/Codex/2026-09-27/i/work/art/aircraft-strike-final-production-v1/stage/assets/build/frames/unit.SA.strike/beauty/landing/d12_f05.png'
11:04.237  render           | Saved: '/Users/mohammedkalouti/Documents/Codex/2026-09-27/i/work/art/aircraft-strike-final-production-v1/stage/assets/build/frames/unit.SA.strike/team/landing/d12_f05.png'
11:05.039  render           | Saved: '/Users/mohammedkalouti/Documents/Codex/2026-09-27/i/work/art/aircraft-strike-final-production-v1/stage/assets/build/frames/unit.SA.strike/shadow/landing/d12_f05.png'
11:05.602  render           | Saved: '/Users/mohammedkalouti/Documents/Codex/2026-09-27/i/work/art/aircraft-strike-final-production-v1/stage/assets/build/frames/unit.SA.strike/beauty/landing/d13_f00.png'
11:06.077  render           | Saved: '/Users/mohammedkalouti/Documents/Codex/2026-09-27/i/work/art/aircraft-strike-final-production-v1/stage/assets/build/frames/unit.SA.strike/team/landing/d13_f00.png'
11:06.898  render           | Saved: '/Users/mohammedkalouti/Documents/Codex/2026-09-27/i/work/art/aircraft-strike-final-production-v1/stage/assets/build/frames/unit.SA.strike/shadow/landing/d13_f00.png'
11:07.460  render           | Saved: '/Users/mohammedkalouti/Documents/Codex/2026-09-27/i/work/art/aircraft-strike-final-production-v1/stage/assets/build/frames/unit.SA.strike/beauty/landing/d13_f01.png'
11:07.957  render           | Saved: '/Users/mohammedkalouti/Documents/Codex/2026-09-27/i/work/art/aircraft-strike-final-production-v1/stage/assets/build/frames/unit.SA.strike/team/landing/d13_f01.png'
11:08.773  render           | Saved: '/Users/mohammedkalouti/Documents/Codex/2026-09-27/i/work/art/aircraft-strike-final-production-v1/stage/assets/build/frames/unit.SA.strike/shadow/landing/d13_f01.png'
11:09.347  render           | Saved: '/Users/mohammedkalouti/Documents/Codex/2026-09-27/i/work/art/aircraft-strike-final-production-v1/stage/assets/build/frames/unit.SA.strike/beauty/landing/d13_f02.png'
11:09.824  render           | Saved: '/Users/mohammedkalouti/Documents/Codex/2026-09-27/i/work/art/aircraft-strike-final-production-v1/stage/assets/build/frames/unit.SA.strike/team/landing/d13_f02.png'
11:10.616  render           | Saved: '/Users/mohammedkalouti/Documents/Codex/2026-09-27/i/work/art/aircraft-strike-final-production-v1/stage/assets/build/frames/unit.SA.strike/shadow/landing/d13_f02.png'
11:11.187  render           | Saved: '/Users/mohammedkalouti/Documents/Codex/2026-09-27/i/work/art/aircraft-strike-final-production-v1/stage/assets/build/frames/unit.SA.strike/beauty/landing/d13_f03.png'
11:11.699  render           | Saved: '/Users/mohammedkalouti/Documents/Codex/2026-09-27/i/work/art/aircraft-strike-final-production-v1/stage/assets/build/frames/unit.SA.strike/team/landing/d13_f03.png'
11:12.491  render           | Saved: '/Users/mohammedkalouti/Documents/Codex/2026-09-27/i/work/art/aircraft-strike-final-production-v1/stage/assets/build/frames/unit.SA.strike/shadow/landing/d13_f03.png'
11:13.065  render           | Saved: '/Users/mohammedkalouti/Documents/Codex/2026-09-27/i/work/art/aircraft-strike-final-production-v1/stage/assets/build/frames/unit.SA.strike/beauty/landing/d13_f04.png'
11:13.564  render           | Saved: '/Users/mohammedkalouti/Documents/Codex/2026-09-27/i/work/art/aircraft-strike-final-production-v1/stage/assets/build/frames/unit.SA.strike/team/landing/d13_f04.png'
11:14.360  render           | Saved: '/Users/mohammedkalouti/Documents/Codex/2026-09-27/i/work/art/aircraft-strike-final-production-v1/stage/assets/build/frames/unit.SA.strike/shadow/landing/d13_f04.png'
11:14.953  render           | Saved: '/Users/mohammedkalouti/Documents/Codex/2026-09-27/i/work/art/aircraft-strike-final-production-v1/stage/assets/build/frames/unit.SA.strike/beauty/landing/d13_f05.png'
11:15.440  render           | Saved: '/Users/mohammedkalouti/Documents/Codex/2026-09-27/i/work/art/aircraft-strike-final-production-v1/stage/assets/build/frames/unit.SA.strike/team/landing/d13_f05.png'
11:16.281  render           | Saved: '/Users/mohammedkalouti/Documents/Codex/2026-09-27/i/work/art/aircraft-strike-final-production-v1/stage/assets/build/frames/unit.SA.strike/shadow/landing/d13_f05.png'
11:16.835  render           | Saved: '/Users/mohammedkalouti/Documents/Codex/2026-09-27/i/work/art/aircraft-strike-final-production-v1/stage/assets/build/frames/unit.SA.strike/beauty/landing/d14_f00.png'
11:17.311  render           | Saved: '/Users/mohammedkalouti/Documents/Codex/2026-09-27/i/work/art/aircraft-strike-final-production-v1/stage/assets/build/frames/unit.SA.strike/team/landing/d14_f00.png'
11:18.169  render           | Saved: '/Users/mohammedkalouti/Documents/Codex/2026-09-27/i/work/art/aircraft-strike-final-production-v1/stage/assets/build/frames/unit.SA.strike/shadow/landing/d14_f00.png'
11:18.763  render           | Saved: '/Users/mohammedkalouti/Documents/Codex/2026-09-27/i/work/art/aircraft-strike-final-production-v1/stage/assets/build/frames/unit.SA.strike/beauty/landing/d14_f01.png'
11:19.243  render           | Saved: '/Users/mohammedkalouti/Documents/Codex/2026-09-27/i/work/art/aircraft-strike-final-production-v1/stage/assets/build/frames/unit.SA.strike/team/landing/d14_f01.png'
11:20.062  render           | Saved: '/Users/mohammedkalouti/Documents/Codex/2026-09-27/i/work/art/aircraft-strike-final-production-v1/stage/assets/build/frames/unit.SA.strike/shadow/landing/d14_f01.png'
11:20.655  render           | Saved: '/Users/mohammedkalouti/Documents/Codex/2026-09-27/i/work/art/aircraft-strike-final-production-v1/stage/assets/build/frames/unit.SA.strike/beauty/landing/d14_f02.png'
11:21.127  render           | Saved: '/Users/mohammedkalouti/Documents/Codex/2026-09-27/i/work/art/aircraft-strike-final-production-v1/stage/assets/build/frames/unit.SA.strike/team/landing/d14_f02.png'
11:21.944  render           | Saved: '/Users/mohammedkalouti/Documents/Codex/2026-09-27/i/work/art/aircraft-strike-final-production-v1/stage/assets/build/frames/unit.SA.strike/shadow/landing/d14_f02.png'
11:22.540  render           | Saved: '/Users/mohammedkalouti/Documents/Codex/2026-09-27/i/work/art/aircraft-strike-final-production-v1/stage/assets/build/frames/unit.SA.strike/beauty/landing/d14_f03.png'
11:23.014  render           | Saved: '/Users/mohammedkalouti/Documents/Codex/2026-09-27/i/work/art/aircraft-strike-final-production-v1/stage/assets/build/frames/unit.SA.strike/team/landing/d14_f03.png'
11:23.820  render           | Saved: '/Users/mohammedkalouti/Documents/Codex/2026-09-27/i/work/art/aircraft-strike-final-production-v1/stage/assets/build/frames/unit.SA.strike/shadow/landing/d14_f03.png'
11:24.373  render           | Saved: '/Users/mohammedkalouti/Documents/Codex/2026-09-27/i/work/art/aircraft-strike-final-production-v1/stage/assets/build/frames/unit.SA.strike/beauty/landing/d14_f04.png'
11:24.841  render           | Saved: '/Users/mohammedkalouti/Documents/Codex/2026-09-27/i/work/art/aircraft-strike-final-production-v1/stage/assets/build/frames/unit.SA.strike/team/landing/d14_f04.png'
11:25.648  render           | Saved: '/Users/mohammedkalouti/Documents/Codex/2026-09-27/i/work/art/aircraft-strike-final-production-v1/stage/assets/build/frames/unit.SA.strike/shadow/landing/d14_f04.png'
11:26.224  render           | Saved: '/Users/mohammedkalouti/Documents/Codex/2026-09-27/i/work/art/aircraft-strike-final-production-v1/stage/assets/build/frames/unit.SA.strike/beauty/landing/d14_f05.png'
11:26.723  render           | Saved: '/Users/mohammedkalouti/Documents/Codex/2026-09-27/i/work/art/aircraft-strike-final-production-v1/stage/assets/build/frames/unit.SA.strike/team/landing/d14_f05.png'
11:27.559  render           | Saved: '/Users/mohammedkalouti/Documents/Codex/2026-09-27/i/work/art/aircraft-strike-final-production-v1/stage/assets/build/frames/unit.SA.strike/shadow/landing/d14_f05.png'
11:28.134  render           | Saved: '/Users/mohammedkalouti/Documents/Codex/2026-09-27/i/work/art/aircraft-strike-final-production-v1/stage/assets/build/frames/unit.SA.strike/beauty/landing/d15_f00.png'
11:28.634  render           | Saved: '/Users/mohammedkalouti/Documents/Codex/2026-09-27/i/work/art/aircraft-strike-final-production-v1/stage/assets/build/frames/unit.SA.strike/team/landing/d15_f00.png'
11:29.425  render           | Saved: '/Users/mohammedkalouti/Documents/Codex/2026-09-27/i/work/art/aircraft-strike-final-production-v1/stage/assets/build/frames/unit.SA.strike/shadow/landing/d15_f00.png'
11:30.021  render           | Saved: '/Users/mohammedkalouti/Documents/Codex/2026-09-27/i/work/art/aircraft-strike-final-production-v1/stage/assets/build/frames/unit.SA.strike/beauty/landing/d15_f01.png'
11:30.498  render           | Saved: '/Users/mohammedkalouti/Documents/Codex/2026-09-27/i/work/art/aircraft-strike-final-production-v1/stage/assets/build/frames/unit.SA.strike/team/landing/d15_f01.png'
11:31.296  render           | Saved: '/Users/mohammedkalouti/Documents/Codex/2026-09-27/i/work/art/aircraft-strike-final-production-v1/stage/assets/build/frames/unit.SA.strike/shadow/landing/d15_f01.png'
11:31.867  render           | Saved: '/Users/mohammedkalouti/Documents/Codex/2026-09-27/i/work/art/aircraft-strike-final-production-v1/stage/assets/build/frames/unit.SA.strike/beauty/landing/d15_f02.png'
11:32.335  render           | Saved: '/Users/mohammedkalouti/Documents/Codex/2026-09-27/i/work/art/aircraft-strike-final-production-v1/stage/assets/build/frames/unit.SA.strike/team/landing/d15_f02.png'
11:33.129  render           | Saved: '/Users/mohammedkalouti/Documents/Codex/2026-09-27/i/work/art/aircraft-strike-final-production-v1/stage/assets/build/frames/unit.SA.strike/shadow/landing/d15_f02.png'
11:33.699  render           | Saved: '/Users/mohammedkalouti/Documents/Codex/2026-09-27/i/work/art/aircraft-strike-final-production-v1/stage/assets/build/frames/unit.SA.strike/beauty/landing/d15_f03.png'
11:34.190  render           | Saved: '/Users/mohammedkalouti/Documents/Codex/2026-09-27/i/work/art/aircraft-strike-final-production-v1/stage/assets/build/frames/unit.SA.strike/team/landing/d15_f03.png'
11:35.003  render           | Saved: '/Users/mohammedkalouti/Documents/Codex/2026-09-27/i/work/art/aircraft-strike-final-production-v1/stage/assets/build/frames/unit.SA.strike/shadow/landing/d15_f03.png'
11:35.559  render           | Saved: '/Users/mohammedkalouti/Documents/Codex/2026-09-27/i/work/art/aircraft-strike-final-production-v1/stage/assets/build/frames/unit.SA.strike/beauty/landing/d15_f04.png'
11:36.052  render           | Saved: '/Users/mohammedkalouti/Documents/Codex/2026-09-27/i/work/art/aircraft-strike-final-production-v1/stage/assets/build/frames/unit.SA.strike/team/landing/d15_f04.png'
11:36.884  render           | Saved: '/Users/mohammedkalouti/Documents/Codex/2026-09-27/i/work/art/aircraft-strike-final-production-v1/stage/assets/build/frames/unit.SA.strike/shadow/landing/d15_f04.png'
11:37.444  render           | Saved: '/Users/mohammedkalouti/Documents/Codex/2026-09-27/i/work/art/aircraft-strike-final-production-v1/stage/assets/build/frames/unit.SA.strike/beauty/landing/d15_f05.png'
11:37.932  render           | Saved: '/Users/mohammedkalouti/Documents/Codex/2026-09-27/i/work/art/aircraft-strike-final-production-v1/stage/assets/build/frames/unit.SA.strike/team/landing/d15_f05.png'
11:38.732  render           | Saved: '/Users/mohammedkalouti/Documents/Codex/2026-09-27/i/work/art/aircraft-strike-final-production-v1/stage/assets/build/frames/unit.SA.strike/shadow/landing/d15_f05.png'
11:39.282  render           | Saved: '/Users/mohammedkalouti/Documents/Codex/2026-09-27/i/work/art/aircraft-strike-final-production-v1/stage/assets/build/frames/unit.SA.strike/beauty/damaged/d00_f00.png'
11:39.768  render           | Saved: '/Users/mohammedkalouti/Documents/Codex/2026-09-27/i/work/art/aircraft-strike-final-production-v1/stage/assets/build/frames/unit.SA.strike/team/damaged/d00_f00.png'
11:40.564  render           | Saved: '/Users/mohammedkalouti/Documents/Codex/2026-09-27/i/work/art/aircraft-strike-final-production-v1/stage/assets/build/frames/unit.SA.strike/shadow/damaged/d00_f00.png'
11:41.122  render           | Saved: '/Users/mohammedkalouti/Documents/Codex/2026-09-27/i/work/art/aircraft-strike-final-production-v1/stage/assets/build/frames/unit.SA.strike/beauty/damaged/d01_f00.png'
11:41.635  render           | Saved: '/Users/mohammedkalouti/Documents/Codex/2026-09-27/i/work/art/aircraft-strike-final-production-v1/stage/assets/build/frames/unit.SA.strike/team/damaged/d01_f00.png'
11:42.474  render           | Saved: '/Users/mohammedkalouti/Documents/Codex/2026-09-27/i/work/art/aircraft-strike-final-production-v1/stage/assets/build/frames/unit.SA.strike/shadow/damaged/d01_f00.png'
11:43.043  render           | Saved: '/Users/mohammedkalouti/Documents/Codex/2026-09-27/i/work/art/aircraft-strike-final-production-v1/stage/assets/build/frames/unit.SA.strike/beauty/damaged/d02_f00.png'
11:43.537  render           | Saved: '/Users/mohammedkalouti/Documents/Codex/2026-09-27/i/work/art/aircraft-strike-final-production-v1/stage/assets/build/frames/unit.SA.strike/team/damaged/d02_f00.png'
11:44.425  render           | Saved: '/Users/mohammedkalouti/Documents/Codex/2026-09-27/i/work/art/aircraft-strike-final-production-v1/stage/assets/build/frames/unit.SA.strike/shadow/damaged/d02_f00.png'
11:45.022  render           | Saved: '/Users/mohammedkalouti/Documents/Codex/2026-09-27/i/work/art/aircraft-strike-final-production-v1/stage/assets/build/frames/unit.SA.strike/beauty/damaged/d03_f00.png'
11:45.528  render           | Saved: '/Users/mohammedkalouti/Documents/Codex/2026-09-27/i/work/art/aircraft-strike-final-production-v1/stage/assets/build/frames/unit.SA.strike/team/damaged/d03_f00.png'
11:46.388  render           | Saved: '/Users/mohammedkalouti/Documents/Codex/2026-09-27/i/work/art/aircraft-strike-final-production-v1/stage/assets/build/frames/unit.SA.strike/shadow/damaged/d03_f00.png'
11:47.002  render           | Saved: '/Users/mohammedkalouti/Documents/Codex/2026-09-27/i/work/art/aircraft-strike-final-production-v1/stage/assets/build/frames/unit.SA.strike/beauty/damaged/d04_f00.png'
11:47.520  render           | Saved: '/Users/mohammedkalouti/Documents/Codex/2026-09-27/i/work/art/aircraft-strike-final-production-v1/stage/assets/build/frames/unit.SA.strike/team/damaged/d04_f00.png'
11:48.335  render           | Saved: '/Users/mohammedkalouti/Documents/Codex/2026-09-27/i/work/art/aircraft-strike-final-production-v1/stage/assets/build/frames/unit.SA.strike/shadow/damaged/d04_f00.png'
11:48.939  render           | Saved: '/Users/mohammedkalouti/Documents/Codex/2026-09-27/i/work/art/aircraft-strike-final-production-v1/stage/assets/build/frames/unit.SA.strike/beauty/damaged/d05_f00.png'
11:49.409  render           | Saved: '/Users/mohammedkalouti/Documents/Codex/2026-09-27/i/work/art/aircraft-strike-final-production-v1/stage/assets/build/frames/unit.SA.strike/team/damaged/d05_f00.png'
11:50.224  render           | Saved: '/Users/mohammedkalouti/Documents/Codex/2026-09-27/i/work/art/aircraft-strike-final-production-v1/stage/assets/build/frames/unit.SA.strike/shadow/damaged/d05_f00.png'
11:50.800  render           | Saved: '/Users/mohammedkalouti/Documents/Codex/2026-09-27/i/work/art/aircraft-strike-final-production-v1/stage/assets/build/frames/unit.SA.strike/beauty/damaged/d06_f00.png'
11:51.281  render           | Saved: '/Users/mohammedkalouti/Documents/Codex/2026-09-27/i/work/art/aircraft-strike-final-production-v1/stage/assets/build/frames/unit.SA.strike/team/damaged/d06_f00.png'
11:52.079  render           | Saved: '/Users/mohammedkalouti/Documents/Codex/2026-09-27/i/work/art/aircraft-strike-final-production-v1/stage/assets/build/frames/unit.SA.strike/shadow/damaged/d06_f00.png'
11:52.646  render           | Saved: '/Users/mohammedkalouti/Documents/Codex/2026-09-27/i/work/art/aircraft-strike-final-production-v1/stage/assets/build/frames/unit.SA.strike/beauty/damaged/d07_f00.png'
11:53.129  render           | Saved: '/Users/mohammedkalouti/Documents/Codex/2026-09-27/i/work/art/aircraft-strike-final-production-v1/stage/assets/build/frames/unit.SA.strike/team/damaged/d07_f00.png'
11:53.966  render           | Saved: '/Users/mohammedkalouti/Documents/Codex/2026-09-27/i/work/art/aircraft-strike-final-production-v1/stage/assets/build/frames/unit.SA.strike/shadow/damaged/d07_f00.png'
11:54.548  render           | Saved: '/Users/mohammedkalouti/Documents/Codex/2026-09-27/i/work/art/aircraft-strike-final-production-v1/stage/assets/build/frames/unit.SA.strike/beauty/damaged/d08_f00.png'
11:55.025  render           | Saved: '/Users/mohammedkalouti/Documents/Codex/2026-09-27/i/work/art/aircraft-strike-final-production-v1/stage/assets/build/frames/unit.SA.strike/team/damaged/d08_f00.png'
11:55.844  render           | Saved: '/Users/mohammedkalouti/Documents/Codex/2026-09-27/i/work/art/aircraft-strike-final-production-v1/stage/assets/build/frames/unit.SA.strike/shadow/damaged/d08_f00.png'
11:56.448  render           | Saved: '/Users/mohammedkalouti/Documents/Codex/2026-09-27/i/work/art/aircraft-strike-final-production-v1/stage/assets/build/frames/unit.SA.strike/beauty/damaged/d09_f00.png'
11:56.932  render           | Saved: '/Users/mohammedkalouti/Documents/Codex/2026-09-27/i/work/art/aircraft-strike-final-production-v1/stage/assets/build/frames/unit.SA.strike/team/damaged/d09_f00.png'
11:57.766  render           | Saved: '/Users/mohammedkalouti/Documents/Codex/2026-09-27/i/work/art/aircraft-strike-final-production-v1/stage/assets/build/frames/unit.SA.strike/shadow/damaged/d09_f00.png'
11:58.322  render           | Saved: '/Users/mohammedkalouti/Documents/Codex/2026-09-27/i/work/art/aircraft-strike-final-production-v1/stage/assets/build/frames/unit.SA.strike/beauty/damaged/d10_f00.png'
11:58.804  render           | Saved: '/Users/mohammedkalouti/Documents/Codex/2026-09-27/i/work/art/aircraft-strike-final-production-v1/stage/assets/build/frames/unit.SA.strike/team/damaged/d10_f00.png'
11:59.636  render           | Saved: '/Users/mohammedkalouti/Documents/Codex/2026-09-27/i/work/art/aircraft-strike-final-production-v1/stage/assets/build/frames/unit.SA.strike/shadow/damaged/d10_f00.png'
12:00.259  render           | Saved: '/Users/mohammedkalouti/Documents/Codex/2026-09-27/i/work/art/aircraft-strike-final-production-v1/stage/assets/build/frames/unit.SA.strike/beauty/damaged/d11_f00.png'
12:00.748  render           | Saved: '/Users/mohammedkalouti/Documents/Codex/2026-09-27/i/work/art/aircraft-strike-final-production-v1/stage/assets/build/frames/unit.SA.strike/team/damaged/d11_f00.png'
12:01.562  render           | Saved: '/Users/mohammedkalouti/Documents/Codex/2026-09-27/i/work/art/aircraft-strike-final-production-v1/stage/assets/build/frames/unit.SA.strike/shadow/damaged/d11_f00.png'
12:02.108  render           | Saved: '/Users/mohammedkalouti/Documents/Codex/2026-09-27/i/work/art/aircraft-strike-final-production-v1/stage/assets/build/frames/unit.SA.strike/beauty/damaged/d12_f00.png'
12:02.599  render           | Saved: '/Users/mohammedkalouti/Documents/Codex/2026-09-27/i/work/art/aircraft-strike-final-production-v1/stage/assets/build/frames/unit.SA.strike/team/damaged/d12_f00.png'
12:03.430  render           | Saved: '/Users/mohammedkalouti/Documents/Codex/2026-09-27/i/work/art/aircraft-strike-final-production-v1/stage/assets/build/frames/unit.SA.strike/shadow/damaged/d12_f00.png'
12:03.995  render           | Saved: '/Users/mohammedkalouti/Documents/Codex/2026-09-27/i/work/art/aircraft-strike-final-production-v1/stage/assets/build/frames/unit.SA.strike/beauty/damaged/d13_f00.png'
12:04.487  render           | Saved: '/Users/mohammedkalouti/Documents/Codex/2026-09-27/i/work/art/aircraft-strike-final-production-v1/stage/assets/build/frames/unit.SA.strike/team/damaged/d13_f00.png'
12:05.285  render           | Saved: '/Users/mohammedkalouti/Documents/Codex/2026-09-27/i/work/art/aircraft-strike-final-production-v1/stage/assets/build/frames/unit.SA.strike/shadow/damaged/d13_f00.png'
12:05.883  render           | Saved: '/Users/mohammedkalouti/Documents/Codex/2026-09-27/i/work/art/aircraft-strike-final-production-v1/stage/assets/build/frames/unit.SA.strike/beauty/damaged/d14_f00.png'
12:06.376  render           | Saved: '/Users/mohammedkalouti/Documents/Codex/2026-09-27/i/work/art/aircraft-strike-final-production-v1/stage/assets/build/frames/unit.SA.strike/team/damaged/d14_f00.png'
12:07.184  render           | Saved: '/Users/mohammedkalouti/Documents/Codex/2026-09-27/i/work/art/aircraft-strike-final-production-v1/stage/assets/build/frames/unit.SA.strike/shadow/damaged/d14_f00.png'
12:07.755  render           | Saved: '/Users/mohammedkalouti/Documents/Codex/2026-09-27/i/work/art/aircraft-strike-final-production-v1/stage/assets/build/frames/unit.SA.strike/beauty/damaged/d15_f00.png'
12:08.215  render           | Saved: '/Users/mohammedkalouti/Documents/Codex/2026-09-27/i/work/art/aircraft-strike-final-production-v1/stage/assets/build/frames/unit.SA.strike/team/damaged/d15_f00.png'
12:09.055  render           | Saved: '/Users/mohammedkalouti/Documents/Codex/2026-09-27/i/work/art/aircraft-strike-final-production-v1/stage/assets/build/frames/unit.SA.strike/shadow/damaged/d15_f00.png'
12:09.635  render           | Saved: '/Users/mohammedkalouti/Documents/Codex/2026-09-27/i/work/art/aircraft-strike-final-production-v1/stage/assets/build/frames/unit.SA.strike/beauty/crash/d00_f00.png'
12:10.451  render           | Saved: '/Users/mohammedkalouti/Documents/Codex/2026-09-27/i/work/art/aircraft-strike-final-production-v1/stage/assets/build/frames/unit.SA.strike/shadow/crash/d00_f00.png'
12:11.011  render           | Saved: '/Users/mohammedkalouti/Documents/Codex/2026-09-27/i/work/art/aircraft-strike-final-production-v1/stage/assets/build/frames/unit.SA.strike/beauty/crash/d00_f01.png'
12:11.826  render           | Saved: '/Users/mohammedkalouti/Documents/Codex/2026-09-27/i/work/art/aircraft-strike-final-production-v1/stage/assets/build/frames/unit.SA.strike/shadow/crash/d00_f01.png'
12:12.371  render           | Saved: '/Users/mohammedkalouti/Documents/Codex/2026-09-27/i/work/art/aircraft-strike-final-production-v1/stage/assets/build/frames/unit.SA.strike/beauty/crash/d00_f02.png'
12:13.194  render           | Saved: '/Users/mohammedkalouti/Documents/Codex/2026-09-27/i/work/art/aircraft-strike-final-production-v1/stage/assets/build/frames/unit.SA.strike/shadow/crash/d00_f02.png'
12:13.731  render           | Saved: '/Users/mohammedkalouti/Documents/Codex/2026-09-27/i/work/art/aircraft-strike-final-production-v1/stage/assets/build/frames/unit.SA.strike/beauty/crash/d00_f03.png'
12:14.532  render           | Saved: '/Users/mohammedkalouti/Documents/Codex/2026-09-27/i/work/art/aircraft-strike-final-production-v1/stage/assets/build/frames/unit.SA.strike/shadow/crash/d00_f03.png'
12:15.103  render           | Saved: '/Users/mohammedkalouti/Documents/Codex/2026-09-27/i/work/art/aircraft-strike-final-production-v1/stage/assets/build/frames/unit.SA.strike/beauty/crash/d01_f00.png'
12:15.924  render           | Saved: '/Users/mohammedkalouti/Documents/Codex/2026-09-27/i/work/art/aircraft-strike-final-production-v1/stage/assets/build/frames/unit.SA.strike/shadow/crash/d01_f00.png'
12:16.478  render           | Saved: '/Users/mohammedkalouti/Documents/Codex/2026-09-27/i/work/art/aircraft-strike-final-production-v1/stage/assets/build/frames/unit.SA.strike/beauty/crash/d01_f01.png'
12:17.300  render           | Saved: '/Users/mohammedkalouti/Documents/Codex/2026-09-27/i/work/art/aircraft-strike-final-production-v1/stage/assets/build/frames/unit.SA.strike/shadow/crash/d01_f01.png'
12:17.866  render           | Saved: '/Users/mohammedkalouti/Documents/Codex/2026-09-27/i/work/art/aircraft-strike-final-production-v1/stage/assets/build/frames/unit.SA.strike/beauty/crash/d01_f02.png'
12:18.684  render           | Saved: '/Users/mohammedkalouti/Documents/Codex/2026-09-27/i/work/art/aircraft-strike-final-production-v1/stage/assets/build/frames/unit.SA.strike/shadow/crash/d01_f02.png'
12:19.265  render           | Saved: '/Users/mohammedkalouti/Documents/Codex/2026-09-27/i/work/art/aircraft-strike-final-production-v1/stage/assets/build/frames/unit.SA.strike/beauty/crash/d01_f03.png'
12:20.077  render           | Saved: '/Users/mohammedkalouti/Documents/Codex/2026-09-27/i/work/art/aircraft-strike-final-production-v1/stage/assets/build/frames/unit.SA.strike/shadow/crash/d01_f03.png'
12:20.647  render           | Saved: '/Users/mohammedkalouti/Documents/Codex/2026-09-27/i/work/art/aircraft-strike-final-production-v1/stage/assets/build/frames/unit.SA.strike/beauty/crash/d02_f00.png'
12:21.450  render           | Saved: '/Users/mohammedkalouti/Documents/Codex/2026-09-27/i/work/art/aircraft-strike-final-production-v1/stage/assets/build/frames/unit.SA.strike/shadow/crash/d02_f00.png'
12:21.980  render           | Saved: '/Users/mohammedkalouti/Documents/Codex/2026-09-27/i/work/art/aircraft-strike-final-production-v1/stage/assets/build/frames/unit.SA.strike/beauty/crash/d02_f01.png'
12:22.779  render           | Saved: '/Users/mohammedkalouti/Documents/Codex/2026-09-27/i/work/art/aircraft-strike-final-production-v1/stage/assets/build/frames/unit.SA.strike/shadow/crash/d02_f01.png'
12:23.365  render           | Saved: '/Users/mohammedkalouti/Documents/Codex/2026-09-27/i/work/art/aircraft-strike-final-production-v1/stage/assets/build/frames/unit.SA.strike/beauty/crash/d02_f02.png'
12:24.189  render           | Saved: '/Users/mohammedkalouti/Documents/Codex/2026-09-27/i/work/art/aircraft-strike-final-production-v1/stage/assets/build/frames/unit.SA.strike/shadow/crash/d02_f02.png'
12:24.733  render           | Saved: '/Users/mohammedkalouti/Documents/Codex/2026-09-27/i/work/art/aircraft-strike-final-production-v1/stage/assets/build/frames/unit.SA.strike/beauty/crash/d02_f03.png'
12:25.532  render           | Saved: '/Users/mohammedkalouti/Documents/Codex/2026-09-27/i/work/art/aircraft-strike-final-production-v1/stage/assets/build/frames/unit.SA.strike/shadow/crash/d02_f03.png'
12:26.075  render           | Saved: '/Users/mohammedkalouti/Documents/Codex/2026-09-27/i/work/art/aircraft-strike-final-production-v1/stage/assets/build/frames/unit.SA.strike/beauty/crash/d03_f01.png'
12:26.871  render           | Saved: '/Users/mohammedkalouti/Documents/Codex/2026-09-27/i/work/art/aircraft-strike-final-production-v1/stage/assets/build/frames/unit.SA.strike/shadow/crash/d03_f01.png'
12:27.405  render           | Saved: '/Users/mohammedkalouti/Documents/Codex/2026-09-27/i/work/art/aircraft-strike-final-production-v1/stage/assets/build/frames/unit.SA.strike/beauty/crash/d03_f02.png'
12:28.225  render           | Saved: '/Users/mohammedkalouti/Documents/Codex/2026-09-27/i/work/art/aircraft-strike-final-production-v1/stage/assets/build/frames/unit.SA.strike/shadow/crash/d03_f02.png'
12:28.765  render           | Saved: '/Users/mohammedkalouti/Documents/Codex/2026-09-27/i/work/art/aircraft-strike-final-production-v1/stage/assets/build/frames/unit.SA.strike/beauty/crash/d04_f00.png'
12:29.558  render           | Saved: '/Users/mohammedkalouti/Documents/Codex/2026-09-27/i/work/art/aircraft-strike-final-production-v1/stage/assets/build/frames/unit.SA.strike/shadow/crash/d04_f00.png'
12:30.104  render           | Saved: '/Users/mohammedkalouti/Documents/Codex/2026-09-27/i/work/art/aircraft-strike-final-production-v1/stage/assets/build/frames/unit.SA.strike/beauty/crash/d04_f01.png'
12:30.911  render           | Saved: '/Users/mohammedkalouti/Documents/Codex/2026-09-27/i/work/art/aircraft-strike-final-production-v1/stage/assets/build/frames/unit.SA.strike/shadow/crash/d04_f01.png'
12:31.466  render           | Saved: '/Users/mohammedkalouti/Documents/Codex/2026-09-27/i/work/art/aircraft-strike-final-production-v1/stage/assets/build/frames/unit.SA.strike/beauty/crash/d04_f02.png'
12:32.262  render           | Saved: '/Users/mohammedkalouti/Documents/Codex/2026-09-27/i/work/art/aircraft-strike-final-production-v1/stage/assets/build/frames/unit.SA.strike/shadow/crash/d04_f02.png'
12:32.799  render           | Saved: '/Users/mohammedkalouti/Documents/Codex/2026-09-27/i/work/art/aircraft-strike-final-production-v1/stage/assets/build/frames/unit.SA.strike/beauty/crash/d04_f03.png'
12:33.587  render           | Saved: '/Users/mohammedkalouti/Documents/Codex/2026-09-27/i/work/art/aircraft-strike-final-production-v1/stage/assets/build/frames/unit.SA.strike/shadow/crash/d04_f03.png'
12:34.131  render           | Saved: '/Users/mohammedkalouti/Documents/Codex/2026-09-27/i/work/art/aircraft-strike-final-production-v1/stage/assets/build/frames/unit.SA.strike/beauty/crash/d05_f00.png'
12:34.942  render           | Saved: '/Users/mohammedkalouti/Documents/Codex/2026-09-27/i/work/art/aircraft-strike-final-production-v1/stage/assets/build/frames/unit.SA.strike/shadow/crash/d05_f00.png'
12:35.490  render           | Saved: '/Users/mohammedkalouti/Documents/Codex/2026-09-27/i/work/art/aircraft-strike-final-production-v1/stage/assets/build/frames/unit.SA.strike/beauty/crash/d05_f01.png'
12:36.354  render           | Saved: '/Users/mohammedkalouti/Documents/Codex/2026-09-27/i/work/art/aircraft-strike-final-production-v1/stage/assets/build/frames/unit.SA.strike/shadow/crash/d05_f01.png'
12:36.932  render           | Saved: '/Users/mohammedkalouti/Documents/Codex/2026-09-27/i/work/art/aircraft-strike-final-production-v1/stage/assets/build/frames/unit.SA.strike/beauty/crash/d05_f02.png'
12:37.740  render           | Saved: '/Users/mohammedkalouti/Documents/Codex/2026-09-27/i/work/art/aircraft-strike-final-production-v1/stage/assets/build/frames/unit.SA.strike/shadow/crash/d05_f02.png'
12:38.299  render           | Saved: '/Users/mohammedkalouti/Documents/Codex/2026-09-27/i/work/art/aircraft-strike-final-production-v1/stage/assets/build/frames/unit.SA.strike/beauty/crash/d05_f03.png'
12:39.099  render           | Saved: '/Users/mohammedkalouti/Documents/Codex/2026-09-27/i/work/art/aircraft-strike-final-production-v1/stage/assets/build/frames/unit.SA.strike/shadow/crash/d05_f03.png'
12:39.646  render           | Saved: '/Users/mohammedkalouti/Documents/Codex/2026-09-27/i/work/art/aircraft-strike-final-production-v1/stage/assets/build/frames/unit.SA.strike/beauty/crash/d06_f00.png'
12:40.466  render           | Saved: '/Users/mohammedkalouti/Documents/Codex/2026-09-27/i/work/art/aircraft-strike-final-production-v1/stage/assets/build/frames/unit.SA.strike/shadow/crash/d06_f00.png'
12:41.033  render           | Saved: '/Users/mohammedkalouti/Documents/Codex/2026-09-27/i/work/art/aircraft-strike-final-production-v1/stage/assets/build/frames/unit.SA.strike/beauty/crash/d06_f01.png'
12:41.830  render           | Saved: '/Users/mohammedkalouti/Documents/Codex/2026-09-27/i/work/art/aircraft-strike-final-production-v1/stage/assets/build/frames/unit.SA.strike/shadow/crash/d06_f01.png'
12:42.382  render           | Saved: '/Users/mohammedkalouti/Documents/Codex/2026-09-27/i/work/art/aircraft-strike-final-production-v1/stage/assets/build/frames/unit.SA.strike/beauty/crash/d06_f02.png'
12:43.179  render           | Saved: '/Users/mohammedkalouti/Documents/Codex/2026-09-27/i/work/art/aircraft-strike-final-production-v1/stage/assets/build/frames/unit.SA.strike/shadow/crash/d06_f02.png'
12:43.711  render           | Saved: '/Users/mohammedkalouti/Documents/Codex/2026-09-27/i/work/art/aircraft-strike-final-production-v1/stage/assets/build/frames/unit.SA.strike/beauty/crash/d06_f03.png'
12:44.518  render           | Saved: '/Users/mohammedkalouti/Documents/Codex/2026-09-27/i/work/art/aircraft-strike-final-production-v1/stage/assets/build/frames/unit.SA.strike/shadow/crash/d06_f03.png'
12:45.065  render           | Saved: '/Users/mohammedkalouti/Documents/Codex/2026-09-27/i/work/art/aircraft-strike-final-production-v1/stage/assets/build/frames/unit.SA.strike/beauty/crash/d07_f01.png'
12:45.873  render           | Saved: '/Users/mohammedkalouti/Documents/Codex/2026-09-27/i/work/art/aircraft-strike-final-production-v1/stage/assets/build/frames/unit.SA.strike/shadow/crash/d07_f01.png'
12:46.418  render           | Saved: '/Users/mohammedkalouti/Documents/Codex/2026-09-27/i/work/art/aircraft-strike-final-production-v1/stage/assets/build/frames/unit.SA.strike/beauty/crash/d07_f02.png'
12:47.220  render           | Saved: '/Users/mohammedkalouti/Documents/Codex/2026-09-27/i/work/art/aircraft-strike-final-production-v1/stage/assets/build/frames/unit.SA.strike/shadow/crash/d07_f02.png'
12:47.772  render           | Saved: '/Users/mohammedkalouti/Documents/Codex/2026-09-27/i/work/art/aircraft-strike-final-production-v1/stage/assets/build/frames/unit.SA.strike/beauty/crash/d08_f00.png'
12:48.571  render           | Saved: '/Users/mohammedkalouti/Documents/Codex/2026-09-27/i/work/art/aircraft-strike-final-production-v1/stage/assets/build/frames/unit.SA.strike/shadow/crash/d08_f00.png'
12:49.135  render           | Saved: '/Users/mohammedkalouti/Documents/Codex/2026-09-27/i/work/art/aircraft-strike-final-production-v1/stage/assets/build/frames/unit.SA.strike/beauty/crash/d08_f01.png'
12:49.919  render           | Saved: '/Users/mohammedkalouti/Documents/Codex/2026-09-27/i/work/art/aircraft-strike-final-production-v1/stage/assets/build/frames/unit.SA.strike/shadow/crash/d08_f01.png'
12:50.450  render           | Saved: '/Users/mohammedkalouti/Documents/Codex/2026-09-27/i/work/art/aircraft-strike-final-production-v1/stage/assets/build/frames/unit.SA.strike/beauty/crash/d08_f02.png'
12:51.380  render           | Saved: '/Users/mohammedkalouti/Documents/Codex/2026-09-27/i/work/art/aircraft-strike-final-production-v1/stage/assets/build/frames/unit.SA.strike/shadow/crash/d08_f02.png'
12:52.057  render           | Saved: '/Users/mohammedkalouti/Documents/Codex/2026-09-27/i/work/art/aircraft-strike-final-production-v1/stage/assets/build/frames/unit.SA.strike/beauty/crash/d08_f03.png'
12:52.893  render           | Saved: '/Users/mohammedkalouti/Documents/Codex/2026-09-27/i/work/art/aircraft-strike-final-production-v1/stage/assets/build/frames/unit.SA.strike/shadow/crash/d08_f03.png'
12:53.451  render           | Saved: '/Users/mohammedkalouti/Documents/Codex/2026-09-27/i/work/art/aircraft-strike-final-production-v1/stage/assets/build/frames/unit.SA.strike/beauty/crash/d09_f00.png'
12:54.271  render           | Saved: '/Users/mohammedkalouti/Documents/Codex/2026-09-27/i/work/art/aircraft-strike-final-production-v1/stage/assets/build/frames/unit.SA.strike/shadow/crash/d09_f00.png'
12:54.845  render           | Saved: '/Users/mohammedkalouti/Documents/Codex/2026-09-27/i/work/art/aircraft-strike-final-production-v1/stage/assets/build/frames/unit.SA.strike/beauty/crash/d09_f01.png'
12:55.729  render           | Saved: '/Users/mohammedkalouti/Documents/Codex/2026-09-27/i/work/art/aircraft-strike-final-production-v1/stage/assets/build/frames/unit.SA.strike/shadow/crash/d09_f01.png'
12:56.331  render           | Saved: '/Users/mohammedkalouti/Documents/Codex/2026-09-27/i/work/art/aircraft-strike-final-production-v1/stage/assets/build/frames/unit.SA.strike/beauty/crash/d09_f02.png'
12:57.248  render           | Saved: '/Users/mohammedkalouti/Documents/Codex/2026-09-27/i/work/art/aircraft-strike-final-production-v1/stage/assets/build/frames/unit.SA.strike/shadow/crash/d09_f02.png'
12:57.877  render           | Saved: '/Users/mohammedkalouti/Documents/Codex/2026-09-27/i/work/art/aircraft-strike-final-production-v1/stage/assets/build/frames/unit.SA.strike/beauty/crash/d09_f03.png'
12:58.840  render           | Saved: '/Users/mohammedkalouti/Documents/Codex/2026-09-27/i/work/art/aircraft-strike-final-production-v1/stage/assets/build/frames/unit.SA.strike/shadow/crash/d09_f03.png'
12:59.452  render           | Saved: '/Users/mohammedkalouti/Documents/Codex/2026-09-27/i/work/art/aircraft-strike-final-production-v1/stage/assets/build/frames/unit.SA.strike/beauty/crash/d10_f00.png'
13:00.310  render           | Saved: '/Users/mohammedkalouti/Documents/Codex/2026-09-27/i/work/art/aircraft-strike-final-production-v1/stage/assets/build/frames/unit.SA.strike/shadow/crash/d10_f00.png'
13:00.899  render           | Saved: '/Users/mohammedkalouti/Documents/Codex/2026-09-27/i/work/art/aircraft-strike-final-production-v1/stage/assets/build/frames/unit.SA.strike/beauty/crash/d10_f01.png'
13:01.731  render           | Saved: '/Users/mohammedkalouti/Documents/Codex/2026-09-27/i/work/art/aircraft-strike-final-production-v1/stage/assets/build/frames/unit.SA.strike/shadow/crash/d10_f01.png'
13:02.322  render           | Saved: '/Users/mohammedkalouti/Documents/Codex/2026-09-27/i/work/art/aircraft-strike-final-production-v1/stage/assets/build/frames/unit.SA.strike/beauty/crash/d10_f02.png'
13:03.140  render           | Saved: '/Users/mohammedkalouti/Documents/Codex/2026-09-27/i/work/art/aircraft-strike-final-production-v1/stage/assets/build/frames/unit.SA.strike/shadow/crash/d10_f02.png'
13:03.705  render           | Saved: '/Users/mohammedkalouti/Documents/Codex/2026-09-27/i/work/art/aircraft-strike-final-production-v1/stage/assets/build/frames/unit.SA.strike/beauty/crash/d10_f03.png'
13:04.542  render           | Saved: '/Users/mohammedkalouti/Documents/Codex/2026-09-27/i/work/art/aircraft-strike-final-production-v1/stage/assets/build/frames/unit.SA.strike/shadow/crash/d10_f03.png'
13:05.096  render           | Saved: '/Users/mohammedkalouti/Documents/Codex/2026-09-27/i/work/art/aircraft-strike-final-production-v1/stage/assets/build/frames/unit.SA.strike/beauty/crash/d11_f01.png'
13:05.902  render           | Saved: '/Users/mohammedkalouti/Documents/Codex/2026-09-27/i/work/art/aircraft-strike-final-production-v1/stage/assets/build/frames/unit.SA.strike/shadow/crash/d11_f01.png'
13:06.473  render           | Saved: '/Users/mohammedkalouti/Documents/Codex/2026-09-27/i/work/art/aircraft-strike-final-production-v1/stage/assets/build/frames/unit.SA.strike/beauty/crash/d11_f02.png'
13:07.291  render           | Saved: '/Users/mohammedkalouti/Documents/Codex/2026-09-27/i/work/art/aircraft-strike-final-production-v1/stage/assets/build/frames/unit.SA.strike/shadow/crash/d11_f02.png'
13:07.863  render           | Saved: '/Users/mohammedkalouti/Documents/Codex/2026-09-27/i/work/art/aircraft-strike-final-production-v1/stage/assets/build/frames/unit.SA.strike/beauty/crash/d12_f00.png'
13:08.657  render           | Saved: '/Users/mohammedkalouti/Documents/Codex/2026-09-27/i/work/art/aircraft-strike-final-production-v1/stage/assets/build/frames/unit.SA.strike/shadow/crash/d12_f00.png'
13:09.211  render           | Saved: '/Users/mohammedkalouti/Documents/Codex/2026-09-27/i/work/art/aircraft-strike-final-production-v1/stage/assets/build/frames/unit.SA.strike/beauty/crash/d12_f01.png'
13:10.050  render           | Saved: '/Users/mohammedkalouti/Documents/Codex/2026-09-27/i/work/art/aircraft-strike-final-production-v1/stage/assets/build/frames/unit.SA.strike/shadow/crash/d12_f01.png'
13:10.636  render           | Saved: '/Users/mohammedkalouti/Documents/Codex/2026-09-27/i/work/art/aircraft-strike-final-production-v1/stage/assets/build/frames/unit.SA.strike/beauty/crash/d12_f02.png'
13:11.439  render           | Saved: '/Users/mohammedkalouti/Documents/Codex/2026-09-27/i/work/art/aircraft-strike-final-production-v1/stage/assets/build/frames/unit.SA.strike/shadow/crash/d12_f02.png'
13:11.987  render           | Saved: '/Users/mohammedkalouti/Documents/Codex/2026-09-27/i/work/art/aircraft-strike-final-production-v1/stage/assets/build/frames/unit.SA.strike/beauty/crash/d12_f03.png'
13:12.790  render           | Saved: '/Users/mohammedkalouti/Documents/Codex/2026-09-27/i/work/art/aircraft-strike-final-production-v1/stage/assets/build/frames/unit.SA.strike/shadow/crash/d12_f03.png'
13:13.351  render           | Saved: '/Users/mohammedkalouti/Documents/Codex/2026-09-27/i/work/art/aircraft-strike-final-production-v1/stage/assets/build/frames/unit.SA.strike/beauty/crash/d13_f00.png'
13:14.157  render           | Saved: '/Users/mohammedkalouti/Documents/Codex/2026-09-27/i/work/art/aircraft-strike-final-production-v1/stage/assets/build/frames/unit.SA.strike/shadow/crash/d13_f00.png'
13:14.715  render           | Saved: '/Users/mohammedkalouti/Documents/Codex/2026-09-27/i/work/art/aircraft-strike-final-production-v1/stage/assets/build/frames/unit.SA.strike/beauty/crash/d13_f01.png'
13:15.517  render           | Saved: '/Users/mohammedkalouti/Documents/Codex/2026-09-27/i/work/art/aircraft-strike-final-production-v1/stage/assets/build/frames/unit.SA.strike/shadow/crash/d13_f01.png'
13:16.085  render           | Saved: '/Users/mohammedkalouti/Documents/Codex/2026-09-27/i/work/art/aircraft-strike-final-production-v1/stage/assets/build/frames/unit.SA.strike/beauty/crash/d13_f02.png'
13:16.909  render           | Saved: '/Users/mohammedkalouti/Documents/Codex/2026-09-27/i/work/art/aircraft-strike-final-production-v1/stage/assets/build/frames/unit.SA.strike/shadow/crash/d13_f02.png'
13:17.471  render           | Saved: '/Users/mohammedkalouti/Documents/Codex/2026-09-27/i/work/art/aircraft-strike-final-production-v1/stage/assets/build/frames/unit.SA.strike/beauty/crash/d13_f03.png'
13:18.273  render           | Saved: '/Users/mohammedkalouti/Documents/Codex/2026-09-27/i/work/art/aircraft-strike-final-production-v1/stage/assets/build/frames/unit.SA.strike/shadow/crash/d13_f03.png'
13:18.843  render           | Saved: '/Users/mohammedkalouti/Documents/Codex/2026-09-27/i/work/art/aircraft-strike-final-production-v1/stage/assets/build/frames/unit.SA.strike/beauty/crash/d14_f00.png'
13:19.637  render           | Saved: '/Users/mohammedkalouti/Documents/Codex/2026-09-27/i/work/art/aircraft-strike-final-production-v1/stage/assets/build/frames/unit.SA.strike/shadow/crash/d14_f00.png'
13:20.192  render           | Saved: '/Users/mohammedkalouti/Documents/Codex/2026-09-27/i/work/art/aircraft-strike-final-production-v1/stage/assets/build/frames/unit.SA.strike/beauty/crash/d14_f01.png'
13:21.007  render           | Saved: '/Users/mohammedkalouti/Documents/Codex/2026-09-27/i/work/art/aircraft-strike-final-production-v1/stage/assets/build/frames/unit.SA.strike/shadow/crash/d14_f01.png'
13:21.564  render           | Saved: '/Users/mohammedkalouti/Documents/Codex/2026-09-27/i/work/art/aircraft-strike-final-production-v1/stage/assets/build/frames/unit.SA.strike/beauty/crash/d14_f02.png'
13:22.347  render           | Saved: '/Users/mohammedkalouti/Documents/Codex/2026-09-27/i/work/art/aircraft-strike-final-production-v1/stage/assets/build/frames/unit.SA.strike/shadow/crash/d14_f02.png'
13:22.895  render           | Saved: '/Users/mohammedkalouti/Documents/Codex/2026-09-27/i/work/art/aircraft-strike-final-production-v1/stage/assets/build/frames/unit.SA.strike/beauty/crash/d14_f03.png'
13:23.689  render           | Saved: '/Users/mohammedkalouti/Documents/Codex/2026-09-27/i/work/art/aircraft-strike-final-production-v1/stage/assets/build/frames/unit.SA.strike/shadow/crash/d14_f03.png'
13:24.247  render           | Saved: '/Users/mohammedkalouti/Documents/Codex/2026-09-27/i/work/art/aircraft-strike-final-production-v1/stage/assets/build/frames/unit.SA.strike/beauty/crash/d15_f01.png'
13:25.048  render           | Saved: '/Users/mohammedkalouti/Documents/Codex/2026-09-27/i/work/art/aircraft-strike-final-production-v1/stage/assets/build/frames/unit.SA.strike/shadow/crash/d15_f01.png'
13:25.605  render           | Saved: '/Users/mohammedkalouti/Documents/Codex/2026-09-27/i/work/art/aircraft-strike-final-production-v1/stage/assets/build/frames/unit.SA.strike/beauty/crash/d15_f02.png'
13:26.431  render           | Saved: '/Users/mohammedkalouti/Documents/Codex/2026-09-27/i/work/art/aircraft-strike-final-production-v1/stage/assets/build/frames/unit.SA.strike/shadow/crash/d15_f02.png'
13:27.046  render           | Saved: '/Users/mohammedkalouti/Documents/Codex/2026-09-27/i/work/art/aircraft-strike-final-production-v1/stage/assets/build/frames/unit.SA.strike/beauty/rearm/d00_f00.png'
13:27.541  render           | Saved: '/Users/mohammedkalouti/Documents/Codex/2026-09-27/i/work/art/aircraft-strike-final-production-v1/stage/assets/build/frames/unit.SA.strike/team/rearm/d00_f00.png'
13:28.448  render           | Saved: '/Users/mohammedkalouti/Documents/Codex/2026-09-27/i/work/art/aircraft-strike-final-production-v1/stage/assets/build/frames/unit.SA.strike/shadow/rearm/d00_f00.png'
13:29.004  render           | Saved: '/Users/mohammedkalouti/Documents/Codex/2026-09-27/i/work/art/aircraft-strike-final-production-v1/stage/assets/build/frames/unit.SA.strike/beauty/rearm/d00_f01.png'
13:29.474  render           | Saved: '/Users/mohammedkalouti/Documents/Codex/2026-09-27/i/work/art/aircraft-strike-final-production-v1/stage/assets/build/frames/unit.SA.strike/team/rearm/d00_f01.png'
13:30.373  render           | Saved: '/Users/mohammedkalouti/Documents/Codex/2026-09-27/i/work/art/aircraft-strike-final-production-v1/stage/assets/build/frames/unit.SA.strike/shadow/rearm/d00_f01.png'
13:30.953  render           | Saved: '/Users/mohammedkalouti/Documents/Codex/2026-09-27/i/work/art/aircraft-strike-final-production-v1/stage/assets/build/frames/unit.SA.strike/beauty/rearm/d00_f02.png'
13:31.431  render           | Saved: '/Users/mohammedkalouti/Documents/Codex/2026-09-27/i/work/art/aircraft-strike-final-production-v1/stage/assets/build/frames/unit.SA.strike/team/rearm/d00_f02.png'
13:32.347  render           | Saved: '/Users/mohammedkalouti/Documents/Codex/2026-09-27/i/work/art/aircraft-strike-final-production-v1/stage/assets/build/frames/unit.SA.strike/shadow/rearm/d00_f02.png'
13:32.925  render           | Saved: '/Users/mohammedkalouti/Documents/Codex/2026-09-27/i/work/art/aircraft-strike-final-production-v1/stage/assets/build/frames/unit.SA.strike/beauty/rearm/d00_f03.png'
13:33.444  render           | Saved: '/Users/mohammedkalouti/Documents/Codex/2026-09-27/i/work/art/aircraft-strike-final-production-v1/stage/assets/build/frames/unit.SA.strike/team/rearm/d00_f03.png'
13:34.340  render           | Saved: '/Users/mohammedkalouti/Documents/Codex/2026-09-27/i/work/art/aircraft-strike-final-production-v1/stage/assets/build/frames/unit.SA.strike/shadow/rearm/d00_f03.png'
13:34.968  render           | Saved: '/Users/mohammedkalouti/Documents/Codex/2026-09-27/i/work/art/aircraft-strike-final-production-v1/stage/assets/build/frames/unit.SA.strike/beauty/rearm/d00_f04.png'
13:35.470  render           | Saved: '/Users/mohammedkalouti/Documents/Codex/2026-09-27/i/work/art/aircraft-strike-final-production-v1/stage/assets/build/frames/unit.SA.strike/team/rearm/d00_f04.png'
13:36.367  render           | Saved: '/Users/mohammedkalouti/Documents/Codex/2026-09-27/i/work/art/aircraft-strike-final-production-v1/stage/assets/build/frames/unit.SA.strike/shadow/rearm/d00_f04.png'
13:36.976  render           | Saved: '/Users/mohammedkalouti/Documents/Codex/2026-09-27/i/work/art/aircraft-strike-final-production-v1/stage/assets/build/frames/unit.SA.strike/beauty/rearm/d00_f05.png'
13:37.469  render           | Saved: '/Users/mohammedkalouti/Documents/Codex/2026-09-27/i/work/art/aircraft-strike-final-production-v1/stage/assets/build/frames/unit.SA.strike/team/rearm/d00_f05.png'
13:38.371  render           | Saved: '/Users/mohammedkalouti/Documents/Codex/2026-09-27/i/work/art/aircraft-strike-final-production-v1/stage/assets/build/frames/unit.SA.strike/shadow/rearm/d00_f05.png'
13:38.978  render           | Saved: '/Users/mohammedkalouti/Documents/Codex/2026-09-27/i/work/art/aircraft-strike-final-production-v1/stage/assets/build/frames/unit.SA.strike/beauty/rearm/d01_f00.png'
13:39.484  render           | Saved: '/Users/mohammedkalouti/Documents/Codex/2026-09-27/i/work/art/aircraft-strike-final-production-v1/stage/assets/build/frames/unit.SA.strike/team/rearm/d01_f00.png'
13:40.476  render           | Saved: '/Users/mohammedkalouti/Documents/Codex/2026-09-27/i/work/art/aircraft-strike-final-production-v1/stage/assets/build/frames/unit.SA.strike/shadow/rearm/d01_f00.png'
13:41.100  render           | Saved: '/Users/mohammedkalouti/Documents/Codex/2026-09-27/i/work/art/aircraft-strike-final-production-v1/stage/assets/build/frames/unit.SA.strike/beauty/rearm/d01_f01.png'
13:41.628  render           | Saved: '/Users/mohammedkalouti/Documents/Codex/2026-09-27/i/work/art/aircraft-strike-final-production-v1/stage/assets/build/frames/unit.SA.strike/team/rearm/d01_f01.png'
13:42.586  render           | Saved: '/Users/mohammedkalouti/Documents/Codex/2026-09-27/i/work/art/aircraft-strike-final-production-v1/stage/assets/build/frames/unit.SA.strike/shadow/rearm/d01_f01.png'
13:43.186  render           | Saved: '/Users/mohammedkalouti/Documents/Codex/2026-09-27/i/work/art/aircraft-strike-final-production-v1/stage/assets/build/frames/unit.SA.strike/beauty/rearm/d01_f02.png'
13:43.681  render           | Saved: '/Users/mohammedkalouti/Documents/Codex/2026-09-27/i/work/art/aircraft-strike-final-production-v1/stage/assets/build/frames/unit.SA.strike/team/rearm/d01_f02.png'
13:44.592  render           | Saved: '/Users/mohammedkalouti/Documents/Codex/2026-09-27/i/work/art/aircraft-strike-final-production-v1/stage/assets/build/frames/unit.SA.strike/shadow/rearm/d01_f02.png'
13:45.152  render           | Saved: '/Users/mohammedkalouti/Documents/Codex/2026-09-27/i/work/art/aircraft-strike-final-production-v1/stage/assets/build/frames/unit.SA.strike/beauty/rearm/d01_f03.png'
13:45.639  render           | Saved: '/Users/mohammedkalouti/Documents/Codex/2026-09-27/i/work/art/aircraft-strike-final-production-v1/stage/assets/build/frames/unit.SA.strike/team/rearm/d01_f03.png'
13:46.553  render           | Saved: '/Users/mohammedkalouti/Documents/Codex/2026-09-27/i/work/art/aircraft-strike-final-production-v1/stage/assets/build/frames/unit.SA.strike/shadow/rearm/d01_f03.png'
13:47.141  render           | Saved: '/Users/mohammedkalouti/Documents/Codex/2026-09-27/i/work/art/aircraft-strike-final-production-v1/stage/assets/build/frames/unit.SA.strike/beauty/rearm/d01_f04.png'
13:47.654  render           | Saved: '/Users/mohammedkalouti/Documents/Codex/2026-09-27/i/work/art/aircraft-strike-final-production-v1/stage/assets/build/frames/unit.SA.strike/team/rearm/d01_f04.png'
13:48.569  render           | Saved: '/Users/mohammedkalouti/Documents/Codex/2026-09-27/i/work/art/aircraft-strike-final-production-v1/stage/assets/build/frames/unit.SA.strike/shadow/rearm/d01_f04.png'
13:49.153  render           | Saved: '/Users/mohammedkalouti/Documents/Codex/2026-09-27/i/work/art/aircraft-strike-final-production-v1/stage/assets/build/frames/unit.SA.strike/beauty/rearm/d01_f05.png'
13:49.647  render           | Saved: '/Users/mohammedkalouti/Documents/Codex/2026-09-27/i/work/art/aircraft-strike-final-production-v1/stage/assets/build/frames/unit.SA.strike/team/rearm/d01_f05.png'
13:50.550  render           | Saved: '/Users/mohammedkalouti/Documents/Codex/2026-09-27/i/work/art/aircraft-strike-final-production-v1/stage/assets/build/frames/unit.SA.strike/shadow/rearm/d01_f05.png'
13:51.137  render           | Saved: '/Users/mohammedkalouti/Documents/Codex/2026-09-27/i/work/art/aircraft-strike-final-production-v1/stage/assets/build/frames/unit.SA.strike/beauty/rearm/d02_f00.png'
13:51.621  render           | Saved: '/Users/mohammedkalouti/Documents/Codex/2026-09-27/i/work/art/aircraft-strike-final-production-v1/stage/assets/build/frames/unit.SA.strike/team/rearm/d02_f00.png'
13:52.536  render           | Saved: '/Users/mohammedkalouti/Documents/Codex/2026-09-27/i/work/art/aircraft-strike-final-production-v1/stage/assets/build/frames/unit.SA.strike/shadow/rearm/d02_f00.png'
13:53.093  render           | Saved: '/Users/mohammedkalouti/Documents/Codex/2026-09-27/i/work/art/aircraft-strike-final-production-v1/stage/assets/build/frames/unit.SA.strike/beauty/rearm/d02_f01.png'
13:53.564  render           | Saved: '/Users/mohammedkalouti/Documents/Codex/2026-09-27/i/work/art/aircraft-strike-final-production-v1/stage/assets/build/frames/unit.SA.strike/team/rearm/d02_f01.png'
13:54.449  render           | Saved: '/Users/mohammedkalouti/Documents/Codex/2026-09-27/i/work/art/aircraft-strike-final-production-v1/stage/assets/build/frames/unit.SA.strike/shadow/rearm/d02_f01.png'
13:55.030  render           | Saved: '/Users/mohammedkalouti/Documents/Codex/2026-09-27/i/work/art/aircraft-strike-final-production-v1/stage/assets/build/frames/unit.SA.strike/beauty/rearm/d02_f02.png'
13:55.521  render           | Saved: '/Users/mohammedkalouti/Documents/Codex/2026-09-27/i/work/art/aircraft-strike-final-production-v1/stage/assets/build/frames/unit.SA.strike/team/rearm/d02_f02.png'
13:56.409  render           | Saved: '/Users/mohammedkalouti/Documents/Codex/2026-09-27/i/work/art/aircraft-strike-final-production-v1/stage/assets/build/frames/unit.SA.strike/shadow/rearm/d02_f02.png'
13:56.999  render           | Saved: '/Users/mohammedkalouti/Documents/Codex/2026-09-27/i/work/art/aircraft-strike-final-production-v1/stage/assets/build/frames/unit.SA.strike/beauty/rearm/d02_f03.png'
13:57.477  render           | Saved: '/Users/mohammedkalouti/Documents/Codex/2026-09-27/i/work/art/aircraft-strike-final-production-v1/stage/assets/build/frames/unit.SA.strike/team/rearm/d02_f03.png'
13:58.392  render           | Saved: '/Users/mohammedkalouti/Documents/Codex/2026-09-27/i/work/art/aircraft-strike-final-production-v1/stage/assets/build/frames/unit.SA.strike/shadow/rearm/d02_f03.png'
13:58.983  render           | Saved: '/Users/mohammedkalouti/Documents/Codex/2026-09-27/i/work/art/aircraft-strike-final-production-v1/stage/assets/build/frames/unit.SA.strike/beauty/rearm/d02_f04.png'
13:59.485  render           | Saved: '/Users/mohammedkalouti/Documents/Codex/2026-09-27/i/work/art/aircraft-strike-final-production-v1/stage/assets/build/frames/unit.SA.strike/team/rearm/d02_f04.png'
14:00.398  render           | Saved: '/Users/mohammedkalouti/Documents/Codex/2026-09-27/i/work/art/aircraft-strike-final-production-v1/stage/assets/build/frames/unit.SA.strike/shadow/rearm/d02_f04.png'
14:00.985  render           | Saved: '/Users/mohammedkalouti/Documents/Codex/2026-09-27/i/work/art/aircraft-strike-final-production-v1/stage/assets/build/frames/unit.SA.strike/beauty/rearm/d02_f05.png'
14:01.489  render           | Saved: '/Users/mohammedkalouti/Documents/Codex/2026-09-27/i/work/art/aircraft-strike-final-production-v1/stage/assets/build/frames/unit.SA.strike/team/rearm/d02_f05.png'
14:02.400  render           | Saved: '/Users/mohammedkalouti/Documents/Codex/2026-09-27/i/work/art/aircraft-strike-final-production-v1/stage/assets/build/frames/unit.SA.strike/shadow/rearm/d02_f05.png'
14:02.994  render           | Saved: '/Users/mohammedkalouti/Documents/Codex/2026-09-27/i/work/art/aircraft-strike-final-production-v1/stage/assets/build/frames/unit.SA.strike/beauty/rearm/d04_f00.png'
14:03.460  render           | Saved: '/Users/mohammedkalouti/Documents/Codex/2026-09-27/i/work/art/aircraft-strike-final-production-v1/stage/assets/build/frames/unit.SA.strike/team/rearm/d04_f00.png'
14:04.367  render           | Saved: '/Users/mohammedkalouti/Documents/Codex/2026-09-27/i/work/art/aircraft-strike-final-production-v1/stage/assets/build/frames/unit.SA.strike/shadow/rearm/d04_f00.png'
14:04.944  render           | Saved: '/Users/mohammedkalouti/Documents/Codex/2026-09-27/i/work/art/aircraft-strike-final-production-v1/stage/assets/build/frames/unit.SA.strike/beauty/rearm/d04_f01.png'
14:05.428  render           | Saved: '/Users/mohammedkalouti/Documents/Codex/2026-09-27/i/work/art/aircraft-strike-final-production-v1/stage/assets/build/frames/unit.SA.strike/team/rearm/d04_f01.png'
14:06.313  render           | Saved: '/Users/mohammedkalouti/Documents/Codex/2026-09-27/i/work/art/aircraft-strike-final-production-v1/stage/assets/build/frames/unit.SA.strike/shadow/rearm/d04_f01.png'
14:06.899  render           | Saved: '/Users/mohammedkalouti/Documents/Codex/2026-09-27/i/work/art/aircraft-strike-final-production-v1/stage/assets/build/frames/unit.SA.strike/beauty/rearm/d04_f02.png'
14:07.380  render           | Saved: '/Users/mohammedkalouti/Documents/Codex/2026-09-27/i/work/art/aircraft-strike-final-production-v1/stage/assets/build/frames/unit.SA.strike/team/rearm/d04_f02.png'
14:08.280  render           | Saved: '/Users/mohammedkalouti/Documents/Codex/2026-09-27/i/work/art/aircraft-strike-final-production-v1/stage/assets/build/frames/unit.SA.strike/shadow/rearm/d04_f02.png'
14:08.867  render           | Saved: '/Users/mohammedkalouti/Documents/Codex/2026-09-27/i/work/art/aircraft-strike-final-production-v1/stage/assets/build/frames/unit.SA.strike/beauty/rearm/d04_f03.png'
14:09.350  render           | Saved: '/Users/mohammedkalouti/Documents/Codex/2026-09-27/i/work/art/aircraft-strike-final-production-v1/stage/assets/build/frames/unit.SA.strike/team/rearm/d04_f03.png'
14:10.315  render           | Saved: '/Users/mohammedkalouti/Documents/Codex/2026-09-27/i/work/art/aircraft-strike-final-production-v1/stage/assets/build/frames/unit.SA.strike/shadow/rearm/d04_f03.png'
14:10.921  render           | Saved: '/Users/mohammedkalouti/Documents/Codex/2026-09-27/i/work/art/aircraft-strike-final-production-v1/stage/assets/build/frames/unit.SA.strike/beauty/rearm/d04_f04.png'
14:11.416  render           | Saved: '/Users/mohammedkalouti/Documents/Codex/2026-09-27/i/work/art/aircraft-strike-final-production-v1/stage/assets/build/frames/unit.SA.strike/team/rearm/d04_f04.png'
14:12.311  render           | Saved: '/Users/mohammedkalouti/Documents/Codex/2026-09-27/i/work/art/aircraft-strike-final-production-v1/stage/assets/build/frames/unit.SA.strike/shadow/rearm/d04_f04.png'
14:12.885  render           | Saved: '/Users/mohammedkalouti/Documents/Codex/2026-09-27/i/work/art/aircraft-strike-final-production-v1/stage/assets/build/frames/unit.SA.strike/beauty/rearm/d04_f05.png'
14:13.373  render           | Saved: '/Users/mohammedkalouti/Documents/Codex/2026-09-27/i/work/art/aircraft-strike-final-production-v1/stage/assets/build/frames/unit.SA.strike/team/rearm/d04_f05.png'
14:14.274  render           | Saved: '/Users/mohammedkalouti/Documents/Codex/2026-09-27/i/work/art/aircraft-strike-final-production-v1/stage/assets/build/frames/unit.SA.strike/shadow/rearm/d04_f05.png'
14:14.870  render           | Saved: '/Users/mohammedkalouti/Documents/Codex/2026-09-27/i/work/art/aircraft-strike-final-production-v1/stage/assets/build/frames/unit.SA.strike/beauty/rearm/d05_f00.png'
14:15.352  render           | Saved: '/Users/mohammedkalouti/Documents/Codex/2026-09-27/i/work/art/aircraft-strike-final-production-v1/stage/assets/build/frames/unit.SA.strike/team/rearm/d05_f00.png'
14:16.220  render           | Saved: '/Users/mohammedkalouti/Documents/Codex/2026-09-27/i/work/art/aircraft-strike-final-production-v1/stage/assets/build/frames/unit.SA.strike/shadow/rearm/d05_f00.png'
14:16.780  render           | Saved: '/Users/mohammedkalouti/Documents/Codex/2026-09-27/i/work/art/aircraft-strike-final-production-v1/stage/assets/build/frames/unit.SA.strike/beauty/rearm/d05_f01.png'
14:17.271  render           | Saved: '/Users/mohammedkalouti/Documents/Codex/2026-09-27/i/work/art/aircraft-strike-final-production-v1/stage/assets/build/frames/unit.SA.strike/team/rearm/d05_f01.png'
14:18.192  render           | Saved: '/Users/mohammedkalouti/Documents/Codex/2026-09-27/i/work/art/aircraft-strike-final-production-v1/stage/assets/build/frames/unit.SA.strike/shadow/rearm/d05_f01.png'
14:18.766  render           | Saved: '/Users/mohammedkalouti/Documents/Codex/2026-09-27/i/work/art/aircraft-strike-final-production-v1/stage/assets/build/frames/unit.SA.strike/beauty/rearm/d05_f02.png'
14:19.241  render           | Saved: '/Users/mohammedkalouti/Documents/Codex/2026-09-27/i/work/art/aircraft-strike-final-production-v1/stage/assets/build/frames/unit.SA.strike/team/rearm/d05_f02.png'
14:20.132  render           | Saved: '/Users/mohammedkalouti/Documents/Codex/2026-09-27/i/work/art/aircraft-strike-final-production-v1/stage/assets/build/frames/unit.SA.strike/shadow/rearm/d05_f02.png'
14:20.697  render           | Saved: '/Users/mohammedkalouti/Documents/Codex/2026-09-27/i/work/art/aircraft-strike-final-production-v1/stage/assets/build/frames/unit.SA.strike/beauty/rearm/d05_f03.png'
14:21.185  render           | Saved: '/Users/mohammedkalouti/Documents/Codex/2026-09-27/i/work/art/aircraft-strike-final-production-v1/stage/assets/build/frames/unit.SA.strike/team/rearm/d05_f03.png'
14:22.101  render           | Saved: '/Users/mohammedkalouti/Documents/Codex/2026-09-27/i/work/art/aircraft-strike-final-production-v1/stage/assets/build/frames/unit.SA.strike/shadow/rearm/d05_f03.png'
14:22.685  render           | Saved: '/Users/mohammedkalouti/Documents/Codex/2026-09-27/i/work/art/aircraft-strike-final-production-v1/stage/assets/build/frames/unit.SA.strike/beauty/rearm/d05_f04.png'
14:23.162  render           | Saved: '/Users/mohammedkalouti/Documents/Codex/2026-09-27/i/work/art/aircraft-strike-final-production-v1/stage/assets/build/frames/unit.SA.strike/team/rearm/d05_f04.png'
14:24.072  render           | Saved: '/Users/mohammedkalouti/Documents/Codex/2026-09-27/i/work/art/aircraft-strike-final-production-v1/stage/assets/build/frames/unit.SA.strike/shadow/rearm/d05_f04.png'
14:24.675  render           | Saved: '/Users/mohammedkalouti/Documents/Codex/2026-09-27/i/work/art/aircraft-strike-final-production-v1/stage/assets/build/frames/unit.SA.strike/beauty/rearm/d05_f05.png'
14:25.165  render           | Saved: '/Users/mohammedkalouti/Documents/Codex/2026-09-27/i/work/art/aircraft-strike-final-production-v1/stage/assets/build/frames/unit.SA.strike/team/rearm/d05_f05.png'
14:26.045  render           | Saved: '/Users/mohammedkalouti/Documents/Codex/2026-09-27/i/work/art/aircraft-strike-final-production-v1/stage/assets/build/frames/unit.SA.strike/shadow/rearm/d05_f05.png'
14:26.628  render           | Saved: '/Users/mohammedkalouti/Documents/Codex/2026-09-27/i/work/art/aircraft-strike-final-production-v1/stage/assets/build/frames/unit.SA.strike/beauty/rearm/d06_f00.png'
14:27.107  render           | Saved: '/Users/mohammedkalouti/Documents/Codex/2026-09-27/i/work/art/aircraft-strike-final-production-v1/stage/assets/build/frames/unit.SA.strike/team/rearm/d06_f00.png'
14:28.116  render           | Saved: '/Users/mohammedkalouti/Documents/Codex/2026-09-27/i/work/art/aircraft-strike-final-production-v1/stage/assets/build/frames/unit.SA.strike/shadow/rearm/d06_f00.png'
14:28.884  render           | Saved: '/Users/mohammedkalouti/Documents/Codex/2026-09-27/i/work/art/aircraft-strike-final-production-v1/stage/assets/build/frames/unit.SA.strike/beauty/rearm/d06_f01.png'
14:29.452  render           | Saved: '/Users/mohammedkalouti/Documents/Codex/2026-09-27/i/work/art/aircraft-strike-final-production-v1/stage/assets/build/frames/unit.SA.strike/team/rearm/d06_f01.png'
14:30.363  render           | Saved: '/Users/mohammedkalouti/Documents/Codex/2026-09-27/i/work/art/aircraft-strike-final-production-v1/stage/assets/build/frames/unit.SA.strike/shadow/rearm/d06_f01.png'
14:30.957  render           | Saved: '/Users/mohammedkalouti/Documents/Codex/2026-09-27/i/work/art/aircraft-strike-final-production-v1/stage/assets/build/frames/unit.SA.strike/beauty/rearm/d06_f02.png'
14:31.460  render           | Saved: '/Users/mohammedkalouti/Documents/Codex/2026-09-27/i/work/art/aircraft-strike-final-production-v1/stage/assets/build/frames/unit.SA.strike/team/rearm/d06_f02.png'
14:32.361  render           | Saved: '/Users/mohammedkalouti/Documents/Codex/2026-09-27/i/work/art/aircraft-strike-final-production-v1/stage/assets/build/frames/unit.SA.strike/shadow/rearm/d06_f02.png'
14:32.936  render           | Saved: '/Users/mohammedkalouti/Documents/Codex/2026-09-27/i/work/art/aircraft-strike-final-production-v1/stage/assets/build/frames/unit.SA.strike/beauty/rearm/d06_f03.png'
14:33.425  render           | Saved: '/Users/mohammedkalouti/Documents/Codex/2026-09-27/i/work/art/aircraft-strike-final-production-v1/stage/assets/build/frames/unit.SA.strike/team/rearm/d06_f03.png'
14:34.356  render           | Saved: '/Users/mohammedkalouti/Documents/Codex/2026-09-27/i/work/art/aircraft-strike-final-production-v1/stage/assets/build/frames/unit.SA.strike/shadow/rearm/d06_f03.png'
14:34.934  render           | Saved: '/Users/mohammedkalouti/Documents/Codex/2026-09-27/i/work/art/aircraft-strike-final-production-v1/stage/assets/build/frames/unit.SA.strike/beauty/rearm/d06_f04.png'
14:35.428  render           | Saved: '/Users/mohammedkalouti/Documents/Codex/2026-09-27/i/work/art/aircraft-strike-final-production-v1/stage/assets/build/frames/unit.SA.strike/team/rearm/d06_f04.png'
14:36.341  render           | Saved: '/Users/mohammedkalouti/Documents/Codex/2026-09-27/i/work/art/aircraft-strike-final-production-v1/stage/assets/build/frames/unit.SA.strike/shadow/rearm/d06_f04.png'
14:36.912  render           | Saved: '/Users/mohammedkalouti/Documents/Codex/2026-09-27/i/work/art/aircraft-strike-final-production-v1/stage/assets/build/frames/unit.SA.strike/beauty/rearm/d06_f05.png'
14:37.398  render           | Saved: '/Users/mohammedkalouti/Documents/Codex/2026-09-27/i/work/art/aircraft-strike-final-production-v1/stage/assets/build/frames/unit.SA.strike/team/rearm/d06_f05.png'
14:38.298  render           | Saved: '/Users/mohammedkalouti/Documents/Codex/2026-09-27/i/work/art/aircraft-strike-final-production-v1/stage/assets/build/frames/unit.SA.strike/shadow/rearm/d06_f05.png'
14:38.917  render           | Saved: '/Users/mohammedkalouti/Documents/Codex/2026-09-27/i/work/art/aircraft-strike-final-production-v1/stage/assets/build/frames/unit.SA.strike/beauty/rearm/d08_f00.png'
14:39.392  render           | Saved: '/Users/mohammedkalouti/Documents/Codex/2026-09-27/i/work/art/aircraft-strike-final-production-v1/stage/assets/build/frames/unit.SA.strike/team/rearm/d08_f00.png'
14:40.298  render           | Saved: '/Users/mohammedkalouti/Documents/Codex/2026-09-27/i/work/art/aircraft-strike-final-production-v1/stage/assets/build/frames/unit.SA.strike/shadow/rearm/d08_f00.png'
14:40.863  render           | Saved: '/Users/mohammedkalouti/Documents/Codex/2026-09-27/i/work/art/aircraft-strike-final-production-v1/stage/assets/build/frames/unit.SA.strike/beauty/rearm/d08_f01.png'
14:41.340  render           | Saved: '/Users/mohammedkalouti/Documents/Codex/2026-09-27/i/work/art/aircraft-strike-final-production-v1/stage/assets/build/frames/unit.SA.strike/team/rearm/d08_f01.png'
14:42.248  render           | Saved: '/Users/mohammedkalouti/Documents/Codex/2026-09-27/i/work/art/aircraft-strike-final-production-v1/stage/assets/build/frames/unit.SA.strike/shadow/rearm/d08_f01.png'
14:42.804  render           | Saved: '/Users/mohammedkalouti/Documents/Codex/2026-09-27/i/work/art/aircraft-strike-final-production-v1/stage/assets/build/frames/unit.SA.strike/beauty/rearm/d08_f02.png'
14:43.305  render           | Saved: '/Users/mohammedkalouti/Documents/Codex/2026-09-27/i/work/art/aircraft-strike-final-production-v1/stage/assets/build/frames/unit.SA.strike/team/rearm/d08_f02.png'
14:44.198  render           | Saved: '/Users/mohammedkalouti/Documents/Codex/2026-09-27/i/work/art/aircraft-strike-final-production-v1/stage/assets/build/frames/unit.SA.strike/shadow/rearm/d08_f02.png'
14:44.786  render           | Saved: '/Users/mohammedkalouti/Documents/Codex/2026-09-27/i/work/art/aircraft-strike-final-production-v1/stage/assets/build/frames/unit.SA.strike/beauty/rearm/d08_f03.png'
14:45.267  render           | Saved: '/Users/mohammedkalouti/Documents/Codex/2026-09-27/i/work/art/aircraft-strike-final-production-v1/stage/assets/build/frames/unit.SA.strike/team/rearm/d08_f03.png'
14:46.160  render           | Saved: '/Users/mohammedkalouti/Documents/Codex/2026-09-27/i/work/art/aircraft-strike-final-production-v1/stage/assets/build/frames/unit.SA.strike/shadow/rearm/d08_f03.png'
14:46.715  render           | Saved: '/Users/mohammedkalouti/Documents/Codex/2026-09-27/i/work/art/aircraft-strike-final-production-v1/stage/assets/build/frames/unit.SA.strike/beauty/rearm/d08_f04.png'
14:47.192  render           | Saved: '/Users/mohammedkalouti/Documents/Codex/2026-09-27/i/work/art/aircraft-strike-final-production-v1/stage/assets/build/frames/unit.SA.strike/team/rearm/d08_f04.png'
14:48.091  render           | Saved: '/Users/mohammedkalouti/Documents/Codex/2026-09-27/i/work/art/aircraft-strike-final-production-v1/stage/assets/build/frames/unit.SA.strike/shadow/rearm/d08_f04.png'
14:48.688  render           | Saved: '/Users/mohammedkalouti/Documents/Codex/2026-09-27/i/work/art/aircraft-strike-final-production-v1/stage/assets/build/frames/unit.SA.strike/beauty/rearm/d08_f05.png'
14:49.178  render           | Saved: '/Users/mohammedkalouti/Documents/Codex/2026-09-27/i/work/art/aircraft-strike-final-production-v1/stage/assets/build/frames/unit.SA.strike/team/rearm/d08_f05.png'
14:50.083  render           | Saved: '/Users/mohammedkalouti/Documents/Codex/2026-09-27/i/work/art/aircraft-strike-final-production-v1/stage/assets/build/frames/unit.SA.strike/shadow/rearm/d08_f05.png'
14:50.650  render           | Saved: '/Users/mohammedkalouti/Documents/Codex/2026-09-27/i/work/art/aircraft-strike-final-production-v1/stage/assets/build/frames/unit.SA.strike/beauty/rearm/d09_f00.png'
14:51.138  render           | Saved: '/Users/mohammedkalouti/Documents/Codex/2026-09-27/i/work/art/aircraft-strike-final-production-v1/stage/assets/build/frames/unit.SA.strike/team/rearm/d09_f00.png'
14:52.051  render           | Saved: '/Users/mohammedkalouti/Documents/Codex/2026-09-27/i/work/art/aircraft-strike-final-production-v1/stage/assets/build/frames/unit.SA.strike/shadow/rearm/d09_f00.png'
14:52.629  render           | Saved: '/Users/mohammedkalouti/Documents/Codex/2026-09-27/i/work/art/aircraft-strike-final-production-v1/stage/assets/build/frames/unit.SA.strike/beauty/rearm/d09_f01.png'
14:53.113  render           | Saved: '/Users/mohammedkalouti/Documents/Codex/2026-09-27/i/work/art/aircraft-strike-final-production-v1/stage/assets/build/frames/unit.SA.strike/team/rearm/d09_f01.png'
14:54.008  render           | Saved: '/Users/mohammedkalouti/Documents/Codex/2026-09-27/i/work/art/aircraft-strike-final-production-v1/stage/assets/build/frames/unit.SA.strike/shadow/rearm/d09_f01.png'
14:54.570  render           | Saved: '/Users/mohammedkalouti/Documents/Codex/2026-09-27/i/work/art/aircraft-strike-final-production-v1/stage/assets/build/frames/unit.SA.strike/beauty/rearm/d09_f02.png'
14:55.047  render           | Saved: '/Users/mohammedkalouti/Documents/Codex/2026-09-27/i/work/art/aircraft-strike-final-production-v1/stage/assets/build/frames/unit.SA.strike/team/rearm/d09_f02.png'
14:55.922  render           | Saved: '/Users/mohammedkalouti/Documents/Codex/2026-09-27/i/work/art/aircraft-strike-final-production-v1/stage/assets/build/frames/unit.SA.strike/shadow/rearm/d09_f02.png'
14:56.505  render           | Saved: '/Users/mohammedkalouti/Documents/Codex/2026-09-27/i/work/art/aircraft-strike-final-production-v1/stage/assets/build/frames/unit.SA.strike/beauty/rearm/d09_f03.png'
14:56.973  render           | Saved: '/Users/mohammedkalouti/Documents/Codex/2026-09-27/i/work/art/aircraft-strike-final-production-v1/stage/assets/build/frames/unit.SA.strike/team/rearm/d09_f03.png'
14:57.885  render           | Saved: '/Users/mohammedkalouti/Documents/Codex/2026-09-27/i/work/art/aircraft-strike-final-production-v1/stage/assets/build/frames/unit.SA.strike/shadow/rearm/d09_f03.png'
14:58.446  render           | Saved: '/Users/mohammedkalouti/Documents/Codex/2026-09-27/i/work/art/aircraft-strike-final-production-v1/stage/assets/build/frames/unit.SA.strike/beauty/rearm/d09_f04.png'
14:58.953  render           | Saved: '/Users/mohammedkalouti/Documents/Codex/2026-09-27/i/work/art/aircraft-strike-final-production-v1/stage/assets/build/frames/unit.SA.strike/team/rearm/d09_f04.png'
14:59.868  render           | Saved: '/Users/mohammedkalouti/Documents/Codex/2026-09-27/i/work/art/aircraft-strike-final-production-v1/stage/assets/build/frames/unit.SA.strike/shadow/rearm/d09_f04.png'
15:00.429  render           | Saved: '/Users/mohammedkalouti/Documents/Codex/2026-09-27/i/work/art/aircraft-strike-final-production-v1/stage/assets/build/frames/unit.SA.strike/beauty/rearm/d09_f05.png'
15:00.918  render           | Saved: '/Users/mohammedkalouti/Documents/Codex/2026-09-27/i/work/art/aircraft-strike-final-production-v1/stage/assets/build/frames/unit.SA.strike/team/rearm/d09_f05.png'
15:01.809  render           | Saved: '/Users/mohammedkalouti/Documents/Codex/2026-09-27/i/work/art/aircraft-strike-final-production-v1/stage/assets/build/frames/unit.SA.strike/shadow/rearm/d09_f05.png'
15:02.369  render           | Saved: '/Users/mohammedkalouti/Documents/Codex/2026-09-27/i/work/art/aircraft-strike-final-production-v1/stage/assets/build/frames/unit.SA.strike/beauty/rearm/d10_f00.png'
15:02.928  render           | Saved: '/Users/mohammedkalouti/Documents/Codex/2026-09-27/i/work/art/aircraft-strike-final-production-v1/stage/assets/build/frames/unit.SA.strike/team/rearm/d10_f00.png'
15:03.887  render           | Saved: '/Users/mohammedkalouti/Documents/Codex/2026-09-27/i/work/art/aircraft-strike-final-production-v1/stage/assets/build/frames/unit.SA.strike/shadow/rearm/d10_f00.png'
15:04.456  render           | Saved: '/Users/mohammedkalouti/Documents/Codex/2026-09-27/i/work/art/aircraft-strike-final-production-v1/stage/assets/build/frames/unit.SA.strike/beauty/rearm/d10_f01.png'
15:04.948  render           | Saved: '/Users/mohammedkalouti/Documents/Codex/2026-09-27/i/work/art/aircraft-strike-final-production-v1/stage/assets/build/frames/unit.SA.strike/team/rearm/d10_f01.png'
15:05.841  render           | Saved: '/Users/mohammedkalouti/Documents/Codex/2026-09-27/i/work/art/aircraft-strike-final-production-v1/stage/assets/build/frames/unit.SA.strike/shadow/rearm/d10_f01.png'
15:06.409  render           | Saved: '/Users/mohammedkalouti/Documents/Codex/2026-09-27/i/work/art/aircraft-strike-final-production-v1/stage/assets/build/frames/unit.SA.strike/beauty/rearm/d10_f02.png'
15:06.889  render           | Saved: '/Users/mohammedkalouti/Documents/Codex/2026-09-27/i/work/art/aircraft-strike-final-production-v1/stage/assets/build/frames/unit.SA.strike/team/rearm/d10_f02.png'
15:07.787  render           | Saved: '/Users/mohammedkalouti/Documents/Codex/2026-09-27/i/work/art/aircraft-strike-final-production-v1/stage/assets/build/frames/unit.SA.strike/shadow/rearm/d10_f02.png'
15:08.370  render           | Saved: '/Users/mohammedkalouti/Documents/Codex/2026-09-27/i/work/art/aircraft-strike-final-production-v1/stage/assets/build/frames/unit.SA.strike/beauty/rearm/d10_f03.png'
15:08.841  render           | Saved: '/Users/mohammedkalouti/Documents/Codex/2026-09-27/i/work/art/aircraft-strike-final-production-v1/stage/assets/build/frames/unit.SA.strike/team/rearm/d10_f03.png'
15:09.749  render           | Saved: '/Users/mohammedkalouti/Documents/Codex/2026-09-27/i/work/art/aircraft-strike-final-production-v1/stage/assets/build/frames/unit.SA.strike/shadow/rearm/d10_f03.png'
15:10.331  render           | Saved: '/Users/mohammedkalouti/Documents/Codex/2026-09-27/i/work/art/aircraft-strike-final-production-v1/stage/assets/build/frames/unit.SA.strike/beauty/rearm/d10_f04.png'
15:10.816  render           | Saved: '/Users/mohammedkalouti/Documents/Codex/2026-09-27/i/work/art/aircraft-strike-final-production-v1/stage/assets/build/frames/unit.SA.strike/team/rearm/d10_f04.png'
15:11.735  render           | Saved: '/Users/mohammedkalouti/Documents/Codex/2026-09-27/i/work/art/aircraft-strike-final-production-v1/stage/assets/build/frames/unit.SA.strike/shadow/rearm/d10_f04.png'
15:12.293  render           | Saved: '/Users/mohammedkalouti/Documents/Codex/2026-09-27/i/work/art/aircraft-strike-final-production-v1/stage/assets/build/frames/unit.SA.strike/beauty/rearm/d10_f05.png'
15:12.777  render           | Saved: '/Users/mohammedkalouti/Documents/Codex/2026-09-27/i/work/art/aircraft-strike-final-production-v1/stage/assets/build/frames/unit.SA.strike/team/rearm/d10_f05.png'
15:13.681  render           | Saved: '/Users/mohammedkalouti/Documents/Codex/2026-09-27/i/work/art/aircraft-strike-final-production-v1/stage/assets/build/frames/unit.SA.strike/shadow/rearm/d10_f05.png'
15:14.260  render           | Saved: '/Users/mohammedkalouti/Documents/Codex/2026-09-27/i/work/art/aircraft-strike-final-production-v1/stage/assets/build/frames/unit.SA.strike/beauty/rearm/d12_f00.png'
15:14.747  render           | Saved: '/Users/mohammedkalouti/Documents/Codex/2026-09-27/i/work/art/aircraft-strike-final-production-v1/stage/assets/build/frames/unit.SA.strike/team/rearm/d12_f00.png'
15:15.650  render           | Saved: '/Users/mohammedkalouti/Documents/Codex/2026-09-27/i/work/art/aircraft-strike-final-production-v1/stage/assets/build/frames/unit.SA.strike/shadow/rearm/d12_f00.png'
15:16.268  render           | Saved: '/Users/mohammedkalouti/Documents/Codex/2026-09-27/i/work/art/aircraft-strike-final-production-v1/stage/assets/build/frames/unit.SA.strike/beauty/rearm/d12_f01.png'
15:16.803  render           | Saved: '/Users/mohammedkalouti/Documents/Codex/2026-09-27/i/work/art/aircraft-strike-final-production-v1/stage/assets/build/frames/unit.SA.strike/team/rearm/d12_f01.png'
15:17.818  render           | Saved: '/Users/mohammedkalouti/Documents/Codex/2026-09-27/i/work/art/aircraft-strike-final-production-v1/stage/assets/build/frames/unit.SA.strike/shadow/rearm/d12_f01.png'
15:18.459  render           | Saved: '/Users/mohammedkalouti/Documents/Codex/2026-09-27/i/work/art/aircraft-strike-final-production-v1/stage/assets/build/frames/unit.SA.strike/beauty/rearm/d12_f02.png'
15:18.996  render           | Saved: '/Users/mohammedkalouti/Documents/Codex/2026-09-27/i/work/art/aircraft-strike-final-production-v1/stage/assets/build/frames/unit.SA.strike/team/rearm/d12_f02.png'
15:19.976  render           | Saved: '/Users/mohammedkalouti/Documents/Codex/2026-09-27/i/work/art/aircraft-strike-final-production-v1/stage/assets/build/frames/unit.SA.strike/shadow/rearm/d12_f02.png'
15:20.601  render           | Saved: '/Users/mohammedkalouti/Documents/Codex/2026-09-27/i/work/art/aircraft-strike-final-production-v1/stage/assets/build/frames/unit.SA.strike/beauty/rearm/d12_f03.png'
15:21.100  render           | Saved: '/Users/mohammedkalouti/Documents/Codex/2026-09-27/i/work/art/aircraft-strike-final-production-v1/stage/assets/build/frames/unit.SA.strike/team/rearm/d12_f03.png'
15:22.042  render           | Saved: '/Users/mohammedkalouti/Documents/Codex/2026-09-27/i/work/art/aircraft-strike-final-production-v1/stage/assets/build/frames/unit.SA.strike/shadow/rearm/d12_f03.png'
15:22.615  render           | Saved: '/Users/mohammedkalouti/Documents/Codex/2026-09-27/i/work/art/aircraft-strike-final-production-v1/stage/assets/build/frames/unit.SA.strike/beauty/rearm/d12_f04.png'
15:23.116  render           | Saved: '/Users/mohammedkalouti/Documents/Codex/2026-09-27/i/work/art/aircraft-strike-final-production-v1/stage/assets/build/frames/unit.SA.strike/team/rearm/d12_f04.png'
15:24.036  render           | Saved: '/Users/mohammedkalouti/Documents/Codex/2026-09-27/i/work/art/aircraft-strike-final-production-v1/stage/assets/build/frames/unit.SA.strike/shadow/rearm/d12_f04.png'
15:24.624  render           | Saved: '/Users/mohammedkalouti/Documents/Codex/2026-09-27/i/work/art/aircraft-strike-final-production-v1/stage/assets/build/frames/unit.SA.strike/beauty/rearm/d12_f05.png'
15:25.124  render           | Saved: '/Users/mohammedkalouti/Documents/Codex/2026-09-27/i/work/art/aircraft-strike-final-production-v1/stage/assets/build/frames/unit.SA.strike/team/rearm/d12_f05.png'
15:26.030  render           | Saved: '/Users/mohammedkalouti/Documents/Codex/2026-09-27/i/work/art/aircraft-strike-final-production-v1/stage/assets/build/frames/unit.SA.strike/shadow/rearm/d12_f05.png'
15:26.620  render           | Saved: '/Users/mohammedkalouti/Documents/Codex/2026-09-27/i/work/art/aircraft-strike-final-production-v1/stage/assets/build/frames/unit.SA.strike/beauty/rearm/d13_f00.png'
15:27.108  render           | Saved: '/Users/mohammedkalouti/Documents/Codex/2026-09-27/i/work/art/aircraft-strike-final-production-v1/stage/assets/build/frames/unit.SA.strike/team/rearm/d13_f00.png'
15:28.005  render           | Saved: '/Users/mohammedkalouti/Documents/Codex/2026-09-27/i/work/art/aircraft-strike-final-production-v1/stage/assets/build/frames/unit.SA.strike/shadow/rearm/d13_f00.png'
15:28.606  render           | Saved: '/Users/mohammedkalouti/Documents/Codex/2026-09-27/i/work/art/aircraft-strike-final-production-v1/stage/assets/build/frames/unit.SA.strike/beauty/rearm/d13_f01.png'
15:29.089  render           | Saved: '/Users/mohammedkalouti/Documents/Codex/2026-09-27/i/work/art/aircraft-strike-final-production-v1/stage/assets/build/frames/unit.SA.strike/team/rearm/d13_f01.png'
15:29.989  render           | Saved: '/Users/mohammedkalouti/Documents/Codex/2026-09-27/i/work/art/aircraft-strike-final-production-v1/stage/assets/build/frames/unit.SA.strike/shadow/rearm/d13_f01.png'
15:30.570  render           | Saved: '/Users/mohammedkalouti/Documents/Codex/2026-09-27/i/work/art/aircraft-strike-final-production-v1/stage/assets/build/frames/unit.SA.strike/beauty/rearm/d13_f02.png'
15:31.061  render           | Saved: '/Users/mohammedkalouti/Documents/Codex/2026-09-27/i/work/art/aircraft-strike-final-production-v1/stage/assets/build/frames/unit.SA.strike/team/rearm/d13_f02.png'
15:31.973  render           | Saved: '/Users/mohammedkalouti/Documents/Codex/2026-09-27/i/work/art/aircraft-strike-final-production-v1/stage/assets/build/frames/unit.SA.strike/shadow/rearm/d13_f02.png'
15:32.553  render           | Saved: '/Users/mohammedkalouti/Documents/Codex/2026-09-27/i/work/art/aircraft-strike-final-production-v1/stage/assets/build/frames/unit.SA.strike/beauty/rearm/d13_f03.png'
15:33.059  render           | Saved: '/Users/mohammedkalouti/Documents/Codex/2026-09-27/i/work/art/aircraft-strike-final-production-v1/stage/assets/build/frames/unit.SA.strike/team/rearm/d13_f03.png'
15:33.951  render           | Saved: '/Users/mohammedkalouti/Documents/Codex/2026-09-27/i/work/art/aircraft-strike-final-production-v1/stage/assets/build/frames/unit.SA.strike/shadow/rearm/d13_f03.png'
15:34.511  render           | Saved: '/Users/mohammedkalouti/Documents/Codex/2026-09-27/i/work/art/aircraft-strike-final-production-v1/stage/assets/build/frames/unit.SA.strike/beauty/rearm/d13_f04.png'
15:34.984  render           | Saved: '/Users/mohammedkalouti/Documents/Codex/2026-09-27/i/work/art/aircraft-strike-final-production-v1/stage/assets/build/frames/unit.SA.strike/team/rearm/d13_f04.png'
15:35.885  render           | Saved: '/Users/mohammedkalouti/Documents/Codex/2026-09-27/i/work/art/aircraft-strike-final-production-v1/stage/assets/build/frames/unit.SA.strike/shadow/rearm/d13_f04.png'
15:36.498  render           | Saved: '/Users/mohammedkalouti/Documents/Codex/2026-09-27/i/work/art/aircraft-strike-final-production-v1/stage/assets/build/frames/unit.SA.strike/beauty/rearm/d13_f05.png'
15:36.969  render           | Saved: '/Users/mohammedkalouti/Documents/Codex/2026-09-27/i/work/art/aircraft-strike-final-production-v1/stage/assets/build/frames/unit.SA.strike/team/rearm/d13_f05.png'
15:37.881  render           | Saved: '/Users/mohammedkalouti/Documents/Codex/2026-09-27/i/work/art/aircraft-strike-final-production-v1/stage/assets/build/frames/unit.SA.strike/shadow/rearm/d13_f05.png'
15:38.443  render           | Saved: '/Users/mohammedkalouti/Documents/Codex/2026-09-27/i/work/art/aircraft-strike-final-production-v1/stage/assets/build/frames/unit.SA.strike/beauty/rearm/d14_f00.png'
15:38.929  render           | Saved: '/Users/mohammedkalouti/Documents/Codex/2026-09-27/i/work/art/aircraft-strike-final-production-v1/stage/assets/build/frames/unit.SA.strike/team/rearm/d14_f00.png'
15:39.840  render           | Saved: '/Users/mohammedkalouti/Documents/Codex/2026-09-27/i/work/art/aircraft-strike-final-production-v1/stage/assets/build/frames/unit.SA.strike/shadow/rearm/d14_f00.png'
15:40.430  render           | Saved: '/Users/mohammedkalouti/Documents/Codex/2026-09-27/i/work/art/aircraft-strike-final-production-v1/stage/assets/build/frames/unit.SA.strike/beauty/rearm/d14_f01.png'
15:40.913  render           | Saved: '/Users/mohammedkalouti/Documents/Codex/2026-09-27/i/work/art/aircraft-strike-final-production-v1/stage/assets/build/frames/unit.SA.strike/team/rearm/d14_f01.png'
15:41.844  render           | Saved: '/Users/mohammedkalouti/Documents/Codex/2026-09-27/i/work/art/aircraft-strike-final-production-v1/stage/assets/build/frames/unit.SA.strike/shadow/rearm/d14_f01.png'
15:42.412  render           | Saved: '/Users/mohammedkalouti/Documents/Codex/2026-09-27/i/work/art/aircraft-strike-final-production-v1/stage/assets/build/frames/unit.SA.strike/beauty/rearm/d14_f02.png'
15:42.883  render           | Saved: '/Users/mohammedkalouti/Documents/Codex/2026-09-27/i/work/art/aircraft-strike-final-production-v1/stage/assets/build/frames/unit.SA.strike/team/rearm/d14_f02.png'
15:43.775  render           | Saved: '/Users/mohammedkalouti/Documents/Codex/2026-09-27/i/work/art/aircraft-strike-final-production-v1/stage/assets/build/frames/unit.SA.strike/shadow/rearm/d14_f02.png'
15:44.381  render           | Saved: '/Users/mohammedkalouti/Documents/Codex/2026-09-27/i/work/art/aircraft-strike-final-production-v1/stage/assets/build/frames/unit.SA.strike/beauty/rearm/d14_f03.png'
15:44.863  render           | Saved: '/Users/mohammedkalouti/Documents/Codex/2026-09-27/i/work/art/aircraft-strike-final-production-v1/stage/assets/build/frames/unit.SA.strike/team/rearm/d14_f03.png'
15:45.775  render           | Saved: '/Users/mohammedkalouti/Documents/Codex/2026-09-27/i/work/art/aircraft-strike-final-production-v1/stage/assets/build/frames/unit.SA.strike/shadow/rearm/d14_f03.png'
15:46.363  render           | Saved: '/Users/mohammedkalouti/Documents/Codex/2026-09-27/i/work/art/aircraft-strike-final-production-v1/stage/assets/build/frames/unit.SA.strike/beauty/rearm/d14_f04.png'
15:46.857  render           | Saved: '/Users/mohammedkalouti/Documents/Codex/2026-09-27/i/work/art/aircraft-strike-final-production-v1/stage/assets/build/frames/unit.SA.strike/team/rearm/d14_f04.png'
15:47.762  render           | Saved: '/Users/mohammedkalouti/Documents/Codex/2026-09-27/i/work/art/aircraft-strike-final-production-v1/stage/assets/build/frames/unit.SA.strike/shadow/rearm/d14_f04.png'
15:48.347  render           | Saved: '/Users/mohammedkalouti/Documents/Codex/2026-09-27/i/work/art/aircraft-strike-final-production-v1/stage/assets/build/frames/unit.SA.strike/beauty/rearm/d14_f05.png'
15:48.824  render           | Saved: '/Users/mohammedkalouti/Documents/Codex/2026-09-27/i/work/art/aircraft-strike-final-production-v1/stage/assets/build/frames/unit.SA.strike/team/rearm/d14_f05.png'
15:49.738  render           | Saved: '/Users/mohammedkalouti/Documents/Codex/2026-09-27/i/work/art/aircraft-strike-final-production-v1/stage/assets/build/frames/unit.SA.strike/shadow/rearm/d14_f05.png'
15:50.344  render           | Saved: '/Users/mohammedkalouti/Documents/Codex/2026-09-27/i/work/art/aircraft-strike-final-production-v1/stage/assets/build/frames/unit.SA.strike/beauty/fire_empty/d00_f00.png'
15:50.824  render           | Saved: '/Users/mohammedkalouti/Documents/Codex/2026-09-27/i/work/art/aircraft-strike-final-production-v1/stage/assets/build/frames/unit.SA.strike/team/fire_empty/d00_f00.png'
15:51.636  render           | Saved: '/Users/mohammedkalouti/Documents/Codex/2026-09-27/i/work/art/aircraft-strike-final-production-v1/stage/assets/build/frames/unit.SA.strike/shadow/fire_empty/d00_f00.png'
15:52.224  render           | Saved: '/Users/mohammedkalouti/Documents/Codex/2026-09-27/i/work/art/aircraft-strike-final-production-v1/stage/assets/build/frames/unit.SA.strike/beauty/fire_empty/d00_f01.png'
15:52.728  render           | Saved: '/Users/mohammedkalouti/Documents/Codex/2026-09-27/i/work/art/aircraft-strike-final-production-v1/stage/assets/build/frames/unit.SA.strike/team/fire_empty/d00_f01.png'
15:53.523  render           | Saved: '/Users/mohammedkalouti/Documents/Codex/2026-09-27/i/work/art/aircraft-strike-final-production-v1/stage/assets/build/frames/unit.SA.strike/shadow/fire_empty/d00_f01.png'
15:54.105  render           | Saved: '/Users/mohammedkalouti/Documents/Codex/2026-09-27/i/work/art/aircraft-strike-final-production-v1/stage/assets/build/frames/unit.SA.strike/beauty/fire_empty/d01_f00.png'
15:54.607  render           | Saved: '/Users/mohammedkalouti/Documents/Codex/2026-09-27/i/work/art/aircraft-strike-final-production-v1/stage/assets/build/frames/unit.SA.strike/team/fire_empty/d01_f00.png'
15:55.396  render           | Saved: '/Users/mohammedkalouti/Documents/Codex/2026-09-27/i/work/art/aircraft-strike-final-production-v1/stage/assets/build/frames/unit.SA.strike/shadow/fire_empty/d01_f00.png'
15:55.972  render           | Saved: '/Users/mohammedkalouti/Documents/Codex/2026-09-27/i/work/art/aircraft-strike-final-production-v1/stage/assets/build/frames/unit.SA.strike/beauty/fire_empty/d01_f01.png'
15:56.474  render           | Saved: '/Users/mohammedkalouti/Documents/Codex/2026-09-27/i/work/art/aircraft-strike-final-production-v1/stage/assets/build/frames/unit.SA.strike/team/fire_empty/d01_f01.png'
15:57.343  render           | Saved: '/Users/mohammedkalouti/Documents/Codex/2026-09-27/i/work/art/aircraft-strike-final-production-v1/stage/assets/build/frames/unit.SA.strike/shadow/fire_empty/d01_f01.png'
15:57.893  render           | Saved: '/Users/mohammedkalouti/Documents/Codex/2026-09-27/i/work/art/aircraft-strike-final-production-v1/stage/assets/build/frames/unit.SA.strike/beauty/fire_empty/d02_f00.png'
15:58.368  render           | Saved: '/Users/mohammedkalouti/Documents/Codex/2026-09-27/i/work/art/aircraft-strike-final-production-v1/stage/assets/build/frames/unit.SA.strike/team/fire_empty/d02_f00.png'
15:59.232  render           | Saved: '/Users/mohammedkalouti/Documents/Codex/2026-09-27/i/work/art/aircraft-strike-final-production-v1/stage/assets/build/frames/unit.SA.strike/shadow/fire_empty/d02_f00.png'
15:59.841  render           | Saved: '/Users/mohammedkalouti/Documents/Codex/2026-09-27/i/work/art/aircraft-strike-final-production-v1/stage/assets/build/frames/unit.SA.strike/beauty/fire_empty/d02_f01.png'
16:00.355  render           | Saved: '/Users/mohammedkalouti/Documents/Codex/2026-09-27/i/work/art/aircraft-strike-final-production-v1/stage/assets/build/frames/unit.SA.strike/team/fire_empty/d02_f01.png'
16:01.207  render           | Saved: '/Users/mohammedkalouti/Documents/Codex/2026-09-27/i/work/art/aircraft-strike-final-production-v1/stage/assets/build/frames/unit.SA.strike/shadow/fire_empty/d02_f01.png'
16:01.815  render           | Saved: '/Users/mohammedkalouti/Documents/Codex/2026-09-27/i/work/art/aircraft-strike-final-production-v1/stage/assets/build/frames/unit.SA.strike/beauty/fire_empty/d03_f00.png'
16:02.325  render           | Saved: '/Users/mohammedkalouti/Documents/Codex/2026-09-27/i/work/art/aircraft-strike-final-production-v1/stage/assets/build/frames/unit.SA.strike/team/fire_empty/d03_f00.png'
16:03.141  render           | Saved: '/Users/mohammedkalouti/Documents/Codex/2026-09-27/i/work/art/aircraft-strike-final-production-v1/stage/assets/build/frames/unit.SA.strike/shadow/fire_empty/d03_f00.png'
16:03.708  render           | Saved: '/Users/mohammedkalouti/Documents/Codex/2026-09-27/i/work/art/aircraft-strike-final-production-v1/stage/assets/build/frames/unit.SA.strike/beauty/fire_empty/d03_f01.png'
16:04.215  render           | Saved: '/Users/mohammedkalouti/Documents/Codex/2026-09-27/i/work/art/aircraft-strike-final-production-v1/stage/assets/build/frames/unit.SA.strike/team/fire_empty/d03_f01.png'
16:05.039  render           | Saved: '/Users/mohammedkalouti/Documents/Codex/2026-09-27/i/work/art/aircraft-strike-final-production-v1/stage/assets/build/frames/unit.SA.strike/shadow/fire_empty/d03_f01.png'
16:05.615  render           | Saved: '/Users/mohammedkalouti/Documents/Codex/2026-09-27/i/work/art/aircraft-strike-final-production-v1/stage/assets/build/frames/unit.SA.strike/beauty/fire_empty/d04_f00.png'
16:06.090  render           | Saved: '/Users/mohammedkalouti/Documents/Codex/2026-09-27/i/work/art/aircraft-strike-final-production-v1/stage/assets/build/frames/unit.SA.strike/team/fire_empty/d04_f00.png'
16:06.900  render           | Saved: '/Users/mohammedkalouti/Documents/Codex/2026-09-27/i/work/art/aircraft-strike-final-production-v1/stage/assets/build/frames/unit.SA.strike/shadow/fire_empty/d04_f00.png'
16:07.477  render           | Saved: '/Users/mohammedkalouti/Documents/Codex/2026-09-27/i/work/art/aircraft-strike-final-production-v1/stage/assets/build/frames/unit.SA.strike/beauty/fire_empty/d04_f01.png'
16:07.952  render           | Saved: '/Users/mohammedkalouti/Documents/Codex/2026-09-27/i/work/art/aircraft-strike-final-production-v1/stage/assets/build/frames/unit.SA.strike/team/fire_empty/d04_f01.png'
16:08.778  render           | Saved: '/Users/mohammedkalouti/Documents/Codex/2026-09-27/i/work/art/aircraft-strike-final-production-v1/stage/assets/build/frames/unit.SA.strike/shadow/fire_empty/d04_f01.png'
16:09.412  render           | Saved: '/Users/mohammedkalouti/Documents/Codex/2026-09-27/i/work/art/aircraft-strike-final-production-v1/stage/assets/build/frames/unit.SA.strike/beauty/fire_empty/d05_f00.png'
16:09.892  render           | Saved: '/Users/mohammedkalouti/Documents/Codex/2026-09-27/i/work/art/aircraft-strike-final-production-v1/stage/assets/build/frames/unit.SA.strike/team/fire_empty/d05_f00.png'
16:10.731  render           | Saved: '/Users/mohammedkalouti/Documents/Codex/2026-09-27/i/work/art/aircraft-strike-final-production-v1/stage/assets/build/frames/unit.SA.strike/shadow/fire_empty/d05_f00.png'
16:11.289  render           | Saved: '/Users/mohammedkalouti/Documents/Codex/2026-09-27/i/work/art/aircraft-strike-final-production-v1/stage/assets/build/frames/unit.SA.strike/beauty/fire_empty/d05_f01.png'
16:11.779  render           | Saved: '/Users/mohammedkalouti/Documents/Codex/2026-09-27/i/work/art/aircraft-strike-final-production-v1/stage/assets/build/frames/unit.SA.strike/team/fire_empty/d05_f01.png'
16:12.588  render           | Saved: '/Users/mohammedkalouti/Documents/Codex/2026-09-27/i/work/art/aircraft-strike-final-production-v1/stage/assets/build/frames/unit.SA.strike/shadow/fire_empty/d05_f01.png'
16:13.287  render           | Saved: '/Users/mohammedkalouti/Documents/Codex/2026-09-27/i/work/art/aircraft-strike-final-production-v1/stage/assets/build/frames/unit.SA.strike/beauty/fire_empty/d06_f00.png'
16:13.886  render           | Saved: '/Users/mohammedkalouti/Documents/Codex/2026-09-27/i/work/art/aircraft-strike-final-production-v1/stage/assets/build/frames/unit.SA.strike/team/fire_empty/d06_f00.png'
16:14.742  render           | Saved: '/Users/mohammedkalouti/Documents/Codex/2026-09-27/i/work/art/aircraft-strike-final-production-v1/stage/assets/build/frames/unit.SA.strike/shadow/fire_empty/d06_f00.png'
16:15.327  render           | Saved: '/Users/mohammedkalouti/Documents/Codex/2026-09-27/i/work/art/aircraft-strike-final-production-v1/stage/assets/build/frames/unit.SA.strike/beauty/fire_empty/d06_f01.png'
16:15.835  render           | Saved: '/Users/mohammedkalouti/Documents/Codex/2026-09-27/i/work/art/aircraft-strike-final-production-v1/stage/assets/build/frames/unit.SA.strike/team/fire_empty/d06_f01.png'
16:16.684  render           | Saved: '/Users/mohammedkalouti/Documents/Codex/2026-09-27/i/work/art/aircraft-strike-final-production-v1/stage/assets/build/frames/unit.SA.strike/shadow/fire_empty/d06_f01.png'
16:17.256  render           | Saved: '/Users/mohammedkalouti/Documents/Codex/2026-09-27/i/work/art/aircraft-strike-final-production-v1/stage/assets/build/frames/unit.SA.strike/beauty/fire_empty/d07_f00.png'
16:17.763  render           | Saved: '/Users/mohammedkalouti/Documents/Codex/2026-09-27/i/work/art/aircraft-strike-final-production-v1/stage/assets/build/frames/unit.SA.strike/team/fire_empty/d07_f00.png'
16:18.574  render           | Saved: '/Users/mohammedkalouti/Documents/Codex/2026-09-27/i/work/art/aircraft-strike-final-production-v1/stage/assets/build/frames/unit.SA.strike/shadow/fire_empty/d07_f00.png'
16:19.160  render           | Saved: '/Users/mohammedkalouti/Documents/Codex/2026-09-27/i/work/art/aircraft-strike-final-production-v1/stage/assets/build/frames/unit.SA.strike/beauty/fire_empty/d07_f01.png'
16:19.640  render           | Saved: '/Users/mohammedkalouti/Documents/Codex/2026-09-27/i/work/art/aircraft-strike-final-production-v1/stage/assets/build/frames/unit.SA.strike/team/fire_empty/d07_f01.png'
16:20.454  render           | Saved: '/Users/mohammedkalouti/Documents/Codex/2026-09-27/i/work/art/aircraft-strike-final-production-v1/stage/assets/build/frames/unit.SA.strike/shadow/fire_empty/d07_f01.png'
16:21.029  render           | Saved: '/Users/mohammedkalouti/Documents/Codex/2026-09-27/i/work/art/aircraft-strike-final-production-v1/stage/assets/build/frames/unit.SA.strike/beauty/fire_empty/d08_f00.png'
16:21.508  render           | Saved: '/Users/mohammedkalouti/Documents/Codex/2026-09-27/i/work/art/aircraft-strike-final-production-v1/stage/assets/build/frames/unit.SA.strike/team/fire_empty/d08_f00.png'
16:22.320  render           | Saved: '/Users/mohammedkalouti/Documents/Codex/2026-09-27/i/work/art/aircraft-strike-final-production-v1/stage/assets/build/frames/unit.SA.strike/shadow/fire_empty/d08_f00.png'
16:22.912  render           | Saved: '/Users/mohammedkalouti/Documents/Codex/2026-09-27/i/work/art/aircraft-strike-final-production-v1/stage/assets/build/frames/unit.SA.strike/beauty/fire_empty/d08_f01.png'
16:23.381  render           | Saved: '/Users/mohammedkalouti/Documents/Codex/2026-09-27/i/work/art/aircraft-strike-final-production-v1/stage/assets/build/frames/unit.SA.strike/team/fire_empty/d08_f01.png'
16:24.174  render           | Saved: '/Users/mohammedkalouti/Documents/Codex/2026-09-27/i/work/art/aircraft-strike-final-production-v1/stage/assets/build/frames/unit.SA.strike/shadow/fire_empty/d08_f01.png'
16:24.743  render           | Saved: '/Users/mohammedkalouti/Documents/Codex/2026-09-27/i/work/art/aircraft-strike-final-production-v1/stage/assets/build/frames/unit.SA.strike/beauty/fire_empty/d09_f00.png'
16:25.225  render           | Saved: '/Users/mohammedkalouti/Documents/Codex/2026-09-27/i/work/art/aircraft-strike-final-production-v1/stage/assets/build/frames/unit.SA.strike/team/fire_empty/d09_f00.png'
16:26.026  render           | Saved: '/Users/mohammedkalouti/Documents/Codex/2026-09-27/i/work/art/aircraft-strike-final-production-v1/stage/assets/build/frames/unit.SA.strike/shadow/fire_empty/d09_f00.png'
16:26.655  render           | Saved: '/Users/mohammedkalouti/Documents/Codex/2026-09-27/i/work/art/aircraft-strike-final-production-v1/stage/assets/build/frames/unit.SA.strike/beauty/fire_empty/d09_f01.png'
16:27.170  render           | Saved: '/Users/mohammedkalouti/Documents/Codex/2026-09-27/i/work/art/aircraft-strike-final-production-v1/stage/assets/build/frames/unit.SA.strike/team/fire_empty/d09_f01.png'
16:27.974  render           | Saved: '/Users/mohammedkalouti/Documents/Codex/2026-09-27/i/work/art/aircraft-strike-final-production-v1/stage/assets/build/frames/unit.SA.strike/shadow/fire_empty/d09_f01.png'
16:28.537  render           | Saved: '/Users/mohammedkalouti/Documents/Codex/2026-09-27/i/work/art/aircraft-strike-final-production-v1/stage/assets/build/frames/unit.SA.strike/beauty/fire_empty/d10_f00.png'
16:29.005  render           | Saved: '/Users/mohammedkalouti/Documents/Codex/2026-09-27/i/work/art/aircraft-strike-final-production-v1/stage/assets/build/frames/unit.SA.strike/team/fire_empty/d10_f00.png'
16:29.823  render           | Saved: '/Users/mohammedkalouti/Documents/Codex/2026-09-27/i/work/art/aircraft-strike-final-production-v1/stage/assets/build/frames/unit.SA.strike/shadow/fire_empty/d10_f00.png'
16:30.395  render           | Saved: '/Users/mohammedkalouti/Documents/Codex/2026-09-27/i/work/art/aircraft-strike-final-production-v1/stage/assets/build/frames/unit.SA.strike/beauty/fire_empty/d10_f01.png'
16:30.890  render           | Saved: '/Users/mohammedkalouti/Documents/Codex/2026-09-27/i/work/art/aircraft-strike-final-production-v1/stage/assets/build/frames/unit.SA.strike/team/fire_empty/d10_f01.png'
16:31.702  render           | Saved: '/Users/mohammedkalouti/Documents/Codex/2026-09-27/i/work/art/aircraft-strike-final-production-v1/stage/assets/build/frames/unit.SA.strike/shadow/fire_empty/d10_f01.png'
16:32.272  render           | Saved: '/Users/mohammedkalouti/Documents/Codex/2026-09-27/i/work/art/aircraft-strike-final-production-v1/stage/assets/build/frames/unit.SA.strike/beauty/fire_empty/d11_f00.png'
16:32.741  render           | Saved: '/Users/mohammedkalouti/Documents/Codex/2026-09-27/i/work/art/aircraft-strike-final-production-v1/stage/assets/build/frames/unit.SA.strike/team/fire_empty/d11_f00.png'
16:33.548  render           | Saved: '/Users/mohammedkalouti/Documents/Codex/2026-09-27/i/work/art/aircraft-strike-final-production-v1/stage/assets/build/frames/unit.SA.strike/shadow/fire_empty/d11_f00.png'
16:34.141  render           | Saved: '/Users/mohammedkalouti/Documents/Codex/2026-09-27/i/work/art/aircraft-strike-final-production-v1/stage/assets/build/frames/unit.SA.strike/beauty/fire_empty/d11_f01.png'
16:34.620  render           | Saved: '/Users/mohammedkalouti/Documents/Codex/2026-09-27/i/work/art/aircraft-strike-final-production-v1/stage/assets/build/frames/unit.SA.strike/team/fire_empty/d11_f01.png'
16:35.428  render           | Saved: '/Users/mohammedkalouti/Documents/Codex/2026-09-27/i/work/art/aircraft-strike-final-production-v1/stage/assets/build/frames/unit.SA.strike/shadow/fire_empty/d11_f01.png'
16:36.002  render           | Saved: '/Users/mohammedkalouti/Documents/Codex/2026-09-27/i/work/art/aircraft-strike-final-production-v1/stage/assets/build/frames/unit.SA.strike/beauty/fire_empty/d12_f00.png'
16:36.508  render           | Saved: '/Users/mohammedkalouti/Documents/Codex/2026-09-27/i/work/art/aircraft-strike-final-production-v1/stage/assets/build/frames/unit.SA.strike/team/fire_empty/d12_f00.png'
16:37.443  render           | Saved: '/Users/mohammedkalouti/Documents/Codex/2026-09-27/i/work/art/aircraft-strike-final-production-v1/stage/assets/build/frames/unit.SA.strike/shadow/fire_empty/d12_f00.png'
16:38.077  render           | Saved: '/Users/mohammedkalouti/Documents/Codex/2026-09-27/i/work/art/aircraft-strike-final-production-v1/stage/assets/build/frames/unit.SA.strike/beauty/fire_empty/d12_f01.png'
16:38.596  render           | Saved: '/Users/mohammedkalouti/Documents/Codex/2026-09-27/i/work/art/aircraft-strike-final-production-v1/stage/assets/build/frames/unit.SA.strike/team/fire_empty/d12_f01.png'
16:39.485  render           | Saved: '/Users/mohammedkalouti/Documents/Codex/2026-09-27/i/work/art/aircraft-strike-final-production-v1/stage/assets/build/frames/unit.SA.strike/shadow/fire_empty/d12_f01.png'
16:40.109  render           | Saved: '/Users/mohammedkalouti/Documents/Codex/2026-09-27/i/work/art/aircraft-strike-final-production-v1/stage/assets/build/frames/unit.SA.strike/beauty/fire_empty/d13_f00.png'
16:40.665  render           | Saved: '/Users/mohammedkalouti/Documents/Codex/2026-09-27/i/work/art/aircraft-strike-final-production-v1/stage/assets/build/frames/unit.SA.strike/team/fire_empty/d13_f00.png'
16:41.558  render           | Saved: '/Users/mohammedkalouti/Documents/Codex/2026-09-27/i/work/art/aircraft-strike-final-production-v1/stage/assets/build/frames/unit.SA.strike/shadow/fire_empty/d13_f00.png'
16:42.197  render           | Saved: '/Users/mohammedkalouti/Documents/Codex/2026-09-27/i/work/art/aircraft-strike-final-production-v1/stage/assets/build/frames/unit.SA.strike/beauty/fire_empty/d13_f01.png'
16:42.728  render           | Saved: '/Users/mohammedkalouti/Documents/Codex/2026-09-27/i/work/art/aircraft-strike-final-production-v1/stage/assets/build/frames/unit.SA.strike/team/fire_empty/d13_f01.png'
16:43.593  render           | Saved: '/Users/mohammedkalouti/Documents/Codex/2026-09-27/i/work/art/aircraft-strike-final-production-v1/stage/assets/build/frames/unit.SA.strike/shadow/fire_empty/d13_f01.png'
16:44.190  render           | Saved: '/Users/mohammedkalouti/Documents/Codex/2026-09-27/i/work/art/aircraft-strike-final-production-v1/stage/assets/build/frames/unit.SA.strike/beauty/fire_empty/d14_f00.png'
16:44.672  render           | Saved: '/Users/mohammedkalouti/Documents/Codex/2026-09-27/i/work/art/aircraft-strike-final-production-v1/stage/assets/build/frames/unit.SA.strike/team/fire_empty/d14_f00.png'
16:45.499  render           | Saved: '/Users/mohammedkalouti/Documents/Codex/2026-09-27/i/work/art/aircraft-strike-final-production-v1/stage/assets/build/frames/unit.SA.strike/shadow/fire_empty/d14_f00.png'
16:46.083  render           | Saved: '/Users/mohammedkalouti/Documents/Codex/2026-09-27/i/work/art/aircraft-strike-final-production-v1/stage/assets/build/frames/unit.SA.strike/beauty/fire_empty/d14_f01.png'
16:46.545  render           | Saved: '/Users/mohammedkalouti/Documents/Codex/2026-09-27/i/work/art/aircraft-strike-final-production-v1/stage/assets/build/frames/unit.SA.strike/team/fire_empty/d14_f01.png'
16:47.340  render           | Saved: '/Users/mohammedkalouti/Documents/Codex/2026-09-27/i/work/art/aircraft-strike-final-production-v1/stage/assets/build/frames/unit.SA.strike/shadow/fire_empty/d14_f01.png'
16:47.902  render           | Saved: '/Users/mohammedkalouti/Documents/Codex/2026-09-27/i/work/art/aircraft-strike-final-production-v1/stage/assets/build/frames/unit.SA.strike/beauty/fire_empty/d15_f00.png'
16:48.402  render           | Saved: '/Users/mohammedkalouti/Documents/Codex/2026-09-27/i/work/art/aircraft-strike-final-production-v1/stage/assets/build/frames/unit.SA.strike/team/fire_empty/d15_f00.png'
16:49.217  render           | Saved: '/Users/mohammedkalouti/Documents/Codex/2026-09-27/i/work/art/aircraft-strike-final-production-v1/stage/assets/build/frames/unit.SA.strike/shadow/fire_empty/d15_f00.png'
16:49.776  render           | Saved: '/Users/mohammedkalouti/Documents/Codex/2026-09-27/i/work/art/aircraft-strike-final-production-v1/stage/assets/build/frames/unit.SA.strike/beauty/fire_empty/d15_f01.png'
16:50.291  render           | Saved: '/Users/mohammedkalouti/Documents/Codex/2026-09-27/i/work/art/aircraft-strike-final-production-v1/stage/assets/build/frames/unit.SA.strike/team/fire_empty/d15_f01.png'
16:51.165  render           | Saved: '/Users/mohammedkalouti/Documents/Codex/2026-09-27/i/work/art/aircraft-strike-final-production-v1/stage/assets/build/frames/unit.SA.strike/shadow/fire_empty/d15_f01.png'
16:51.795  render           | Saved: '/Users/mohammedkalouti/Documents/Codex/2026-09-27/i/work/art/aircraft-strike-final-production-v1/stage/assets/build/frames/unit.SA.strike/beauty/parked_empty/d00_f00.png'
16:52.304  render           | Saved: '/Users/mohammedkalouti/Documents/Codex/2026-09-27/i/work/art/aircraft-strike-final-production-v1/stage/assets/build/frames/unit.SA.strike/team/parked_empty/d00_f00.png'
16:53.143  render           | Saved: '/Users/mohammedkalouti/Documents/Codex/2026-09-27/i/work/art/aircraft-strike-final-production-v1/stage/assets/build/frames/unit.SA.strike/shadow/parked_empty/d00_f00.png'
16:53.756  render           | Saved: '/Users/mohammedkalouti/Documents/Codex/2026-09-27/i/work/art/aircraft-strike-final-production-v1/stage/assets/build/frames/unit.SA.strike/beauty/parked_empty/d01_f00.png'
16:54.549  render           | Saved: '/Users/mohammedkalouti/Documents/Codex/2026-09-27/i/work/art/aircraft-strike-final-production-v1/stage/assets/build/frames/unit.SA.strike/team/parked_empty/d01_f00.png'
16:55.805  render           | Saved: '/Users/mohammedkalouti/Documents/Codex/2026-09-27/i/work/art/aircraft-strike-final-production-v1/stage/assets/build/frames/unit.SA.strike/shadow/parked_empty/d01_f00.png'
16:56.530  render           | Saved: '/Users/mohammedkalouti/Documents/Codex/2026-09-27/i/work/art/aircraft-strike-final-production-v1/stage/assets/build/frames/unit.SA.strike/beauty/parked_empty/d02_f00.png'
16:57.135  render           | Saved: '/Users/mohammedkalouti/Documents/Codex/2026-09-27/i/work/art/aircraft-strike-final-production-v1/stage/assets/build/frames/unit.SA.strike/team/parked_empty/d02_f00.png'
16:58.186  render           | Saved: '/Users/mohammedkalouti/Documents/Codex/2026-09-27/i/work/art/aircraft-strike-final-production-v1/stage/assets/build/frames/unit.SA.strike/shadow/parked_empty/d02_f00.png'
16:58.902  render           | Saved: '/Users/mohammedkalouti/Documents/Codex/2026-09-27/i/work/art/aircraft-strike-final-production-v1/stage/assets/build/frames/unit.SA.strike/beauty/parked_empty/d04_f00.png'
16:59.455  render           | Saved: '/Users/mohammedkalouti/Documents/Codex/2026-09-27/i/work/art/aircraft-strike-final-production-v1/stage/assets/build/frames/unit.SA.strike/team/parked_empty/d04_f00.png'
17:00.523  render           | Saved: '/Users/mohammedkalouti/Documents/Codex/2026-09-27/i/work/art/aircraft-strike-final-production-v1/stage/assets/build/frames/unit.SA.strike/shadow/parked_empty/d04_f00.png'
17:01.239  render           | Saved: '/Users/mohammedkalouti/Documents/Codex/2026-09-27/i/work/art/aircraft-strike-final-production-v1/stage/assets/build/frames/unit.SA.strike/beauty/parked_empty/d05_f00.png'
17:01.936  render           | Saved: '/Users/mohammedkalouti/Documents/Codex/2026-09-27/i/work/art/aircraft-strike-final-production-v1/stage/assets/build/frames/unit.SA.strike/team/parked_empty/d05_f00.png'
17:03.018  render           | Saved: '/Users/mohammedkalouti/Documents/Codex/2026-09-27/i/work/art/aircraft-strike-final-production-v1/stage/assets/build/frames/unit.SA.strike/shadow/parked_empty/d05_f00.png'
17:03.807  render           | Saved: '/Users/mohammedkalouti/Documents/Codex/2026-09-27/i/work/art/aircraft-strike-final-production-v1/stage/assets/build/frames/unit.SA.strike/beauty/parked_empty/d06_f00.png'
17:04.475  render           | Saved: '/Users/mohammedkalouti/Documents/Codex/2026-09-27/i/work/art/aircraft-strike-final-production-v1/stage/assets/build/frames/unit.SA.strike/team/parked_empty/d06_f00.png'
17:05.679  render           | Saved: '/Users/mohammedkalouti/Documents/Codex/2026-09-27/i/work/art/aircraft-strike-final-production-v1/stage/assets/build/frames/unit.SA.strike/shadow/parked_empty/d06_f00.png'
17:06.409  render           | Saved: '/Users/mohammedkalouti/Documents/Codex/2026-09-27/i/work/art/aircraft-strike-final-production-v1/stage/assets/build/frames/unit.SA.strike/beauty/parked_empty/d08_f00.png'
17:07.099  render           | Saved: '/Users/mohammedkalouti/Documents/Codex/2026-09-27/i/work/art/aircraft-strike-final-production-v1/stage/assets/build/frames/unit.SA.strike/team/parked_empty/d08_f00.png'
17:08.107  render           | Saved: '/Users/mohammedkalouti/Documents/Codex/2026-09-27/i/work/art/aircraft-strike-final-production-v1/stage/assets/build/frames/unit.SA.strike/shadow/parked_empty/d08_f00.png'
17:08.875  render           | Saved: '/Users/mohammedkalouti/Documents/Codex/2026-09-27/i/work/art/aircraft-strike-final-production-v1/stage/assets/build/frames/unit.SA.strike/beauty/parked_empty/d09_f00.png'
17:09.586  render           | Saved: '/Users/mohammedkalouti/Documents/Codex/2026-09-27/i/work/art/aircraft-strike-final-production-v1/stage/assets/build/frames/unit.SA.strike/team/parked_empty/d09_f00.png'
17:10.700  render           | Saved: '/Users/mohammedkalouti/Documents/Codex/2026-09-27/i/work/art/aircraft-strike-final-production-v1/stage/assets/build/frames/unit.SA.strike/shadow/parked_empty/d09_f00.png'
17:11.357  render           | Saved: '/Users/mohammedkalouti/Documents/Codex/2026-09-27/i/work/art/aircraft-strike-final-production-v1/stage/assets/build/frames/unit.SA.strike/beauty/parked_empty/d10_f00.png'
17:11.902  render           | Saved: '/Users/mohammedkalouti/Documents/Codex/2026-09-27/i/work/art/aircraft-strike-final-production-v1/stage/assets/build/frames/unit.SA.strike/team/parked_empty/d10_f00.png'
17:12.850  render           | Saved: '/Users/mohammedkalouti/Documents/Codex/2026-09-27/i/work/art/aircraft-strike-final-production-v1/stage/assets/build/frames/unit.SA.strike/shadow/parked_empty/d10_f00.png'
17:13.439  render           | Saved: '/Users/mohammedkalouti/Documents/Codex/2026-09-27/i/work/art/aircraft-strike-final-production-v1/stage/assets/build/frames/unit.SA.strike/beauty/parked_empty/d12_f00.png'
17:13.929  render           | Saved: '/Users/mohammedkalouti/Documents/Codex/2026-09-27/i/work/art/aircraft-strike-final-production-v1/stage/assets/build/frames/unit.SA.strike/team/parked_empty/d12_f00.png'
17:14.744  render           | Saved: '/Users/mohammedkalouti/Documents/Codex/2026-09-27/i/work/art/aircraft-strike-final-production-v1/stage/assets/build/frames/unit.SA.strike/shadow/parked_empty/d12_f00.png'
17:15.290  render           | Saved: '/Users/mohammedkalouti/Documents/Codex/2026-09-27/i/work/art/aircraft-strike-final-production-v1/stage/assets/build/frames/unit.SA.strike/beauty/parked_empty/d13_f00.png'
17:15.788  render           | Saved: '/Users/mohammedkalouti/Documents/Codex/2026-09-27/i/work/art/aircraft-strike-final-production-v1/stage/assets/build/frames/unit.SA.strike/team/parked_empty/d13_f00.png'
17:16.631  render           | Saved: '/Users/mohammedkalouti/Documents/Codex/2026-09-27/i/work/art/aircraft-strike-final-production-v1/stage/assets/build/frames/unit.SA.strike/shadow/parked_empty/d13_f00.png'
17:17.255  render           | Saved: '/Users/mohammedkalouti/Documents/Codex/2026-09-27/i/work/art/aircraft-strike-final-production-v1/stage/assets/build/frames/unit.SA.strike/beauty/parked_empty/d14_f00.png'
17:17.768  render           | Saved: '/Users/mohammedkalouti/Documents/Codex/2026-09-27/i/work/art/aircraft-strike-final-production-v1/stage/assets/build/frames/unit.SA.strike/team/parked_empty/d14_f00.png'
17:18.643  render           | Saved: '/Users/mohammedkalouti/Documents/Codex/2026-09-27/i/work/art/aircraft-strike-final-production-v1/stage/assets/build/frames/unit.SA.strike/shadow/parked_empty/d14_f00.png'
17:19.211  render           | Saved: '/Users/mohammedkalouti/Documents/Codex/2026-09-27/i/work/art/aircraft-strike-final-production-v1/stage/assets/build/frames/unit.SA.strike/beauty/takeoff_empty/d00_f00.png'
17:19.718  render           | Saved: '/Users/mohammedkalouti/Documents/Codex/2026-09-27/i/work/art/aircraft-strike-final-production-v1/stage/assets/build/frames/unit.SA.strike/team/takeoff_empty/d00_f00.png'
17:20.582  render           | Saved: '/Users/mohammedkalouti/Documents/Codex/2026-09-27/i/work/art/aircraft-strike-final-production-v1/stage/assets/build/frames/unit.SA.strike/shadow/takeoff_empty/d00_f00.png'
17:21.185  render           | Saved: '/Users/mohammedkalouti/Documents/Codex/2026-09-27/i/work/art/aircraft-strike-final-production-v1/stage/assets/build/frames/unit.SA.strike/beauty/takeoff_empty/d00_f01.png'
17:21.670  render           | Saved: '/Users/mohammedkalouti/Documents/Codex/2026-09-27/i/work/art/aircraft-strike-final-production-v1/stage/assets/build/frames/unit.SA.strike/team/takeoff_empty/d00_f01.png'
17:22.493  render           | Saved: '/Users/mohammedkalouti/Documents/Codex/2026-09-27/i/work/art/aircraft-strike-final-production-v1/stage/assets/build/frames/unit.SA.strike/shadow/takeoff_empty/d00_f01.png'
17:23.071  render           | Saved: '/Users/mohammedkalouti/Documents/Codex/2026-09-27/i/work/art/aircraft-strike-final-production-v1/stage/assets/build/frames/unit.SA.strike/beauty/takeoff_empty/d00_f02.png'
17:23.557  render           | Saved: '/Users/mohammedkalouti/Documents/Codex/2026-09-27/i/work/art/aircraft-strike-final-production-v1/stage/assets/build/frames/unit.SA.strike/team/takeoff_empty/d00_f02.png'
17:24.373  render           | Saved: '/Users/mohammedkalouti/Documents/Codex/2026-09-27/i/work/art/aircraft-strike-final-production-v1/stage/assets/build/frames/unit.SA.strike/shadow/takeoff_empty/d00_f02.png'
17:24.975  render           | Saved: '/Users/mohammedkalouti/Documents/Codex/2026-09-27/i/work/art/aircraft-strike-final-production-v1/stage/assets/build/frames/unit.SA.strike/beauty/takeoff_empty/d00_f03.png'
17:25.449  render           | Saved: '/Users/mohammedkalouti/Documents/Codex/2026-09-27/i/work/art/aircraft-strike-final-production-v1/stage/assets/build/frames/unit.SA.strike/team/takeoff_empty/d00_f03.png'
17:26.334  render           | Saved: '/Users/mohammedkalouti/Documents/Codex/2026-09-27/i/work/art/aircraft-strike-final-production-v1/stage/assets/build/frames/unit.SA.strike/shadow/takeoff_empty/d00_f03.png'
17:26.899  render           | Saved: '/Users/mohammedkalouti/Documents/Codex/2026-09-27/i/work/art/aircraft-strike-final-production-v1/stage/assets/build/frames/unit.SA.strike/beauty/takeoff_empty/d00_f04.png'
17:27.392  render           | Saved: '/Users/mohammedkalouti/Documents/Codex/2026-09-27/i/work/art/aircraft-strike-final-production-v1/stage/assets/build/frames/unit.SA.strike/team/takeoff_empty/d00_f04.png'
17:28.231  render           | Saved: '/Users/mohammedkalouti/Documents/Codex/2026-09-27/i/work/art/aircraft-strike-final-production-v1/stage/assets/build/frames/unit.SA.strike/shadow/takeoff_empty/d00_f04.png'
17:28.826  render           | Saved: '/Users/mohammedkalouti/Documents/Codex/2026-09-27/i/work/art/aircraft-strike-final-production-v1/stage/assets/build/frames/unit.SA.strike/beauty/takeoff_empty/d00_f05.png'
17:29.331  render           | Saved: '/Users/mohammedkalouti/Documents/Codex/2026-09-27/i/work/art/aircraft-strike-final-production-v1/stage/assets/build/frames/unit.SA.strike/team/takeoff_empty/d00_f05.png'
17:30.179  render           | Saved: '/Users/mohammedkalouti/Documents/Codex/2026-09-27/i/work/art/aircraft-strike-final-production-v1/stage/assets/build/frames/unit.SA.strike/shadow/takeoff_empty/d00_f05.png'
17:30.739  render           | Saved: '/Users/mohammedkalouti/Documents/Codex/2026-09-27/i/work/art/aircraft-strike-final-production-v1/stage/assets/build/frames/unit.SA.strike/beauty/takeoff_empty/d01_f00.png'
17:31.242  render           | Saved: '/Users/mohammedkalouti/Documents/Codex/2026-09-27/i/work/art/aircraft-strike-final-production-v1/stage/assets/build/frames/unit.SA.strike/team/takeoff_empty/d01_f00.png'
17:32.075  render           | Saved: '/Users/mohammedkalouti/Documents/Codex/2026-09-27/i/work/art/aircraft-strike-final-production-v1/stage/assets/build/frames/unit.SA.strike/shadow/takeoff_empty/d01_f00.png'
17:32.649  render           | Saved: '/Users/mohammedkalouti/Documents/Codex/2026-09-27/i/work/art/aircraft-strike-final-production-v1/stage/assets/build/frames/unit.SA.strike/beauty/takeoff_empty/d01_f01.png'
17:33.144  render           | Saved: '/Users/mohammedkalouti/Documents/Codex/2026-09-27/i/work/art/aircraft-strike-final-production-v1/stage/assets/build/frames/unit.SA.strike/team/takeoff_empty/d01_f01.png'
17:33.988  render           | Saved: '/Users/mohammedkalouti/Documents/Codex/2026-09-27/i/work/art/aircraft-strike-final-production-v1/stage/assets/build/frames/unit.SA.strike/shadow/takeoff_empty/d01_f01.png'
17:34.579  render           | Saved: '/Users/mohammedkalouti/Documents/Codex/2026-09-27/i/work/art/aircraft-strike-final-production-v1/stage/assets/build/frames/unit.SA.strike/beauty/takeoff_empty/d01_f02.png'
17:35.059  render           | Saved: '/Users/mohammedkalouti/Documents/Codex/2026-09-27/i/work/art/aircraft-strike-final-production-v1/stage/assets/build/frames/unit.SA.strike/team/takeoff_empty/d01_f02.png'
17:35.869  render           | Saved: '/Users/mohammedkalouti/Documents/Codex/2026-09-27/i/work/art/aircraft-strike-final-production-v1/stage/assets/build/frames/unit.SA.strike/shadow/takeoff_empty/d01_f02.png'
17:36.457  render           | Saved: '/Users/mohammedkalouti/Documents/Codex/2026-09-27/i/work/art/aircraft-strike-final-production-v1/stage/assets/build/frames/unit.SA.strike/beauty/takeoff_empty/d01_f03.png'
17:36.930  render           | Saved: '/Users/mohammedkalouti/Documents/Codex/2026-09-27/i/work/art/aircraft-strike-final-production-v1/stage/assets/build/frames/unit.SA.strike/team/takeoff_empty/d01_f03.png'
17:37.731  render           | Saved: '/Users/mohammedkalouti/Documents/Codex/2026-09-27/i/work/art/aircraft-strike-final-production-v1/stage/assets/build/frames/unit.SA.strike/shadow/takeoff_empty/d01_f03.png'
17:38.303  render           | Saved: '/Users/mohammedkalouti/Documents/Codex/2026-09-27/i/work/art/aircraft-strike-final-production-v1/stage/assets/build/frames/unit.SA.strike/beauty/takeoff_empty/d01_f04.png'
17:38.821  render           | Saved: '/Users/mohammedkalouti/Documents/Codex/2026-09-27/i/work/art/aircraft-strike-final-production-v1/stage/assets/build/frames/unit.SA.strike/team/takeoff_empty/d01_f04.png'
17:39.628  render           | Saved: '/Users/mohammedkalouti/Documents/Codex/2026-09-27/i/work/art/aircraft-strike-final-production-v1/stage/assets/build/frames/unit.SA.strike/shadow/takeoff_empty/d01_f04.png'
17:40.224  render           | Saved: '/Users/mohammedkalouti/Documents/Codex/2026-09-27/i/work/art/aircraft-strike-final-production-v1/stage/assets/build/frames/unit.SA.strike/beauty/takeoff_empty/d01_f05.png'
17:40.723  render           | Saved: '/Users/mohammedkalouti/Documents/Codex/2026-09-27/i/work/art/aircraft-strike-final-production-v1/stage/assets/build/frames/unit.SA.strike/team/takeoff_empty/d01_f05.png'
17:41.539  render           | Saved: '/Users/mohammedkalouti/Documents/Codex/2026-09-27/i/work/art/aircraft-strike-final-production-v1/stage/assets/build/frames/unit.SA.strike/shadow/takeoff_empty/d01_f05.png'
17:42.112  render           | Saved: '/Users/mohammedkalouti/Documents/Codex/2026-09-27/i/work/art/aircraft-strike-final-production-v1/stage/assets/build/frames/unit.SA.strike/beauty/takeoff_empty/d02_f00.png'
17:42.609  render           | Saved: '/Users/mohammedkalouti/Documents/Codex/2026-09-27/i/work/art/aircraft-strike-final-production-v1/stage/assets/build/frames/unit.SA.strike/team/takeoff_empty/d02_f00.png'
17:43.416  render           | Saved: '/Users/mohammedkalouti/Documents/Codex/2026-09-27/i/work/art/aircraft-strike-final-production-v1/stage/assets/build/frames/unit.SA.strike/shadow/takeoff_empty/d02_f00.png'
17:43.978  render           | Saved: '/Users/mohammedkalouti/Documents/Codex/2026-09-27/i/work/art/aircraft-strike-final-production-v1/stage/assets/build/frames/unit.SA.strike/beauty/takeoff_empty/d02_f01.png'
17:44.447  render           | Saved: '/Users/mohammedkalouti/Documents/Codex/2026-09-27/i/work/art/aircraft-strike-final-production-v1/stage/assets/build/frames/unit.SA.strike/team/takeoff_empty/d02_f01.png'
17:45.259  render           | Saved: '/Users/mohammedkalouti/Documents/Codex/2026-09-27/i/work/art/aircraft-strike-final-production-v1/stage/assets/build/frames/unit.SA.strike/shadow/takeoff_empty/d02_f01.png'
17:45.811  render           | Saved: '/Users/mohammedkalouti/Documents/Codex/2026-09-27/i/work/art/aircraft-strike-final-production-v1/stage/assets/build/frames/unit.SA.strike/beauty/takeoff_empty/d02_f02.png'
17:46.281  render           | Saved: '/Users/mohammedkalouti/Documents/Codex/2026-09-27/i/work/art/aircraft-strike-final-production-v1/stage/assets/build/frames/unit.SA.strike/team/takeoff_empty/d02_f02.png'
17:47.106  render           | Saved: '/Users/mohammedkalouti/Documents/Codex/2026-09-27/i/work/art/aircraft-strike-final-production-v1/stage/assets/build/frames/unit.SA.strike/shadow/takeoff_empty/d02_f02.png'
17:47.684  render           | Saved: '/Users/mohammedkalouti/Documents/Codex/2026-09-27/i/work/art/aircraft-strike-final-production-v1/stage/assets/build/frames/unit.SA.strike/beauty/takeoff_empty/d02_f03.png'
17:48.185  render           | Saved: '/Users/mohammedkalouti/Documents/Codex/2026-09-27/i/work/art/aircraft-strike-final-production-v1/stage/assets/build/frames/unit.SA.strike/team/takeoff_empty/d02_f03.png'
17:49.014  render           | Saved: '/Users/mohammedkalouti/Documents/Codex/2026-09-27/i/work/art/aircraft-strike-final-production-v1/stage/assets/build/frames/unit.SA.strike/shadow/takeoff_empty/d02_f03.png'
17:49.611  render           | Saved: '/Users/mohammedkalouti/Documents/Codex/2026-09-27/i/work/art/aircraft-strike-final-production-v1/stage/assets/build/frames/unit.SA.strike/beauty/takeoff_empty/d02_f04.png'
17:50.089  render           | Saved: '/Users/mohammedkalouti/Documents/Codex/2026-09-27/i/work/art/aircraft-strike-final-production-v1/stage/assets/build/frames/unit.SA.strike/team/takeoff_empty/d02_f04.png'
17:50.896  render           | Saved: '/Users/mohammedkalouti/Documents/Codex/2026-09-27/i/work/art/aircraft-strike-final-production-v1/stage/assets/build/frames/unit.SA.strike/shadow/takeoff_empty/d02_f04.png'
17:51.466  render           | Saved: '/Users/mohammedkalouti/Documents/Codex/2026-09-27/i/work/art/aircraft-strike-final-production-v1/stage/assets/build/frames/unit.SA.strike/beauty/takeoff_empty/d02_f05.png'
17:51.945  render           | Saved: '/Users/mohammedkalouti/Documents/Codex/2026-09-27/i/work/art/aircraft-strike-final-production-v1/stage/assets/build/frames/unit.SA.strike/team/takeoff_empty/d02_f05.png'
17:52.798  render           | Saved: '/Users/mohammedkalouti/Documents/Codex/2026-09-27/i/work/art/aircraft-strike-final-production-v1/stage/assets/build/frames/unit.SA.strike/shadow/takeoff_empty/d02_f05.png'
17:53.362  render           | Saved: '/Users/mohammedkalouti/Documents/Codex/2026-09-27/i/work/art/aircraft-strike-final-production-v1/stage/assets/build/frames/unit.SA.strike/beauty/takeoff_empty/d03_f00.png'
17:53.897  render           | Saved: '/Users/mohammedkalouti/Documents/Codex/2026-09-27/i/work/art/aircraft-strike-final-production-v1/stage/assets/build/frames/unit.SA.strike/team/takeoff_empty/d03_f00.png'
17:54.712  render           | Saved: '/Users/mohammedkalouti/Documents/Codex/2026-09-27/i/work/art/aircraft-strike-final-production-v1/stage/assets/build/frames/unit.SA.strike/shadow/takeoff_empty/d03_f00.png'
17:55.278  render           | Saved: '/Users/mohammedkalouti/Documents/Codex/2026-09-27/i/work/art/aircraft-strike-final-production-v1/stage/assets/build/frames/unit.SA.strike/beauty/takeoff_empty/d03_f01.png'
17:55.755  render           | Saved: '/Users/mohammedkalouti/Documents/Codex/2026-09-27/i/work/art/aircraft-strike-final-production-v1/stage/assets/build/frames/unit.SA.strike/team/takeoff_empty/d03_f01.png'
17:56.569  render           | Saved: '/Users/mohammedkalouti/Documents/Codex/2026-09-27/i/work/art/aircraft-strike-final-production-v1/stage/assets/build/frames/unit.SA.strike/shadow/takeoff_empty/d03_f01.png'
17:57.118  render           | Saved: '/Users/mohammedkalouti/Documents/Codex/2026-09-27/i/work/art/aircraft-strike-final-production-v1/stage/assets/build/frames/unit.SA.strike/beauty/takeoff_empty/d03_f02.png'
17:57.585  render           | Saved: '/Users/mohammedkalouti/Documents/Codex/2026-09-27/i/work/art/aircraft-strike-final-production-v1/stage/assets/build/frames/unit.SA.strike/team/takeoff_empty/d03_f02.png'
17:58.410  render           | Saved: '/Users/mohammedkalouti/Documents/Codex/2026-09-27/i/work/art/aircraft-strike-final-production-v1/stage/assets/build/frames/unit.SA.strike/shadow/takeoff_empty/d03_f02.png'
17:58.964  render           | Saved: '/Users/mohammedkalouti/Documents/Codex/2026-09-27/i/work/art/aircraft-strike-final-production-v1/stage/assets/build/frames/unit.SA.strike/beauty/takeoff_empty/d03_f03.png'
17:59.433  render           | Saved: '/Users/mohammedkalouti/Documents/Codex/2026-09-27/i/work/art/aircraft-strike-final-production-v1/stage/assets/build/frames/unit.SA.strike/team/takeoff_empty/d03_f03.png'
18:00.236  render           | Saved: '/Users/mohammedkalouti/Documents/Codex/2026-09-27/i/work/art/aircraft-strike-final-production-v1/stage/assets/build/frames/unit.SA.strike/shadow/takeoff_empty/d03_f03.png'
18:00.805  render           | Saved: '/Users/mohammedkalouti/Documents/Codex/2026-09-27/i/work/art/aircraft-strike-final-production-v1/stage/assets/build/frames/unit.SA.strike/beauty/takeoff_empty/d03_f04.png'
18:01.315  render           | Saved: '/Users/mohammedkalouti/Documents/Codex/2026-09-27/i/work/art/aircraft-strike-final-production-v1/stage/assets/build/frames/unit.SA.strike/team/takeoff_empty/d03_f04.png'
18:02.116  render           | Saved: '/Users/mohammedkalouti/Documents/Codex/2026-09-27/i/work/art/aircraft-strike-final-production-v1/stage/assets/build/frames/unit.SA.strike/shadow/takeoff_empty/d03_f04.png'
18:02.707  render           | Saved: '/Users/mohammedkalouti/Documents/Codex/2026-09-27/i/work/art/aircraft-strike-final-production-v1/stage/assets/build/frames/unit.SA.strike/beauty/takeoff_empty/d03_f05.png'
18:03.170  render           | Saved: '/Users/mohammedkalouti/Documents/Codex/2026-09-27/i/work/art/aircraft-strike-final-production-v1/stage/assets/build/frames/unit.SA.strike/team/takeoff_empty/d03_f05.png'
18:03.962  render           | Saved: '/Users/mohammedkalouti/Documents/Codex/2026-09-27/i/work/art/aircraft-strike-final-production-v1/stage/assets/build/frames/unit.SA.strike/shadow/takeoff_empty/d03_f05.png'
18:04.521  render           | Saved: '/Users/mohammedkalouti/Documents/Codex/2026-09-27/i/work/art/aircraft-strike-final-production-v1/stage/assets/build/frames/unit.SA.strike/beauty/takeoff_empty/d04_f00.png'
18:05.040  render           | Saved: '/Users/mohammedkalouti/Documents/Codex/2026-09-27/i/work/art/aircraft-strike-final-production-v1/stage/assets/build/frames/unit.SA.strike/team/takeoff_empty/d04_f00.png'
18:05.937  render           | Saved: '/Users/mohammedkalouti/Documents/Codex/2026-09-27/i/work/art/aircraft-strike-final-production-v1/stage/assets/build/frames/unit.SA.strike/shadow/takeoff_empty/d04_f00.png'
18:06.586  render           | Saved: '/Users/mohammedkalouti/Documents/Codex/2026-09-27/i/work/art/aircraft-strike-final-production-v1/stage/assets/build/frames/unit.SA.strike/beauty/takeoff_empty/d04_f01.png'
18:07.122  render           | Saved: '/Users/mohammedkalouti/Documents/Codex/2026-09-27/i/work/art/aircraft-strike-final-production-v1/stage/assets/build/frames/unit.SA.strike/team/takeoff_empty/d04_f01.png'
18:08.021  render           | Saved: '/Users/mohammedkalouti/Documents/Codex/2026-09-27/i/work/art/aircraft-strike-final-production-v1/stage/assets/build/frames/unit.SA.strike/shadow/takeoff_empty/d04_f01.png'
18:08.670  render           | Saved: '/Users/mohammedkalouti/Documents/Codex/2026-09-27/i/work/art/aircraft-strike-final-production-v1/stage/assets/build/frames/unit.SA.strike/beauty/takeoff_empty/d04_f02.png'
18:09.219  render           | Saved: '/Users/mohammedkalouti/Documents/Codex/2026-09-27/i/work/art/aircraft-strike-final-production-v1/stage/assets/build/frames/unit.SA.strike/team/takeoff_empty/d04_f02.png'
18:10.136  render           | Saved: '/Users/mohammedkalouti/Documents/Codex/2026-09-27/i/work/art/aircraft-strike-final-production-v1/stage/assets/build/frames/unit.SA.strike/shadow/takeoff_empty/d04_f02.png'
18:10.793  render           | Saved: '/Users/mohammedkalouti/Documents/Codex/2026-09-27/i/work/art/aircraft-strike-final-production-v1/stage/assets/build/frames/unit.SA.strike/beauty/takeoff_empty/d04_f03.png'
18:11.314  render           | Saved: '/Users/mohammedkalouti/Documents/Codex/2026-09-27/i/work/art/aircraft-strike-final-production-v1/stage/assets/build/frames/unit.SA.strike/team/takeoff_empty/d04_f03.png'
18:12.161  render           | Saved: '/Users/mohammedkalouti/Documents/Codex/2026-09-27/i/work/art/aircraft-strike-final-production-v1/stage/assets/build/frames/unit.SA.strike/shadow/takeoff_empty/d04_f03.png'
18:12.739  render           | Saved: '/Users/mohammedkalouti/Documents/Codex/2026-09-27/i/work/art/aircraft-strike-final-production-v1/stage/assets/build/frames/unit.SA.strike/beauty/takeoff_empty/d04_f04.png'
18:13.225  render           | Saved: '/Users/mohammedkalouti/Documents/Codex/2026-09-27/i/work/art/aircraft-strike-final-production-v1/stage/assets/build/frames/unit.SA.strike/team/takeoff_empty/d04_f04.png'
18:14.073  render           | Saved: '/Users/mohammedkalouti/Documents/Codex/2026-09-27/i/work/art/aircraft-strike-final-production-v1/stage/assets/build/frames/unit.SA.strike/shadow/takeoff_empty/d04_f04.png'
18:14.677  render           | Saved: '/Users/mohammedkalouti/Documents/Codex/2026-09-27/i/work/art/aircraft-strike-final-production-v1/stage/assets/build/frames/unit.SA.strike/beauty/takeoff_empty/d04_f05.png'
18:15.170  render           | Saved: '/Users/mohammedkalouti/Documents/Codex/2026-09-27/i/work/art/aircraft-strike-final-production-v1/stage/assets/build/frames/unit.SA.strike/team/takeoff_empty/d04_f05.png'
18:15.975  render           | Saved: '/Users/mohammedkalouti/Documents/Codex/2026-09-27/i/work/art/aircraft-strike-final-production-v1/stage/assets/build/frames/unit.SA.strike/shadow/takeoff_empty/d04_f05.png'
18:16.579  render           | Saved: '/Users/mohammedkalouti/Documents/Codex/2026-09-27/i/work/art/aircraft-strike-final-production-v1/stage/assets/build/frames/unit.SA.strike/beauty/takeoff_empty/d05_f00.png'
18:17.057  render           | Saved: '/Users/mohammedkalouti/Documents/Codex/2026-09-27/i/work/art/aircraft-strike-final-production-v1/stage/assets/build/frames/unit.SA.strike/team/takeoff_empty/d05_f00.png'
18:17.919  render           | Saved: '/Users/mohammedkalouti/Documents/Codex/2026-09-27/i/work/art/aircraft-strike-final-production-v1/stage/assets/build/frames/unit.SA.strike/shadow/takeoff_empty/d05_f00.png'
18:18.487  render           | Saved: '/Users/mohammedkalouti/Documents/Codex/2026-09-27/i/work/art/aircraft-strike-final-production-v1/stage/assets/build/frames/unit.SA.strike/beauty/takeoff_empty/d05_f01.png'
18:18.987  render           | Saved: '/Users/mohammedkalouti/Documents/Codex/2026-09-27/i/work/art/aircraft-strike-final-production-v1/stage/assets/build/frames/unit.SA.strike/team/takeoff_empty/d05_f01.png'
18:19.838  render           | Saved: '/Users/mohammedkalouti/Documents/Codex/2026-09-27/i/work/art/aircraft-strike-final-production-v1/stage/assets/build/frames/unit.SA.strike/shadow/takeoff_empty/d05_f01.png'
18:20.436  render           | Saved: '/Users/mohammedkalouti/Documents/Codex/2026-09-27/i/work/art/aircraft-strike-final-production-v1/stage/assets/build/frames/unit.SA.strike/beauty/takeoff_empty/d05_f02.png'
18:20.919  render           | Saved: '/Users/mohammedkalouti/Documents/Codex/2026-09-27/i/work/art/aircraft-strike-final-production-v1/stage/assets/build/frames/unit.SA.strike/team/takeoff_empty/d05_f02.png'
18:21.766  render           | Saved: '/Users/mohammedkalouti/Documents/Codex/2026-09-27/i/work/art/aircraft-strike-final-production-v1/stage/assets/build/frames/unit.SA.strike/shadow/takeoff_empty/d05_f02.png'
18:22.331  render           | Saved: '/Users/mohammedkalouti/Documents/Codex/2026-09-27/i/work/art/aircraft-strike-final-production-v1/stage/assets/build/frames/unit.SA.strike/beauty/takeoff_empty/d05_f03.png'
18:22.818  render           | Saved: '/Users/mohammedkalouti/Documents/Codex/2026-09-27/i/work/art/aircraft-strike-final-production-v1/stage/assets/build/frames/unit.SA.strike/team/takeoff_empty/d05_f03.png'
18:23.644  render           | Saved: '/Users/mohammedkalouti/Documents/Codex/2026-09-27/i/work/art/aircraft-strike-final-production-v1/stage/assets/build/frames/unit.SA.strike/shadow/takeoff_empty/d05_f03.png'
18:24.252  render           | Saved: '/Users/mohammedkalouti/Documents/Codex/2026-09-27/i/work/art/aircraft-strike-final-production-v1/stage/assets/build/frames/unit.SA.strike/beauty/takeoff_empty/d05_f04.png'
18:24.733  render           | Saved: '/Users/mohammedkalouti/Documents/Codex/2026-09-27/i/work/art/aircraft-strike-final-production-v1/stage/assets/build/frames/unit.SA.strike/team/takeoff_empty/d05_f04.png'
18:25.555  render           | Saved: '/Users/mohammedkalouti/Documents/Codex/2026-09-27/i/work/art/aircraft-strike-final-production-v1/stage/assets/build/frames/unit.SA.strike/shadow/takeoff_empty/d05_f04.png'
18:26.120  render           | Saved: '/Users/mohammedkalouti/Documents/Codex/2026-09-27/i/work/art/aircraft-strike-final-production-v1/stage/assets/build/frames/unit.SA.strike/beauty/takeoff_empty/d05_f05.png'
18:26.611  render           | Saved: '/Users/mohammedkalouti/Documents/Codex/2026-09-27/i/work/art/aircraft-strike-final-production-v1/stage/assets/build/frames/unit.SA.strike/team/takeoff_empty/d05_f05.png'
18:27.438  render           | Saved: '/Users/mohammedkalouti/Documents/Codex/2026-09-27/i/work/art/aircraft-strike-final-production-v1/stage/assets/build/frames/unit.SA.strike/shadow/takeoff_empty/d05_f05.png'
18:28.032  render           | Saved: '/Users/mohammedkalouti/Documents/Codex/2026-09-27/i/work/art/aircraft-strike-final-production-v1/stage/assets/build/frames/unit.SA.strike/beauty/takeoff_empty/d06_f00.png'
18:28.533  render           | Saved: '/Users/mohammedkalouti/Documents/Codex/2026-09-27/i/work/art/aircraft-strike-final-production-v1/stage/assets/build/frames/unit.SA.strike/team/takeoff_empty/d06_f00.png'
18:29.397  render           | Saved: '/Users/mohammedkalouti/Documents/Codex/2026-09-27/i/work/art/aircraft-strike-final-production-v1/stage/assets/build/frames/unit.SA.strike/shadow/takeoff_empty/d06_f00.png'
18:30.006  render           | Saved: '/Users/mohammedkalouti/Documents/Codex/2026-09-27/i/work/art/aircraft-strike-final-production-v1/stage/assets/build/frames/unit.SA.strike/beauty/takeoff_empty/d06_f01.png'
18:30.489  render           | Saved: '/Users/mohammedkalouti/Documents/Codex/2026-09-27/i/work/art/aircraft-strike-final-production-v1/stage/assets/build/frames/unit.SA.strike/team/takeoff_empty/d06_f01.png'
18:31.307  render           | Saved: '/Users/mohammedkalouti/Documents/Codex/2026-09-27/i/work/art/aircraft-strike-final-production-v1/stage/assets/build/frames/unit.SA.strike/shadow/takeoff_empty/d06_f01.png'
18:31.893  render           | Saved: '/Users/mohammedkalouti/Documents/Codex/2026-09-27/i/work/art/aircraft-strike-final-production-v1/stage/assets/build/frames/unit.SA.strike/beauty/takeoff_empty/d06_f02.png'
18:32.367  render           | Saved: '/Users/mohammedkalouti/Documents/Codex/2026-09-27/i/work/art/aircraft-strike-final-production-v1/stage/assets/build/frames/unit.SA.strike/team/takeoff_empty/d06_f02.png'
18:33.167  render           | Saved: '/Users/mohammedkalouti/Documents/Codex/2026-09-27/i/work/art/aircraft-strike-final-production-v1/stage/assets/build/frames/unit.SA.strike/shadow/takeoff_empty/d06_f02.png'
18:33.750  render           | Saved: '/Users/mohammedkalouti/Documents/Codex/2026-09-27/i/work/art/aircraft-strike-final-production-v1/stage/assets/build/frames/unit.SA.strike/beauty/takeoff_empty/d06_f03.png'
18:34.229  render           | Saved: '/Users/mohammedkalouti/Documents/Codex/2026-09-27/i/work/art/aircraft-strike-final-production-v1/stage/assets/build/frames/unit.SA.strike/team/takeoff_empty/d06_f03.png'
18:35.038  render           | Saved: '/Users/mohammedkalouti/Documents/Codex/2026-09-27/i/work/art/aircraft-strike-final-production-v1/stage/assets/build/frames/unit.SA.strike/shadow/takeoff_empty/d06_f03.png'
18:35.646  render           | Saved: '/Users/mohammedkalouti/Documents/Codex/2026-09-27/i/work/art/aircraft-strike-final-production-v1/stage/assets/build/frames/unit.SA.strike/beauty/takeoff_empty/d06_f04.png'
18:36.120  render           | Saved: '/Users/mohammedkalouti/Documents/Codex/2026-09-27/i/work/art/aircraft-strike-final-production-v1/stage/assets/build/frames/unit.SA.strike/team/takeoff_empty/d06_f04.png'
18:36.942  render           | Saved: '/Users/mohammedkalouti/Documents/Codex/2026-09-27/i/work/art/aircraft-strike-final-production-v1/stage/assets/build/frames/unit.SA.strike/shadow/takeoff_empty/d06_f04.png'
18:37.495  render           | Saved: '/Users/mohammedkalouti/Documents/Codex/2026-09-27/i/work/art/aircraft-strike-final-production-v1/stage/assets/build/frames/unit.SA.strike/beauty/takeoff_empty/d06_f05.png'
18:37.964  render           | Saved: '/Users/mohammedkalouti/Documents/Codex/2026-09-27/i/work/art/aircraft-strike-final-production-v1/stage/assets/build/frames/unit.SA.strike/team/takeoff_empty/d06_f05.png'
18:38.781  render           | Saved: '/Users/mohammedkalouti/Documents/Codex/2026-09-27/i/work/art/aircraft-strike-final-production-v1/stage/assets/build/frames/unit.SA.strike/shadow/takeoff_empty/d06_f05.png'
18:39.345  render           | Saved: '/Users/mohammedkalouti/Documents/Codex/2026-09-27/i/work/art/aircraft-strike-final-production-v1/stage/assets/build/frames/unit.SA.strike/beauty/takeoff_empty/d07_f00.png'
18:39.840  render           | Saved: '/Users/mohammedkalouti/Documents/Codex/2026-09-27/i/work/art/aircraft-strike-final-production-v1/stage/assets/build/frames/unit.SA.strike/team/takeoff_empty/d07_f00.png'
18:40.650  render           | Saved: '/Users/mohammedkalouti/Documents/Codex/2026-09-27/i/work/art/aircraft-strike-final-production-v1/stage/assets/build/frames/unit.SA.strike/shadow/takeoff_empty/d07_f00.png'
18:41.210  render           | Saved: '/Users/mohammedkalouti/Documents/Codex/2026-09-27/i/work/art/aircraft-strike-final-production-v1/stage/assets/build/frames/unit.SA.strike/beauty/takeoff_empty/d07_f01.png'
18:41.689  render           | Saved: '/Users/mohammedkalouti/Documents/Codex/2026-09-27/i/work/art/aircraft-strike-final-production-v1/stage/assets/build/frames/unit.SA.strike/team/takeoff_empty/d07_f01.png'
18:42.517  render           | Saved: '/Users/mohammedkalouti/Documents/Codex/2026-09-27/i/work/art/aircraft-strike-final-production-v1/stage/assets/build/frames/unit.SA.strike/shadow/takeoff_empty/d07_f01.png'
18:43.151  render           | Saved: '/Users/mohammedkalouti/Documents/Codex/2026-09-27/i/work/art/aircraft-strike-final-production-v1/stage/assets/build/frames/unit.SA.strike/beauty/takeoff_empty/d07_f02.png'
18:43.660  render           | Saved: '/Users/mohammedkalouti/Documents/Codex/2026-09-27/i/work/art/aircraft-strike-final-production-v1/stage/assets/build/frames/unit.SA.strike/team/takeoff_empty/d07_f02.png'
18:44.492  render           | Saved: '/Users/mohammedkalouti/Documents/Codex/2026-09-27/i/work/art/aircraft-strike-final-production-v1/stage/assets/build/frames/unit.SA.strike/shadow/takeoff_empty/d07_f02.png'
18:45.066  render           | Saved: '/Users/mohammedkalouti/Documents/Codex/2026-09-27/i/work/art/aircraft-strike-final-production-v1/stage/assets/build/frames/unit.SA.strike/beauty/takeoff_empty/d07_f03.png'
18:45.554  render           | Saved: '/Users/mohammedkalouti/Documents/Codex/2026-09-27/i/work/art/aircraft-strike-final-production-v1/stage/assets/build/frames/unit.SA.strike/team/takeoff_empty/d07_f03.png'
18:46.359  render           | Saved: '/Users/mohammedkalouti/Documents/Codex/2026-09-27/i/work/art/aircraft-strike-final-production-v1/stage/assets/build/frames/unit.SA.strike/shadow/takeoff_empty/d07_f03.png'
18:46.939  render           | Saved: '/Users/mohammedkalouti/Documents/Codex/2026-09-27/i/work/art/aircraft-strike-final-production-v1/stage/assets/build/frames/unit.SA.strike/beauty/takeoff_empty/d07_f04.png'
18:47.432  render           | Saved: '/Users/mohammedkalouti/Documents/Codex/2026-09-27/i/work/art/aircraft-strike-final-production-v1/stage/assets/build/frames/unit.SA.strike/team/takeoff_empty/d07_f04.png'
18:48.263  render           | Saved: '/Users/mohammedkalouti/Documents/Codex/2026-09-27/i/work/art/aircraft-strike-final-production-v1/stage/assets/build/frames/unit.SA.strike/shadow/takeoff_empty/d07_f04.png'
18:48.856  render           | Saved: '/Users/mohammedkalouti/Documents/Codex/2026-09-27/i/work/art/aircraft-strike-final-production-v1/stage/assets/build/frames/unit.SA.strike/beauty/takeoff_empty/d07_f05.png'
18:49.341  render           | Saved: '/Users/mohammedkalouti/Documents/Codex/2026-09-27/i/work/art/aircraft-strike-final-production-v1/stage/assets/build/frames/unit.SA.strike/team/takeoff_empty/d07_f05.png'
18:50.146  render           | Saved: '/Users/mohammedkalouti/Documents/Codex/2026-09-27/i/work/art/aircraft-strike-final-production-v1/stage/assets/build/frames/unit.SA.strike/shadow/takeoff_empty/d07_f05.png'
18:50.757  render           | Saved: '/Users/mohammedkalouti/Documents/Codex/2026-09-27/i/work/art/aircraft-strike-final-production-v1/stage/assets/build/frames/unit.SA.strike/beauty/takeoff_empty/d08_f00.png'
18:51.236  render           | Saved: '/Users/mohammedkalouti/Documents/Codex/2026-09-27/i/work/art/aircraft-strike-final-production-v1/stage/assets/build/frames/unit.SA.strike/team/takeoff_empty/d08_f00.png'
18:52.044  render           | Saved: '/Users/mohammedkalouti/Documents/Codex/2026-09-27/i/work/art/aircraft-strike-final-production-v1/stage/assets/build/frames/unit.SA.strike/shadow/takeoff_empty/d08_f00.png'
18:52.586  render           | Saved: '/Users/mohammedkalouti/Documents/Codex/2026-09-27/i/work/art/aircraft-strike-final-production-v1/stage/assets/build/frames/unit.SA.strike/beauty/takeoff_empty/d08_f01.png'
18:53.047  render           | Saved: '/Users/mohammedkalouti/Documents/Codex/2026-09-27/i/work/art/aircraft-strike-final-production-v1/stage/assets/build/frames/unit.SA.strike/team/takeoff_empty/d08_f01.png'
18:53.857  render           | Saved: '/Users/mohammedkalouti/Documents/Codex/2026-09-27/i/work/art/aircraft-strike-final-production-v1/stage/assets/build/frames/unit.SA.strike/shadow/takeoff_empty/d08_f01.png'
18:54.415  render           | Saved: '/Users/mohammedkalouti/Documents/Codex/2026-09-27/i/work/art/aircraft-strike-final-production-v1/stage/assets/build/frames/unit.SA.strike/beauty/takeoff_empty/d08_f02.png'
18:54.884  render           | Saved: '/Users/mohammedkalouti/Documents/Codex/2026-09-27/i/work/art/aircraft-strike-final-production-v1/stage/assets/build/frames/unit.SA.strike/team/takeoff_empty/d08_f02.png'
18:55.709  render           | Saved: '/Users/mohammedkalouti/Documents/Codex/2026-09-27/i/work/art/aircraft-strike-final-production-v1/stage/assets/build/frames/unit.SA.strike/shadow/takeoff_empty/d08_f02.png'
18:56.275  render           | Saved: '/Users/mohammedkalouti/Documents/Codex/2026-09-27/i/work/art/aircraft-strike-final-production-v1/stage/assets/build/frames/unit.SA.strike/beauty/takeoff_empty/d08_f03.png'
18:56.775  render           | Saved: '/Users/mohammedkalouti/Documents/Codex/2026-09-27/i/work/art/aircraft-strike-final-production-v1/stage/assets/build/frames/unit.SA.strike/team/takeoff_empty/d08_f03.png'
18:57.556  render           | Saved: '/Users/mohammedkalouti/Documents/Codex/2026-09-27/i/work/art/aircraft-strike-final-production-v1/stage/assets/build/frames/unit.SA.strike/shadow/takeoff_empty/d08_f03.png'
18:58.127  render           | Saved: '/Users/mohammedkalouti/Documents/Codex/2026-09-27/i/work/art/aircraft-strike-final-production-v1/stage/assets/build/frames/unit.SA.strike/beauty/takeoff_empty/d08_f04.png'
18:58.605  render           | Saved: '/Users/mohammedkalouti/Documents/Codex/2026-09-27/i/work/art/aircraft-strike-final-production-v1/stage/assets/build/frames/unit.SA.strike/team/takeoff_empty/d08_f04.png'
18:59.434  render           | Saved: '/Users/mohammedkalouti/Documents/Codex/2026-09-27/i/work/art/aircraft-strike-final-production-v1/stage/assets/build/frames/unit.SA.strike/shadow/takeoff_empty/d08_f04.png'
18:59.991  render           | Saved: '/Users/mohammedkalouti/Documents/Codex/2026-09-27/i/work/art/aircraft-strike-final-production-v1/stage/assets/build/frames/unit.SA.strike/beauty/takeoff_empty/d08_f05.png'
19:00.471  render           | Saved: '/Users/mohammedkalouti/Documents/Codex/2026-09-27/i/work/art/aircraft-strike-final-production-v1/stage/assets/build/frames/unit.SA.strike/team/takeoff_empty/d08_f05.png'
19:01.270  render           | Saved: '/Users/mohammedkalouti/Documents/Codex/2026-09-27/i/work/art/aircraft-strike-final-production-v1/stage/assets/build/frames/unit.SA.strike/shadow/takeoff_empty/d08_f05.png'
19:01.829  render           | Saved: '/Users/mohammedkalouti/Documents/Codex/2026-09-27/i/work/art/aircraft-strike-final-production-v1/stage/assets/build/frames/unit.SA.strike/beauty/takeoff_empty/d09_f00.png'
19:02.306  render           | Saved: '/Users/mohammedkalouti/Documents/Codex/2026-09-27/i/work/art/aircraft-strike-final-production-v1/stage/assets/build/frames/unit.SA.strike/team/takeoff_empty/d09_f00.png'
19:03.105  render           | Saved: '/Users/mohammedkalouti/Documents/Codex/2026-09-27/i/work/art/aircraft-strike-final-production-v1/stage/assets/build/frames/unit.SA.strike/shadow/takeoff_empty/d09_f00.png'
19:03.668  render           | Saved: '/Users/mohammedkalouti/Documents/Codex/2026-09-27/i/work/art/aircraft-strike-final-production-v1/stage/assets/build/frames/unit.SA.strike/beauty/takeoff_empty/d09_f01.png'
19:04.160  render           | Saved: '/Users/mohammedkalouti/Documents/Codex/2026-09-27/i/work/art/aircraft-strike-final-production-v1/stage/assets/build/frames/unit.SA.strike/team/takeoff_empty/d09_f01.png'
19:04.953  render           | Saved: '/Users/mohammedkalouti/Documents/Codex/2026-09-27/i/work/art/aircraft-strike-final-production-v1/stage/assets/build/frames/unit.SA.strike/shadow/takeoff_empty/d09_f01.png'
19:05.533  render           | Saved: '/Users/mohammedkalouti/Documents/Codex/2026-09-27/i/work/art/aircraft-strike-final-production-v1/stage/assets/build/frames/unit.SA.strike/beauty/takeoff_empty/d09_f02.png'
19:06.009  render           | Saved: '/Users/mohammedkalouti/Documents/Codex/2026-09-27/i/work/art/aircraft-strike-final-production-v1/stage/assets/build/frames/unit.SA.strike/team/takeoff_empty/d09_f02.png'
19:06.872  render           | Saved: '/Users/mohammedkalouti/Documents/Codex/2026-09-27/i/work/art/aircraft-strike-final-production-v1/stage/assets/build/frames/unit.SA.strike/shadow/takeoff_empty/d09_f02.png'
19:07.430  render           | Saved: '/Users/mohammedkalouti/Documents/Codex/2026-09-27/i/work/art/aircraft-strike-final-production-v1/stage/assets/build/frames/unit.SA.strike/beauty/takeoff_empty/d09_f03.png'
19:07.893  render           | Saved: '/Users/mohammedkalouti/Documents/Codex/2026-09-27/i/work/art/aircraft-strike-final-production-v1/stage/assets/build/frames/unit.SA.strike/team/takeoff_empty/d09_f03.png'
19:08.701  render           | Saved: '/Users/mohammedkalouti/Documents/Codex/2026-09-27/i/work/art/aircraft-strike-final-production-v1/stage/assets/build/frames/unit.SA.strike/shadow/takeoff_empty/d09_f03.png'
19:09.267  render           | Saved: '/Users/mohammedkalouti/Documents/Codex/2026-09-27/i/work/art/aircraft-strike-final-production-v1/stage/assets/build/frames/unit.SA.strike/beauty/takeoff_empty/d09_f04.png'
19:09.733  render           | Saved: '/Users/mohammedkalouti/Documents/Codex/2026-09-27/i/work/art/aircraft-strike-final-production-v1/stage/assets/build/frames/unit.SA.strike/team/takeoff_empty/d09_f04.png'
19:10.537  render           | Saved: '/Users/mohammedkalouti/Documents/Codex/2026-09-27/i/work/art/aircraft-strike-final-production-v1/stage/assets/build/frames/unit.SA.strike/shadow/takeoff_empty/d09_f04.png'
19:11.127  render           | Saved: '/Users/mohammedkalouti/Documents/Codex/2026-09-27/i/work/art/aircraft-strike-final-production-v1/stage/assets/build/frames/unit.SA.strike/beauty/takeoff_empty/d09_f05.png'
19:11.611  render           | Saved: '/Users/mohammedkalouti/Documents/Codex/2026-09-27/i/work/art/aircraft-strike-final-production-v1/stage/assets/build/frames/unit.SA.strike/team/takeoff_empty/d09_f05.png'
19:12.405  render           | Saved: '/Users/mohammedkalouti/Documents/Codex/2026-09-27/i/work/art/aircraft-strike-final-production-v1/stage/assets/build/frames/unit.SA.strike/shadow/takeoff_empty/d09_f05.png'
19:12.985  render           | Saved: '/Users/mohammedkalouti/Documents/Codex/2026-09-27/i/work/art/aircraft-strike-final-production-v1/stage/assets/build/frames/unit.SA.strike/beauty/takeoff_empty/d10_f00.png'
19:13.505  render           | Saved: '/Users/mohammedkalouti/Documents/Codex/2026-09-27/i/work/art/aircraft-strike-final-production-v1/stage/assets/build/frames/unit.SA.strike/team/takeoff_empty/d10_f00.png'
19:14.383  render           | Saved: '/Users/mohammedkalouti/Documents/Codex/2026-09-27/i/work/art/aircraft-strike-final-production-v1/stage/assets/build/frames/unit.SA.strike/shadow/takeoff_empty/d10_f00.png'
19:14.991  render           | Saved: '/Users/mohammedkalouti/Documents/Codex/2026-09-27/i/work/art/aircraft-strike-final-production-v1/stage/assets/build/frames/unit.SA.strike/beauty/takeoff_empty/d10_f01.png'
19:15.532  render           | Saved: '/Users/mohammedkalouti/Documents/Codex/2026-09-27/i/work/art/aircraft-strike-final-production-v1/stage/assets/build/frames/unit.SA.strike/team/takeoff_empty/d10_f01.png'
19:16.428  render           | Saved: '/Users/mohammedkalouti/Documents/Codex/2026-09-27/i/work/art/aircraft-strike-final-production-v1/stage/assets/build/frames/unit.SA.strike/shadow/takeoff_empty/d10_f01.png'
19:17.086  render           | Saved: '/Users/mohammedkalouti/Documents/Codex/2026-09-27/i/work/art/aircraft-strike-final-production-v1/stage/assets/build/frames/unit.SA.strike/beauty/takeoff_empty/d10_f02.png'
19:17.645  render           | Saved: '/Users/mohammedkalouti/Documents/Codex/2026-09-27/i/work/art/aircraft-strike-final-production-v1/stage/assets/build/frames/unit.SA.strike/team/takeoff_empty/d10_f02.png'
19:18.576  render           | Saved: '/Users/mohammedkalouti/Documents/Codex/2026-09-27/i/work/art/aircraft-strike-final-production-v1/stage/assets/build/frames/unit.SA.strike/shadow/takeoff_empty/d10_f02.png'
19:19.230  render           | Saved: '/Users/mohammedkalouti/Documents/Codex/2026-09-27/i/work/art/aircraft-strike-final-production-v1/stage/assets/build/frames/unit.SA.strike/beauty/takeoff_empty/d10_f03.png'
19:19.793  render           | Saved: '/Users/mohammedkalouti/Documents/Codex/2026-09-27/i/work/art/aircraft-strike-final-production-v1/stage/assets/build/frames/unit.SA.strike/team/takeoff_empty/d10_f03.png'
19:20.676  render           | Saved: '/Users/mohammedkalouti/Documents/Codex/2026-09-27/i/work/art/aircraft-strike-final-production-v1/stage/assets/build/frames/unit.SA.strike/shadow/takeoff_empty/d10_f03.png'
19:21.250  render           | Saved: '/Users/mohammedkalouti/Documents/Codex/2026-09-27/i/work/art/aircraft-strike-final-production-v1/stage/assets/build/frames/unit.SA.strike/beauty/takeoff_empty/d10_f04.png'
19:21.733  render           | Saved: '/Users/mohammedkalouti/Documents/Codex/2026-09-27/i/work/art/aircraft-strike-final-production-v1/stage/assets/build/frames/unit.SA.strike/team/takeoff_empty/d10_f04.png'
19:22.559  render           | Saved: '/Users/mohammedkalouti/Documents/Codex/2026-09-27/i/work/art/aircraft-strike-final-production-v1/stage/assets/build/frames/unit.SA.strike/shadow/takeoff_empty/d10_f04.png'
19:23.141  render           | Saved: '/Users/mohammedkalouti/Documents/Codex/2026-09-27/i/work/art/aircraft-strike-final-production-v1/stage/assets/build/frames/unit.SA.strike/beauty/takeoff_empty/d10_f05.png'
19:23.666  render           | Saved: '/Users/mohammedkalouti/Documents/Codex/2026-09-27/i/work/art/aircraft-strike-final-production-v1/stage/assets/build/frames/unit.SA.strike/team/takeoff_empty/d10_f05.png'
19:24.517  render           | Saved: '/Users/mohammedkalouti/Documents/Codex/2026-09-27/i/work/art/aircraft-strike-final-production-v1/stage/assets/build/frames/unit.SA.strike/shadow/takeoff_empty/d10_f05.png'
19:25.119  render           | Saved: '/Users/mohammedkalouti/Documents/Codex/2026-09-27/i/work/art/aircraft-strike-final-production-v1/stage/assets/build/frames/unit.SA.strike/beauty/takeoff_empty/d11_f00.png'
19:25.611  render           | Saved: '/Users/mohammedkalouti/Documents/Codex/2026-09-27/i/work/art/aircraft-strike-final-production-v1/stage/assets/build/frames/unit.SA.strike/team/takeoff_empty/d11_f00.png'
19:26.451  render           | Saved: '/Users/mohammedkalouti/Documents/Codex/2026-09-27/i/work/art/aircraft-strike-final-production-v1/stage/assets/build/frames/unit.SA.strike/shadow/takeoff_empty/d11_f00.png'
19:27.060  render           | Saved: '/Users/mohammedkalouti/Documents/Codex/2026-09-27/i/work/art/aircraft-strike-final-production-v1/stage/assets/build/frames/unit.SA.strike/beauty/takeoff_empty/d11_f01.png'
19:27.563  render           | Saved: '/Users/mohammedkalouti/Documents/Codex/2026-09-27/i/work/art/aircraft-strike-final-production-v1/stage/assets/build/frames/unit.SA.strike/team/takeoff_empty/d11_f01.png'
19:28.382  render           | Saved: '/Users/mohammedkalouti/Documents/Codex/2026-09-27/i/work/art/aircraft-strike-final-production-v1/stage/assets/build/frames/unit.SA.strike/shadow/takeoff_empty/d11_f01.png'
19:28.975  render           | Saved: '/Users/mohammedkalouti/Documents/Codex/2026-09-27/i/work/art/aircraft-strike-final-production-v1/stage/assets/build/frames/unit.SA.strike/beauty/takeoff_empty/d11_f02.png'
19:29.450  render           | Saved: '/Users/mohammedkalouti/Documents/Codex/2026-09-27/i/work/art/aircraft-strike-final-production-v1/stage/assets/build/frames/unit.SA.strike/team/takeoff_empty/d11_f02.png'
19:30.255  render           | Saved: '/Users/mohammedkalouti/Documents/Codex/2026-09-27/i/work/art/aircraft-strike-final-production-v1/stage/assets/build/frames/unit.SA.strike/shadow/takeoff_empty/d11_f02.png'
19:30.852  render           | Saved: '/Users/mohammedkalouti/Documents/Codex/2026-09-27/i/work/art/aircraft-strike-final-production-v1/stage/assets/build/frames/unit.SA.strike/beauty/takeoff_empty/d11_f03.png'
19:31.359  render           | Saved: '/Users/mohammedkalouti/Documents/Codex/2026-09-27/i/work/art/aircraft-strike-final-production-v1/stage/assets/build/frames/unit.SA.strike/team/takeoff_empty/d11_f03.png'
19:32.211  render           | Saved: '/Users/mohammedkalouti/Documents/Codex/2026-09-27/i/work/art/aircraft-strike-final-production-v1/stage/assets/build/frames/unit.SA.strike/shadow/takeoff_empty/d11_f03.png'
19:32.819  render           | Saved: '/Users/mohammedkalouti/Documents/Codex/2026-09-27/i/work/art/aircraft-strike-final-production-v1/stage/assets/build/frames/unit.SA.strike/beauty/takeoff_empty/d11_f04.png'
19:33.301  render           | Saved: '/Users/mohammedkalouti/Documents/Codex/2026-09-27/i/work/art/aircraft-strike-final-production-v1/stage/assets/build/frames/unit.SA.strike/team/takeoff_empty/d11_f04.png'
19:34.106  render           | Saved: '/Users/mohammedkalouti/Documents/Codex/2026-09-27/i/work/art/aircraft-strike-final-production-v1/stage/assets/build/frames/unit.SA.strike/shadow/takeoff_empty/d11_f04.png'
19:34.695  render           | Saved: '/Users/mohammedkalouti/Documents/Codex/2026-09-27/i/work/art/aircraft-strike-final-production-v1/stage/assets/build/frames/unit.SA.strike/beauty/takeoff_empty/d11_f05.png'
19:35.162  render           | Saved: '/Users/mohammedkalouti/Documents/Codex/2026-09-27/i/work/art/aircraft-strike-final-production-v1/stage/assets/build/frames/unit.SA.strike/team/takeoff_empty/d11_f05.png'
19:35.967  render           | Saved: '/Users/mohammedkalouti/Documents/Codex/2026-09-27/i/work/art/aircraft-strike-final-production-v1/stage/assets/build/frames/unit.SA.strike/shadow/takeoff_empty/d11_f05.png'
19:36.527  render           | Saved: '/Users/mohammedkalouti/Documents/Codex/2026-09-27/i/work/art/aircraft-strike-final-production-v1/stage/assets/build/frames/unit.SA.strike/beauty/takeoff_empty/d12_f00.png'
19:37.010  render           | Saved: '/Users/mohammedkalouti/Documents/Codex/2026-09-27/i/work/art/aircraft-strike-final-production-v1/stage/assets/build/frames/unit.SA.strike/team/takeoff_empty/d12_f00.png'
19:37.817  render           | Saved: '/Users/mohammedkalouti/Documents/Codex/2026-09-27/i/work/art/aircraft-strike-final-production-v1/stage/assets/build/frames/unit.SA.strike/shadow/takeoff_empty/d12_f00.png'
19:38.410  render           | Saved: '/Users/mohammedkalouti/Documents/Codex/2026-09-27/i/work/art/aircraft-strike-final-production-v1/stage/assets/build/frames/unit.SA.strike/beauty/takeoff_empty/d12_f01.png'
19:38.877  render           | Saved: '/Users/mohammedkalouti/Documents/Codex/2026-09-27/i/work/art/aircraft-strike-final-production-v1/stage/assets/build/frames/unit.SA.strike/team/takeoff_empty/d12_f01.png'
19:39.842  render           | Saved: '/Users/mohammedkalouti/Documents/Codex/2026-09-27/i/work/art/aircraft-strike-final-production-v1/stage/assets/build/frames/unit.SA.strike/shadow/takeoff_empty/d12_f01.png'
19:40.584  render           | Saved: '/Users/mohammedkalouti/Documents/Codex/2026-09-27/i/work/art/aircraft-strike-final-production-v1/stage/assets/build/frames/unit.SA.strike/beauty/takeoff_empty/d12_f02.png'
19:41.106  render           | Saved: '/Users/mohammedkalouti/Documents/Codex/2026-09-27/i/work/art/aircraft-strike-final-production-v1/stage/assets/build/frames/unit.SA.strike/team/takeoff_empty/d12_f02.png'
19:41.930  render           | Saved: '/Users/mohammedkalouti/Documents/Codex/2026-09-27/i/work/art/aircraft-strike-final-production-v1/stage/assets/build/frames/unit.SA.strike/shadow/takeoff_empty/d12_f02.png'
19:42.504  render           | Saved: '/Users/mohammedkalouti/Documents/Codex/2026-09-27/i/work/art/aircraft-strike-final-production-v1/stage/assets/build/frames/unit.SA.strike/beauty/takeoff_empty/d12_f03.png'
19:42.999  render           | Saved: '/Users/mohammedkalouti/Documents/Codex/2026-09-27/i/work/art/aircraft-strike-final-production-v1/stage/assets/build/frames/unit.SA.strike/team/takeoff_empty/d12_f03.png'
19:43.806  render           | Saved: '/Users/mohammedkalouti/Documents/Codex/2026-09-27/i/work/art/aircraft-strike-final-production-v1/stage/assets/build/frames/unit.SA.strike/shadow/takeoff_empty/d12_f03.png'
19:44.383  render           | Saved: '/Users/mohammedkalouti/Documents/Codex/2026-09-27/i/work/art/aircraft-strike-final-production-v1/stage/assets/build/frames/unit.SA.strike/beauty/takeoff_empty/d12_f04.png'
19:44.859  render           | Saved: '/Users/mohammedkalouti/Documents/Codex/2026-09-27/i/work/art/aircraft-strike-final-production-v1/stage/assets/build/frames/unit.SA.strike/team/takeoff_empty/d12_f04.png'
19:45.660  render           | Saved: '/Users/mohammedkalouti/Documents/Codex/2026-09-27/i/work/art/aircraft-strike-final-production-v1/stage/assets/build/frames/unit.SA.strike/shadow/takeoff_empty/d12_f04.png'
19:46.220  render           | Saved: '/Users/mohammedkalouti/Documents/Codex/2026-09-27/i/work/art/aircraft-strike-final-production-v1/stage/assets/build/frames/unit.SA.strike/beauty/takeoff_empty/d12_f05.png'
19:46.700  render           | Saved: '/Users/mohammedkalouti/Documents/Codex/2026-09-27/i/work/art/aircraft-strike-final-production-v1/stage/assets/build/frames/unit.SA.strike/team/takeoff_empty/d12_f05.png'
19:47.525  render           | Saved: '/Users/mohammedkalouti/Documents/Codex/2026-09-27/i/work/art/aircraft-strike-final-production-v1/stage/assets/build/frames/unit.SA.strike/shadow/takeoff_empty/d12_f05.png'
19:48.125  render           | Saved: '/Users/mohammedkalouti/Documents/Codex/2026-09-27/i/work/art/aircraft-strike-final-production-v1/stage/assets/build/frames/unit.SA.strike/beauty/takeoff_empty/d13_f00.png'
19:48.607  render           | Saved: '/Users/mohammedkalouti/Documents/Codex/2026-09-27/i/work/art/aircraft-strike-final-production-v1/stage/assets/build/frames/unit.SA.strike/team/takeoff_empty/d13_f00.png'
19:49.424  render           | Saved: '/Users/mohammedkalouti/Documents/Codex/2026-09-27/i/work/art/aircraft-strike-final-production-v1/stage/assets/build/frames/unit.SA.strike/shadow/takeoff_empty/d13_f00.png'
19:49.996  render           | Saved: '/Users/mohammedkalouti/Documents/Codex/2026-09-27/i/work/art/aircraft-strike-final-production-v1/stage/assets/build/frames/unit.SA.strike/beauty/takeoff_empty/d13_f01.png'
19:50.505  render           | Saved: '/Users/mohammedkalouti/Documents/Codex/2026-09-27/i/work/art/aircraft-strike-final-production-v1/stage/assets/build/frames/unit.SA.strike/team/takeoff_empty/d13_f01.png'
19:51.308  render           | Saved: '/Users/mohammedkalouti/Documents/Codex/2026-09-27/i/work/art/aircraft-strike-final-production-v1/stage/assets/build/frames/unit.SA.strike/shadow/takeoff_empty/d13_f01.png'
19:51.901  render           | Saved: '/Users/mohammedkalouti/Documents/Codex/2026-09-27/i/work/art/aircraft-strike-final-production-v1/stage/assets/build/frames/unit.SA.strike/beauty/takeoff_empty/d13_f02.png'
19:52.392  render           | Saved: '/Users/mohammedkalouti/Documents/Codex/2026-09-27/i/work/art/aircraft-strike-final-production-v1/stage/assets/build/frames/unit.SA.strike/team/takeoff_empty/d13_f02.png'
19:53.219  render           | Saved: '/Users/mohammedkalouti/Documents/Codex/2026-09-27/i/work/art/aircraft-strike-final-production-v1/stage/assets/build/frames/unit.SA.strike/shadow/takeoff_empty/d13_f02.png'
19:53.816  render           | Saved: '/Users/mohammedkalouti/Documents/Codex/2026-09-27/i/work/art/aircraft-strike-final-production-v1/stage/assets/build/frames/unit.SA.strike/beauty/takeoff_empty/d13_f03.png'
19:54.303  render           | Saved: '/Users/mohammedkalouti/Documents/Codex/2026-09-27/i/work/art/aircraft-strike-final-production-v1/stage/assets/build/frames/unit.SA.strike/team/takeoff_empty/d13_f03.png'
19:55.119  render           | Saved: '/Users/mohammedkalouti/Documents/Codex/2026-09-27/i/work/art/aircraft-strike-final-production-v1/stage/assets/build/frames/unit.SA.strike/shadow/takeoff_empty/d13_f03.png'
19:55.727  render           | Saved: '/Users/mohammedkalouti/Documents/Codex/2026-09-27/i/work/art/aircraft-strike-final-production-v1/stage/assets/build/frames/unit.SA.strike/beauty/takeoff_empty/d13_f04.png'
19:56.190  render           | Saved: '/Users/mohammedkalouti/Documents/Codex/2026-09-27/i/work/art/aircraft-strike-final-production-v1/stage/assets/build/frames/unit.SA.strike/team/takeoff_empty/d13_f04.png'
19:57.003  render           | Saved: '/Users/mohammedkalouti/Documents/Codex/2026-09-27/i/work/art/aircraft-strike-final-production-v1/stage/assets/build/frames/unit.SA.strike/shadow/takeoff_empty/d13_f04.png'
19:57.570  render           | Saved: '/Users/mohammedkalouti/Documents/Codex/2026-09-27/i/work/art/aircraft-strike-final-production-v1/stage/assets/build/frames/unit.SA.strike/beauty/takeoff_empty/d13_f05.png'
19:58.039  render           | Saved: '/Users/mohammedkalouti/Documents/Codex/2026-09-27/i/work/art/aircraft-strike-final-production-v1/stage/assets/build/frames/unit.SA.strike/team/takeoff_empty/d13_f05.png'
19:58.863  render           | Saved: '/Users/mohammedkalouti/Documents/Codex/2026-09-27/i/work/art/aircraft-strike-final-production-v1/stage/assets/build/frames/unit.SA.strike/shadow/takeoff_empty/d13_f05.png'
19:59.478  render           | Saved: '/Users/mohammedkalouti/Documents/Codex/2026-09-27/i/work/art/aircraft-strike-final-production-v1/stage/assets/build/frames/unit.SA.strike/beauty/takeoff_empty/d14_f00.png'
19:59.947  render           | Saved: '/Users/mohammedkalouti/Documents/Codex/2026-09-27/i/work/art/aircraft-strike-final-production-v1/stage/assets/build/frames/unit.SA.strike/team/takeoff_empty/d14_f00.png'
20:00.735  render           | Saved: '/Users/mohammedkalouti/Documents/Codex/2026-09-27/i/work/art/aircraft-strike-final-production-v1/stage/assets/build/frames/unit.SA.strike/shadow/takeoff_empty/d14_f00.png'
20:01.306  render           | Saved: '/Users/mohammedkalouti/Documents/Codex/2026-09-27/i/work/art/aircraft-strike-final-production-v1/stage/assets/build/frames/unit.SA.strike/beauty/takeoff_empty/d14_f01.png'
20:01.788  render           | Saved: '/Users/mohammedkalouti/Documents/Codex/2026-09-27/i/work/art/aircraft-strike-final-production-v1/stage/assets/build/frames/unit.SA.strike/team/takeoff_empty/d14_f01.png'
20:02.602  render           | Saved: '/Users/mohammedkalouti/Documents/Codex/2026-09-27/i/work/art/aircraft-strike-final-production-v1/stage/assets/build/frames/unit.SA.strike/shadow/takeoff_empty/d14_f01.png'
20:03.206  render           | Saved: '/Users/mohammedkalouti/Documents/Codex/2026-09-27/i/work/art/aircraft-strike-final-production-v1/stage/assets/build/frames/unit.SA.strike/beauty/takeoff_empty/d14_f02.png'
20:03.699  render           | Saved: '/Users/mohammedkalouti/Documents/Codex/2026-09-27/i/work/art/aircraft-strike-final-production-v1/stage/assets/build/frames/unit.SA.strike/team/takeoff_empty/d14_f02.png'
20:04.480  render           | Saved: '/Users/mohammedkalouti/Documents/Codex/2026-09-27/i/work/art/aircraft-strike-final-production-v1/stage/assets/build/frames/unit.SA.strike/shadow/takeoff_empty/d14_f02.png'
20:05.038  render           | Saved: '/Users/mohammedkalouti/Documents/Codex/2026-09-27/i/work/art/aircraft-strike-final-production-v1/stage/assets/build/frames/unit.SA.strike/beauty/takeoff_empty/d14_f03.png'
20:05.512  render           | Saved: '/Users/mohammedkalouti/Documents/Codex/2026-09-27/i/work/art/aircraft-strike-final-production-v1/stage/assets/build/frames/unit.SA.strike/team/takeoff_empty/d14_f03.png'
20:06.309  render           | Saved: '/Users/mohammedkalouti/Documents/Codex/2026-09-27/i/work/art/aircraft-strike-final-production-v1/stage/assets/build/frames/unit.SA.strike/shadow/takeoff_empty/d14_f03.png'
20:06.865  render           | Saved: '/Users/mohammedkalouti/Documents/Codex/2026-09-27/i/work/art/aircraft-strike-final-production-v1/stage/assets/build/frames/unit.SA.strike/beauty/takeoff_empty/d14_f04.png'
20:07.336  render           | Saved: '/Users/mohammedkalouti/Documents/Codex/2026-09-27/i/work/art/aircraft-strike-final-production-v1/stage/assets/build/frames/unit.SA.strike/team/takeoff_empty/d14_f04.png'
20:08.142  render           | Saved: '/Users/mohammedkalouti/Documents/Codex/2026-09-27/i/work/art/aircraft-strike-final-production-v1/stage/assets/build/frames/unit.SA.strike/shadow/takeoff_empty/d14_f04.png'
20:08.718  render           | Saved: '/Users/mohammedkalouti/Documents/Codex/2026-09-27/i/work/art/aircraft-strike-final-production-v1/stage/assets/build/frames/unit.SA.strike/beauty/takeoff_empty/d14_f05.png'
20:09.206  render           | Saved: '/Users/mohammedkalouti/Documents/Codex/2026-09-27/i/work/art/aircraft-strike-final-production-v1/stage/assets/build/frames/unit.SA.strike/team/takeoff_empty/d14_f05.png'
20:09.998  render           | Saved: '/Users/mohammedkalouti/Documents/Codex/2026-09-27/i/work/art/aircraft-strike-final-production-v1/stage/assets/build/frames/unit.SA.strike/shadow/takeoff_empty/d14_f05.png'
20:10.587  render           | Saved: '/Users/mohammedkalouti/Documents/Codex/2026-09-27/i/work/art/aircraft-strike-final-production-v1/stage/assets/build/frames/unit.SA.strike/beauty/takeoff_empty/d15_f00.png'
20:11.075  render           | Saved: '/Users/mohammedkalouti/Documents/Codex/2026-09-27/i/work/art/aircraft-strike-final-production-v1/stage/assets/build/frames/unit.SA.strike/team/takeoff_empty/d15_f00.png'
20:11.872  render           | Saved: '/Users/mohammedkalouti/Documents/Codex/2026-09-27/i/work/art/aircraft-strike-final-production-v1/stage/assets/build/frames/unit.SA.strike/shadow/takeoff_empty/d15_f00.png'
20:12.429  render           | Saved: '/Users/mohammedkalouti/Documents/Codex/2026-09-27/i/work/art/aircraft-strike-final-production-v1/stage/assets/build/frames/unit.SA.strike/beauty/takeoff_empty/d15_f01.png'
20:12.896  render           | Saved: '/Users/mohammedkalouti/Documents/Codex/2026-09-27/i/work/art/aircraft-strike-final-production-v1/stage/assets/build/frames/unit.SA.strike/team/takeoff_empty/d15_f01.png'
20:13.696  render           | Saved: '/Users/mohammedkalouti/Documents/Codex/2026-09-27/i/work/art/aircraft-strike-final-production-v1/stage/assets/build/frames/unit.SA.strike/shadow/takeoff_empty/d15_f01.png'
20:14.256  render           | Saved: '/Users/mohammedkalouti/Documents/Codex/2026-09-27/i/work/art/aircraft-strike-final-production-v1/stage/assets/build/frames/unit.SA.strike/beauty/takeoff_empty/d15_f02.png'
20:14.751  render           | Saved: '/Users/mohammedkalouti/Documents/Codex/2026-09-27/i/work/art/aircraft-strike-final-production-v1/stage/assets/build/frames/unit.SA.strike/team/takeoff_empty/d15_f02.png'
20:15.574  render           | Saved: '/Users/mohammedkalouti/Documents/Codex/2026-09-27/i/work/art/aircraft-strike-final-production-v1/stage/assets/build/frames/unit.SA.strike/shadow/takeoff_empty/d15_f02.png'
20:16.140  render           | Saved: '/Users/mohammedkalouti/Documents/Codex/2026-09-27/i/work/art/aircraft-strike-final-production-v1/stage/assets/build/frames/unit.SA.strike/beauty/takeoff_empty/d15_f03.png'
20:16.638  render           | Saved: '/Users/mohammedkalouti/Documents/Codex/2026-09-27/i/work/art/aircraft-strike-final-production-v1/stage/assets/build/frames/unit.SA.strike/team/takeoff_empty/d15_f03.png'
20:17.455  render           | Saved: '/Users/mohammedkalouti/Documents/Codex/2026-09-27/i/work/art/aircraft-strike-final-production-v1/stage/assets/build/frames/unit.SA.strike/shadow/takeoff_empty/d15_f03.png'
20:18.048  render           | Saved: '/Users/mohammedkalouti/Documents/Codex/2026-09-27/i/work/art/aircraft-strike-final-production-v1/stage/assets/build/frames/unit.SA.strike/beauty/takeoff_empty/d15_f04.png'
20:18.544  render           | Saved: '/Users/mohammedkalouti/Documents/Codex/2026-09-27/i/work/art/aircraft-strike-final-production-v1/stage/assets/build/frames/unit.SA.strike/team/takeoff_empty/d15_f04.png'
20:19.351  render           | Saved: '/Users/mohammedkalouti/Documents/Codex/2026-09-27/i/work/art/aircraft-strike-final-production-v1/stage/assets/build/frames/unit.SA.strike/shadow/takeoff_empty/d15_f04.png'
20:19.940  render           | Saved: '/Users/mohammedkalouti/Documents/Codex/2026-09-27/i/work/art/aircraft-strike-final-production-v1/stage/assets/build/frames/unit.SA.strike/beauty/takeoff_empty/d15_f05.png'
20:20.449  render           | Saved: '/Users/mohammedkalouti/Documents/Codex/2026-09-27/i/work/art/aircraft-strike-final-production-v1/stage/assets/build/frames/unit.SA.strike/team/takeoff_empty/d15_f05.png'
20:21.242  render           | Saved: '/Users/mohammedkalouti/Documents/Codex/2026-09-27/i/work/art/aircraft-strike-final-production-v1/stage/assets/build/frames/unit.SA.strike/shadow/takeoff_empty/d15_f05.png'
20:21.811  render           | Saved: '/Users/mohammedkalouti/Documents/Codex/2026-09-27/i/work/art/aircraft-strike-final-production-v1/stage/assets/build/frames/unit.SA.strike/beauty/landing_empty/d00_f00.png'
20:22.295  render           | Saved: '/Users/mohammedkalouti/Documents/Codex/2026-09-27/i/work/art/aircraft-strike-final-production-v1/stage/assets/build/frames/unit.SA.strike/team/landing_empty/d00_f00.png'
20:23.089  render           | Saved: '/Users/mohammedkalouti/Documents/Codex/2026-09-27/i/work/art/aircraft-strike-final-production-v1/stage/assets/build/frames/unit.SA.strike/shadow/landing_empty/d00_f00.png'
20:23.638  render           | Saved: '/Users/mohammedkalouti/Documents/Codex/2026-09-27/i/work/art/aircraft-strike-final-production-v1/stage/assets/build/frames/unit.SA.strike/beauty/landing_empty/d00_f01.png'
20:24.115  render           | Saved: '/Users/mohammedkalouti/Documents/Codex/2026-09-27/i/work/art/aircraft-strike-final-production-v1/stage/assets/build/frames/unit.SA.strike/team/landing_empty/d00_f01.png'
20:24.914  render           | Saved: '/Users/mohammedkalouti/Documents/Codex/2026-09-27/i/work/art/aircraft-strike-final-production-v1/stage/assets/build/frames/unit.SA.strike/shadow/landing_empty/d00_f01.png'
20:25.467  render           | Saved: '/Users/mohammedkalouti/Documents/Codex/2026-09-27/i/work/art/aircraft-strike-final-production-v1/stage/assets/build/frames/unit.SA.strike/beauty/landing_empty/d00_f02.png'
20:25.966  render           | Saved: '/Users/mohammedkalouti/Documents/Codex/2026-09-27/i/work/art/aircraft-strike-final-production-v1/stage/assets/build/frames/unit.SA.strike/team/landing_empty/d00_f02.png'
20:26.758  render           | Saved: '/Users/mohammedkalouti/Documents/Codex/2026-09-27/i/work/art/aircraft-strike-final-production-v1/stage/assets/build/frames/unit.SA.strike/shadow/landing_empty/d00_f02.png'
20:27.308  render           | Saved: '/Users/mohammedkalouti/Documents/Codex/2026-09-27/i/work/art/aircraft-strike-final-production-v1/stage/assets/build/frames/unit.SA.strike/beauty/landing_empty/d00_f03.png'
20:27.798  render           | Saved: '/Users/mohammedkalouti/Documents/Codex/2026-09-27/i/work/art/aircraft-strike-final-production-v1/stage/assets/build/frames/unit.SA.strike/team/landing_empty/d00_f03.png'
20:28.604  render           | Saved: '/Users/mohammedkalouti/Documents/Codex/2026-09-27/i/work/art/aircraft-strike-final-production-v1/stage/assets/build/frames/unit.SA.strike/shadow/landing_empty/d00_f03.png'
20:29.180  render           | Saved: '/Users/mohammedkalouti/Documents/Codex/2026-09-27/i/work/art/aircraft-strike-final-production-v1/stage/assets/build/frames/unit.SA.strike/beauty/landing_empty/d00_f04.png'
20:29.649  render           | Saved: '/Users/mohammedkalouti/Documents/Codex/2026-09-27/i/work/art/aircraft-strike-final-production-v1/stage/assets/build/frames/unit.SA.strike/team/landing_empty/d00_f04.png'
20:30.451  render           | Saved: '/Users/mohammedkalouti/Documents/Codex/2026-09-27/i/work/art/aircraft-strike-final-production-v1/stage/assets/build/frames/unit.SA.strike/shadow/landing_empty/d00_f04.png'
20:31.008  render           | Saved: '/Users/mohammedkalouti/Documents/Codex/2026-09-27/i/work/art/aircraft-strike-final-production-v1/stage/assets/build/frames/unit.SA.strike/beauty/landing_empty/d00_f05.png'
20:31.486  render           | Saved: '/Users/mohammedkalouti/Documents/Codex/2026-09-27/i/work/art/aircraft-strike-final-production-v1/stage/assets/build/frames/unit.SA.strike/team/landing_empty/d00_f05.png'
20:32.273  render           | Saved: '/Users/mohammedkalouti/Documents/Codex/2026-09-27/i/work/art/aircraft-strike-final-production-v1/stage/assets/build/frames/unit.SA.strike/shadow/landing_empty/d00_f05.png'
20:32.821  render           | Saved: '/Users/mohammedkalouti/Documents/Codex/2026-09-27/i/work/art/aircraft-strike-final-production-v1/stage/assets/build/frames/unit.SA.strike/beauty/landing_empty/d01_f00.png'
20:33.304  render           | Saved: '/Users/mohammedkalouti/Documents/Codex/2026-09-27/i/work/art/aircraft-strike-final-production-v1/stage/assets/build/frames/unit.SA.strike/team/landing_empty/d01_f00.png'
20:34.122  render           | Saved: '/Users/mohammedkalouti/Documents/Codex/2026-09-27/i/work/art/aircraft-strike-final-production-v1/stage/assets/build/frames/unit.SA.strike/shadow/landing_empty/d01_f00.png'
20:34.681  render           | Saved: '/Users/mohammedkalouti/Documents/Codex/2026-09-27/i/work/art/aircraft-strike-final-production-v1/stage/assets/build/frames/unit.SA.strike/beauty/landing_empty/d01_f01.png'
20:35.153  render           | Saved: '/Users/mohammedkalouti/Documents/Codex/2026-09-27/i/work/art/aircraft-strike-final-production-v1/stage/assets/build/frames/unit.SA.strike/team/landing_empty/d01_f01.png'
20:35.950  render           | Saved: '/Users/mohammedkalouti/Documents/Codex/2026-09-27/i/work/art/aircraft-strike-final-production-v1/stage/assets/build/frames/unit.SA.strike/shadow/landing_empty/d01_f01.png'
20:36.499  render           | Saved: '/Users/mohammedkalouti/Documents/Codex/2026-09-27/i/work/art/aircraft-strike-final-production-v1/stage/assets/build/frames/unit.SA.strike/beauty/landing_empty/d01_f02.png'
20:36.974  render           | Saved: '/Users/mohammedkalouti/Documents/Codex/2026-09-27/i/work/art/aircraft-strike-final-production-v1/stage/assets/build/frames/unit.SA.strike/team/landing_empty/d01_f02.png'
20:37.784  render           | Saved: '/Users/mohammedkalouti/Documents/Codex/2026-09-27/i/work/art/aircraft-strike-final-production-v1/stage/assets/build/frames/unit.SA.strike/shadow/landing_empty/d01_f02.png'
20:38.351  render           | Saved: '/Users/mohammedkalouti/Documents/Codex/2026-09-27/i/work/art/aircraft-strike-final-production-v1/stage/assets/build/frames/unit.SA.strike/beauty/landing_empty/d01_f03.png'
20:38.838  render           | Saved: '/Users/mohammedkalouti/Documents/Codex/2026-09-27/i/work/art/aircraft-strike-final-production-v1/stage/assets/build/frames/unit.SA.strike/team/landing_empty/d01_f03.png'
20:39.631  render           | Saved: '/Users/mohammedkalouti/Documents/Codex/2026-09-27/i/work/art/aircraft-strike-final-production-v1/stage/assets/build/frames/unit.SA.strike/shadow/landing_empty/d01_f03.png'
20:40.183  render           | Saved: '/Users/mohammedkalouti/Documents/Codex/2026-09-27/i/work/art/aircraft-strike-final-production-v1/stage/assets/build/frames/unit.SA.strike/beauty/landing_empty/d01_f04.png'
20:40.661  render           | Saved: '/Users/mohammedkalouti/Documents/Codex/2026-09-27/i/work/art/aircraft-strike-final-production-v1/stage/assets/build/frames/unit.SA.strike/team/landing_empty/d01_f04.png'
20:41.451  render           | Saved: '/Users/mohammedkalouti/Documents/Codex/2026-09-27/i/work/art/aircraft-strike-final-production-v1/stage/assets/build/frames/unit.SA.strike/shadow/landing_empty/d01_f04.png'
20:42.017  render           | Saved: '/Users/mohammedkalouti/Documents/Codex/2026-09-27/i/work/art/aircraft-strike-final-production-v1/stage/assets/build/frames/unit.SA.strike/beauty/landing_empty/d01_f05.png'
20:42.510  render           | Saved: '/Users/mohammedkalouti/Documents/Codex/2026-09-27/i/work/art/aircraft-strike-final-production-v1/stage/assets/build/frames/unit.SA.strike/team/landing_empty/d01_f05.png'
20:43.302  render           | Saved: '/Users/mohammedkalouti/Documents/Codex/2026-09-27/i/work/art/aircraft-strike-final-production-v1/stage/assets/build/frames/unit.SA.strike/shadow/landing_empty/d01_f05.png'
20:43.865  render           | Saved: '/Users/mohammedkalouti/Documents/Codex/2026-09-27/i/work/art/aircraft-strike-final-production-v1/stage/assets/build/frames/unit.SA.strike/beauty/landing_empty/d02_f00.png'
20:44.331  render           | Saved: '/Users/mohammedkalouti/Documents/Codex/2026-09-27/i/work/art/aircraft-strike-final-production-v1/stage/assets/build/frames/unit.SA.strike/team/landing_empty/d02_f00.png'
20:45.125  render           | Saved: '/Users/mohammedkalouti/Documents/Codex/2026-09-27/i/work/art/aircraft-strike-final-production-v1/stage/assets/build/frames/unit.SA.strike/shadow/landing_empty/d02_f00.png'
20:45.677  render           | Saved: '/Users/mohammedkalouti/Documents/Codex/2026-09-27/i/work/art/aircraft-strike-final-production-v1/stage/assets/build/frames/unit.SA.strike/beauty/landing_empty/d02_f01.png'
20:46.150  render           | Saved: '/Users/mohammedkalouti/Documents/Codex/2026-09-27/i/work/art/aircraft-strike-final-production-v1/stage/assets/build/frames/unit.SA.strike/team/landing_empty/d02_f01.png'
20:46.969  render           | Saved: '/Users/mohammedkalouti/Documents/Codex/2026-09-27/i/work/art/aircraft-strike-final-production-v1/stage/assets/build/frames/unit.SA.strike/shadow/landing_empty/d02_f01.png'
20:47.524  render           | Saved: '/Users/mohammedkalouti/Documents/Codex/2026-09-27/i/work/art/aircraft-strike-final-production-v1/stage/assets/build/frames/unit.SA.strike/beauty/landing_empty/d02_f02.png'
20:48.004  render           | Saved: '/Users/mohammedkalouti/Documents/Codex/2026-09-27/i/work/art/aircraft-strike-final-production-v1/stage/assets/build/frames/unit.SA.strike/team/landing_empty/d02_f02.png'
20:48.812  render           | Saved: '/Users/mohammedkalouti/Documents/Codex/2026-09-27/i/work/art/aircraft-strike-final-production-v1/stage/assets/build/frames/unit.SA.strike/shadow/landing_empty/d02_f02.png'
20:49.358  render           | Saved: '/Users/mohammedkalouti/Documents/Codex/2026-09-27/i/work/art/aircraft-strike-final-production-v1/stage/assets/build/frames/unit.SA.strike/beauty/landing_empty/d02_f03.png'
20:49.868  render           | Saved: '/Users/mohammedkalouti/Documents/Codex/2026-09-27/i/work/art/aircraft-strike-final-production-v1/stage/assets/build/frames/unit.SA.strike/team/landing_empty/d02_f03.png'
20:50.654  render           | Saved: '/Users/mohammedkalouti/Documents/Codex/2026-09-27/i/work/art/aircraft-strike-final-production-v1/stage/assets/build/frames/unit.SA.strike/shadow/landing_empty/d02_f03.png'
20:51.222  render           | Saved: '/Users/mohammedkalouti/Documents/Codex/2026-09-27/i/work/art/aircraft-strike-final-production-v1/stage/assets/build/frames/unit.SA.strike/beauty/landing_empty/d02_f04.png'
20:51.694  render           | Saved: '/Users/mohammedkalouti/Documents/Codex/2026-09-27/i/work/art/aircraft-strike-final-production-v1/stage/assets/build/frames/unit.SA.strike/team/landing_empty/d02_f04.png'
20:52.538  render           | Saved: '/Users/mohammedkalouti/Documents/Codex/2026-09-27/i/work/art/aircraft-strike-final-production-v1/stage/assets/build/frames/unit.SA.strike/shadow/landing_empty/d02_f04.png'
20:53.113  render           | Saved: '/Users/mohammedkalouti/Documents/Codex/2026-09-27/i/work/art/aircraft-strike-final-production-v1/stage/assets/build/frames/unit.SA.strike/beauty/landing_empty/d02_f05.png'
20:53.601  render           | Saved: '/Users/mohammedkalouti/Documents/Codex/2026-09-27/i/work/art/aircraft-strike-final-production-v1/stage/assets/build/frames/unit.SA.strike/team/landing_empty/d02_f05.png'
20:54.409  render           | Saved: '/Users/mohammedkalouti/Documents/Codex/2026-09-27/i/work/art/aircraft-strike-final-production-v1/stage/assets/build/frames/unit.SA.strike/shadow/landing_empty/d02_f05.png'
20:54.992  render           | Saved: '/Users/mohammedkalouti/Documents/Codex/2026-09-27/i/work/art/aircraft-strike-final-production-v1/stage/assets/build/frames/unit.SA.strike/beauty/landing_empty/d03_f00.png'
20:55.465  render           | Saved: '/Users/mohammedkalouti/Documents/Codex/2026-09-27/i/work/art/aircraft-strike-final-production-v1/stage/assets/build/frames/unit.SA.strike/team/landing_empty/d03_f00.png'
20:56.264  render           | Saved: '/Users/mohammedkalouti/Documents/Codex/2026-09-27/i/work/art/aircraft-strike-final-production-v1/stage/assets/build/frames/unit.SA.strike/shadow/landing_empty/d03_f00.png'
20:56.850  render           | Saved: '/Users/mohammedkalouti/Documents/Codex/2026-09-27/i/work/art/aircraft-strike-final-production-v1/stage/assets/build/frames/unit.SA.strike/beauty/landing_empty/d03_f01.png'
20:57.312  render           | Saved: '/Users/mohammedkalouti/Documents/Codex/2026-09-27/i/work/art/aircraft-strike-final-production-v1/stage/assets/build/frames/unit.SA.strike/team/landing_empty/d03_f01.png'
20:58.111  render           | Saved: '/Users/mohammedkalouti/Documents/Codex/2026-09-27/i/work/art/aircraft-strike-final-production-v1/stage/assets/build/frames/unit.SA.strike/shadow/landing_empty/d03_f01.png'
20:58.666  render           | Saved: '/Users/mohammedkalouti/Documents/Codex/2026-09-27/i/work/art/aircraft-strike-final-production-v1/stage/assets/build/frames/unit.SA.strike/beauty/landing_empty/d03_f02.png'
20:59.129  render           | Saved: '/Users/mohammedkalouti/Documents/Codex/2026-09-27/i/work/art/aircraft-strike-final-production-v1/stage/assets/build/frames/unit.SA.strike/team/landing_empty/d03_f02.png'
20:59.924  render           | Saved: '/Users/mohammedkalouti/Documents/Codex/2026-09-27/i/work/art/aircraft-strike-final-production-v1/stage/assets/build/frames/unit.SA.strike/shadow/landing_empty/d03_f02.png'
21:00.470  render           | Saved: '/Users/mohammedkalouti/Documents/Codex/2026-09-27/i/work/art/aircraft-strike-final-production-v1/stage/assets/build/frames/unit.SA.strike/beauty/landing_empty/d03_f03.png'
21:00.956  render           | Saved: '/Users/mohammedkalouti/Documents/Codex/2026-09-27/i/work/art/aircraft-strike-final-production-v1/stage/assets/build/frames/unit.SA.strike/team/landing_empty/d03_f03.png'
21:01.739  render           | Saved: '/Users/mohammedkalouti/Documents/Codex/2026-09-27/i/work/art/aircraft-strike-final-production-v1/stage/assets/build/frames/unit.SA.strike/shadow/landing_empty/d03_f03.png'
21:02.297  render           | Saved: '/Users/mohammedkalouti/Documents/Codex/2026-09-27/i/work/art/aircraft-strike-final-production-v1/stage/assets/build/frames/unit.SA.strike/beauty/landing_empty/d03_f04.png'
21:02.764  render           | Saved: '/Users/mohammedkalouti/Documents/Codex/2026-09-27/i/work/art/aircraft-strike-final-production-v1/stage/assets/build/frames/unit.SA.strike/team/landing_empty/d03_f04.png'
21:03.558  render           | Saved: '/Users/mohammedkalouti/Documents/Codex/2026-09-27/i/work/art/aircraft-strike-final-production-v1/stage/assets/build/frames/unit.SA.strike/shadow/landing_empty/d03_f04.png'
21:04.100  render           | Saved: '/Users/mohammedkalouti/Documents/Codex/2026-09-27/i/work/art/aircraft-strike-final-production-v1/stage/assets/build/frames/unit.SA.strike/beauty/landing_empty/d03_f05.png'
21:04.564  render           | Saved: '/Users/mohammedkalouti/Documents/Codex/2026-09-27/i/work/art/aircraft-strike-final-production-v1/stage/assets/build/frames/unit.SA.strike/team/landing_empty/d03_f05.png'
21:05.356  render           | Saved: '/Users/mohammedkalouti/Documents/Codex/2026-09-27/i/work/art/aircraft-strike-final-production-v1/stage/assets/build/frames/unit.SA.strike/shadow/landing_empty/d03_f05.png'
21:05.929  render           | Saved: '/Users/mohammedkalouti/Documents/Codex/2026-09-27/i/work/art/aircraft-strike-final-production-v1/stage/assets/build/frames/unit.SA.strike/beauty/landing_empty/d04_f00.png'
21:06.394  render           | Saved: '/Users/mohammedkalouti/Documents/Codex/2026-09-27/i/work/art/aircraft-strike-final-production-v1/stage/assets/build/frames/unit.SA.strike/team/landing_empty/d04_f00.png'
21:07.195  render           | Saved: '/Users/mohammedkalouti/Documents/Codex/2026-09-27/i/work/art/aircraft-strike-final-production-v1/stage/assets/build/frames/unit.SA.strike/shadow/landing_empty/d04_f00.png'
21:07.740  render           | Saved: '/Users/mohammedkalouti/Documents/Codex/2026-09-27/i/work/art/aircraft-strike-final-production-v1/stage/assets/build/frames/unit.SA.strike/beauty/landing_empty/d04_f01.png'
21:08.233  render           | Saved: '/Users/mohammedkalouti/Documents/Codex/2026-09-27/i/work/art/aircraft-strike-final-production-v1/stage/assets/build/frames/unit.SA.strike/team/landing_empty/d04_f01.png'
21:09.041  render           | Saved: '/Users/mohammedkalouti/Documents/Codex/2026-09-27/i/work/art/aircraft-strike-final-production-v1/stage/assets/build/frames/unit.SA.strike/shadow/landing_empty/d04_f01.png'
21:09.601  render           | Saved: '/Users/mohammedkalouti/Documents/Codex/2026-09-27/i/work/art/aircraft-strike-final-production-v1/stage/assets/build/frames/unit.SA.strike/beauty/landing_empty/d04_f02.png'
21:10.092  render           | Saved: '/Users/mohammedkalouti/Documents/Codex/2026-09-27/i/work/art/aircraft-strike-final-production-v1/stage/assets/build/frames/unit.SA.strike/team/landing_empty/d04_f02.png'
21:10.883  render           | Saved: '/Users/mohammedkalouti/Documents/Codex/2026-09-27/i/work/art/aircraft-strike-final-production-v1/stage/assets/build/frames/unit.SA.strike/shadow/landing_empty/d04_f02.png'
21:11.428  render           | Saved: '/Users/mohammedkalouti/Documents/Codex/2026-09-27/i/work/art/aircraft-strike-final-production-v1/stage/assets/build/frames/unit.SA.strike/beauty/landing_empty/d04_f03.png'
21:11.903  render           | Saved: '/Users/mohammedkalouti/Documents/Codex/2026-09-27/i/work/art/aircraft-strike-final-production-v1/stage/assets/build/frames/unit.SA.strike/team/landing_empty/d04_f03.png'
21:12.713  render           | Saved: '/Users/mohammedkalouti/Documents/Codex/2026-09-27/i/work/art/aircraft-strike-final-production-v1/stage/assets/build/frames/unit.SA.strike/shadow/landing_empty/d04_f03.png'
21:13.284  render           | Saved: '/Users/mohammedkalouti/Documents/Codex/2026-09-27/i/work/art/aircraft-strike-final-production-v1/stage/assets/build/frames/unit.SA.strike/beauty/landing_empty/d04_f04.png'
21:13.754  render           | Saved: '/Users/mohammedkalouti/Documents/Codex/2026-09-27/i/work/art/aircraft-strike-final-production-v1/stage/assets/build/frames/unit.SA.strike/team/landing_empty/d04_f04.png'
21:14.569  render           | Saved: '/Users/mohammedkalouti/Documents/Codex/2026-09-27/i/work/art/aircraft-strike-final-production-v1/stage/assets/build/frames/unit.SA.strike/shadow/landing_empty/d04_f04.png'
21:15.128  render           | Saved: '/Users/mohammedkalouti/Documents/Codex/2026-09-27/i/work/art/aircraft-strike-final-production-v1/stage/assets/build/frames/unit.SA.strike/beauty/landing_empty/d04_f05.png'
21:15.590  render           | Saved: '/Users/mohammedkalouti/Documents/Codex/2026-09-27/i/work/art/aircraft-strike-final-production-v1/stage/assets/build/frames/unit.SA.strike/team/landing_empty/d04_f05.png'
21:16.385  render           | Saved: '/Users/mohammedkalouti/Documents/Codex/2026-09-27/i/work/art/aircraft-strike-final-production-v1/stage/assets/build/frames/unit.SA.strike/shadow/landing_empty/d04_f05.png'
21:16.956  render           | Saved: '/Users/mohammedkalouti/Documents/Codex/2026-09-27/i/work/art/aircraft-strike-final-production-v1/stage/assets/build/frames/unit.SA.strike/beauty/landing_empty/d05_f00.png'
21:17.434  render           | Saved: '/Users/mohammedkalouti/Documents/Codex/2026-09-27/i/work/art/aircraft-strike-final-production-v1/stage/assets/build/frames/unit.SA.strike/team/landing_empty/d05_f00.png'
21:18.246  render           | Saved: '/Users/mohammedkalouti/Documents/Codex/2026-09-27/i/work/art/aircraft-strike-final-production-v1/stage/assets/build/frames/unit.SA.strike/shadow/landing_empty/d05_f00.png'
21:18.792  render           | Saved: '/Users/mohammedkalouti/Documents/Codex/2026-09-27/i/work/art/aircraft-strike-final-production-v1/stage/assets/build/frames/unit.SA.strike/beauty/landing_empty/d05_f01.png'
21:19.278  render           | Saved: '/Users/mohammedkalouti/Documents/Codex/2026-09-27/i/work/art/aircraft-strike-final-production-v1/stage/assets/build/frames/unit.SA.strike/team/landing_empty/d05_f01.png'
21:20.090  render           | Saved: '/Users/mohammedkalouti/Documents/Codex/2026-09-27/i/work/art/aircraft-strike-final-production-v1/stage/assets/build/frames/unit.SA.strike/shadow/landing_empty/d05_f01.png'
21:20.648  render           | Saved: '/Users/mohammedkalouti/Documents/Codex/2026-09-27/i/work/art/aircraft-strike-final-production-v1/stage/assets/build/frames/unit.SA.strike/beauty/landing_empty/d05_f02.png'
21:21.123  render           | Saved: '/Users/mohammedkalouti/Documents/Codex/2026-09-27/i/work/art/aircraft-strike-final-production-v1/stage/assets/build/frames/unit.SA.strike/team/landing_empty/d05_f02.png'
21:21.947  render           | Saved: '/Users/mohammedkalouti/Documents/Codex/2026-09-27/i/work/art/aircraft-strike-final-production-v1/stage/assets/build/frames/unit.SA.strike/shadow/landing_empty/d05_f02.png'
21:22.505  render           | Saved: '/Users/mohammedkalouti/Documents/Codex/2026-09-27/i/work/art/aircraft-strike-final-production-v1/stage/assets/build/frames/unit.SA.strike/beauty/landing_empty/d05_f03.png'
21:22.999  render           | Saved: '/Users/mohammedkalouti/Documents/Codex/2026-09-27/i/work/art/aircraft-strike-final-production-v1/stage/assets/build/frames/unit.SA.strike/team/landing_empty/d05_f03.png'
21:23.821  render           | Saved: '/Users/mohammedkalouti/Documents/Codex/2026-09-27/i/work/art/aircraft-strike-final-production-v1/stage/assets/build/frames/unit.SA.strike/shadow/landing_empty/d05_f03.png'
21:24.402  render           | Saved: '/Users/mohammedkalouti/Documents/Codex/2026-09-27/i/work/art/aircraft-strike-final-production-v1/stage/assets/build/frames/unit.SA.strike/beauty/landing_empty/d05_f04.png'
21:24.881  render           | Saved: '/Users/mohammedkalouti/Documents/Codex/2026-09-27/i/work/art/aircraft-strike-final-production-v1/stage/assets/build/frames/unit.SA.strike/team/landing_empty/d05_f04.png'
21:25.668  render           | Saved: '/Users/mohammedkalouti/Documents/Codex/2026-09-27/i/work/art/aircraft-strike-final-production-v1/stage/assets/build/frames/unit.SA.strike/shadow/landing_empty/d05_f04.png'
21:26.238  render           | Saved: '/Users/mohammedkalouti/Documents/Codex/2026-09-27/i/work/art/aircraft-strike-final-production-v1/stage/assets/build/frames/unit.SA.strike/beauty/landing_empty/d05_f05.png'
21:26.717  render           | Saved: '/Users/mohammedkalouti/Documents/Codex/2026-09-27/i/work/art/aircraft-strike-final-production-v1/stage/assets/build/frames/unit.SA.strike/team/landing_empty/d05_f05.png'
21:27.518  render           | Saved: '/Users/mohammedkalouti/Documents/Codex/2026-09-27/i/work/art/aircraft-strike-final-production-v1/stage/assets/build/frames/unit.SA.strike/shadow/landing_empty/d05_f05.png'
21:28.082  render           | Saved: '/Users/mohammedkalouti/Documents/Codex/2026-09-27/i/work/art/aircraft-strike-final-production-v1/stage/assets/build/frames/unit.SA.strike/beauty/landing_empty/d06_f00.png'
21:28.570  render           | Saved: '/Users/mohammedkalouti/Documents/Codex/2026-09-27/i/work/art/aircraft-strike-final-production-v1/stage/assets/build/frames/unit.SA.strike/team/landing_empty/d06_f00.png'
21:29.416  render           | Saved: '/Users/mohammedkalouti/Documents/Codex/2026-09-27/i/work/art/aircraft-strike-final-production-v1/stage/assets/build/frames/unit.SA.strike/shadow/landing_empty/d06_f00.png'
21:29.991  render           | Saved: '/Users/mohammedkalouti/Documents/Codex/2026-09-27/i/work/art/aircraft-strike-final-production-v1/stage/assets/build/frames/unit.SA.strike/beauty/landing_empty/d06_f01.png'
21:30.466  render           | Saved: '/Users/mohammedkalouti/Documents/Codex/2026-09-27/i/work/art/aircraft-strike-final-production-v1/stage/assets/build/frames/unit.SA.strike/team/landing_empty/d06_f01.png'
21:31.278  render           | Saved: '/Users/mohammedkalouti/Documents/Codex/2026-09-27/i/work/art/aircraft-strike-final-production-v1/stage/assets/build/frames/unit.SA.strike/shadow/landing_empty/d06_f01.png'
21:31.849  render           | Saved: '/Users/mohammedkalouti/Documents/Codex/2026-09-27/i/work/art/aircraft-strike-final-production-v1/stage/assets/build/frames/unit.SA.strike/beauty/landing_empty/d06_f02.png'
21:32.333  render           | Saved: '/Users/mohammedkalouti/Documents/Codex/2026-09-27/i/work/art/aircraft-strike-final-production-v1/stage/assets/build/frames/unit.SA.strike/team/landing_empty/d06_f02.png'
21:33.119  render           | Saved: '/Users/mohammedkalouti/Documents/Codex/2026-09-27/i/work/art/aircraft-strike-final-production-v1/stage/assets/build/frames/unit.SA.strike/shadow/landing_empty/d06_f02.png'
21:33.684  render           | Saved: '/Users/mohammedkalouti/Documents/Codex/2026-09-27/i/work/art/aircraft-strike-final-production-v1/stage/assets/build/frames/unit.SA.strike/beauty/landing_empty/d06_f03.png'
21:34.146  render           | Saved: '/Users/mohammedkalouti/Documents/Codex/2026-09-27/i/work/art/aircraft-strike-final-production-v1/stage/assets/build/frames/unit.SA.strike/team/landing_empty/d06_f03.png'
21:34.949  render           | Saved: '/Users/mohammedkalouti/Documents/Codex/2026-09-27/i/work/art/aircraft-strike-final-production-v1/stage/assets/build/frames/unit.SA.strike/shadow/landing_empty/d06_f03.png'
21:35.528  render           | Saved: '/Users/mohammedkalouti/Documents/Codex/2026-09-27/i/work/art/aircraft-strike-final-production-v1/stage/assets/build/frames/unit.SA.strike/beauty/landing_empty/d06_f04.png'
21:35.998  render           | Saved: '/Users/mohammedkalouti/Documents/Codex/2026-09-27/i/work/art/aircraft-strike-final-production-v1/stage/assets/build/frames/unit.SA.strike/team/landing_empty/d06_f04.png'
21:36.781  render           | Saved: '/Users/mohammedkalouti/Documents/Codex/2026-09-27/i/work/art/aircraft-strike-final-production-v1/stage/assets/build/frames/unit.SA.strike/shadow/landing_empty/d06_f04.png'
21:37.331  render           | Saved: '/Users/mohammedkalouti/Documents/Codex/2026-09-27/i/work/art/aircraft-strike-final-production-v1/stage/assets/build/frames/unit.SA.strike/beauty/landing_empty/d06_f05.png'
21:37.792  render           | Saved: '/Users/mohammedkalouti/Documents/Codex/2026-09-27/i/work/art/aircraft-strike-final-production-v1/stage/assets/build/frames/unit.SA.strike/team/landing_empty/d06_f05.png'
21:38.590  render           | Saved: '/Users/mohammedkalouti/Documents/Codex/2026-09-27/i/work/art/aircraft-strike-final-production-v1/stage/assets/build/frames/unit.SA.strike/shadow/landing_empty/d06_f05.png'
21:39.147  render           | Saved: '/Users/mohammedkalouti/Documents/Codex/2026-09-27/i/work/art/aircraft-strike-final-production-v1/stage/assets/build/frames/unit.SA.strike/beauty/landing_empty/d07_f00.png'
21:39.622  render           | Saved: '/Users/mohammedkalouti/Documents/Codex/2026-09-27/i/work/art/aircraft-strike-final-production-v1/stage/assets/build/frames/unit.SA.strike/team/landing_empty/d07_f00.png'
21:40.431  render           | Saved: '/Users/mohammedkalouti/Documents/Codex/2026-09-27/i/work/art/aircraft-strike-final-production-v1/stage/assets/build/frames/unit.SA.strike/shadow/landing_empty/d07_f00.png'
21:41.004  render           | Saved: '/Users/mohammedkalouti/Documents/Codex/2026-09-27/i/work/art/aircraft-strike-final-production-v1/stage/assets/build/frames/unit.SA.strike/beauty/landing_empty/d07_f01.png'
21:41.499  render           | Saved: '/Users/mohammedkalouti/Documents/Codex/2026-09-27/i/work/art/aircraft-strike-final-production-v1/stage/assets/build/frames/unit.SA.strike/team/landing_empty/d07_f01.png'
21:42.292  render           | Saved: '/Users/mohammedkalouti/Documents/Codex/2026-09-27/i/work/art/aircraft-strike-final-production-v1/stage/assets/build/frames/unit.SA.strike/shadow/landing_empty/d07_f01.png'
21:42.846  render           | Saved: '/Users/mohammedkalouti/Documents/Codex/2026-09-27/i/work/art/aircraft-strike-final-production-v1/stage/assets/build/frames/unit.SA.strike/beauty/landing_empty/d07_f02.png'
21:43.308  render           | Saved: '/Users/mohammedkalouti/Documents/Codex/2026-09-27/i/work/art/aircraft-strike-final-production-v1/stage/assets/build/frames/unit.SA.strike/team/landing_empty/d07_f02.png'
21:44.103  render           | Saved: '/Users/mohammedkalouti/Documents/Codex/2026-09-27/i/work/art/aircraft-strike-final-production-v1/stage/assets/build/frames/unit.SA.strike/shadow/landing_empty/d07_f02.png'
21:44.661  render           | Saved: '/Users/mohammedkalouti/Documents/Codex/2026-09-27/i/work/art/aircraft-strike-final-production-v1/stage/assets/build/frames/unit.SA.strike/beauty/landing_empty/d07_f03.png'
21:45.123  render           | Saved: '/Users/mohammedkalouti/Documents/Codex/2026-09-27/i/work/art/aircraft-strike-final-production-v1/stage/assets/build/frames/unit.SA.strike/team/landing_empty/d07_f03.png'
21:45.935  render           | Saved: '/Users/mohammedkalouti/Documents/Codex/2026-09-27/i/work/art/aircraft-strike-final-production-v1/stage/assets/build/frames/unit.SA.strike/shadow/landing_empty/d07_f03.png'
21:46.505  render           | Saved: '/Users/mohammedkalouti/Documents/Codex/2026-09-27/i/work/art/aircraft-strike-final-production-v1/stage/assets/build/frames/unit.SA.strike/beauty/landing_empty/d07_f04.png'
21:46.997  render           | Saved: '/Users/mohammedkalouti/Documents/Codex/2026-09-27/i/work/art/aircraft-strike-final-production-v1/stage/assets/build/frames/unit.SA.strike/team/landing_empty/d07_f04.png'
21:47.793  render           | Saved: '/Users/mohammedkalouti/Documents/Codex/2026-09-27/i/work/art/aircraft-strike-final-production-v1/stage/assets/build/frames/unit.SA.strike/shadow/landing_empty/d07_f04.png'
21:48.371  render           | Saved: '/Users/mohammedkalouti/Documents/Codex/2026-09-27/i/work/art/aircraft-strike-final-production-v1/stage/assets/build/frames/unit.SA.strike/beauty/landing_empty/d07_f05.png'
21:48.861  render           | Saved: '/Users/mohammedkalouti/Documents/Codex/2026-09-27/i/work/art/aircraft-strike-final-production-v1/stage/assets/build/frames/unit.SA.strike/team/landing_empty/d07_f05.png'
21:49.655  render           | Saved: '/Users/mohammedkalouti/Documents/Codex/2026-09-27/i/work/art/aircraft-strike-final-production-v1/stage/assets/build/frames/unit.SA.strike/shadow/landing_empty/d07_f05.png'
21:50.230  render           | Saved: '/Users/mohammedkalouti/Documents/Codex/2026-09-27/i/work/art/aircraft-strike-final-production-v1/stage/assets/build/frames/unit.SA.strike/beauty/landing_empty/d08_f00.png'
21:50.693  render           | Saved: '/Users/mohammedkalouti/Documents/Codex/2026-09-27/i/work/art/aircraft-strike-final-production-v1/stage/assets/build/frames/unit.SA.strike/team/landing_empty/d08_f00.png'
21:51.490  render           | Saved: '/Users/mohammedkalouti/Documents/Codex/2026-09-27/i/work/art/aircraft-strike-final-production-v1/stage/assets/build/frames/unit.SA.strike/shadow/landing_empty/d08_f00.png'
21:52.032  render           | Saved: '/Users/mohammedkalouti/Documents/Codex/2026-09-27/i/work/art/aircraft-strike-final-production-v1/stage/assets/build/frames/unit.SA.strike/beauty/landing_empty/d08_f01.png'
21:52.493  render           | Saved: '/Users/mohammedkalouti/Documents/Codex/2026-09-27/i/work/art/aircraft-strike-final-production-v1/stage/assets/build/frames/unit.SA.strike/team/landing_empty/d08_f01.png'
21:53.293  render           | Saved: '/Users/mohammedkalouti/Documents/Codex/2026-09-27/i/work/art/aircraft-strike-final-production-v1/stage/assets/build/frames/unit.SA.strike/shadow/landing_empty/d08_f01.png'
21:53.843  render           | Saved: '/Users/mohammedkalouti/Documents/Codex/2026-09-27/i/work/art/aircraft-strike-final-production-v1/stage/assets/build/frames/unit.SA.strike/beauty/landing_empty/d08_f02.png'
21:54.318  render           | Saved: '/Users/mohammedkalouti/Documents/Codex/2026-09-27/i/work/art/aircraft-strike-final-production-v1/stage/assets/build/frames/unit.SA.strike/team/landing_empty/d08_f02.png'
21:55.110  render           | Saved: '/Users/mohammedkalouti/Documents/Codex/2026-09-27/i/work/art/aircraft-strike-final-production-v1/stage/assets/build/frames/unit.SA.strike/shadow/landing_empty/d08_f02.png'
21:55.662  render           | Saved: '/Users/mohammedkalouti/Documents/Codex/2026-09-27/i/work/art/aircraft-strike-final-production-v1/stage/assets/build/frames/unit.SA.strike/beauty/landing_empty/d08_f03.png'
21:56.136  render           | Saved: '/Users/mohammedkalouti/Documents/Codex/2026-09-27/i/work/art/aircraft-strike-final-production-v1/stage/assets/build/frames/unit.SA.strike/team/landing_empty/d08_f03.png'
21:56.935  render           | Saved: '/Users/mohammedkalouti/Documents/Codex/2026-09-27/i/work/art/aircraft-strike-final-production-v1/stage/assets/build/frames/unit.SA.strike/shadow/landing_empty/d08_f03.png'
21:57.495  render           | Saved: '/Users/mohammedkalouti/Documents/Codex/2026-09-27/i/work/art/aircraft-strike-final-production-v1/stage/assets/build/frames/unit.SA.strike/beauty/landing_empty/d08_f04.png'
21:57.968  render           | Saved: '/Users/mohammedkalouti/Documents/Codex/2026-09-27/i/work/art/aircraft-strike-final-production-v1/stage/assets/build/frames/unit.SA.strike/team/landing_empty/d08_f04.png'
21:58.788  render           | Saved: '/Users/mohammedkalouti/Documents/Codex/2026-09-27/i/work/art/aircraft-strike-final-production-v1/stage/assets/build/frames/unit.SA.strike/shadow/landing_empty/d08_f04.png'
21:59.350  render           | Saved: '/Users/mohammedkalouti/Documents/Codex/2026-09-27/i/work/art/aircraft-strike-final-production-v1/stage/assets/build/frames/unit.SA.strike/beauty/landing_empty/d08_f05.png'
21:59.814  render           | Saved: '/Users/mohammedkalouti/Documents/Codex/2026-09-27/i/work/art/aircraft-strike-final-production-v1/stage/assets/build/frames/unit.SA.strike/team/landing_empty/d08_f05.png'
22:00.603  render           | Saved: '/Users/mohammedkalouti/Documents/Codex/2026-09-27/i/work/art/aircraft-strike-final-production-v1/stage/assets/build/frames/unit.SA.strike/shadow/landing_empty/d08_f05.png'
22:01.170  render           | Saved: '/Users/mohammedkalouti/Documents/Codex/2026-09-27/i/work/art/aircraft-strike-final-production-v1/stage/assets/build/frames/unit.SA.strike/beauty/landing_empty/d09_f00.png'
22:01.655  render           | Saved: '/Users/mohammedkalouti/Documents/Codex/2026-09-27/i/work/art/aircraft-strike-final-production-v1/stage/assets/build/frames/unit.SA.strike/team/landing_empty/d09_f00.png'
22:02.442  render           | Saved: '/Users/mohammedkalouti/Documents/Codex/2026-09-27/i/work/art/aircraft-strike-final-production-v1/stage/assets/build/frames/unit.SA.strike/shadow/landing_empty/d09_f00.png'
22:03.002  render           | Saved: '/Users/mohammedkalouti/Documents/Codex/2026-09-27/i/work/art/aircraft-strike-final-production-v1/stage/assets/build/frames/unit.SA.strike/beauty/landing_empty/d09_f01.png'
22:03.481  render           | Saved: '/Users/mohammedkalouti/Documents/Codex/2026-09-27/i/work/art/aircraft-strike-final-production-v1/stage/assets/build/frames/unit.SA.strike/team/landing_empty/d09_f01.png'
22:04.278  render           | Saved: '/Users/mohammedkalouti/Documents/Codex/2026-09-27/i/work/art/aircraft-strike-final-production-v1/stage/assets/build/frames/unit.SA.strike/shadow/landing_empty/d09_f01.png'
22:04.839  render           | Saved: '/Users/mohammedkalouti/Documents/Codex/2026-09-27/i/work/art/aircraft-strike-final-production-v1/stage/assets/build/frames/unit.SA.strike/beauty/landing_empty/d09_f02.png'
22:05.311  render           | Saved: '/Users/mohammedkalouti/Documents/Codex/2026-09-27/i/work/art/aircraft-strike-final-production-v1/stage/assets/build/frames/unit.SA.strike/team/landing_empty/d09_f02.png'
22:06.103  render           | Saved: '/Users/mohammedkalouti/Documents/Codex/2026-09-27/i/work/art/aircraft-strike-final-production-v1/stage/assets/build/frames/unit.SA.strike/shadow/landing_empty/d09_f02.png'
22:06.673  render           | Saved: '/Users/mohammedkalouti/Documents/Codex/2026-09-27/i/work/art/aircraft-strike-final-production-v1/stage/assets/build/frames/unit.SA.strike/beauty/landing_empty/d09_f03.png'
22:07.156  render           | Saved: '/Users/mohammedkalouti/Documents/Codex/2026-09-27/i/work/art/aircraft-strike-final-production-v1/stage/assets/build/frames/unit.SA.strike/team/landing_empty/d09_f03.png'
22:07.955  render           | Saved: '/Users/mohammedkalouti/Documents/Codex/2026-09-27/i/work/art/aircraft-strike-final-production-v1/stage/assets/build/frames/unit.SA.strike/shadow/landing_empty/d09_f03.png'
22:08.517  render           | Saved: '/Users/mohammedkalouti/Documents/Codex/2026-09-27/i/work/art/aircraft-strike-final-production-v1/stage/assets/build/frames/unit.SA.strike/beauty/landing_empty/d09_f04.png'
22:09.006  render           | Saved: '/Users/mohammedkalouti/Documents/Codex/2026-09-27/i/work/art/aircraft-strike-final-production-v1/stage/assets/build/frames/unit.SA.strike/team/landing_empty/d09_f04.png'
22:09.812  render           | Saved: '/Users/mohammedkalouti/Documents/Codex/2026-09-27/i/work/art/aircraft-strike-final-production-v1/stage/assets/build/frames/unit.SA.strike/shadow/landing_empty/d09_f04.png'
22:10.383  render           | Saved: '/Users/mohammedkalouti/Documents/Codex/2026-09-27/i/work/art/aircraft-strike-final-production-v1/stage/assets/build/frames/unit.SA.strike/beauty/landing_empty/d09_f05.png'
22:10.847  render           | Saved: '/Users/mohammedkalouti/Documents/Codex/2026-09-27/i/work/art/aircraft-strike-final-production-v1/stage/assets/build/frames/unit.SA.strike/team/landing_empty/d09_f05.png'
22:11.652  render           | Saved: '/Users/mohammedkalouti/Documents/Codex/2026-09-27/i/work/art/aircraft-strike-final-production-v1/stage/assets/build/frames/unit.SA.strike/shadow/landing_empty/d09_f05.png'
22:12.207  render           | Saved: '/Users/mohammedkalouti/Documents/Codex/2026-09-27/i/work/art/aircraft-strike-final-production-v1/stage/assets/build/frames/unit.SA.strike/beauty/landing_empty/d10_f00.png'
22:12.691  render           | Saved: '/Users/mohammedkalouti/Documents/Codex/2026-09-27/i/work/art/aircraft-strike-final-production-v1/stage/assets/build/frames/unit.SA.strike/team/landing_empty/d10_f00.png'
22:13.489  render           | Saved: '/Users/mohammedkalouti/Documents/Codex/2026-09-27/i/work/art/aircraft-strike-final-production-v1/stage/assets/build/frames/unit.SA.strike/shadow/landing_empty/d10_f00.png'
22:14.077  render           | Saved: '/Users/mohammedkalouti/Documents/Codex/2026-09-27/i/work/art/aircraft-strike-final-production-v1/stage/assets/build/frames/unit.SA.strike/beauty/landing_empty/d10_f01.png'
22:14.575  render           | Saved: '/Users/mohammedkalouti/Documents/Codex/2026-09-27/i/work/art/aircraft-strike-final-production-v1/stage/assets/build/frames/unit.SA.strike/team/landing_empty/d10_f01.png'
22:15.440  render           | Saved: '/Users/mohammedkalouti/Documents/Codex/2026-09-27/i/work/art/aircraft-strike-final-production-v1/stage/assets/build/frames/unit.SA.strike/shadow/landing_empty/d10_f01.png'
22:16.042  render           | Saved: '/Users/mohammedkalouti/Documents/Codex/2026-09-27/i/work/art/aircraft-strike-final-production-v1/stage/assets/build/frames/unit.SA.strike/beauty/landing_empty/d10_f02.png'
22:16.514  render           | Saved: '/Users/mohammedkalouti/Documents/Codex/2026-09-27/i/work/art/aircraft-strike-final-production-v1/stage/assets/build/frames/unit.SA.strike/team/landing_empty/d10_f02.png'
22:17.331  render           | Saved: '/Users/mohammedkalouti/Documents/Codex/2026-09-27/i/work/art/aircraft-strike-final-production-v1/stage/assets/build/frames/unit.SA.strike/shadow/landing_empty/d10_f02.png'
22:17.905  render           | Saved: '/Users/mohammedkalouti/Documents/Codex/2026-09-27/i/work/art/aircraft-strike-final-production-v1/stage/assets/build/frames/unit.SA.strike/beauty/landing_empty/d10_f03.png'
22:18.390  render           | Saved: '/Users/mohammedkalouti/Documents/Codex/2026-09-27/i/work/art/aircraft-strike-final-production-v1/stage/assets/build/frames/unit.SA.strike/team/landing_empty/d10_f03.png'
22:19.174  render           | Saved: '/Users/mohammedkalouti/Documents/Codex/2026-09-27/i/work/art/aircraft-strike-final-production-v1/stage/assets/build/frames/unit.SA.strike/shadow/landing_empty/d10_f03.png'
22:19.721  render           | Saved: '/Users/mohammedkalouti/Documents/Codex/2026-09-27/i/work/art/aircraft-strike-final-production-v1/stage/assets/build/frames/unit.SA.strike/beauty/landing_empty/d10_f04.png'
22:20.213  render           | Saved: '/Users/mohammedkalouti/Documents/Codex/2026-09-27/i/work/art/aircraft-strike-final-production-v1/stage/assets/build/frames/unit.SA.strike/team/landing_empty/d10_f04.png'
22:21.038  render           | Saved: '/Users/mohammedkalouti/Documents/Codex/2026-09-27/i/work/art/aircraft-strike-final-production-v1/stage/assets/build/frames/unit.SA.strike/shadow/landing_empty/d10_f04.png'
22:21.621  render           | Saved: '/Users/mohammedkalouti/Documents/Codex/2026-09-27/i/work/art/aircraft-strike-final-production-v1/stage/assets/build/frames/unit.SA.strike/beauty/landing_empty/d10_f05.png'
22:22.154  render           | Saved: '/Users/mohammedkalouti/Documents/Codex/2026-09-27/i/work/art/aircraft-strike-final-production-v1/stage/assets/build/frames/unit.SA.strike/team/landing_empty/d10_f05.png'
22:23.011  render           | Saved: '/Users/mohammedkalouti/Documents/Codex/2026-09-27/i/work/art/aircraft-strike-final-production-v1/stage/assets/build/frames/unit.SA.strike/shadow/landing_empty/d10_f05.png'
22:23.627  render           | Saved: '/Users/mohammedkalouti/Documents/Codex/2026-09-27/i/work/art/aircraft-strike-final-production-v1/stage/assets/build/frames/unit.SA.strike/beauty/landing_empty/d11_f00.png'
22:24.149  render           | Saved: '/Users/mohammedkalouti/Documents/Codex/2026-09-27/i/work/art/aircraft-strike-final-production-v1/stage/assets/build/frames/unit.SA.strike/team/landing_empty/d11_f00.png'
22:25.008  render           | Saved: '/Users/mohammedkalouti/Documents/Codex/2026-09-27/i/work/art/aircraft-strike-final-production-v1/stage/assets/build/frames/unit.SA.strike/shadow/landing_empty/d11_f00.png'
22:25.610  render           | Saved: '/Users/mohammedkalouti/Documents/Codex/2026-09-27/i/work/art/aircraft-strike-final-production-v1/stage/assets/build/frames/unit.SA.strike/beauty/landing_empty/d11_f01.png'
22:26.119  render           | Saved: '/Users/mohammedkalouti/Documents/Codex/2026-09-27/i/work/art/aircraft-strike-final-production-v1/stage/assets/build/frames/unit.SA.strike/team/landing_empty/d11_f01.png'
22:26.937  render           | Saved: '/Users/mohammedkalouti/Documents/Codex/2026-09-27/i/work/art/aircraft-strike-final-production-v1/stage/assets/build/frames/unit.SA.strike/shadow/landing_empty/d11_f01.png'
22:27.534  render           | Saved: '/Users/mohammedkalouti/Documents/Codex/2026-09-27/i/work/art/aircraft-strike-final-production-v1/stage/assets/build/frames/unit.SA.strike/beauty/landing_empty/d11_f02.png'
22:28.022  render           | Saved: '/Users/mohammedkalouti/Documents/Codex/2026-09-27/i/work/art/aircraft-strike-final-production-v1/stage/assets/build/frames/unit.SA.strike/team/landing_empty/d11_f02.png'
22:28.826  render           | Saved: '/Users/mohammedkalouti/Documents/Codex/2026-09-27/i/work/art/aircraft-strike-final-production-v1/stage/assets/build/frames/unit.SA.strike/shadow/landing_empty/d11_f02.png'
22:29.396  render           | Saved: '/Users/mohammedkalouti/Documents/Codex/2026-09-27/i/work/art/aircraft-strike-final-production-v1/stage/assets/build/frames/unit.SA.strike/beauty/landing_empty/d11_f03.png'
22:29.872  render           | Saved: '/Users/mohammedkalouti/Documents/Codex/2026-09-27/i/work/art/aircraft-strike-final-production-v1/stage/assets/build/frames/unit.SA.strike/team/landing_empty/d11_f03.png'
22:30.671  render           | Saved: '/Users/mohammedkalouti/Documents/Codex/2026-09-27/i/work/art/aircraft-strike-final-production-v1/stage/assets/build/frames/unit.SA.strike/shadow/landing_empty/d11_f03.png'
22:31.256  render           | Saved: '/Users/mohammedkalouti/Documents/Codex/2026-09-27/i/work/art/aircraft-strike-final-production-v1/stage/assets/build/frames/unit.SA.strike/beauty/landing_empty/d11_f04.png'
22:31.733  render           | Saved: '/Users/mohammedkalouti/Documents/Codex/2026-09-27/i/work/art/aircraft-strike-final-production-v1/stage/assets/build/frames/unit.SA.strike/team/landing_empty/d11_f04.png'
22:32.528  render           | Saved: '/Users/mohammedkalouti/Documents/Codex/2026-09-27/i/work/art/aircraft-strike-final-production-v1/stage/assets/build/frames/unit.SA.strike/shadow/landing_empty/d11_f04.png'
22:33.085  render           | Saved: '/Users/mohammedkalouti/Documents/Codex/2026-09-27/i/work/art/aircraft-strike-final-production-v1/stage/assets/build/frames/unit.SA.strike/beauty/landing_empty/d11_f05.png'
22:33.574  render           | Saved: '/Users/mohammedkalouti/Documents/Codex/2026-09-27/i/work/art/aircraft-strike-final-production-v1/stage/assets/build/frames/unit.SA.strike/team/landing_empty/d11_f05.png'
22:34.378  render           | Saved: '/Users/mohammedkalouti/Documents/Codex/2026-09-27/i/work/art/aircraft-strike-final-production-v1/stage/assets/build/frames/unit.SA.strike/shadow/landing_empty/d11_f05.png'
22:34.930  render           | Saved: '/Users/mohammedkalouti/Documents/Codex/2026-09-27/i/work/art/aircraft-strike-final-production-v1/stage/assets/build/frames/unit.SA.strike/beauty/landing_empty/d12_f00.png'
22:35.404  render           | Saved: '/Users/mohammedkalouti/Documents/Codex/2026-09-27/i/work/art/aircraft-strike-final-production-v1/stage/assets/build/frames/unit.SA.strike/team/landing_empty/d12_f00.png'
22:36.199  render           | Saved: '/Users/mohammedkalouti/Documents/Codex/2026-09-27/i/work/art/aircraft-strike-final-production-v1/stage/assets/build/frames/unit.SA.strike/shadow/landing_empty/d12_f00.png'
22:36.796  render           | Saved: '/Users/mohammedkalouti/Documents/Codex/2026-09-27/i/work/art/aircraft-strike-final-production-v1/stage/assets/build/frames/unit.SA.strike/beauty/landing_empty/d12_f01.png'
22:37.313  render           | Saved: '/Users/mohammedkalouti/Documents/Codex/2026-09-27/i/work/art/aircraft-strike-final-production-v1/stage/assets/build/frames/unit.SA.strike/team/landing_empty/d12_f01.png'
22:38.170  render           | Saved: '/Users/mohammedkalouti/Documents/Codex/2026-09-27/i/work/art/aircraft-strike-final-production-v1/stage/assets/build/frames/unit.SA.strike/shadow/landing_empty/d12_f01.png'
22:38.772  render           | Saved: '/Users/mohammedkalouti/Documents/Codex/2026-09-27/i/work/art/aircraft-strike-final-production-v1/stage/assets/build/frames/unit.SA.strike/beauty/landing_empty/d12_f02.png'
22:39.283  render           | Saved: '/Users/mohammedkalouti/Documents/Codex/2026-09-27/i/work/art/aircraft-strike-final-production-v1/stage/assets/build/frames/unit.SA.strike/team/landing_empty/d12_f02.png'
22:40.147  render           | Saved: '/Users/mohammedkalouti/Documents/Codex/2026-09-27/i/work/art/aircraft-strike-final-production-v1/stage/assets/build/frames/unit.SA.strike/shadow/landing_empty/d12_f02.png'
22:40.754  render           | Saved: '/Users/mohammedkalouti/Documents/Codex/2026-09-27/i/work/art/aircraft-strike-final-production-v1/stage/assets/build/frames/unit.SA.strike/beauty/landing_empty/d12_f03.png'
22:41.253  render           | Saved: '/Users/mohammedkalouti/Documents/Codex/2026-09-27/i/work/art/aircraft-strike-final-production-v1/stage/assets/build/frames/unit.SA.strike/team/landing_empty/d12_f03.png'
22:42.102  render           | Saved: '/Users/mohammedkalouti/Documents/Codex/2026-09-27/i/work/art/aircraft-strike-final-production-v1/stage/assets/build/frames/unit.SA.strike/shadow/landing_empty/d12_f03.png'
22:42.679  render           | Saved: '/Users/mohammedkalouti/Documents/Codex/2026-09-27/i/work/art/aircraft-strike-final-production-v1/stage/assets/build/frames/unit.SA.strike/beauty/landing_empty/d12_f04.png'
22:43.153  render           | Saved: '/Users/mohammedkalouti/Documents/Codex/2026-09-27/i/work/art/aircraft-strike-final-production-v1/stage/assets/build/frames/unit.SA.strike/team/landing_empty/d12_f04.png'
22:43.951  render           | Saved: '/Users/mohammedkalouti/Documents/Codex/2026-09-27/i/work/art/aircraft-strike-final-production-v1/stage/assets/build/frames/unit.SA.strike/shadow/landing_empty/d12_f04.png'
22:44.519  render           | Saved: '/Users/mohammedkalouti/Documents/Codex/2026-09-27/i/work/art/aircraft-strike-final-production-v1/stage/assets/build/frames/unit.SA.strike/beauty/landing_empty/d12_f05.png'
22:45.005  render           | Saved: '/Users/mohammedkalouti/Documents/Codex/2026-09-27/i/work/art/aircraft-strike-final-production-v1/stage/assets/build/frames/unit.SA.strike/team/landing_empty/d12_f05.png'
22:45.810  render           | Saved: '/Users/mohammedkalouti/Documents/Codex/2026-09-27/i/work/art/aircraft-strike-final-production-v1/stage/assets/build/frames/unit.SA.strike/shadow/landing_empty/d12_f05.png'
22:46.381  render           | Saved: '/Users/mohammedkalouti/Documents/Codex/2026-09-27/i/work/art/aircraft-strike-final-production-v1/stage/assets/build/frames/unit.SA.strike/beauty/landing_empty/d13_f00.png'
22:46.880  render           | Saved: '/Users/mohammedkalouti/Documents/Codex/2026-09-27/i/work/art/aircraft-strike-final-production-v1/stage/assets/build/frames/unit.SA.strike/team/landing_empty/d13_f00.png'
22:47.676  render           | Saved: '/Users/mohammedkalouti/Documents/Codex/2026-09-27/i/work/art/aircraft-strike-final-production-v1/stage/assets/build/frames/unit.SA.strike/shadow/landing_empty/d13_f00.png'
22:48.265  render           | Saved: '/Users/mohammedkalouti/Documents/Codex/2026-09-27/i/work/art/aircraft-strike-final-production-v1/stage/assets/build/frames/unit.SA.strike/beauty/landing_empty/d13_f01.png'
22:48.745  render           | Saved: '/Users/mohammedkalouti/Documents/Codex/2026-09-27/i/work/art/aircraft-strike-final-production-v1/stage/assets/build/frames/unit.SA.strike/team/landing_empty/d13_f01.png'
22:49.570  render           | Saved: '/Users/mohammedkalouti/Documents/Codex/2026-09-27/i/work/art/aircraft-strike-final-production-v1/stage/assets/build/frames/unit.SA.strike/shadow/landing_empty/d13_f01.png'
22:50.147  render           | Saved: '/Users/mohammedkalouti/Documents/Codex/2026-09-27/i/work/art/aircraft-strike-final-production-v1/stage/assets/build/frames/unit.SA.strike/beauty/landing_empty/d13_f02.png'
22:50.641  render           | Saved: '/Users/mohammedkalouti/Documents/Codex/2026-09-27/i/work/art/aircraft-strike-final-production-v1/stage/assets/build/frames/unit.SA.strike/team/landing_empty/d13_f02.png'
22:51.479  render           | Saved: '/Users/mohammedkalouti/Documents/Codex/2026-09-27/i/work/art/aircraft-strike-final-production-v1/stage/assets/build/frames/unit.SA.strike/shadow/landing_empty/d13_f02.png'
22:52.082  render           | Saved: '/Users/mohammedkalouti/Documents/Codex/2026-09-27/i/work/art/aircraft-strike-final-production-v1/stage/assets/build/frames/unit.SA.strike/beauty/landing_empty/d13_f03.png'
22:52.598  render           | Saved: '/Users/mohammedkalouti/Documents/Codex/2026-09-27/i/work/art/aircraft-strike-final-production-v1/stage/assets/build/frames/unit.SA.strike/team/landing_empty/d13_f03.png'
22:53.469  render           | Saved: '/Users/mohammedkalouti/Documents/Codex/2026-09-27/i/work/art/aircraft-strike-final-production-v1/stage/assets/build/frames/unit.SA.strike/shadow/landing_empty/d13_f03.png'
22:54.072  render           | Saved: '/Users/mohammedkalouti/Documents/Codex/2026-09-27/i/work/art/aircraft-strike-final-production-v1/stage/assets/build/frames/unit.SA.strike/beauty/landing_empty/d13_f04.png'
22:54.577  render           | Saved: '/Users/mohammedkalouti/Documents/Codex/2026-09-27/i/work/art/aircraft-strike-final-production-v1/stage/assets/build/frames/unit.SA.strike/team/landing_empty/d13_f04.png'
22:55.421  render           | Saved: '/Users/mohammedkalouti/Documents/Codex/2026-09-27/i/work/art/aircraft-strike-final-production-v1/stage/assets/build/frames/unit.SA.strike/shadow/landing_empty/d13_f04.png'
22:56.019  render           | Saved: '/Users/mohammedkalouti/Documents/Codex/2026-09-27/i/work/art/aircraft-strike-final-production-v1/stage/assets/build/frames/unit.SA.strike/beauty/landing_empty/d13_f05.png'
22:56.524  render           | Saved: '/Users/mohammedkalouti/Documents/Codex/2026-09-27/i/work/art/aircraft-strike-final-production-v1/stage/assets/build/frames/unit.SA.strike/team/landing_empty/d13_f05.png'
22:57.335  render           | Saved: '/Users/mohammedkalouti/Documents/Codex/2026-09-27/i/work/art/aircraft-strike-final-production-v1/stage/assets/build/frames/unit.SA.strike/shadow/landing_empty/d13_f05.png'
22:57.925  render           | Saved: '/Users/mohammedkalouti/Documents/Codex/2026-09-27/i/work/art/aircraft-strike-final-production-v1/stage/assets/build/frames/unit.SA.strike/beauty/landing_empty/d14_f00.png'
22:58.397  render           | Saved: '/Users/mohammedkalouti/Documents/Codex/2026-09-27/i/work/art/aircraft-strike-final-production-v1/stage/assets/build/frames/unit.SA.strike/team/landing_empty/d14_f00.png'
22:59.215  render           | Saved: '/Users/mohammedkalouti/Documents/Codex/2026-09-27/i/work/art/aircraft-strike-final-production-v1/stage/assets/build/frames/unit.SA.strike/shadow/landing_empty/d14_f00.png'
22:59.771  render           | Saved: '/Users/mohammedkalouti/Documents/Codex/2026-09-27/i/work/art/aircraft-strike-final-production-v1/stage/assets/build/frames/unit.SA.strike/beauty/landing_empty/d14_f01.png'
23:00.257  render           | Saved: '/Users/mohammedkalouti/Documents/Codex/2026-09-27/i/work/art/aircraft-strike-final-production-v1/stage/assets/build/frames/unit.SA.strike/team/landing_empty/d14_f01.png'
23:01.053  render           | Saved: '/Users/mohammedkalouti/Documents/Codex/2026-09-27/i/work/art/aircraft-strike-final-production-v1/stage/assets/build/frames/unit.SA.strike/shadow/landing_empty/d14_f01.png'
23:01.642  render           | Saved: '/Users/mohammedkalouti/Documents/Codex/2026-09-27/i/work/art/aircraft-strike-final-production-v1/stage/assets/build/frames/unit.SA.strike/beauty/landing_empty/d14_f02.png'
23:02.121  render           | Saved: '/Users/mohammedkalouti/Documents/Codex/2026-09-27/i/work/art/aircraft-strike-final-production-v1/stage/assets/build/frames/unit.SA.strike/team/landing_empty/d14_f02.png'
23:02.941  render           | Saved: '/Users/mohammedkalouti/Documents/Codex/2026-09-27/i/work/art/aircraft-strike-final-production-v1/stage/assets/build/frames/unit.SA.strike/shadow/landing_empty/d14_f02.png'
23:03.567  render           | Saved: '/Users/mohammedkalouti/Documents/Codex/2026-09-27/i/work/art/aircraft-strike-final-production-v1/stage/assets/build/frames/unit.SA.strike/beauty/landing_empty/d14_f03.png'
23:04.412  render           | Saved: '/Users/mohammedkalouti/Documents/Codex/2026-09-27/i/work/art/aircraft-strike-final-production-v1/stage/assets/build/frames/unit.SA.strike/team/landing_empty/d14_f03.png'
23:05.571  render           | Saved: '/Users/mohammedkalouti/Documents/Codex/2026-09-27/i/work/art/aircraft-strike-final-production-v1/stage/assets/build/frames/unit.SA.strike/shadow/landing_empty/d14_f03.png'
23:06.301  render           | Saved: '/Users/mohammedkalouti/Documents/Codex/2026-09-27/i/work/art/aircraft-strike-final-production-v1/stage/assets/build/frames/unit.SA.strike/beauty/landing_empty/d14_f04.png'
23:06.896  render           | Saved: '/Users/mohammedkalouti/Documents/Codex/2026-09-27/i/work/art/aircraft-strike-final-production-v1/stage/assets/build/frames/unit.SA.strike/team/landing_empty/d14_f04.png'
23:07.810  render           | Saved: '/Users/mohammedkalouti/Documents/Codex/2026-09-27/i/work/art/aircraft-strike-final-production-v1/stage/assets/build/frames/unit.SA.strike/shadow/landing_empty/d14_f04.png'
23:08.400  render           | Saved: '/Users/mohammedkalouti/Documents/Codex/2026-09-27/i/work/art/aircraft-strike-final-production-v1/stage/assets/build/frames/unit.SA.strike/beauty/landing_empty/d14_f05.png'
23:08.874  render           | Saved: '/Users/mohammedkalouti/Documents/Codex/2026-09-27/i/work/art/aircraft-strike-final-production-v1/stage/assets/build/frames/unit.SA.strike/team/landing_empty/d14_f05.png'
23:09.683  render           | Saved: '/Users/mohammedkalouti/Documents/Codex/2026-09-27/i/work/art/aircraft-strike-final-production-v1/stage/assets/build/frames/unit.SA.strike/shadow/landing_empty/d14_f05.png'
23:10.286  render           | Saved: '/Users/mohammedkalouti/Documents/Codex/2026-09-27/i/work/art/aircraft-strike-final-production-v1/stage/assets/build/frames/unit.SA.strike/beauty/landing_empty/d15_f00.png'
23:10.789  render           | Saved: '/Users/mohammedkalouti/Documents/Codex/2026-09-27/i/work/art/aircraft-strike-final-production-v1/stage/assets/build/frames/unit.SA.strike/team/landing_empty/d15_f00.png'
23:11.586  render           | Saved: '/Users/mohammedkalouti/Documents/Codex/2026-09-27/i/work/art/aircraft-strike-final-production-v1/stage/assets/build/frames/unit.SA.strike/shadow/landing_empty/d15_f00.png'
23:12.154  render           | Saved: '/Users/mohammedkalouti/Documents/Codex/2026-09-27/i/work/art/aircraft-strike-final-production-v1/stage/assets/build/frames/unit.SA.strike/beauty/landing_empty/d15_f01.png'
23:12.631  render           | Saved: '/Users/mohammedkalouti/Documents/Codex/2026-09-27/i/work/art/aircraft-strike-final-production-v1/stage/assets/build/frames/unit.SA.strike/team/landing_empty/d15_f01.png'
23:13.441  render           | Saved: '/Users/mohammedkalouti/Documents/Codex/2026-09-27/i/work/art/aircraft-strike-final-production-v1/stage/assets/build/frames/unit.SA.strike/shadow/landing_empty/d15_f01.png'
23:14.001  render           | Saved: '/Users/mohammedkalouti/Documents/Codex/2026-09-27/i/work/art/aircraft-strike-final-production-v1/stage/assets/build/frames/unit.SA.strike/beauty/landing_empty/d15_f02.png'
23:14.479  render           | Saved: '/Users/mohammedkalouti/Documents/Codex/2026-09-27/i/work/art/aircraft-strike-final-production-v1/stage/assets/build/frames/unit.SA.strike/team/landing_empty/d15_f02.png'
23:15.312  render           | Saved: '/Users/mohammedkalouti/Documents/Codex/2026-09-27/i/work/art/aircraft-strike-final-production-v1/stage/assets/build/frames/unit.SA.strike/shadow/landing_empty/d15_f02.png'
23:15.866  render           | Saved: '/Users/mohammedkalouti/Documents/Codex/2026-09-27/i/work/art/aircraft-strike-final-production-v1/stage/assets/build/frames/unit.SA.strike/beauty/landing_empty/d15_f03.png'
23:16.330  render           | Saved: '/Users/mohammedkalouti/Documents/Codex/2026-09-27/i/work/art/aircraft-strike-final-production-v1/stage/assets/build/frames/unit.SA.strike/team/landing_empty/d15_f03.png'
23:17.146  render           | Saved: '/Users/mohammedkalouti/Documents/Codex/2026-09-27/i/work/art/aircraft-strike-final-production-v1/stage/assets/build/frames/unit.SA.strike/shadow/landing_empty/d15_f03.png'
23:17.713  render           | Saved: '/Users/mohammedkalouti/Documents/Codex/2026-09-27/i/work/art/aircraft-strike-final-production-v1/stage/assets/build/frames/unit.SA.strike/beauty/landing_empty/d15_f04.png'
23:18.208  render           | Saved: '/Users/mohammedkalouti/Documents/Codex/2026-09-27/i/work/art/aircraft-strike-final-production-v1/stage/assets/build/frames/unit.SA.strike/team/landing_empty/d15_f04.png'
23:19.020  render           | Saved: '/Users/mohammedkalouti/Documents/Codex/2026-09-27/i/work/art/aircraft-strike-final-production-v1/stage/assets/build/frames/unit.SA.strike/shadow/landing_empty/d15_f04.png'
23:19.626  render           | Saved: '/Users/mohammedkalouti/Documents/Codex/2026-09-27/i/work/art/aircraft-strike-final-production-v1/stage/assets/build/frames/unit.SA.strike/beauty/landing_empty/d15_f05.png'
23:20.101  render           | Saved: '/Users/mohammedkalouti/Documents/Codex/2026-09-27/i/work/art/aircraft-strike-final-production-v1/stage/assets/build/frames/unit.SA.strike/team/landing_empty/d15_f05.png'
23:20.916  render           | Saved: '/Users/mohammedkalouti/Documents/Codex/2026-09-27/i/work/art/aircraft-strike-final-production-v1/stage/assets/build/frames/unit.SA.strike/shadow/landing_empty/d15_f05.png'
23:21.524  render           | Saved: '/Users/mohammedkalouti/Documents/Codex/2026-09-27/i/work/art/aircraft-strike-final-production-v1/stage/assets/build/frames/unit.SA.strike/beauty/damaged_empty/d00_f00.png'
23:22.015  render           | Saved: '/Users/mohammedkalouti/Documents/Codex/2026-09-27/i/work/art/aircraft-strike-final-production-v1/stage/assets/build/frames/unit.SA.strike/team/damaged_empty/d00_f00.png'
23:22.811  render           | Saved: '/Users/mohammedkalouti/Documents/Codex/2026-09-27/i/work/art/aircraft-strike-final-production-v1/stage/assets/build/frames/unit.SA.strike/shadow/damaged_empty/d00_f00.png'
23:23.368  render           | Saved: '/Users/mohammedkalouti/Documents/Codex/2026-09-27/i/work/art/aircraft-strike-final-production-v1/stage/assets/build/frames/unit.SA.strike/beauty/damaged_empty/d01_f00.png'
23:23.858  render           | Saved: '/Users/mohammedkalouti/Documents/Codex/2026-09-27/i/work/art/aircraft-strike-final-production-v1/stage/assets/build/frames/unit.SA.strike/team/damaged_empty/d01_f00.png'
23:24.658  render           | Saved: '/Users/mohammedkalouti/Documents/Codex/2026-09-27/i/work/art/aircraft-strike-final-production-v1/stage/assets/build/frames/unit.SA.strike/shadow/damaged_empty/d01_f00.png'
23:25.256  render           | Saved: '/Users/mohammedkalouti/Documents/Codex/2026-09-27/i/work/art/aircraft-strike-final-production-v1/stage/assets/build/frames/unit.SA.strike/beauty/damaged_empty/d02_f00.png'
23:25.736  render           | Saved: '/Users/mohammedkalouti/Documents/Codex/2026-09-27/i/work/art/aircraft-strike-final-production-v1/stage/assets/build/frames/unit.SA.strike/team/damaged_empty/d02_f00.png'
23:26.548  render           | Saved: '/Users/mohammedkalouti/Documents/Codex/2026-09-27/i/work/art/aircraft-strike-final-production-v1/stage/assets/build/frames/unit.SA.strike/shadow/damaged_empty/d02_f00.png'
23:27.102  render           | Saved: '/Users/mohammedkalouti/Documents/Codex/2026-09-27/i/work/art/aircraft-strike-final-production-v1/stage/assets/build/frames/unit.SA.strike/beauty/damaged_empty/d03_f00.png'
23:27.588  render           | Saved: '/Users/mohammedkalouti/Documents/Codex/2026-09-27/i/work/art/aircraft-strike-final-production-v1/stage/assets/build/frames/unit.SA.strike/team/damaged_empty/d03_f00.png'
23:28.370  render           | Saved: '/Users/mohammedkalouti/Documents/Codex/2026-09-27/i/work/art/aircraft-strike-final-production-v1/stage/assets/build/frames/unit.SA.strike/shadow/damaged_empty/d03_f00.png'
23:28.938  render           | Saved: '/Users/mohammedkalouti/Documents/Codex/2026-09-27/i/work/art/aircraft-strike-final-production-v1/stage/assets/build/frames/unit.SA.strike/beauty/damaged_empty/d04_f00.png'
23:29.426  render           | Saved: '/Users/mohammedkalouti/Documents/Codex/2026-09-27/i/work/art/aircraft-strike-final-production-v1/stage/assets/build/frames/unit.SA.strike/team/damaged_empty/d04_f00.png'
23:30.209  render           | Saved: '/Users/mohammedkalouti/Documents/Codex/2026-09-27/i/work/art/aircraft-strike-final-production-v1/stage/assets/build/frames/unit.SA.strike/shadow/damaged_empty/d04_f00.png'
23:30.778  render           | Saved: '/Users/mohammedkalouti/Documents/Codex/2026-09-27/i/work/art/aircraft-strike-final-production-v1/stage/assets/build/frames/unit.SA.strike/beauty/damaged_empty/d05_f00.png'
23:31.246  render           | Saved: '/Users/mohammedkalouti/Documents/Codex/2026-09-27/i/work/art/aircraft-strike-final-production-v1/stage/assets/build/frames/unit.SA.strike/team/damaged_empty/d05_f00.png'
23:32.043  render           | Saved: '/Users/mohammedkalouti/Documents/Codex/2026-09-27/i/work/art/aircraft-strike-final-production-v1/stage/assets/build/frames/unit.SA.strike/shadow/damaged_empty/d05_f00.png'
23:32.609  render           | Saved: '/Users/mohammedkalouti/Documents/Codex/2026-09-27/i/work/art/aircraft-strike-final-production-v1/stage/assets/build/frames/unit.SA.strike/beauty/damaged_empty/d06_f00.png'
23:33.082  render           | Saved: '/Users/mohammedkalouti/Documents/Codex/2026-09-27/i/work/art/aircraft-strike-final-production-v1/stage/assets/build/frames/unit.SA.strike/team/damaged_empty/d06_f00.png'
23:33.897  render           | Saved: '/Users/mohammedkalouti/Documents/Codex/2026-09-27/i/work/art/aircraft-strike-final-production-v1/stage/assets/build/frames/unit.SA.strike/shadow/damaged_empty/d06_f00.png'
23:34.464  render           | Saved: '/Users/mohammedkalouti/Documents/Codex/2026-09-27/i/work/art/aircraft-strike-final-production-v1/stage/assets/build/frames/unit.SA.strike/beauty/damaged_empty/d07_f00.png'
23:34.930  render           | Saved: '/Users/mohammedkalouti/Documents/Codex/2026-09-27/i/work/art/aircraft-strike-final-production-v1/stage/assets/build/frames/unit.SA.strike/team/damaged_empty/d07_f00.png'
23:35.728  render           | Saved: '/Users/mohammedkalouti/Documents/Codex/2026-09-27/i/work/art/aircraft-strike-final-production-v1/stage/assets/build/frames/unit.SA.strike/shadow/damaged_empty/d07_f00.png'
23:36.285  render           | Saved: '/Users/mohammedkalouti/Documents/Codex/2026-09-27/i/work/art/aircraft-strike-final-production-v1/stage/assets/build/frames/unit.SA.strike/beauty/damaged_empty/d08_f00.png'
23:36.765  render           | Saved: '/Users/mohammedkalouti/Documents/Codex/2026-09-27/i/work/art/aircraft-strike-final-production-v1/stage/assets/build/frames/unit.SA.strike/team/damaged_empty/d08_f00.png'
23:37.574  render           | Saved: '/Users/mohammedkalouti/Documents/Codex/2026-09-27/i/work/art/aircraft-strike-final-production-v1/stage/assets/build/frames/unit.SA.strike/shadow/damaged_empty/d08_f00.png'
23:38.160  render           | Saved: '/Users/mohammedkalouti/Documents/Codex/2026-09-27/i/work/art/aircraft-strike-final-production-v1/stage/assets/build/frames/unit.SA.strike/beauty/damaged_empty/d09_f00.png'
23:38.636  render           | Saved: '/Users/mohammedkalouti/Documents/Codex/2026-09-27/i/work/art/aircraft-strike-final-production-v1/stage/assets/build/frames/unit.SA.strike/team/damaged_empty/d09_f00.png'
23:39.427  render           | Saved: '/Users/mohammedkalouti/Documents/Codex/2026-09-27/i/work/art/aircraft-strike-final-production-v1/stage/assets/build/frames/unit.SA.strike/shadow/damaged_empty/d09_f00.png'
23:40.010  render           | Saved: '/Users/mohammedkalouti/Documents/Codex/2026-09-27/i/work/art/aircraft-strike-final-production-v1/stage/assets/build/frames/unit.SA.strike/beauty/damaged_empty/d10_f00.png'
23:40.481  render           | Saved: '/Users/mohammedkalouti/Documents/Codex/2026-09-27/i/work/art/aircraft-strike-final-production-v1/stage/assets/build/frames/unit.SA.strike/team/damaged_empty/d10_f00.png'
23:41.295  render           | Saved: '/Users/mohammedkalouti/Documents/Codex/2026-09-27/i/work/art/aircraft-strike-final-production-v1/stage/assets/build/frames/unit.SA.strike/shadow/damaged_empty/d10_f00.png'
23:41.886  render           | Saved: '/Users/mohammedkalouti/Documents/Codex/2026-09-27/i/work/art/aircraft-strike-final-production-v1/stage/assets/build/frames/unit.SA.strike/beauty/damaged_empty/d11_f00.png'
23:42.358  render           | Saved: '/Users/mohammedkalouti/Documents/Codex/2026-09-27/i/work/art/aircraft-strike-final-production-v1/stage/assets/build/frames/unit.SA.strike/team/damaged_empty/d11_f00.png'
23:43.158  render           | Saved: '/Users/mohammedkalouti/Documents/Codex/2026-09-27/i/work/art/aircraft-strike-final-production-v1/stage/assets/build/frames/unit.SA.strike/shadow/damaged_empty/d11_f00.png'
23:43.727  render           | Saved: '/Users/mohammedkalouti/Documents/Codex/2026-09-27/i/work/art/aircraft-strike-final-production-v1/stage/assets/build/frames/unit.SA.strike/beauty/damaged_empty/d12_f00.png'
23:44.188  render           | Saved: '/Users/mohammedkalouti/Documents/Codex/2026-09-27/i/work/art/aircraft-strike-final-production-v1/stage/assets/build/frames/unit.SA.strike/team/damaged_empty/d12_f00.png'
23:45.005  render           | Saved: '/Users/mohammedkalouti/Documents/Codex/2026-09-27/i/work/art/aircraft-strike-final-production-v1/stage/assets/build/frames/unit.SA.strike/shadow/damaged_empty/d12_f00.png'
23:45.568  render           | Saved: '/Users/mohammedkalouti/Documents/Codex/2026-09-27/i/work/art/aircraft-strike-final-production-v1/stage/assets/build/frames/unit.SA.strike/beauty/damaged_empty/d13_f00.png'
23:46.026  render           | Saved: '/Users/mohammedkalouti/Documents/Codex/2026-09-27/i/work/art/aircraft-strike-final-production-v1/stage/assets/build/frames/unit.SA.strike/team/damaged_empty/d13_f00.png'
23:46.824  render           | Saved: '/Users/mohammedkalouti/Documents/Codex/2026-09-27/i/work/art/aircraft-strike-final-production-v1/stage/assets/build/frames/unit.SA.strike/shadow/damaged_empty/d13_f00.png'
23:47.376  render           | Saved: '/Users/mohammedkalouti/Documents/Codex/2026-09-27/i/work/art/aircraft-strike-final-production-v1/stage/assets/build/frames/unit.SA.strike/beauty/damaged_empty/d14_f00.png'
23:47.881  render           | Saved: '/Users/mohammedkalouti/Documents/Codex/2026-09-27/i/work/art/aircraft-strike-final-production-v1/stage/assets/build/frames/unit.SA.strike/team/damaged_empty/d14_f00.png'
23:48.679  render           | Saved: '/Users/mohammedkalouti/Documents/Codex/2026-09-27/i/work/art/aircraft-strike-final-production-v1/stage/assets/build/frames/unit.SA.strike/shadow/damaged_empty/d14_f00.png'
23:49.251  render           | Saved: '/Users/mohammedkalouti/Documents/Codex/2026-09-27/i/work/art/aircraft-strike-final-production-v1/stage/assets/build/frames/unit.SA.strike/beauty/damaged_empty/d15_f00.png'
23:49.717  render           | Saved: '/Users/mohammedkalouti/Documents/Codex/2026-09-27/i/work/art/aircraft-strike-final-production-v1/stage/assets/build/frames/unit.SA.strike/team/damaged_empty/d15_f00.png'
23:50.518  render           | Saved: '/Users/mohammedkalouti/Documents/Codex/2026-09-27/i/work/art/aircraft-strike-final-production-v1/stage/assets/build/frames/unit.SA.strike/shadow/damaged_empty/d15_f00.png'
23:51.108  render           | Saved: '/Users/mohammedkalouti/Documents/Codex/2026-09-27/i/work/art/aircraft-strike-final-production-v1/stage/assets/build/frames/unit.SA.strike/beauty/rearm_empty/d00_f00.png'
23:51.585  render           | Saved: '/Users/mohammedkalouti/Documents/Codex/2026-09-27/i/work/art/aircraft-strike-final-production-v1/stage/assets/build/frames/unit.SA.strike/team/rearm_empty/d00_f00.png'
23:52.522  render           | Saved: '/Users/mohammedkalouti/Documents/Codex/2026-09-27/i/work/art/aircraft-strike-final-production-v1/stage/assets/build/frames/unit.SA.strike/shadow/rearm_empty/d00_f00.png'
23:53.084  render           | Saved: '/Users/mohammedkalouti/Documents/Codex/2026-09-27/i/work/art/aircraft-strike-final-production-v1/stage/assets/build/frames/unit.SA.strike/beauty/rearm_empty/d00_f01.png'
23:53.542  render           | Saved: '/Users/mohammedkalouti/Documents/Codex/2026-09-27/i/work/art/aircraft-strike-final-production-v1/stage/assets/build/frames/unit.SA.strike/team/rearm_empty/d00_f01.png'
23:54.430  render           | Saved: '/Users/mohammedkalouti/Documents/Codex/2026-09-27/i/work/art/aircraft-strike-final-production-v1/stage/assets/build/frames/unit.SA.strike/shadow/rearm_empty/d00_f01.png'
23:55.040  render           | Saved: '/Users/mohammedkalouti/Documents/Codex/2026-09-27/i/work/art/aircraft-strike-final-production-v1/stage/assets/build/frames/unit.SA.strike/beauty/rearm_empty/d00_f02.png'
23:55.512  render           | Saved: '/Users/mohammedkalouti/Documents/Codex/2026-09-27/i/work/art/aircraft-strike-final-production-v1/stage/assets/build/frames/unit.SA.strike/team/rearm_empty/d00_f02.png'
23:56.425  render           | Saved: '/Users/mohammedkalouti/Documents/Codex/2026-09-27/i/work/art/aircraft-strike-final-production-v1/stage/assets/build/frames/unit.SA.strike/shadow/rearm_empty/d00_f02.png'
23:56.981  render           | Saved: '/Users/mohammedkalouti/Documents/Codex/2026-09-27/i/work/art/aircraft-strike-final-production-v1/stage/assets/build/frames/unit.SA.strike/beauty/rearm_empty/d00_f03.png'
23:57.488  render           | Saved: '/Users/mohammedkalouti/Documents/Codex/2026-09-27/i/work/art/aircraft-strike-final-production-v1/stage/assets/build/frames/unit.SA.strike/team/rearm_empty/d00_f03.png'
23:58.384  render           | Saved: '/Users/mohammedkalouti/Documents/Codex/2026-09-27/i/work/art/aircraft-strike-final-production-v1/stage/assets/build/frames/unit.SA.strike/shadow/rearm_empty/d00_f03.png'
23:58.963  render           | Saved: '/Users/mohammedkalouti/Documents/Codex/2026-09-27/i/work/art/aircraft-strike-final-production-v1/stage/assets/build/frames/unit.SA.strike/beauty/rearm_empty/d00_f04.png'
23:59.453  render           | Saved: '/Users/mohammedkalouti/Documents/Codex/2026-09-27/i/work/art/aircraft-strike-final-production-v1/stage/assets/build/frames/unit.SA.strike/team/rearm_empty/d00_f04.png'
24:00.353  render           | Saved: '/Users/mohammedkalouti/Documents/Codex/2026-09-27/i/work/art/aircraft-strike-final-production-v1/stage/assets/build/frames/unit.SA.strike/shadow/rearm_empty/d00_f04.png'
24:00.909  render           | Saved: '/Users/mohammedkalouti/Documents/Codex/2026-09-27/i/work/art/aircraft-strike-final-production-v1/stage/assets/build/frames/unit.SA.strike/beauty/rearm_empty/d00_f05.png'
24:01.386  render           | Saved: '/Users/mohammedkalouti/Documents/Codex/2026-09-27/i/work/art/aircraft-strike-final-production-v1/stage/assets/build/frames/unit.SA.strike/team/rearm_empty/d00_f05.png'
24:02.270  render           | Saved: '/Users/mohammedkalouti/Documents/Codex/2026-09-27/i/work/art/aircraft-strike-final-production-v1/stage/assets/build/frames/unit.SA.strike/shadow/rearm_empty/d00_f05.png'
24:02.855  render           | Saved: '/Users/mohammedkalouti/Documents/Codex/2026-09-27/i/work/art/aircraft-strike-final-production-v1/stage/assets/build/frames/unit.SA.strike/beauty/rearm_empty/d01_f00.png'
24:03.321  render           | Saved: '/Users/mohammedkalouti/Documents/Codex/2026-09-27/i/work/art/aircraft-strike-final-production-v1/stage/assets/build/frames/unit.SA.strike/team/rearm_empty/d01_f00.png'
24:04.229  render           | Saved: '/Users/mohammedkalouti/Documents/Codex/2026-09-27/i/work/art/aircraft-strike-final-production-v1/stage/assets/build/frames/unit.SA.strike/shadow/rearm_empty/d01_f00.png'
24:04.826  render           | Saved: '/Users/mohammedkalouti/Documents/Codex/2026-09-27/i/work/art/aircraft-strike-final-production-v1/stage/assets/build/frames/unit.SA.strike/beauty/rearm_empty/d01_f01.png'
24:05.308  render           | Saved: '/Users/mohammedkalouti/Documents/Codex/2026-09-27/i/work/art/aircraft-strike-final-production-v1/stage/assets/build/frames/unit.SA.strike/team/rearm_empty/d01_f01.png'
24:06.191  render           | Saved: '/Users/mohammedkalouti/Documents/Codex/2026-09-27/i/work/art/aircraft-strike-final-production-v1/stage/assets/build/frames/unit.SA.strike/shadow/rearm_empty/d01_f01.png'
24:06.758  render           | Saved: '/Users/mohammedkalouti/Documents/Codex/2026-09-27/i/work/art/aircraft-strike-final-production-v1/stage/assets/build/frames/unit.SA.strike/beauty/rearm_empty/d01_f02.png'
24:07.232  render           | Saved: '/Users/mohammedkalouti/Documents/Codex/2026-09-27/i/work/art/aircraft-strike-final-production-v1/stage/assets/build/frames/unit.SA.strike/team/rearm_empty/d01_f02.png'
24:08.114  render           | Saved: '/Users/mohammedkalouti/Documents/Codex/2026-09-27/i/work/art/aircraft-strike-final-production-v1/stage/assets/build/frames/unit.SA.strike/shadow/rearm_empty/d01_f02.png'
24:08.690  render           | Saved: '/Users/mohammedkalouti/Documents/Codex/2026-09-27/i/work/art/aircraft-strike-final-production-v1/stage/assets/build/frames/unit.SA.strike/beauty/rearm_empty/d01_f03.png'
24:09.158  render           | Saved: '/Users/mohammedkalouti/Documents/Codex/2026-09-27/i/work/art/aircraft-strike-final-production-v1/stage/assets/build/frames/unit.SA.strike/team/rearm_empty/d01_f03.png'
24:10.132  render           | Saved: '/Users/mohammedkalouti/Documents/Codex/2026-09-27/i/work/art/aircraft-strike-final-production-v1/stage/assets/build/frames/unit.SA.strike/shadow/rearm_empty/d01_f03.png'
24:10.729  render           | Saved: '/Users/mohammedkalouti/Documents/Codex/2026-09-27/i/work/art/aircraft-strike-final-production-v1/stage/assets/build/frames/unit.SA.strike/beauty/rearm_empty/d01_f04.png'
24:11.234  render           | Saved: '/Users/mohammedkalouti/Documents/Codex/2026-09-27/i/work/art/aircraft-strike-final-production-v1/stage/assets/build/frames/unit.SA.strike/team/rearm_empty/d01_f04.png'
24:12.163  render           | Saved: '/Users/mohammedkalouti/Documents/Codex/2026-09-27/i/work/art/aircraft-strike-final-production-v1/stage/assets/build/frames/unit.SA.strike/shadow/rearm_empty/d01_f04.png'
24:12.718  render           | Saved: '/Users/mohammedkalouti/Documents/Codex/2026-09-27/i/work/art/aircraft-strike-final-production-v1/stage/assets/build/frames/unit.SA.strike/beauty/rearm_empty/d01_f05.png'
24:13.197  render           | Saved: '/Users/mohammedkalouti/Documents/Codex/2026-09-27/i/work/art/aircraft-strike-final-production-v1/stage/assets/build/frames/unit.SA.strike/team/rearm_empty/d01_f05.png'
24:14.087  render           | Saved: '/Users/mohammedkalouti/Documents/Codex/2026-09-27/i/work/art/aircraft-strike-final-production-v1/stage/assets/build/frames/unit.SA.strike/shadow/rearm_empty/d01_f05.png'
24:14.675  render           | Saved: '/Users/mohammedkalouti/Documents/Codex/2026-09-27/i/work/art/aircraft-strike-final-production-v1/stage/assets/build/frames/unit.SA.strike/beauty/rearm_empty/d02_f00.png'
24:15.140  render           | Saved: '/Users/mohammedkalouti/Documents/Codex/2026-09-27/i/work/art/aircraft-strike-final-production-v1/stage/assets/build/frames/unit.SA.strike/team/rearm_empty/d02_f00.png'
24:16.039  render           | Saved: '/Users/mohammedkalouti/Documents/Codex/2026-09-27/i/work/art/aircraft-strike-final-production-v1/stage/assets/build/frames/unit.SA.strike/shadow/rearm_empty/d02_f00.png'
24:16.611  render           | Saved: '/Users/mohammedkalouti/Documents/Codex/2026-09-27/i/work/art/aircraft-strike-final-production-v1/stage/assets/build/frames/unit.SA.strike/beauty/rearm_empty/d02_f01.png'
24:17.106  render           | Saved: '/Users/mohammedkalouti/Documents/Codex/2026-09-27/i/work/art/aircraft-strike-final-production-v1/stage/assets/build/frames/unit.SA.strike/team/rearm_empty/d02_f01.png'
24:17.997  render           | Saved: '/Users/mohammedkalouti/Documents/Codex/2026-09-27/i/work/art/aircraft-strike-final-production-v1/stage/assets/build/frames/unit.SA.strike/shadow/rearm_empty/d02_f01.png'
24:18.557  render           | Saved: '/Users/mohammedkalouti/Documents/Codex/2026-09-27/i/work/art/aircraft-strike-final-production-v1/stage/assets/build/frames/unit.SA.strike/beauty/rearm_empty/d02_f02.png'
24:19.018  render           | Saved: '/Users/mohammedkalouti/Documents/Codex/2026-09-27/i/work/art/aircraft-strike-final-production-v1/stage/assets/build/frames/unit.SA.strike/team/rearm_empty/d02_f02.png'
24:19.904  render           | Saved: '/Users/mohammedkalouti/Documents/Codex/2026-09-27/i/work/art/aircraft-strike-final-production-v1/stage/assets/build/frames/unit.SA.strike/shadow/rearm_empty/d02_f02.png'
24:20.450  render           | Saved: '/Users/mohammedkalouti/Documents/Codex/2026-09-27/i/work/art/aircraft-strike-final-production-v1/stage/assets/build/frames/unit.SA.strike/beauty/rearm_empty/d02_f03.png'
24:20.921  render           | Saved: '/Users/mohammedkalouti/Documents/Codex/2026-09-27/i/work/art/aircraft-strike-final-production-v1/stage/assets/build/frames/unit.SA.strike/team/rearm_empty/d02_f03.png'
24:21.825  render           | Saved: '/Users/mohammedkalouti/Documents/Codex/2026-09-27/i/work/art/aircraft-strike-final-production-v1/stage/assets/build/frames/unit.SA.strike/shadow/rearm_empty/d02_f03.png'
24:22.417  render           | Saved: '/Users/mohammedkalouti/Documents/Codex/2026-09-27/i/work/art/aircraft-strike-final-production-v1/stage/assets/build/frames/unit.SA.strike/beauty/rearm_empty/d02_f04.png'
24:22.900  render           | Saved: '/Users/mohammedkalouti/Documents/Codex/2026-09-27/i/work/art/aircraft-strike-final-production-v1/stage/assets/build/frames/unit.SA.strike/team/rearm_empty/d02_f04.png'
24:23.814  render           | Saved: '/Users/mohammedkalouti/Documents/Codex/2026-09-27/i/work/art/aircraft-strike-final-production-v1/stage/assets/build/frames/unit.SA.strike/shadow/rearm_empty/d02_f04.png'
24:24.370  render           | Saved: '/Users/mohammedkalouti/Documents/Codex/2026-09-27/i/work/art/aircraft-strike-final-production-v1/stage/assets/build/frames/unit.SA.strike/beauty/rearm_empty/d02_f05.png'
24:24.840  render           | Saved: '/Users/mohammedkalouti/Documents/Codex/2026-09-27/i/work/art/aircraft-strike-final-production-v1/stage/assets/build/frames/unit.SA.strike/team/rearm_empty/d02_f05.png'
24:25.726  render           | Saved: '/Users/mohammedkalouti/Documents/Codex/2026-09-27/i/work/art/aircraft-strike-final-production-v1/stage/assets/build/frames/unit.SA.strike/shadow/rearm_empty/d02_f05.png'
24:26.298  render           | Saved: '/Users/mohammedkalouti/Documents/Codex/2026-09-27/i/work/art/aircraft-strike-final-production-v1/stage/assets/build/frames/unit.SA.strike/beauty/rearm_empty/d03_f01.png'
24:26.778  render           | Saved: '/Users/mohammedkalouti/Documents/Codex/2026-09-27/i/work/art/aircraft-strike-final-production-v1/stage/assets/build/frames/unit.SA.strike/team/rearm_empty/d03_f01.png'
24:27.732  render           | Saved: '/Users/mohammedkalouti/Documents/Codex/2026-09-27/i/work/art/aircraft-strike-final-production-v1/stage/assets/build/frames/unit.SA.strike/shadow/rearm_empty/d03_f01.png'
24:28.314  render           | Saved: '/Users/mohammedkalouti/Documents/Codex/2026-09-27/i/work/art/aircraft-strike-final-production-v1/stage/assets/build/frames/unit.SA.strike/beauty/rearm_empty/d03_f02.png'
24:28.781  render           | Saved: '/Users/mohammedkalouti/Documents/Codex/2026-09-27/i/work/art/aircraft-strike-final-production-v1/stage/assets/build/frames/unit.SA.strike/team/rearm_empty/d03_f02.png'
24:29.674  render           | Saved: '/Users/mohammedkalouti/Documents/Codex/2026-09-27/i/work/art/aircraft-strike-final-production-v1/stage/assets/build/frames/unit.SA.strike/shadow/rearm_empty/d03_f02.png'
24:30.250  render           | Saved: '/Users/mohammedkalouti/Documents/Codex/2026-09-27/i/work/art/aircraft-strike-final-production-v1/stage/assets/build/frames/unit.SA.strike/beauty/rearm_empty/d03_f04.png'
24:30.715  render           | Saved: '/Users/mohammedkalouti/Documents/Codex/2026-09-27/i/work/art/aircraft-strike-final-production-v1/stage/assets/build/frames/unit.SA.strike/team/rearm_empty/d03_f04.png'
24:31.603  render           | Saved: '/Users/mohammedkalouti/Documents/Codex/2026-09-27/i/work/art/aircraft-strike-final-production-v1/stage/assets/build/frames/unit.SA.strike/shadow/rearm_empty/d03_f04.png'
24:32.152  render           | Saved: '/Users/mohammedkalouti/Documents/Codex/2026-09-27/i/work/art/aircraft-strike-final-production-v1/stage/assets/build/frames/unit.SA.strike/beauty/rearm_empty/d03_f05.png'
24:32.633  render           | Saved: '/Users/mohammedkalouti/Documents/Codex/2026-09-27/i/work/art/aircraft-strike-final-production-v1/stage/assets/build/frames/unit.SA.strike/team/rearm_empty/d03_f05.png'
24:33.523  render           | Saved: '/Users/mohammedkalouti/Documents/Codex/2026-09-27/i/work/art/aircraft-strike-final-production-v1/stage/assets/build/frames/unit.SA.strike/shadow/rearm_empty/d03_f05.png'
24:34.080  render           | Saved: '/Users/mohammedkalouti/Documents/Codex/2026-09-27/i/work/art/aircraft-strike-final-production-v1/stage/assets/build/frames/unit.SA.strike/beauty/rearm_empty/d04_f00.png'
24:34.548  render           | Saved: '/Users/mohammedkalouti/Documents/Codex/2026-09-27/i/work/art/aircraft-strike-final-production-v1/stage/assets/build/frames/unit.SA.strike/team/rearm_empty/d04_f00.png'
24:35.433  render           | Saved: '/Users/mohammedkalouti/Documents/Codex/2026-09-27/i/work/art/aircraft-strike-final-production-v1/stage/assets/build/frames/unit.SA.strike/shadow/rearm_empty/d04_f00.png'
24:35.987  render           | Saved: '/Users/mohammedkalouti/Documents/Codex/2026-09-27/i/work/art/aircraft-strike-final-production-v1/stage/assets/build/frames/unit.SA.strike/beauty/rearm_empty/d04_f01.png'
24:36.459  render           | Saved: '/Users/mohammedkalouti/Documents/Codex/2026-09-27/i/work/art/aircraft-strike-final-production-v1/stage/assets/build/frames/unit.SA.strike/team/rearm_empty/d04_f01.png'
24:37.354  render           | Saved: '/Users/mohammedkalouti/Documents/Codex/2026-09-27/i/work/art/aircraft-strike-final-production-v1/stage/assets/build/frames/unit.SA.strike/shadow/rearm_empty/d04_f01.png'
24:37.935  render           | Saved: '/Users/mohammedkalouti/Documents/Codex/2026-09-27/i/work/art/aircraft-strike-final-production-v1/stage/assets/build/frames/unit.SA.strike/beauty/rearm_empty/d04_f02.png'
24:38.407  render           | Saved: '/Users/mohammedkalouti/Documents/Codex/2026-09-27/i/work/art/aircraft-strike-final-production-v1/stage/assets/build/frames/unit.SA.strike/team/rearm_empty/d04_f02.png'
24:39.297  render           | Saved: '/Users/mohammedkalouti/Documents/Codex/2026-09-27/i/work/art/aircraft-strike-final-production-v1/stage/assets/build/frames/unit.SA.strike/shadow/rearm_empty/d04_f02.png'
24:39.843  render           | Saved: '/Users/mohammedkalouti/Documents/Codex/2026-09-27/i/work/art/aircraft-strike-final-production-v1/stage/assets/build/frames/unit.SA.strike/beauty/rearm_empty/d04_f03.png'
24:40.301  render           | Saved: '/Users/mohammedkalouti/Documents/Codex/2026-09-27/i/work/art/aircraft-strike-final-production-v1/stage/assets/build/frames/unit.SA.strike/team/rearm_empty/d04_f03.png'
24:41.200  render           | Saved: '/Users/mohammedkalouti/Documents/Codex/2026-09-27/i/work/art/aircraft-strike-final-production-v1/stage/assets/build/frames/unit.SA.strike/shadow/rearm_empty/d04_f03.png'
24:41.764  render           | Saved: '/Users/mohammedkalouti/Documents/Codex/2026-09-27/i/work/art/aircraft-strike-final-production-v1/stage/assets/build/frames/unit.SA.strike/beauty/rearm_empty/d04_f04.png'
24:42.227  render           | Saved: '/Users/mohammedkalouti/Documents/Codex/2026-09-27/i/work/art/aircraft-strike-final-production-v1/stage/assets/build/frames/unit.SA.strike/team/rearm_empty/d04_f04.png'
24:43.109  render           | Saved: '/Users/mohammedkalouti/Documents/Codex/2026-09-27/i/work/art/aircraft-strike-final-production-v1/stage/assets/build/frames/unit.SA.strike/shadow/rearm_empty/d04_f04.png'
24:43.659  render           | Saved: '/Users/mohammedkalouti/Documents/Codex/2026-09-27/i/work/art/aircraft-strike-final-production-v1/stage/assets/build/frames/unit.SA.strike/beauty/rearm_empty/d04_f05.png'
24:44.127  render           | Saved: '/Users/mohammedkalouti/Documents/Codex/2026-09-27/i/work/art/aircraft-strike-final-production-v1/stage/assets/build/frames/unit.SA.strike/team/rearm_empty/d04_f05.png'
24:45.002  render           | Saved: '/Users/mohammedkalouti/Documents/Codex/2026-09-27/i/work/art/aircraft-strike-final-production-v1/stage/assets/build/frames/unit.SA.strike/shadow/rearm_empty/d04_f05.png'
24:45.583  render           | Saved: '/Users/mohammedkalouti/Documents/Codex/2026-09-27/i/work/art/aircraft-strike-final-production-v1/stage/assets/build/frames/unit.SA.strike/beauty/rearm_empty/d05_f00.png'
24:46.054  render           | Saved: '/Users/mohammedkalouti/Documents/Codex/2026-09-27/i/work/art/aircraft-strike-final-production-v1/stage/assets/build/frames/unit.SA.strike/team/rearm_empty/d05_f00.png'
24:46.955  render           | Saved: '/Users/mohammedkalouti/Documents/Codex/2026-09-27/i/work/art/aircraft-strike-final-production-v1/stage/assets/build/frames/unit.SA.strike/shadow/rearm_empty/d05_f00.png'
24:47.521  render           | Saved: '/Users/mohammedkalouti/Documents/Codex/2026-09-27/i/work/art/aircraft-strike-final-production-v1/stage/assets/build/frames/unit.SA.strike/beauty/rearm_empty/d05_f01.png'
24:48.003  render           | Saved: '/Users/mohammedkalouti/Documents/Codex/2026-09-27/i/work/art/aircraft-strike-final-production-v1/stage/assets/build/frames/unit.SA.strike/team/rearm_empty/d05_f01.png'
24:48.893  render           | Saved: '/Users/mohammedkalouti/Documents/Codex/2026-09-27/i/work/art/aircraft-strike-final-production-v1/stage/assets/build/frames/unit.SA.strike/shadow/rearm_empty/d05_f01.png'
24:49.472  render           | Saved: '/Users/mohammedkalouti/Documents/Codex/2026-09-27/i/work/art/aircraft-strike-final-production-v1/stage/assets/build/frames/unit.SA.strike/beauty/rearm_empty/d05_f02.png'
24:49.952  render           | Saved: '/Users/mohammedkalouti/Documents/Codex/2026-09-27/i/work/art/aircraft-strike-final-production-v1/stage/assets/build/frames/unit.SA.strike/team/rearm_empty/d05_f02.png'
24:50.839  render           | Saved: '/Users/mohammedkalouti/Documents/Codex/2026-09-27/i/work/art/aircraft-strike-final-production-v1/stage/assets/build/frames/unit.SA.strike/shadow/rearm_empty/d05_f02.png'
24:51.392  render           | Saved: '/Users/mohammedkalouti/Documents/Codex/2026-09-27/i/work/art/aircraft-strike-final-production-v1/stage/assets/build/frames/unit.SA.strike/beauty/rearm_empty/d05_f03.png'
24:51.858  render           | Saved: '/Users/mohammedkalouti/Documents/Codex/2026-09-27/i/work/art/aircraft-strike-final-production-v1/stage/assets/build/frames/unit.SA.strike/team/rearm_empty/d05_f03.png'
24:52.740  render           | Saved: '/Users/mohammedkalouti/Documents/Codex/2026-09-27/i/work/art/aircraft-strike-final-production-v1/stage/assets/build/frames/unit.SA.strike/shadow/rearm_empty/d05_f03.png'
24:53.316  render           | Saved: '/Users/mohammedkalouti/Documents/Codex/2026-09-27/i/work/art/aircraft-strike-final-production-v1/stage/assets/build/frames/unit.SA.strike/beauty/rearm_empty/d05_f04.png'
24:53.792  render           | Saved: '/Users/mohammedkalouti/Documents/Codex/2026-09-27/i/work/art/aircraft-strike-final-production-v1/stage/assets/build/frames/unit.SA.strike/team/rearm_empty/d05_f04.png'
24:54.709  render           | Saved: '/Users/mohammedkalouti/Documents/Codex/2026-09-27/i/work/art/aircraft-strike-final-production-v1/stage/assets/build/frames/unit.SA.strike/shadow/rearm_empty/d05_f04.png'
24:55.297  render           | Saved: '/Users/mohammedkalouti/Documents/Codex/2026-09-27/i/work/art/aircraft-strike-final-production-v1/stage/assets/build/frames/unit.SA.strike/beauty/rearm_empty/d05_f05.png'
24:55.782  render           | Saved: '/Users/mohammedkalouti/Documents/Codex/2026-09-27/i/work/art/aircraft-strike-final-production-v1/stage/assets/build/frames/unit.SA.strike/team/rearm_empty/d05_f05.png'
24:56.651  render           | Saved: '/Users/mohammedkalouti/Documents/Codex/2026-09-27/i/work/art/aircraft-strike-final-production-v1/stage/assets/build/frames/unit.SA.strike/shadow/rearm_empty/d05_f05.png'
24:57.233  render           | Saved: '/Users/mohammedkalouti/Documents/Codex/2026-09-27/i/work/art/aircraft-strike-final-production-v1/stage/assets/build/frames/unit.SA.strike/beauty/rearm_empty/d06_f00.png'
24:57.705  render           | Saved: '/Users/mohammedkalouti/Documents/Codex/2026-09-27/i/work/art/aircraft-strike-final-production-v1/stage/assets/build/frames/unit.SA.strike/team/rearm_empty/d06_f00.png'
24:58.604  render           | Saved: '/Users/mohammedkalouti/Documents/Codex/2026-09-27/i/work/art/aircraft-strike-final-production-v1/stage/assets/build/frames/unit.SA.strike/shadow/rearm_empty/d06_f00.png'
24:59.168  render           | Saved: '/Users/mohammedkalouti/Documents/Codex/2026-09-27/i/work/art/aircraft-strike-final-production-v1/stage/assets/build/frames/unit.SA.strike/beauty/rearm_empty/d06_f01.png'
24:59.658  render           | Saved: '/Users/mohammedkalouti/Documents/Codex/2026-09-27/i/work/art/aircraft-strike-final-production-v1/stage/assets/build/frames/unit.SA.strike/team/rearm_empty/d06_f01.png'
25:00.561  render           | Saved: '/Users/mohammedkalouti/Documents/Codex/2026-09-27/i/work/art/aircraft-strike-final-production-v1/stage/assets/build/frames/unit.SA.strike/shadow/rearm_empty/d06_f01.png'
25:01.143  render           | Saved: '/Users/mohammedkalouti/Documents/Codex/2026-09-27/i/work/art/aircraft-strike-final-production-v1/stage/assets/build/frames/unit.SA.strike/beauty/rearm_empty/d06_f02.png'
25:01.612  render           | Saved: '/Users/mohammedkalouti/Documents/Codex/2026-09-27/i/work/art/aircraft-strike-final-production-v1/stage/assets/build/frames/unit.SA.strike/team/rearm_empty/d06_f02.png'
25:02.527  render           | Saved: '/Users/mohammedkalouti/Documents/Codex/2026-09-27/i/work/art/aircraft-strike-final-production-v1/stage/assets/build/frames/unit.SA.strike/shadow/rearm_empty/d06_f02.png'
25:03.176  render           | Saved: '/Users/mohammedkalouti/Documents/Codex/2026-09-27/i/work/art/aircraft-strike-final-production-v1/stage/assets/build/frames/unit.SA.strike/beauty/rearm_empty/d06_f03.png'
25:03.698  render           | Saved: '/Users/mohammedkalouti/Documents/Codex/2026-09-27/i/work/art/aircraft-strike-final-production-v1/stage/assets/build/frames/unit.SA.strike/team/rearm_empty/d06_f03.png'
25:04.596  render           | Saved: '/Users/mohammedkalouti/Documents/Codex/2026-09-27/i/work/art/aircraft-strike-final-production-v1/stage/assets/build/frames/unit.SA.strike/shadow/rearm_empty/d06_f03.png'
25:05.164  render           | Saved: '/Users/mohammedkalouti/Documents/Codex/2026-09-27/i/work/art/aircraft-strike-final-production-v1/stage/assets/build/frames/unit.SA.strike/beauty/rearm_empty/d06_f04.png'
25:05.632  render           | Saved: '/Users/mohammedkalouti/Documents/Codex/2026-09-27/i/work/art/aircraft-strike-final-production-v1/stage/assets/build/frames/unit.SA.strike/team/rearm_empty/d06_f04.png'
25:06.532  render           | Saved: '/Users/mohammedkalouti/Documents/Codex/2026-09-27/i/work/art/aircraft-strike-final-production-v1/stage/assets/build/frames/unit.SA.strike/shadow/rearm_empty/d06_f04.png'
25:07.099  render           | Saved: '/Users/mohammedkalouti/Documents/Codex/2026-09-27/i/work/art/aircraft-strike-final-production-v1/stage/assets/build/frames/unit.SA.strike/beauty/rearm_empty/d06_f05.png'
25:07.594  render           | Saved: '/Users/mohammedkalouti/Documents/Codex/2026-09-27/i/work/art/aircraft-strike-final-production-v1/stage/assets/build/frames/unit.SA.strike/team/rearm_empty/d06_f05.png'
25:08.474  render           | Saved: '/Users/mohammedkalouti/Documents/Codex/2026-09-27/i/work/art/aircraft-strike-final-production-v1/stage/assets/build/frames/unit.SA.strike/shadow/rearm_empty/d06_f05.png'
25:09.044  render           | Saved: '/Users/mohammedkalouti/Documents/Codex/2026-09-27/i/work/art/aircraft-strike-final-production-v1/stage/assets/build/frames/unit.SA.strike/beauty/rearm_empty/d07_f01.png'
25:09.516  render           | Saved: '/Users/mohammedkalouti/Documents/Codex/2026-09-27/i/work/art/aircraft-strike-final-production-v1/stage/assets/build/frames/unit.SA.strike/team/rearm_empty/d07_f01.png'
25:10.406  render           | Saved: '/Users/mohammedkalouti/Documents/Codex/2026-09-27/i/work/art/aircraft-strike-final-production-v1/stage/assets/build/frames/unit.SA.strike/shadow/rearm_empty/d07_f01.png'
25:10.965  render           | Saved: '/Users/mohammedkalouti/Documents/Codex/2026-09-27/i/work/art/aircraft-strike-final-production-v1/stage/assets/build/frames/unit.SA.strike/beauty/rearm_empty/d07_f02.png'
25:11.448  render           | Saved: '/Users/mohammedkalouti/Documents/Codex/2026-09-27/i/work/art/aircraft-strike-final-production-v1/stage/assets/build/frames/unit.SA.strike/team/rearm_empty/d07_f02.png'
25:12.449  render           | Saved: '/Users/mohammedkalouti/Documents/Codex/2026-09-27/i/work/art/aircraft-strike-final-production-v1/stage/assets/build/frames/unit.SA.strike/shadow/rearm_empty/d07_f02.png'
25:13.158  render           | Saved: '/Users/mohammedkalouti/Documents/Codex/2026-09-27/i/work/art/aircraft-strike-final-production-v1/stage/assets/build/frames/unit.SA.strike/beauty/rearm_empty/d07_f04.png'
25:13.663  render           | Saved: '/Users/mohammedkalouti/Documents/Codex/2026-09-27/i/work/art/aircraft-strike-final-production-v1/stage/assets/build/frames/unit.SA.strike/team/rearm_empty/d07_f04.png'
25:14.658  render           | Saved: '/Users/mohammedkalouti/Documents/Codex/2026-09-27/i/work/art/aircraft-strike-final-production-v1/stage/assets/build/frames/unit.SA.strike/shadow/rearm_empty/d07_f04.png'
25:15.237  render           | Saved: '/Users/mohammedkalouti/Documents/Codex/2026-09-27/i/work/art/aircraft-strike-final-production-v1/stage/assets/build/frames/unit.SA.strike/beauty/rearm_empty/d07_f05.png'
25:15.732  render           | Saved: '/Users/mohammedkalouti/Documents/Codex/2026-09-27/i/work/art/aircraft-strike-final-production-v1/stage/assets/build/frames/unit.SA.strike/team/rearm_empty/d07_f05.png'
25:16.704  render           | Saved: '/Users/mohammedkalouti/Documents/Codex/2026-09-27/i/work/art/aircraft-strike-final-production-v1/stage/assets/build/frames/unit.SA.strike/shadow/rearm_empty/d07_f05.png'
25:17.307  render           | Saved: '/Users/mohammedkalouti/Documents/Codex/2026-09-27/i/work/art/aircraft-strike-final-production-v1/stage/assets/build/frames/unit.SA.strike/beauty/rearm_empty/d08_f00.png'
25:17.845  render           | Saved: '/Users/mohammedkalouti/Documents/Codex/2026-09-27/i/work/art/aircraft-strike-final-production-v1/stage/assets/build/frames/unit.SA.strike/team/rearm_empty/d08_f00.png'
25:18.822  render           | Saved: '/Users/mohammedkalouti/Documents/Codex/2026-09-27/i/work/art/aircraft-strike-final-production-v1/stage/assets/build/frames/unit.SA.strike/shadow/rearm_empty/d08_f00.png'
25:19.422  render           | Saved: '/Users/mohammedkalouti/Documents/Codex/2026-09-27/i/work/art/aircraft-strike-final-production-v1/stage/assets/build/frames/unit.SA.strike/beauty/rearm_empty/d08_f01.png'
25:19.907  render           | Saved: '/Users/mohammedkalouti/Documents/Codex/2026-09-27/i/work/art/aircraft-strike-final-production-v1/stage/assets/build/frames/unit.SA.strike/team/rearm_empty/d08_f01.png'
25:20.815  render           | Saved: '/Users/mohammedkalouti/Documents/Codex/2026-09-27/i/work/art/aircraft-strike-final-production-v1/stage/assets/build/frames/unit.SA.strike/shadow/rearm_empty/d08_f01.png'
25:21.416  render           | Saved: '/Users/mohammedkalouti/Documents/Codex/2026-09-27/i/work/art/aircraft-strike-final-production-v1/stage/assets/build/frames/unit.SA.strike/beauty/rearm_empty/d08_f02.png'
25:21.929  render           | Saved: '/Users/mohammedkalouti/Documents/Codex/2026-09-27/i/work/art/aircraft-strike-final-production-v1/stage/assets/build/frames/unit.SA.strike/team/rearm_empty/d08_f02.png'
25:22.871  render           | Saved: '/Users/mohammedkalouti/Documents/Codex/2026-09-27/i/work/art/aircraft-strike-final-production-v1/stage/assets/build/frames/unit.SA.strike/shadow/rearm_empty/d08_f02.png'
25:23.458  render           | Saved: '/Users/mohammedkalouti/Documents/Codex/2026-09-27/i/work/art/aircraft-strike-final-production-v1/stage/assets/build/frames/unit.SA.strike/beauty/rearm_empty/d08_f03.png'
25:23.984  render           | Saved: '/Users/mohammedkalouti/Documents/Codex/2026-09-27/i/work/art/aircraft-strike-final-production-v1/stage/assets/build/frames/unit.SA.strike/team/rearm_empty/d08_f03.png'
25:24.877  render           | Saved: '/Users/mohammedkalouti/Documents/Codex/2026-09-27/i/work/art/aircraft-strike-final-production-v1/stage/assets/build/frames/unit.SA.strike/shadow/rearm_empty/d08_f03.png'
25:25.514  render           | Saved: '/Users/mohammedkalouti/Documents/Codex/2026-09-27/i/work/art/aircraft-strike-final-production-v1/stage/assets/build/frames/unit.SA.strike/beauty/rearm_empty/d08_f04.png'
25:26.028  render           | Saved: '/Users/mohammedkalouti/Documents/Codex/2026-09-27/i/work/art/aircraft-strike-final-production-v1/stage/assets/build/frames/unit.SA.strike/team/rearm_empty/d08_f04.png'
25:26.936  render           | Saved: '/Users/mohammedkalouti/Documents/Codex/2026-09-27/i/work/art/aircraft-strike-final-production-v1/stage/assets/build/frames/unit.SA.strike/shadow/rearm_empty/d08_f04.png'
25:27.509  render           | Saved: '/Users/mohammedkalouti/Documents/Codex/2026-09-27/i/work/art/aircraft-strike-final-production-v1/stage/assets/build/frames/unit.SA.strike/beauty/rearm_empty/d08_f05.png'
25:28.013  render           | Saved: '/Users/mohammedkalouti/Documents/Codex/2026-09-27/i/work/art/aircraft-strike-final-production-v1/stage/assets/build/frames/unit.SA.strike/team/rearm_empty/d08_f05.png'
25:28.944  render           | Saved: '/Users/mohammedkalouti/Documents/Codex/2026-09-27/i/work/art/aircraft-strike-final-production-v1/stage/assets/build/frames/unit.SA.strike/shadow/rearm_empty/d08_f05.png'
25:29.522  render           | Saved: '/Users/mohammedkalouti/Documents/Codex/2026-09-27/i/work/art/aircraft-strike-final-production-v1/stage/assets/build/frames/unit.SA.strike/beauty/rearm_empty/d09_f00.png'
25:29.997  render           | Saved: '/Users/mohammedkalouti/Documents/Codex/2026-09-27/i/work/art/aircraft-strike-final-production-v1/stage/assets/build/frames/unit.SA.strike/team/rearm_empty/d09_f00.png'
25:30.898  render           | Saved: '/Users/mohammedkalouti/Documents/Codex/2026-09-27/i/work/art/aircraft-strike-final-production-v1/stage/assets/build/frames/unit.SA.strike/shadow/rearm_empty/d09_f00.png'
25:31.498  render           | Saved: '/Users/mohammedkalouti/Documents/Codex/2026-09-27/i/work/art/aircraft-strike-final-production-v1/stage/assets/build/frames/unit.SA.strike/beauty/rearm_empty/d09_f01.png'
25:31.998  render           | Saved: '/Users/mohammedkalouti/Documents/Codex/2026-09-27/i/work/art/aircraft-strike-final-production-v1/stage/assets/build/frames/unit.SA.strike/team/rearm_empty/d09_f01.png'
25:32.907  render           | Saved: '/Users/mohammedkalouti/Documents/Codex/2026-09-27/i/work/art/aircraft-strike-final-production-v1/stage/assets/build/frames/unit.SA.strike/shadow/rearm_empty/d09_f01.png'
25:33.461  render           | Saved: '/Users/mohammedkalouti/Documents/Codex/2026-09-27/i/work/art/aircraft-strike-final-production-v1/stage/assets/build/frames/unit.SA.strike/beauty/rearm_empty/d09_f02.png'
25:33.927  render           | Saved: '/Users/mohammedkalouti/Documents/Codex/2026-09-27/i/work/art/aircraft-strike-final-production-v1/stage/assets/build/frames/unit.SA.strike/team/rearm_empty/d09_f02.png'
25:34.828  render           | Saved: '/Users/mohammedkalouti/Documents/Codex/2026-09-27/i/work/art/aircraft-strike-final-production-v1/stage/assets/build/frames/unit.SA.strike/shadow/rearm_empty/d09_f02.png'
25:35.399  render           | Saved: '/Users/mohammedkalouti/Documents/Codex/2026-09-27/i/work/art/aircraft-strike-final-production-v1/stage/assets/build/frames/unit.SA.strike/beauty/rearm_empty/d09_f03.png'
25:35.882  render           | Saved: '/Users/mohammedkalouti/Documents/Codex/2026-09-27/i/work/art/aircraft-strike-final-production-v1/stage/assets/build/frames/unit.SA.strike/team/rearm_empty/d09_f03.png'
25:36.813  render           | Saved: '/Users/mohammedkalouti/Documents/Codex/2026-09-27/i/work/art/aircraft-strike-final-production-v1/stage/assets/build/frames/unit.SA.strike/shadow/rearm_empty/d09_f03.png'
25:37.382  render           | Saved: '/Users/mohammedkalouti/Documents/Codex/2026-09-27/i/work/art/aircraft-strike-final-production-v1/stage/assets/build/frames/unit.SA.strike/beauty/rearm_empty/d09_f04.png'
25:37.852  render           | Saved: '/Users/mohammedkalouti/Documents/Codex/2026-09-27/i/work/art/aircraft-strike-final-production-v1/stage/assets/build/frames/unit.SA.strike/team/rearm_empty/d09_f04.png'
25:38.766  render           | Saved: '/Users/mohammedkalouti/Documents/Codex/2026-09-27/i/work/art/aircraft-strike-final-production-v1/stage/assets/build/frames/unit.SA.strike/shadow/rearm_empty/d09_f04.png'
25:39.334  render           | Saved: '/Users/mohammedkalouti/Documents/Codex/2026-09-27/i/work/art/aircraft-strike-final-production-v1/stage/assets/build/frames/unit.SA.strike/beauty/rearm_empty/d09_f05.png'
25:39.812  render           | Saved: '/Users/mohammedkalouti/Documents/Codex/2026-09-27/i/work/art/aircraft-strike-final-production-v1/stage/assets/build/frames/unit.SA.strike/team/rearm_empty/d09_f05.png'
25:40.778  render           | Saved: '/Users/mohammedkalouti/Documents/Codex/2026-09-27/i/work/art/aircraft-strike-final-production-v1/stage/assets/build/frames/unit.SA.strike/shadow/rearm_empty/d09_f05.png'
25:41.334  render           | Saved: '/Users/mohammedkalouti/Documents/Codex/2026-09-27/i/work/art/aircraft-strike-final-production-v1/stage/assets/build/frames/unit.SA.strike/beauty/rearm_empty/d10_f00.png'
25:41.814  render           | Saved: '/Users/mohammedkalouti/Documents/Codex/2026-09-27/i/work/art/aircraft-strike-final-production-v1/stage/assets/build/frames/unit.SA.strike/team/rearm_empty/d10_f00.png'
25:42.720  render           | Saved: '/Users/mohammedkalouti/Documents/Codex/2026-09-27/i/work/art/aircraft-strike-final-production-v1/stage/assets/build/frames/unit.SA.strike/shadow/rearm_empty/d10_f00.png'
25:43.306  render           | Saved: '/Users/mohammedkalouti/Documents/Codex/2026-09-27/i/work/art/aircraft-strike-final-production-v1/stage/assets/build/frames/unit.SA.strike/beauty/rearm_empty/d10_f01.png'
25:43.786  render           | Saved: '/Users/mohammedkalouti/Documents/Codex/2026-09-27/i/work/art/aircraft-strike-final-production-v1/stage/assets/build/frames/unit.SA.strike/team/rearm_empty/d10_f01.png'
25:44.692  render           | Saved: '/Users/mohammedkalouti/Documents/Codex/2026-09-27/i/work/art/aircraft-strike-final-production-v1/stage/assets/build/frames/unit.SA.strike/shadow/rearm_empty/d10_f01.png'
25:45.296  render           | Saved: '/Users/mohammedkalouti/Documents/Codex/2026-09-27/i/work/art/aircraft-strike-final-production-v1/stage/assets/build/frames/unit.SA.strike/beauty/rearm_empty/d10_f02.png'
25:45.783  render           | Saved: '/Users/mohammedkalouti/Documents/Codex/2026-09-27/i/work/art/aircraft-strike-final-production-v1/stage/assets/build/frames/unit.SA.strike/team/rearm_empty/d10_f02.png'
25:46.687  render           | Saved: '/Users/mohammedkalouti/Documents/Codex/2026-09-27/i/work/art/aircraft-strike-final-production-v1/stage/assets/build/frames/unit.SA.strike/shadow/rearm_empty/d10_f02.png'
25:47.230  render           | Saved: '/Users/mohammedkalouti/Documents/Codex/2026-09-27/i/work/art/aircraft-strike-final-production-v1/stage/assets/build/frames/unit.SA.strike/beauty/rearm_empty/d10_f03.png'
25:47.682  render           | Saved: '/Users/mohammedkalouti/Documents/Codex/2026-09-27/i/work/art/aircraft-strike-final-production-v1/stage/assets/build/frames/unit.SA.strike/team/rearm_empty/d10_f03.png'
25:48.590  render           | Saved: '/Users/mohammedkalouti/Documents/Codex/2026-09-27/i/work/art/aircraft-strike-final-production-v1/stage/assets/build/frames/unit.SA.strike/shadow/rearm_empty/d10_f03.png'
25:49.135  render           | Saved: '/Users/mohammedkalouti/Documents/Codex/2026-09-27/i/work/art/aircraft-strike-final-production-v1/stage/assets/build/frames/unit.SA.strike/beauty/rearm_empty/d10_f04.png'
25:49.624  render           | Saved: '/Users/mohammedkalouti/Documents/Codex/2026-09-27/i/work/art/aircraft-strike-final-production-v1/stage/assets/build/frames/unit.SA.strike/team/rearm_empty/d10_f04.png'
25:50.509  render           | Saved: '/Users/mohammedkalouti/Documents/Codex/2026-09-27/i/work/art/aircraft-strike-final-production-v1/stage/assets/build/frames/unit.SA.strike/shadow/rearm_empty/d10_f04.png'
25:51.119  render           | Saved: '/Users/mohammedkalouti/Documents/Codex/2026-09-27/i/work/art/aircraft-strike-final-production-v1/stage/assets/build/frames/unit.SA.strike/beauty/rearm_empty/d10_f05.png'
25:51.600  render           | Saved: '/Users/mohammedkalouti/Documents/Codex/2026-09-27/i/work/art/aircraft-strike-final-production-v1/stage/assets/build/frames/unit.SA.strike/team/rearm_empty/d10_f05.png'
25:52.515  render           | Saved: '/Users/mohammedkalouti/Documents/Codex/2026-09-27/i/work/art/aircraft-strike-final-production-v1/stage/assets/build/frames/unit.SA.strike/shadow/rearm_empty/d10_f05.png'
25:53.090  render           | Saved: '/Users/mohammedkalouti/Documents/Codex/2026-09-27/i/work/art/aircraft-strike-final-production-v1/stage/assets/build/frames/unit.SA.strike/beauty/rearm_empty/d11_f01.png'
25:53.584  render           | Saved: '/Users/mohammedkalouti/Documents/Codex/2026-09-27/i/work/art/aircraft-strike-final-production-v1/stage/assets/build/frames/unit.SA.strike/team/rearm_empty/d11_f01.png'
25:54.484  render           | Saved: '/Users/mohammedkalouti/Documents/Codex/2026-09-27/i/work/art/aircraft-strike-final-production-v1/stage/assets/build/frames/unit.SA.strike/shadow/rearm_empty/d11_f01.png'
25:55.051  render           | Saved: '/Users/mohammedkalouti/Documents/Codex/2026-09-27/i/work/art/aircraft-strike-final-production-v1/stage/assets/build/frames/unit.SA.strike/beauty/rearm_empty/d11_f02.png'
25:55.533  render           | Saved: '/Users/mohammedkalouti/Documents/Codex/2026-09-27/i/work/art/aircraft-strike-final-production-v1/stage/assets/build/frames/unit.SA.strike/team/rearm_empty/d11_f02.png'
25:56.457  render           | Saved: '/Users/mohammedkalouti/Documents/Codex/2026-09-27/i/work/art/aircraft-strike-final-production-v1/stage/assets/build/frames/unit.SA.strike/shadow/rearm_empty/d11_f02.png'
25:57.011  render           | Saved: '/Users/mohammedkalouti/Documents/Codex/2026-09-27/i/work/art/aircraft-strike-final-production-v1/stage/assets/build/frames/unit.SA.strike/beauty/rearm_empty/d11_f04.png'
25:57.496  render           | Saved: '/Users/mohammedkalouti/Documents/Codex/2026-09-27/i/work/art/aircraft-strike-final-production-v1/stage/assets/build/frames/unit.SA.strike/team/rearm_empty/d11_f04.png'
25:58.396  render           | Saved: '/Users/mohammedkalouti/Documents/Codex/2026-09-27/i/work/art/aircraft-strike-final-production-v1/stage/assets/build/frames/unit.SA.strike/shadow/rearm_empty/d11_f04.png'
25:58.983  render           | Saved: '/Users/mohammedkalouti/Documents/Codex/2026-09-27/i/work/art/aircraft-strike-final-production-v1/stage/assets/build/frames/unit.SA.strike/beauty/rearm_empty/d11_f05.png'
25:59.472  render           | Saved: '/Users/mohammedkalouti/Documents/Codex/2026-09-27/i/work/art/aircraft-strike-final-production-v1/stage/assets/build/frames/unit.SA.strike/team/rearm_empty/d11_f05.png'
26:00.407  render           | Saved: '/Users/mohammedkalouti/Documents/Codex/2026-09-27/i/work/art/aircraft-strike-final-production-v1/stage/assets/build/frames/unit.SA.strike/shadow/rearm_empty/d11_f05.png'
26:00.989  render           | Saved: '/Users/mohammedkalouti/Documents/Codex/2026-09-27/i/work/art/aircraft-strike-final-production-v1/stage/assets/build/frames/unit.SA.strike/beauty/rearm_empty/d12_f00.png'
26:01.464  render           | Saved: '/Users/mohammedkalouti/Documents/Codex/2026-09-27/i/work/art/aircraft-strike-final-production-v1/stage/assets/build/frames/unit.SA.strike/team/rearm_empty/d12_f00.png'
26:02.367  render           | Saved: '/Users/mohammedkalouti/Documents/Codex/2026-09-27/i/work/art/aircraft-strike-final-production-v1/stage/assets/build/frames/unit.SA.strike/shadow/rearm_empty/d12_f00.png'
26:02.949  render           | Saved: '/Users/mohammedkalouti/Documents/Codex/2026-09-27/i/work/art/aircraft-strike-final-production-v1/stage/assets/build/frames/unit.SA.strike/beauty/rearm_empty/d12_f01.png'
26:03.429  render           | Saved: '/Users/mohammedkalouti/Documents/Codex/2026-09-27/i/work/art/aircraft-strike-final-production-v1/stage/assets/build/frames/unit.SA.strike/team/rearm_empty/d12_f01.png'
26:04.319  render           | Saved: '/Users/mohammedkalouti/Documents/Codex/2026-09-27/i/work/art/aircraft-strike-final-production-v1/stage/assets/build/frames/unit.SA.strike/shadow/rearm_empty/d12_f01.png'
26:04.888  render           | Saved: '/Users/mohammedkalouti/Documents/Codex/2026-09-27/i/work/art/aircraft-strike-final-production-v1/stage/assets/build/frames/unit.SA.strike/beauty/rearm_empty/d12_f02.png'
26:05.359  render           | Saved: '/Users/mohammedkalouti/Documents/Codex/2026-09-27/i/work/art/aircraft-strike-final-production-v1/stage/assets/build/frames/unit.SA.strike/team/rearm_empty/d12_f02.png'
26:06.288  render           | Saved: '/Users/mohammedkalouti/Documents/Codex/2026-09-27/i/work/art/aircraft-strike-final-production-v1/stage/assets/build/frames/unit.SA.strike/shadow/rearm_empty/d12_f02.png'
26:06.857  render           | Saved: '/Users/mohammedkalouti/Documents/Codex/2026-09-27/i/work/art/aircraft-strike-final-production-v1/stage/assets/build/frames/unit.SA.strike/beauty/rearm_empty/d12_f03.png'
26:07.353  render           | Saved: '/Users/mohammedkalouti/Documents/Codex/2026-09-27/i/work/art/aircraft-strike-final-production-v1/stage/assets/build/frames/unit.SA.strike/team/rearm_empty/d12_f03.png'
26:08.268  render           | Saved: '/Users/mohammedkalouti/Documents/Codex/2026-09-27/i/work/art/aircraft-strike-final-production-v1/stage/assets/build/frames/unit.SA.strike/shadow/rearm_empty/d12_f03.png'
26:08.844  render           | Saved: '/Users/mohammedkalouti/Documents/Codex/2026-09-27/i/work/art/aircraft-strike-final-production-v1/stage/assets/build/frames/unit.SA.strike/beauty/rearm_empty/d12_f04.png'
26:09.321  render           | Saved: '/Users/mohammedkalouti/Documents/Codex/2026-09-27/i/work/art/aircraft-strike-final-production-v1/stage/assets/build/frames/unit.SA.strike/team/rearm_empty/d12_f04.png'
26:10.208  render           | Saved: '/Users/mohammedkalouti/Documents/Codex/2026-09-27/i/work/art/aircraft-strike-final-production-v1/stage/assets/build/frames/unit.SA.strike/shadow/rearm_empty/d12_f04.png'
26:10.799  render           | Saved: '/Users/mohammedkalouti/Documents/Codex/2026-09-27/i/work/art/aircraft-strike-final-production-v1/stage/assets/build/frames/unit.SA.strike/beauty/rearm_empty/d12_f05.png'
26:11.264  render           | Saved: '/Users/mohammedkalouti/Documents/Codex/2026-09-27/i/work/art/aircraft-strike-final-production-v1/stage/assets/build/frames/unit.SA.strike/team/rearm_empty/d12_f05.png'
26:12.149  render           | Saved: '/Users/mohammedkalouti/Documents/Codex/2026-09-27/i/work/art/aircraft-strike-final-production-v1/stage/assets/build/frames/unit.SA.strike/shadow/rearm_empty/d12_f05.png'
26:12.719  render           | Saved: '/Users/mohammedkalouti/Documents/Codex/2026-09-27/i/work/art/aircraft-strike-final-production-v1/stage/assets/build/frames/unit.SA.strike/beauty/rearm_empty/d13_f00.png'
26:13.229  render           | Saved: '/Users/mohammedkalouti/Documents/Codex/2026-09-27/i/work/art/aircraft-strike-final-production-v1/stage/assets/build/frames/unit.SA.strike/team/rearm_empty/d13_f00.png'
26:14.127  render           | Saved: '/Users/mohammedkalouti/Documents/Codex/2026-09-27/i/work/art/aircraft-strike-final-production-v1/stage/assets/build/frames/unit.SA.strike/shadow/rearm_empty/d13_f00.png'
26:14.697  render           | Saved: '/Users/mohammedkalouti/Documents/Codex/2026-09-27/i/work/art/aircraft-strike-final-production-v1/stage/assets/build/frames/unit.SA.strike/beauty/rearm_empty/d13_f01.png'
26:15.162  render           | Saved: '/Users/mohammedkalouti/Documents/Codex/2026-09-27/i/work/art/aircraft-strike-final-production-v1/stage/assets/build/frames/unit.SA.strike/team/rearm_empty/d13_f01.png'
26:16.043  render           | Saved: '/Users/mohammedkalouti/Documents/Codex/2026-09-27/i/work/art/aircraft-strike-final-production-v1/stage/assets/build/frames/unit.SA.strike/shadow/rearm_empty/d13_f01.png'
26:16.598  render           | Saved: '/Users/mohammedkalouti/Documents/Codex/2026-09-27/i/work/art/aircraft-strike-final-production-v1/stage/assets/build/frames/unit.SA.strike/beauty/rearm_empty/d13_f02.png'
26:17.063  render           | Saved: '/Users/mohammedkalouti/Documents/Codex/2026-09-27/i/work/art/aircraft-strike-final-production-v1/stage/assets/build/frames/unit.SA.strike/team/rearm_empty/d13_f02.png'
26:17.959  render           | Saved: '/Users/mohammedkalouti/Documents/Codex/2026-09-27/i/work/art/aircraft-strike-final-production-v1/stage/assets/build/frames/unit.SA.strike/shadow/rearm_empty/d13_f02.png'
26:18.585  render           | Saved: '/Users/mohammedkalouti/Documents/Codex/2026-09-27/i/work/art/aircraft-strike-final-production-v1/stage/assets/build/frames/unit.SA.strike/beauty/rearm_empty/d13_f03.png'
26:19.073  render           | Saved: '/Users/mohammedkalouti/Documents/Codex/2026-09-27/i/work/art/aircraft-strike-final-production-v1/stage/assets/build/frames/unit.SA.strike/team/rearm_empty/d13_f03.png'
26:19.987  render           | Saved: '/Users/mohammedkalouti/Documents/Codex/2026-09-27/i/work/art/aircraft-strike-final-production-v1/stage/assets/build/frames/unit.SA.strike/shadow/rearm_empty/d13_f03.png'
26:20.555  render           | Saved: '/Users/mohammedkalouti/Documents/Codex/2026-09-27/i/work/art/aircraft-strike-final-production-v1/stage/assets/build/frames/unit.SA.strike/beauty/rearm_empty/d13_f04.png'
26:21.030  render           | Saved: '/Users/mohammedkalouti/Documents/Codex/2026-09-27/i/work/art/aircraft-strike-final-production-v1/stage/assets/build/frames/unit.SA.strike/team/rearm_empty/d13_f04.png'
26:21.939  render           | Saved: '/Users/mohammedkalouti/Documents/Codex/2026-09-27/i/work/art/aircraft-strike-final-production-v1/stage/assets/build/frames/unit.SA.strike/shadow/rearm_empty/d13_f04.png'
26:22.516  render           | Saved: '/Users/mohammedkalouti/Documents/Codex/2026-09-27/i/work/art/aircraft-strike-final-production-v1/stage/assets/build/frames/unit.SA.strike/beauty/rearm_empty/d13_f05.png'
26:23.015  render           | Saved: '/Users/mohammedkalouti/Documents/Codex/2026-09-27/i/work/art/aircraft-strike-final-production-v1/stage/assets/build/frames/unit.SA.strike/team/rearm_empty/d13_f05.png'
26:23.922  render           | Saved: '/Users/mohammedkalouti/Documents/Codex/2026-09-27/i/work/art/aircraft-strike-final-production-v1/stage/assets/build/frames/unit.SA.strike/shadow/rearm_empty/d13_f05.png'
26:24.484  render           | Saved: '/Users/mohammedkalouti/Documents/Codex/2026-09-27/i/work/art/aircraft-strike-final-production-v1/stage/assets/build/frames/unit.SA.strike/beauty/rearm_empty/d14_f00.png'
26:24.970  render           | Saved: '/Users/mohammedkalouti/Documents/Codex/2026-09-27/i/work/art/aircraft-strike-final-production-v1/stage/assets/build/frames/unit.SA.strike/team/rearm_empty/d14_f00.png'
26:25.885  render           | Saved: '/Users/mohammedkalouti/Documents/Codex/2026-09-27/i/work/art/aircraft-strike-final-production-v1/stage/assets/build/frames/unit.SA.strike/shadow/rearm_empty/d14_f00.png'
26:26.461  render           | Saved: '/Users/mohammedkalouti/Documents/Codex/2026-09-27/i/work/art/aircraft-strike-final-production-v1/stage/assets/build/frames/unit.SA.strike/beauty/rearm_empty/d14_f01.png'
26:26.951  render           | Saved: '/Users/mohammedkalouti/Documents/Codex/2026-09-27/i/work/art/aircraft-strike-final-production-v1/stage/assets/build/frames/unit.SA.strike/team/rearm_empty/d14_f01.png'
26:27.863  render           | Saved: '/Users/mohammedkalouti/Documents/Codex/2026-09-27/i/work/art/aircraft-strike-final-production-v1/stage/assets/build/frames/unit.SA.strike/shadow/rearm_empty/d14_f01.png'
26:28.437  render           | Saved: '/Users/mohammedkalouti/Documents/Codex/2026-09-27/i/work/art/aircraft-strike-final-production-v1/stage/assets/build/frames/unit.SA.strike/beauty/rearm_empty/d14_f02.png'
26:28.927  render           | Saved: '/Users/mohammedkalouti/Documents/Codex/2026-09-27/i/work/art/aircraft-strike-final-production-v1/stage/assets/build/frames/unit.SA.strike/team/rearm_empty/d14_f02.png'
26:29.811  render           | Saved: '/Users/mohammedkalouti/Documents/Codex/2026-09-27/i/work/art/aircraft-strike-final-production-v1/stage/assets/build/frames/unit.SA.strike/shadow/rearm_empty/d14_f02.png'
26:30.400  render           | Saved: '/Users/mohammedkalouti/Documents/Codex/2026-09-27/i/work/art/aircraft-strike-final-production-v1/stage/assets/build/frames/unit.SA.strike/beauty/rearm_empty/d14_f03.png'
26:30.881  render           | Saved: '/Users/mohammedkalouti/Documents/Codex/2026-09-27/i/work/art/aircraft-strike-final-production-v1/stage/assets/build/frames/unit.SA.strike/team/rearm_empty/d14_f03.png'
26:31.774  render           | Saved: '/Users/mohammedkalouti/Documents/Codex/2026-09-27/i/work/art/aircraft-strike-final-production-v1/stage/assets/build/frames/unit.SA.strike/shadow/rearm_empty/d14_f03.png'
26:32.380  render           | Saved: '/Users/mohammedkalouti/Documents/Codex/2026-09-27/i/work/art/aircraft-strike-final-production-v1/stage/assets/build/frames/unit.SA.strike/beauty/rearm_empty/d14_f04.png'
26:32.876  render           | Saved: '/Users/mohammedkalouti/Documents/Codex/2026-09-27/i/work/art/aircraft-strike-final-production-v1/stage/assets/build/frames/unit.SA.strike/team/rearm_empty/d14_f04.png'
26:33.760  render           | Saved: '/Users/mohammedkalouti/Documents/Codex/2026-09-27/i/work/art/aircraft-strike-final-production-v1/stage/assets/build/frames/unit.SA.strike/shadow/rearm_empty/d14_f04.png'
26:34.341  render           | Saved: '/Users/mohammedkalouti/Documents/Codex/2026-09-27/i/work/art/aircraft-strike-final-production-v1/stage/assets/build/frames/unit.SA.strike/beauty/rearm_empty/d14_f05.png'
26:34.807  render           | Saved: '/Users/mohammedkalouti/Documents/Codex/2026-09-27/i/work/art/aircraft-strike-final-production-v1/stage/assets/build/frames/unit.SA.strike/team/rearm_empty/d14_f05.png'
26:35.706  render           | Saved: '/Users/mohammedkalouti/Documents/Codex/2026-09-27/i/work/art/aircraft-strike-final-production-v1/stage/assets/build/frames/unit.SA.strike/shadow/rearm_empty/d14_f05.png'
26:36.270  render           | Saved: '/Users/mohammedkalouti/Documents/Codex/2026-09-27/i/work/art/aircraft-strike-final-production-v1/stage/assets/build/frames/unit.SA.strike/beauty/rearm_empty/d15_f01.png'
26:36.756  render           | Saved: '/Users/mohammedkalouti/Documents/Codex/2026-09-27/i/work/art/aircraft-strike-final-production-v1/stage/assets/build/frames/unit.SA.strike/team/rearm_empty/d15_f01.png'
26:37.642  render           | Saved: '/Users/mohammedkalouti/Documents/Codex/2026-09-27/i/work/art/aircraft-strike-final-production-v1/stage/assets/build/frames/unit.SA.strike/shadow/rearm_empty/d15_f01.png'
26:38.235  render           | Saved: '/Users/mohammedkalouti/Documents/Codex/2026-09-27/i/work/art/aircraft-strike-final-production-v1/stage/assets/build/frames/unit.SA.strike/beauty/rearm_empty/d15_f02.png'
26:38.714  render           | Saved: '/Users/mohammedkalouti/Documents/Codex/2026-09-27/i/work/art/aircraft-strike-final-production-v1/stage/assets/build/frames/unit.SA.strike/team/rearm_empty/d15_f02.png'
26:39.598  render           | Saved: '/Users/mohammedkalouti/Documents/Codex/2026-09-27/i/work/art/aircraft-strike-final-production-v1/stage/assets/build/frames/unit.SA.strike/shadow/rearm_empty/d15_f02.png'
26:40.179  render           | Saved: '/Users/mohammedkalouti/Documents/Codex/2026-09-27/i/work/art/aircraft-strike-final-production-v1/stage/assets/build/frames/unit.SA.strike/beauty/rearm_empty/d15_f04.png'
26:40.658  render           | Saved: '/Users/mohammedkalouti/Documents/Codex/2026-09-27/i/work/art/aircraft-strike-final-production-v1/stage/assets/build/frames/unit.SA.strike/team/rearm_empty/d15_f04.png'
26:41.532  render           | Saved: '/Users/mohammedkalouti/Documents/Codex/2026-09-27/i/work/art/aircraft-strike-final-production-v1/stage/assets/build/frames/unit.SA.strike/shadow/rearm_empty/d15_f04.png'
26:42.130  render           | Saved: '/Users/mohammedkalouti/Documents/Codex/2026-09-27/i/work/art/aircraft-strike-final-production-v1/stage/assets/build/frames/unit.SA.strike/beauty/rearm_empty/d15_f05.png'
26:42.603  render           | Saved: '/Users/mohammedkalouti/Documents/Codex/2026-09-27/i/work/art/aircraft-strike-final-production-v1/stage/assets/build/frames/unit.SA.strike/team/rearm_empty/d15_f05.png'
26:43.512  render           | Saved: '/Users/mohammedkalouti/Documents/Codex/2026-09-27/i/work/art/aircraft-strike-final-production-v1/stage/assets/build/frames/unit.SA.strike/shadow/rearm_empty/d15_f05.png'
Info: Saved as "unit.SA.strike.blend"
FC_REUSED_POSES unit.SA.strike poses=48
FC_RENDER_DONE unit.SA.strike poses=896 seconds=1603.2
Blender 5.2.2 LTS (hash d13f752e3b9c built 2026-09-15 01:49:19)

Blender quit
