✔ simultaneous art initialization and sheet requests share one verified generation (16.873584ms)
✔ a changed host cannot supply new sprite metadata beneath a retained art index (1.8785ms)
✔ failed index replacement keeps prior art; valid idle replacement moves metadata and identity together (1.020792ms)
✔ content reload canceled at its idle boundary cannot publish a new generation (0.728ms)
✔ dispose aborts pending initialization and prevents late generation publication (0.310041ms)
✔ generation adapter keeps bytes exact and excludes private, cross-origin and non-GET requests (0.827833ms)
✔ index capture preserves exact whitespace and rejects oversized/incompatible data (0.602042ms)
Sprite failed to load test.A.68 _RuntimeError: The bounded asset request queue is full.
    at fail2 (file:///Users/mohammedkalouti/Documents/Codex/2026-09-27/i/work/art-generation-consumer-v1/source/client/.test-runtime/art-generation-consumer.test.mjs:253:9)
    at acquire (file:///Users/mohammedkalouti/Documents/Codex/2026-09-27/i/work/art-generation-consumer-v1/source/client/.test-runtime/art-generation-consumer.test.mjs:409:31)
    at read (file:///Users/mohammedkalouti/Documents/Codex/2026-09-27/i/work/art-generation-consumer-v1/source/client/.test-runtime/art-generation-consumer.test.mjs:441:11)
    at Object.json (file:///Users/mohammedkalouti/Documents/Codex/2026-09-27/i/work/art-generation-consumer-v1/source/client/.test-runtime/art-generation-consumer.test.mjs:492:89)
    at ArtLibrary.loadSheet (file:///Users/mohammedkalouti/Documents/Codex/2026-09-27/i/work/art-generation-consumer-v1/source/client/.test-runtime/art-generation-consumer.test.mjs:943:85)
    at async Promise.all (index 68)
    at async TestContext.<anonymous> (file:///Users/mohammedkalouti/Documents/Codex/2026-09-27/i/work/art-generation-consumer-v1/source/client/.test-runtime/art-generation-consumer.test.mjs:1277:18)
    at async Test.run (node:internal/test_runner/test:1389:7)
    at async Test.processPendingSubtests (node:internal/test_runner/test:960:7) {
  code: 'asset_busy',
  recoverable: true,
  details: undefined
}
Sprite failed to load test.A.69 _RuntimeError: The bounded asset request queue is full.
    at fail2 (file:///Users/mohammedkalouti/Documents/Codex/2026-09-27/i/work/art-generation-consumer-v1/source/client/.test-runtime/art-generation-consumer.test.mjs:253:9)
    at acquire (file:///Users/mohammedkalouti/Documents/Codex/2026-09-27/i/work/art-generation-consumer-v1/source/client/.test-runtime/art-generation-consumer.test.mjs:409:31)
    at read (file:///Users/mohammedkalouti/Documents/Codex/2026-09-27/i/work/art-generation-consumer-v1/source/client/.test-runtime/art-generation-consumer.test.mjs:441:11)
    at Object.json (file:///Users/mohammedkalouti/Documents/Codex/2026-09-27/i/work/art-generation-consumer-v1/source/client/.test-runtime/art-generation-consumer.test.mjs:492:89)
    at ArtLibrary.loadSheet (file:///Users/mohammedkalouti/Documents/Codex/2026-09-27/i/work/art-generation-consumer-v1/source/client/.test-runtime/art-generation-consumer.test.mjs:943:85)
    at async Promise.all (index 69)
    at async TestContext.<anonymous> (file:///Users/mohammedkalouti/Documents/Codex/2026-09-27/i/work/art-generation-consumer-v1/source/client/.test-runtime/art-generation-consumer.test.mjs:1277:18)
    at async Test.run (node:internal/test_runner/test:1389:7)
    at async Test.processPendingSubtests (node:internal/test_runner/test:960:7) {
  code: 'asset_busy',
  recoverable: true,
  details: undefined
}
Sprite failed to load test.A.70 _RuntimeError: The bounded asset request queue is full.
    at fail2 (file:///Users/mohammedkalouti/Documents/Codex/2026-09-27/i/work/art-generation-consumer-v1/source/client/.test-runtime/art-generation-consumer.test.mjs:253:9)
    at acquire (file:///Users/mohammedkalouti/Documents/Codex/2026-09-27/i/work/art-generation-consumer-v1/source/client/.test-runtime/art-generation-consumer.test.mjs:409:31)
    at read (file:///Users/mohammedkalouti/Documents/Codex/2026-09-27/i/work/art-generation-consumer-v1/source/client/.test-runtime/art-generation-consumer.test.mjs:441:11)
    at Object.json (file:///Users/mohammedkalouti/Documents/Codex/2026-09-27/i/work/art-generation-consumer-v1/source/client/.test-runtime/art-generation-consumer.test.mjs:492:89)
    at ArtLibrary.loadSheet (file:///Users/mohammedkalouti/Documents/Codex/2026-09-27/i/work/art-generation-consumer-v1/source/client/.test-runtime/art-generation-consumer.test.mjs:943:85)
    at async Promise.all (index 70)
    at async TestContext.<anonymous> (file:///Users/mohammedkalouti/Documents/Codex/2026-09-27/i/work/art-generation-consumer-v1/source/client/.test-runtime/art-generation-consumer.test.mjs:1277:18)
    at async Test.run (node:internal/test_runner/test:1389:7)
    at async Test.processPendingSubtests (node:internal/test_runner/test:960:7) {
  code: 'asset_busy',
  recoverable: true,
  details: undefined
}
Sprite failed to load test.A.71 _RuntimeError: The bounded asset request queue is full.
    at fail2 (file:///Users/mohammedkalouti/Documents/Codex/2026-09-27/i/work/art-generation-consumer-v1/source/client/.test-runtime/art-generation-consumer.test.mjs:253:9)
    at acquire (file:///Users/mohammedkalouti/Documents/Codex/2026-09-27/i/work/art-generation-consumer-v1/source/client/.test-runtime/art-generation-consumer.test.mjs:409:31)
    at read (file:///Users/mohammedkalouti/Documents/Codex/2026-09-27/i/work/art-generation-consumer-v1/source/client/.test-runtime/art-generation-consumer.test.mjs:441:11)
    at Object.json (file:///Users/mohammedkalouti/Documents/Codex/2026-09-27/i/work/art-generation-consumer-v1/source/client/.test-runtime/art-generation-consumer.test.mjs:492:89)
    at ArtLibrary.loadSheet (file:///Users/mohammedkalouti/Documents/Codex/2026-09-27/i/work/art-generation-consumer-v1/source/client/.test-runtime/art-generation-consumer.test.mjs:943:85)
    at async Promise.all (index 71)
    at async TestContext.<anonymous> (file:///Users/mohammedkalouti/Documents/Codex/2026-09-27/i/work/art-generation-consumer-v1/source/client/.test-runtime/art-generation-consumer.test.mjs:1277:18)
    at async Test.run (node:internal/test_runner/test:1389:7)
    at async Test.processPendingSubtests (node:internal/test_runner/test:960:7) {
  code: 'asset_busy',
  recoverable: true,
  details: undefined
}
Sprite failed to load test.A.72 _RuntimeError: The bounded asset request queue is full.
    at fail2 (file:///Users/mohammedkalouti/Documents/Codex/2026-09-27/i/work/art-generation-consumer-v1/source/client/.test-runtime/art-generation-consumer.test.mjs:253:9)
    at acquire (file:///Users/mohammedkalouti/Documents/Codex/2026-09-27/i/work/art-generation-consumer-v1/source/client/.test-runtime/art-generation-consumer.test.mjs:409:31)
    at read (file:///Users/mohammedkalouti/Documents/Codex/2026-09-27/i/work/art-generation-consumer-v1/source/client/.test-runtime/art-generation-consumer.test.mjs:441:11)
    at Object.json (file:///Users/mohammedkalouti/Documents/Codex/2026-09-27/i/work/art-generation-consumer-v1/source/client/.test-runtime/art-generation-consumer.test.mjs:492:89)
    at ArtLibrary.loadSheet (file:///Users/mohammedkalouti/Documents/Codex/2026-09-27/i/work/art-generation-consumer-v1/source/client/.test-runtime/art-generation-consumer.test.mjs:943:85)
    at async Promise.all (index 72)
    at async TestContext.<anonymous> (file:///Users/mohammedkalouti/Documents/Codex/2026-09-27/i/work/art-generation-consumer-v1/source/client/.test-runtime/art-generation-consumer.test.mjs:1277:18)
    at async Test.run (node:internal/test_runner/test:1389:7)
    at async Test.processPendingSubtests (node:internal/test_runner/test:960:7) {
  code: 'asset_busy',
  recoverable: true,
  details: undefined
}
Sprite failed to load test.A.73 _RuntimeError: The bounded asset request queue is full.
    at fail2 (file:///Users/mohammedkalouti/Documents/Codex/2026-09-27/i/work/art-generation-consumer-v1/source/client/.test-runtime/art-generation-consumer.test.mjs:253:9)
    at acquire (file:///Users/mohammedkalouti/Documents/Codex/2026-09-27/i/work/art-generation-consumer-v1/source/client/.test-runtime/art-generation-consumer.test.mjs:409:31)
    at read (file:///Users/mohammedkalouti/Documents/Codex/2026-09-27/i/work/art-generation-consumer-v1/source/client/.test-runtime/art-generation-consumer.test.mjs:441:11)
    at Object.json (file:///Users/mohammedkalouti/Documents/Codex/2026-09-27/i/work/art-generation-consumer-v1/source/client/.test-runtime/art-generation-consumer.test.mjs:492:89)
    at ArtLibrary.loadSheet (file:///Users/mohammedkalouti/Documents/Codex/2026-09-27/i/work/art-generation-consumer-v1/source/client/.test-runtime/art-generation-consumer.test.mjs:943:85)
    at async Promise.all (index 73)
    at async TestContext.<anonymous> (file:///Users/mohammedkalouti/Documents/Codex/2026-09-27/i/work/art-generation-consumer-v1/source/client/.test-runtime/art-generation-consumer.test.mjs:1277:18)
    at async Test.run (node:internal/test_runner/test:1389:7)
    at async Test.processPendingSubtests (node:internal/test_runner/test:960:7) {
  code: 'asset_busy',
  recoverable: true,
  details: undefined
}
Sprite failed to load test.A.74 _RuntimeError: The bounded asset request queue is full.
    at fail2 (file:///Users/mohammedkalouti/Documents/Codex/2026-09-27/i/work/art-generation-consumer-v1/source/client/.test-runtime/art-generation-consumer.test.mjs:253:9)
    at acquire (file:///Users/mohammedkalouti/Documents/Codex/2026-09-27/i/work/art-generation-consumer-v1/source/client/.test-runtime/art-generation-consumer.test.mjs:409:31)
    at read (file:///Users/mohammedkalouti/Documents/Codex/2026-09-27/i/work/art-generation-consumer-v1/source/client/.test-runtime/art-generation-consumer.test.mjs:441:11)
    at Object.json (file:///Users/mohammedkalouti/Documents/Codex/2026-09-27/i/work/art-generation-consumer-v1/source/client/.test-runtime/art-generation-consumer.test.mjs:492:89)
    at ArtLibrary.loadSheet (file:///Users/mohammedkalouti/Documents/Codex/2026-09-27/i/work/art-generation-consumer-v1/source/client/.test-runtime/art-generation-consumer.test.mjs:943:85)
    at async Promise.all (index 74)
    at async TestContext.<anonymous> (file:///Users/mohammedkalouti/Documents/Codex/2026-09-27/i/work/art-generation-consumer-v1/source/client/.test-runtime/art-generation-consumer.test.mjs:1277:18)
    at async Test.run (node:internal/test_runner/test:1389:7)
    at async Test.processPendingSubtests (node:internal/test_runner/test:960:7) {
  code: 'asset_busy',
  recoverable: true,
  details: undefined
}
Sprite failed to load test.A.75 _RuntimeError: The bounded asset request queue is full.
    at fail2 (file:///Users/mohammedkalouti/Documents/Codex/2026-09-27/i/work/art-generation-consumer-v1/source/client/.test-runtime/art-generation-consumer.test.mjs:253:9)
    at acquire (file:///Users/mohammedkalouti/Documents/Codex/2026-09-27/i/work/art-generation-consumer-v1/source/client/.test-runtime/art-generation-consumer.test.mjs:409:31)
    at read (file:///Users/mohammedkalouti/Documents/Codex/2026-09-27/i/work/art-generation-consumer-v1/source/client/.test-runtime/art-generation-consumer.test.mjs:441:11)
    at Object.json (file:///Users/mohammedkalouti/Documents/Codex/2026-09-27/i/work/art-generation-consumer-v1/source/client/.test-runtime/art-generation-consumer.test.mjs:492:89)
    at ArtLibrary.loadSheet (file:///Users/mohammedkalouti/Documents/Codex/2026-09-27/i/work/art-generation-consumer-v1/source/client/.test-runtime/art-generation-consumer.test.mjs:943:85)
    at async Promise.all (index 75)
    at async TestContext.<anonymous> (file:///Users/mohammedkalouti/Documents/Codex/2026-09-27/i/work/art-generation-consumer-v1/source/client/.test-runtime/art-generation-consumer.test.mjs:1277:18)
    at async Test.run (node:internal/test_runner/test:1389:7)
    at async Test.processPendingSubtests (node:internal/test_runner/test:960:7) {
  code: 'asset_busy',
  recoverable: true,
  details: undefined
}
Sprite failed to load test.A.76 _RuntimeError: The bounded asset request queue is full.
    at fail2 (file:///Users/mohammedkalouti/Documents/Codex/2026-09-27/i/work/art-generation-consumer-v1/source/client/.test-runtime/art-generation-consumer.test.mjs:253:9)
    at acquire (file:///Users/mohammedkalouti/Documents/Codex/2026-09-27/i/work/art-generation-consumer-v1/source/client/.test-runtime/art-generation-consumer.test.mjs:409:31)
    at read (file:///Users/mohammedkalouti/Documents/Codex/2026-09-27/i/work/art-generation-consumer-v1/source/client/.test-runtime/art-generation-consumer.test.mjs:441:11)
    at Object.json (file:///Users/mohammedkalouti/Documents/Codex/2026-09-27/i/work/art-generation-consumer-v1/source/client/.test-runtime/art-generation-consumer.test.mjs:492:89)
    at ArtLibrary.loadSheet (file:///Users/mohammedkalouti/Documents/Codex/2026-09-27/i/work/art-generation-consumer-v1/source/client/.test-runtime/art-generation-consumer.test.mjs:943:85)
    at async Promise.all (index 76)
    at async TestContext.<anonymous> (file:///Users/mohammedkalouti/Documents/Codex/2026-09-27/i/work/art-generation-consumer-v1/source/client/.test-runtime/art-generation-consumer.test.mjs:1277:18)
    at async Test.run (node:internal/test_runner/test:1389:7)
    at async Test.processPendingSubtests (node:internal/test_runner/test:960:7) {
  code: 'asset_busy',
  recoverable: true,
  details: undefined
}
Sprite failed to load test.A.77 _RuntimeError: The bounded asset request queue is full.
    at fail2 (file:///Users/mohammedkalouti/Documents/Codex/2026-09-27/i/work/art-generation-consumer-v1/source/client/.test-runtime/art-generation-consumer.test.mjs:253:9)
    at acquire (file:///Users/mohammedkalouti/Documents/Codex/2026-09-27/i/work/art-generation-consumer-v1/source/client/.test-runtime/art-generation-consumer.test.mjs:409:31)
    at read (file:///Users/mohammedkalouti/Documents/Codex/2026-09-27/i/work/art-generation-consumer-v1/source/client/.test-runtime/art-generation-consumer.test.mjs:441:11)
    at Object.json (file:///Users/mohammedkalouti/Documents/Codex/2026-09-27/i/work/art-generation-consumer-v1/source/client/.test-runtime/art-generation-consumer.test.mjs:492:89)
    at ArtLibrary.loadSheet (file:///Users/mohammedkalouti/Documents/Codex/2026-09-27/i/work/art-generation-consumer-v1/source/client/.test-runtime/art-generation-consumer.test.mjs:943:85)
    at async Promise.all (index 77)
    at async TestContext.<anonymous> (file:///Users/mohammedkalouti/Documents/Codex/2026-09-27/i/work/art-generation-consumer-v1/source/client/.test-runtime/art-generation-consumer.test.mjs:1277:18)
    at async Test.run (node:internal/test_runner/test:1389:7)
    at async Test.processPendingSubtests (node:internal/test_runner/test:960:7) {
  code: 'asset_busy',
  recoverable: true,
  details: undefined
}
Sprite failed to load test.A.78 _RuntimeError: The bounded asset request queue is full.
    at fail2 (file:///Users/mohammedkalouti/Documents/Codex/2026-09-27/i/work/art-generation-consumer-v1/source/client/.test-runtime/art-generation-consumer.test.mjs:253:9)
    at acquire (file:///Users/mohammedkalouti/Documents/Codex/2026-09-27/i/work/art-generation-consumer-v1/source/client/.test-runtime/art-generation-consumer.test.mjs:409:31)
    at read (file:///Users/mohammedkalouti/Documents/Codex/2026-09-27/i/work/art-generation-consumer-v1/source/client/.test-runtime/art-generation-consumer.test.mjs:441:11)
    at Object.json (file:///Users/mohammedkalouti/Documents/Codex/2026-09-27/i/work/art-generation-consumer-v1/source/client/.test-runtime/art-generation-consumer.test.mjs:492:89)
    at ArtLibrary.loadSheet (file:///Users/mohammedkalouti/Documents/Codex/2026-09-27/i/work/art-generation-consumer-v1/source/client/.test-runtime/art-generation-consumer.test.mjs:943:85)
    at async Promise.all (index 78)
    at async TestContext.<anonymous> (file:///Users/mohammedkalouti/Documents/Codex/2026-09-27/i/work/art-generation-consumer-v1/source/client/.test-runtime/art-generation-consumer.test.mjs:1277:18)
    at async Test.run (node:internal/test_runner/test:1389:7)
    at async Test.processPendingSubtests (node:internal/test_runner/test:960:7) {
  code: 'asset_busy',
  recoverable: true,
  details: undefined
}
Sprite failed to load test.A.79 _RuntimeError: The bounded asset request queue is full.
    at fail2 (file:///Users/mohammedkalouti/Documents/Codex/2026-09-27/i/work/art-generation-consumer-v1/source/client/.test-runtime/art-generation-consumer.test.mjs:253:9)
    at acquire (file:///Users/mohammedkalouti/Documents/Codex/2026-09-27/i/work/art-generation-consumer-v1/source/client/.test-runtime/art-generation-consumer.test.mjs:409:31)
    at read (file:///Users/mohammedkalouti/Documents/Codex/2026-09-27/i/work/art-generation-consumer-v1/source/client/.test-runtime/art-generation-consumer.test.mjs:441:11)
    at Object.json (file:///Users/mohammedkalouti/Documents/Codex/2026-09-27/i/work/art-generation-consumer-v1/source/client/.test-runtime/art-generation-consumer.test.mjs:492:89)
    at ArtLibrary.loadSheet (file:///Users/mohammedkalouti/Documents/Codex/2026-09-27/i/work/art-generation-consumer-v1/source/client/.test-runtime/art-generation-consumer.test.mjs:943:85)
    at async Promise.all (index 79)
    at async TestContext.<anonymous> (file:///Users/mohammedkalouti/Documents/Codex/2026-09-27/i/work/art-generation-consumer-v1/source/client/.test-runtime/art-generation-consumer.test.mjs:1277:18)
    at async Test.run (node:internal/test_runner/test:1389:7)
    at async Test.processPendingSubtests (node:internal/test_runner/test:960:7) {
  code: 'asset_busy',
  recoverable: true,
  details: undefined
}
Sprite failed to load test.A.80 _RuntimeError: The bounded asset request queue is full.
    at fail2 (file:///Users/mohammedkalouti/Documents/Codex/2026-09-27/i/work/art-generation-consumer-v1/source/client/.test-runtime/art-generation-consumer.test.mjs:253:9)
    at acquire (file:///Users/mohammedkalouti/Documents/Codex/2026-09-27/i/work/art-generation-consumer-v1/source/client/.test-runtime/art-generation-consumer.test.mjs:409:31)
    at read (file:///Users/mohammedkalouti/Documents/Codex/2026-09-27/i/work/art-generation-consumer-v1/source/client/.test-runtime/art-generation-consumer.test.mjs:441:11)
    at Object.json (file:///Users/mohammedkalouti/Documents/Codex/2026-09-27/i/work/art-generation-consumer-v1/source/client/.test-runtime/art-generation-consumer.test.mjs:492:89)
    at ArtLibrary.loadSheet (file:///Users/mohammedkalouti/Documents/Codex/2026-09-27/i/work/art-generation-consumer-v1/source/client/.test-runtime/art-generation-consumer.test.mjs:943:85)
    at async Promise.all (index 80)
    at async TestContext.<anonymous> (file:///Users/mohammedkalouti/Documents/Codex/2026-09-27/i/work/art-generation-consumer-v1/source/client/.test-runtime/art-generation-consumer.test.mjs:1277:18)
    at async Test.run (node:internal/test_runner/test:1389:7)
    at async Test.processPendingSubtests (node:internal/test_runner/test:960:7) {
  code: 'asset_busy',
  recoverable: true,
  details: undefined
}
Sprite failed to load test.A.81 _RuntimeError: The bounded asset request queue is full.
    at fail2 (file:///Users/mohammedkalouti/Documents/Codex/2026-09-27/i/work/art-generation-consumer-v1/source/client/.test-runtime/art-generation-consumer.test.mjs:253:9)
    at acquire (file:///Users/mohammedkalouti/Documents/Codex/2026-09-27/i/work/art-generation-consumer-v1/source/client/.test-runtime/art-generation-consumer.test.mjs:409:31)
    at read (file:///Users/mohammedkalouti/Documents/Codex/2026-09-27/i/work/art-generation-consumer-v1/source/client/.test-runtime/art-generation-consumer.test.mjs:441:11)
    at Object.json (file:///Users/mohammedkalouti/Documents/Codex/2026-09-27/i/work/art-generation-consumer-v1/source/client/.test-runtime/art-generation-consumer.test.mjs:492:89)
    at ArtLibrary.loadSheet (file:///Users/mohammedkalouti/Documents/Codex/2026-09-27/i/work/art-generation-consumer-v1/source/client/.test-runtime/art-generation-consumer.test.mjs:943:85)
    at async Promise.all (index 81)
    at async TestContext.<anonymous> (file:///Users/mohammedkalouti/Documents/Codex/2026-09-27/i/work/art-generation-consumer-v1/source/client/.test-runtime/art-generation-consumer.test.mjs:1277:18)
    at async Test.run (node:internal/test_runner/test:1389:7)
    at async Test.processPendingSubtests (node:internal/test_runner/test:960:7) {
  code: 'asset_busy',
  recoverable: true,
  details: undefined
}
Sprite failed to load test.A.82 _RuntimeError: The bounded asset request queue is full.
    at fail2 (file:///Users/mohammedkalouti/Documents/Codex/2026-09-27/i/work/art-generation-consumer-v1/source/client/.test-runtime/art-generation-consumer.test.mjs:253:9)
    at acquire (file:///Users/mohammedkalouti/Documents/Codex/2026-09-27/i/work/art-generation-consumer-v1/source/client/.test-runtime/art-generation-consumer.test.mjs:409:31)
    at read (file:///Users/mohammedkalouti/Documents/Codex/2026-09-27/i/work/art-generation-consumer-v1/source/client/.test-runtime/art-generation-consumer.test.mjs:441:11)
    at Object.json (file:///Users/mohammedkalouti/Documents/Codex/2026-09-27/i/work/art-generation-consumer-v1/source/client/.test-runtime/art-generation-consumer.test.mjs:492:89)
    at ArtLibrary.loadSheet (file:///Users/mohammedkalouti/Documents/Codex/2026-09-27/i/work/art-generation-consumer-v1/source/client/.test-runtime/art-generation-consumer.test.mjs:943:85)
    at async Promise.all (index 82)
    at async TestContext.<anonymous> (file:///Users/mohammedkalouti/Documents/Codex/2026-09-27/i/work/art-generation-consumer-v1/source/client/.test-runtime/art-generation-consumer.test.mjs:1277:18)
    at async Test.run (node:internal/test_runner/test:1389:7)
    at async Test.processPendingSubtests (node:internal/test_runner/test:960:7) {
  code: 'asset_busy',
  recoverable: true,
  details: undefined
}
Sprite failed to load test.A.83 _RuntimeError: The bounded asset request queue is full.
    at fail2 (file:///Users/mohammedkalouti/Documents/Codex/2026-09-27/i/work/art-generation-consumer-v1/source/client/.test-runtime/art-generation-consumer.test.mjs:253:9)
    at acquire (file:///Users/mohammedkalouti/Documents/Codex/2026-09-27/i/work/art-generation-consumer-v1/source/client/.test-runtime/art-generation-consumer.test.mjs:409:31)
    at read (file:///Users/mohammedkalouti/Documents/Codex/2026-09-27/i/work/art-generation-consumer-v1/source/client/.test-runtime/art-generation-consumer.test.mjs:441:11)
    at Object.json (file:///Users/mohammedkalouti/Documents/Codex/2026-09-27/i/work/art-generation-consumer-v1/source/client/.test-runtime/art-generation-consumer.test.mjs:492:89)
    at ArtLibrary.loadSheet (file:///Users/mohammedkalouti/Documents/Codex/2026-09-27/i/work/art-generation-consumer-v1/source/client/.test-runtime/art-generation-consumer.test.mjs:943:85)
    at async Promise.all (index 83)
    at async TestContext.<anonymous> (file:///Users/mohammedkalouti/Documents/Codex/2026-09-27/i/work/art-generation-consumer-v1/source/client/.test-runtime/art-generation-consumer.test.mjs:1277:18)
    at async Test.run (node:internal/test_runner/test:1389:7)
    at async Test.processPendingSubtests (node:internal/test_runner/test:960:7) {
  code: 'asset_busy',
  recoverable: true,
  details: undefined
}
Sprite failed to load test.A.84 _RuntimeError: The bounded asset request queue is full.
    at fail2 (file:///Users/mohammedkalouti/Documents/Codex/2026-09-27/i/work/art-generation-consumer-v1/source/client/.test-runtime/art-generation-consumer.test.mjs:253:9)
    at acquire (file:///Users/mohammedkalouti/Documents/Codex/2026-09-27/i/work/art-generation-consumer-v1/source/client/.test-runtime/art-generation-consumer.test.mjs:409:31)
    at read (file:///Users/mohammedkalouti/Documents/Codex/2026-09-27/i/work/art-generation-consumer-v1/source/client/.test-runtime/art-generation-consumer.test.mjs:441:11)
    at Object.json (file:///Users/mohammedkalouti/Documents/Codex/2026-09-27/i/work/art-generation-consumer-v1/source/client/.test-runtime/art-generation-consumer.test.mjs:492:89)
    at ArtLibrary.loadSheet (file:///Users/mohammedkalouti/Documents/Codex/2026-09-27/i/work/art-generation-consumer-v1/source/client/.test-runtime/art-generation-consumer.test.mjs:943:85)
    at async Promise.all (index 84)
    at async TestContext.<anonymous> (file:///Users/mohammedkalouti/Documents/Codex/2026-09-27/i/work/art-generation-consumer-v1/source/client/.test-runtime/art-generation-consumer.test.mjs:1277:18)
    at async Test.run (node:internal/test_runner/test:1389:7)
    at async Test.processPendingSubtests (node:internal/test_runner/test:960:7) {
  code: 'asset_busy',
  recoverable: true,
  details: undefined
}
Sprite failed to load test.A.85 _RuntimeError: The bounded asset request queue is full.
    at fail2 (file:///Users/mohammedkalouti/Documents/Codex/2026-09-27/i/work/art-generation-consumer-v1/source/client/.test-runtime/art-generation-consumer.test.mjs:253:9)
    at acquire (file:///Users/mohammedkalouti/Documents/Codex/2026-09-27/i/work/art-generation-consumer-v1/source/client/.test-runtime/art-generation-consumer.test.mjs:409:31)
    at read (file:///Users/mohammedkalouti/Documents/Codex/2026-09-27/i/work/art-generation-consumer-v1/source/client/.test-runtime/art-generation-consumer.test.mjs:441:11)
    at Object.json (file:///Users/mohammedkalouti/Documents/Codex/2026-09-27/i/work/art-generation-consumer-v1/source/client/.test-runtime/art-generation-consumer.test.mjs:492:89)
    at ArtLibrary.loadSheet (file:///Users/mohammedkalouti/Documents/Codex/2026-09-27/i/work/art-generation-consumer-v1/source/client/.test-runtime/art-generation-consumer.test.mjs:943:85)
    at async Promise.all (index 85)
    at async TestContext.<anonymous> (file:///Users/mohammedkalouti/Documents/Codex/2026-09-27/i/work/art-generation-consumer-v1/source/client/.test-runtime/art-generation-consumer.test.mjs:1277:18)
    at async Test.run (node:internal/test_runner/test:1389:7)
    at async Test.processPendingSubtests (node:internal/test_runner/test:960:7) {
  code: 'asset_busy',
  recoverable: true,
  details: undefined
}
Sprite failed to load test.A.86 _RuntimeError: The bounded asset request queue is full.
    at fail2 (file:///Users/mohammedkalouti/Documents/Codex/2026-09-27/i/work/art-generation-consumer-v1/source/client/.test-runtime/art-generation-consumer.test.mjs:253:9)
    at acquire (file:///Users/mohammedkalouti/Documents/Codex/2026-09-27/i/work/art-generation-consumer-v1/source/client/.test-runtime/art-generation-consumer.test.mjs:409:31)
    at read (file:///Users/mohammedkalouti/Documents/Codex/2026-09-27/i/work/art-generation-consumer-v1/source/client/.test-runtime/art-generation-consumer.test.mjs:441:11)
    at Object.json (file:///Users/mohammedkalouti/Documents/Codex/2026-09-27/i/work/art-generation-consumer-v1/source/client/.test-runtime/art-generation-consumer.test.mjs:492:89)
    at ArtLibrary.loadSheet (file:///Users/mohammedkalouti/Documents/Codex/2026-09-27/i/work/art-generation-consumer-v1/source/client/.test-runtime/art-generation-consumer.test.mjs:943:85)
    at async Promise.all (index 86)
    at async TestContext.<anonymous> (file:///Users/mohammedkalouti/Documents/Codex/2026-09-27/i/work/art-generation-consumer-v1/source/client/.test-runtime/art-generation-consumer.test.mjs:1277:18)
    at async Test.run (node:internal/test_runner/test:1389:7)
    at async Test.processPendingSubtests (node:internal/test_runner/test:960:7) {
  code: 'asset_busy',
  recoverable: true,
  details: undefined
}
Sprite failed to load test.A.87 _RuntimeError: The bounded asset request queue is full.
    at fail2 (file:///Users/mohammedkalouti/Documents/Codex/2026-09-27/i/work/art-generation-consumer-v1/source/client/.test-runtime/art-generation-consumer.test.mjs:253:9)
    at acquire (file:///Users/mohammedkalouti/Documents/Codex/2026-09-27/i/work/art-generation-consumer-v1/source/client/.test-runtime/art-generation-consumer.test.mjs:409:31)
    at read (file:///Users/mohammedkalouti/Documents/Codex/2026-09-27/i/work/art-generation-consumer-v1/source/client/.test-runtime/art-generation-consumer.test.mjs:441:11)
    at Object.json (file:///Users/mohammedkalouti/Documents/Codex/2026-09-27/i/work/art-generation-consumer-v1/source/client/.test-runtime/art-generation-consumer.test.mjs:492:89)
    at ArtLibrary.loadSheet (file:///Users/mohammedkalouti/Documents/Codex/2026-09-27/i/work/art-generation-consumer-v1/source/client/.test-runtime/art-generation-consumer.test.mjs:943:85)
    at async Promise.all (index 87)
    at async TestContext.<anonymous> (file:///Users/mohammedkalouti/Documents/Codex/2026-09-27/i/work/art-generation-consumer-v1/source/client/.test-runtime/art-generation-consumer.test.mjs:1277:18)
    at async Test.run (node:internal/test_runner/test:1389:7)
    at async Test.processPendingSubtests (node:internal/test_runner/test:960:7) {
  code: 'asset_busy',
  recoverable: true,
  details: undefined
}
Sprite failed to load test.A.88 _RuntimeError: The bounded asset request queue is full.
    at fail2 (file:///Users/mohammedkalouti/Documents/Codex/2026-09-27/i/work/art-generation-consumer-v1/source/client/.test-runtime/art-generation-consumer.test.mjs:253:9)
    at acquire (file:///Users/mohammedkalouti/Documents/Codex/2026-09-27/i/work/art-generation-consumer-v1/source/client/.test-runtime/art-generation-consumer.test.mjs:409:31)
    at read (file:///Users/mohammedkalouti/Documents/Codex/2026-09-27/i/work/art-generation-consumer-v1/source/client/.test-runtime/art-generation-consumer.test.mjs:441:11)
    at Object.json (file:///Users/mohammedkalouti/Documents/Codex/2026-09-27/i/work/art-generation-consumer-v1/source/client/.test-runtime/art-generation-consumer.test.mjs:492:89)
    at ArtLibrary.loadSheet (file:///Users/mohammedkalouti/Documents/Codex/2026-09-27/i/work/art-generation-consumer-v1/source/client/.test-runtime/art-generation-consumer.test.mjs:943:85)
    at async Promise.all (index 88)
    at async TestContext.<anonymous> (file:///Users/mohammedkalouti/Documents/Codex/2026-09-27/i/work/art-generation-consumer-v1/source/client/.test-runtime/art-generation-consumer.test.mjs:1277:18)
    at async Test.run (node:internal/test_runner/test:1389:7)
    at async Test.processPendingSubtests (node:internal/test_runner/test:960:7) {
  code: 'asset_busy',
  recoverable: true,
  details: undefined
}
Sprite failed to load test.A.89 _RuntimeError: The bounded asset request queue is full.
    at fail2 (file:///Users/mohammedkalouti/Documents/Codex/2026-09-27/i/work/art-generation-consumer-v1/source/client/.test-runtime/art-generation-consumer.test.mjs:253:9)
    at acquire (file:///Users/mohammedkalouti/Documents/Codex/2026-09-27/i/work/art-generation-consumer-v1/source/client/.test-runtime/art-generation-consumer.test.mjs:409:31)
    at read (file:///Users/mohammedkalouti/Documents/Codex/2026-09-27/i/work/art-generation-consumer-v1/source/client/.test-runtime/art-generation-consumer.test.mjs:441:11)
    at Object.json (file:///Users/mohammedkalouti/Documents/Codex/2026-09-27/i/work/art-generation-consumer-v1/source/client/.test-runtime/art-generation-consumer.test.mjs:492:89)
    at ArtLibrary.loadSheet (file:///Users/mohammedkalouti/Documents/Codex/2026-09-27/i/work/art-generation-consumer-v1/source/client/.test-runtime/art-generation-consumer.test.mjs:943:85)
    at async Promise.all (index 89)
    at async TestContext.<anonymous> (file:///Users/mohammedkalouti/Documents/Codex/2026-09-27/i/work/art-generation-consumer-v1/source/client/.test-runtime/art-generation-consumer.test.mjs:1277:18)
    at async Test.run (node:internal/test_runner/test:1389:7)
    at async Test.processPendingSubtests (node:internal/test_runner/test:960:7) {
  code: 'asset_busy',
  recoverable: true,
  details: undefined
}
Sprite failed to load test.A.90 _RuntimeError: The bounded asset request queue is full.
    at fail2 (file:///Users/mohammedkalouti/Documents/Codex/2026-09-27/i/work/art-generation-consumer-v1/source/client/.test-runtime/art-generation-consumer.test.mjs:253:9)
    at acquire (file:///Users/mohammedkalouti/Documents/Codex/2026-09-27/i/work/art-generation-consumer-v1/source/client/.test-runtime/art-generation-consumer.test.mjs:409:31)
    at read (file:///Users/mohammedkalouti/Documents/Codex/2026-09-27/i/work/art-generation-consumer-v1/source/client/.test-runtime/art-generation-consumer.test.mjs:441:11)
    at Object.json (file:///Users/mohammedkalouti/Documents/Codex/2026-09-27/i/work/art-generation-consumer-v1/source/client/.test-runtime/art-generation-consumer.test.mjs:492:89)
    at ArtLibrary.loadSheet (file:///Users/mohammedkalouti/Documents/Codex/2026-09-27/i/work/art-generation-consumer-v1/source/client/.test-runtime/art-generation-consumer.test.mjs:943:85)
    at async Promise.all (index 90)
    at async TestContext.<anonymous> (file:///Users/mohammedkalouti/Documents/Codex/2026-09-27/i/work/art-generation-consumer-v1/source/client/.test-runtime/art-generation-consumer.test.mjs:1277:18)
    at async Test.run (node:internal/test_runner/test:1389:7)
    at async Test.processPendingSubtests (node:internal/test_runner/test:960:7) {
  code: 'asset_busy',
  recoverable: true,
  details: undefined
}
Sprite failed to load test.A.91 _RuntimeError: The bounded asset request queue is full.
    at fail2 (file:///Users/mohammedkalouti/Documents/Codex/2026-09-27/i/work/art-generation-consumer-v1/source/client/.test-runtime/art-generation-consumer.test.mjs:253:9)
    at acquire (file:///Users/mohammedkalouti/Documents/Codex/2026-09-27/i/work/art-generation-consumer-v1/source/client/.test-runtime/art-generation-consumer.test.mjs:409:31)
    at read (file:///Users/mohammedkalouti/Documents/Codex/2026-09-27/i/work/art-generation-consumer-v1/source/client/.test-runtime/art-generation-consumer.test.mjs:441:11)
    at Object.json (file:///Users/mohammedkalouti/Documents/Codex/2026-09-27/i/work/art-generation-consumer-v1/source/client/.test-runtime/art-generation-consumer.test.mjs:492:89)
    at ArtLibrary.loadSheet (file:///Users/mohammedkalouti/Documents/Codex/2026-09-27/i/work/art-generation-consumer-v1/source/client/.test-runtime/art-generation-consumer.test.mjs:943:85)
    at async Promise.all (index 91)
    at async TestContext.<anonymous> (file:///Users/mohammedkalouti/Documents/Codex/2026-09-27/i/work/art-generation-consumer-v1/source/client/.test-runtime/art-generation-consumer.test.mjs:1277:18)
    at async Test.run (node:internal/test_runner/test:1389:7)
    at async Test.processPendingSubtests (node:internal/test_runner/test:960:7) {
  code: 'asset_busy',
  recoverable: true,
  details: undefined
}
Sprite failed to load test.A.92 _RuntimeError: The bounded asset request queue is full.
    at fail2 (file:///Users/mohammedkalouti/Documents/Codex/2026-09-27/i/work/art-generation-consumer-v1/source/client/.test-runtime/art-generation-consumer.test.mjs:253:9)
    at acquire (file:///Users/mohammedkalouti/Documents/Codex/2026-09-27/i/work/art-generation-consumer-v1/source/client/.test-runtime/art-generation-consumer.test.mjs:409:31)
    at read (file:///Users/mohammedkalouti/Documents/Codex/2026-09-27/i/work/art-generation-consumer-v1/source/client/.test-runtime/art-generation-consumer.test.mjs:441:11)
    at Object.json (file:///Users/mohammedkalouti/Documents/Codex/2026-09-27/i/work/art-generation-consumer-v1/source/client/.test-runtime/art-generation-consumer.test.mjs:492:89)
    at ArtLibrary.loadSheet (file:///Users/mohammedkalouti/Documents/Codex/2026-09-27/i/work/art-generation-consumer-v1/source/client/.test-runtime/art-generation-consumer.test.mjs:943:85)
    at async Promise.all (index 92)
    at async TestContext.<anonymous> (file:///Users/mohammedkalouti/Documents/Codex/2026-09-27/i/work/art-generation-consumer-v1/source/client/.test-runtime/art-generation-consumer.test.mjs:1277:18)
    at async Test.run (node:internal/test_runner/test:1389:7)
    at async Test.processPendingSubtests (node:internal/test_runner/test:960:7) {
  code: 'asset_busy',
  recoverable: true,
  details: undefined
}
Sprite failed to load test.A.93 _RuntimeError: The bounded asset request queue is full.
    at fail2 (file:///Users/mohammedkalouti/Documents/Codex/2026-09-27/i/work/art-generation-consumer-v1/source/client/.test-runtime/art-generation-consumer.test.mjs:253:9)
    at acquire (file:///Users/mohammedkalouti/Documents/Codex/2026-09-27/i/work/art-generation-consumer-v1/source/client/.test-runtime/art-generation-consumer.test.mjs:409:31)
    at read (file:///Users/mohammedkalouti/Documents/Codex/2026-09-27/i/work/art-generation-consumer-v1/source/client/.test-runtime/art-generation-consumer.test.mjs:441:11)
    at Object.json (file:///Users/mohammedkalouti/Documents/Codex/2026-09-27/i/work/art-generation-consumer-v1/source/client/.test-runtime/art-generation-consumer.test.mjs:492:89)
    at ArtLibrary.loadSheet (file:///Users/mohammedkalouti/Documents/Codex/2026-09-27/i/work/art-generation-consumer-v1/source/client/.test-runtime/art-generation-consumer.test.mjs:943:85)
    at async Promise.all (index 93)
    at async TestContext.<anonymous> (file:///Users/mohammedkalouti/Documents/Codex/2026-09-27/i/work/art-generation-consumer-v1/source/client/.test-runtime/art-generation-consumer.test.mjs:1277:18)
    at async Test.run (node:internal/test_runner/test:1389:7)
    at async Test.processPendingSubtests (node:internal/test_runner/test:960:7) {
  code: 'asset_busy',
  recoverable: true,
  details: undefined
}
Sprite failed to load test.A.94 _RuntimeError: The bounded asset request queue is full.
    at fail2 (file:///Users/mohammedkalouti/Documents/Codex/2026-09-27/i/work/art-generation-consumer-v1/source/client/.test-runtime/art-generation-consumer.test.mjs:253:9)
    at acquire (file:///Users/mohammedkalouti/Documents/Codex/2026-09-27/i/work/art-generation-consumer-v1/source/client/.test-runtime/art-generation-consumer.test.mjs:409:31)
    at read (file:///Users/mohammedkalouti/Documents/Codex/2026-09-27/i/work/art-generation-consumer-v1/source/client/.test-runtime/art-generation-consumer.test.mjs:441:11)
    at Object.json (file:///Users/mohammedkalouti/Documents/Codex/2026-09-27/i/work/art-generation-consumer-v1/source/client/.test-runtime/art-generation-consumer.test.mjs:492:89)
    at ArtLibrary.loadSheet (file:///Users/mohammedkalouti/Documents/Codex/2026-09-27/i/work/art-generation-consumer-v1/source/client/.test-runtime/art-generation-consumer.test.mjs:943:85)
    at async Promise.all (index 94)
    at async TestContext.<anonymous> (file:///Users/mohammedkalouti/Documents/Codex/2026-09-27/i/work/art-generation-consumer-v1/source/client/.test-runtime/art-generation-consumer.test.mjs:1277:18)
    at async Test.run (node:internal/test_runner/test:1389:7)
    at async Test.processPendingSubtests (node:internal/test_runner/test:960:7) {
  code: 'asset_busy',
  recoverable: true,
  details: undefined
}
Sprite failed to load test.A.95 _RuntimeError: The bounded asset request queue is full.
    at fail2 (file:///Users/mohammedkalouti/Documents/Codex/2026-09-27/i/work/art-generation-consumer-v1/source/client/.test-runtime/art-generation-consumer.test.mjs:253:9)
    at acquire (file:///Users/mohammedkalouti/Documents/Codex/2026-09-27/i/work/art-generation-consumer-v1/source/client/.test-runtime/art-generation-consumer.test.mjs:409:31)
    at read (file:///Users/mohammedkalouti/Documents/Codex/2026-09-27/i/work/art-generation-consumer-v1/source/client/.test-runtime/art-generation-consumer.test.mjs:441:11)
    at Object.json (file:///Users/mohammedkalouti/Documents/Codex/2026-09-27/i/work/art-generation-consumer-v1/source/client/.test-runtime/art-generation-consumer.test.mjs:492:89)
    at ArtLibrary.loadSheet (file:///Users/mohammedkalouti/Documents/Codex/2026-09-27/i/work/art-generation-consumer-v1/source/client/.test-runtime/art-generation-consumer.test.mjs:943:85)
    at async Promise.all (index 95)
    at async TestContext.<anonymous> (file:///Users/mohammedkalouti/Documents/Codex/2026-09-27/i/work/art-generation-consumer-v1/source/client/.test-runtime/art-generation-consumer.test.mjs:1277:18)
    at async Test.run (node:internal/test_runner/test:1389:7)
    at async Test.processPendingSubtests (node:internal/test_runner/test:960:7) {
  code: 'asset_busy',
  recoverable: true,
  details: undefined
}
Sprite failed to load test.A.96 _RuntimeError: The bounded asset request queue is full.
    at fail2 (file:///Users/mohammedkalouti/Documents/Codex/2026-09-27/i/work/art-generation-consumer-v1/source/client/.test-runtime/art-generation-consumer.test.mjs:253:9)
    at acquire (file:///Users/mohammedkalouti/Documents/Codex/2026-09-27/i/work/art-generation-consumer-v1/source/client/.test-runtime/art-generation-consumer.test.mjs:409:31)
    at read (file:///Users/mohammedkalouti/Documents/Codex/2026-09-27/i/work/art-generation-consumer-v1/source/client/.test-runtime/art-generation-consumer.test.mjs:441:11)
    at Object.json (file:///Users/mohammedkalouti/Documents/Codex/2026-09-27/i/work/art-generation-consumer-v1/source/client/.test-runtime/art-generation-consumer.test.mjs:492:89)
    at ArtLibrary.loadSheet (file:///Users/mohammedkalouti/Documents/Codex/2026-09-27/i/work/art-generation-consumer-v1/source/client/.test-runtime/art-generation-consumer.test.mjs:943:85)
    at async Promise.all (index 96)
    at async TestContext.<anonymous> (file:///Users/mohammedkalouti/Documents/Codex/2026-09-27/i/work/art-generation-consumer-v1/source/client/.test-runtime/art-generation-consumer.test.mjs:1277:18)
    at async Test.run (node:internal/test_runner/test:1389:7)
    at async Test.processPendingSubtests (node:internal/test_runner/test:960:7) {
  code: 'asset_busy',
  recoverable: true,
  details: undefined
}
Sprite failed to load test.A.97 _RuntimeError: The bounded asset request queue is full.
    at fail2 (file:///Users/mohammedkalouti/Documents/Codex/2026-09-27/i/work/art-generation-consumer-v1/source/client/.test-runtime/art-generation-consumer.test.mjs:253:9)
    at acquire (file:///Users/mohammedkalouti/Documents/Codex/2026-09-27/i/work/art-generation-consumer-v1/source/client/.test-runtime/art-generation-consumer.test.mjs:409:31)
    at read (file:///Users/mohammedkalouti/Documents/Codex/2026-09-27/i/work/art-generation-consumer-v1/source/client/.test-runtime/art-generation-consumer.test.mjs:441:11)
    at Object.json (file:///Users/mohammedkalouti/Documents/Codex/2026-09-27/i/work/art-generation-consumer-v1/source/client/.test-runtime/art-generation-consumer.test.mjs:492:89)
    at ArtLibrary.loadSheet (file:///Users/mohammedkalouti/Documents/Codex/2026-09-27/i/work/art-generation-consumer-v1/source/client/.test-runtime/art-generation-consumer.test.mjs:943:85)
    at async Promise.all (index 97)
    at async TestContext.<anonymous> (file:///Users/mohammedkalouti/Documents/Codex/2026-09-27/i/work/art-generation-consumer-v1/source/client/.test-runtime/art-generation-consumer.test.mjs:1277:18)
    at async Test.run (node:internal/test_runner/test:1389:7)
    at async Test.processPendingSubtests (node:internal/test_runner/test:960:7) {
  code: 'asset_busy',
  recoverable: true,
  details: undefined
}
Sprite failed to load test.A.98 _RuntimeError: The bounded asset request queue is full.
    at fail2 (file:///Users/mohammedkalouti/Documents/Codex/2026-09-27/i/work/art-generation-consumer-v1/source/client/.test-runtime/art-generation-consumer.test.mjs:253:9)
    at acquire (file:///Users/mohammedkalouti/Documents/Codex/2026-09-27/i/work/art-generation-consumer-v1/source/client/.test-runtime/art-generation-consumer.test.mjs:409:31)
    at read (file:///Users/mohammedkalouti/Documents/Codex/2026-09-27/i/work/art-generation-consumer-v1/source/client/.test-runtime/art-generation-consumer.test.mjs:441:11)
    at Object.json (file:///Users/mohammedkalouti/Documents/Codex/2026-09-27/i/work/art-generation-consumer-v1/source/client/.test-runtime/art-generation-consumer.test.mjs:492:89)
    at ArtLibrary.loadSheet (file:///Users/mohammedkalouti/Documents/Codex/2026-09-27/i/work/art-generation-consumer-v1/source/client/.test-runtime/art-generation-consumer.test.mjs:943:85)
    at async Promise.all (index 98)
    at async TestContext.<anonymous> (file:///Users/mohammedkalouti/Documents/Codex/2026-09-27/i/work/art-generation-consumer-v1/source/client/.test-runtime/art-generation-consumer.test.mjs:1277:18)
    at async Test.run (node:internal/test_runner/test:1389:7)
    at async Test.processPendingSubtests (node:internal/test_runner/test:960:7) {
  code: 'asset_busy',
  recoverable: true,
  details: undefined
}
Sprite failed to load test.A.99 _RuntimeError: The bounded asset request queue is full.
    at fail2 (file:///Users/mohammedkalouti/Documents/Codex/2026-09-27/i/work/art-generation-consumer-v1/source/client/.test-runtime/art-generation-consumer.test.mjs:253:9)
    at acquire (file:///Users/mohammedkalouti/Documents/Codex/2026-09-27/i/work/art-generation-consumer-v1/source/client/.test-runtime/art-generation-consumer.test.mjs:409:31)
    at read (file:///Users/mohammedkalouti/Documents/Codex/2026-09-27/i/work/art-generation-consumer-v1/source/client/.test-runtime/art-generation-consumer.test.mjs:441:11)
    at Object.json (file:///Users/mohammedkalouti/Documents/Codex/2026-09-27/i/work/art-generation-consumer-v1/source/client/.test-runtime/art-generation-consumer.test.mjs:492:89)
    at ArtLibrary.loadSheet (file:///Users/mohammedkalouti/Documents/Codex/2026-09-27/i/work/art-generation-consumer-v1/source/client/.test-runtime/art-generation-consumer.test.mjs:943:85)
    at async Promise.all (index 99)
    at async TestContext.<anonymous> (file:///Users/mohammedkalouti/Documents/Codex/2026-09-27/i/work/art-generation-consumer-v1/source/client/.test-runtime/art-generation-consumer.test.mjs:1277:18)
    at async Test.run (node:internal/test_runner/test:1389:7)
    at async Test.processPendingSubtests (node:internal/test_runner/test:960:7) {
  code: 'asset_busy',
  recoverable: true,
  details: undefined
}
Sprite failed to load test.A.100 _RuntimeError: The bounded asset request queue is full.
    at fail2 (file:///Users/mohammedkalouti/Documents/Codex/2026-09-27/i/work/art-generation-consumer-v1/source/client/.test-runtime/art-generation-consumer.test.mjs:253:9)
    at acquire (file:///Users/mohammedkalouti/Documents/Codex/2026-09-27/i/work/art-generation-consumer-v1/source/client/.test-runtime/art-generation-consumer.test.mjs:409:31)
    at read (file:///Users/mohammedkalouti/Documents/Codex/2026-09-27/i/work/art-generation-consumer-v1/source/client/.test-runtime/art-generation-consumer.test.mjs:441:11)
    at Object.json (file:///Users/mohammedkalouti/Documents/Codex/2026-09-27/i/work/art-generation-consumer-v1/source/client/.test-runtime/art-generation-consumer.test.mjs:492:89)
    at ArtLibrary.loadSheet (file:///Users/mohammedkalouti/Documents/Codex/2026-09-27/i/work/art-generation-consumer-v1/source/client/.test-runtime/art-generation-consumer.test.mjs:943:85)
    at async Promise.all (index 100)
    at async TestContext.<anonymous> (file:///Users/mohammedkalouti/Documents/Codex/2026-09-27/i/work/art-generation-consumer-v1/source/client/.test-runtime/art-generation-consumer.test.mjs:1277:18)
    at async Test.run (node:internal/test_runner/test:1389:7)
    at async Test.processPendingSubtests (node:internal/test_runner/test:960:7) {
  code: 'asset_busy',
  recoverable: true,
  details: undefined
}
Sprite failed to load test.A.101 _RuntimeError: The bounded asset request queue is full.
    at fail2 (file:///Users/mohammedkalouti/Documents/Codex/2026-09-27/i/work/art-generation-consumer-v1/source/client/.test-runtime/art-generation-consumer.test.mjs:253:9)
    at acquire (file:///Users/mohammedkalouti/Documents/Codex/2026-09-27/i/work/art-generation-consumer-v1/source/client/.test-runtime/art-generation-consumer.test.mjs:409:31)
    at read (file:///Users/mohammedkalouti/Documents/Codex/2026-09-27/i/work/art-generation-consumer-v1/source/client/.test-runtime/art-generation-consumer.test.mjs:441:11)
    at Object.json (file:///Users/mohammedkalouti/Documents/Codex/2026-09-27/i/work/art-generation-consumer-v1/source/client/.test-runtime/art-generation-consumer.test.mjs:492:89)
    at ArtLibrary.loadSheet (file:///Users/mohammedkalouti/Documents/Codex/2026-09-27/i/work/art-generation-consumer-v1/source/client/.test-runtime/art-generation-consumer.test.mjs:943:85)
    at async Promise.all (index 101)
    at async TestContext.<anonymous> (file:///Users/mohammedkalouti/Documents/Codex/2026-09-27/i/work/art-generation-consumer-v1/source/client/.test-runtime/art-generation-consumer.test.mjs:1277:18)
    at async Test.run (node:internal/test_runner/test:1389:7)
    at async Test.processPendingSubtests (node:internal/test_runner/test:960:7) {
  code: 'asset_busy',
  recoverable: true,
  details: undefined
}
Sprite failed to load test.A.102 _RuntimeError: The bounded asset request queue is full.
    at fail2 (file:///Users/mohammedkalouti/Documents/Codex/2026-09-27/i/work/art-generation-consumer-v1/source/client/.test-runtime/art-generation-consumer.test.mjs:253:9)
    at acquire (file:///Users/mohammedkalouti/Documents/Codex/2026-09-27/i/work/art-generation-consumer-v1/source/client/.test-runtime/art-generation-consumer.test.mjs:409:31)
    at read (file:///Users/mohammedkalouti/Documents/Codex/2026-09-27/i/work/art-generation-consumer-v1/source/client/.test-runtime/art-generation-consumer.test.mjs:441:11)
    at Object.json (file:///Users/mohammedkalouti/Documents/Codex/2026-09-27/i/work/art-generation-consumer-v1/source/client/.test-runtime/art-generation-consumer.test.mjs:492:89)
    at ArtLibrary.loadSheet (file:///Users/mohammedkalouti/Documents/Codex/2026-09-27/i/work/art-generation-consumer-v1/source/client/.test-runtime/art-generation-consumer.test.mjs:943:85)
    at async Promise.all (index 102)
    at async TestContext.<anonymous> (file:///Users/mohammedkalouti/Documents/Codex/2026-09-27/i/work/art-generation-consumer-v1/source/client/.test-runtime/art-generation-consumer.test.mjs:1277:18)
    at async Test.run (node:internal/test_runner/test:1389:7)
    at async Test.processPendingSubtests (node:internal/test_runner/test:960:7) {
  code: 'asset_busy',
  recoverable: true,
  details: undefined
}
Sprite failed to load test.A.103 _RuntimeError: The bounded asset request queue is full.
    at fail2 (file:///Users/mohammedkalouti/Documents/Codex/2026-09-27/i/work/art-generation-consumer-v1/source/client/.test-runtime/art-generation-consumer.test.mjs:253:9)
    at acquire (file:///Users/mohammedkalouti/Documents/Codex/2026-09-27/i/work/art-generation-consumer-v1/source/client/.test-runtime/art-generation-consumer.test.mjs:409:31)
    at read (file:///Users/mohammedkalouti/Documents/Codex/2026-09-27/i/work/art-generation-consumer-v1/source/client/.test-runtime/art-generation-consumer.test.mjs:441:11)
    at Object.json (file:///Users/mohammedkalouti/Documents/Codex/2026-09-27/i/work/art-generation-consumer-v1/source/client/.test-runtime/art-generation-consumer.test.mjs:492:89)
    at ArtLibrary.loadSheet (file:///Users/mohammedkalouti/Documents/Codex/2026-09-27/i/work/art-generation-consumer-v1/source/client/.test-runtime/art-generation-consumer.test.mjs:943:85)
    at async Promise.all (index 103)
    at async TestContext.<anonymous> (file:///Users/mohammedkalouti/Documents/Codex/2026-09-27/i/work/art-generation-consumer-v1/source/client/.test-runtime/art-generation-consumer.test.mjs:1277:18)
    at async Test.run (node:internal/test_runner/test:1389:7)
    at async Test.processPendingSubtests (node:internal/test_runner/test:960:7) {
  code: 'asset_busy',
  recoverable: true,
  details: undefined
}
Sprite failed to load test.A.104 _RuntimeError: The bounded asset request queue is full.
    at fail2 (file:///Users/mohammedkalouti/Documents/Codex/2026-09-27/i/work/art-generation-consumer-v1/source/client/.test-runtime/art-generation-consumer.test.mjs:253:9)
    at acquire (file:///Users/mohammedkalouti/Documents/Codex/2026-09-27/i/work/art-generation-consumer-v1/source/client/.test-runtime/art-generation-consumer.test.mjs:409:31)
    at read (file:///Users/mohammedkalouti/Documents/Codex/2026-09-27/i/work/art-generation-consumer-v1/source/client/.test-runtime/art-generation-consumer.test.mjs:441:11)
    at Object.json (file:///Users/mohammedkalouti/Documents/Codex/2026-09-27/i/work/art-generation-consumer-v1/source/client/.test-runtime/art-generation-consumer.test.mjs:492:89)
    at ArtLibrary.loadSheet (file:///Users/mohammedkalouti/Documents/Codex/2026-09-27/i/work/art-generation-consumer-v1/source/client/.test-runtime/art-generation-consumer.test.mjs:943:85)
    at async Promise.all (index 104)
    at async TestContext.<anonymous> (file:///Users/mohammedkalouti/Documents/Codex/2026-09-27/i/work/art-generation-consumer-v1/source/client/.test-runtime/art-generation-consumer.test.mjs:1277:18)
    at async Test.run (node:internal/test_runner/test:1389:7)
    at async Test.processPendingSubtests (node:internal/test_runner/test:960:7) {
  code: 'asset_busy',
  recoverable: true,
  details: undefined
}
Sprite failed to load test.A.105 _RuntimeError: The bounded asset request queue is full.
    at fail2 (file:///Users/mohammedkalouti/Documents/Codex/2026-09-27/i/work/art-generation-consumer-v1/source/client/.test-runtime/art-generation-consumer.test.mjs:253:9)
    at acquire (file:///Users/mohammedkalouti/Documents/Codex/2026-09-27/i/work/art-generation-consumer-v1/source/client/.test-runtime/art-generation-consumer.test.mjs:409:31)
    at read (file:///Users/mohammedkalouti/Documents/Codex/2026-09-27/i/work/art-generation-consumer-v1/source/client/.test-runtime/art-generation-consumer.test.mjs:441:11)
    at Object.json (file:///Users/mohammedkalouti/Documents/Codex/2026-09-27/i/work/art-generation-consumer-v1/source/client/.test-runtime/art-generation-consumer.test.mjs:492:89)
    at ArtLibrary.loadSheet (file:///Users/mohammedkalouti/Documents/Codex/2026-09-27/i/work/art-generation-consumer-v1/source/client/.test-runtime/art-generation-consumer.test.mjs:943:85)
    at async Promise.all (index 105)
    at async TestContext.<anonymous> (file:///Users/mohammedkalouti/Documents/Codex/2026-09-27/i/work/art-generation-consumer-v1/source/client/.test-runtime/art-generation-consumer.test.mjs:1277:18)
    at async Test.run (node:internal/test_runner/test:1389:7)
    at async Test.processPendingSubtests (node:internal/test_runner/test:960:7) {
  code: 'asset_busy',
  recoverable: true,
  details: undefined
}
Sprite failed to load test.A.106 _RuntimeError: The bounded asset request queue is full.
    at fail2 (file:///Users/mohammedkalouti/Documents/Codex/2026-09-27/i/work/art-generation-consumer-v1/source/client/.test-runtime/art-generation-consumer.test.mjs:253:9)
    at acquire (file:///Users/mohammedkalouti/Documents/Codex/2026-09-27/i/work/art-generation-consumer-v1/source/client/.test-runtime/art-generation-consumer.test.mjs:409:31)
    at read (file:///Users/mohammedkalouti/Documents/Codex/2026-09-27/i/work/art-generation-consumer-v1/source/client/.test-runtime/art-generation-consumer.test.mjs:441:11)
    at Object.json (file:///Users/mohammedkalouti/Documents/Codex/2026-09-27/i/work/art-generation-consumer-v1/source/client/.test-runtime/art-generation-consumer.test.mjs:492:89)
    at ArtLibrary.loadSheet (file:///Users/mohammedkalouti/Documents/Codex/2026-09-27/i/work/art-generation-consumer-v1/source/client/.test-runtime/art-generation-consumer.test.mjs:943:85)
    at async Promise.all (index 106)
    at async TestContext.<anonymous> (file:///Users/mohammedkalouti/Documents/Codex/2026-09-27/i/work/art-generation-consumer-v1/source/client/.test-runtime/art-generation-consumer.test.mjs:1277:18)
    at async Test.run (node:internal/test_runner/test:1389:7)
    at async Test.processPendingSubtests (node:internal/test_runner/test:960:7) {
  code: 'asset_busy',
  recoverable: true,
  details: undefined
}
Sprite failed to load test.A.107 _RuntimeError: The bounded asset request queue is full.
    at fail2 (file:///Users/mohammedkalouti/Documents/Codex/2026-09-27/i/work/art-generation-consumer-v1/source/client/.test-runtime/art-generation-consumer.test.mjs:253:9)
    at acquire (file:///Users/mohammedkalouti/Documents/Codex/2026-09-27/i/work/art-generation-consumer-v1/source/client/.test-runtime/art-generation-consumer.test.mjs:409:31)
    at read (file:///Users/mohammedkalouti/Documents/Codex/2026-09-27/i/work/art-generation-consumer-v1/source/client/.test-runtime/art-generation-consumer.test.mjs:441:11)
    at Object.json (file:///Users/mohammedkalouti/Documents/Codex/2026-09-27/i/work/art-generation-consumer-v1/source/client/.test-runtime/art-generation-consumer.test.mjs:492:89)
    at ArtLibrary.loadSheet (file:///Users/mohammedkalouti/Documents/Codex/2026-09-27/i/work/art-generation-consumer-v1/source/client/.test-runtime/art-generation-consumer.test.mjs:943:85)
    at async Promise.all (index 107)
    at async TestContext.<anonymous> (file:///Users/mohammedkalouti/Documents/Codex/2026-09-27/i/work/art-generation-consumer-v1/source/client/.test-runtime/art-generation-consumer.test.mjs:1277:18)
    at async Test.run (node:internal/test_runner/test:1389:7)
    at async Test.processPendingSubtests (node:internal/test_runner/test:960:7) {
  code: 'asset_busy',
  recoverable: true,
  details: undefined
}
Sprite failed to load test.A.108 _RuntimeError: The bounded asset request queue is full.
    at fail2 (file:///Users/mohammedkalouti/Documents/Codex/2026-09-27/i/work/art-generation-consumer-v1/source/client/.test-runtime/art-generation-consumer.test.mjs:253:9)
    at acquire (file:///Users/mohammedkalouti/Documents/Codex/2026-09-27/i/work/art-generation-consumer-v1/source/client/.test-runtime/art-generation-consumer.test.mjs:409:31)
    at read (file:///Users/mohammedkalouti/Documents/Codex/2026-09-27/i/work/art-generation-consumer-v1/source/client/.test-runtime/art-generation-consumer.test.mjs:441:11)
    at Object.json (file:///Users/mohammedkalouti/Documents/Codex/2026-09-27/i/work/art-generation-consumer-v1/source/client/.test-runtime/art-generation-consumer.test.mjs:492:89)
    at ArtLibrary.loadSheet (file:///Users/mohammedkalouti/Documents/Codex/2026-09-27/i/work/art-generation-consumer-v1/source/client/.test-runtime/art-generation-consumer.test.mjs:943:85)
    at async Promise.all (index 108)
    at async TestContext.<anonymous> (file:///Users/mohammedkalouti/Documents/Codex/2026-09-27/i/work/art-generation-consumer-v1/source/client/.test-runtime/art-generation-consumer.test.mjs:1277:18)
    at async Test.run (node:internal/test_runner/test:1389:7)
    at async Test.processPendingSubtests (node:internal/test_runner/test:960:7) {
  code: 'asset_busy',
  recoverable: true,
  details: undefined
}
Sprite failed to load test.A.109 _RuntimeError: The bounded asset request queue is full.
    at fail2 (file:///Users/mohammedkalouti/Documents/Codex/2026-09-27/i/work/art-generation-consumer-v1/source/client/.test-runtime/art-generation-consumer.test.mjs:253:9)
    at acquire (file:///Users/mohammedkalouti/Documents/Codex/2026-09-27/i/work/art-generation-consumer-v1/source/client/.test-runtime/art-generation-consumer.test.mjs:409:31)
    at read (file:///Users/mohammedkalouti/Documents/Codex/2026-09-27/i/work/art-generation-consumer-v1/source/client/.test-runtime/art-generation-consumer.test.mjs:441:11)
    at Object.json (file:///Users/mohammedkalouti/Documents/Codex/2026-09-27/i/work/art-generation-consumer-v1/source/client/.test-runtime/art-generation-consumer.test.mjs:492:89)
    at ArtLibrary.loadSheet (file:///Users/mohammedkalouti/Documents/Codex/2026-09-27/i/work/art-generation-consumer-v1/source/client/.test-runtime/art-generation-consumer.test.mjs:943:85)
    at async Promise.all (index 109)
    at async TestContext.<anonymous> (file:///Users/mohammedkalouti/Documents/Codex/2026-09-27/i/work/art-generation-consumer-v1/source/client/.test-runtime/art-generation-consumer.test.mjs:1277:18)
    at async Test.run (node:internal/test_runner/test:1389:7)
    at async Test.processPendingSubtests (node:internal/test_runner/test:960:7) {
  code: 'asset_busy',
  recoverable: true,
  details: undefined
}
Sprite failed to load test.A.110 _RuntimeError: The bounded asset request queue is full.
    at fail2 (file:///Users/mohammedkalouti/Documents/Codex/2026-09-27/i/work/art-generation-consumer-v1/source/client/.test-runtime/art-generation-consumer.test.mjs:253:9)
    at acquire (file:///Users/mohammedkalouti/Documents/Codex/2026-09-27/i/work/art-generation-consumer-v1/source/client/.test-runtime/art-generation-consumer.test.mjs:409:31)
    at read (file:///Users/mohammedkalouti/Documents/Codex/2026-09-27/i/work/art-generation-consumer-v1/source/client/.test-runtime/art-generation-consumer.test.mjs:441:11)
    at Object.json (file:///Users/mohammedkalouti/Documents/Codex/2026-09-27/i/work/art-generation-consumer-v1/source/client/.test-runtime/art-generation-consumer.test.mjs:492:89)
    at ArtLibrary.loadSheet (file:///Users/mohammedkalouti/Documents/Codex/2026-09-27/i/work/art-generation-consumer-v1/source/client/.test-runtime/art-generation-consumer.test.mjs:943:85)
    at async Promise.all (index 110)
    at async TestContext.<anonymous> (file:///Users/mohammedkalouti/Documents/Codex/2026-09-27/i/work/art-generation-consumer-v1/source/client/.test-runtime/art-generation-consumer.test.mjs:1277:18)
    at async Test.run (node:internal/test_runner/test:1389:7)
    at async Test.processPendingSubtests (node:internal/test_runner/test:960:7) {
  code: 'asset_busy',
  recoverable: true,
  details: undefined
}
Sprite failed to load test.A.111 _RuntimeError: The bounded asset request queue is full.
    at fail2 (file:///Users/mohammedkalouti/Documents/Codex/2026-09-27/i/work/art-generation-consumer-v1/source/client/.test-runtime/art-generation-consumer.test.mjs:253:9)
    at acquire (file:///Users/mohammedkalouti/Documents/Codex/2026-09-27/i/work/art-generation-consumer-v1/source/client/.test-runtime/art-generation-consumer.test.mjs:409:31)
    at read (file:///Users/mohammedkalouti/Documents/Codex/2026-09-27/i/work/art-generation-consumer-v1/source/client/.test-runtime/art-generation-consumer.test.mjs:441:11)
    at Object.json (file:///Users/mohammedkalouti/Documents/Codex/2026-09-27/i/work/art-generation-consumer-v1/source/client/.test-runtime/art-generation-consumer.test.mjs:492:89)
    at ArtLibrary.loadSheet (file:///Users/mohammedkalouti/Documents/Codex/2026-09-27/i/work/art-generation-consumer-v1/source/client/.test-runtime/art-generation-consumer.test.mjs:943:85)
    at async Promise.all (index 111)
    at async TestContext.<anonymous> (file:///Users/mohammedkalouti/Documents/Codex/2026-09-27/i/work/art-generation-consumer-v1/source/client/.test-runtime/art-generation-consumer.test.mjs:1277:18)
    at async Test.run (node:internal/test_runner/test:1389:7)
    at async Test.processPendingSubtests (node:internal/test_runner/test:960:7) {
  code: 'asset_busy',
  recoverable: true,
  details: undefined
}
Sprite failed to load test.A.112 _RuntimeError: The bounded asset request queue is full.
    at fail2 (file:///Users/mohammedkalouti/Documents/Codex/2026-09-27/i/work/art-generation-consumer-v1/source/client/.test-runtime/art-generation-consumer.test.mjs:253:9)
    at acquire (file:///Users/mohammedkalouti/Documents/Codex/2026-09-27/i/work/art-generation-consumer-v1/source/client/.test-runtime/art-generation-consumer.test.mjs:409:31)
    at read (file:///Users/mohammedkalouti/Documents/Codex/2026-09-27/i/work/art-generation-consumer-v1/source/client/.test-runtime/art-generation-consumer.test.mjs:441:11)
    at Object.json (file:///Users/mohammedkalouti/Documents/Codex/2026-09-27/i/work/art-generation-consumer-v1/source/client/.test-runtime/art-generation-consumer.test.mjs:492:89)
    at ArtLibrary.loadSheet (file:///Users/mohammedkalouti/Documents/Codex/2026-09-27/i/work/art-generation-consumer-v1/source/client/.test-runtime/art-generation-consumer.test.mjs:943:85)
    at async Promise.all (index 112)
    at async TestContext.<anonymous> (file:///Users/mohammedkalouti/Documents/Codex/2026-09-27/i/work/art-generation-consumer-v1/source/client/.test-runtime/art-generation-consumer.test.mjs:1277:18)
    at async Test.run (node:internal/test_runner/test:1389:7)
    at async Test.processPendingSubtests (node:internal/test_runner/test:960:7) {
  code: 'asset_busy',
  recoverable: true,
  details: undefined
}
Sprite failed to load test.A.113 _RuntimeError: The bounded asset request queue is full.
    at fail2 (file:///Users/mohammedkalouti/Documents/Codex/2026-09-27/i/work/art-generation-consumer-v1/source/client/.test-runtime/art-generation-consumer.test.mjs:253:9)
    at acquire (file:///Users/mohammedkalouti/Documents/Codex/2026-09-27/i/work/art-generation-consumer-v1/source/client/.test-runtime/art-generation-consumer.test.mjs:409:31)
    at read (file:///Users/mohammedkalouti/Documents/Codex/2026-09-27/i/work/art-generation-consumer-v1/source/client/.test-runtime/art-generation-consumer.test.mjs:441:11)
    at Object.json (file:///Users/mohammedkalouti/Documents/Codex/2026-09-27/i/work/art-generation-consumer-v1/source/client/.test-runtime/art-generation-consumer.test.mjs:492:89)
    at ArtLibrary.loadSheet (file:///Users/mohammedkalouti/Documents/Codex/2026-09-27/i/work/art-generation-consumer-v1/source/client/.test-runtime/art-generation-consumer.test.mjs:943:85)
    at async Promise.all (index 113)
    at async TestContext.<anonymous> (file:///Users/mohammedkalouti/Documents/Codex/2026-09-27/i/work/art-generation-consumer-v1/source/client/.test-runtime/art-generation-consumer.test.mjs:1277:18)
    at async Test.run (node:internal/test_runner/test:1389:7)
    at async Test.processPendingSubtests (node:internal/test_runner/test:960:7) {
  code: 'asset_busy',
  recoverable: true,
  details: undefined
}
Sprite failed to load test.A.114 _RuntimeError: The bounded asset request queue is full.
    at fail2 (file:///Users/mohammedkalouti/Documents/Codex/2026-09-27/i/work/art-generation-consumer-v1/source/client/.test-runtime/art-generation-consumer.test.mjs:253:9)
    at acquire (file:///Users/mohammedkalouti/Documents/Codex/2026-09-27/i/work/art-generation-consumer-v1/source/client/.test-runtime/art-generation-consumer.test.mjs:409:31)
    at read (file:///Users/mohammedkalouti/Documents/Codex/2026-09-27/i/work/art-generation-consumer-v1/source/client/.test-runtime/art-generation-consumer.test.mjs:441:11)
    at Object.json (file:///Users/mohammedkalouti/Documents/Codex/2026-09-27/i/work/art-generation-consumer-v1/source/client/.test-runtime/art-generation-consumer.test.mjs:492:89)
    at ArtLibrary.loadSheet (file:///Users/mohammedkalouti/Documents/Codex/2026-09-27/i/work/art-generation-consumer-v1/source/client/.test-runtime/art-generation-consumer.test.mjs:943:85)
    at async Promise.all (index 114)
    at async TestContext.<anonymous> (file:///Users/mohammedkalouti/Documents/Codex/2026-09-27/i/work/art-generation-consumer-v1/source/client/.test-runtime/art-generation-consumer.test.mjs:1277:18)
    at async Test.run (node:internal/test_runner/test:1389:7)
    at async Test.processPendingSubtests (node:internal/test_runner/test:960:7) {
  code: 'asset_busy',
  recoverable: true,
  details: undefined
}
Sprite failed to load test.A.115 _RuntimeError: The bounded asset request queue is full.
    at fail2 (file:///Users/mohammedkalouti/Documents/Codex/2026-09-27/i/work/art-generation-consumer-v1/source/client/.test-runtime/art-generation-consumer.test.mjs:253:9)
    at acquire (file:///Users/mohammedkalouti/Documents/Codex/2026-09-27/i/work/art-generation-consumer-v1/source/client/.test-runtime/art-generation-consumer.test.mjs:409:31)
    at read (file:///Users/mohammedkalouti/Documents/Codex/2026-09-27/i/work/art-generation-consumer-v1/source/client/.test-runtime/art-generation-consumer.test.mjs:441:11)
    at Object.json (file:///Users/mohammedkalouti/Documents/Codex/2026-09-27/i/work/art-generation-consumer-v1/source/client/.test-runtime/art-generation-consumer.test.mjs:492:89)
    at ArtLibrary.loadSheet (file:///Users/mohammedkalouti/Documents/Codex/2026-09-27/i/work/art-generation-consumer-v1/source/client/.test-runtime/art-generation-consumer.test.mjs:943:85)
    at async Promise.all (index 115)
    at async TestContext.<anonymous> (file:///Users/mohammedkalouti/Documents/Codex/2026-09-27/i/work/art-generation-consumer-v1/source/client/.test-runtime/art-generation-consumer.test.mjs:1277:18)
    at async Test.run (node:internal/test_runner/test:1389:7)
    at async Test.processPendingSubtests (node:internal/test_runner/test:960:7) {
  code: 'asset_busy',
  recoverable: true,
  details: undefined
}
Sprite failed to load test.A.116 _RuntimeError: The bounded asset request queue is full.
    at fail2 (file:///Users/mohammedkalouti/Documents/Codex/2026-09-27/i/work/art-generation-consumer-v1/source/client/.test-runtime/art-generation-consumer.test.mjs:253:9)
    at acquire (file:///Users/mohammedkalouti/Documents/Codex/2026-09-27/i/work/art-generation-consumer-v1/source/client/.test-runtime/art-generation-consumer.test.mjs:409:31)
    at read (file:///Users/mohammedkalouti/Documents/Codex/2026-09-27/i/work/art-generation-consumer-v1/source/client/.test-runtime/art-generation-consumer.test.mjs:441:11)
    at Object.json (file:///Users/mohammedkalouti/Documents/Codex/2026-09-27/i/work/art-generation-consumer-v1/source/client/.test-runtime/art-generation-consumer.test.mjs:492:89)
    at ArtLibrary.loadSheet (file:///Users/mohammedkalouti/Documents/Codex/2026-09-27/i/work/art-generation-consumer-v1/source/client/.test-runtime/art-generation-consumer.test.mjs:943:85)
    at async Promise.all (index 116)
    at async TestContext.<anonymous> (file:///Users/mohammedkalouti/Documents/Codex/2026-09-27/i/work/art-generation-consumer-v1/source/client/.test-runtime/art-generation-consumer.test.mjs:1277:18)
    at async Test.run (node:internal/test_runner/test:1389:7)
    at async Test.processPendingSubtests (node:internal/test_runner/test:960:7) {
  code: 'asset_busy',
  recoverable: true,
  details: undefined
}
Sprite failed to load test.A.117 _RuntimeError: The bounded asset request queue is full.
    at fail2 (file:///Users/mohammedkalouti/Documents/Codex/2026-09-27/i/work/art-generation-consumer-v1/source/client/.test-runtime/art-generation-consumer.test.mjs:253:9)
    at acquire (file:///Users/mohammedkalouti/Documents/Codex/2026-09-27/i/work/art-generation-consumer-v1/source/client/.test-runtime/art-generation-consumer.test.mjs:409:31)
    at read (file:///Users/mohammedkalouti/Documents/Codex/2026-09-27/i/work/art-generation-consumer-v1/source/client/.test-runtime/art-generation-consumer.test.mjs:441:11)
    at Object.json (file:///Users/mohammedkalouti/Documents/Codex/2026-09-27/i/work/art-generation-consumer-v1/source/client/.test-runtime/art-generation-consumer.test.mjs:492:89)
    at ArtLibrary.loadSheet (file:///Users/mohammedkalouti/Documents/Codex/2026-09-27/i/work/art-generation-consumer-v1/source/client/.test-runtime/art-generation-consumer.test.mjs:943:85)
    at async Promise.all (index 117)
    at async TestContext.<anonymous> (file:///Users/mohammedkalouti/Documents/Codex/2026-09-27/i/work/art-generation-consumer-v1/source/client/.test-runtime/art-generation-consumer.test.mjs:1277:18)
    at async Test.run (node:internal/test_runner/test:1389:7)
    at async Test.processPendingSubtests (node:internal/test_runner/test:960:7) {
  code: 'asset_busy',
  recoverable: true,
  details: undefined
}
Sprite failed to load test.A.118 _RuntimeError: The bounded asset request queue is full.
    at fail2 (file:///Users/mohammedkalouti/Documents/Codex/2026-09-27/i/work/art-generation-consumer-v1/source/client/.test-runtime/art-generation-consumer.test.mjs:253:9)
    at acquire (file:///Users/mohammedkalouti/Documents/Codex/2026-09-27/i/work/art-generation-consumer-v1/source/client/.test-runtime/art-generation-consumer.test.mjs:409:31)
    at read (file:///Users/mohammedkalouti/Documents/Codex/2026-09-27/i/work/art-generation-consumer-v1/source/client/.test-runtime/art-generation-consumer.test.mjs:441:11)
    at Object.json (file:///Users/mohammedkalouti/Documents/Codex/2026-09-27/i/work/art-generation-consumer-v1/source/client/.test-runtime/art-generation-consumer.test.mjs:492:89)
    at ArtLibrary.loadSheet (file:///Users/mohammedkalouti/Documents/Codex/2026-09-27/i/work/art-generation-consumer-v1/source/client/.test-runtime/art-generation-consumer.test.mjs:943:85)
    at async Promise.all (index 118)
    at async TestContext.<anonymous> (file:///Users/mohammedkalouti/Documents/Codex/2026-09-27/i/work/art-generation-consumer-v1/source/client/.test-runtime/art-generation-consumer.test.mjs:1277:18)
    at async Test.run (node:internal/test_runner/test:1389:7)
    at async Test.processPendingSubtests (node:internal/test_runner/test:960:7) {
  code: 'asset_busy',
  recoverable: true,
  details: undefined
}
Sprite failed to load test.A.119 _RuntimeError: The bounded asset request queue is full.
    at fail2 (file:///Users/mohammedkalouti/Documents/Codex/2026-09-27/i/work/art-generation-consumer-v1/source/client/.test-runtime/art-generation-consumer.test.mjs:253:9)
    at acquire (file:///Users/mohammedkalouti/Documents/Codex/2026-09-27/i/work/art-generation-consumer-v1/source/client/.test-runtime/art-generation-consumer.test.mjs:409:31)
    at read (file:///Users/mohammedkalouti/Documents/Codex/2026-09-27/i/work/art-generation-consumer-v1/source/client/.test-runtime/art-generation-consumer.test.mjs:441:11)
    at Object.json (file:///Users/mohammedkalouti/Documents/Codex/2026-09-27/i/work/art-generation-consumer-v1/source/client/.test-runtime/art-generation-consumer.test.mjs:492:89)
    at ArtLibrary.loadSheet (file:///Users/mohammedkalouti/Documents/Codex/2026-09-27/i/work/art-generation-consumer-v1/source/client/.test-runtime/art-generation-consumer.test.mjs:943:85)
    at async Promise.all (index 119)
    at async TestContext.<anonymous> (file:///Users/mohammedkalouti/Documents/Codex/2026-09-27/i/work/art-generation-consumer-v1/source/client/.test-runtime/art-generation-consumer.test.mjs:1277:18)
    at async Test.run (node:internal/test_runner/test:1389:7)
    at async Test.processPendingSubtests (node:internal/test_runner/test:960:7) {
  code: 'asset_busy',
  recoverable: true,
  details: undefined
}
Sprite failed to load test.A.120 _RuntimeError: The bounded asset request queue is full.
    at fail2 (file:///Users/mohammedkalouti/Documents/Codex/2026-09-27/i/work/art-generation-consumer-v1/source/client/.test-runtime/art-generation-consumer.test.mjs:253:9)
    at acquire (file:///Users/mohammedkalouti/Documents/Codex/2026-09-27/i/work/art-generation-consumer-v1/source/client/.test-runtime/art-generation-consumer.test.mjs:409:31)
    at read (file:///Users/mohammedkalouti/Documents/Codex/2026-09-27/i/work/art-generation-consumer-v1/source/client/.test-runtime/art-generation-consumer.test.mjs:441:11)
    at Object.json (file:///Users/mohammedkalouti/Documents/Codex/2026-09-27/i/work/art-generation-consumer-v1/source/client/.test-runtime/art-generation-consumer.test.mjs:492:89)
    at ArtLibrary.loadSheet (file:///Users/mohammedkalouti/Documents/Codex/2026-09-27/i/work/art-generation-consumer-v1/source/client/.test-runtime/art-generation-consumer.test.mjs:943:85)
    at async Promise.all (index 120)
    at async TestContext.<anonymous> (file:///Users/mohammedkalouti/Documents/Codex/2026-09-27/i/work/art-generation-consumer-v1/source/client/.test-runtime/art-generation-consumer.test.mjs:1277:18)
    at async Test.run (node:internal/test_runner/test:1389:7)
    at async Test.processPendingSubtests (node:internal/test_runner/test:960:7) {
  code: 'asset_busy',
  recoverable: true,
  details: undefined
}
Sprite failed to load test.A.121 _RuntimeError: The bounded asset request queue is full.
    at fail2 (file:///Users/mohammedkalouti/Documents/Codex/2026-09-27/i/work/art-generation-consumer-v1/source/client/.test-runtime/art-generation-consumer.test.mjs:253:9)
    at acquire (file:///Users/mohammedkalouti/Documents/Codex/2026-09-27/i/work/art-generation-consumer-v1/source/client/.test-runtime/art-generation-consumer.test.mjs:409:31)
    at read (file:///Users/mohammedkalouti/Documents/Codex/2026-09-27/i/work/art-generation-consumer-v1/source/client/.test-runtime/art-generation-consumer.test.mjs:441:11)
    at Object.json (file:///Users/mohammedkalouti/Documents/Codex/2026-09-27/i/work/art-generation-consumer-v1/source/client/.test-runtime/art-generation-consumer.test.mjs:492:89)
    at ArtLibrary.loadSheet (file:///Users/mohammedkalouti/Documents/Codex/2026-09-27/i/work/art-generation-consumer-v1/source/client/.test-runtime/art-generation-consumer.test.mjs:943:85)
    at async Promise.all (index 121)
    at async TestContext.<anonymous> (file:///Users/mohammedkalouti/Documents/Codex/2026-09-27/i/work/art-generation-consumer-v1/source/client/.test-runtime/art-generation-consumer.test.mjs:1277:18)
    at async Test.run (node:internal/test_runner/test:1389:7)
    at async Test.processPendingSubtests (node:internal/test_runner/test:960:7) {
  code: 'asset_busy',
  recoverable: true,
  details: undefined
}
Sprite failed to load test.A.122 _RuntimeError: The bounded asset request queue is full.
    at fail2 (file:///Users/mohammedkalouti/Documents/Codex/2026-09-27/i/work/art-generation-consumer-v1/source/client/.test-runtime/art-generation-consumer.test.mjs:253:9)
    at acquire (file:///Users/mohammedkalouti/Documents/Codex/2026-09-27/i/work/art-generation-consumer-v1/source/client/.test-runtime/art-generation-consumer.test.mjs:409:31)
    at read (file:///Users/mohammedkalouti/Documents/Codex/2026-09-27/i/work/art-generation-consumer-v1/source/client/.test-runtime/art-generation-consumer.test.mjs:441:11)
    at Object.json (file:///Users/mohammedkalouti/Documents/Codex/2026-09-27/i/work/art-generation-consumer-v1/source/client/.test-runtime/art-generation-consumer.test.mjs:492:89)
    at ArtLibrary.loadSheet (file:///Users/mohammedkalouti/Documents/Codex/2026-09-27/i/work/art-generation-consumer-v1/source/client/.test-runtime/art-generation-consumer.test.mjs:943:85)
    at async Promise.all (index 122)
    at async TestContext.<anonymous> (file:///Users/mohammedkalouti/Documents/Codex/2026-09-27/i/work/art-generation-consumer-v1/source/client/.test-runtime/art-generation-consumer.test.mjs:1277:18)
    at async Test.run (node:internal/test_runner/test:1389:7)
    at async Test.processPendingSubtests (node:internal/test_runner/test:960:7) {
  code: 'asset_busy',
  recoverable: true,
  details: undefined
}
Sprite failed to load test.A.123 _RuntimeError: The bounded asset request queue is full.
    at fail2 (file:///Users/mohammedkalouti/Documents/Codex/2026-09-27/i/work/art-generation-consumer-v1/source/client/.test-runtime/art-generation-consumer.test.mjs:253:9)
    at acquire (file:///Users/mohammedkalouti/Documents/Codex/2026-09-27/i/work/art-generation-consumer-v1/source/client/.test-runtime/art-generation-consumer.test.mjs:409:31)
    at read (file:///Users/mohammedkalouti/Documents/Codex/2026-09-27/i/work/art-generation-consumer-v1/source/client/.test-runtime/art-generation-consumer.test.mjs:441:11)
    at Object.json (file:///Users/mohammedkalouti/Documents/Codex/2026-09-27/i/work/art-generation-consumer-v1/source/client/.test-runtime/art-generation-consumer.test.mjs:492:89)
    at ArtLibrary.loadSheet (file:///Users/mohammedkalouti/Documents/Codex/2026-09-27/i/work/art-generation-consumer-v1/source/client/.test-runtime/art-generation-consumer.test.mjs:943:85)
    at async Promise.all (index 123)
    at async TestContext.<anonymous> (file:///Users/mohammedkalouti/Documents/Codex/2026-09-27/i/work/art-generation-consumer-v1/source/client/.test-runtime/art-generation-consumer.test.mjs:1277:18)
    at async Test.run (node:internal/test_runner/test:1389:7)
    at async Test.processPendingSubtests (node:internal/test_runner/test:960:7) {
  code: 'asset_busy',
  recoverable: true,
  details: undefined
}
Sprite failed to load test.A.124 _RuntimeError: The bounded asset request queue is full.
    at fail2 (file:///Users/mohammedkalouti/Documents/Codex/2026-09-27/i/work/art-generation-consumer-v1/source/client/.test-runtime/art-generation-consumer.test.mjs:253:9)
    at acquire (file:///Users/mohammedkalouti/Documents/Codex/2026-09-27/i/work/art-generation-consumer-v1/source/client/.test-runtime/art-generation-consumer.test.mjs:409:31)
    at read (file:///Users/mohammedkalouti/Documents/Codex/2026-09-27/i/work/art-generation-consumer-v1/source/client/.test-runtime/art-generation-consumer.test.mjs:441:11)
    at Object.json (file:///Users/mohammedkalouti/Documents/Codex/2026-09-27/i/work/art-generation-consumer-v1/source/client/.test-runtime/art-generation-consumer.test.mjs:492:89)
    at ArtLibrary.loadSheet (file:///Users/mohammedkalouti/Documents/Codex/2026-09-27/i/work/art-generation-consumer-v1/source/client/.test-runtime/art-generation-consumer.test.mjs:943:85)
    at async Promise.all (index 124)
    at async TestContext.<anonymous> (file:///Users/mohammedkalouti/Documents/Codex/2026-09-27/i/work/art-generation-consumer-v1/source/client/.test-runtime/art-generation-consumer.test.mjs:1277:18)
    at async Test.run (node:internal/test_runner/test:1389:7)
    at async Test.processPendingSubtests (node:internal/test_runner/test:960:7) {
  code: 'asset_busy',
  recoverable: true,
  details: undefined
}
Sprite failed to load test.A.125 _RuntimeError: The bounded asset request queue is full.
    at fail2 (file:///Users/mohammedkalouti/Documents/Codex/2026-09-27/i/work/art-generation-consumer-v1/source/client/.test-runtime/art-generation-consumer.test.mjs:253:9)
    at acquire (file:///Users/mohammedkalouti/Documents/Codex/2026-09-27/i/work/art-generation-consumer-v1/source/client/.test-runtime/art-generation-consumer.test.mjs:409:31)
    at read (file:///Users/mohammedkalouti/Documents/Codex/2026-09-27/i/work/art-generation-consumer-v1/source/client/.test-runtime/art-generation-consumer.test.mjs:441:11)
    at Object.json (file:///Users/mohammedkalouti/Documents/Codex/2026-09-27/i/work/art-generation-consumer-v1/source/client/.test-runtime/art-generation-consumer.test.mjs:492:89)
    at ArtLibrary.loadSheet (file:///Users/mohammedkalouti/Documents/Codex/2026-09-27/i/work/art-generation-consumer-v1/source/client/.test-runtime/art-generation-consumer.test.mjs:943:85)
    at async Promise.all (index 125)
    at async TestContext.<anonymous> (file:///Users/mohammedkalouti/Documents/Codex/2026-09-27/i/work/art-generation-consumer-v1/source/client/.test-runtime/art-generation-consumer.test.mjs:1277:18)
    at async Test.run (node:internal/test_runner/test:1389:7)
    at async Test.processPendingSubtests (node:internal/test_runner/test:960:7) {
  code: 'asset_busy',
  recoverable: true,
  details: undefined
}
Sprite failed to load test.A.126 _RuntimeError: The bounded asset request queue is full.
    at fail2 (file:///Users/mohammedkalouti/Documents/Codex/2026-09-27/i/work/art-generation-consumer-v1/source/client/.test-runtime/art-generation-consumer.test.mjs:253:9)
    at acquire (file:///Users/mohammedkalouti/Documents/Codex/2026-09-27/i/work/art-generation-consumer-v1/source/client/.test-runtime/art-generation-consumer.test.mjs:409:31)
    at read (file:///Users/mohammedkalouti/Documents/Codex/2026-09-27/i/work/art-generation-consumer-v1/source/client/.test-runtime/art-generation-consumer.test.mjs:441:11)
    at Object.json (file:///Users/mohammedkalouti/Documents/Codex/2026-09-27/i/work/art-generation-consumer-v1/source/client/.test-runtime/art-generation-consumer.test.mjs:492:89)
    at ArtLibrary.loadSheet (file:///Users/mohammedkalouti/Documents/Codex/2026-09-27/i/work/art-generation-consumer-v1/source/client/.test-runtime/art-generation-consumer.test.mjs:943:85)
    at async Promise.all (index 126)
    at async TestContext.<anonymous> (file:///Users/mohammedkalouti/Documents/Codex/2026-09-27/i/work/art-generation-consumer-v1/source/client/.test-runtime/art-generation-consumer.test.mjs:1277:18)
    at async Test.run (node:internal/test_runner/test:1389:7)
    at async Test.processPendingSubtests (node:internal/test_runner/test:960:7) {
  code: 'asset_busy',
  recoverable: true,
  details: undefined
}
Sprite failed to load test.A.127 _RuntimeError: The bounded asset request queue is full.
    at fail2 (file:///Users/mohammedkalouti/Documents/Codex/2026-09-27/i/work/art-generation-consumer-v1/source/client/.test-runtime/art-generation-consumer.test.mjs:253:9)
    at acquire (file:///Users/mohammedkalouti/Documents/Codex/2026-09-27/i/work/art-generation-consumer-v1/source/client/.test-runtime/art-generation-consumer.test.mjs:409:31)
    at read (file:///Users/mohammedkalouti/Documents/Codex/2026-09-27/i/work/art-generation-consumer-v1/source/client/.test-runtime/art-generation-consumer.test.mjs:441:11)
    at Object.json (file:///Users/mohammedkalouti/Documents/Codex/2026-09-27/i/work/art-generation-consumer-v1/source/client/.test-runtime/art-generation-consumer.test.mjs:492:89)
    at ArtLibrary.loadSheet (file:///Users/mohammedkalouti/Documents/Codex/2026-09-27/i/work/art-generation-consumer-v1/source/client/.test-runtime/art-generation-consumer.test.mjs:943:85)
    at async Promise.all (index 127)
    at async TestContext.<anonymous> (file:///Users/mohammedkalouti/Documents/Codex/2026-09-27/i/work/art-generation-consumer-v1/source/client/.test-runtime/art-generation-consumer.test.mjs:1277:18)
    at async Test.run (node:internal/test_runner/test:1389:7)
    at async Test.processPendingSubtests (node:internal/test_runner/test:960:7) {
  code: 'asset_busy',
  recoverable: true,
  details: undefined
}
Sprite failed to load test.A.128 _RuntimeError: The bounded asset request queue is full.
    at fail2 (file:///Users/mohammedkalouti/Documents/Codex/2026-09-27/i/work/art-generation-consumer-v1/source/client/.test-runtime/art-generation-consumer.test.mjs:253:9)
    at acquire (file:///Users/mohammedkalouti/Documents/Codex/2026-09-27/i/work/art-generation-consumer-v1/source/client/.test-runtime/art-generation-consumer.test.mjs:409:31)
    at read (file:///Users/mohammedkalouti/Documents/Codex/2026-09-27/i/work/art-generation-consumer-v1/source/client/.test-runtime/art-generation-consumer.test.mjs:441:11)
    at Object.json (file:///Users/mohammedkalouti/Documents/Codex/2026-09-27/i/work/art-generation-consumer-v1/source/client/.test-runtime/art-generation-consumer.test.mjs:492:89)
    at ArtLibrary.loadSheet (file:///Users/mohammedkalouti/Documents/Codex/2026-09-27/i/work/art-generation-consumer-v1/source/client/.test-runtime/art-generation-consumer.test.mjs:943:85)
    at async Promise.all (index 128)
    at async TestContext.<anonymous> (file:///Users/mohammedkalouti/Documents/Codex/2026-09-27/i/work/art-generation-consumer-v1/source/client/.test-runtime/art-generation-consumer.test.mjs:1277:18)
    at async Test.run (node:internal/test_runner/test:1389:7)
    at async Test.processPendingSubtests (node:internal/test_runner/test:960:7) {
  code: 'asset_busy',
  recoverable: true,
  details: undefined
}
Sprite failed to load test.A.129 _RuntimeError: The bounded asset request queue is full.
    at fail2 (file:///Users/mohammedkalouti/Documents/Codex/2026-09-27/i/work/art-generation-consumer-v1/source/client/.test-runtime/art-generation-consumer.test.mjs:253:9)
    at acquire (file:///Users/mohammedkalouti/Documents/Codex/2026-09-27/i/work/art-generation-consumer-v1/source/client/.test-runtime/art-generation-consumer.test.mjs:409:31)
    at read (file:///Users/mohammedkalouti/Documents/Codex/2026-09-27/i/work/art-generation-consumer-v1/source/client/.test-runtime/art-generation-consumer.test.mjs:441:11)
    at Object.json (file:///Users/mohammedkalouti/Documents/Codex/2026-09-27/i/work/art-generation-consumer-v1/source/client/.test-runtime/art-generation-consumer.test.mjs:492:89)
    at ArtLibrary.loadSheet (file:///Users/mohammedkalouti/Documents/Codex/2026-09-27/i/work/art-generation-consumer-v1/source/client/.test-runtime/art-generation-consumer.test.mjs:943:85)
    at async Promise.all (index 129)
    at async TestContext.<anonymous> (file:///Users/mohammedkalouti/Documents/Codex/2026-09-27/i/work/art-generation-consumer-v1/source/client/.test-runtime/art-generation-consumer.test.mjs:1277:18)
    at async Test.run (node:internal/test_runner/test:1389:7)
    at async Test.processPendingSubtests (node:internal/test_runner/test:960:7) {
  code: 'asset_busy',
  recoverable: true,
  details: undefined
}
Sprite failed to load test.A.130 _RuntimeError: The bounded asset request queue is full.
    at fail2 (file:///Users/mohammedkalouti/Documents/Codex/2026-09-27/i/work/art-generation-consumer-v1/source/client/.test-runtime/art-generation-consumer.test.mjs:253:9)
    at acquire (file:///Users/mohammedkalouti/Documents/Codex/2026-09-27/i/work/art-generation-consumer-v1/source/client/.test-runtime/art-generation-consumer.test.mjs:409:31)
    at read (file:///Users/mohammedkalouti/Documents/Codex/2026-09-27/i/work/art-generation-consumer-v1/source/client/.test-runtime/art-generation-consumer.test.mjs:441:11)
    at Object.json (file:///Users/mohammedkalouti/Documents/Codex/2026-09-27/i/work/art-generation-consumer-v1/source/client/.test-runtime/art-generation-consumer.test.mjs:492:89)
    at ArtLibrary.loadSheet (file:///Users/mohammedkalouti/Documents/Codex/2026-09-27/i/work/art-generation-consumer-v1/source/client/.test-runtime/art-generation-consumer.test.mjs:943:85)
    at async Promise.all (index 130)
    at async TestContext.<anonymous> (file:///Users/mohammedkalouti/Documents/Codex/2026-09-27/i/work/art-generation-consumer-v1/source/client/.test-runtime/art-generation-consumer.test.mjs:1277:18)
    at async Test.run (node:internal/test_runner/test:1389:7)
    at async Test.processPendingSubtests (node:internal/test_runner/test:960:7) {
  code: 'asset_busy',
  recoverable: true,
  details: undefined
}
Sprite failed to load test.A.131 _RuntimeError: The bounded asset request queue is full.
    at fail2 (file:///Users/mohammedkalouti/Documents/Codex/2026-09-27/i/work/art-generation-consumer-v1/source/client/.test-runtime/art-generation-consumer.test.mjs:253:9)
    at acquire (file:///Users/mohammedkalouti/Documents/Codex/2026-09-27/i/work/art-generation-consumer-v1/source/client/.test-runtime/art-generation-consumer.test.mjs:409:31)
    at read (file:///Users/mohammedkalouti/Documents/Codex/2026-09-27/i/work/art-generation-consumer-v1/source/client/.test-runtime/art-generation-consumer.test.mjs:441:11)
    at Object.json (file:///Users/mohammedkalouti/Documents/Codex/2026-09-27/i/work/art-generation-consumer-v1/source/client/.test-runtime/art-generation-consumer.test.mjs:492:89)
    at ArtLibrary.loadSheet (file:///Users/mohammedkalouti/Documents/Codex/2026-09-27/i/work/art-generation-consumer-v1/source/client/.test-runtime/art-generation-consumer.test.mjs:943:85)
    at async Promise.all (index 131)
    at async TestContext.<anonymous> (file:///Users/mohammedkalouti/Documents/Codex/2026-09-27/i/work/art-generation-consumer-v1/source/client/.test-runtime/art-generation-consumer.test.mjs:1277:18)
    at async Test.run (node:internal/test_runner/test:1389:7)
    at async Test.processPendingSubtests (node:internal/test_runner/test:960:7) {
  code: 'asset_busy',
  recoverable: true,
  details: undefined
}
Sprite failed to load test.A.132 _RuntimeError: The bounded asset request queue is full.
    at fail2 (file:///Users/mohammedkalouti/Documents/Codex/2026-09-27/i/work/art-generation-consumer-v1/source/client/.test-runtime/art-generation-consumer.test.mjs:253:9)
    at acquire (file:///Users/mohammedkalouti/Documents/Codex/2026-09-27/i/work/art-generation-consumer-v1/source/client/.test-runtime/art-generation-consumer.test.mjs:409:31)
    at read (file:///Users/mohammedkalouti/Documents/Codex/2026-09-27/i/work/art-generation-consumer-v1/source/client/.test-runtime/art-generation-consumer.test.mjs:441:11)
    at Object.json (file:///Users/mohammedkalouti/Documents/Codex/2026-09-27/i/work/art-generation-consumer-v1/source/client/.test-runtime/art-generation-consumer.test.mjs:492:89)
    at ArtLibrary.loadSheet (file:///Users/mohammedkalouti/Documents/Codex/2026-09-27/i/work/art-generation-consumer-v1/source/client/.test-runtime/art-generation-consumer.test.mjs:943:85)
    at async Promise.all (index 132)
    at async TestContext.<anonymous> (file:///Users/mohammedkalouti/Documents/Codex/2026-09-27/i/work/art-generation-consumer-v1/source/client/.test-runtime/art-generation-consumer.test.mjs:1277:18)
    at async Test.run (node:internal/test_runner/test:1389:7)
    at async Test.processPendingSubtests (node:internal/test_runner/test:960:7) {
  code: 'asset_busy',
  recoverable: true,
  details: undefined
}
Sprite failed to load test.A.133 _RuntimeError: The bounded asset request queue is full.
    at fail2 (file:///Users/mohammedkalouti/Documents/Codex/2026-09-27/i/work/art-generation-consumer-v1/source/client/.test-runtime/art-generation-consumer.test.mjs:253:9)
    at acquire (file:///Users/mohammedkalouti/Documents/Codex/2026-09-27/i/work/art-generation-consumer-v1/source/client/.test-runtime/art-generation-consumer.test.mjs:409:31)
    at read (file:///Users/mohammedkalouti/Documents/Codex/2026-09-27/i/work/art-generation-consumer-v1/source/client/.test-runtime/art-generation-consumer.test.mjs:441:11)
    at Object.json (file:///Users/mohammedkalouti/Documents/Codex/2026-09-27/i/work/art-generation-consumer-v1/source/client/.test-runtime/art-generation-consumer.test.mjs:492:89)
    at ArtLibrary.loadSheet (file:///Users/mohammedkalouti/Documents/Codex/2026-09-27/i/work/art-generation-consumer-v1/source/client/.test-runtime/art-generation-consumer.test.mjs:943:85)
    at async Promise.all (index 133)
    at async TestContext.<anonymous> (file:///Users/mohammedkalouti/Documents/Codex/2026-09-27/i/work/art-generation-consumer-v1/source/client/.test-runtime/art-generation-consumer.test.mjs:1277:18)
    at async Test.run (node:internal/test_runner/test:1389:7)
    at async Test.processPendingSubtests (node:internal/test_runner/test:960:7) {
  code: 'asset_busy',
  recoverable: true,
  details: undefined
}
Sprite failed to load test.A.134 _RuntimeError: The bounded asset request queue is full.
    at fail2 (file:///Users/mohammedkalouti/Documents/Codex/2026-09-27/i/work/art-generation-consumer-v1/source/client/.test-runtime/art-generation-consumer.test.mjs:253:9)
    at acquire (file:///Users/mohammedkalouti/Documents/Codex/2026-09-27/i/work/art-generation-consumer-v1/source/client/.test-runtime/art-generation-consumer.test.mjs:409:31)
    at read (file:///Users/mohammedkalouti/Documents/Codex/2026-09-27/i/work/art-generation-consumer-v1/source/client/.test-runtime/art-generation-consumer.test.mjs:441:11)
    at Object.json (file:///Users/mohammedkalouti/Documents/Codex/2026-09-27/i/work/art-generation-consumer-v1/source/client/.test-runtime/art-generation-consumer.test.mjs:492:89)
    at ArtLibrary.loadSheet (file:///Users/mohammedkalouti/Documents/Codex/2026-09-27/i/work/art-generation-consumer-v1/source/client/.test-runtime/art-generation-consumer.test.mjs:943:85)
    at async Promise.all (index 134)
    at async TestContext.<anonymous> (file:///Users/mohammedkalouti/Documents/Codex/2026-09-27/i/work/art-generation-consumer-v1/source/client/.test-runtime/art-generation-consumer.test.mjs:1277:18)
    at async Test.run (node:internal/test_runner/test:1389:7)
    at async Test.processPendingSubtests (node:internal/test_runner/test:960:7) {
  code: 'asset_busy',
  recoverable: true,
  details: undefined
}
Sprite failed to load test.A.135 _RuntimeError: The bounded asset request queue is full.
    at fail2 (file:///Users/mohammedkalouti/Documents/Codex/2026-09-27/i/work/art-generation-consumer-v1/source/client/.test-runtime/art-generation-consumer.test.mjs:253:9)
    at acquire (file:///Users/mohammedkalouti/Documents/Codex/2026-09-27/i/work/art-generation-consumer-v1/source/client/.test-runtime/art-generation-consumer.test.mjs:409:31)
    at read (file:///Users/mohammedkalouti/Documents/Codex/2026-09-27/i/work/art-generation-consumer-v1/source/client/.test-runtime/art-generation-consumer.test.mjs:441:11)
    at Object.json (file:///Users/mohammedkalouti/Documents/Codex/2026-09-27/i/work/art-generation-consumer-v1/source/client/.test-runtime/art-generation-consumer.test.mjs:492:89)
    at ArtLibrary.loadSheet (file:///Users/mohammedkalouti/Documents/Codex/2026-09-27/i/work/art-generation-consumer-v1/source/client/.test-runtime/art-generation-consumer.test.mjs:943:85)
    at async Promise.all (index 135)
    at async TestContext.<anonymous> (file:///Users/mohammedkalouti/Documents/Codex/2026-09-27/i/work/art-generation-consumer-v1/source/client/.test-runtime/art-generation-consumer.test.mjs:1277:18)
    at async Test.run (node:internal/test_runner/test:1389:7)
    at async Test.processPendingSubtests (node:internal/test_runner/test:960:7) {
  code: 'asset_busy',
  recoverable: true,
  details: undefined
}
✖ a full 136-type roster request completes without caching queue overflow as missing art (12.620834ms)
✔ transient metadata failures can retry and explicit same-index reload verifies a fresh capture (1.714208ms)
✔ an image download failure does not retain a rejected image promise (0.757958ms)
✔ a transient sprite page retries after a bounded delay and disposes its owned texture (303.066166ms)
ℹ tests 11
ℹ suites 0
ℹ pass 10
ℹ fail 1
ℹ cancelled 0
ℹ skipped 0
ℹ todo 0
ℹ duration_ms 532.844708

✖ failing tests:

test at work/art-generation-consumer-v1/source/client/.test-runtime/art-generation-consumer.test.mjs:1266:1
✖ a full 136-type roster request completes without caching queue overflow as missing art (12.620834ms)
  AssertionError [ERR_ASSERTION]: Expected values to be strictly deep-equal:
  + actual - expected
  
  + [
  +   _RuntimeError: The bounded asset request queue is full.
  +       at fail2 (file:///Users/mohammedkalouti/Documents/Codex/2026-09-27/i/work/art-generation-consumer-v1/source/client/.test-runtime/art-generation-consumer.test.mjs:253:9)
  +       at acquire (file:///Users/mohammedkalouti/Documents/Codex/2026-09-27/i/work/art-generation-consumer-v1/source/client/.test-runtime/art-generation-consumer.test.mjs:409:31)
  +       at read (file:///Users/mohammedkalouti/Documents/Codex/2026-09-27/i/work/art-generation-consumer-v1/source/client/.test-runtime/art-generation-consumer.test.mjs:441:11)
  +       at Object.json (file:///Users/mohammedkalouti/Documents/Codex/2026-09-27/i/work/art-generation-consumer-v1/source/client/.test-runtime/art-generation-consumer.test.mjs:492:89)
  +       at ArtLibrary.loadSheet (file:///Users/mohammedkalouti/Documents/Codex/2026-09-27/i/work/art-generation-consumer-v1/source/client/.test-runtime/art-generation-consumer.test.mjs:943:85)
  +       at async Promise.all (index 68)
  +       at async TestContext.<anonymous> (file:///Users/mohammedkalouti/Documents/Codex/2026-09-27/i/work/art-generation-consumer-v1/source/client/.test-runtime/art-generation-consumer.test.mjs:1277:18)
  +       at async Test.run (node:internal/test_runner/test:1389:7)
  +       at async Test.processPendingSubtests (node:internal/test_runner/test:960:7) {
  +     code: 'asset_busy',
  +     details: undefined,
  +     recoverable: true
  +   },
  +   _RuntimeError: The bounded asset request queue is full.
  +       at fail2 (file:///Users/mohammedkalouti/Documents/Codex/2026-09-27/i/work/art-generation-consumer-v1/source/client/.test-runtime/art-generation-consumer.test.mjs:253:9)
  +       at acquire (file:///Users/mohammedkalouti/Documents/Codex/2026-09-27/i/work/art-generation-consumer-v1/source/client/.test-runtime/art-generation-consumer.test.mjs:409:31)
  +       at read (file:///Users/mohammedkalouti/Documents/Codex/2026-09-27/i/work/art-generation-consumer-v1/source/client/.test-runtime/art-generation-consumer.test.mjs:441:11)
  +       at Object.json (file:///Users/mohammedkalouti/Documents/Codex/2026-09-27/i/work/art-generation-consumer-v1/source/client/.test-runtime/art-generation-consumer.test.mjs:492:89)
  +       at ArtLibrary.loadSheet (file:///Users/mohammedkalouti/Documents/Codex/2026-09-27/i/work/art-generation-consumer-v1/source/client/.test-runtime/art-generation-consumer.test.mjs:943:85)
  +       at async Promise.all (index 69)
  +       at async TestContext.<anonymous> (file:///Users/mohammedkalouti/Documents/Codex/2026-09-27/i/work/art-generation-consumer-v1/source/client/.test-runtime/art-generation-consumer.test.mjs:1277:18)
  +       at async Test.run (node:internal/test_runner/test:1389:7)
  +       at async Test.processPendingSubtests (node:internal/test_runner/test:960:7) {
  +     code: 'asset_busy',
  +     details: undefined,
  +     recoverable: true
  +   },
  +   _RuntimeError: The bounded asset request queue is full.
  +       at fail2 (file:///Users/mohammedkalouti/Documents/Codex/2026-09-27/i/work/art-generation-consumer-v1/source/client/.test-runtime/art-generation-consumer.test.mjs:253:9)
  +       at acquire (file:///Users/mohammedkalouti/Documents/Codex/2026-09-27/i/work/art-generation-consumer-v1/source/client/.test-runtime/art-generation-consumer.test.mjs:409:31)
  +       at read (file:///Users/mohammedkalouti/Documents/Codex/2026-09-27/i/work/art-generation-consumer-v1/source/client/.test-runtime/art-generation-consumer.test.mjs:441:11)
  +       at Object.json (file:///Users/mohammedkalouti/Documents/Codex/2026-09-27/i/work/art-generation-consumer-v1/source/client/.test-runtime/art-generation-consumer.test.mjs:492:89)
  +       at ArtLibrary.loadSheet (file:///Users/mohammedkalouti/Documents/Codex/2026-09-27/i/work/art-generation-consumer-v1/source/client/.test-runtime/art-generation-consumer.test.mjs:943:85)
  +       at async Promise.all (index 70)
  +       at async TestContext.<anonymous> (file:///Users/mohammedkalouti/Documents/Codex/2026-09-27/i/work/art-generation-consumer-v1/source/client/.test-runtime/art-generation-consumer.test.mjs:1277:18)
  +       at async Test.run (node:internal/test_runner/test:1389:7)
  +       at async Test.processPendingSubtests (node:internal/test_runner/test:960:7) {
  +     code: 'asset_busy',
  +     details: undefined,
  +     recoverable: true
  +   },
  +   _RuntimeError: The bounded asset request queue is full.
  +       at fail2 (file:///Users/mohammedkalouti/Documents/Codex/2026-09-27/i/work/art-generation-consumer-v1/source/client/.test-runtime/art-generation-consumer.test.mjs:253:9)
  +       at acquire (file:///Users/mohammedkalouti/Documents/Codex/2026-09-27/i/work/art-generation-consumer-v1/source/client/.test-runtime/art-generation-consumer.test.mjs:409:31)
  +       at read (file:///Users/mohammedkalouti/Documents/Codex/2026-09-27/i/work/art-generation-consumer-v1/source/client/.test-runtime/art-generation-consumer.test.mjs:441:11)
  +       at Object.json (file:///Users/mohammedkalouti/Documents/Codex/2026-09-27/i/work/art-generation-consumer-v1/source/client/.test-runtime/art-generation-consumer.test.mjs:492:89)
  +       at ArtLibrary.loadSheet (file:///Users/mohammedkalouti/Documents/Codex/2026-09-27/i/work/art-generation-consumer-v1/source/client/.test-runtime/art-generation-consumer.test.mjs:943:85)
  +       at async Promise.all (index 71)
  +       at async TestContext.<anonymous> (file:///Users/mohammedkalouti/Documents/Codex/2026-09-27/i/work/art-generation-consumer-v1/source/client/.test-runtime/art-generation-consumer.test.mjs:1277:18)
  +       at async Test.run (node:internal/test_runner/test:1389:7)
  +       at async Test.processPendingSubtests (node:internal/test_runner/test:960:7) {
  +     code: 'asset_busy',
  +     details: undefined,
  +     recoverable: true
  +   },
  +   _RuntimeError: The bounded asset request queue is full.
  +       at fail2 (file:///Users/mohammedkalouti/Documents/Codex/2026-09-27/i/work/art-generation-consumer-v1/source/client/.test-runtime/art-generation-consumer.test.mjs:253:9)
  +       at acquire (file:///Users/mohammedkalouti/Documents/Codex/2026-09-27/i/work/art-generation-consumer-v1/source/client/.test-runtime/art-generation-consumer.test.mjs:409:31)
  +       at read (file:///Users/mohammedkalouti/Documents/Codex/2026-09-27/i/work/art-generation-consumer-v1/source/client/.test-runtime/art-generation-consumer.test.mjs:441:11)
  +       at Object.json (file:///Users/mohammedkalouti/Documents/Codex/2026-09-27/i/work/art-generation-consumer-v1/source/client/.test-runtime/art-generation-consumer.test.mjs:492:89)
  +       at ArtLibrary.loadSheet (file:///Users/mohammedkalouti/Documents/Codex/2026-09-27/i/work/art-generation-consumer-v1/source/client/.test-runtime/art-generation-consumer.test.mjs:943:85)
  +       at async Promise.all (index 72)
  +       at async TestContext.<anonymous> (file:///Users/mohammedkalouti/Documents/Codex/2026-09-27/i/work/art-generation-consumer-v1/source/client/.test-runtime/art-generation-consumer.test.mjs:1277:18)
  +       at async Test.run (node:internal/test_runner/test:1389:7)
  +       at async Test.processPendingSubtests (node:internal/test_runner/test:960:7) {
  +     code: 'asset_busy',
  +     details: undefined,
  +     recoverable: true
  +   },
  +   _RuntimeError: The bounded asset request queue is full.
  +       at fail2 (file:///Users/mohammedkalouti/Documents/Codex/2026-09-27/i/work/art-generation-consumer-v1/source/client/.test-runtime/art-generation-consumer.test.mjs:253:9)
  +       at acquire (file:///Users/mohammedkalouti/Documents/Codex/2026-09-27/i/work/art-generation-consumer-v1/source/client/.test-runtime/art-generation-consumer.test.mjs:409:31)
  +       at read (file:///Users/mohammedkalouti/Documents/Codex/2026-09-27/i/work/art-generation-consumer-v1/source/client/.test-runtime/art-generation-consumer.test.mjs:441:11)
  +       at Object.json (file:///Users/mohammedkalouti/Documents/Codex/2026-09-27/i/work/art-generation-consumer-v1/source/client/.test-runtime/art-generation-consumer.test.mjs:492:89)
  +       at ArtLibrary.loadSheet (file:///Users/mohammedkalouti/Documents/Codex/2026-09-27/i/work/art-generation-consumer-v1/source/client/.test-runtime/art-generation-consumer.test.mjs:943:85)
  +       at async Promise.all (index 73)
  +       at async TestContext.<anonymous> (file:///Users/mohammedkalouti/Documents/Codex/2026-09-27/i/work/art-generation-consumer-v1/source/client/.test-runtime/art-generation-consumer.test.mjs:1277:18)
  +       at async Test.run (node:internal/test_runner/test:1389:7)
  +       at async Test.processPendingSubtests (node:internal/test_runner/test:960:7) {
  +     code: 'asset_busy',
  +     details: undefined,
  +     recoverable: true
  +   },
  +   _RuntimeError: The bounded asset request queue is full.
  +       at fail2 (file:///Users/mohammedkalouti/Documents/Codex/2026-09-27/i/work/art-generation-consumer-v1/source/client/.test-runtime/art-generation-consumer.test.mjs:253:9)
  +       at acquire (file:///Users/mohammedkalouti/Documents/Codex/2026-09-27/i/work/art-generation-consumer-v1/source/client/.test-runtime/art-generation-consumer.test.mjs:409:31)
  +       at read (file:///Users/mohammedkalouti/Documents/Codex/2026-09-27/i/work/art-generation-consumer-v1/source/client/.test-runtime/art-generation-consumer.test.mjs:441:11)
  +       at Object.json (file:///Users/mohammedkalouti/Documents/Codex/2026-09-27/i/work/art-generation-consumer-v1/source/client/.test-runtime/art-generation-consumer.test.mjs:492:89)
  +       at ArtLibrary.loadSheet (file:///Users/mohammedkalouti/Documents/Codex/2026-09-27/i/work/art-generation-consumer-v1/source/client/.test-runtime/art-generation-consumer.test.mjs:943:85)
  +       at async Promise.all (index 74)
  +       at async TestContext.<anonymous> (file:///Users/mohammedkalouti/Documents/Codex/2026-09-27/i/work/art-generation-consumer-v1/source/client/.test-runtime/art-generation-consumer.test.mjs:1277:18)
  +       at async Test.run (node:internal/test_runner/test:1389:7)
  +       at async Test.processPendingSubtests (node:internal/test_runner/test:960:7) {
  +     code: 'asset_busy',
  +     details: undefined,
  +     recoverable: true
  +   },
  +   _RuntimeError: The bounded asset request queue is full.
  +       at fail2 (file:///Users/mohammedkalouti/Documents/Codex/2026-09-27/i/work/art-generation-consumer-v1/source/client/.test-runtime/art-generation-consumer.test.mjs:253:9)
  +       at acquire (file:///Users/mohammedkalouti/Documents/Codex/2026-09-27/i/work/art-generation-consumer-v1/source/client/.test-runtime/art-generation-consumer.test.mjs:409:31)
  +       at read (file:///Users/mohammedkalouti/Documents/Codex/2026-09-27/i/work/art-generation-consumer-v1/source/client/.test-runtime/art-generation-consumer.test.mjs:441:11)
  +       at Object.json (file:///Users/mohammedkalouti/Documents/Codex/2026-09-27/i/work/art-generation-consumer-v1/source/client/.test-runtime/art-generation-consumer.test.mjs:492:89)
  +       at ArtLibrary.loadSheet (file:///Users/mohammedkalouti/Documents/Codex/2026-09-27/i/work/art-generation-consumer-v1/source/client/.test-runtime/art-generation-consumer.test.mjs:943:85)
  +       at async Promise.all (index 75)
  +       at async TestContext.<anonymous> (file:///Users/mohammedkalouti/Documents/Codex/2026-09-27/i/work/art-generation-consumer-v1/source/client/.test-runtime/art-generation-consumer.test.mjs:1277:18)
  +       at async Test.run (node:internal/test_runner/test:1389:7)
  +       at async Test.processPendingSubtests (node:internal/test_runner/test:960:7) {
  +     code: 'asset_busy',
  +     details: undefined,
  +     recoverable: true
  +   },
  +   _RuntimeError: The bounded asset request queue is full.
  +       at fail2 (file:///Users/mohammedkalouti/Documents/Codex/2026-09-27/i/work/art-generation-consumer-v1/source/client/.test-runtime/art-generation-consumer.test.mjs:253:9)
  +       at acquire (file:///Users/mohammedkalouti/Documents/Codex/2026-09-27/i/work/art-generation-consumer-v1/source/client/.test-runtime/art-generation-consumer.test.mjs:409:31)
  +       at read (file:///Users/mohammedkalouti/Documents/Codex/2026-09-27/i/work/art-generation-consumer-v1/source/client/.test-runtime/art-generation-consumer.test.mjs:441:11)
  +       at Object.json (file:///Users/mohammedkalouti/Documents/Codex/2026-09-27/i/work/art-generation-consumer-v1/source/client/.test-runtime/art-generation-consumer.test.mjs:492:89)
  +       at ArtLibrary.loadSheet (file:///Users/mohammedkalouti/Documents/Codex/2026-09-27/i/work/art-generation-consumer-v1/source/client/.test-runtime/art-generation-consumer.test.mjs:943:85)
  +       at async Promise.all (index 76)
  +       at async TestContext.<anonymous> (file:///Users/mohammedkalouti/Documents/Codex/2026-09-27/i/work/art-generation-consumer-v1/source/client/.test-runtime/art-generation-consumer.test.mjs:1277:18)
  +       at async Test.run (node:internal/test_runner/test:1389:7)
  +       at async Test.processPendingSubtests (node:internal/test_runner/test:960:7) {
  +     code: 'asset_busy',
  +     details: undefined,
  +     recoverable: true
  +   },
  +   _RuntimeError: The bounded asset request queue is full.
  +       at fail2 (file:///Users/mohammedkalouti/Documents/Codex/2026-09-27/i/work/art-generation-consumer-v1/source/client/.test-runtime/art-generation-consumer.test.mjs:253:9)
  +       at acquire (file:///Users/mohammedkalouti/Documents/Codex/2026-09-27/i/work/art-generation-consumer-v1/source/client/.test-runtime/art-generation-consumer.test.mjs:409:31)
  +       at read (file:///Users/mohammedkalouti/Documents/Codex/2026-09-27/i/work/art-generation-consumer-v1/source/client/.test-runtime/art-generation-consumer.test.mjs:441:11)
  +       at Object.json (file:///Users/mohammedkalouti/Documents/Codex/2026-09-27/i/work/art-generation-consumer-v1/source/client/.test-runtime/art-generation-consumer.test.mjs:492:89)
  +       at ArtLibrary.loadSheet (file:///Users/mohammedkalouti/Documents/Codex/2026-09-27/i/work/art-generation-consumer-v1/source/client/.test-runtime/art-generation-consumer.test.mjs:943:85)
  +       at async Promise.all (index 77)
  +       at async TestContext.<anonymous> (file:///Users/mohammedkalouti/Documents/Codex/2026-09-27/i/work/art-generation-consumer-v1/source/client/.test-runtime/art-generation-consumer.test.mjs:1277:18)
  +       at async Test.run (node:internal/test_runner/test:1389:7)
  +       at async Test.processPendingSubtests (node:internal/test_runner/test:960:7) {
  +     code: 'asset_busy',
  +     details: undefined,
  +     recoverable: true
  +   },
  +   _RuntimeError: The bounded asset request queue is full.
  +       at fail2 (file:///Users/mohammedkalouti/Documents/Codex/2026-09-27/i/work/art-generation-consumer-v1/source/client/.test-runtime/art-generation-consumer.test.mjs:253:9)
  +       at acquire (file:///Users/mohammedkalouti/Documents/Codex/2026-09-27/i/work/art-generation-consumer-v1/source/client/.test-runtime/art-generation-consumer.test.mjs:409:31)
  +       at read (file:///Users/mohammedkalouti/Documents/Codex/2026-09-27/i/work/art-generation-consumer-v1/source/client/.test-runtime/art-generation-consumer.test.mjs:441:11)
  +       at Object.json (file:///Users/mohammedkalouti/Documents/Codex/2026-09-27/i/work/art-generation-consumer-v1/source/client/.test-runtime/art-generation-consumer.test.mjs:492:89)
  +       at ArtLibrary.loadSheet (file:///Users/mohammedkalouti/Documents/Codex/2026-09-27/i/work/art-generation-consumer-v1/source/client/.test-runtime/art-generation-consumer.test.mjs:943:85)
  +       at async Promise.all (index 78)
  +       at async TestContext.<anonymous> (file:///Users/mohammedkalouti/Documents/Codex/2026-09-27/i/work/art-generation-consumer-v1/source/client/.test-runtime/art-generation-consumer.test.mjs:1277:18)
  +       at async Test.run (node:internal/test_runner/test:1389:7)
  +       at async Test.processPendingSubtests (node:internal/test_runner/test:960:7) {
  +     code: 'asset_busy',
  +     details: undefined,
  +     recoverable: true
  +   },
  +   _RuntimeError: The bounded asset request queue is full.
  +       at fail2 (file:///Users/mohammedkalouti/Documents/Codex/2026-09-27/i/work/art-generation-consumer-v1/source/client/.test-runtime/art-generation-consumer.test.mjs:253:9)
  +       at acquire (file:///Users/mohammedkalouti/Documents/Codex/2026-09-27/i/work/art-generation-consumer-v1/source/client/.test-runtime/art-generation-consumer.test.mjs:409:31)
  +       at read (file:///Users/mohammedkalouti/Documents/Codex/2026-09-27/i/work/art-generation-consumer-v1/source/client/.test-runtime/art-generation-consumer.test.mjs:441:11)
  +       at Object.json (file:///Users/mohammedkalouti/Documents/Codex/2026-09-27/i/work/art-generation-consumer-v1/source/client/.test-runtime/art-generation-consumer.test.mjs:492:89)
  +       at ArtLibrary.loadSheet (file:///Users/mohammedkalouti/Documents/Codex/2026-09-27/i/work/art-generation-consumer-v1/source/client/.test-runtime/art-generation-consumer.test.mjs:943:85)
  +       at async Promise.all (index 79)
  +       at async TestContext.<anonymous> (file:///Users/mohammedkalouti/Documents/Codex/2026-09-27/i/work/art-generation-consumer-v1/source/client/.test-runtime/art-generation-consumer.test.mjs:1277:18)
  +       at async Test.run (node:internal/test_runner/test:1389:7)
  +       at async Test.processPendingSubtests (node:internal/test_runner/test:960:7) {
  +     code: 'asset_busy',
  +     details: undefined,
  +     recoverable: true
  +   },
  +   _RuntimeError: The bounded asset request queue is full.
  +       at fail2 (file:///Users/mohammedkalouti/Documents/Codex/2026-09-27/i/work/art-generation-consumer-v1/source/client/.test-runtime/art-generation-consumer.test.mjs:253:9)
  +       at acquire (file:///Users/mohammedkalouti/Documents/Codex/2026-09-27/i/work/art-generation-consumer-v1/source/client/.test-runtime/art-generation-consumer.test.mjs:409:31)
  +       at read (file:///Users/mohammedkalouti/Documents/Codex/2026-09-27/i/work/art-generation-consumer-v1/source/client/.test-runtime/art-generation-consumer.test.mjs:441:11)
  +       at Object.json (file:///Users/mohammedkalouti/Documents/Codex/2026-09-27/i/work/art-generation-consumer-v1/source/client/.test-runtime/art-generation-consumer.test.mjs:492:89)
  +       at ArtLibrary.loadSheet (file:///Users/mohammedkalouti/Documents/Codex/2026-09-27/i/work/art-generation-consumer-v1/source/client/.test-runtime/art-generation-consumer.test.mjs:943:85)
  +       at async Promise.all (index 80)
  +       at async TestContext.<anonymous> (file:///Users/mohammedkalouti/Documents/Codex/2026-09-27/i/work/art-generation-consumer-v1/source/client/.test-runtime/art-generation-consumer.test.mjs:1277:18)
  +       at async Test.run (node:internal/test_runner/test:1389:7)
  +       at async Test.processPendingSubtests (node:internal/test_runner/test:960:7) {
  +     code: 'asset_busy',
  +     details: undefined,
  +     recoverable: true
  +   },
  +   _RuntimeError: The bounded asset request queue is full.
  +       at fail2 (file:///Users/mohammedkalouti/Documents/Codex/2026-09-27/i/work/art-generation-consumer-v1/source/client/.test-runtime/art-generation-consumer.test.mjs:253:9)
  +       at acquire (file:///Users/mohammedkalouti/Documents/Codex/2026-09-27/i/work/art-generation-consumer-v1/source/client/.test-runtime/art-generation-consumer.test.mjs:409:31)
  +       at read (file:///Users/mohammedkalouti/Documents/Codex/2026-09-27/i/work/art-generation-consumer-v1/source/client/.test-runtime/art-generation-consumer.test.mjs:441:11)
  +       at Object.json (file:///Users/mohammedkalouti/Documents/Codex/2026-09-27/i/work/art-generation-consumer-v1/source/client/.test-runtime/art-generation-consumer.test.mjs:492:89)
  +       at ArtLibrary.loadSheet (file:///Users/mohammedkalouti/Documents/Codex/2026-09-27/i/work/art-generation-consumer-v1/source/client/.test-runtime/art-generation-consumer.test.mjs:943:85)
  +       at async Promise.all (index 81)
  +       at async TestContext.<anonymous> (file:///Users/mohammedkalouti/Documents/Codex/2026-09-27/i/work/art-generation-consumer-v1/source/client/.test-runtime/art-generation-consumer.test.mjs:1277:18)
  +       at async Test.run (node:internal/test_runner/test:1389:7)
  +       at async Test.processPendingSubtests (node:internal/test_runner/test:960:7) {
  +     code: 'asset_busy',
  +     details: undefined,
  +     recoverable: true
  +   },
  +   _RuntimeError: The bounded asset request queue is full.
  +       at fail2 (file:///Users/mohammedkalouti/Documents/Codex/2026-09-27/i/work/art-generation-consumer-v1/source/client/.test-runtime/art-generation-consumer.test.mjs:253:9)
  +       at acquire (file:///Users/mohammedkalouti/Documents/Codex/2026-09-27/i/work/art-generation-consumer-v1/source/client/.test-runtime/art-generation-consumer.test.mjs:409:31)
  +       at read (file:///Users/mohammedkalouti/Documents/Codex/2026-09-27/i/work/art-generation-consumer-v1/source/client/.test-runtime/art-generation-consumer.test.mjs:441:11)
  +       at Object.json (file:///Users/mohammedkalouti/Documents/Codex/2026-09-27/i/work/art-generation-consumer-v1/source/client/.test-runtime/art-generation-consumer.test.mjs:492:89)
  +       at ArtLibrary.loadSheet (file:///Users/mohammedkalouti/Documents/Codex/2026-09-27/i/work/art-generation-consumer-v1/source/client/.test-runtime/art-generation-consumer.test.mjs:943:85)
  +       at async Promise.all (index 82)
  +       at async TestContext.<anonymous> (file:///Users/mohammedkalouti/Documents/Codex/2026-09-27/i/work/art-generation-consumer-v1/source/client/.test-runtime/art-generation-consumer.test.mjs:1277:18)
  +       at async Test.run (node:internal/test_runner/test:1389:7)
  +       at async Test.processPendingSubtests (node:internal/test_runner/test:960:7) {
  +     code: 'asset_busy',
  +     details: undefined,
  +     recoverable: true
  +   },
  +   _RuntimeError: The bounded asset request queue is full.
  +       at fail2 (file:///Users/mohammedkalouti/Documents/Codex/2026-09-27/i/work/art-generation-consumer-v1/source/client/.test-runtime/art-generation-consumer.test.mjs:253:9)
  +       at acquire (file:///Users/mohammedkalouti/Documents/Codex/2026-09-27/i/work/art-generation-consumer-v1/source/client/.test-runtime/art-generation-consumer.test.mjs:409:31)
  +       at read (file:///Users/mohammedkalouti/Documents/Codex/2026-09-27/i/work/art-generation-consumer-v1/source/client/.test-runtime/art-generation-consumer.test.mjs:441:11)
  +       at Object.json (file:///Users/mohammedkalouti/Documents/Codex/2026-09-27/i/work/art-generation-consumer-v1/source/client/.test-runtime/art-generation-consumer.test.mjs:492:89)
  +       at ArtLibrary.loadSheet (file:///Users/mohammedkalouti/Documents/Codex/2026-09-27/i/work/art-generation-consumer-v1/source/client/.test-runtime/art-generation-consumer.test.mjs:943:85)
  +       at async Promise.all (index 83)
  +       at async TestContext.<anonymous> (file:///Users/mohammedkalouti/Documents/Codex/2026-09-27/i/work/art-generation-consumer-v1/source/client/.test-runtime/art-generation-consumer.test.mjs:1277:18)
  +       at async Test.run (node:internal/test_runner/test:1389:7)
  +       at async Test.processPendingSubtests (node:internal/test_runner/test:960:7) {
  +     code: 'asset_busy',
  +     details: undefined,
  +     recoverable: true
  +   },
  +   _RuntimeError: The bounded asset request queue is full.
  +       at fail2 (file:///Users/mohammedkalouti/Documents/Codex/2026-09-27/i/work/art-generation-consumer-v1/source/client/.test-runtime/art-generation-consumer.test.mjs:253:9)
  +       at acquire (file:///Users/mohammedkalouti/Documents/Codex/2026-09-27/i/work/art-generation-consumer-v1/source/client/.test-runtime/art-generation-consumer.test.mjs:409:31)
  +       at read (file:///Users/mohammedkalouti/Documents/Codex/2026-09-27/i/work/art-generation-consumer-v1/source/client/.test-runtime/art-generation-consumer.test.mjs:441:11)
  +       at Object.json (file:///Users/mohammedkalouti/Documents/Codex/2026-09-27/i/work/art-generation-consumer-v1/source/client/.test-runtime/art-generation-consumer.test.mjs:492:89)
  +       at ArtLibrary.loadSheet (file:///Users/mohammedkalouti/Documents/Codex/2026-09-27/i/work/art-generation-consumer-v1/source/client/.test-runtime/art-generation-consumer.test.mjs:943:85)
  +       at async Promise.all (index 84)
  +       at async TestContext.<anonymous> (file:///Users/mohammedkalouti/Documents/Codex/2026-09-27/i/work/art-generation-consumer-v1/source/client/.test-runtime/art-generation-consumer.test.mjs:1277:18)
  +       at async Test.run (node:internal/test_runner/test:1389:7)
  +       at async Test.processPendingSubtests (node:internal/test_runner/test:960:7) {
  +     code: 'asset_busy',
  +     details: undefined,
  +     recoverable: true
  +   },
  +   _RuntimeError: The bounded asset request queue is full.
  +       at fail2 (file:///Users/mohammedkalouti/Documents/Codex/2026-09-27/i/work/art-generation-consumer-v1/source/client/.test-runtime/art-generation-consumer.test.mjs:253:9)
  +       at acquire (file:///Users/mohammedkalouti/Documents/Codex/2026-09-27/i/work/art-generation-consumer-v1/source/client/.test-runtime/art-generation-consumer.test.mjs:409:31)
  +       at read (file:///Users/mohammedkalouti/Documents/Codex/2026-09-27/i/work/art-generation-consumer-v1/source/client/.test-runtime/art-generation-consumer.test.mjs:441:11)
  +       at Object.json (file:///Users/mohammedkalouti/Documents/Codex/2026-09-27/i/work/art-generation-consumer-v1/source/client/.test-runtime/art-generation-consumer.test.mjs:492:89)
  +       at ArtLibrary.loadSheet (file:///Users/mohammedkalouti/Documents/Codex/2026-09-27/i/work/art-generation-consumer-v1/source/client/.test-runtime/art-generation-consumer.test.mjs:943:85)
  +       at async Promise.all (index 85)
  +       at async TestContext.<anonymous> (file:///Users/mohammedkalouti/Documents/Codex/2026-09-27/i/work/art-generation-consumer-v1/source/client/.test-runtime/art-generation-consumer.test.mjs:1277:18)
  +       at async Test.run (node:internal/test_runner/test:1389:7)
  +       at async Test.processPendingSubtests (node:internal/test_runner/test:960:7) {
  +     code: 'asset_busy',
  +     details: undefined,
  +     recoverable: true
  +   },
  +   _RuntimeError: The bounded asset request queue is full.
  +       at fail2 (file:///Users/mohammedkalouti/Documents/Codex/2026-09-27/i/work/art-generation-consumer-v1/source/client/.test-runtime/art-generation-consumer.test.mjs:253:9)
  +       at acquire (file:///Users/mohammedkalouti/Documents/Codex/2026-09-27/i/work/art-generation-consumer-v1/source/client/.test-runtime/art-generation-consumer.test.mjs:409:31)
  +       at read (file:///Users/mohammedkalouti/Documents/Codex/2026-09-27/i/work/art-generation-consumer-v1/source/client/.test-runtime/art-generation-consumer.test.mjs:441:11)
  +       at Object.json (file:///Users/mohammedkalouti/Documents/Codex/2026-09-27/i/work/art-generation-consumer-v1/source/client/.test-runtime/art-generation-consumer.test.mjs:492:89)
  +       at ArtLibrary.loadSheet (file:///Users/mohammedkalouti/Documents/Codex/2026-09-27/i/work/art-generation-consumer-v1/source/client/.test-runtime/art-generation-consumer.test.mjs:943:85)
  +       at async Promise.all (index 86)
  +       at async TestContext.<anonymous> (file:///Users/mohammedkalouti/Documents/Codex/2026-09-27/i/work/art-generation-consumer-v1/source/client/.test-runtime/art-generation-consumer.test.mjs:1277:18)
  +       at async Test.run (node:internal/test_runner/test:1389:7)
  +       at async Test.processPendingSubtests (node:internal/test_runner/test:960:7) {
  +     code: 'asset_busy',
  +     details: undefined,
  +     recoverable: true
  +   },
  +   _RuntimeError: The bounded asset request queue is full.
  +       at fail2 (file:///Users/mohammedkalouti/Documents/Codex/2026-09-27/i/work/art-generation-consumer-v1/source/client/.test-runtime/art-generation-consumer.test.mjs:253:9)
  +       at acquire (file:///Users/mohammedkalouti/Documents/Codex/2026-09-27/i/work/art-generation-consumer-v1/source/client/.test-runtime/art-generation-consumer.test.mjs:409:31)
  +       at read (file:///Users/mohammedkalouti/Documents/Codex/2026-09-27/i/work/art-generation-consumer-v1/source/client/.test-runtime/art-generation-consumer.test.mjs:441:11)
  +       at Object.json (file:///Users/mohammedkalouti/Documents/Codex/2026-09-27/i/work/art-generation-consumer-v1/source/client/.test-runtime/art-generation-consumer.test.mjs:492:89)
  +       at ArtLibrary.loadSheet (file:///Users/mohammedkalouti/Documents/Codex/2026-09-27/i/work/art-generation-consumer-v1/source/client/.test-runtime/art-generation-consumer.test.mjs:943:85)
  +       at async Promise.all (index 87)
  +       at async TestContext.<anonymous> (file:///Users/mohammedkalouti/Documents/Codex/2026-09-27/i/work/art-generation-consumer-v1/source/client/.test-runtime/art-generation-consumer.test.mjs:1277:18)
  +       at async Test.run (node:internal/test_runner/test:1389:7)
  +       at async Test.processPendingSubtests (node:internal/test_runner/test:960:7) {
  +     code: 'asset_busy',
  +     details: undefined,
  +     recoverable: true
  +   },
  +   _RuntimeError: The bounded asset request queue is full.
  +       at fail2 (file:///Users/mohammedkalouti/Documents/Codex/2026-09-27/i/work/art-generation-consumer-v1/source/client/.test-runtime/art-generation-consumer.test.mjs:253:9)
  +       at acquire (file:///Users/mohammedkalouti/Documents/Codex/2026-09-27/i/work/art-generation-consumer-v1/source/client/.test-runtime/art-generation-consumer.test.mjs:409:31)
  +       at read (file:///Users/mohammedkalouti/Documents/Codex/2026-09-27/i/work/art-generation-consumer-v1/source/client/.test-runtime/art-generation-consumer.test.mjs:441:11)
  +       at Object.json (file:///Users/mohammedkalouti/Documents/Codex/2026-09-27/i/work/art-generation-consumer-v1/source/client/.test-runtime/art-generation-consumer.test.mjs:492:89)
  +       at ArtLibrary.loadSheet (file:///Users/mohammedkalouti/Documents/Codex/2026-09-27/i/work/art-generation-consumer-v1/source/client/.test-runtime/art-generation-consumer.test.mjs:943:85)
  +       at async Promise.all (index 88)
  +       at async TestContext.<anonymous> (file:///Users/mohammedkalouti/Documents/Codex/2026-09-27/i/work/art-generation-consumer-v1/source/client/.test-runtime/art-generation-consumer.test.mjs:1277:18)
  +       at async Test.run (node:internal/test_runner/test:1389:7)
  +       at async Test.processPendingSubtests (node:internal/test_runner/test:960:7) {
  +     code: 'asset_busy',
  +     details: undefined,
  +     recoverable: true
  +   },
  +   _RuntimeError: The bounded asset request queue is full.
  +       at fail2 (file:///Users/mohammedkalouti/Documents/Codex/2026-09-27/i/work/art-generation-consumer-v1/source/client/.test-runtime/art-generation-consumer.test.mjs:253:9)
  +       at acquire (file:///Users/mohammedkalouti/Documents/Codex/2026-09-27/i/work/art-generation-consumer-v1/source/client/.test-runtime/art-generation-consumer.test.mjs:409:31)
  +       at read (file:///Users/mohammedkalouti/Documents/Codex/2026-09-27/i/work/art-generation-consumer-v1/source/client/.test-runtime/art-generation-consumer.test.mjs:441:11)
  +       at Object.json (file:///Users/mohammedkalouti/Documents/Codex/2026-09-27/i/work/art-generation-consumer-v1/source/client/.test-runtime/art-generation-consumer.test.mjs:492:89)
  +       at ArtLibrary.loadSheet (file:///Users/mohammedkalouti/Documents/Codex/2026-09-27/i/work/art-generation-consumer-v1/source/client/.test-runtime/art-generation-consumer.test.mjs:943:85)
  +       at async Promise.all (index 89)
  +       at async TestContext.<anonymous> (file:///Users/mohammedkalouti/Documents/Codex/2026-09-27/i/work/art-generation-consumer-v1/source/client/.test-runtime/art-generation-consumer.test.mjs:1277:18)
  +       at async Test.run (node:internal/test_runner/test:1389:7)
  +       at async Test.processPendingSubtests (node:internal/test_runner/test:960:7) {
  +     code: 'asset_busy',
  +     details: undefined,
  +     recoverable: true
  +   },
  +   _RuntimeError: The bounded asset request queue is full.
  +       at fail2 (file:///Users/mohammedkalouti/Documents/Codex/2026-09-27/i/work/art-generation-consumer-v1/source/client/.test-runtime/art-generation-consumer.test.mjs:253:9)
  +       at acquire (file:///Users/mohammedkalouti/Documents/Codex/2026-09-27/i/work/art-generation-consumer-v1/source/client/.test-runtime/art-generation-consumer.test.mjs:409:31)
  +       at read (file:///Users/mohammedkalouti/Documents/Codex/2026-09-27/i/work/art-generation-consumer-v1/source/client/.test-runtime/art-generation-consumer.test.mjs:441:11)
  +       at Object.json (file:///Users/mohammedkalouti/Documents/Codex/2026-09-27/i/work/art-generation-consumer-v1/source/client/.test-runtime/art-generation-consumer.test.mjs:492:89)
  +       at ArtLibrary.loadSheet (file:///Users/mohammedkalouti/Documents/Codex/2026-09-27/i/work/art-generation-consumer-v1/source/client/.test-runtime/art-generation-consumer.test.mjs:943:85)
  +       at async Promise.all (index 90)
  +       at async TestContext.<anonymous> (file:///Users/mohammedkalouti/Documents/Codex/2026-09-27/i/work/art-generation-consumer-v1/source/client/.test-runtime/art-generation-consumer.test.mjs:1277:18)
  +       at async Test.run (node:internal/test_runner/test:1389:7)
  +       at async Test.processPendingSubtests (node:internal/test_runner/test:960:7) {
  +     code: 'asset_busy',
  +     details: undefined,
  +     recoverable: true
  +   },
  +   _RuntimeError: The bounded asset request queue is full.
  +       at fail2 (file:///Users/mohammedkalouti/Documents/Codex/2026-09-27/i/work/art-generation-consumer-v1/source/client/.test-runtime/art-generation-consumer.test.mjs:253:9)
  +       at acquire (file:///Users/mohammedkalouti/Documents/Codex/2026-09-27/i/work/art-generation-consumer-v1/source/client/.test-runtime/art-generation-consumer.test.mjs:409:31)
  +       at read (file:///Users/mohammedkalouti/Documents/Codex/2026-09-27/i/work/art-generation-consumer-v1/source/client/.test-runtime/art-generation-consumer.test.mjs:441:11)
  +       at Object.json (file:///Users/mohammedkalouti/Documents/Codex/2026-09-27/i/work/art-generation-consumer-v1/source/client/.test-runtime/art-generation-consumer.test.mjs:492:89)
  +       at ArtLibrary.loadSheet (file:///Users/mohammedkalouti/Documents/Codex/2026-09-27/i/work/art-generation-consumer-v1/source/client/.test-runtime/art-generation-consumer.test.mjs:943:85)
  +       at async Promise.all (index 91)
  +       at async TestContext.<anonymous> (file:///Users/mohammedkalouti/Documents/Codex/2026-09-27/i/work/art-generation-consumer-v1/source/client/.test-runtime/art-generation-consumer.test.mjs:1277:18)
  +       at async Test.run (node:internal/test_runner/test:1389:7)
  +       at async Test.processPendingSubtests (node:internal/test_runner/test:960:7) {
  +     code: 'asset_busy',
  +     details: undefined,
  +     recoverable: true
  +   },
  +   _RuntimeError: The bounded asset request queue is full.
  +       at fail2 (file:///Users/mohammedkalouti/Documents/Codex/2026-09-27/i/work/art-generation-consumer-v1/source/client/.test-runtime/art-generation-consumer.test.mjs:253:9)
  +       at acquire (file:///Users/mohammedkalouti/Documents/Codex/2026-09-27/i/work/art-generation-consumer-v1/source/client/.test-runtime/art-generation-consumer.test.mjs:409:31)
  +       at read (file:///Users/mohammedkalouti/Documents/Codex/2026-09-27/i/work/art-generation-consumer-v1/source/client/.test-runtime/art-generation-consumer.test.mjs:441:11)
  +       at Object.json (file:///Users/mohammedkalouti/Documents/Codex/2026-09-27/i/work/art-generation-consumer-v1/source/client/.test-runtime/art-generation-consumer.test.mjs:492:89)
  +       at ArtLibrary.loadSheet (file:///Users/mohammedkalouti/Documents/Codex/2026-09-27/i/work/art-generation-consumer-v1/source/client/.test-runtime/art-generation-consumer.test.mjs:943:85)
  +       at async Promise.all (index 92)
  +       at async TestContext.<anonymous> (file:///Users/mohammedkalouti/Documents/Codex/2026-09-27/i/work/art-generation-consumer-v1/source/client/.test-runtime/art-generation-consumer.test.mjs:1277:18)
  +       at async Test.run (node:internal/test_runner/test:1389:7)
  +       at async Test.processPendingSubtests (node:internal/test_runner/test:960:7) {
  +     code: 'asset_busy',
  +     details: undefined,
  +     recoverable: true
  +   },
  +   _RuntimeError: The bounded asset request queue is full.
  +       at fail2 (file:///Users/mohammedkalouti/Documents/Codex/2026-09-27/i/work/art-generation-consumer-v1/source/client/.test-runtime/art-generation-consumer.test.mjs:253:9)
  +       at acquire (file:///Users/mohammedkalouti/Documents/Codex/2026-09-27/i/work/art-generation-consumer-v1/source/client/.test-runtime/art-generation-consumer.test.mjs:409:31)
  +       at read (file:///Users/mohammedkalouti/Documents/Codex/2026-09-27/i/work/art-generation-consumer-v1/source/client/.test-runtime/art-generation-consumer.test.mjs:441:11)
  +       at Object.json (file:///Users/mohammedkalouti/Documents/Codex/2026-09-27/i/work/art-generation-consumer-v1/source/client/.test-runtime/art-generation-consumer.test.mjs:492:89)
  +       at ArtLibrary.loadSheet (file:///Users/mohammedkalouti/Documents/Codex/2026-09-27/i/work/art-generation-consumer-v1/source/client/.test-runtime/art-generation-consumer.test.mjs:943:85)
  +       at async Promise.all (index 93)
  +       at async TestContext.<anonymous> (file:///Users/mohammedkalouti/Documents/Codex/2026-09-27/i/work/art-generation-consumer-v1/source/client/.test-runtime/art-generation-consumer.test.mjs:1277:18)
  +       at async Test.run (node:internal/test_runner/test:1389:7)
  +       at async Test.processPendingSubtests (node:internal/test_runner/test:960:7) {
  +     code: 'asset_busy',
  +     details: undefined,
  +     recoverable: true
  +   },
  +   _RuntimeError: The bounded asset request queue is full.
  +       at fail2 (file:///Users/mohammedkalouti/Documents/Codex/2026-09-27/i/work/art-generation-consumer-v1/source/client/.test-runtime/art-generation-consumer.test.mjs:253:9)
  +       at acquire (file:///Users/mohammedkalouti/Documents/Codex/2026-09-27/i/work/art-generation-consumer-v1/source/client/.test-runtime/art-generation-consumer.test.mjs:409:31)
  +       at read (file:///Users/mohammedkalouti/Documents/Codex/2026-09-27/i/work/art-generation-consumer-v1/source/client/.test-runtime/art-generation-consumer.test.mjs:441:11)
  +       at Object.json (file:///Users/mohammedkalouti/Documents/Codex/2026-09-27/i/work/art-generation-consumer-v1/source/client/.test-runtime/art-generation-consumer.test.mjs:492:89)
  +       at ArtLibrary.loadSheet (file:///Users/mohammedkalouti/Documents/Codex/2026-09-27/i/work/art-generation-consumer-v1/source/client/.test-runtime/art-generation-consumer.test.mjs:943:85)
  +       at async Promise.all (index 94)
  +       at async TestContext.<anonymous> (file:///Users/mohammedkalouti/Documents/Codex/2026-09-27/i/work/art-generation-consumer-v1/source/client/.test-runtime/art-generation-consumer.test.mjs:1277:18)
  +       at async Test.run (node:internal/test_runner/test:1389:7)
  +       at async Test.processPendingSubtests (node:internal/test_runner/test:960:7) {
  +     code: 'asset_busy',
  +     details: undefined,
  +     recoverable: true
  +   },
  +   _RuntimeError: The bounded asset request queue is full.
  +       at fail2 (file:///Users/mohammedkalouti/Documents/Codex/2026-09-27/i/work/art-generation-consumer-v1/source/client/.test-runtime/art-generation-consumer.test.mjs:253:9)
  +       at acquire (file:///Users/mohammedkalouti/Documents/Codex/2026-09-27/i/work/art-generation-consumer-v1/source/client/.test-runtime/art-generation-consumer.test.mjs:409:31)
  +       at read (file:///Users/mohammedkalouti/Documents/Codex/2026-09-27/i/work/art-generation-consumer-v1/source/client/.test-runtime/art-generation-consumer.test.mjs:441:11)
  +       at Object.json (file:///Users/mohammedkalouti/Documents/Codex/2026-09-27/i/work/art-generation-consumer-v1/source/client/.test-runtime/art-generation-consumer.test.mjs:492:89)
  +       at ArtLibrary.loadSheet (file:///Users/mohammedkalouti/Documents/Codex/2026-09-27/i/work/art-generation-consumer-v1/source/client/.test-runtime/art-generation-consumer.test.mjs:943:85)
  +       at async Promise.all (index 95)
  +       at async TestContext.<anonymous> (file:///Users/mohammedkalouti/Documents/Codex/2026-09-27/i/work/art-generation-consumer-v1/source/client/.test-runtime/art-generation-consumer.test.mjs:1277:18)
  +       at async Test.run (node:internal/test_runner/test:1389:7)
  +       at async Test.processPendingSubtests (node:internal/test_runner/test:960:7) {
  +     code: 'asset_busy',
  +     details: undefined,
  +     recoverable: true
  +   },
  +   _RuntimeError: The bounded asset request queue is full.
  +       at fail2 (file:///Users/mohammedkalouti/Documents/Codex/2026-09-27/i/work/art-generation-consumer-v1/source/client/.test-runtime/art-generation-consumer.test.mjs:253:9)
  +       at acquire (file:///Users/mohammedkalouti/Documents/Codex/2026-09-27/i/work/art-generation-consumer-v1/source/client/.test-runtime/art-generation-consumer.test.mjs:409:31)
  +       at read (file:///Users/mohammedkalouti/Documents/Codex/2026-09-27/i/work/art-generation-consumer-v1/source/client/.test-runtime/art-generation-consumer.test.mjs:441:11)
  +       at Object.json (file:///Users/mohammedkalouti/Documents/Codex/2026-09-27/i/work/art-generation-consumer-v1/source/client/.test-runtime/art-generation-consumer.test.mjs:492:89)
  +       at ArtLibrary.loadSheet (file:///Users/mohammedkalouti/Documents/Codex/2026-09-27/i/work/art-generation-consumer-v1/source/client/.test-runtime/art-generation-consumer.test.mjs:943:85)
  +       at async Promise.all (index 96)
  +       at async TestContext.<anonymous> (file:///Users/mohammedkalouti/Documents/Codex/2026-09-27/i/work/art-generation-consumer-v1/source/client/.test-runtime/art-generation-consumer.test.mjs:1277:18)
  +       at async Test.run (node:internal/test_runner/test:1389:7)
  +       at async Test.processPendingSubtests (node:internal/test_runner/test:960:7) {
  +     code: 'asset_busy',
  +     details: undefined,
  +     recoverable: true
  +   },
  +   _RuntimeError: The bounded asset request queue is full.
  +       at fail2 (file:///Users/mohammedkalouti/Documents/Codex/2026-09-27/i/work/art-generation-consumer-v1/source/client/.test-runtime/art-generation-consumer.test.mjs:253:9)
  +       at acquire (file:///Users/mohammedkalouti/Documents/Codex/2026-09-27/i/work/art-generation-consumer-v1/source/client/.test-runtime/art-generation-consumer.test.mjs:409:31)
  +       at read (file:///Users/mohammedkalouti/Documents/Codex/2026-09-27/i/work/art-generation-consumer-v1/source/client/.test-runtime/art-generation-consumer.test.mjs:441:11)
  +       at Object.json (file:///Users/mohammedkalouti/Documents/Codex/2026-09-27/i/work/art-generation-consumer-v1/source/client/.test-runtime/art-generation-consumer.test.mjs:492:89)
  +       at ArtLibrary.loadSheet (file:///Users/mohammedkalouti/Documents/Codex/2026-09-27/i/work/art-generation-consumer-v1/source/client/.test-runtime/art-generation-consumer.test.mjs:943:85)
  +       at async Promise.all (index 97)
  +       at async TestContext.<anonymous> (file:///Users/mohammedkalouti/Documents/Codex/2026-09-27/i/work/art-generation-consumer-v1/source/client/.test-runtime/art-generation-consumer.test.mjs:1277:18)
  +       at async Test.run (node:internal/test_runner/test:1389:7)
  +       at async Test.processPendingSubtests (node:internal/test_runner/test:960:7) {
  +     code: 'asset_busy',
  +     details: undefined,
  +     recoverable: true
  +   },
  +   _RuntimeError: The bounded asset request queue is full.
  +       at fail2 (file:///Users/mohammedkalouti/Documents/Codex/2026-09-27/i/work/art-generation-consumer-v1/source/client/.test-runtime/art-generation-consumer.test.mjs:253:9)
  +       at acquire (file:///Users/mohammedkalouti/Documents/Codex/2026-09-27/i/work/art-generation-consumer-v1/source/client/.test-runtime/art-generation-consumer.test.mjs:409:31)
  +       at read (file:///Users/mohammedkalouti/Documents/Codex/2026-09-27/i/work/art-generation-consumer-v1/source/client/.test-runtime/art-generation-consumer.test.mjs:441:11)
  +       at Object.json (file:///Users/mohammedkalouti/Documents/Codex/2026-09-27/i/work/art-generation-consumer-v1/source/client/.test-runtime/art-generation-consumer.test.mjs:492:89)
  +       at ArtLibrary.loadSheet (file:///Users/mohammedkalouti/Documents/Codex/2026-09-27/i/work/art-generation-consumer-v1/source/client/.test-runtime/art-generation-consumer.test.mjs:943:85)
  +       at async Promise.all (index 98)
  +       at async TestContext.<anonymous> (file:///Users/mohammedkalouti/Documents/Codex/2026-09-27/i/work/art-generation-consumer-v1/source/client/.test-runtime/art-generation-consumer.test.mjs:1277:18)
  +       at async Test.run (node:internal/test_runner/test:1389:7)
  +       at async Test.processPendingSubtests (node:internal/test_runner/test:960:7) {
  +     code: 'asset_busy',
  +     details: undefined,
  +     recoverable: true
  +   },
  +   _RuntimeError: The bounded asset request queue is full.
  +       at fail2 (file:///Users/mohammedkalouti/Documents/Codex/2026-09-27/i/work/art-generation-consumer-v1/source/client/.test-runtime/art-generation-consumer.test.mjs:253:9)
  +       at acquire (file:///Users/mohammedkalouti/Documents/Codex/2026-09-27/i/work/art-generation-consumer-v1/source/client/.test-runtime/art-generation-consumer.test.mjs:409:31)
  +       at read (file:///Users/mohammedkalouti/Documents/Codex/2026-09-27/i/work/art-generation-consumer-v1/source/client/.test-runtime/art-generation-consumer.test.mjs:441:11)
  +       at Object.json (file:///Users/mohammedkalouti/Documents/Codex/2026-09-27/i/work/art-generation-consumer-v1/source/client/.test-runtime/art-generation-consumer.test.mjs:492:89)
  +       at ArtLibrary.loadSheet (file:///Users/mohammedkalouti/Documents/Codex/2026-09-27/i/work/art-generation-consumer-v1/source/client/.test-runtime/art-generation-consumer.test.mjs:943:85)
  +       at async Promise.all (index 99)
  +       at async TestContext.<anonymous> (file:///Users/mohammedkalouti/Documents/Codex/2026-09-27/i/work/art-generation-consumer-v1/source/client/.test-runtime/art-generation-consumer.test.mjs:1277:18)
  +       at async Test.run (node:internal/test_runner/test:1389:7)
  +       at async Test.processPendingSubtests (node:internal/test_runner/test:960:7) {
  +     code: 'asset_busy',
  +     details: undefined,
  +     recoverable: true
  +   },
  +   _RuntimeError: The bounded asset request queue is full.
  +       at fail2 (file:///Users/mohammedkalouti/Documents/Codex/2026-09-27/i/work/art-generation-consumer-v1/source/client/.test-runtime/art-generation-consumer.test.mjs:253:9)
  +       at acquire (file:///Users/mohammedkalouti/Documents/Codex/2026-09-27/i/work/art-generation-consumer-v1/source/client/.test-runtime/art-generation-consumer.test.mjs:409:31)
  +       at read (file:///Users/mohammedkalouti/Documents/Codex/2026-09-27/i/work/art-generation-consumer-v1/source/client/.test-runtime/art-generation-consumer.test.mjs:441:11)
  +       at Object.json (file:///Users/mohammedkalouti/Documents/Codex/2026-09-27/i/work/art-generation-consumer-v1/source/client/.test-runtime/art-generation-consumer.test.mjs:492:89)
  +       at ArtLibrary.loadSheet (file:///Users/mohammedkalouti/Documents/Codex/2026-09-27/i/work/art-generation-consumer-v1/source/client/.test-runtime/art-generation-consumer.test.mjs:943:85)
  +       at async Promise.all (index 100)
  +       at async TestContext.<anonymous> (file:///Users/mohammedkalouti/Documents/Codex/2026-09-27/i/work/art-generation-consumer-v1/source/client/.test-runtime/art-generation-consumer.test.mjs:1277:18)
  +       at async Test.run (node:internal/test_runner/test:1389:7)
  +       at async Test.processPendingSubtests (node:internal/test_runner/test:960:7) {
  +     code: 'asset_busy',
  +     details: undefined,
  +     recoverable: true
  +   },
  +   _RuntimeError: The bounded asset request queue is full.
  +       at fail2 (file:///Users/mohammedkalouti/Documents/Codex/2026-09-27/i/work/art-generation-consumer-v1/source/client/.test-runtime/art-generation-consumer.test.mjs:253:9)
  +       at acquire (file:///Users/mohammedkalouti/Documents/Codex/2026-09-27/i/work/art-generation-consumer-v1/source/client/.test-runtime/art-generation-consumer.test.mjs:409:31)
  +       at read (file:///Users/mohammedkalouti/Documents/Codex/2026-09-27/i/work/art-generation-consumer-v1/source/client/.test-runtime/art-generation-consumer.test.mjs:441:11)
  +       at Object.json (file:///Users/mohammedkalouti/Documents/Codex/2026-09-27/i/work/art-generation-consumer-v1/source/client/.test-runtime/art-generation-consumer.test.mjs:492:89)
  +       at ArtLibrary.loadSheet (file:///Users/mohammedkalouti/Documents/Codex/2026-09-27/i/work/art-generation-consumer-v1/source/client/.test-runtime/art-generation-consumer.test.mjs:943:85)
  +       at async Promise.all (index 101)
  +       at async TestContext.<anonymous> (file:///Users/mohammedkalouti/Documents/Codex/2026-09-27/i/work/art-generation-consumer-v1/source/client/.test-runtime/art-generation-consumer.test.mjs:1277:18)
  +       at async Test.run (node:internal/test_runner/test:1389:7)
  +       at async Test.processPendingSubtests (node:internal/test_runner/test:960:7) {
  +     code: 'asset_busy',
  +     details: undefined,
  +     recoverable: true
  +   },
  +   _RuntimeError: The bounded asset request queue is full.
  +       at fail2 (file:///Users/mohammedkalouti/Documents/Codex/2026-09-27/i/work/art-generation-consumer-v1/source/client/.test-runtime/art-generation-consumer.test.mjs:253:9)
  +       at acquire (file:///Users/mohammedkalouti/Documents/Codex/2026-09-27/i/work/art-generation-consumer-v1/source/client/.test-runtime/art-generation-consumer.test.mjs:409:31)
  +       at read (file:///Users/mohammedkalouti/Documents/Codex/2026-09-27/i/work/art-generation-consumer-v1/source/client/.test-runtime/art-generation-consumer.test.mjs:441:11)
  +       at Object.json (file:///Users/mohammedkalouti/Documents/Codex/2026-09-27/i/work/art-generation-consumer-v1/source/client/.test-runtime/art-generation-consumer.test.mjs:492:89)
  +       at ArtLibrary.loadSheet (file:///Users/mohammedkalouti/Documents/Codex/2026-09-27/i/work/art-generation-consumer-v1/source/client/.test-runtime/art-generation-consumer.test.mjs:943:85)
  +       at async Promise.all (index 102)
  +       at async TestContext.<anonymous> (file:///Users/mohammedkalouti/Documents/Codex/2026-09-27/i/work/art-generation-consumer-v1/source/client/.test-runtime/art-generation-consumer.test.mjs:1277:18)
  +       at async Test.run (node:internal/test_runner/test:1389:7)
  +       at async Test.processPendingSubtests (node:internal/test_runner/test:960:7) {
  +     code: 'asset_busy',
  +     details: undefined,
  +     recoverable: true
  +   },
  +   _RuntimeError: The bounded asset request queue is full.
  +       at fail2 (file:///Users/mohammedkalouti/Documents/Codex/2026-09-27/i/work/art-generation-consumer-v1/source/client/.test-runtime/art-generation-consumer.test.mjs:253:9)
  +       at acquire (file:///Users/mohammedkalouti/Documents/Codex/2026-09-27/i/work/art-generation-consumer-v1/source/client/.test-runtime/art-generation-consumer.test.mjs:409:31)
  +       at read (file:///Users/mohammedkalouti/Documents/Codex/2026-09-27/i/work/art-generation-consumer-v1/source/client/.test-runtime/art-generation-consumer.test.mjs:441:11)
  +       at Object.json (file:///Users/mohammedkalouti/Documents/Codex/2026-09-27/i/work/art-generation-consumer-v1/source/client/.test-runtime/art-generation-consumer.test.mjs:492:89)
  +       at ArtLibrary.loadSheet (file:///Users/mohammedkalouti/Documents/Codex/2026-09-27/i/work/art-generation-consumer-v1/source/client/.test-runtime/art-generation-consumer.test.mjs:943:85)
  +       at async Promise.all (index 103)
  +       at async TestContext.<anonymous> (file:///Users/mohammedkalouti/Documents/Codex/2026-09-27/i/work/art-generation-consumer-v1/source/client/.test-runtime/art-generation-consumer.test.mjs:1277:18)
  +       at async Test.run (node:internal/test_runner/test:1389:7)
  +       at async Test.processPendingSubtests (node:internal/test_runner/test:960:7) {
  +     code: 'asset_busy',
  +     details: undefined,
  +     recoverable: true
  +   },
  +   _RuntimeError: The bounded asset request queue is full.
  +       at fail2 (file:///Users/mohammedkalouti/Documents/Codex/2026-09-27/i/work/art-generation-consumer-v1/source/client/.test-runtime/art-generation-consumer.test.mjs:253:9)
  +       at acquire (file:///Users/mohammedkalouti/Documents/Codex/2026-09-27/i/work/art-generation-consumer-v1/source/client/.test-runtime/art-generation-consumer.test.mjs:409:31)
  +       at read (file:///Users/mohammedkalouti/Documents/Codex/2026-09-27/i/work/art-generation-consumer-v1/source/client/.test-runtime/art-generation-consumer.test.mjs:441:11)
  +       at Object.json (file:///Users/mohammedkalouti/Documents/Codex/2026-09-27/i/work/art-generation-consumer-v1/source/client/.test-runtime/art-generation-consumer.test.mjs:492:89)
  +       at ArtLibrary.loadSheet (file:///Users/mohammedkalouti/Documents/Codex/2026-09-27/i/work/art-generation-consumer-v1/source/client/.test-runtime/art-generation-consumer.test.mjs:943:85)
  +       at async Promise.all (index 104)
  +       at async TestContext.<anonymous> (file:///Users/mohammedkalouti/Documents/Codex/2026-09-27/i/work/art-generation-consumer-v1/source/client/.test-runtime/art-generation-consumer.test.mjs:1277:18)
  +       at async Test.run (node:internal/test_runner/test:1389:7)
  +       at async Test.processPendingSubtests (node:internal/test_runner/test:960:7) {
  +     code: 'asset_busy',
  +     details: undefined,
  +     recoverable: true
  +   },
  +   _RuntimeError: The bounded asset request queue is full.
  +       at fail2 (file:///Users/mohammedkalouti/Documents/Codex/2026-09-27/i/work/art-generation-consumer-v1/source/client/.test-runtime/art-generation-consumer.test.mjs:253:9)
  +       at acquire (file:///Users/mohammedkalouti/Documents/Codex/2026-09-27/i/work/art-generation-consumer-v1/source/client/.test-runtime/art-generation-consumer.test.mjs:409:31)
  +       at read (file:///Users/mohammedkalouti/Documents/Codex/2026-09-27/i/work/art-generation-consumer-v1/source/client/.test-runtime/art-generation-consumer.test.mjs:441:11)
  +       at Object.json (file:///Users/mohammedkalouti/Documents/Codex/2026-09-27/i/work/art-generation-consumer-v1/source/client/.test-runtime/art-generation-consumer.test.mjs:492:89)
  +       at ArtLibrary.loadSheet (file:///Users/mohammedkalouti/Documents/Codex/2026-09-27/i/work/art-generation-consumer-v1/source/client/.test-runtime/art-generation-consumer.test.mjs:943:85)
  +       at async Promise.all (index 105)
  +       at async TestContext.<anonymous> (file:///Users/mohammedkalouti/Documents/Codex/2026-09-27/i/work/art-generation-consumer-v1/source/client/.test-runtime/art-generation-consumer.test.mjs:1277:18)
  +       at async Test.run (node:internal/test_runner/test:1389:7)
  +       at async Test.processPendingSubtests (node:internal/test_runner/test:960:7) {
  +     code: 'asset_busy',
  +     details: undefined,
  +     recoverable: true
  +   },
  +   _RuntimeError: The bounded asset request queue is full.
  +       at fail2 (file:///Users/mohammedkalouti/Documents/Codex/2026-09-27/i/work/art-generation-consumer-v1/source/client/.test-runtime/art-generation-consumer.test.mjs:253:9)
  +       at acquire (file:///Users/mohammedkalouti/Documents/Codex/2026-09-27/i/work/art-generation-consumer-v1/source/client/.test-runtime/art-generation-consumer.test.mjs:409:31)
  +       at read (file:///Users/mohammedkalouti/Documents/Codex/2026-09-27/i/work/art-generation-consumer-v1/source/client/.test-runtime/art-generation-consumer.test.mjs:441:11)
  +       at Object.json (file:///Users/mohammedkalouti/Documents/Codex/2026-09-27/i/work/art-generation-consumer-v1/source/client/.test-runtime/art-generation-consumer.test.mjs:492:89)
  +       at ArtLibrary.loadSheet (file:///Users/mohammedkalouti/Documents/Codex/2026-09-27/i/work/art-generation-consumer-v1/source/client/.test-runtime/art-generation-consumer.test.mjs:943:85)
  +       at async Promise.all (index 106)
  +       at async TestContext.<anonymous> (file:///Users/mohammedkalouti/Documents/Codex/2026-09-27/i/work/art-generation-consumer-v1/source/client/.test-runtime/art-generation-consumer.test.mjs:1277:18)
  +       at async Test.run (node:internal/test_runner/test:1389:7)
  +       at async Test.processPendingSubtests (node:internal/test_runner/test:960:7) {
  +     code: 'asset_busy',
  +     details: undefined,
  +     recoverable: true
  +   },
  +   _RuntimeError: The bounded asset request queue is full.
  +       at fail2 (file:///Users/mohammedkalouti/Documents/Codex/2026-09-27/i/work/art-generation-consumer-v1/source/client/.test-runtime/art-generation-consumer.test.mjs:253:9)
  +       at acquire (file:///Users/mohammedkalouti/Documents/Codex/2026-09-27/i/work/art-generation-consumer-v1/source/client/.test-runtime/art-generation-consumer.test.mjs:409:31)
  +       at read (file:///Users/mohammedkalouti/Documents/Codex/2026-09-27/i/work/art-generation-consumer-v1/source/client/.test-runtime/art-generation-consumer.test.mjs:441:11)
  +       at Object.json (file:///Users/mohammedkalouti/Documents/Codex/2026-09-27/i/work/art-generation-consumer-v1/source/client/.test-runtime/art-generation-consumer.test.mjs:492:89)
  +       at ArtLibrary.loadSheet (file:///Users/mohammedkalouti/Documents/Codex/2026-09-27/i/work/art-generation-consumer-v1/source/client/.test-runtime/art-generation-consumer.test.mjs:943:85)
  +       at async Promise.all (index 107)
  +       at async TestContext.<anonymous> (file:///Users/mohammedkalouti/Documents/Codex/2026-09-27/i/work/art-generation-consumer-v1/source/client/.test-runtime/art-generation-consumer.test.mjs:1277:18)
  +       at async Test.run (node:internal/test_runner/test:1389:7)
  +       at async Test.processPendingSubtests (node:internal/test_runner/test:960:7) {
  +     code: 'asset_busy',
  +     details: undefined,
  +     recoverable: true
  +   },
  +   _RuntimeError: The bounded asset request queue is full.
  +       at fail2 (file:///Users/mohammedkalouti/Documents/Codex/2026-09-27/i/work/art-generation-consumer-v1/source/client/.test-runtime/art-generation-consumer.test.mjs:253:9)
  +       at acquire (file:///Users/mohammedkalouti/Documents/Codex/2026-09-27/i/work/art-generation-consumer-v1/source/client/.test-runtime/art-generation-consumer.test.mjs:409:31)
  +       at read (file:///Users/mohammedkalouti/Documents/Codex/2026-09-27/i/work/art-generation-consumer-v1/source/client/.test-runtime/art-generation-consumer.test.mjs:441:11)
  +       at Object.json (file:///Users/mohammedkalouti/Documents/Codex/2026-09-27/i/work/art-generation-consumer-v1/source/client/.test-runtime/art-generation-consumer.test.mjs:492:89)
  +       at ArtLibrary.loadSheet (file:///Users/mohammedkalouti/Documents/Codex/2026-09-27/i/work/art-generation-consumer-v1/source/client/.test-runtime/art-generation-consumer.test.mjs:943:85)
  +       at async Promise.all (index 108)
  +       at async TestContext.<anonymous> (file:///Users/mohammedkalouti/Documents/Codex/2026-09-27/i/work/art-generation-consumer-v1/source/client/.test-runtime/art-generation-consumer.test.mjs:1277:18)
  +       at async Test.run (node:internal/test_runner/test:1389:7)
  +       at async Test.processPendingSubtests (node:internal/test_runner/test:960:7) {
  +     code: 'asset_busy',
  +     details: undefined,
  +     recoverable: true
  +   },
  +   _RuntimeError: The bounded asset request queue is full.
  +       at fail2 (file:///Users/mohammedkalouti/Documents/Codex/2026-09-27/i/work/art-generation-consumer-v1/source/client/.test-runtime/art-generation-consumer.test.mjs:253:9)
  +       at acquire (file:///Users/mohammedkalouti/Documents/Codex/2026-09-27/i/work/art-generation-consumer-v1/source/client/.test-runtime/art-generation-consumer.test.mjs:409:31)
  +       at read (file:///Users/mohammedkalouti/Documents/Codex/2026-09-27/i/work/art-generation-consumer-v1/source/client/.test-runtime/art-generation-consumer.test.mjs:441:11)
  +       at Object.json (file:///Users/mohammedkalouti/Documents/Codex/2026-09-27/i/work/art-generation-consumer-v1/source/client/.test-runtime/art-generation-consumer.test.mjs:492:89)
  +       at ArtLibrary.loadSheet (file:///Users/mohammedkalouti/Documents/Codex/2026-09-27/i/work/art-generation-consumer-v1/source/client/.test-runtime/art-generation-consumer.test.mjs:943:85)
  +       at async Promise.all (index 109)
  +       at async TestContext.<anonymous> (file:///Users/mohammedkalouti/Documents/Codex/2026-09-27/i/work/art-generation-consumer-v1/source/client/.test-runtime/art-generation-consumer.test.mjs:1277:18)
  +       at async Test.run (node:internal/test_runner/test:1389:7)
  +       at async Test.processPendingSubtests (node:internal/test_runner/test:960:7) {
  +     code: 'asset_busy',
  +     details: undefined,
  +     recoverable: true
  +   },
  +   _RuntimeError: The bounded asset request queue is full.
  +       at fail2 (file:///Users/mohammedkalouti/Documents/Codex/2026-09-27/i/work/art-generation-consumer-v1/source/client/.test-runtime/art-generation-consumer.test.mjs:253:9)
  +       at acquire (file:///Users/mohammedkalouti/Documents/Codex/2026-09-27/i/work/art-generation-consumer-v1/source/client/.test-runtime/art-generation-consumer.test.mjs:409:31)
  +       at read (file:///Users/mohammedkalouti/Documents/Codex/2026-09-27/i/work/art-generation-consumer-v1/source/client/.test-runtime/art-generation-consumer.test.mjs:441:11)
  +       at Object.json (file:///Users/mohammedkalouti/Documents/Codex/2026-09-27/i/work/art-generation-consumer-v1/source/client/.test-runtime/art-generation-consumer.test.mjs:492:89)
  +       at ArtLibrary.loadSheet (file:///Users/mohammedkalouti/Documents/Codex/2026-09-27/i/work/art-generation-consumer-v1/source/client/.test-runtime/art-generation-consumer.test.mjs:943:85)
  +       at async Promise.all (index 110)
  +       at async TestContext.<anonymous> (file:///Users/mohammedkalouti/Documents/Codex/2026-09-27/i/work/art-generation-consumer-v1/source/client/.test-runtime/art-generation-consumer.test.mjs:1277:18)
  +       at async Test.run (node:internal/test_runner/test:1389:7)
  +       at async Test.processPendingSubtests (node:internal/test_runner/test:960:7) {
  +     code: 'asset_busy',
  +     details: undefined,
  +     recoverable: true
  +   },
  +   _RuntimeError: The bounded asset request queue is full.
  +       at fail2 (file:///Users/mohammedkalouti/Documents/Codex/2026-09-27/i/work/art-generation-consumer-v1/source/client/.test-runtime/art-generation-consumer.test.mjs:253:9)
  +       at acquire (file:///Users/mohammedkalouti/Documents/Codex/2026-09-27/i/work/art-generation-consumer-v1/source/client/.test-runtime/art-generation-consumer.test.mjs:409:31)
  +       at read (file:///Users/mohammedkalouti/Documents/Codex/2026-09-27/i/work/art-generation-consumer-v1/source/client/.test-runtime/art-generation-consumer.test.mjs:441:11)
  +       at Object.json (file:///Users/mohammedkalouti/Documents/Codex/2026-09-27/i/work/art-generation-consumer-v1/source/client/.test-runtime/art-generation-consumer.test.mjs:492:89)
  +       at ArtLibrary.loadSheet (file:///Users/mohammedkalouti/Documents/Codex/2026-09-27/i/work/art-generation-consumer-v1/source/client/.test-runtime/art-generation-consumer.test.mjs:943:85)
  +       at async Promise.all (index 111)
  +       at async TestContext.<anonymous> (file:///Users/mohammedkalouti/Documents/Codex/2026-09-27/i/work/art-generation-consumer-v1/source/client/.test-runtime/art-generation-consumer.test.mjs:1277:18)
  +       at async Test.run (node:internal/test_runner/test:1389:7)
  +       at async Test.processPendingSubtests (node:internal/test_runner/test:960:7) {
  +     code: 'asset_busy',
  +     details: undefined,
  +     recoverable: true
  +   },
  +   _RuntimeError: The bounded asset request queue is full.
  +       at fail2 (file:///Users/mohammedkalouti/Documents/Codex/2026-09-27/i/work/art-generation-consumer-v1/source/client/.test-runtime/art-generation-consumer.test.mjs:253:9)
  +       at acquire (file:///Users/mohammedkalouti/Documents/Codex/2026-09-27/i/work/art-generation-consumer-v1/source/client/.test-runtime/art-generation-consumer.test.mjs:409:31)
  +       at read (file:///Users/mohammedkalouti/Documents/Codex/2026-09-27/i/work/art-generation-consumer-v1/source/client/.test-runtime/art-generation-consumer.test.mjs:441:11)
  +       at Object.json (file:///Users/mohammedkalouti/Documents/Codex/2026-09-27/i/work/art-generation-consumer-v1/source/client/.test-runtime/art-generation-consumer.test.mjs:492:89)
  +       at ArtLibrary.loadSheet (file:///Users/mohammedkalouti/Documents/Codex/2026-09-27/i/work/art-generation-consumer-v1/source/client/.test-runtime/art-generation-consumer.test.mjs:943:85)
  +       at async Promise.all (index 112)
  +       at async TestContext.<anonymous> (file:///Users/mohammedkalouti/Documents/Codex/2026-09-27/i/work/art-generation-consumer-v1/source/client/.test-runtime/art-generation-consumer.test.mjs:1277:18)
  +       at async Test.run (node:internal/test_runner/test:1389:7)
  +       at async Test.processPendingSubtests (node:internal/test_runner/test:960:7) {
  +     code: 'asset_busy',
  +     details: undefined,
  +     recoverable: true
  +   },
  +   _RuntimeError: The bounded asset request queue is full.
  +       at fail2 (file:///Users/mohammedkalouti/Documents/Codex/2026-09-27/i/work/art-generation-consumer-v1/source/client/.test-runtime/art-generation-consumer.test.mjs:253:9)
  +       at acquire (file:///Users/mohammedkalouti/Documents/Codex/2026-09-27/i/work/art-generation-consumer-v1/source/client/.test-runtime/art-generation-consumer.test.mjs:409:31)
  +       at read (file:///Users/mohammedkalouti/Documents/Codex/2026-09-27/i/work/art-generation-consumer-v1/source/client/.test-runtime/art-generation-consumer.test.mjs:441:11)
  +       at Object.json (file:///Users/mohammedkalouti/Documents/Codex/2026-09-27/i/work/art-generation-consumer-v1/source/client/.test-runtime/art-generation-consumer.test.mjs:492:89)
  +       at ArtLibrary.loadSheet (file:///Users/mohammedkalouti/Documents/Codex/2026-09-27/i/work/art-generation-consumer-v1/source/client/.test-runtime/art-generation-consumer.test.mjs:943:85)
  +       at async Promise.all (index 113)
  +       at async TestContext.<anonymous> (file:///Users/mohammedkalouti/Documents/Codex/2026-09-27/i/work/art-generation-consumer-v1/source/client/.test-runtime/art-generation-consumer.test.mjs:1277:18)
  +       at async Test.run (node:internal/test_runner/test:1389:7)
  +       at async Test.processPendingSubtests (node:internal/test_runner/test:960:7) {
  +     code: 'asset_busy',
  +     details: undefined,
  +     recoverable: true
  +   },
  +   _RuntimeError: The bounded asset request queue is full.
  +       at fail2 (file:///Users/mohammedkalouti/Documents/Codex/2026-09-27/i/work/art-generation-consumer-v1/source/client/.test-runtime/art-generation-consumer.test.mjs:253:9)
  +       at acquire (file:///Users/mohammedkalouti/Documents/Codex/2026-09-27/i/work/art-generation-consumer-v1/source/client/.test-runtime/art-generation-consumer.test.mjs:409:31)
  +       at read (file:///Users/mohammedkalouti/Documents/Codex/2026-09-27/i/work/art-generation-consumer-v1/source/client/.test-runtime/art-generation-consumer.test.mjs:441:11)
  +       at Object.json (file:///Users/mohammedkalouti/Documents/Codex/2026-09-27/i/work/art-generation-consumer-v1/source/client/.test-runtime/art-generation-consumer.test.mjs:492:89)
  +       at ArtLibrary.loadSheet (file:///Users/mohammedkalouti/Documents/Codex/2026-09-27/i/work/art-generation-consumer-v1/source/client/.test-runtime/art-generation-consumer.test.mjs:943:85)
  +       at async Promise.all (index 114)
  +       at async TestContext.<anonymous> (file:///Users/mohammedkalouti/Documents/Codex/2026-09-27/i/work/art-generation-consumer-v1/source/client/.test-runtime/art-generation-consumer.test.mjs:1277:18)
  +       at async Test.run (node:internal/test_runner/test:1389:7)
  +       at async Test.processPendingSubtests (node:internal/test_runner/test:960:7) {
  +     code: 'asset_busy',
  +     details: undefined,
  +     recoverable: true
  +   },
  +   _RuntimeError: The bounded asset request queue is full.
  +       at fail2 (file:///Users/mohammedkalouti/Documents/Codex/2026-09-27/i/work/art-generation-consumer-v1/source/client/.test-runtime/art-generation-consumer.test.mjs:253:9)
  +       at acquire (file:///Users/mohammedkalouti/Documents/Codex/2026-09-27/i/work/art-generation-consumer-v1/source/client/.test-runtime/art-generation-consumer.test.mjs:409:31)
  +       at read (file:///Users/mohammedkalouti/Documents/Codex/2026-09-27/i/work/art-generation-consumer-v1/source/client/.test-runtime/art-generation-consumer.test.mjs:441:11)
  +       at Object.json (file:///Users/mohammedkalouti/Documents/Codex/2026-09-27/i/work/art-generation-consumer-v1/source/client/.test-runtime/art-generation-consumer.test.mjs:492:89)
  +       at ArtLibrary.loadSheet (file:///Users/mohammedkalouti/Documents/Codex/2026-09-27/i/work/art-generation-consumer-v1/source/client/.test-runtime/art-generation-consumer.test.mjs:943:85)
  +       at async Promise.all (index 115)
  +       at async TestContext.<anonymous> (file:///Users/mohammedkalouti/Documents/Codex/2026-09-27/i/work/art-generation-consumer-v1/source/client/.test-runtime/art-generation-consumer.test.mjs:1277:18)
  +       at async Test.run (node:internal/test_runner/test:1389:7)
  +       at async Test.processPendingSubtests (node:internal/test_runner/test:960:7) {
  +     code: 'asset_busy',
  +     details: undefined,
  +     recoverable: true
  +   },
  +   _RuntimeError: The bounded asset request queue is full.
  +       at fail2 (file:///Users/mohammedkalouti/Documents/Codex/2026-09-27/i/work/art-generation-consumer-v1/source/client/.test-runtime/art-generation-consumer.test.mjs:253:9)
  +       at acquire (file:///Users/mohammedkalouti/Documents/Codex/2026-09-27/i/work/art-generation-consumer-v1/source/client/.test-runtime/art-generation-consumer.test.mjs:409:31)
  +       at read (file:///Users/mohammedkalouti/Documents/Codex/2026-09-27/i/work/art-generation-consumer-v1/source/client/.test-runtime/art-generation-consumer.test.mjs:441:11)
  +       at Object.json (file:///Users/mohammedkalouti/Documents/Codex/2026-09-27/i/work/art-generation-consumer-v1/source/client/.test-runtime/art-generation-consumer.test.mjs:492:89)
  +       at ArtLibrary.loadSheet (file:///Users/mohammedkalouti/Documents/Codex/2026-09-27/i/work/art-generation-consumer-v1/source/client/.test-runtime/art-generation-consumer.test.mjs:943:85)
  +       at async Promise.all (index 116)
  +       at async TestContext.<anonymous> (file:///Users/mohammedkalouti/Documents/Codex/2026-09-27/i/work/art-generation-consumer-v1/source/client/.test-runtime/art-generation-consumer.test.mjs:1277:18)
  +       at async Test.run (node:internal/test_runner/test:1389:7)
  +       at async Test.processPendingSubtests (node:internal/test_runner/test:960:7) {
  +     code: 'asset_busy',
  +     details: undefined,
  +     recoverable: true
  +   },
  +   _RuntimeError: The bounded asset request queue is full.
  +       at fail2 (file:///Users/mohammedkalouti/Documents/Codex/2026-09-27/i/work/art-generation-consumer-v1/source/client/.test-runtime/art-generation-consumer.test.mjs:253:9)
  +       at acquire (file:///Users/mohammedkalouti/Documents/Codex/2026-09-27/i/work/art-generation-consumer-v1/source/client/.test-runtime/art-generation-consumer.test.mjs:409:31)
  +       at read (file:///Users/mohammedkalouti/Documents/Codex/2026-09-27/i/work/art-generation-consumer-v1/source/client/.test-runtime/art-generation-consumer.test.mjs:441:11)
  +       at Object.json (file:///Users/mohammedkalouti/Documents/Codex/2026-09-27/i/work/art-generation-consumer-v1/source/client/.test-runtime/art-generation-consumer.test.mjs:492:89)
  +       at ArtLibrary.loadSheet (file:///Users/mohammedkalouti/Documents/Codex/2026-09-27/i/work/art-generation-consumer-v1/source/client/.test-runtime/art-generation-consumer.test.mjs:943:85)
  +       at async Promise.all (index 117)
  +       at async TestContext.<anonymous> (file:///Users/mohammedkalouti/Documents/Codex/2026-09-27/i/work/art-generation-consumer-v1/source/client/.test-runtime/art-generation-consumer.test.mjs:1277:18)
  +       at async Test.run (node:internal/test_runner/test:1389:7)
  +       at async Test.processPendingSubtests (node:internal/test_runner/test:960:7) {
  +     code: 'asset_busy',
  +     details: undefined,
  +     recoverable: true
  +   },
  +   _RuntimeError: The bounded asset request queue is full.
  +       at fail2 (file:///Users/mohammedkalouti/Documents/Codex/2026-09-27/i/work/art-generation-consumer-v1/source/client/.test-runtime/art-generation-consumer.test.mjs:253:9)
  +       at acquire (file:///Users/mohammedkalouti/Documents/Codex/2026-09-27/i/work/art-generation-consumer-v1/source/client/.test-runtime/art-generation-consumer.test.mjs:409:31)
  +       at read (file:///Users/mohammedkalouti/Documents/Codex/2026-09-27/i/work/art-generation-consumer-v1/source/client/.test-runtime/art-generation-consumer.test.mjs:441:11)
  +       at Object.json (file:///Users/mohammedkalouti/Documents/Codex/2026-09-27/i/work/art-generation-consumer-v1/source/client/.test-runtime/art-generation-consumer.test.mjs:492:89)
  +       at ArtLibrary.loadSheet (file:///Users/mohammedkalouti/Documents/Codex/2026-09-27/i/work/art-generation-consumer-v1/source/client/.test-runtime/art-generation-consumer.test.mjs:943:85)
  +       at async Promise.all (index 118)
  +       at async TestContext.<anonymous> (file:///Users/mohammedkalouti/Documents/Codex/2026-09-27/i/work/art-generation-consumer-v1/source/client/.test-runtime/art-generation-consumer.test.mjs:1277:18)
  +       at async Test.run (node:internal/test_runner/test:1389:7)
  +       at async Test.processPendingSubtests (node:internal/test_runner/test:960:7) {
  +     code: 'asset_busy',
  +     details: undefined,
  +     recoverable: true
  +   },
  +   _RuntimeError: The bounded asset request queue is full.
  +       at fail2 (file:///Users/mohammedkalouti/Documents/Codex/2026-09-27/i/work/art-generation-consumer-v1/source/client/.test-runtime/art-generation-consumer.test.mjs:253:9)
  +       at acquire (file:///Users/mohammedkalouti/Documents/Codex/2026-09-27/i/work/art-generation-consumer-v1/source/client/.test-runtime/art-generation-consumer.test.mjs:409:31)
  +       at read (file:///Users/mohammedkalouti/Documents/Codex/2026-09-27/i/work/art-generation-consumer-v1/source/client/.test-runtime/art-generation-consumer.test.mjs:441:11)
  +       at Object.json (file:///Users/mohammedkalouti/Documents/Codex/2026-09-27/i/work/art-generation-consumer-v1/source/client/.test-runtime/art-generation-consumer.test.mjs:492:89)
  +       at ArtLibrary.loadSheet (file:///Users/mohammedkalouti/Documents/Codex/2026-09-27/i/work/art-generation-consumer-v1/source/client/.test-runtime/art-generation-consumer.test.mjs:943:85)
  +       at async Promise.all (index 119)
  +       at async TestContext.<anonymous> (file:///Users/mohammedkalouti/Documents/Codex/2026-09-27/i/work/art-generation-consumer-v1/source/client/.test-runtime/art-generation-consumer.test.mjs:1277:18)
  +       at async Test.run (node:internal/test_runner/test:1389:7)
  +       at async Test.processPendingSubtests (node:internal/test_runner/test:960:7) {
  +     code: 'asset_busy',
  +     details: undefined,
  +     recoverable: true
  +   },
  +   _RuntimeError: The bounded asset request queue is full.
  +       at fail2 (file:///Users/mohammedkalouti/Documents/Codex/2026-09-27/i/work/art-generation-consumer-v1/source/client/.test-runtime/art-generation-consumer.test.mjs:253:9)
  +       at acquire (file:///Users/mohammedkalouti/Documents/Codex/2026-09-27/i/work/art-generation-consumer-v1/source/client/.test-runtime/art-generation-consumer.test.mjs:409:31)
  +       at read (file:///Users/mohammedkalouti/Documents/Codex/2026-09-27/i/work/art-generation-consumer-v1/source/client/.test-runtime/art-generation-consumer.test.mjs:441:11)
  +       at Object.json (file:///Users/mohammedkalouti/Documents/Codex/2026-09-27/i/work/art-generation-consumer-v1/source/client/.test-runtime/art-generation-consumer.test.mjs:492:89)
  +       at ArtLibrary.loadSheet (file:///Users/mohammedkalouti/Documents/Codex/2026-09-27/i/work/art-generation-consumer-v1/source/client/.test-runtime/art-generation-consumer.test.mjs:943:85)
  +       at async Promise.all (index 120)
  +       at async TestContext.<anonymous> (file:///Users/mohammedkalouti/Documents/Codex/2026-09-27/i/work/art-generation-consumer-v1/source/client/.test-runtime/art-generation-consumer.test.mjs:1277:18)
  +       at async Test.run (node:internal/test_runner/test:1389:7)
  +       at async Test.processPendingSubtests (node:internal/test_runner/test:960:7) {
  +     code: 'asset_busy',
  +     details: undefined,
  +     recoverable: true
  +   },
  +   _RuntimeError: The bounded asset request queue is full.
  +       at fail2 (file:///Users/mohammedkalouti/Documents/Codex/2026-09-27/i/work/art-generation-consumer-v1/source/client/.test-runtime/art-generation-consumer.test.mjs:253:9)
  +       at acquire (file:///Users/mohammedkalouti/Documents/Codex/2026-09-27/i/work/art-generation-consumer-v1/source/client/.test-runtime/art-generation-consumer.test.mjs:409:31)
  +       at read (file:///Users/mohammedkalouti/Documents/Codex/2026-09-27/i/work/art-generation-consumer-v1/source/client/.test-runtime/art-generation-consumer.test.mjs:441:11)
  +       at Object.json (file:///Users/mohammedkalouti/Documents/Codex/2026-09-27/i/work/art-generation-consumer-v1/source/client/.test-runtime/art-generation-consumer.test.mjs:492:89)
  +       at ArtLibrary.loadSheet (file:///Users/mohammedkalouti/Documents/Codex/2026-09-27/i/work/art-generation-consumer-v1/source/client/.test-runtime/art-generation-consumer.test.mjs:943:85)
  +       at async Promise.all (index 121)
  +       at async TestContext.<anonymous> (file:///Users/mohammedkalouti/Documents/Codex/2026-09-27/i/work/art-generation-consumer-v1/source/client/.test-runtime/art-generation-consumer.test.mjs:1277:18)
  +       at async Test.run (node:internal/test_runner/test:1389:7)
  +       at async Test.processPendingSubtests (node:internal/test_runner/test:960:7) {
  +     code: 'asset_busy',
  +     details: undefined,
  +     recoverable: true
  +   },
  +   _RuntimeError: The bounded asset request queue is full.
  +       at fail2 (file:///Users/mohammedkalouti/Documents/Codex/2026-09-27/i/work/art-generation-consumer-v1/source/client/.test-runtime/art-generation-consumer.test.mjs:253:9)
  +       at acquire (file:///Users/mohammedkalouti/Documents/Codex/2026-09-27/i/work/art-generation-consumer-v1/source/client/.test-runtime/art-generation-consumer.test.mjs:409:31)
  +       at read (file:///Users/mohammedkalouti/Documents/Codex/2026-09-27/i/work/art-generation-consumer-v1/source/client/.test-runtime/art-generation-consumer.test.mjs:441:11)
  +       at Object.json (file:///Users/mohammedkalouti/Documents/Codex/2026-09-27/i/work/art-generation-consumer-v1/source/client/.test-runtime/art-generation-consumer.test.mjs:492:89)
  +       at ArtLibrary.loadSheet (file:///Users/mohammedkalouti/Documents/Codex/2026-09-27/i/work/art-generation-consumer-v1/source/client/.test-runtime/art-generation-consumer.test.mjs:943:85)
  +       at async Promise.all (index 122)
  +       at async TestContext.<anonymous> (file:///Users/mohammedkalouti/Documents/Codex/2026-09-27/i/work/art-generation-consumer-v1/source/client/.test-runtime/art-generation-consumer.test.mjs:1277:18)
  +       at async Test.run (node:internal/test_runner/test:1389:7)
  +       at async Test.processPendingSubtests (node:internal/test_runner/test:960:7) {
  +     code: 'asset_busy',
  +     details: undefined,
  +     recoverable: true
  +   },
  +   _RuntimeError: The bounded asset request queue is full.
  +       at fail2 (file:///Users/mohammedkalouti/Documents/Codex/2026-09-27/i/work/art-generation-consumer-v1/source/client/.test-runtime/art-generation-consumer.test.mjs:253:9)
  +       at acquire (file:///Users/mohammedkalouti/Documents/Codex/2026-09-27/i/work/art-generation-consumer-v1/source/client/.test-runtime/art-generation-consumer.test.mjs:409:31)
  +       at read (file:///Users/mohammedkalouti/Documents/Codex/2026-09-27/i/work/art-generation-consumer-v1/source/client/.test-runtime/art-generation-consumer.test.mjs:441:11)
  +       at Object.json (file:///Users/mohammedkalouti/Documents/Codex/2026-09-27/i/work/art-generation-consumer-v1/source/client/.test-runtime/art-generation-consumer.test.mjs:492:89)
  +       at ArtLibrary.loadSheet (file:///Users/mohammedkalouti/Documents/Codex/2026-09-27/i/work/art-generation-consumer-v1/source/client/.test-runtime/art-generation-consumer.test.mjs:943:85)
  +       at async Promise.all (index 123)
  +       at async TestContext.<anonymous> (file:///Users/mohammedkalouti/Documents/Codex/2026-09-27/i/work/art-generation-consumer-v1/source/client/.test-runtime/art-generation-consumer.test.mjs:1277:18)
  +       at async Test.run (node:internal/test_runner/test:1389:7)
  +       at async Test.processPendingSubtests (node:internal/test_runner/test:960:7) {
  +     code: 'asset_busy',
  +     details: undefined,
  +     recoverable: true
  +   },
  +   _RuntimeError: The bounded asset request queue is full.
  +       at fail2 (file:///Users/mohammedkalouti/Documents/Codex/2026-09-27/i/work/art-generation-consumer-v1/source/client/.test-runtime/art-generation-consumer.test.mjs:253:9)
  +       at acquire (file:///Users/mohammedkalouti/Documents/Codex/2026-09-27/i/work/art-generation-consumer-v1/source/client/.test-runtime/art-generation-consumer.test.mjs:409:31)
  +       at read (file:///Users/mohammedkalouti/Documents/Codex/2026-09-27/i/work/art-generation-consumer-v1/source/client/.test-runtime/art-generation-consumer.test.mjs:441:11)
  +       at Object.json (file:///Users/mohammedkalouti/Documents/Codex/2026-09-27/i/work/art-generation-consumer-v1/source/client/.test-runtime/art-generation-consumer.test.mjs:492:89)
  +       at ArtLibrary.loadSheet (file:///Users/mohammedkalouti/Documents/Codex/2026-09-27/i/work/art-generation-consumer-v1/source/client/.test-runtime/art-generation-consumer.test.mjs:943:85)
  +       at async Promise.all (index 124)
  +       at async TestContext.<anonymous> (file:///Users/mohammedkalouti/Documents/Codex/2026-09-27/i/work/art-generation-consumer-v1/source/client/.test-runtime/art-generation-consumer.test.mjs:1277:18)
  +       at async Test.run (node:internal/test_runner/test:1389:7)
  +       at async Test.processPendingSubtests (node:internal/test_runner/test:960:7) {
  +     code: 'asset_busy',
  +     details: undefined,
  +     recoverable: true
  +   },
  +   _RuntimeError: The bounded asset request queue is full.
  +       at fail2 (file:///Users/mohammedkalouti/Documents/Codex/2026-09-27/i/work/art-generation-consumer-v1/source/client/.test-runtime/art-generation-consumer.test.mjs:253:9)
  +       at acquire (file:///Users/mohammedkalouti/Documents/Codex/2026-09-27/i/work/art-generation-consumer-v1/source/client/.test-runtime/art-generation-consumer.test.mjs:409:31)
  +       at read (file:///Users/mohammedkalouti/Documents/Codex/2026-09-27/i/work/art-generation-consumer-v1/source/client/.test-runtime/art-generation-consumer.test.mjs:441:11)
  +       at Object.json (file:///Users/mohammedkalouti/Documents/Codex/2026-09-27/i/work/art-generation-consumer-v1/source/client/.test-runtime/art-generation-consumer.test.mjs:492:89)
  +       at ArtLibrary.loadSheet (file:///Users/mohammedkalouti/Documents/Codex/2026-09-27/i/work/art-generation-consumer-v1/source/client/.test-runtime/art-generation-consumer.test.mjs:943:85)
  +       at async Promise.all (index 125)
  +       at async TestContext.<anonymous> (file:///Users/mohammedkalouti/Documents/Codex/2026-09-27/i/work/art-generation-consumer-v1/source/client/.test-runtime/art-generation-consumer.test.mjs:1277:18)
  +       at async Test.run (node:internal/test_runner/test:1389:7)
  +       at async Test.processPendingSubtests (node:internal/test_runner/test:960:7) {
  +     code: 'asset_busy',
  +     details: undefined,
  +     recoverable: true
  +   },
  +   _RuntimeError: The bounded asset request queue is full.
  +       at fail2 (file:///Users/mohammedkalouti/Documents/Codex/2026-09-27/i/work/art-generation-consumer-v1/source/client/.test-runtime/art-generation-consumer.test.mjs:253:9)
  +       at acquire (file:///Users/mohammedkalouti/Documents/Codex/2026-09-27/i/work/art-generation-consumer-v1/source/client/.test-runtime/art-generation-consumer.test.mjs:409:31)
  +       at read (file:///Users/mohammedkalouti/Documents/Codex/2026-09-27/i/work/art-generation-consumer-v1/source/client/.test-runtime/art-generation-consumer.test.mjs:441:11)
  +       at Object.json (file:///Users/mohammedkalouti/Documents/Codex/2026-09-27/i/work/art-generation-consumer-v1/source/client/.test-runtime/art-generation-consumer.test.mjs:492:89)
  +       at ArtLibrary.loadSheet (file:///Users/mohammedkalouti/Documents/Codex/2026-09-27/i/work/art-generation-consumer-v1/source/client/.test-runtime/art-generation-consumer.test.mjs:943:85)
  +       at async Promise.all (index 126)
  +       at async TestContext.<anonymous> (file:///Users/mohammedkalouti/Documents/Codex/2026-09-27/i/work/art-generation-consumer-v1/source/client/.test-runtime/art-generation-consumer.test.mjs:1277:18)
  +       at async Test.run (node:internal/test_runner/test:1389:7)
  +       at async Test.processPendingSubtests (node:internal/test_runner/test:960:7) {
  +     code: 'asset_busy',
  +     details: undefined,
  +     recoverable: true
  +   },
  +   _RuntimeError: The bounded asset request queue is full.
  +       at fail2 (file:///Users/mohammedkalouti/Documents/Codex/2026-09-27/i/work/art-generation-consumer-v1/source/client/.test-runtime/art-generation-consumer.test.mjs:253:9)
  +       at acquire (file:///Users/mohammedkalouti/Documents/Codex/2026-09-27/i/work/art-generation-consumer-v1/source/client/.test-runtime/art-generation-consumer.test.mjs:409:31)
  +       at read (file:///Users/mohammedkalouti/Documents/Codex/2026-09-27/i/work/art-generation-consumer-v1/source/client/.test-runtime/art-generation-consumer.test.mjs:441:11)
  +       at Object.json (file:///Users/mohammedkalouti/Documents/Codex/2026-09-27/i/work/art-generation-consumer-v1/source/client/.test-runtime/art-generation-consumer.test.mjs:492:89)
  +       at ArtLibrary.loadSheet (file:///Users/mohammedkalouti/Documents/Codex/2026-09-27/i/work/art-generation-consumer-v1/source/client/.test-runtime/art-generation-consumer.test.mjs:943:85)
  +       at async Promise.all (index 127)
  +       at async TestContext.<anonymous> (file:///Users/mohammedkalouti/Documents/Codex/2026-09-27/i/work/art-generation-consumer-v1/source/client/.test-runtime/art-generation-consumer.test.mjs:1277:18)
  +       at async Test.run (node:internal/test_runner/test:1389:7)
  +       at async Test.processPendingSubtests (node:internal/test_runner/test:960:7) {
  +     code: 'asset_busy',
  +     details: undefined,
  +     recoverable: true
  +   },
  +   _RuntimeError: The bounded asset request queue is full.
  +       at fail2 (file:///Users/mohammedkalouti/Documents/Codex/2026-09-27/i/work/art-generation-consumer-v1/source/client/.test-runtime/art-generation-consumer.test.mjs:253:9)
  +       at acquire (file:///Users/mohammedkalouti/Documents/Codex/2026-09-27/i/work/art-generation-consumer-v1/source/client/.test-runtime/art-generation-consumer.test.mjs:409:31)
  +       at read (file:///Users/mohammedkalouti/Documents/Codex/2026-09-27/i/work/art-generation-consumer-v1/source/client/.test-runtime/art-generation-consumer.test.mjs:441:11)
  +       at Object.json (file:///Users/mohammedkalouti/Documents/Codex/2026-09-27/i/work/art-generation-consumer-v1/source/client/.test-runtime/art-generation-consumer.test.mjs:492:89)
  +       at ArtLibrary.loadSheet (file:///Users/mohammedkalouti/Documents/Codex/2026-09-27/i/work/art-generation-consumer-v1/source/client/.test-runtime/art-generation-consumer.test.mjs:943:85)
  +       at async Promise.all (index 128)
  +       at async TestContext.<anonymous> (file:///Users/mohammedkalouti/Documents/Codex/2026-09-27/i/work/art-generation-consumer-v1/source/client/.test-runtime/art-generation-consumer.test.mjs:1277:18)
  +       at async Test.run (node:internal/test_runner/test:1389:7)
  +       at async Test.processPendingSubtests (node:internal/test_runner/test:960:7) {
  +     code: 'asset_busy',
  +     details: undefined,
  +     recoverable: true
  +   },
  +   _RuntimeError: The bounded asset request queue is full.
  +       at fail2 (file:///Users/mohammedkalouti/Documents/Codex/2026-09-27/i/work/art-generation-consumer-v1/source/client/.test-runtime/art-generation-consumer.test.mjs:253:9)
  +       at acquire (file:///Users/mohammedkalouti/Documents/Codex/2026-09-27/i/work/art-generation-consumer-v1/source/client/.test-runtime/art-generation-consumer.test.mjs:409:31)
  +       at read (file:///Users/mohammedkalouti/Documents/Codex/2026-09-27/i/work/art-generation-consumer-v1/source/client/.test-runtime/art-generation-consumer.test.mjs:441:11)
  +       at Object.json (file:///Users/mohammedkalouti/Documents/Codex/2026-09-27/i/work/art-generation-consumer-v1/source/client/.test-runtime/art-generation-consumer.test.mjs:492:89)
  +       at ArtLibrary.loadSheet (file:///Users/mohammedkalouti/Documents/Codex/2026-09-27/i/work/art-generation-consumer-v1/source/client/.test-runtime/art-generation-consumer.test.mjs:943:85)
  +       at async Promise.all (index 129)
  +       at async TestContext.<anonymous> (file:///Users/mohammedkalouti/Documents/Codex/2026-09-27/i/work/art-generation-consumer-v1/source/client/.test-runtime/art-generation-consumer.test.mjs:1277:18)
  +       at async Test.run (node:internal/test_runner/test:1389:7)
  +       at async Test.processPendingSubtests (node:internal/test_runner/test:960:7) {
  +     code: 'asset_busy',
  +     details: undefined,
  +     recoverable: true
  +   },
  +   _RuntimeError: The bounded asset request queue is full.
  +       at fail2 (file:///Users/mohammedkalouti/Documents/Codex/2026-09-27/i/work/art-generation-consumer-v1/source/client/.test-runtime/art-generation-consumer.test.mjs:253:9)
  +       at acquire (file:///Users/mohammedkalouti/Documents/Codex/2026-09-27/i/work/art-generation-consumer-v1/source/client/.test-runtime/art-generation-consumer.test.mjs:409:31)
  +       at read (file:///Users/mohammedkalouti/Documents/Codex/2026-09-27/i/work/art-generation-consumer-v1/source/client/.test-runtime/art-generation-consumer.test.mjs:441:11)
  +       at Object.json (file:///Users/mohammedkalouti/Documents/Codex/2026-09-27/i/work/art-generation-consumer-v1/source/client/.test-runtime/art-generation-consumer.test.mjs:492:89)
  +       at ArtLibrary.loadSheet (file:///Users/mohammedkalouti/Documents/Codex/2026-09-27/i/work/art-generation-consumer-v1/source/client/.test-runtime/art-generation-consumer.test.mjs:943:85)
  +       at async Promise.all (index 130)
  +       at async TestContext.<anonymous> (file:///Users/mohammedkalouti/Documents/Codex/2026-09-27/i/work/art-generation-consumer-v1/source/client/.test-runtime/art-generation-consumer.test.mjs:1277:18)
  +       at async Test.run (node:internal/test_runner/test:1389:7)
  +       at async Test.processPendingSubtests (node:internal/test_runner/test:960:7) {
  +     code: 'asset_busy',
  +     details: undefined,
  +     recoverable: true
  +   },
  +   _RuntimeError: The bounded asset request queue is full.
  +       at fail2 (file:///Users/mohammedkalouti/Documents/Codex/2026-09-27/i/work/art-generation-consumer-v1/source/client/.test-runtime/art-generation-consumer.test.mjs:253:9)
  +       at acquire (file:///Users/mohammedkalouti/Documents/Codex/2026-09-27/i/work/art-generation-consumer-v1/source/client/.test-runtime/art-generation-consumer.test.mjs:409:31)
  +       at read (file:///Users/mohammedkalouti/Documents/Codex/2026-09-27/i/work/art-generation-consumer-v1/source/client/.test-runtime/art-generation-consumer.test.mjs:441:11)
  +       at Object.json (file:///Users/mohammedkalouti/Documents/Codex/2026-09-27/i/work/art-generation-consumer-v1/source/client/.test-runtime/art-generation-consumer.test.mjs:492:89)
  +       at ArtLibrary.loadSheet (file:///Users/mohammedkalouti/Documents/Codex/2026-09-27/i/work/art-generation-consumer-v1/source/client/.test-runtime/art-generation-consumer.test.mjs:943:85)
  +       at async Promise.all (index 131)
  +       at async TestContext.<anonymous> (file:///Users/mohammedkalouti/Documents/Codex/2026-09-27/i/work/art-generation-consumer-v1/source/client/.test-runtime/art-generation-consumer.test.mjs:1277:18)
  +       at async Test.run (node:internal/test_runner/test:1389:7)
  +       at async Test.processPendingSubtests (node:internal/test_runner/test:960:7) {
  +     code: 'asset_busy',
  +     details: undefined,
  +     recoverable: true
  +   },
  +   _RuntimeError: The bounded asset request queue is full.
  +       at fail2 (file:///Users/mohammedkalouti/Documents/Codex/2026-09-27/i/work/art-generation-consumer-v1/source/client/.test-runtime/art-generation-consumer.test.mjs:253:9)
  +       at acquire (file:///Users/mohammedkalouti/Documents/Codex/2026-09-27/i/work/art-generation-consumer-v1/source/client/.test-runtime/art-generation-consumer.test.mjs:409:31)
  +       at read (file:///Users/mohammedkalouti/Documents/Codex/2026-09-27/i/work/art-generation-consumer-v1/source/client/.test-runtime/art-generation-consumer.test.mjs:441:11)
  +       at Object.json (file:///Users/mohammedkalouti/Documents/Codex/2026-09-27/i/work/art-generation-consumer-v1/source/client/.test-runtime/art-generation-consumer.test.mjs:492:89)
  +       at ArtLibrary.loadSheet (file:///Users/mohammedkalouti/Documents/Codex/2026-09-27/i/work/art-generation-consumer-v1/source/client/.test-runtime/art-generation-consumer.test.mjs:943:85)
  +       at async Promise.all (index 132)
  +       at async TestContext.<anonymous> (file:///Users/mohammedkalouti/Documents/Codex/2026-09-27/i/work/art-generation-consumer-v1/source/client/.test-runtime/art-generation-consumer.test.mjs:1277:18)
  +       at async Test.run (node:internal/test_runner/test:1389:7)
  +       at async Test.processPendingSubtests (node:internal/test_runner/test:960:7) {
  +     code: 'asset_busy',
  +     details: undefined,
  +     recoverable: true
  +   },
  +   _RuntimeError: The bounded asset request queue is full.
  +       at fail2 (file:///Users/mohammedkalouti/Documents/Codex/2026-09-27/i/work/art-generation-consumer-v1/source/client/.test-runtime/art-generation-consumer.test.mjs:253:9)
  +       at acquire (file:///Users/mohammedkalouti/Documents/Codex/2026-09-27/i/work/art-generation-consumer-v1/source/client/.test-runtime/art-generation-consumer.test.mjs:409:31)
  +       at read (file:///Users/mohammedkalouti/Documents/Codex/2026-09-27/i/work/art-generation-consumer-v1/source/client/.test-runtime/art-generation-consumer.test.mjs:441:11)
  +       at Object.json (file:///Users/mohammedkalouti/Documents/Codex/2026-09-27/i/work/art-generation-consumer-v1/source/client/.test-runtime/art-generation-consumer.test.mjs:492:89)
  +       at ArtLibrary.loadSheet (file:///Users/mohammedkalouti/Documents/Codex/2026-09-27/i/work/art-generation-consumer-v1/source/client/.test-runtime/art-generation-consumer.test.mjs:943:85)
  +       at async Promise.all (index 133)
  +       at async TestContext.<anonymous> (file:///Users/mohammedkalouti/Documents/Codex/2026-09-27/i/work/art-generation-consumer-v1/source/client/.test-runtime/art-generation-consumer.test.mjs:1277:18)
  +       at async Test.run (node:internal/test_runner/test:1389:7)
  +       at async Test.processPendingSubtests (node:internal/test_runner/test:960:7) {
  +     code: 'asset_busy',
  +     details: undefined,
  +     recoverable: true
  +   },
  +   _RuntimeError: The bounded asset request queue is full.
  +       at fail2 (file:///Users/mohammedkalouti/Documents/Codex/2026-09-27/i/work/art-generation-consumer-v1/source/client/.test-runtime/art-generation-consumer.test.mjs:253:9)
  +       at acquire (file:///Users/mohammedkalouti/Documents/Codex/2026-09-27/i/work/art-generation-consumer-v1/source/client/.test-runtime/art-generation-consumer.test.mjs:409:31)
  +       at read (file:///Users/mohammedkalouti/Documents/Codex/2026-09-27/i/work/art-generation-consumer-v1/source/client/.test-runtime/art-generation-consumer.test.mjs:441:11)
  +       at Object.json (file:///Users/mohammedkalouti/Documents/Codex/2026-09-27/i/work/art-generation-consumer-v1/source/client/.test-runtime/art-generation-consumer.test.mjs:492:89)
  +       at ArtLibrary.loadSheet (file:///Users/mohammedkalouti/Documents/Codex/2026-09-27/i/work/art-generation-consumer-v1/source/client/.test-runtime/art-generation-consumer.test.mjs:943:85)
  +       at async Promise.all (index 134)
  +       at async TestContext.<anonymous> (file:///Users/mohammedkalouti/Documents/Codex/2026-09-27/i/work/art-generation-consumer-v1/source/client/.test-runtime/art-generation-consumer.test.mjs:1277:18)
  +       at async Test.run (node:internal/test_runner/test:1389:7)
  +       at async Test.processPendingSubtests (node:internal/test_runner/test:960:7) {
  +     code: 'asset_busy',
  +     details: undefined,
  +     recoverable: true
  +   },
  +   _RuntimeError: The bounded asset request queue is full.
  +       at fail2 (file:///Users/mohammedkalouti/Documents/Codex/2026-09-27/i/work/art-generation-consumer-v1/source/client/.test-runtime/art-generation-consumer.test.mjs:253:9)
  +       at acquire (file:///Users/mohammedkalouti/Documents/Codex/2026-09-27/i/work/art-generation-consumer-v1/source/client/.test-runtime/art-generation-consumer.test.mjs:409:31)
  +       at read (file:///Users/mohammedkalouti/Documents/Codex/2026-09-27/i/work/art-generation-consumer-v1/source/client/.test-runtime/art-generation-consumer.test.mjs:441:11)
  +       at Object.json (file:///Users/mohammedkalouti/Documents/Codex/2026-09-27/i/work/art-generation-consumer-v1/source/client/.test-runtime/art-generation-consumer.test.mjs:492:89)
  +       at ArtLibrary.loadSheet (file:///Users/mohammedkalouti/Documents/Codex/2026-09-27/i/work/art-generation-consumer-v1/source/client/.test-runtime/art-generation-consumer.test.mjs:943:85)
  +       at async Promise.all (index 135)
  +       at async TestContext.<anonymous> (file:///Users/mohammedkalouti/Documents/Codex/2026-09-27/i/work/art-generation-consumer-v1/source/client/.test-runtime/art-generation-consumer.test.mjs:1277:18)
  +       at async Test.run (node:internal/test_runner/test:1389:7)
  +       at async Test.processPendingSubtests (node:internal/test_runner/test:960:7) {
  +     code: 'asset_busy',
  +     details: undefined,
  +     recoverable: true
  +   }
  + ]
  - []
  
      at TestContext.<anonymous> (file:///Users/mohammedkalouti/Documents/Codex/2026-09-27/i/work/art-generation-consumer-v1/source/client/.test-runtime/art-generation-consumer.test.mjs:1278:10)
      at async Test.run (node:internal/test_runner/test:1389:7)
      at async Test.processPendingSubtests (node:internal/test_runner/test:960:7) {
    generatedMessage: true,
    code: 'ERR_ASSERTION',
    actual: [
      RuntimeError: The bounded asset request queue is full.
          at fail2 (file:///Users/mohammedkalouti/Documents/Codex/2026-09-27/i/work/art-generation-consumer-v1/source/client/.test-runtime/art-generation-consumer.test.mjs:253:9)
          at acquire (file:///Users/mohammedkalouti/Documents/Codex/2026-09-27/i/work/art-generation-consumer-v1/source/client/.test-runtime/art-generation-consumer.test.mjs:409:31)
          at read (file:///Users/mohammedkalouti/Documents/Codex/2026-09-27/i/work/art-generation-consumer-v1/source/client/.test-runtime/art-generation-consumer.test.mjs:441:11)
          at Object.json (file:///Users/mohammedkalouti/Documents/Codex/2026-09-27/i/work/art-generation-consumer-v1/source/client/.test-runtime/art-generation-consumer.test.mjs:492:89)
          at ArtLibrary.loadSheet (file:///Users/mohammedkalouti/Documents/Codex/2026-09-27/i/work/art-generation-consumer-v1/source/client/.test-runtime/art-generation-consumer.test.mjs:943:85)
          at async Promise.all (index 68)
          at async TestContext.<anonymous> (file:///Users/mohammedkalouti/Documents/Codex/2026-09-27/i/work/art-generation-consumer-v1/source/client/.test-runtime/art-generation-consumer.test.mjs:1277:18)
          at async Test.run (node:internal/test_runner/test:1389:7)
          at async Test.processPendingSubtests (node:internal/test_runner/test:960:7),
      RuntimeError: The bounded asset request queue is full.
          at fail2 (file:///Users/mohammedkalouti/Documents/Codex/2026-09-27/i/work/art-generation-consumer-v1/source/client/.test-runtime/art-generation-consumer.test.mjs:253:9)
          at acquire (file:///Users/mohammedkalouti/Documents/Codex/2026-09-27/i/work/art-generation-consumer-v1/source/client/.test-runtime/art-generation-consumer.test.mjs:409:31)
          at read (file:///Users/mohammedkalouti/Documents/Codex/2026-09-27/i/work/art-generation-consumer-v1/source/client/.test-runtime/art-generation-consumer.test.mjs:441:11)
          at Object.json (file:///Users/mohammedkalouti/Documents/Codex/2026-09-27/i/work/art-generation-consumer-v1/source/client/.test-runtime/art-generation-consumer.test.mjs:492:89)
          at ArtLibrary.loadSheet (file:///Users/mohammedkalouti/Documents/Codex/2026-09-27/i/work/art-generation-consumer-v1/source/client/.test-runtime/art-generation-consumer.test.mjs:943:85)
          at async Promise.all (index 69)
          at async TestContext.<anonymous> (file:///Users/mohammedkalouti/Documents/Codex/2026-09-27/i/work/art-generation-consumer-v1/source/client/.test-runtime/art-generation-consumer.test.mjs:1277:18)
          at async Test.run (node:internal/test_runner/test:1389:7)
          at async Test.processPendingSubtests (node:internal/test_runner/test:960:7),
      RuntimeError: The bounded asset request queue is full.
          at fail2 (file:///Users/mohammedkalouti/Documents/Codex/2026-09-27/i/work/art-generation-consumer-v1/source/client/.test-runtime/art-generation-consumer.test.mjs:253:9)
          at acquire (file:///Users/mohammedkalouti/Documents/Codex/2026-09-27/i/work/art-generation-consumer-v1/source/client/.test-runtime/art-generation-consumer.test.mjs:409:31)
          at read (file:///Users/mohammedkalouti/Documents/Codex/2026-09-27/i/work/art-generation-consumer-v1/source/client/.test-runtime/art-generation-consumer.test.mjs:441:11)
          at Object.json (file:///Users/mohammedkalouti/Documents/Codex/2026-09-27/i/work/art-generation-consumer-v1/source/client/.test-runtime/art-generation-consumer.test.mjs:492:89)
          at ArtLibrary.loadSheet (file:///Users/mohammedkalouti/Documents/Codex/2026-09-27/i/work/art-generation-consumer-v1/source/client/.test-runtime/art-generation-consumer.test.mjs:943:85)
          at async Promise.all (index 70)
          at async TestContext.<anonymous> (file:///Users/mohammedkalouti/Documents/Codex/2026-09-27/i/work/art-generation-consumer-v1/source/client/.test-runtime/art-generation-consumer.test.mjs:1277:18)
          at async Test.run (node:internal/test_runner/test:1389:7)
          at async Test.processPendingSubtests (node:internal/test_runner/test:960:7),
      RuntimeError: The bounded asset request queue is full.
          at fail2 (file:///Users/mohammedkalouti/Documents/Codex/2026-09-27/i/work/art-generation-consumer-v1/source/client/.test-runtime/art-generation-consumer.test.mjs:253:9)
          at acquire (file:///Users/mohammedkalouti/Documents/Codex/2026-09-27/i/work/art-generation-consumer-v1/source/client/.test-runtime/art-generation-consumer.test.mjs:409:31)
          at read (file:///Users/mohammedkalouti/Documents/Codex/2026-09-27/i/work/art-generation-consumer-v1/source/client/.test-runtime/art-generation-consumer.test.mjs:441:11)
          at Object.json (file:///Users/mohammedkalouti/Documents/Codex/2026-09-27/i/work/art-generation-consumer-v1/source/client/.test-runtime/art-generation-consumer.test.mjs:492:89)
          at ArtLibrary.loadSheet (file:///Users/mohammedkalouti/Documents/Codex/2026-09-27/i/work/art-generation-consumer-v1/source/client/.test-runtime/art-generation-consumer.test.mjs:943:85)
          at async Promise.all (index 71)
          at async TestContext.<anonymous> (file:///Users/mohammedkalouti/Documents/Codex/2026-09-27/i/work/art-generation-consumer-v1/source/client/.test-runtime/art-generation-consumer.test.mjs:1277:18)
          at async Test.run (node:internal/test_runner/test:1389:7)
          at async Test.processPendingSubtests (node:internal/test_runner/test:960:7),
      RuntimeError: The bounded asset request queue is full.
          at fail2 (file:///Users/mohammedkalouti/Documents/Codex/2026-09-27/i/work/art-generation-consumer-v1/source/client/.test-runtime/art-generation-consumer.test.mjs:253:9)
          at acquire (file:///Users/mohammedkalouti/Documents/Codex/2026-09-27/i/work/art-generation-consumer-v1/source/client/.test-runtime/art-generation-consumer.test.mjs:409:31)
          at read (file:///Users/mohammedkalouti/Documents/Codex/2026-09-27/i/work/art-generation-consumer-v1/source/client/.test-runtime/art-generation-consumer.test.mjs:441:11)
          at Object.json (file:///Users/mohammedkalouti/Documents/Codex/2026-09-27/i/work/art-generation-consumer-v1/source/client/.test-runtime/art-generation-consumer.test.mjs:492:89)
          at ArtLibrary.loadSheet (file:///Users/mohammedkalouti/Documents/Codex/2026-09-27/i/work/art-generation-consumer-v1/source/client/.test-runtime/art-generation-consumer.test.mjs:943:85)
          at async Promise.all (index 72)
          at async TestContext.<anonymous> (file:///Users/mohammedkalouti/Documents/Codex/2026-09-27/i/work/art-generation-consumer-v1/source/client/.test-runtime/art-generation-consumer.test.mjs:1277:18)
          at async Test.run (node:internal/test_runner/test:1389:7)
          at async Test.processPendingSubtests (node:internal/test_runner/test:960:7),
      RuntimeError: The bounded asset request queue is full.
          at fail2 (file:///Users/mohammedkalouti/Documents/Codex/2026-09-27/i/work/art-generation-consumer-v1/source/client/.test-runtime/art-generation-consumer.test.mjs:253:9)
          at acquire (file:///Users/mohammedkalouti/Documents/Codex/2026-09-27/i/work/art-generation-consumer-v1/source/client/.test-runtime/art-generation-consumer.test.mjs:409:31)
          at read (file:///Users/mohammedkalouti/Documents/Codex/2026-09-27/i/work/art-generation-consumer-v1/source/client/.test-runtime/art-generation-consumer.test.mjs:441:11)
          at Object.json (file:///Users/mohammedkalouti/Documents/Codex/2026-09-27/i/work/art-generation-consumer-v1/source/client/.test-runtime/art-generation-consumer.test.mjs:492:89)
          at ArtLibrary.loadSheet (file:///Users/mohammedkalouti/Documents/Codex/2026-09-27/i/work/art-generation-consumer-v1/source/client/.test-runtime/art-generation-consumer.test.mjs:943:85)
          at async Promise.all (index 73)
          at async TestContext.<anonymous> (file:///Users/mohammedkalouti/Documents/Codex/2026-09-27/i/work/art-generation-consumer-v1/source/client/.test-runtime/art-generation-consumer.test.mjs:1277:18)
          at async Test.run (node:internal/test_runner/test:1389:7)
          at async Test.processPendingSubtests (node:internal/test_runner/test:960:7),
      RuntimeError: The bounded asset request queue is full.
          at fail2 (file:///Users/mohammedkalouti/Documents/Codex/2026-09-27/i/work/art-generation-consumer-v1/source/client/.test-runtime/art-generation-consumer.test.mjs:253:9)
          at acquire (file:///Users/mohammedkalouti/Documents/Codex/2026-09-27/i/work/art-generation-consumer-v1/source/client/.test-runtime/art-generation-consumer.test.mjs:409:31)
          at read (file:///Users/mohammedkalouti/Documents/Codex/2026-09-27/i/work/art-generation-consumer-v1/source/client/.test-runtime/art-generation-consumer.test.mjs:441:11)
          at Object.json (file:///Users/mohammedkalouti/Documents/Codex/2026-09-27/i/work/art-generation-consumer-v1/source/client/.test-runtime/art-generation-consumer.test.mjs:492:89)
          at ArtLibrary.loadSheet (file:///Users/mohammedkalouti/Documents/Codex/2026-09-27/i/work/art-generation-consumer-v1/source/client/.test-runtime/art-generation-consumer.test.mjs:943:85)
          at async Promise.all (index 74)
          at async TestContext.<anonymous> (file:///Users/mohammedkalouti/Documents/Codex/2026-09-27/i/work/art-generation-consumer-v1/source/client/.test-runtime/art-generation-consumer.test.mjs:1277:18)
          at async Test.run (node:internal/test_runner/test:1389:7)
          at async Test.processPendingSubtests (node:internal/test_runner/test:960:7),
      RuntimeError: The bounded asset request queue is full.
          at fail2 (file:///Users/mohammedkalouti/Documents/Codex/2026-09-27/i/work/art-generation-consumer-v1/source/client/.test-runtime/art-generation-consumer.test.mjs:253:9)
          at acquire (file:///Users/mohammedkalouti/Documents/Codex/2026-09-27/i/work/art-generation-consumer-v1/source/client/.test-runtime/art-generation-consumer.test.mjs:409:31)
          at read (file:///Users/mohammedkalouti/Documents/Codex/2026-09-27/i/work/art-generation-consumer-v1/source/client/.test-runtime/art-generation-consumer.test.mjs:441:11)
          at Object.json (file:///Users/mohammedkalouti/Documents/Codex/2026-09-27/i/work/art-generation-consumer-v1/source/client/.test-runtime/art-generation-consumer.test.mjs:492:89)
          at ArtLibrary.loadSheet (file:///Users/mohammedkalouti/Documents/Codex/2026-09-27/i/work/art-generation-consumer-v1/source/client/.test-runtime/art-generation-consumer.test.mjs:943:85)
          at async Promise.all (index 75)
          at async TestContext.<anonymous> (file:///Users/mohammedkalouti/Documents/Codex/2026-09-27/i/work/art-generation-consumer-v1/source/client/.test-runtime/art-generation-consumer.test.mjs:1277:18)
          at async Test.run (node:internal/test_runner/test:1389:7)
          at async Test.processPendingSubtests (node:internal/test_runner/test:960:7),
      RuntimeError: The bounded asset request queue is full.
          at fail2 (file:///Users/mohammedkalouti/Documents/Codex/2026-09-27/i/work/art-generation-consumer-v1/source/client/.test-runtime/art-generation-consumer.test.mjs:253:9)
          at acquire (file:///Users/mohammedkalouti/Documents/Codex/2026-09-27/i/work/art-generation-consumer-v1/source/client/.test-runtime/art-generation-consumer.test.mjs:409:31)
          at read (file:///Users/mohammedkalouti/Documents/Codex/2026-09-27/i/work/art-generation-consumer-v1/source/client/.test-runtime/art-generation-consumer.test.mjs:441:11)
          at Object.json (file:///Users/mohammedkalouti/Documents/Codex/2026-09-27/i/work/art-generation-consumer-v1/source/client/.test-runtime/art-generation-consumer.test.mjs:492:89)
          at ArtLibrary.loadSheet (file:///Users/mohammedkalouti/Documents/Codex/2026-09-27/i/work/art-generation-consumer-v1/source/client/.test-runtime/art-generation-consumer.test.mjs:943:85)
          at async Promise.all (index 76)
          at async TestContext.<anonymous> (file:///Users/mohammedkalouti/Documents/Codex/2026-09-27/i/work/art-generation-consumer-v1/source/client/.test-runtime/art-generation-consumer.test.mjs:1277:18)
          at async Test.run (node:internal/test_runner/test:1389:7)
          at async Test.processPendingSubtests (node:internal/test_runner/test:960:7),
      RuntimeError: The bounded asset request queue is full.
          at fail2 (file:///Users/mohammedkalouti/Documents/Codex/2026-09-27/i/work/art-generation-consumer-v1/source/client/.test-runtime/art-generation-consumer.test.mjs:253:9)
          at acquire (file:///Users/mohammedkalouti/Documents/Codex/2026-09-27/i/work/art-generation-consumer-v1/source/client/.test-runtime/art-generation-consumer.test.mjs:409:31)
          at read (file:///Users/mohammedkalouti/Documents/Codex/2026-09-27/i/work/art-generation-consumer-v1/source/client/.test-runtime/art-generation-consumer.test.mjs:441:11)
          at Object.json (file:///Users/mohammedkalouti/Documents/Codex/2026-09-27/i/work/art-generation-consumer-v1/source/client/.test-runtime/art-generation-consumer.test.mjs:492:89)
          at ArtLibrary.loadSheet (file:///Users/mohammedkalouti/Documents/Codex/2026-09-27/i/work/art-generation-consumer-v1/source/client/.test-runtime/art-generation-consumer.test.mjs:943:85)
          at async Promise.all (index 77)
          at async TestContext.<anonymous> (file:///Users/mohammedkalouti/Documents/Codex/2026-09-27/i/work/art-generation-consumer-v1/source/client/.test-runtime/art-generation-consumer.test.mjs:1277:18)
          at async Test.run (node:internal/test_runner/test:1389:7)
          at async Test.processPendingSubtests (node:internal/test_runner/test:960:7),
      RuntimeError: The bounded asset request queue is full.
          at fail2 (file:///Users/mohammedkalouti/Documents/Codex/2026-09-27/i/work/art-generation-consumer-v1/source/client/.test-runtime/art-generation-consumer.test.mjs:253:9)
          at acquire (file:///Users/mohammedkalouti/Documents/Codex/2026-09-27/i/work/art-generation-consumer-v1/source/client/.test-runtime/art-generation-consumer.test.mjs:409:31)
          at read (file:///Users/mohammedkalouti/Documents/Codex/2026-09-27/i/work/art-generation-consumer-v1/source/client/.test-runtime/art-generation-consumer.test.mjs:441:11)
          at Object.json (file:///Users/mohammedkalouti/Documents/Codex/2026-09-27/i/work/art-generation-consumer-v1/source/client/.test-runtime/art-generation-consumer.test.mjs:492:89)
          at ArtLibrary.loadSheet (file:///Users/mohammedkalouti/Documents/Codex/2026-09-27/i/work/art-generation-consumer-v1/source/client/.test-runtime/art-generation-consumer.test.mjs:943:85)
          at async Promise.all (index 78)
          at async TestContext.<anonymous> (file:///Users/mohammedkalouti/Documents/Codex/2026-09-27/i/work/art-generation-consumer-v1/source/client/.test-runtime/art-generation-consumer.test.mjs:1277:18)
          at async Test.run (node:internal/test_runner/test:1389:7)
          at async Test.processPendingSubtests (node:internal/test_runner/test:960:7),
      RuntimeError: The bounded asset request queue is full.
          at fail2 (file:///Users/mohammedkalouti/Documents/Codex/2026-09-27/i/work/art-generation-consumer-v1/source/client/.test-runtime/art-generation-consumer.test.mjs:253:9)
          at acquire (file:///Users/mohammedkalouti/Documents/Codex/2026-09-27/i/work/art-generation-consumer-v1/source/client/.test-runtime/art-generation-consumer.test.mjs:409:31)
          at read (file:///Users/mohammedkalouti/Documents/Codex/2026-09-27/i/work/art-generation-consumer-v1/source/client/.test-runtime/art-generation-consumer.test.mjs:441:11)
          at Object.json (file:///Users/mohammedkalouti/Documents/Codex/2026-09-27/i/work/art-generation-consumer-v1/source/client/.test-runtime/art-generation-consumer.test.mjs:492:89)
          at ArtLibrary.loadSheet (file:///Users/mohammedkalouti/Documents/Codex/2026-09-27/i/work/art-generation-consumer-v1/source/client/.test-runtime/art-generation-consumer.test.mjs:943:85)
          at async Promise.all (index 79)
          at async TestContext.<anonymous> (file:///Users/mohammedkalouti/Documents/Codex/2026-09-27/i/work/art-generation-consumer-v1/source/client/.test-runtime/art-generation-consumer.test.mjs:1277:18)
          at async Test.run (node:internal/test_runner/test:1389:7)
          at async Test.processPendingSubtests (node:internal/test_runner/test:960:7),
      RuntimeError: The bounded asset request queue is full.
          at fail2 (file:///Users/mohammedkalouti/Documents/Codex/2026-09-27/i/work/art-generation-consumer-v1/source/client/.test-runtime/art-generation-consumer.test.mjs:253:9)
          at acquire (file:///Users/mohammedkalouti/Documents/Codex/2026-09-27/i/work/art-generation-consumer-v1/source/client/.test-runtime/art-generation-consumer.test.mjs:409:31)
          at read (file:///Users/mohammedkalouti/Documents/Codex/2026-09-27/i/work/art-generation-consumer-v1/source/client/.test-runtime/art-generation-consumer.test.mjs:441:11)
          at Object.json (file:///Users/mohammedkalouti/Documents/Codex/2026-09-27/i/work/art-generation-consumer-v1/source/client/.test-runtime/art-generation-consumer.test.mjs:492:89)
          at ArtLibrary.loadSheet (file:///Users/mohammedkalouti/Documents/Codex/2026-09-27/i/work/art-generation-consumer-v1/source/client/.test-runtime/art-generation-consumer.test.mjs:943:85)
          at async Promise.all (index 80)
          at async TestContext.<anonymous> (file:///Users/mohammedkalouti/Documents/Codex/2026-09-27/i/work/art-generation-consumer-v1/source/client/.test-runtime/art-generation-consumer.test.mjs:1277:18)
          at async Test.run (node:internal/test_runner/test:1389:7)
          at async Test.processPendingSubtests (node:internal/test_runner/test:960:7),
      RuntimeError: The bounded asset request queue is full.
          at fail2 (file:///Users/mohammedkalouti/Documents/Codex/2026-09-27/i/work/art-generation-consumer-v1/source/client/.test-runtime/art-generation-consumer.test.mjs:253:9)
          at acquire (file:///Users/mohammedkalouti/Documents/Codex/2026-09-27/i/work/art-generation-consumer-v1/source/client/.test-runtime/art-generation-consumer.test.mjs:409:31)
          at read (file:///Users/mohammedkalouti/Documents/Codex/2026-09-27/i/work/art-generation-consumer-v1/source/client/.test-runtime/art-generation-consumer.test.mjs:441:11)
          at Object.json (file:///Users/mohammedkalouti/Documents/Codex/2026-09-27/i/work/art-generation-consumer-v1/source/client/.test-runtime/art-generation-consumer.test.mjs:492:89)
          at ArtLibrary.loadSheet (file:///Users/mohammedkalouti/Documents/Codex/2026-09-27/i/work/art-generation-consumer-v1/source/client/.test-runtime/art-generation-consumer.test.mjs:943:85)
          at async Promise.all (index 81)
          at async TestContext.<anonymous> (file:///Users/mohammedkalouti/Documents/Codex/2026-09-27/i/work/art-generation-consumer-v1/source/client/.test-runtime/art-generation-consumer.test.mjs:1277:18)
          at async Test.run (node:internal/test_runner/test:1389:7)
          at async Test.processPendingSubtests (node:internal/test_runner/test:960:7),
      RuntimeError: The bounded asset request queue is full.
          at fail2 (file:///Users/mohammedkalouti/Documents/Codex/2026-09-27/i/work/art-generation-consumer-v1/source/client/.test-runtime/art-generation-consumer.test.mjs:253:9)
          at acquire (file:///Users/mohammedkalouti/Documents/Codex/2026-09-27/i/work/art-generation-consumer-v1/source/client/.test-runtime/art-generation-consumer.test.mjs:409:31)
          at read (file:///Users/mohammedkalouti/Documents/Codex/2026-09-27/i/work/art-generation-consumer-v1/source/client/.test-runtime/art-generation-consumer.test.mjs:441:11)
          at Object.json (file:///Users/mohammedkalouti/Documents/Codex/2026-09-27/i/work/art-generation-consumer-v1/source/client/.test-runtime/art-generation-consumer.test.mjs:492:89)
          at ArtLibrary.loadSheet (file:///Users/mohammedkalouti/Documents/Codex/2026-09-27/i/work/art-generation-consumer-v1/source/client/.test-runtime/art-generation-consumer.test.mjs:943:85)
          at async Promise.all (index 82)
          at async TestContext.<anonymous> (file:///Users/mohammedkalouti/Documents/Codex/2026-09-27/i/work/art-generation-consumer-v1/source/client/.test-runtime/art-generation-consumer.test.mjs:1277:18)
          at async Test.run (node:internal/test_runner/test:1389:7)
          at async Test.processPendingSubtests (node:internal/test_runner/test:960:7),
      RuntimeError: The bounded asset request queue is full.
          at fail2 (file:///Users/mohammedkalouti/Documents/Codex/2026-09-27/i/work/art-generation-consumer-v1/source/client/.test-runtime/art-generation-consumer.test.mjs:253:9)
          at acquire (file:///Users/mohammedkalouti/Documents/Codex/2026-09-27/i/work/art-generation-consumer-v1/source/client/.test-runtime/art-generation-consumer.test.mjs:409:31)
          at read (file:///Users/mohammedkalouti/Documents/Codex/2026-09-27/i/work/art-generation-consumer-v1/source/client/.test-runtime/art-generation-consumer.test.mjs:441:11)
          at Object.json (file:///Users/mohammedkalouti/Documents/Codex/2026-09-27/i/work/art-generation-consumer-v1/source/client/.test-runtime/art-generation-consumer.test.mjs:492:89)
          at ArtLibrary.loadSheet (file:///Users/mohammedkalouti/Documents/Codex/2026-09-27/i/work/art-generation-consumer-v1/source/client/.test-runtime/art-generation-consumer.test.mjs:943:85)
          at async Promise.all (index 83)
          at async TestContext.<anonymous> (file:///Users/mohammedkalouti/Documents/Codex/2026-09-27/i/work/art-generation-consumer-v1/source/client/.test-runtime/art-generation-consumer.test.mjs:1277:18)
          at async Test.run (node:internal/test_runner/test:1389:7)
          at async Test.processPendingSubtests (node:internal/test_runner/test:960:7),
      RuntimeError: The bounded asset request queue is full.
          at fail2 (file:///Users/mohammedkalouti/Documents/Codex/2026-09-27/i/work/art-generation-consumer-v1/source/client/.test-runtime/art-generation-consumer.test.mjs:253:9)
          at acquire (file:///Users/mohammedkalouti/Documents/Codex/2026-09-27/i/work/art-generation-consumer-v1/source/client/.test-runtime/art-generation-consumer.test.mjs:409:31)
          at read (file:///Users/mohammedkalouti/Documents/Codex/2026-09-27/i/work/art-generation-consumer-v1/source/client/.test-runtime/art-generation-consumer.test.mjs:441:11)
          at Object.json (file:///Users/mohammedkalouti/Documents/Codex/2026-09-27/i/work/art-generation-consumer-v1/source/client/.test-runtime/art-generation-consumer.test.mjs:492:89)
          at ArtLibrary.loadSheet (file:///Users/mohammedkalouti/Documents/Codex/2026-09-27/i/work/art-generation-consumer-v1/source/client/.test-runtime/art-generation-consumer.test.mjs:943:85)
          at async Promise.all (index 84)
          at async TestContext.<anonymous> (file:///Users/mohammedkalouti/Documents/Codex/2026-09-27/i/work/art-generation-consumer-v1/source/client/.test-runtime/art-generation-consumer.test.mjs:1277:18)
          at async Test.run (node:internal/test_runner/test:1389:7)
          at async Test.processPendingSubtests (node:internal/test_runner/test:960:7),
      RuntimeError: The bounded asset request queue is full.
          at fail2 (file:///Users/mohammedkalouti/Documents/Codex/2026-09-27/i/work/art-generation-consumer-v1/source/client/.test-runtime/art-generation-consumer.test.mjs:253:9)
          at acquire (file:///Users/mohammedkalouti/Documents/Codex/2026-09-27/i/work/art-generation-consumer-v1/source/client/.test-runtime/art-generation-consumer.test.mjs:409:31)
          at read (file:///Users/mohammedkalouti/Documents/Codex/2026-09-27/i/work/art-generation-consumer-v1/source/client/.test-runtime/art-generation-consumer.test.mjs:441:11)
          at Object.json (file:///Users/mohammedkalouti/Documents/Codex/2026-09-27/i/work/art-generation-consumer-v1/source/client/.test-runtime/art-generation-consumer.test.mjs:492:89)
          at ArtLibrary.loadSheet (file:///Users/mohammedkalouti/Documents/Codex/2026-09-27/i/work/art-generation-consumer-v1/source/client/.test-runtime/art-generation-consumer.test.mjs:943:85)
          at async Promise.all (index 85)
          at async TestContext.<anonymous> (file:///Users/mohammedkalouti/Documents/Codex/2026-09-27/i/work/art-generation-consumer-v1/source/client/.test-runtime/art-generation-consumer.test.mjs:1277:18)
          at async Test.run (node:internal/test_runner/test:1389:7)
          at async Test.processPendingSubtests (node:internal/test_runner/test:960:7),
      RuntimeError: The bounded asset request queue is full.
          at fail2 (file:///Users/mohammedkalouti/Documents/Codex/2026-09-27/i/work/art-generation-consumer-v1/source/client/.test-runtime/art-generation-consumer.test.mjs:253:9)
          at acquire (file:///Users/mohammedkalouti/Documents/Codex/2026-09-27/i/work/art-generation-consumer-v1/source/client/.test-runtime/art-generation-consumer.test.mjs:409:31)
          at read (file:///Users/mohammedkalouti/Documents/Codex/2026-09-27/i/work/art-generation-consumer-v1/source/client/.test-runtime/art-generation-consumer.test.mjs:441:11)
          at Object.json (file:///Users/mohammedkalouti/Documents/Codex/2026-09-27/i/work/art-generation-consumer-v1/source/client/.test-runtime/art-generation-consumer.test.mjs:492:89)
          at ArtLibrary.loadSheet (file:///Users/mohammedkalouti/Documents/Codex/2026-09-27/i/work/art-generation-consumer-v1/source/client/.test-runtime/art-generation-consumer.test.mjs:943:85)
          at async Promise.all (index 86)
          at async TestContext.<anonymous> (file:///Users/mohammedkalouti/Documents/Codex/2026-09-27/i/work/art-generation-consumer-v1/source/client/.test-runtime/art-generation-consumer.test.mjs:1277:18)
          at async Test.run (node:internal/test_runner/test:1389:7)
          at async Test.processPendingSubtests (node:internal/test_runner/test:960:7),
      RuntimeError: The bounded asset request queue is full.
          at fail2 (file:///Users/mohammedkalouti/Documents/Codex/2026-09-27/i/work/art-generation-consumer-v1/source/client/.test-runtime/art-generation-consumer.test.mjs:253:9)
          at acquire (file:///Users/mohammedkalouti/Documents/Codex/2026-09-27/i/work/art-generation-consumer-v1/source/client/.test-runtime/art-generation-consumer.test.mjs:409:31)
          at read (file:///Users/mohammedkalouti/Documents/Codex/2026-09-27/i/work/art-generation-consumer-v1/source/client/.test-runtime/art-generation-consumer.test.mjs:441:11)
          at Object.json (file:///Users/mohammedkalouti/Documents/Codex/2026-09-27/i/work/art-generation-consumer-v1/source/client/.test-runtime/art-generation-consumer.test.mjs:492:89)
          at ArtLibrary.loadSheet (file:///Users/mohammedkalouti/Documents/Codex/2026-09-27/i/work/art-generation-consumer-v1/source/client/.test-runtime/art-generation-consumer.test.mjs:943:85)
          at async Promise.all (index 87)
          at async TestContext.<anonymous> (file:///Users/mohammedkalouti/Documents/Codex/2026-09-27/i/work/art-generation-consumer-v1/source/client/.test-runtime/art-generation-consumer.test.mjs:1277:18)
          at async Test.run (node:internal/test_runner/test:1389:7)
          at async Test.processPendingSubtests (node:internal/test_runner/test:960:7),
      RuntimeError: The bounded asset request queue is full.
          at fail2 (file:///Users/mohammedkalouti/Documents/Codex/2026-09-27/i/work/art-generation-consumer-v1/source/client/.test-runtime/art-generation-consumer.test.mjs:253:9)
          at acquire (file:///Users/mohammedkalouti/Documents/Codex/2026-09-27/i/work/art-generation-consumer-v1/source/client/.test-runtime/art-generation-consumer.test.mjs:409:31)
          at read (file:///Users/mohammedkalouti/Documents/Codex/2026-09-27/i/work/art-generation-consumer-v1/source/client/.test-runtime/art-generation-consumer.test.mjs:441:11)
          at Object.json (file:///Users/mohammedkalouti/Documents/Codex/2026-09-27/i/work/art-generation-consumer-v1/source/client/.test-runtime/art-generation-consumer.test.mjs:492:89)
          at ArtLibrary.loadSheet (file:///Users/mohammedkalouti/Documents/Codex/2026-09-27/i/work/art-generation-consumer-v1/source/client/.test-runtime/art-generation-consumer.test.mjs:943:85)
          at async Promise.all (index 88)
          at async TestContext.<anonymous> (file:///Users/mohammedkalouti/Documents/Codex/2026-09-27/i/work/art-generation-consumer-v1/source/client/.test-runtime/art-generation-consumer.test.mjs:1277:18)
          at async Test.run (node:internal/test_runner/test:1389:7)
          at async Test.processPendingSubtests (node:internal/test_runner/test:960:7),
      RuntimeError: The bounded asset request queue is full.
          at fail2 (file:///Users/mohammedkalouti/Documents/Codex/2026-09-27/i/work/art-generation-consumer-v1/source/client/.test-runtime/art-generation-consumer.test.mjs:253:9)
          at acquire (file:///Users/mohammedkalouti/Documents/Codex/2026-09-27/i/work/art-generation-consumer-v1/source/client/.test-runtime/art-generation-consumer.test.mjs:409:31)
          at read (file:///Users/mohammedkalouti/Documents/Codex/2026-09-27/i/work/art-generation-consumer-v1/source/client/.test-runtime/art-generation-consumer.test.mjs:441:11)
          at Object.json (file:///Users/mohammedkalouti/Documents/Codex/2026-09-27/i/work/art-generation-consumer-v1/source/client/.test-runtime/art-generation-consumer.test.mjs:492:89)
          at ArtLibrary.loadSheet (file:///Users/mohammedkalouti/Documents/Codex/2026-09-27/i/work/art-generation-consumer-v1/source/client/.test-runtime/art-generation-consumer.test.mjs:943:85)
          at async Promise.all (index 89)
          at async TestContext.<anonymous> (file:///Users/mohammedkalouti/Documents/Codex/2026-09-27/i/work/art-generation-consumer-v1/source/client/.test-runtime/art-generation-consumer.test.mjs:1277:18)
          at async Test.run (node:internal/test_runner/test:1389:7)
          at async Test.processPendingSubtests (node:internal/test_runner/test:960:7),
      RuntimeError: The bounded asset request queue is full.
          at fail2 (file:///Users/mohammedkalouti/Documents/Codex/2026-09-27/i/work/art-generation-consumer-v1/source/client/.test-runtime/art-generation-consumer.test.mjs:253:9)
          at acquire (file:///Users/mohammedkalouti/Documents/Codex/2026-09-27/i/work/art-generation-consumer-v1/source/client/.test-runtime/art-generation-consumer.test.mjs:409:31)
          at read (file:///Users/mohammedkalouti/Documents/Codex/2026-09-27/i/work/art-generation-consumer-v1/source/client/.test-runtime/art-generation-consumer.test.mjs:441:11)
          at Object.json (file:///Users/mohammedkalouti/Documents/Codex/2026-09-27/i/work/art-generation-consumer-v1/source/client/.test-runtime/art-generation-consumer.test.mjs:492:89)
          at ArtLibrary.loadSheet (file:///Users/mohammedkalouti/Documents/Codex/2026-09-27/i/work/art-generation-consumer-v1/source/client/.test-runtime/art-generation-consumer.test.mjs:943:85)
          at async Promise.all (index 90)
          at async TestContext.<anonymous> (file:///Users/mohammedkalouti/Documents/Codex/2026-09-27/i/work/art-generation-consumer-v1/source/client/.test-runtime/art-generation-consumer.test.mjs:1277:18)
          at async Test.run (node:internal/test_runner/test:1389:7)
          at async Test.processPendingSubtests (node:internal/test_runner/test:960:7),
      RuntimeError: The bounded asset request queue is full.
          at fail2 (file:///Users/mohammedkalouti/Documents/Codex/2026-09-27/i/work/art-generation-consumer-v1/source/client/.test-runtime/art-generation-consumer.test.mjs:253:9)
          at acquire (file:///Users/mohammedkalouti/Documents/Codex/2026-09-27/i/work/art-generation-consumer-v1/source/client/.test-runtime/art-generation-consumer.test.mjs:409:31)
          at read (file:///Users/mohammedkalouti/Documents/Codex/2026-09-27/i/work/art-generation-consumer-v1/source/client/.test-runtime/art-generation-consumer.test.mjs:441:11)
          at Object.json (file:///Users/mohammedkalouti/Documents/Codex/2026-09-27/i/work/art-generation-consumer-v1/source/client/.test-runtime/art-generation-consumer.test.mjs:492:89)
          at ArtLibrary.loadSheet (file:///Users/mohammedkalouti/Documents/Codex/2026-09-27/i/work/art-generation-consumer-v1/source/client/.test-runtime/art-generation-consumer.test.mjs:943:85)
          at async Promise.all (index 91)
          at async TestContext.<anonymous> (file:///Users/mohammedkalouti/Documents/Codex/2026-09-27/i/work/art-generation-consumer-v1/source/client/.test-runtime/art-generation-consumer.test.mjs:1277:18)
          at async Test.run (node:internal/test_runner/test:1389:7)
          at async Test.processPendingSubtests (node:internal/test_runner/test:960:7),
      RuntimeError: The bounded asset request queue is full.
          at fail2 (file:///Users/mohammedkalouti/Documents/Codex/2026-09-27/i/work/art-generation-consumer-v1/source/client/.test-runtime/art-generation-consumer.test.mjs:253:9)
          at acquire (file:///Users/mohammedkalouti/Documents/Codex/2026-09-27/i/work/art-generation-consumer-v1/source/client/.test-runtime/art-generation-consumer.test.mjs:409:31)
          at read (file:///Users/mohammedkalouti/Documents/Codex/2026-09-27/i/work/art-generation-consumer-v1/source/client/.test-runtime/art-generation-consumer.test.mjs:441:11)
          at Object.json (file:///Users/mohammedkalouti/Documents/Codex/2026-09-27/i/work/art-generation-consumer-v1/source/client/.test-runtime/art-generation-consumer.test.mjs:492:89)
          at ArtLibrary.loadSheet (file:///Users/mohammedkalouti/Documents/Codex/2026-09-27/i/work/art-generation-consumer-v1/source/client/.test-runtime/art-generation-consumer.test.mjs:943:85)
          at async Promise.all (index 92)
          at async TestContext.<anonymous> (file:///Users/mohammedkalouti/Documents/Codex/2026-09-27/i/work/art-generation-consumer-v1/source/client/.test-runtime/art-generation-consumer.test.mjs:1277:18)
          at async Test.run (node:internal/test_runner/test:1389:7)
          at async Test.processPendingSubtests (node:internal/test_runner/test:960:7),
      RuntimeError: The bounded asset request queue is full.
          at fail2 (file:///Users/mohammedkalouti/Documents/Codex/2026-09-27/i/work/art-generation-consumer-v1/source/client/.test-runtime/art-generation-consumer.test.mjs:253:9)
          at acquire (file:///Users/mohammedkalouti/Documents/Codex/2026-09-27/i/work/art-generation-consumer-v1/source/client/.test-runtime/art-generation-consumer.test.mjs:409:31)
          at read (file:///Users/mohammedkalouti/Documents/Codex/2026-09-27/i/work/art-generation-consumer-v1/source/client/.test-runtime/art-generation-consumer.test.mjs:441:11)
          at Object.json (file:///Users/mohammedkalouti/Documents/Codex/2026-09-27/i/work/art-generation-consumer-v1/source/client/.test-runtime/art-generation-consumer.test.mjs:492:89)
          at ArtLibrary.loadSheet (file:///Users/mohammedkalouti/Documents/Codex/2026-09-27/i/work/art-generation-consumer-v1/source/client/.test-runtime/art-generation-consumer.test.mjs:943:85)
          at async Promise.all (index 93)
          at async TestContext.<anonymous> (file:///Users/mohammedkalouti/Documents/Codex/2026-09-27/i/work/art-generation-consumer-v1/source/client/.test-runtime/art-generation-consumer.test.mjs:1277:18)
          at async Test.run (node:internal/test_runner/test:1389:7)
          at async Test.processPendingSubtests (node:internal/test_runner/test:960:7),
      RuntimeError: The bounded asset request queue is full.
          at fail2 (file:///Users/mohammedkalouti/Documents/Codex/2026-09-27/i/work/art-generation-consumer-v1/source/client/.test-runtime/art-generation-consumer.test.mjs:253:9)
          at acquire (file:///Users/mohammedkalouti/Documents/Codex/2026-09-27/i/work/art-generation-consumer-v1/source/client/.test-runtime/art-generation-consumer.test.mjs:409:31)
          at read (file:///Users/mohammedkalouti/Documents/Codex/2026-09-27/i/work/art-generation-consumer-v1/source/client/.test-runtime/art-generation-consumer.test.mjs:441:11)
          at Object.json (file:///Users/mohammedkalouti/Documents/Codex/2026-09-27/i/work/art-generation-consumer-v1/source/client/.test-runtime/art-generation-consumer.test.mjs:492:89)
          at ArtLibrary.loadSheet (file:///Users/mohammedkalouti/Documents/Codex/2026-09-27/i/work/art-generation-consumer-v1/source/client/.test-runtime/art-generation-consumer.test.mjs:943:85)
          at async Promise.all (index 94)
          at async TestContext.<anonymous> (file:///Users/mohammedkalouti/Documents/Codex/2026-09-27/i/work/art-generation-consumer-v1/source/client/.test-runtime/art-generation-consumer.test.mjs:1277:18)
          at async Test.run (node:internal/test_runner/test:1389:7)
          at async Test.processPendingSubtests (node:internal/test_runner/test:960:7),
      RuntimeError: The bounded asset request queue is full.
          at fail2 (file:///Users/mohammedkalouti/Documents/Codex/2026-09-27/i/work/art-generation-consumer-v1/source/client/.test-runtime/art-generation-consumer.test.mjs:253:9)
          at acquire (file:///Users/mohammedkalouti/Documents/Codex/2026-09-27/i/work/art-generation-consumer-v1/source/client/.test-runtime/art-generation-consumer.test.mjs:409:31)
          at read (file:///Users/mohammedkalouti/Documents/Codex/2026-09-27/i/work/art-generation-consumer-v1/source/client/.test-runtime/art-generation-consumer.test.mjs:441:11)
          at Object.json (file:///Users/mohammedkalouti/Documents/Codex/2026-09-27/i/work/art-generation-consumer-v1/source/client/.test-runtime/art-generation-consumer.test.mjs:492:89)
          at ArtLibrary.loadSheet (file:///Users/mohammedkalouti/Documents/Codex/2026-09-27/i/work/art-generation-consumer-v1/source/client/.test-runtime/art-generation-consumer.test.mjs:943:85)
          at async Promise.all (index 95)
          at async TestContext.<anonymous> (file:///Users/mohammedkalouti/Documents/Codex/2026-09-27/i/work/art-generation-consumer-v1/source/client/.test-runtime/art-generation-consumer.test.mjs:1277:18)
          at async Test.run (node:internal/test_runner/test:1389:7)
          at async Test.processPendingSubtests (node:internal/test_runner/test:960:7),
      RuntimeError: The bounded asset request queue is full.
          at fail2 (file:///Users/mohammedkalouti/Documents/Codex/2026-09-27/i/work/art-generation-consumer-v1/source/client/.test-runtime/art-generation-consumer.test.mjs:253:9)
          at acquire (file:///Users/mohammedkalouti/Documents/Codex/2026-09-27/i/work/art-generation-consumer-v1/source/client/.test-runtime/art-generation-consumer.test.mjs:409:31)
          at read (file:///Users/mohammedkalouti/Documents/Codex/2026-09-27/i/work/art-generation-consumer-v1/source/client/.test-runtime/art-generation-consumer.test.mjs:441:11)
          at Object.json (file:///Users/mohammedkalouti/Documents/Codex/2026-09-27/i/work/art-generation-consumer-v1/source/client/.test-runtime/art-generation-consumer.test.mjs:492:89)
          at ArtLibrary.loadSheet (file:///Users/mohammedkalouti/Documents/Codex/2026-09-27/i/work/art-generation-consumer-v1/source/client/.test-runtime/art-generation-consumer.test.mjs:943:85)
          at async Promise.all (index 96)
          at async TestContext.<anonymous> (file:///Users/mohammedkalouti/Documents/Codex/2026-09-27/i/work/art-generation-consumer-v1/source/client/.test-runtime/art-generation-consumer.test.mjs:1277:18)
          at async Test.run (node:internal/test_runner/test:1389:7)
          at async Test.processPendingSubtests (node:internal/test_runner/test:960:7),
      RuntimeError: The bounded asset request queue is full.
          at fail2 (file:///Users/mohammedkalouti/Documents/Codex/2026-09-27/i/work/art-generation-consumer-v1/source/client/.test-runtime/art-generation-consumer.test.mjs:253:9)
          at acquire (file:///Users/mohammedkalouti/Documents/Codex/2026-09-27/i/work/art-generation-consumer-v1/source/client/.test-runtime/art-generation-consumer.test.mjs:409:31)
          at read (file:///Users/mohammedkalouti/Documents/Codex/2026-09-27/i/work/art-generation-consumer-v1/source/client/.test-runtime/art-generation-consumer.test.mjs:441:11)
          at Object.json (file:///Users/mohammedkalouti/Documents/Codex/2026-09-27/i/work/art-generation-consumer-v1/source/client/.test-runtime/art-generation-consumer.test.mjs:492:89)
          at ArtLibrary.loadSheet (file:///Users/mohammedkalouti/Documents/Codex/2026-09-27/i/work/art-generation-consumer-v1/source/client/.test-runtime/art-generation-consumer.test.mjs:943:85)
          at async Promise.all (index 97)
          at async TestContext.<anonymous> (file:///Users/mohammedkalouti/Documents/Codex/2026-09-27/i/work/art-generation-consumer-v1/source/client/.test-runtime/art-generation-consumer.test.mjs:1277:18)
          at async Test.run (node:internal/test_runner/test:1389:7)
          at async Test.processPendingSubtests (node:internal/test_runner/test:960:7),
      RuntimeError: The bounded asset request queue is full.
          at fail2 (file:///Users/mohammedkalouti/Documents/Codex/2026-09-27/i/work/art-generation-consumer-v1/source/client/.test-runtime/art-generation-consumer.test.mjs:253:9)
          at acquire (file:///Users/mohammedkalouti/Documents/Codex/2026-09-27/i/work/art-generation-consumer-v1/source/client/.test-runtime/art-generation-consumer.test.mjs:409:31)
          at read (file:///Users/mohammedkalouti/Documents/Codex/2026-09-27/i/work/art-generation-consumer-v1/source/client/.test-runtime/art-generation-consumer.test.mjs:441:11)
          at Object.json (file:///Users/mohammedkalouti/Documents/Codex/2026-09-27/i/work/art-generation-consumer-v1/source/client/.test-runtime/art-generation-consumer.test.mjs:492:89)
          at ArtLibrary.loadSheet (file:///Users/mohammedkalouti/Documents/Codex/2026-09-27/i/work/art-generation-consumer-v1/source/client/.test-runtime/art-generation-consumer.test.mjs:943:85)
          at async Promise.all (index 98)
          at async TestContext.<anonymous> (file:///Users/mohammedkalouti/Documents/Codex/2026-09-27/i/work/art-generation-consumer-v1/source/client/.test-runtime/art-generation-consumer.test.mjs:1277:18)
          at async Test.run (node:internal/test_runner/test:1389:7)
          at async Test.processPendingSubtests (node:internal/test_runner/test:960:7),
      RuntimeError: The bounded asset request queue is full.
          at fail2 (file:///Users/mohammedkalouti/Documents/Codex/2026-09-27/i/work/art-generation-consumer-v1/source/client/.test-runtime/art-generation-consumer.test.mjs:253:9)
          at acquire (file:///Users/mohammedkalouti/Documents/Codex/2026-09-27/i/work/art-generation-consumer-v1/source/client/.test-runtime/art-generation-consumer.test.mjs:409:31)
          at read (file:///Users/mohammedkalouti/Documents/Codex/2026-09-27/i/work/art-generation-consumer-v1/source/client/.test-runtime/art-generation-consumer.test.mjs:441:11)
          at Object.json (file:///Users/mohammedkalouti/Documents/Codex/2026-09-27/i/work/art-generation-consumer-v1/source/client/.test-runtime/art-generation-consumer.test.mjs:492:89)
          at ArtLibrary.loadSheet (file:///Users/mohammedkalouti/Documents/Codex/2026-09-27/i/work/art-generation-consumer-v1/source/client/.test-runtime/art-generation-consumer.test.mjs:943:85)
          at async Promise.all (index 99)
          at async TestContext.<anonymous> (file:///Users/mohammedkalouti/Documents/Codex/2026-09-27/i/work/art-generation-consumer-v1/source/client/.test-runtime/art-generation-consumer.test.mjs:1277:18)
          at async Test.run (node:internal/test_runner/test:1389:7)
          at async Test.processPendingSubtests (node:internal/test_runner/test:960:7),
      RuntimeError: The bounded asset request queue is full.
          at fail2 (file:///Users/mohammedkalouti/Documents/Codex/2026-09-27/i/work/art-generation-consumer-v1/source/client/.test-runtime/art-generation-consumer.test.mjs:253:9)
          at acquire (file:///Users/mohammedkalouti/Documents/Codex/2026-09-27/i/work/art-generation-consumer-v1/source/client/.test-runtime/art-generation-consumer.test.mjs:409:31)
          at read (file:///Users/mohammedkalouti/Documents/Codex/2026-09-27/i/work/art-generation-consumer-v1/source/client/.test-runtime/art-generation-consumer.test.mjs:441:11)
          at Object.json (file:///Users/mohammedkalouti/Documents/Codex/2026-09-27/i/work/art-generation-consumer-v1/source/client/.test-runtime/art-generation-consumer.test.mjs:492:89)
          at ArtLibrary.loadSheet (file:///Users/mohammedkalouti/Documents/Codex/2026-09-27/i/work/art-generation-consumer-v1/source/client/.test-runtime/art-generation-consumer.test.mjs:943:85)
          at async Promise.all (index 100)
          at async TestContext.<anonymous> (file:///Users/mohammedkalouti/Documents/Codex/2026-09-27/i/work/art-generation-consumer-v1/source/client/.test-runtime/art-generation-consumer.test.mjs:1277:18)
          at async Test.run (node:internal/test_runner/test:1389:7)
          at async Test.processPendingSubtests (node:internal/test_runner/test:960:7),
      RuntimeError: The bounded asset request queue is full.
          at fail2 (file:///Users/mohammedkalouti/Documents/Codex/2026-09-27/i/work/art-generation-consumer-v1/source/client/.test-runtime/art-generation-consumer.test.mjs:253:9)
          at acquire (file:///Users/mohammedkalouti/Documents/Codex/2026-09-27/i/work/art-generation-consumer-v1/source/client/.test-runtime/art-generation-consumer.test.mjs:409:31)
          at read (file:///Users/mohammedkalouti/Documents/Codex/2026-09-27/i/work/art-generation-consumer-v1/source/client/.test-runtime/art-generation-consumer.test.mjs:441:11)
          at Object.json (file:///Users/mohammedkalouti/Documents/Codex/2026-09-27/i/work/art-generation-consumer-v1/source/client/.test-runtime/art-generation-consumer.test.mjs:492:89)
          at ArtLibrary.loadSheet (file:///Users/mohammedkalouti/Documents/Codex/2026-09-27/i/work/art-generation-consumer-v1/source/client/.test-runtime/art-generation-consumer.test.mjs:943:85)
          at async Promise.all (index 101)
          at async TestContext.<anonymous> (file:///Users/mohammedkalouti/Documents/Codex/2026-09-27/i/work/art-generation-consumer-v1/source/client/.test-runtime/art-generation-consumer.test.mjs:1277:18)
          at async Test.run (node:internal/test_runner/test:1389:7)
          at async Test.processPendingSubtests (node:internal/test_runner/test:960:7),
      RuntimeError: The bounded asset request queue is full.
          at fail2 (file:///Users/mohammedkalouti/Documents/Codex/2026-09-27/i/work/art-generation-consumer-v1/source/client/.test-runtime/art-generation-consumer.test.mjs:253:9)
          at acquire (file:///Users/mohammedkalouti/Documents/Codex/2026-09-27/i/work/art-generation-consumer-v1/source/client/.test-runtime/art-generation-consumer.test.mjs:409:31)
          at read (file:///Users/mohammedkalouti/Documents/Codex/2026-09-27/i/work/art-generation-consumer-v1/source/client/.test-runtime/art-generation-consumer.test.mjs:441:11)
          at Object.json (file:///Users/mohammedkalouti/Documents/Codex/2026-09-27/i/work/art-generation-consumer-v1/source/client/.test-runtime/art-generation-consumer.test.mjs:492:89)
          at ArtLibrary.loadSheet (file:///Users/mohammedkalouti/Documents/Codex/2026-09-27/i/work/art-generation-consumer-v1/source/client/.test-runtime/art-generation-consumer.test.mjs:943:85)
          at async Promise.all (index 102)
          at async TestContext.<anonymous> (file:///Users/mohammedkalouti/Documents/Codex/2026-09-27/i/work/art-generation-consumer-v1/source/client/.test-runtime/art-generation-consumer.test.mjs:1277:18)
          at async Test.run (node:internal/test_runner/test:1389:7)
          at async Test.processPendingSubtests (node:internal/test_runner/test:960:7),
      RuntimeError: The bounded asset request queue is full.
          at fail2 (file:///Users/mohammedkalouti/Documents/Codex/2026-09-27/i/work/art-generation-consumer-v1/source/client/.test-runtime/art-generation-consumer.test.mjs:253:9)
          at acquire (file:///Users/mohammedkalouti/Documents/Codex/2026-09-27/i/work/art-generation-consumer-v1/source/client/.test-runtime/art-generation-consumer.test.mjs:409:31)
          at read (file:///Users/mohammedkalouti/Documents/Codex/2026-09-27/i/work/art-generation-consumer-v1/source/client/.test-runtime/art-generation-consumer.test.mjs:441:11)
          at Object.json (file:///Users/mohammedkalouti/Documents/Codex/2026-09-27/i/work/art-generation-consumer-v1/source/client/.test-runtime/art-generation-consumer.test.mjs:492:89)
          at ArtLibrary.loadSheet (file:///Users/mohammedkalouti/Documents/Codex/2026-09-27/i/work/art-generation-consumer-v1/source/client/.test-runtime/art-generation-consumer.test.mjs:943:85)
          at async Promise.all (index 103)
          at async TestContext.<anonymous> (file:///Users/mohammedkalouti/Documents/Codex/2026-09-27/i/work/art-generation-consumer-v1/source/client/.test-runtime/art-generation-consumer.test.mjs:1277:18)
          at async Test.run (node:internal/test_runner/test:1389:7)
          at async Test.processPendingSubtests (node:internal/test_runner/test:960:7),
      RuntimeError: The bounded asset request queue is full.
          at fail2 (file:///Users/mohammedkalouti/Documents/Codex/2026-09-27/i/work/art-generation-consumer-v1/source/client/.test-runtime/art-generation-consumer.test.mjs:253:9)
          at acquire (file:///Users/mohammedkalouti/Documents/Codex/2026-09-27/i/work/art-generation-consumer-v1/source/client/.test-runtime/art-generation-consumer.test.mjs:409:31)
          at read (file:///Users/mohammedkalouti/Documents/Codex/2026-09-27/i/work/art-generation-consumer-v1/source/client/.test-runtime/art-generation-consumer.test.mjs:441:11)
          at Object.json (file:///Users/mohammedkalouti/Documents/Codex/2026-09-27/i/work/art-generation-consumer-v1/source/client/.test-runtime/art-generation-consumer.test.mjs:492:89)
          at ArtLibrary.loadSheet (file:///Users/mohammedkalouti/Documents/Codex/2026-09-27/i/work/art-generation-consumer-v1/source/client/.test-runtime/art-generation-consumer.test.mjs:943:85)
          at async Promise.all (index 104)
          at async TestContext.<anonymous> (file:///Users/mohammedkalouti/Documents/Codex/2026-09-27/i/work/art-generation-consumer-v1/source/client/.test-runtime/art-generation-consumer.test.mjs:1277:18)
          at async Test.run (node:internal/test_runner/test:1389:7)
          at async Test.processPendingSubtests (node:internal/test_runner/test:960:7),
      RuntimeError: The bounded asset request queue is full.
          at fail2 (file:///Users/mohammedkalouti/Documents/Codex/2026-09-27/i/work/art-generation-consumer-v1/source/client/.test-runtime/art-generation-consumer.test.mjs:253:9)
          at acquire (file:///Users/mohammedkalouti/Documents/Codex/2026-09-27/i/work/art-generation-consumer-v1/source/client/.test-runtime/art-generation-consumer.test.mjs:409:31)
          at read (file:///Users/mohammedkalouti/Documents/Codex/2026-09-27/i/work/art-generation-consumer-v1/source/client/.test-runtime/art-generation-consumer.test.mjs:441:11)
          at Object.json (file:///Users/mohammedkalouti/Documents/Codex/2026-09-27/i/work/art-generation-consumer-v1/source/client/.test-runtime/art-generation-consumer.test.mjs:492:89)
          at ArtLibrary.loadSheet (file:///Users/mohammedkalouti/Documents/Codex/2026-09-27/i/work/art-generation-consumer-v1/source/client/.test-runtime/art-generation-consumer.test.mjs:943:85)
          at async Promise.all (index 105)
          at async TestContext.<anonymous> (file:///Users/mohammedkalouti/Documents/Codex/2026-09-27/i/work/art-generation-consumer-v1/source/client/.test-runtime/art-generation-consumer.test.mjs:1277:18)
          at async Test.run (node:internal/test_runner/test:1389:7)
          at async Test.processPendingSubtests (node:internal/test_runner/test:960:7),
      RuntimeError: The bounded asset request queue is full.
          at fail2 (file:///Users/mohammedkalouti/Documents/Codex/2026-09-27/i/work/art-generation-consumer-v1/source/client/.test-runtime/art-generation-consumer.test.mjs:253:9)
          at acquire (file:///Users/mohammedkalouti/Documents/Codex/2026-09-27/i/work/art-generation-consumer-v1/source/client/.test-runtime/art-generation-consumer.test.mjs:409:31)
          at read (file:///Users/mohammedkalouti/Documents/Codex/2026-09-27/i/work/art-generation-consumer-v1/source/client/.test-runtime/art-generation-consumer.test.mjs:441:11)
          at Object.json (file:///Users/mohammedkalouti/Documents/Codex/2026-09-27/i/work/art-generation-consumer-v1/source/client/.test-runtime/art-generation-consumer.test.mjs:492:89)
          at ArtLibrary.loadSheet (file:///Users/mohammedkalouti/Documents/Codex/2026-09-27/i/work/art-generation-consumer-v1/source/client/.test-runtime/art-generation-consumer.test.mjs:943:85)
          at async Promise.all (index 106)
          at async TestContext.<anonymous> (file:///Users/mohammedkalouti/Documents/Codex/2026-09-27/i/work/art-generation-consumer-v1/source/client/.test-runtime/art-generation-consumer.test.mjs:1277:18)
          at async Test.run (node:internal/test_runner/test:1389:7)
          at async Test.processPendingSubtests (node:internal/test_runner/test:960:7),
      RuntimeError: The bounded asset request queue is full.
          at fail2 (file:///Users/mohammedkalouti/Documents/Codex/2026-09-27/i/work/art-generation-consumer-v1/source/client/.test-runtime/art-generation-consumer.test.mjs:253:9)
          at acquire (file:///Users/mohammedkalouti/Documents/Codex/2026-09-27/i/work/art-generation-consumer-v1/source/client/.test-runtime/art-generation-consumer.test.mjs:409:31)
          at read (file:///Users/mohammedkalouti/Documents/Codex/2026-09-27/i/work/art-generation-consumer-v1/source/client/.test-runtime/art-generation-consumer.test.mjs:441:11)
          at Object.json (file:///Users/mohammedkalouti/Documents/Codex/2026-09-27/i/work/art-generation-consumer-v1/source/client/.test-runtime/art-generation-consumer.test.mjs:492:89)
          at ArtLibrary.loadSheet (file:///Users/mohammedkalouti/Documents/Codex/2026-09-27/i/work/art-generation-consumer-v1/source/client/.test-runtime/art-generation-consumer.test.mjs:943:85)
          at async Promise.all (index 107)
          at async TestContext.<anonymous> (file:///Users/mohammedkalouti/Documents/Codex/2026-09-27/i/work/art-generation-consumer-v1/source/client/.test-runtime/art-generation-consumer.test.mjs:1277:18)
          at async Test.run (node:internal/test_runner/test:1389:7)
          at async Test.processPendingSubtests (node:internal/test_runner/test:960:7),
      RuntimeError: The bounded asset request queue is full.
          at fail2 (file:///Users/mohammedkalouti/Documents/Codex/2026-09-27/i/work/art-generation-consumer-v1/source/client/.test-runtime/art-generation-consumer.test.mjs:253:9)
          at acquire (file:///Users/mohammedkalouti/Documents/Codex/2026-09-27/i/work/art-generation-consumer-v1/source/client/.test-runtime/art-generation-consumer.test.mjs:409:31)
          at read (file:///Users/mohammedkalouti/Documents/Codex/2026-09-27/i/work/art-generation-consumer-v1/source/client/.test-runtime/art-generation-consumer.test.mjs:441:11)
          at Object.json (file:///Users/mohammedkalouti/Documents/Codex/2026-09-27/i/work/art-generation-consumer-v1/source/client/.test-runtime/art-generation-consumer.test.mjs:492:89)
          at ArtLibrary.loadSheet (file:///Users/mohammedkalouti/Documents/Codex/2026-09-27/i/work/art-generation-consumer-v1/source/client/.test-runtime/art-generation-consumer.test.mjs:943:85)
          at async Promise.all (index 108)
          at async TestContext.<anonymous> (file:///Users/mohammedkalouti/Documents/Codex/2026-09-27/i/work/art-generation-consumer-v1/source/client/.test-runtime/art-generation-consumer.test.mjs:1277:18)
          at async Test.run (node:internal/test_runner/test:1389:7)
          at async Test.processPendingSubtests (node:internal/test_runner/test:960:7),
      RuntimeError: The bounded asset request queue is full.
          at fail2 (file:///Users/mohammedkalouti/Documents/Codex/2026-09-27/i/work/art-generation-consumer-v1/source/client/.test-runtime/art-generation-consumer.test.mjs:253:9)
          at acquire (file:///Users/mohammedkalouti/Documents/Codex/2026-09-27/i/work/art-generation-consumer-v1/source/client/.test-runtime/art-generation-consumer.test.mjs:409:31)
          at read (file:///Users/mohammedkalouti/Documents/Codex/2026-09-27/i/work/art-generation-consumer-v1/source/client/.test-runtime/art-generation-consumer.test.mjs:441:11)
          at Object.json (file:///Users/mohammedkalouti/Documents/Codex/2026-09-27/i/work/art-generation-consumer-v1/source/client/.test-runtime/art-generation-consumer.test.mjs:492:89)
          at ArtLibrary.loadSheet (file:///Users/mohammedkalouti/Documents/Codex/2026-09-27/i/work/art-generation-consumer-v1/source/client/.test-runtime/art-generation-consumer.test.mjs:943:85)
          at async Promise.all (index 109)
          at async TestContext.<anonymous> (file:///Users/mohammedkalouti/Documents/Codex/2026-09-27/i/work/art-generation-consumer-v1/source/client/.test-runtime/art-generation-consumer.test.mjs:1277:18)
          at async Test.run (node:internal/test_runner/test:1389:7)
          at async Test.processPendingSubtests (node:internal/test_runner/test:960:7),
      RuntimeError: The bounded asset request queue is full.
          at fail2 (file:///Users/mohammedkalouti/Documents/Codex/2026-09-27/i/work/art-generation-consumer-v1/source/client/.test-runtime/art-generation-consumer.test.mjs:253:9)
          at acquire (file:///Users/mohammedkalouti/Documents/Codex/2026-09-27/i/work/art-generation-consumer-v1/source/client/.test-runtime/art-generation-consumer.test.mjs:409:31)
          at read (file:///Users/mohammedkalouti/Documents/Codex/2026-09-27/i/work/art-generation-consumer-v1/source/client/.test-runtime/art-generation-consumer.test.mjs:441:11)
          at Object.json (file:///Users/mohammedkalouti/Documents/Codex/2026-09-27/i/work/art-generation-consumer-v1/source/client/.test-runtime/art-generation-consumer.test.mjs:492:89)
          at ArtLibrary.loadSheet (file:///Users/mohammedkalouti/Documents/Codex/2026-09-27/i/work/art-generation-consumer-v1/source/client/.test-runtime/art-generation-consumer.test.mjs:943:85)
          at async Promise.all (index 110)
          at async TestContext.<anonymous> (file:///Users/mohammedkalouti/Documents/Codex/2026-09-27/i/work/art-generation-consumer-v1/source/client/.test-runtime/art-generation-consumer.test.mjs:1277:18)
          at async Test.run (node:internal/test_runner/test:1389:7)
          at async Test.processPendingSubtests (node:internal/test_runner/test:960:7),
      RuntimeError: The bounded asset request queue is full.
          at fail2 (file:///Users/mohammedkalouti/Documents/Codex/2026-09-27/i/work/art-generation-consumer-v1/source/client/.test-runtime/art-generation-consumer.test.mjs:253:9)
          at acquire (file:///Users/mohammedkalouti/Documents/Codex/2026-09-27/i/work/art-generation-consumer-v1/source/client/.test-runtime/art-generation-consumer.test.mjs:409:31)
          at read (file:///Users/mohammedkalouti/Documents/Codex/2026-09-27/i/work/art-generation-consumer-v1/source/client/.test-runtime/art-generation-consumer.test.mjs:441:11)
          at Object.json (file:///Users/mohammedkalouti/Documents/Codex/2026-09-27/i/work/art-generation-consumer-v1/source/client/.test-runtime/art-generation-consumer.test.mjs:492:89)
          at ArtLibrary.loadSheet (file:///Users/mohammedkalouti/Documents/Codex/2026-09-27/i/work/art-generation-consumer-v1/source/client/.test-runtime/art-generation-consumer.test.mjs:943:85)
          at async Promise.all (index 111)
          at async TestContext.<anonymous> (file:///Users/mohammedkalouti/Documents/Codex/2026-09-27/i/work/art-generation-consumer-v1/source/client/.test-runtime/art-generation-consumer.test.mjs:1277:18)
          at async Test.run (node:internal/test_runner/test:1389:7)
          at async Test.processPendingSubtests (node:internal/test_runner/test:960:7),
      RuntimeError: The bounded asset request queue is full.
          at fail2 (file:///Users/mohammedkalouti/Documents/Codex/2026-09-27/i/work/art-generation-consumer-v1/source/client/.test-runtime/art-generation-consumer.test.mjs:253:9)
          at acquire (file:///Users/mohammedkalouti/Documents/Codex/2026-09-27/i/work/art-generation-consumer-v1/source/client/.test-runtime/art-generation-consumer.test.mjs:409:31)
          at read (file:///Users/mohammedkalouti/Documents/Codex/2026-09-27/i/work/art-generation-consumer-v1/source/client/.test-runtime/art-generation-consumer.test.mjs:441:11)
          at Object.json (file:///Users/mohammedkalouti/Documents/Codex/2026-09-27/i/work/art-generation-consumer-v1/source/client/.test-runtime/art-generation-consumer.test.mjs:492:89)
          at ArtLibrary.loadSheet (file:///Users/mohammedkalouti/Documents/Codex/2026-09-27/i/work/art-generation-consumer-v1/source/client/.test-runtime/art-generation-consumer.test.mjs:943:85)
          at async Promise.all (index 112)
          at async TestContext.<anonymous> (file:///Users/mohammedkalouti/Documents/Codex/2026-09-27/i/work/art-generation-consumer-v1/source/client/.test-runtime/art-generation-consumer.test.mjs:1277:18)
          at async Test.run (node:internal/test_runner/test:1389:7)
          at async Test.processPendingSubtests (node:internal/test_runner/test:960:7),
      RuntimeError: The bounded asset request queue is full.
          at fail2 (file:///Users/mohammedkalouti/Documents/Codex/2026-09-27/i/work/art-generation-consumer-v1/source/client/.test-runtime/art-generation-consumer.test.mjs:253:9)
          at acquire (file:///Users/mohammedkalouti/Documents/Codex/2026-09-27/i/work/art-generation-consumer-v1/source/client/.test-runtime/art-generation-consumer.test.mjs:409:31)
          at read (file:///Users/mohammedkalouti/Documents/Codex/2026-09-27/i/work/art-generation-consumer-v1/source/client/.test-runtime/art-generation-consumer.test.mjs:441:11)
          at Object.json (file:///Users/mohammedkalouti/Documents/Codex/2026-09-27/i/work/art-generation-consumer-v1/source/client/.test-runtime/art-generation-consumer.test.mjs:492:89)
          at ArtLibrary.loadSheet (file:///Users/mohammedkalouti/Documents/Codex/2026-09-27/i/work/art-generation-consumer-v1/source/client/.test-runtime/art-generation-consumer.test.mjs:943:85)
          at async Promise.all (index 113)
          at async TestContext.<anonymous> (file:///Users/mohammedkalouti/Documents/Codex/2026-09-27/i/work/art-generation-consumer-v1/source/client/.test-runtime/art-generation-consumer.test.mjs:1277:18)
          at async Test.run (node:internal/test_runner/test:1389:7)
          at async Test.processPendingSubtests (node:internal/test_runner/test:960:7),
      RuntimeError: The bounded asset request queue is full.
          at fail2 (file:///Users/mohammedkalouti/Documents/Codex/2026-09-27/i/work/art-generation-consumer-v1/source/client/.test-runtime/art-generation-consumer.test.mjs:253:9)
          at acquire (file:///Users/mohammedkalouti/Documents/Codex/2026-09-27/i/work/art-generation-consumer-v1/source/client/.test-runtime/art-generation-consumer.test.mjs:409:31)
          at read (file:///Users/mohammedkalouti/Documents/Codex/2026-09-27/i/work/art-generation-consumer-v1/source/client/.test-runtime/art-generation-consumer.test.mjs:441:11)
          at Object.json (file:///Users/mohammedkalouti/Documents/Codex/2026-09-27/i/work/art-generation-consumer-v1/source/client/.test-runtime/art-generation-consumer.test.mjs:492:89)
          at ArtLibrary.loadSheet (file:///Users/mohammedkalouti/Documents/Codex/2026-09-27/i/work/art-generation-consumer-v1/source/client/.test-runtime/art-generation-consumer.test.mjs:943:85)
          at async Promise.all (index 114)
          at async TestContext.<anonymous> (file:///Users/mohammedkalouti/Documents/Codex/2026-09-27/i/work/art-generation-consumer-v1/source/client/.test-runtime/art-generation-consumer.test.mjs:1277:18)
          at async Test.run (node:internal/test_runner/test:1389:7)
          at async Test.processPendingSubtests (node:internal/test_runner/test:960:7),
      RuntimeError: The bounded asset request queue is full.
          at fail2 (file:///Users/mohammedkalouti/Documents/Codex/2026-09-27/i/work/art-generation-consumer-v1/source/client/.test-runtime/art-generation-consumer.test.mjs:253:9)
          at acquire (file:///Users/mohammedkalouti/Documents/Codex/2026-09-27/i/work/art-generation-consumer-v1/source/client/.test-runtime/art-generation-consumer.test.mjs:409:31)
          at read (file:///Users/mohammedkalouti/Documents/Codex/2026-09-27/i/work/art-generation-consumer-v1/source/client/.test-runtime/art-generation-consumer.test.mjs:441:11)
          at Object.json (file:///Users/mohammedkalouti/Documents/Codex/2026-09-27/i/work/art-generation-consumer-v1/source/client/.test-runtime/art-generation-consumer.test.mjs:492:89)
          at ArtLibrary.loadSheet (file:///Users/mohammedkalouti/Documents/Codex/2026-09-27/i/work/art-generation-consumer-v1/source/client/.test-runtime/art-generation-consumer.test.mjs:943:85)
          at async Promise.all (index 115)
          at async TestContext.<anonymous> (file:///Users/mohammedkalouti/Documents/Codex/2026-09-27/i/work/art-generation-consumer-v1/source/client/.test-runtime/art-generation-consumer.test.mjs:1277:18)
          at async Test.run (node:internal/test_runner/test:1389:7)
          at async Test.processPendingSubtests (node:internal/test_runner/test:960:7),
      RuntimeError: The bounded asset request queue is full.
          at fail2 (file:///Users/mohammedkalouti/Documents/Codex/2026-09-27/i/work/art-generation-consumer-v1/source/client/.test-runtime/art-generation-consumer.test.mjs:253:9)
          at acquire (file:///Users/mohammedkalouti/Documents/Codex/2026-09-27/i/work/art-generation-consumer-v1/source/client/.test-runtime/art-generation-consumer.test.mjs:409:31)
          at read (file:///Users/mohammedkalouti/Documents/Codex/2026-09-27/i/work/art-generation-consumer-v1/source/client/.test-runtime/art-generation-consumer.test.mjs:441:11)
          at Object.json (file:///Users/mohammedkalouti/Documents/Codex/2026-09-27/i/work/art-generation-consumer-v1/source/client/.test-runtime/art-generation-consumer.test.mjs:492:89)
          at ArtLibrary.loadSheet (file:///Users/mohammedkalouti/Documents/Codex/2026-09-27/i/work/art-generation-consumer-v1/source/client/.test-runtime/art-generation-consumer.test.mjs:943:85)
          at async Promise.all (index 116)
          at async TestContext.<anonymous> (file:///Users/mohammedkalouti/Documents/Codex/2026-09-27/i/work/art-generation-consumer-v1/source/client/.test-runtime/art-generation-consumer.test.mjs:1277:18)
          at async Test.run (node:internal/test_runner/test:1389:7)
          at async Test.processPendingSubtests (node:internal/test_runner/test:960:7),
      RuntimeError: The bounded asset request queue is full.
          at fail2 (file:///Users/mohammedkalouti/Documents/Codex/2026-09-27/i/work/art-generation-consumer-v1/source/client/.test-runtime/art-generation-consumer.test.mjs:253:9)
          at acquire (file:///Users/mohammedkalouti/Documents/Codex/2026-09-27/i/work/art-generation-consumer-v1/source/client/.test-runtime/art-generation-consumer.test.mjs:409:31)
          at read (file:///Users/mohammedkalouti/Documents/Codex/2026-09-27/i/work/art-generation-consumer-v1/source/client/.test-runtime/art-generation-consumer.test.mjs:441:11)
          at Object.json (file:///Users/mohammedkalouti/Documents/Codex/2026-09-27/i/work/art-generation-consumer-v1/source/client/.test-runtime/art-generation-consumer.test.mjs:492:89)
          at ArtLibrary.loadSheet (file:///Users/mohammedkalouti/Documents/Codex/2026-09-27/i/work/art-generation-consumer-v1/source/client/.test-runtime/art-generation-consumer.test.mjs:943:85)
          at async Promise.all (index 117)
          at async TestContext.<anonymous> (file:///Users/mohammedkalouti/Documents/Codex/2026-09-27/i/work/art-generation-consumer-v1/source/client/.test-runtime/art-generation-consumer.test.mjs:1277:18)
          at async Test.run (node:internal/test_runner/test:1389:7)
          at async Test.processPendingSubtests (node:internal/test_runner/test:960:7),
      RuntimeError: The bounded asset request queue is full.
          at fail2 (file:///Users/mohammedkalouti/Documents/Codex/2026-09-27/i/work/art-generation-consumer-v1/source/client/.test-runtime/art-generation-consumer.test.mjs:253:9)
          at acquire (file:///Users/mohammedkalouti/Documents/Codex/2026-09-27/i/work/art-generation-consumer-v1/source/client/.test-runtime/art-generation-consumer.test.mjs:409:31)
          at read (file:///Users/mohammedkalouti/Documents/Codex/2026-09-27/i/work/art-generation-consumer-v1/source/client/.test-runtime/art-generation-consumer.test.mjs:441:11)
          at Object.json (file:///Users/mohammedkalouti/Documents/Codex/2026-09-27/i/work/art-generation-consumer-v1/source/client/.test-runtime/art-generation-consumer.test.mjs:492:89)
          at ArtLibrary.loadSheet (file:///Users/mohammedkalouti/Documents/Codex/2026-09-27/i/work/art-generation-consumer-v1/source/client/.test-runtime/art-generation-consumer.test.mjs:943:85)
          at async Promise.all (index 118)
          at async TestContext.<anonymous> (file:///Users/mohammedkalouti/Documents/Codex/2026-09-27/i/work/art-generation-consumer-v1/source/client/.test-runtime/art-generation-consumer.test.mjs:1277:18)
          at async Test.run (node:internal/test_runner/test:1389:7)
          at async Test.processPendingSubtests (node:internal/test_runner/test:960:7),
      RuntimeError: The bounded asset request queue is full.
          at fail2 (file:///Users/mohammedkalouti/Documents/Codex/2026-09-27/i/work/art-generation-consumer-v1/source/client/.test-runtime/art-generation-consumer.test.mjs:253:9)
          at acquire (file:///Users/mohammedkalouti/Documents/Codex/2026-09-27/i/work/art-generation-consumer-v1/source/client/.test-runtime/art-generation-consumer.test.mjs:409:31)
          at read (file:///Users/mohammedkalouti/Documents/Codex/2026-09-27/i/work/art-generation-consumer-v1/source/client/.test-runtime/art-generation-consumer.test.mjs:441:11)
          at Object.json (file:///Users/mohammedkalouti/Documents/Codex/2026-09-27/i/work/art-generation-consumer-v1/source/client/.test-runtime/art-generation-consumer.test.mjs:492:89)
          at ArtLibrary.loadSheet (file:///Users/mohammedkalouti/Documents/Codex/2026-09-27/i/work/art-generation-consumer-v1/source/client/.test-runtime/art-generation-consumer.test.mjs:943:85)
          at async Promise.all (index 119)
          at async TestContext.<anonymous> (file:///Users/mohammedkalouti/Documents/Codex/2026-09-27/i/work/art-generation-consumer-v1/source/client/.test-runtime/art-generation-consumer.test.mjs:1277:18)
          at async Test.run (node:internal/test_runner/test:1389:7)
          at async Test.processPendingSubtests (node:internal/test_runner/test:960:7),
      RuntimeError: The bounded asset request queue is full.
          at fail2 (file:///Users/mohammedkalouti/Documents/Codex/2026-09-27/i/work/art-generation-consumer-v1/source/client/.test-runtime/art-generation-consumer.test.mjs:253:9)
          at acquire (file:///Users/mohammedkalouti/Documents/Codex/2026-09-27/i/work/art-generation-consumer-v1/source/client/.test-runtime/art-generation-consumer.test.mjs:409:31)
          at read (file:///Users/mohammedkalouti/Documents/Codex/2026-09-27/i/work/art-generation-consumer-v1/source/client/.test-runtime/art-generation-consumer.test.mjs:441:11)
          at Object.json (file:///Users/mohammedkalouti/Documents/Codex/2026-09-27/i/work/art-generation-consumer-v1/source/client/.test-runtime/art-generation-consumer.test.mjs:492:89)
          at ArtLibrary.loadSheet (file:///Users/mohammedkalouti/Documents/Codex/2026-09-27/i/work/art-generation-consumer-v1/source/client/.test-runtime/art-generation-consumer.test.mjs:943:85)
          at async Promise.all (index 120)
          at async TestContext.<anonymous> (file:///Users/mohammedkalouti/Documents/Codex/2026-09-27/i/work/art-generation-consumer-v1/source/client/.test-runtime/art-generation-consumer.test.mjs:1277:18)
          at async Test.run (node:internal/test_runner/test:1389:7)
          at async Test.processPendingSubtests (node:internal/test_runner/test:960:7),
      RuntimeError: The bounded asset request queue is full.
          at fail2 (file:///Users/mohammedkalouti/Documents/Codex/2026-09-27/i/work/art-generation-consumer-v1/source/client/.test-runtime/art-generation-consumer.test.mjs:253:9)
          at acquire (file:///Users/mohammedkalouti/Documents/Codex/2026-09-27/i/work/art-generation-consumer-v1/source/client/.test-runtime/art-generation-consumer.test.mjs:409:31)
          at read (file:///Users/mohammedkalouti/Documents/Codex/2026-09-27/i/work/art-generation-consumer-v1/source/client/.test-runtime/art-generation-consumer.test.mjs:441:11)
          at Object.json (file:///Users/mohammedkalouti/Documents/Codex/2026-09-27/i/work/art-generation-consumer-v1/source/client/.test-runtime/art-generation-consumer.test.mjs:492:89)
          at ArtLibrary.loadSheet (file:///Users/mohammedkalouti/Documents/Codex/2026-09-27/i/work/art-generation-consumer-v1/source/client/.test-runtime/art-generation-consumer.test.mjs:943:85)
          at async Promise.all (index 121)
          at async TestContext.<anonymous> (file:///Users/mohammedkalouti/Documents/Codex/2026-09-27/i/work/art-generation-consumer-v1/source/client/.test-runtime/art-generation-consumer.test.mjs:1277:18)
          at async Test.run (node:internal/test_runner/test:1389:7)
          at async Test.processPendingSubtests (node:internal/test_runner/test:960:7),
      RuntimeError: The bounded asset request queue is full.
          at fail2 (file:///Users/mohammedkalouti/Documents/Codex/2026-09-27/i/work/art-generation-consumer-v1/source/client/.test-runtime/art-generation-consumer.test.mjs:253:9)
          at acquire (file:///Users/mohammedkalouti/Documents/Codex/2026-09-27/i/work/art-generation-consumer-v1/source/client/.test-runtime/art-generation-consumer.test.mjs:409:31)
          at read (file:///Users/mohammedkalouti/Documents/Codex/2026-09-27/i/work/art-generation-consumer-v1/source/client/.test-runtime/art-generation-consumer.test.mjs:441:11)
          at Object.json (file:///Users/mohammedkalouti/Documents/Codex/2026-09-27/i/work/art-generation-consumer-v1/source/client/.test-runtime/art-generation-consumer.test.mjs:492:89)
          at ArtLibrary.loadSheet (file:///Users/mohammedkalouti/Documents/Codex/2026-09-27/i/work/art-generation-consumer-v1/source/client/.test-runtime/art-generation-consumer.test.mjs:943:85)
          at async Promise.all (index 122)
          at async TestContext.<anonymous> (file:///Users/mohammedkalouti/Documents/Codex/2026-09-27/i/work/art-generation-consumer-v1/source/client/.test-runtime/art-generation-consumer.test.mjs:1277:18)
          at async Test.run (node:internal/test_runner/test:1389:7)
          at async Test.processPendingSubtests (node:internal/test_runner/test:960:7),
      RuntimeError: The bounded asset request queue is full.
          at fail2 (file:///Users/mohammedkalouti/Documents/Codex/2026-09-27/i/work/art-generation-consumer-v1/source/client/.test-runtime/art-generation-consumer.test.mjs:253:9)
          at acquire (file:///Users/mohammedkalouti/Documents/Codex/2026-09-27/i/work/art-generation-consumer-v1/source/client/.test-runtime/art-generation-consumer.test.mjs:409:31)
          at read (file:///Users/mohammedkalouti/Documents/Codex/2026-09-27/i/work/art-generation-consumer-v1/source/client/.test-runtime/art-generation-consumer.test.mjs:441:11)
          at Object.json (file:///Users/mohammedkalouti/Documents/Codex/2026-09-27/i/work/art-generation-consumer-v1/source/client/.test-runtime/art-generation-consumer.test.mjs:492:89)
          at ArtLibrary.loadSheet (file:///Users/mohammedkalouti/Documents/Codex/2026-09-27/i/work/art-generation-consumer-v1/source/client/.test-runtime/art-generation-consumer.test.mjs:943:85)
          at async Promise.all (index 123)
          at async TestContext.<anonymous> (file:///Users/mohammedkalouti/Documents/Codex/2026-09-27/i/work/art-generation-consumer-v1/source/client/.test-runtime/art-generation-consumer.test.mjs:1277:18)
          at async Test.run (node:internal/test_runner/test:1389:7)
          at async Test.processPendingSubtests (node:internal/test_runner/test:960:7),
      RuntimeError: The bounded asset request queue is full.
          at fail2 (file:///Users/mohammedkalouti/Documents/Codex/2026-09-27/i/work/art-generation-consumer-v1/source/client/.test-runtime/art-generation-consumer.test.mjs:253:9)
          at acquire (file:///Users/mohammedkalouti/Documents/Codex/2026-09-27/i/work/art-generation-consumer-v1/source/client/.test-runtime/art-generation-consumer.test.mjs:409:31)
          at read (file:///Users/mohammedkalouti/Documents/Codex/2026-09-27/i/work/art-generation-consumer-v1/source/client/.test-runtime/art-generation-consumer.test.mjs:441:11)
          at Object.json (file:///Users/mohammedkalouti/Documents/Codex/2026-09-27/i/work/art-generation-consumer-v1/source/client/.test-runtime/art-generation-consumer.test.mjs:492:89)
          at ArtLibrary.loadSheet (file:///Users/mohammedkalouti/Documents/Codex/2026-09-27/i/work/art-generation-consumer-v1/source/client/.test-runtime/art-generation-consumer.test.mjs:943:85)
          at async Promise.all (index 124)
          at async TestContext.<anonymous> (file:///Users/mohammedkalouti/Documents/Codex/2026-09-27/i/work/art-generation-consumer-v1/source/client/.test-runtime/art-generation-consumer.test.mjs:1277:18)
          at async Test.run (node:internal/test_runner/test:1389:7)
          at async Test.processPendingSubtests (node:internal/test_runner/test:960:7),
      RuntimeError: The bounded asset request queue is full.
          at fail2 (file:///Users/mohammedkalouti/Documents/Codex/2026-09-27/i/work/art-generation-consumer-v1/source/client/.test-runtime/art-generation-consumer.test.mjs:253:9)
          at acquire (file:///Users/mohammedkalouti/Documents/Codex/2026-09-27/i/work/art-generation-consumer-v1/source/client/.test-runtime/art-generation-consumer.test.mjs:409:31)
          at read (file:///Users/mohammedkalouti/Documents/Codex/2026-09-27/i/work/art-generation-consumer-v1/source/client/.test-runtime/art-generation-consumer.test.mjs:441:11)
          at Object.json (file:///Users/mohammedkalouti/Documents/Codex/2026-09-27/i/work/art-generation-consumer-v1/source/client/.test-runtime/art-generation-consumer.test.mjs:492:89)
          at ArtLibrary.loadSheet (file:///Users/mohammedkalouti/Documents/Codex/2026-09-27/i/work/art-generation-consumer-v1/source/client/.test-runtime/art-generation-consumer.test.mjs:943:85)
          at async Promise.all (index 125)
          at async TestContext.<anonymous> (file:///Users/mohammedkalouti/Documents/Codex/2026-09-27/i/work/art-generation-consumer-v1/source/client/.test-runtime/art-generation-consumer.test.mjs:1277:18)
          at async Test.run (node:internal/test_runner/test:1389:7)
          at async Test.processPendingSubtests (node:internal/test_runner/test:960:7),
      RuntimeError: The bounded asset request queue is full.
          at fail2 (file:///Users/mohammedkalouti/Documents/Codex/2026-09-27/i/work/art-generation-consumer-v1/source/client/.test-runtime/art-generation-consumer.test.mjs:253:9)
          at acquire (file:///Users/mohammedkalouti/Documents/Codex/2026-09-27/i/work/art-generation-consumer-v1/source/client/.test-runtime/art-generation-consumer.test.mjs:409:31)
          at read (file:///Users/mohammedkalouti/Documents/Codex/2026-09-27/i/work/art-generation-consumer-v1/source/client/.test-runtime/art-generation-consumer.test.mjs:441:11)
          at Object.json (file:///Users/mohammedkalouti/Documents/Codex/2026-09-27/i/work/art-generation-consumer-v1/source/client/.test-runtime/art-generation-consumer.test.mjs:492:89)
          at ArtLibrary.loadSheet (file:///Users/mohammedkalouti/Documents/Codex/2026-09-27/i/work/art-generation-consumer-v1/source/client/.test-runtime/art-generation-consumer.test.mjs:943:85)
          at async Promise.all (index 126)
          at async TestContext.<anonymous> (file:///Users/mohammedkalouti/Documents/Codex/2026-09-27/i/work/art-generation-consumer-v1/source/client/.test-runtime/art-generation-consumer.test.mjs:1277:18)
          at async Test.run (node:internal/test_runner/test:1389:7)
          at async Test.processPendingSubtests (node:internal/test_runner/test:960:7),
      RuntimeError: The bounded asset request queue is full.
          at fail2 (file:///Users/mohammedkalouti/Documents/Codex/2026-09-27/i/work/art-generation-consumer-v1/source/client/.test-runtime/art-generation-consumer.test.mjs:253:9)
          at acquire (file:///Users/mohammedkalouti/Documents/Codex/2026-09-27/i/work/art-generation-consumer-v1/source/client/.test-runtime/art-generation-consumer.test.mjs:409:31)
          at read (file:///Users/mohammedkalouti/Documents/Codex/2026-09-27/i/work/art-generation-consumer-v1/source/client/.test-runtime/art-generation-consumer.test.mjs:441:11)
          at Object.json (file:///Users/mohammedkalouti/Documents/Codex/2026-09-27/i/work/art-generation-consumer-v1/source/client/.test-runtime/art-generation-consumer.test.mjs:492:89)
          at ArtLibrary.loadSheet (file:///Users/mohammedkalouti/Documents/Codex/2026-09-27/i/work/art-generation-consumer-v1/source/client/.test-runtime/art-generation-consumer.test.mjs:943:85)
          at async Promise.all (index 127)
          at async TestContext.<anonymous> (file:///Users/mohammedkalouti/Documents/Codex/2026-09-27/i/work/art-generation-consumer-v1/source/client/.test-runtime/art-generation-consumer.test.mjs:1277:18)
          at async Test.run (node:internal/test_runner/test:1389:7)
          at async Test.processPendingSubtests (node:internal/test_runner/test:960:7),
      RuntimeError: The bounded asset request queue is full.
          at fail2 (file:///Users/mohammedkalouti/Documents/Codex/2026-09-27/i/work/art-generation-consumer-v1/source/client/.test-runtime/art-generation-consumer.test.mjs:253:9)
          at acquire (file:///Users/mohammedkalouti/Documents/Codex/2026-09-27/i/work/art-generation-consumer-v1/source/client/.test-runtime/art-generation-consumer.test.mjs:409:31)
          at read (file:///Users/mohammedkalouti/Documents/Codex/2026-09-27/i/work/art-generation-consumer-v1/source/client/.test-runtime/art-generation-consumer.test.mjs:441:11)
          at Object.json (file:///Users/mohammedkalouti/Documents/Codex/2026-09-27/i/work/art-generation-consumer-v1/source/client/.test-runtime/art-generation-consumer.test.mjs:492:89)
          at ArtLibrary.loadSheet (file:///Users/mohammedkalouti/Documents/Codex/2026-09-27/i/work/art-generation-consumer-v1/source/client/.test-runtime/art-generation-consumer.test.mjs:943:85)
          at async Promise.all (index 128)
          at async TestContext.<anonymous> (file:///Users/mohammedkalouti/Documents/Codex/2026-09-27/i/work/art-generation-consumer-v1/source/client/.test-runtime/art-generation-consumer.test.mjs:1277:18)
          at async Test.run (node:internal/test_runner/test:1389:7)
          at async Test.processPendingSubtests (node:internal/test_runner/test:960:7),
      RuntimeError: The bounded asset request queue is full.
          at fail2 (file:///Users/mohammedkalouti/Documents/Codex/2026-09-27/i/work/art-generation-consumer-v1/source/client/.test-runtime/art-generation-consumer.test.mjs:253:9)
          at acquire (file:///Users/mohammedkalouti/Documents/Codex/2026-09-27/i/work/art-generation-consumer-v1/source/client/.test-runtime/art-generation-consumer.test.mjs:409:31)
          at read (file:///Users/mohammedkalouti/Documents/Codex/2026-09-27/i/work/art-generation-consumer-v1/source/client/.test-runtime/art-generation-consumer.test.mjs:441:11)
          at Object.json (file:///Users/mohammedkalouti/Documents/Codex/2026-09-27/i/work/art-generation-consumer-v1/source/client/.test-runtime/art-generation-consumer.test.mjs:492:89)
          at ArtLibrary.loadSheet (file:///Users/mohammedkalouti/Documents/Codex/2026-09-27/i/work/art-generation-consumer-v1/source/client/.test-runtime/art-generation-consumer.test.mjs:943:85)
          at async Promise.all (index 129)
          at async TestContext.<anonymous> (file:///Users/mohammedkalouti/Documents/Codex/2026-09-27/i/work/art-generation-consumer-v1/source/client/.test-runtime/art-generation-consumer.test.mjs:1277:18)
          at async Test.run (node:internal/test_runner/test:1389:7)
          at async Test.processPendingSubtests (node:internal/test_runner/test:960:7),
      RuntimeError: The bounded asset request queue is full.
          at fail2 (file:///Users/mohammedkalouti/Documents/Codex/2026-09-27/i/work/art-generation-consumer-v1/source/client/.test-runtime/art-generation-consumer.test.mjs:253:9)
          at acquire (file:///Users/mohammedkalouti/Documents/Codex/2026-09-27/i/work/art-generation-consumer-v1/source/client/.test-runtime/art-generation-consumer.test.mjs:409:31)
          at read (file:///Users/mohammedkalouti/Documents/Codex/2026-09-27/i/work/art-generation-consumer-v1/source/client/.test-runtime/art-generation-consumer.test.mjs:441:11)
          at Object.json (file:///Users/mohammedkalouti/Documents/Codex/2026-09-27/i/work/art-generation-consumer-v1/source/client/.test-runtime/art-generation-consumer.test.mjs:492:89)
          at ArtLibrary.loadSheet (file:///Users/mohammedkalouti/Documents/Codex/2026-09-27/i/work/art-generation-consumer-v1/source/client/.test-runtime/art-generation-consumer.test.mjs:943:85)
          at async Promise.all (index 130)
          at async TestContext.<anonymous> (file:///Users/mohammedkalouti/Documents/Codex/2026-09-27/i/work/art-generation-consumer-v1/source/client/.test-runtime/art-generation-consumer.test.mjs:1277:18)
          at async Test.run (node:internal/test_runner/test:1389:7)
          at async Test.processPendingSubtests (node:internal/test_runner/test:960:7),
      RuntimeError: The bounded asset request queue is full.
          at fail2 (file:///Users/mohammedkalouti/Documents/Codex/2026-09-27/i/work/art-generation-consumer-v1/source/client/.test-runtime/art-generation-consumer.test.mjs:253:9)
          at acquire (file:///Users/mohammedkalouti/Documents/Codex/2026-09-27/i/work/art-generation-consumer-v1/source/client/.test-runtime/art-generation-consumer.test.mjs:409:31)
          at read (file:///Users/mohammedkalouti/Documents/Codex/2026-09-27/i/work/art-generation-consumer-v1/source/client/.test-runtime/art-generation-consumer.test.mjs:441:11)
          at Object.json (file:///Users/mohammedkalouti/Documents/Codex/2026-09-27/i/work/art-generation-consumer-v1/source/client/.test-runtime/art-generation-consumer.test.mjs:492:89)
          at ArtLibrary.loadSheet (file:///Users/mohammedkalouti/Documents/Codex/2026-09-27/i/work/art-generation-consumer-v1/source/client/.test-runtime/art-generation-consumer.test.mjs:943:85)
          at async Promise.all (index 131)
          at async TestContext.<anonymous> (file:///Users/mohammedkalouti/Documents/Codex/2026-09-27/i/work/art-generation-consumer-v1/source/client/.test-runtime/art-generation-consumer.test.mjs:1277:18)
          at async Test.run (node:internal/test_runner/test:1389:7)
          at async Test.processPendingSubtests (node:internal/test_runner/test:960:7),
      RuntimeError: The bounded asset request queue is full.
          at fail2 (file:///Users/mohammedkalouti/Documents/Codex/2026-09-27/i/work/art-generation-consumer-v1/source/client/.test-runtime/art-generation-consumer.test.mjs:253:9)
          at acquire (file:///Users/mohammedkalouti/Documents/Codex/2026-09-27/i/work/art-generation-consumer-v1/source/client/.test-runtime/art-generation-consumer.test.mjs:409:31)
          at read (file:///Users/mohammedkalouti/Documents/Codex/2026-09-27/i/work/art-generation-consumer-v1/source/client/.test-runtime/art-generation-consumer.test.mjs:441:11)
          at Object.json (file:///Users/mohammedkalouti/Documents/Codex/2026-09-27/i/work/art-generation-consumer-v1/source/client/.test-runtime/art-generation-consumer.test.mjs:492:89)
          at ArtLibrary.loadSheet (file:///Users/mohammedkalouti/Documents/Codex/2026-09-27/i/work/art-generation-consumer-v1/source/client/.test-runtime/art-generation-consumer.test.mjs:943:85)
          at async Promise.all (index 132)
          at async TestContext.<anonymous> (file:///Users/mohammedkalouti/Documents/Codex/2026-09-27/i/work/art-generation-consumer-v1/source/client/.test-runtime/art-generation-consumer.test.mjs:1277:18)
          at async Test.run (node:internal/test_runner/test:1389:7)
          at async Test.processPendingSubtests (node:internal/test_runner/test:960:7),
      RuntimeError: The bounded asset request queue is full.
          at fail2 (file:///Users/mohammedkalouti/Documents/Codex/2026-09-27/i/work/art-generation-consumer-v1/source/client/.test-runtime/art-generation-consumer.test.mjs:253:9)
          at acquire (file:///Users/mohammedkalouti/Documents/Codex/2026-09-27/i/work/art-generation-consumer-v1/source/client/.test-runtime/art-generation-consumer.test.mjs:409:31)
          at read (file:///Users/mohammedkalouti/Documents/Codex/2026-09-27/i/work/art-generation-consumer-v1/source/client/.test-runtime/art-generation-consumer.test.mjs:441:11)
          at Object.json (file:///Users/mohammedkalouti/Documents/Codex/2026-09-27/i/work/art-generation-consumer-v1/source/client/.test-runtime/art-generation-consumer.test.mjs:492:89)
          at ArtLibrary.loadSheet (file:///Users/mohammedkalouti/Documents/Codex/2026-09-27/i/work/art-generation-consumer-v1/source/client/.test-runtime/art-generation-consumer.test.mjs:943:85)
          at async Promise.all (index 133)
          at async TestContext.<anonymous> (file:///Users/mohammedkalouti/Documents/Codex/2026-09-27/i/work/art-generation-consumer-v1/source/client/.test-runtime/art-generation-consumer.test.mjs:1277:18)
          at async Test.run (node:internal/test_runner/test:1389:7)
          at async Test.processPendingSubtests (node:internal/test_runner/test:960:7),
      RuntimeError: The bounded asset request queue is full.
          at fail2 (file:///Users/mohammedkalouti/Documents/Codex/2026-09-27/i/work/art-generation-consumer-v1/source/client/.test-runtime/art-generation-consumer.test.mjs:253:9)
          at acquire (file:///Users/mohammedkalouti/Documents/Codex/2026-09-27/i/work/art-generation-consumer-v1/source/client/.test-runtime/art-generation-consumer.test.mjs:409:31)
          at read (file:///Users/mohammedkalouti/Documents/Codex/2026-09-27/i/work/art-generation-consumer-v1/source/client/.test-runtime/art-generation-consumer.test.mjs:441:11)
          at Object.json (file:///Users/mohammedkalouti/Documents/Codex/2026-09-27/i/work/art-generation-consumer-v1/source/client/.test-runtime/art-generation-consumer.test.mjs:492:89)
          at ArtLibrary.loadSheet (file:///Users/mohammedkalouti/Documents/Codex/2026-09-27/i/work/art-generation-consumer-v1/source/client/.test-runtime/art-generation-consumer.test.mjs:943:85)
          at async Promise.all (index 134)
          at async TestContext.<anonymous> (file:///Users/mohammedkalouti/Documents/Codex/2026-09-27/i/work/art-generation-consumer-v1/source/client/.test-runtime/art-generation-consumer.test.mjs:1277:18)
          at async Test.run (node:internal/test_runner/test:1389:7)
          at async Test.processPendingSubtests (node:internal/test_runner/test:960:7),
      RuntimeError: The bounded asset request queue is full.
          at fail2 (file:///Users/mohammedkalouti/Documents/Codex/2026-09-27/i/work/art-generation-consumer-v1/source/client/.test-runtime/art-generation-consumer.test.mjs:253:9)
          at acquire (file:///Users/mohammedkalouti/Documents/Codex/2026-09-27/i/work/art-generation-consumer-v1/source/client/.test-runtime/art-generation-consumer.test.mjs:409:31)
          at read (file:///Users/mohammedkalouti/Documents/Codex/2026-09-27/i/work/art-generation-consumer-v1/source/client/.test-runtime/art-generation-consumer.test.mjs:441:11)
          at Object.json (file:///Users/mohammedkalouti/Documents/Codex/2026-09-27/i/work/art-generation-consumer-v1/source/client/.test-runtime/art-generation-consumer.test.mjs:492:89)
          at ArtLibrary.loadSheet (file:///Users/mohammedkalouti/Documents/Codex/2026-09-27/i/work/art-generation-consumer-v1/source/client/.test-runtime/art-generation-consumer.test.mjs:943:85)
          at async Promise.all (index 135)
          at async TestContext.<anonymous> (file:///Users/mohammedkalouti/Documents/Codex/2026-09-27/i/work/art-generation-consumer-v1/source/client/.test-runtime/art-generation-consumer.test.mjs:1277:18)
          at async Test.run (node:internal/test_runner/test:1389:7)
          at async Test.processPendingSubtests (node:internal/test_runner/test:960:7)
    ],
    expected: [],
    operator: 'deepStrictEqual',
    diff: 'simple'
  }
