{"Time":"2026-09-29T10:19:21.240063+03:00","Action":"start","Package":"frontlinecommand/pkg/sim"}
{"Time":"2026-09-29T10:19:22.123193+03:00","Action":"run","Package":"frontlinecommand/pkg/sim","Test":"TestCombatFeedbackCoverResolutionAndPrivacy"}
{"Time":"2026-09-29T10:19:22.123276+03:00","Action":"output","Package":"frontlinecommand/pkg/sim","Test":"TestCombatFeedbackCoverResolutionAndPrivacy","Output":"=== RUN   TestCombatFeedbackCoverResolutionAndPrivacy\n","OutputType":"frame"}
{"Time":"2026-09-29T10:19:22.123321+03:00","Action":"run","Package":"frontlinecommand/pkg/sim","Test":"TestCombatFeedbackCoverResolutionAndPrivacy/visible"}
{"Time":"2026-09-29T10:19:22.123334+03:00","Action":"output","Package":"frontlinecommand/pkg/sim","Test":"TestCombatFeedbackCoverResolutionAndPrivacy/visible","Output":"=== RUN   TestCombatFeedbackCoverResolutionAndPrivacy/visible\n","OutputType":"frame"}
{"Time":"2026-09-29T10:19:22.181855+03:00","Action":"output","Package":"frontlinecommand/pkg/sim","Test":"TestCombatFeedbackCoverResolutionAndPrivacy/visible","Output":"--- PASS: TestCombatFeedbackCoverResolutionAndPrivacy/visible (0.06s)\n","OutputType":"frame"}
{"Time":"2026-09-29T10:19:22.181904+03:00","Action":"pass","Package":"frontlinecommand/pkg/sim","Test":"TestCombatFeedbackCoverResolutionAndPrivacy/visible","Elapsed":0.06}
{"Time":"2026-09-29T10:19:22.18192+03:00","Action":"run","Package":"frontlinecommand/pkg/sim","Test":"TestCombatFeedbackCoverResolutionAndPrivacy/concealed"}
{"Time":"2026-09-29T10:19:22.181924+03:00","Action":"output","Package":"frontlinecommand/pkg/sim","Test":"TestCombatFeedbackCoverResolutionAndPrivacy/concealed","Output":"=== RUN   TestCombatFeedbackCoverResolutionAndPrivacy/concealed\n","OutputType":"frame"}
{"Time":"2026-09-29T10:19:22.241541+03:00","Action":"output","Package":"frontlinecommand/pkg/sim","Test":"TestCombatFeedbackCoverResolutionAndPrivacy/concealed","Output":"--- PASS: TestCombatFeedbackCoverResolutionAndPrivacy/concealed (0.06s)\n","OutputType":"frame"}
{"Time":"2026-09-29T10:19:22.241585+03:00","Action":"pass","Package":"frontlinecommand/pkg/sim","Test":"TestCombatFeedbackCoverResolutionAndPrivacy/concealed","Elapsed":0.06}
{"Time":"2026-09-29T10:19:22.241595+03:00","Action":"run","Package":"frontlinecommand/pkg/sim","Test":"TestCombatFeedbackCoverResolutionAndPrivacy/fog"}
{"Time":"2026-09-29T10:19:22.241599+03:00","Action":"output","Package":"frontlinecommand/pkg/sim","Test":"TestCombatFeedbackCoverResolutionAndPrivacy/fog","Output":"=== RUN   TestCombatFeedbackCoverResolutionAndPrivacy/fog\n","OutputType":"frame"}
{"Time":"2026-09-29T10:19:22.293553+03:00","Action":"output","Package":"frontlinecommand/pkg/sim","Test":"TestCombatFeedbackCoverResolutionAndPrivacy/fog","Output":"--- PASS: TestCombatFeedbackCoverResolutionAndPrivacy/fog (0.05s)\n","OutputType":"frame"}
{"Time":"2026-09-29T10:19:22.293605+03:00","Action":"pass","Package":"frontlinecommand/pkg/sim","Test":"TestCombatFeedbackCoverResolutionAndPrivacy/fog","Elapsed":0.05}
{"Time":"2026-09-29T10:19:22.293634+03:00","Action":"run","Package":"frontlinecommand/pkg/sim","Test":"TestCombatFeedbackCoverResolutionAndPrivacy/embarked"}
{"Time":"2026-09-29T10:19:22.293646+03:00","Action":"output","Package":"frontlinecommand/pkg/sim","Test":"TestCombatFeedbackCoverResolutionAndPrivacy/embarked","Output":"=== RUN   TestCombatFeedbackCoverResolutionAndPrivacy/embarked\n","OutputType":"frame"}
{"Time":"2026-09-29T10:19:22.343306+03:00","Action":"output","Package":"frontlinecommand/pkg/sim","Test":"TestCombatFeedbackCoverResolutionAndPrivacy/embarked","Output":"--- PASS: TestCombatFeedbackCoverResolutionAndPrivacy/embarked (0.05s)\n","OutputType":"frame"}
{"Time":"2026-09-29T10:19:22.34337+03:00","Action":"pass","Package":"frontlinecommand/pkg/sim","Test":"TestCombatFeedbackCoverResolutionAndPrivacy/embarked","Elapsed":0.05}
{"Time":"2026-09-29T10:19:22.34339+03:00","Action":"run","Package":"frontlinecommand/pkg/sim","Test":"TestCombatFeedbackCoverResolutionAndPrivacy/dead"}
{"Time":"2026-09-29T10:19:22.343399+03:00","Action":"output","Package":"frontlinecommand/pkg/sim","Test":"TestCombatFeedbackCoverResolutionAndPrivacy/dead","Output":"=== RUN   TestCombatFeedbackCoverResolutionAndPrivacy/dead\n","OutputType":"frame"}
{"Time":"2026-09-29T10:19:22.394142+03:00","Action":"output","Package":"frontlinecommand/pkg/sim","Test":"TestCombatFeedbackCoverResolutionAndPrivacy/dead","Output":"--- PASS: TestCombatFeedbackCoverResolutionAndPrivacy/dead (0.05s)\n","OutputType":"frame"}
{"Time":"2026-09-29T10:19:22.394231+03:00","Action":"pass","Package":"frontlinecommand/pkg/sim","Test":"TestCombatFeedbackCoverResolutionAndPrivacy/dead","Elapsed":0.05}
{"Time":"2026-09-29T10:19:22.394532+03:00","Action":"run","Package":"frontlinecommand/pkg/sim","Test":"TestCombatFeedbackCoverResolutionAndPrivacy/removed"}
{"Time":"2026-09-29T10:19:22.39455+03:00","Action":"output","Package":"frontlinecommand/pkg/sim","Test":"TestCombatFeedbackCoverResolutionAndPrivacy/removed","Output":"=== RUN   TestCombatFeedbackCoverResolutionAndPrivacy/removed\n","OutputType":"frame"}
{"Time":"2026-09-29T10:19:22.44336+03:00","Action":"output","Package":"frontlinecommand/pkg/sim","Test":"TestCombatFeedbackCoverResolutionAndPrivacy/removed","Output":"--- PASS: TestCombatFeedbackCoverResolutionAndPrivacy/removed (0.05s)\n","OutputType":"frame"}
{"Time":"2026-09-29T10:19:22.443397+03:00","Action":"pass","Package":"frontlinecommand/pkg/sim","Test":"TestCombatFeedbackCoverResolutionAndPrivacy/removed","Elapsed":0.05}
{"Time":"2026-09-29T10:19:22.443405+03:00","Action":"output","Package":"frontlinecommand/pkg/sim","Test":"TestCombatFeedbackCoverResolutionAndPrivacy","Output":"--- PASS: TestCombatFeedbackCoverResolutionAndPrivacy (0.32s)\n","OutputType":"frame"}
{"Time":"2026-09-29T10:19:22.443409+03:00","Action":"pass","Package":"frontlinecommand/pkg/sim","Test":"TestCombatFeedbackCoverResolutionAndPrivacy","Elapsed":0.32}
{"Time":"2026-09-29T10:19:22.443443+03:00","Action":"run","Package":"frontlinecommand/pkg/sim","Test":"TestCombatFeedbackWeaponSurvivesSourceConversionOrDeath"}
{"Time":"2026-09-29T10:19:22.443469+03:00","Action":"output","Package":"frontlinecommand/pkg/sim","Test":"TestCombatFeedbackWeaponSurvivesSourceConversionOrDeath","Output":"=== RUN   TestCombatFeedbackWeaponSurvivesSourceConversionOrDeath\n","OutputType":"frame"}
{"Time":"2026-09-29T10:19:22.443523+03:00","Action":"run","Package":"frontlinecommand/pkg/sim","Test":"TestCombatFeedbackWeaponSurvivesSourceConversionOrDeath/converted"}
{"Time":"2026-09-29T10:19:22.443529+03:00","Action":"output","Package":"frontlinecommand/pkg/sim","Test":"TestCombatFeedbackWeaponSurvivesSourceConversionOrDeath/converted","Output":"=== RUN   TestCombatFeedbackWeaponSurvivesSourceConversionOrDeath/converted\n","OutputType":"frame"}
{"Time":"2026-09-29T10:19:22.478257+03:00","Action":"output","Package":"frontlinecommand/pkg/sim","Test":"TestCombatFeedbackWeaponSurvivesSourceConversionOrDeath/converted","Output":"--- PASS: TestCombatFeedbackWeaponSurvivesSourceConversionOrDeath/converted (0.03s)\n","OutputType":"frame"}
{"Time":"2026-09-29T10:19:22.478333+03:00","Action":"pass","Package":"frontlinecommand/pkg/sim","Test":"TestCombatFeedbackWeaponSurvivesSourceConversionOrDeath/converted","Elapsed":0.03}
{"Time":"2026-09-29T10:19:22.478372+03:00","Action":"run","Package":"frontlinecommand/pkg/sim","Test":"TestCombatFeedbackWeaponSurvivesSourceConversionOrDeath/dead"}
{"Time":"2026-09-29T10:19:22.478379+03:00","Action":"output","Package":"frontlinecommand/pkg/sim","Test":"TestCombatFeedbackWeaponSurvivesSourceConversionOrDeath/dead","Output":"=== RUN   TestCombatFeedbackWeaponSurvivesSourceConversionOrDeath/dead\n","OutputType":"frame"}
{"Time":"2026-09-29T10:19:22.512743+03:00","Action":"output","Package":"frontlinecommand/pkg/sim","Test":"TestCombatFeedbackWeaponSurvivesSourceConversionOrDeath/dead","Output":"--- PASS: TestCombatFeedbackWeaponSurvivesSourceConversionOrDeath/dead (0.04s)\n","OutputType":"frame"}
{"Time":"2026-09-29T10:19:22.512802+03:00","Action":"pass","Package":"frontlinecommand/pkg/sim","Test":"TestCombatFeedbackWeaponSurvivesSourceConversionOrDeath/dead","Elapsed":0.04}
{"Time":"2026-09-29T10:19:22.512878+03:00","Action":"run","Package":"frontlinecommand/pkg/sim","Test":"TestCombatFeedbackWeaponSurvivesSourceConversionOrDeath/removed"}
{"Time":"2026-09-29T10:19:22.512912+03:00","Action":"output","Package":"frontlinecommand/pkg/sim","Test":"TestCombatFeedbackWeaponSurvivesSourceConversionOrDeath/removed","Output":"=== RUN   TestCombatFeedbackWeaponSurvivesSourceConversionOrDeath/removed\n","OutputType":"frame"}
{"Time":"2026-09-29T10:19:22.545644+03:00","Action":"output","Package":"frontlinecommand/pkg/sim","Test":"TestCombatFeedbackWeaponSurvivesSourceConversionOrDeath/removed","Output":"--- PASS: TestCombatFeedbackWeaponSurvivesSourceConversionOrDeath/removed (0.03s)\n","OutputType":"frame"}
{"Time":"2026-09-29T10:19:22.545775+03:00","Action":"pass","Package":"frontlinecommand/pkg/sim","Test":"TestCombatFeedbackWeaponSurvivesSourceConversionOrDeath/removed","Elapsed":0.03}
{"Time":"2026-09-29T10:19:22.545813+03:00","Action":"output","Package":"frontlinecommand/pkg/sim","Test":"TestCombatFeedbackWeaponSurvivesSourceConversionOrDeath","Output":"--- PASS: TestCombatFeedbackWeaponSurvivesSourceConversionOrDeath (0.10s)\n","OutputType":"frame"}
{"Time":"2026-09-29T10:19:22.54582+03:00","Action":"pass","Package":"frontlinecommand/pkg/sim","Test":"TestCombatFeedbackWeaponSurvivesSourceConversionOrDeath","Elapsed":0.1}
{"Time":"2026-09-29T10:19:22.545831+03:00","Action":"run","Package":"frontlinecommand/pkg/sim","Test":"TestCombatFeedbackUnknownAndAreaOutcomesStayUnknown"}
{"Time":"2026-09-29T10:19:22.545839+03:00","Action":"output","Package":"frontlinecommand/pkg/sim","Test":"TestCombatFeedbackUnknownAndAreaOutcomesStayUnknown","Output":"=== RUN   TestCombatFeedbackUnknownAndAreaOutcomesStayUnknown\n","OutputType":"frame"}
{"Time":"2026-09-29T10:19:22.545859+03:00","Action":"run","Package":"frontlinecommand/pkg/sim","Test":"TestCombatFeedbackUnknownAndAreaOutcomesStayUnknown/empty"}
{"Time":"2026-09-29T10:19:22.545864+03:00","Action":"output","Package":"frontlinecommand/pkg/sim","Test":"TestCombatFeedbackUnknownAndAreaOutcomesStayUnknown/empty","Output":"=== RUN   TestCombatFeedbackUnknownAndAreaOutcomesStayUnknown/empty\n","OutputType":"frame"}
{"Time":"2026-09-29T10:19:22.576265+03:00","Action":"output","Package":"frontlinecommand/pkg/sim","Test":"TestCombatFeedbackUnknownAndAreaOutcomesStayUnknown/empty","Output":"--- PASS: TestCombatFeedbackUnknownAndAreaOutcomesStayUnknown/empty (0.03s)\n","OutputType":"frame"}
{"Time":"2026-09-29T10:19:22.576645+03:00","Action":"pass","Package":"frontlinecommand/pkg/sim","Test":"TestCombatFeedbackUnknownAndAreaOutcomesStayUnknown/empty","Elapsed":0.03}
{"Time":"2026-09-29T10:19:22.576688+03:00","Action":"run","Package":"frontlinecommand/pkg/sim","Test":"TestCombatFeedbackUnknownAndAreaOutcomesStayUnknown/zero-damage"}
{"Time":"2026-09-29T10:19:22.576701+03:00","Action":"output","Package":"frontlinecommand/pkg/sim","Test":"TestCombatFeedbackUnknownAndAreaOutcomesStayUnknown/zero-damage","Output":"=== RUN   TestCombatFeedbackUnknownAndAreaOutcomesStayUnknown/zero-damage\n","OutputType":"frame"}
{"Time":"2026-09-29T10:19:22.610726+03:00","Action":"output","Package":"frontlinecommand/pkg/sim","Test":"TestCombatFeedbackUnknownAndAreaOutcomesStayUnknown/zero-damage","Output":"--- PASS: TestCombatFeedbackUnknownAndAreaOutcomesStayUnknown/zero-damage (0.03s)\n","OutputType":"frame"}
{"Time":"2026-09-29T10:19:22.611107+03:00","Action":"pass","Package":"frontlinecommand/pkg/sim","Test":"TestCombatFeedbackUnknownAndAreaOutcomesStayUnknown/zero-damage","Elapsed":0.03}
{"Time":"2026-09-29T10:19:22.61115+03:00","Action":"run","Package":"frontlinecommand/pkg/sim","Test":"TestCombatFeedbackUnknownAndAreaOutcomesStayUnknown/decoy"}
{"Time":"2026-09-29T10:19:22.611161+03:00","Action":"output","Package":"frontlinecommand/pkg/sim","Test":"TestCombatFeedbackUnknownAndAreaOutcomesStayUnknown/decoy","Output":"=== RUN   TestCombatFeedbackUnknownAndAreaOutcomesStayUnknown/decoy\n","OutputType":"frame"}
{"Time":"2026-09-29T10:19:22.644355+03:00","Action":"output","Package":"frontlinecommand/pkg/sim","Test":"TestCombatFeedbackUnknownAndAreaOutcomesStayUnknown/decoy","Output":"--- PASS: TestCombatFeedbackUnknownAndAreaOutcomesStayUnknown/decoy (0.03s)\n","OutputType":"frame"}
{"Time":"2026-09-29T10:19:22.644393+03:00","Action":"pass","Package":"frontlinecommand/pkg/sim","Test":"TestCombatFeedbackUnknownAndAreaOutcomesStayUnknown/decoy","Elapsed":0.03}
{"Time":"2026-09-29T10:19:22.644404+03:00","Action":"run","Package":"frontlinecommand/pkg/sim","Test":"TestCombatFeedbackUnknownAndAreaOutcomesStayUnknown/area-zero"}
{"Time":"2026-09-29T10:19:22.644411+03:00","Action":"output","Package":"frontlinecommand/pkg/sim","Test":"TestCombatFeedbackUnknownAndAreaOutcomesStayUnknown/area-zero","Output":"=== RUN   TestCombatFeedbackUnknownAndAreaOutcomesStayUnknown/area-zero\n","OutputType":"frame"}
{"Time":"2026-09-29T10:19:22.684712+03:00","Action":"output","Package":"frontlinecommand/pkg/sim","Test":"TestCombatFeedbackUnknownAndAreaOutcomesStayUnknown/area-zero","Output":"--- PASS: TestCombatFeedbackUnknownAndAreaOutcomesStayUnknown/area-zero (0.04s)\n","OutputType":"frame"}
{"Time":"2026-09-29T10:19:22.68479+03:00","Action":"pass","Package":"frontlinecommand/pkg/sim","Test":"TestCombatFeedbackUnknownAndAreaOutcomesStayUnknown/area-zero","Elapsed":0.04}
{"Time":"2026-09-29T10:19:22.68481+03:00","Action":"run","Package":"frontlinecommand/pkg/sim","Test":"TestCombatFeedbackUnknownAndAreaOutcomesStayUnknown/area-one"}
{"Time":"2026-09-29T10:19:22.684817+03:00","Action":"output","Package":"frontlinecommand/pkg/sim","Test":"TestCombatFeedbackUnknownAndAreaOutcomesStayUnknown/area-one","Output":"=== RUN   TestCombatFeedbackUnknownAndAreaOutcomesStayUnknown/area-one\n","OutputType":"frame"}
{"Time":"2026-09-29T10:19:22.717055+03:00","Action":"output","Package":"frontlinecommand/pkg/sim","Test":"TestCombatFeedbackUnknownAndAreaOutcomesStayUnknown/area-one","Output":"--- PASS: TestCombatFeedbackUnknownAndAreaOutcomesStayUnknown/area-one (0.03s)\n","OutputType":"frame"}
{"Time":"2026-09-29T10:19:22.717287+03:00","Action":"pass","Package":"frontlinecommand/pkg/sim","Test":"TestCombatFeedbackUnknownAndAreaOutcomesStayUnknown/area-one","Elapsed":0.03}
{"Time":"2026-09-29T10:19:22.717333+03:00","Action":"run","Package":"frontlinecommand/pkg/sim","Test":"TestCombatFeedbackUnknownAndAreaOutcomesStayUnknown/area-many"}
{"Time":"2026-09-29T10:19:22.717339+03:00","Action":"output","Package":"frontlinecommand/pkg/sim","Test":"TestCombatFeedbackUnknownAndAreaOutcomesStayUnknown/area-many","Output":"=== RUN   TestCombatFeedbackUnknownAndAreaOutcomesStayUnknown/area-many\n","OutputType":"frame"}
{"Time":"2026-09-29T10:19:22.748959+03:00","Action":"output","Package":"frontlinecommand/pkg/sim","Test":"TestCombatFeedbackUnknownAndAreaOutcomesStayUnknown/area-many","Output":"--- PASS: TestCombatFeedbackUnknownAndAreaOutcomesStayUnknown/area-many (0.03s)\n","OutputType":"frame"}
{"Time":"2026-09-29T10:19:22.749007+03:00","Action":"pass","Package":"frontlinecommand/pkg/sim","Test":"TestCombatFeedbackUnknownAndAreaOutcomesStayUnknown/area-many","Elapsed":0.03}
{"Time":"2026-09-29T10:19:22.74902+03:00","Action":"output","Package":"frontlinecommand/pkg/sim","Test":"TestCombatFeedbackUnknownAndAreaOutcomesStayUnknown","Output":"--- PASS: TestCombatFeedbackUnknownAndAreaOutcomesStayUnknown (0.20s)\n","OutputType":"frame"}
{"Time":"2026-09-29T10:19:22.749027+03:00","Action":"pass","Package":"frontlinecommand/pkg/sim","Test":"TestCombatFeedbackUnknownAndAreaOutcomesStayUnknown","Elapsed":0.2}
{"Time":"2026-09-29T10:19:22.749034+03:00","Action":"run","Package":"frontlinecommand/pkg/sim","Test":"TestCombatFeedbackRequiresActualPositiveResolvedDamage"}
{"Time":"2026-09-29T10:19:22.749039+03:00","Action":"output","Package":"frontlinecommand/pkg/sim","Test":"TestCombatFeedbackRequiresActualPositiveResolvedDamage","Output":"=== RUN   TestCombatFeedbackRequiresActualPositiveResolvedDamage\n","OutputType":"frame"}
{"Time":"2026-09-29T10:19:22.82555+03:00","Action":"output","Package":"frontlinecommand/pkg/sim","Test":"TestCombatFeedbackRequiresActualPositiveResolvedDamage","Output":"--- PASS: TestCombatFeedbackRequiresActualPositiveResolvedDamage (0.08s)\n","OutputType":"frame"}
{"Time":"2026-09-29T10:19:22.825616+03:00","Action":"pass","Package":"frontlinecommand/pkg/sim","Test":"TestCombatFeedbackRequiresActualPositiveResolvedDamage","Elapsed":0.08}
{"Time":"2026-09-29T10:19:22.825624+03:00","Action":"run","Package":"frontlinecommand/pkg/sim","Test":"TestCombatFeedbackSaveReplayAndOrdinaryCommand"}
{"Time":"2026-09-29T10:19:22.825628+03:00","Action":"output","Package":"frontlinecommand/pkg/sim","Test":"TestCombatFeedbackSaveReplayAndOrdinaryCommand","Output":"=== RUN   TestCombatFeedbackSaveReplayAndOrdinaryCommand\n","OutputType":"frame"}
{"Time":"2026-09-29T10:19:24.982084+03:00","Action":"output","Package":"frontlinecommand/pkg/sim","Test":"TestCombatFeedbackSaveReplayAndOrdinaryCommand","Output":"--- PASS: TestCombatFeedbackSaveReplayAndOrdinaryCommand (2.16s)\n","OutputType":"frame"}
{"Time":"2026-09-29T10:19:24.982244+03:00","Action":"pass","Package":"frontlinecommand/pkg/sim","Test":"TestCombatFeedbackSaveReplayAndOrdinaryCommand","Elapsed":2.16}
{"Time":"2026-09-29T10:19:24.982266+03:00","Action":"run","Package":"frontlinecommand/pkg/sim","Test":"TestCombatFeedbackRejectsMalformedMetadata"}
{"Time":"2026-09-29T10:19:24.982274+03:00","Action":"output","Package":"frontlinecommand/pkg/sim","Test":"TestCombatFeedbackRejectsMalformedMetadata","Output":"=== RUN   TestCombatFeedbackRejectsMalformedMetadata\n","OutputType":"frame"}
{"Time":"2026-09-29T10:19:24.982285+03:00","Action":"run","Package":"frontlinecommand/pkg/sim","Test":"TestCombatFeedbackRejectsMalformedMetadata/weapon"}
{"Time":"2026-09-29T10:19:24.982288+03:00","Action":"output","Package":"frontlinecommand/pkg/sim","Test":"TestCombatFeedbackRejectsMalformedMetadata/weapon","Output":"=== RUN   TestCombatFeedbackRejectsMalformedMetadata/weapon\n","OutputType":"frame"}
{"Time":"2026-09-29T10:19:25.092008+03:00","Action":"output","Package":"frontlinecommand/pkg/sim","Test":"TestCombatFeedbackRejectsMalformedMetadata/weapon","Output":"--- PASS: TestCombatFeedbackRejectsMalformedMetadata/weapon (0.11s)\n","OutputType":"frame"}
{"Time":"2026-09-29T10:19:25.092093+03:00","Action":"pass","Package":"frontlinecommand/pkg/sim","Test":"TestCombatFeedbackRejectsMalformedMetadata/weapon","Elapsed":0.11}
{"Time":"2026-09-29T10:19:25.092108+03:00","Action":"run","Package":"frontlinecommand/pkg/sim","Test":"TestCombatFeedbackRejectsMalformedMetadata/kind"}
{"Time":"2026-09-29T10:19:25.092115+03:00","Action":"output","Package":"frontlinecommand/pkg/sim","Test":"TestCombatFeedbackRejectsMalformedMetadata/kind","Output":"=== RUN   TestCombatFeedbackRejectsMalformedMetadata/kind\n","OutputType":"frame"}
{"Time":"2026-09-29T10:19:25.18972+03:00","Action":"output","Package":"frontlinecommand/pkg/sim","Test":"TestCombatFeedbackRejectsMalformedMetadata/kind","Output":"--- PASS: TestCombatFeedbackRejectsMalformedMetadata/kind (0.10s)\n","OutputType":"frame"}
{"Time":"2026-09-29T10:19:25.18976+03:00","Action":"pass","Package":"frontlinecommand/pkg/sim","Test":"TestCombatFeedbackRejectsMalformedMetadata/kind","Elapsed":0.1}
{"Time":"2026-09-29T10:19:25.189829+03:00","Action":"run","Package":"frontlinecommand/pkg/sim","Test":"TestCombatFeedbackRejectsMalformedMetadata/outcome"}
{"Time":"2026-09-29T10:19:25.189855+03:00","Action":"output","Package":"frontlinecommand/pkg/sim","Test":"TestCombatFeedbackRejectsMalformedMetadata/outcome","Output":"=== RUN   TestCombatFeedbackRejectsMalformedMetadata/outcome\n","OutputType":"frame"}
{"Time":"2026-09-29T10:19:25.290828+03:00","Action":"output","Package":"frontlinecommand/pkg/sim","Test":"TestCombatFeedbackRejectsMalformedMetadata/outcome","Output":"--- PASS: TestCombatFeedbackRejectsMalformedMetadata/outcome (0.10s)\n","OutputType":"frame"}
{"Time":"2026-09-29T10:19:25.290968+03:00","Action":"pass","Package":"frontlinecommand/pkg/sim","Test":"TestCombatFeedbackRejectsMalformedMetadata/outcome","Elapsed":0.1}
{"Time":"2026-09-29T10:19:25.291065+03:00","Action":"run","Package":"frontlinecommand/pkg/sim","Test":"TestCombatFeedbackRejectsMalformedMetadata/armor"}
{"Time":"2026-09-29T10:19:25.291099+03:00","Action":"output","Package":"frontlinecommand/pkg/sim","Test":"TestCombatFeedbackRejectsMalformedMetadata/armor","Output":"=== RUN   TestCombatFeedbackRejectsMalformedMetadata/armor\n","OutputType":"frame"}
{"Time":"2026-09-29T10:19:25.387+03:00","Action":"output","Package":"frontlinecommand/pkg/sim","Test":"TestCombatFeedbackRejectsMalformedMetadata/armor","Output":"--- PASS: TestCombatFeedbackRejectsMalformedMetadata/armor (0.10s)\n","OutputType":"frame"}
{"Time":"2026-09-29T10:19:25.38714+03:00","Action":"pass","Package":"frontlinecommand/pkg/sim","Test":"TestCombatFeedbackRejectsMalformedMetadata/armor","Elapsed":0.1}
{"Time":"2026-09-29T10:19:25.387156+03:00","Action":"run","Package":"frontlinecommand/pkg/sim","Test":"TestCombatFeedbackRejectsMalformedMetadata/unresolved"}
{"Time":"2026-09-29T10:19:25.387161+03:00","Action":"output","Package":"frontlinecommand/pkg/sim","Test":"TestCombatFeedbackRejectsMalformedMetadata/unresolved","Output":"=== RUN   TestCombatFeedbackRejectsMalformedMetadata/unresolved\n","OutputType":"frame"}
{"Time":"2026-09-29T10:19:25.475849+03:00","Action":"output","Package":"frontlinecommand/pkg/sim","Test":"TestCombatFeedbackRejectsMalformedMetadata/unresolved","Output":"--- PASS: TestCombatFeedbackRejectsMalformedMetadata/unresolved (0.09s)\n","OutputType":"frame"}
{"Time":"2026-09-29T10:19:25.475899+03:00","Action":"pass","Package":"frontlinecommand/pkg/sim","Test":"TestCombatFeedbackRejectsMalformedMetadata/unresolved","Elapsed":0.09}
{"Time":"2026-09-29T10:19:25.475906+03:00","Action":"run","Package":"frontlinecommand/pkg/sim","Test":"TestCombatFeedbackRejectsMalformedMetadata/cover"}
{"Time":"2026-09-29T10:19:25.475911+03:00","Action":"output","Package":"frontlinecommand/pkg/sim","Test":"TestCombatFeedbackRejectsMalformedMetadata/cover","Output":"=== RUN   TestCombatFeedbackRejectsMalformedMetadata/cover\n","OutputType":"frame"}
{"Time":"2026-09-29T10:19:25.572892+03:00","Action":"output","Package":"frontlinecommand/pkg/sim","Test":"TestCombatFeedbackRejectsMalformedMetadata/cover","Output":"--- PASS: TestCombatFeedbackRejectsMalformedMetadata/cover (0.10s)\n","OutputType":"frame"}
{"Time":"2026-09-29T10:19:25.572946+03:00","Action":"pass","Package":"frontlinecommand/pkg/sim","Test":"TestCombatFeedbackRejectsMalformedMetadata/cover","Elapsed":0.1}
{"Time":"2026-09-29T10:19:25.572955+03:00","Action":"run","Package":"frontlinecommand/pkg/sim","Test":"TestCombatFeedbackRejectsMalformedMetadata/zero-target"}
{"Time":"2026-09-29T10:19:25.572959+03:00","Action":"output","Package":"frontlinecommand/pkg/sim","Test":"TestCombatFeedbackRejectsMalformedMetadata/zero-target","Output":"=== RUN   TestCombatFeedbackRejectsMalformedMetadata/zero-target\n","OutputType":"frame"}
{"Time":"2026-09-29T10:19:25.680269+03:00","Action":"output","Package":"frontlinecommand/pkg/sim","Test":"TestCombatFeedbackRejectsMalformedMetadata/zero-target","Output":"--- PASS: TestCombatFeedbackRejectsMalformedMetadata/zero-target (0.11s)\n","OutputType":"frame"}
{"Time":"2026-09-29T10:19:25.680658+03:00","Action":"pass","Package":"frontlinecommand/pkg/sim","Test":"TestCombatFeedbackRejectsMalformedMetadata/zero-target","Elapsed":0.11}
{"Time":"2026-09-29T10:19:25.680797+03:00","Action":"run","Package":"frontlinecommand/pkg/sim","Test":"TestCombatFeedbackRejectsMalformedMetadata/old-version"}
{"Time":"2026-09-29T10:19:25.680817+03:00","Action":"output","Package":"frontlinecommand/pkg/sim","Test":"TestCombatFeedbackRejectsMalformedMetadata/old-version","Output":"=== RUN   TestCombatFeedbackRejectsMalformedMetadata/old-version\n","OutputType":"frame"}
{"Time":"2026-09-29T10:19:25.792395+03:00","Action":"output","Package":"frontlinecommand/pkg/sim","Test":"TestCombatFeedbackRejectsMalformedMetadata/old-version","Output":"--- PASS: TestCombatFeedbackRejectsMalformedMetadata/old-version (0.11s)\n","OutputType":"frame"}
{"Time":"2026-09-29T10:19:25.792447+03:00","Action":"pass","Package":"frontlinecommand/pkg/sim","Test":"TestCombatFeedbackRejectsMalformedMetadata/old-version","Elapsed":0.11}
{"Time":"2026-09-29T10:19:25.792474+03:00","Action":"output","Package":"frontlinecommand/pkg/sim","Test":"TestCombatFeedbackRejectsMalformedMetadata","Output":"--- PASS: TestCombatFeedbackRejectsMalformedMetadata (0.81s)\n","OutputType":"frame"}
{"Time":"2026-09-29T10:19:25.792482+03:00","Action":"pass","Package":"frontlinecommand/pkg/sim","Test":"TestCombatFeedbackRejectsMalformedMetadata","Elapsed":0.81}
{"Time":"2026-09-29T10:19:25.792522+03:00","Action":"run","Package":"frontlinecommand/pkg/sim","Test":"TestCombatFeedbackSimultaneousHitsKeepTheirResolutionIdentity"}
{"Time":"2026-09-29T10:19:25.79253+03:00","Action":"output","Package":"frontlinecommand/pkg/sim","Test":"TestCombatFeedbackSimultaneousHitsKeepTheirResolutionIdentity","Output":"=== RUN   TestCombatFeedbackSimultaneousHitsKeepTheirResolutionIdentity\n","OutputType":"frame"}
{"Time":"2026-09-29T10:19:25.827464+03:00","Action":"output","Package":"frontlinecommand/pkg/sim","Test":"TestCombatFeedbackSimultaneousHitsKeepTheirResolutionIdentity","Output":"--- PASS: TestCombatFeedbackSimultaneousHitsKeepTheirResolutionIdentity (0.03s)\n","OutputType":"frame"}
{"Time":"2026-09-29T10:19:25.827505+03:00","Action":"pass","Package":"frontlinecommand/pkg/sim","Test":"TestCombatFeedbackSimultaneousHitsKeepTheirResolutionIdentity","Elapsed":0.03}
{"Time":"2026-09-29T10:19:25.828077+03:00","Action":"run","Package":"frontlinecommand/pkg/sim","Test":"TestObstacleLookupRetainsPriorGeometry"}
{"Time":"2026-09-29T10:19:25.828087+03:00","Action":"output","Package":"frontlinecommand/pkg/sim","Test":"TestObstacleLookupRetainsPriorGeometry","Output":"=== RUN   TestObstacleLookupRetainsPriorGeometry\n","OutputType":"frame"}
{"Time":"2026-09-29T10:19:25.863136+03:00","Action":"output","Package":"frontlinecommand/pkg/sim","Test":"TestObstacleLookupRetainsPriorGeometry","Output":"--- PASS: TestObstacleLookupRetainsPriorGeometry (0.04s)\n","OutputType":"frame"}
{"Time":"2026-09-29T10:19:25.863208+03:00","Action":"pass","Package":"frontlinecommand/pkg/sim","Test":"TestObstacleLookupRetainsPriorGeometry","Elapsed":0.04}
{"Time":"2026-09-29T10:19:25.863229+03:00","Action":"run","Package":"frontlinecommand/pkg/sim","Test":"TestClearanceLookupMatchesPriorDecisions"}
{"Time":"2026-09-29T10:19:25.863237+03:00","Action":"output","Package":"frontlinecommand/pkg/sim","Test":"TestClearanceLookupMatchesPriorDecisions","Output":"=== RUN   TestClearanceLookupMatchesPriorDecisions\n","OutputType":"frame"}
{"Time":"2026-09-29T10:19:26.313121+03:00","Action":"output","Package":"frontlinecommand/pkg/sim","Test":"TestClearanceLookupMatchesPriorDecisions","Output":"--- PASS: TestClearanceLookupMatchesPriorDecisions (0.45s)\n","OutputType":"frame"}
{"Time":"2026-09-29T10:19:26.313147+03:00","Action":"pass","Package":"frontlinecommand/pkg/sim","Test":"TestClearanceLookupMatchesPriorDecisions","Elapsed":0.45}
{"Time":"2026-09-29T10:19:26.313298+03:00","Action":"run","Package":"frontlinecommand/pkg/sim","Test":"TestOwnerCasualtyAuthorizationDoesNotBroadenOtherFeedback"}
{"Time":"2026-09-29T10:19:26.313303+03:00","Action":"output","Package":"frontlinecommand/pkg/sim","Test":"TestOwnerCasualtyAuthorizationDoesNotBroadenOtherFeedback","Output":"=== RUN   TestOwnerCasualtyAuthorizationDoesNotBroadenOtherFeedback\n","OutputType":"frame"}
{"Time":"2026-09-29T10:19:26.440591+03:00","Action":"output","Package":"frontlinecommand/pkg/sim","Test":"TestOwnerCasualtyAuthorizationDoesNotBroadenOtherFeedback","Output":"--- PASS: TestOwnerCasualtyAuthorizationDoesNotBroadenOtherFeedback (0.13s)\n","OutputType":"frame"}
{"Time":"2026-09-29T10:19:26.44063+03:00","Action":"pass","Package":"frontlinecommand/pkg/sim","Test":"TestOwnerCasualtyAuthorizationDoesNotBroadenOtherFeedback","Elapsed":0.13}
{"Time":"2026-09-29T10:19:26.440675+03:00","Action":"run","Package":"frontlinecommand/pkg/sim","Test":"TestOwnerCasualtyOrdinaryLastSightSaveReplay"}
{"Time":"2026-09-29T10:19:26.440687+03:00","Action":"output","Package":"frontlinecommand/pkg/sim","Test":"TestOwnerCasualtyOrdinaryLastSightSaveReplay","Output":"=== RUN   TestOwnerCasualtyOrdinaryLastSightSaveReplay\n","OutputType":"frame"}
{"Time":"2026-09-29T10:19:30.492975+03:00","Action":"output","Package":"frontlinecommand/pkg/sim","Test":"TestOwnerCasualtyOrdinaryLastSightSaveReplay","Output":"--- PASS: TestOwnerCasualtyOrdinaryLastSightSaveReplay (4.05s)\n","OutputType":"frame"}
{"Time":"2026-09-29T10:19:30.493719+03:00","Action":"pass","Package":"frontlinecommand/pkg/sim","Test":"TestOwnerCasualtyOrdinaryLastSightSaveReplay","Elapsed":4.05}
{"Time":"2026-09-29T10:19:30.493784+03:00","Action":"run","Package":"frontlinecommand/pkg/sim","Test":"TestOwnerCasualtyCapturedBuildingUsesDeathTimeOwner"}
{"Time":"2026-09-29T10:19:30.493797+03:00","Action":"output","Package":"frontlinecommand/pkg/sim","Test":"TestOwnerCasualtyCapturedBuildingUsesDeathTimeOwner","Output":"=== RUN   TestOwnerCasualtyCapturedBuildingUsesDeathTimeOwner\n","OutputType":"frame"}
{"Time":"2026-09-29T10:19:30.525549+03:00","Action":"output","Package":"frontlinecommand/pkg/sim","Test":"TestOwnerCasualtyCapturedBuildingUsesDeathTimeOwner","Output":"--- PASS: TestOwnerCasualtyCapturedBuildingUsesDeathTimeOwner (0.03s)\n","OutputType":"frame"}
{"Time":"2026-09-29T10:19:30.525613+03:00","Action":"pass","Package":"frontlinecommand/pkg/sim","Test":"TestOwnerCasualtyCapturedBuildingUsesDeathTimeOwner","Elapsed":0.03}
{"Time":"2026-09-29T10:19:30.525625+03:00","Action":"run","Package":"frontlinecommand/pkg/sim","Test":"TestOwnerCasualtyAirbornePassengersAfterLastSight"}
{"Time":"2026-09-29T10:19:30.52563+03:00","Action":"output","Package":"frontlinecommand/pkg/sim","Test":"TestOwnerCasualtyAirbornePassengersAfterLastSight","Output":"=== RUN   TestOwnerCasualtyAirbornePassengersAfterLastSight\n","OutputType":"frame"}
{"Time":"2026-09-29T10:19:30.596145+03:00","Action":"output","Package":"frontlinecommand/pkg/sim","Test":"TestOwnerCasualtyAirbornePassengersAfterLastSight","Output":"--- PASS: TestOwnerCasualtyAirbornePassengersAfterLastSight (0.07s)\n","OutputType":"frame"}
{"Time":"2026-09-29T10:19:30.596227+03:00","Action":"pass","Package":"frontlinecommand/pkg/sim","Test":"TestOwnerCasualtyAirbornePassengersAfterLastSight","Elapsed":0.07}
{"Time":"2026-09-29T10:19:30.596261+03:00","Action":"run","Package":"frontlinecommand/pkg/sim","Test":"TestOwnerRangesRechargeEstimateMatchesOrdinaryTicks"}
{"Time":"2026-09-29T10:19:30.596267+03:00","Action":"output","Package":"frontlinecommand/pkg/sim","Test":"TestOwnerRangesRechargeEstimateMatchesOrdinaryTicks","Output":"=== RUN   TestOwnerRangesRechargeEstimateMatchesOrdinaryTicks\n","OutputType":"frame"}
{"Time":"2026-09-29T10:19:30.596274+03:00","Action":"run","Package":"frontlinecommand/pkg/sim","Test":"TestOwnerRangesRechargeEstimateMatchesOrdinaryTicks/fixed"}
{"Time":"2026-09-29T10:19:30.596278+03:00","Action":"output","Package":"frontlinecommand/pkg/sim","Test":"TestOwnerRangesRechargeEstimateMatchesOrdinaryTicks/fixed","Output":"=== RUN   TestOwnerRangesRechargeEstimateMatchesOrdinaryTicks/fixed\n","OutputType":"frame"}
{"Time":"2026-09-29T10:19:30.826948+03:00","Action":"output","Package":"frontlinecommand/pkg/sim","Test":"TestOwnerRangesRechargeEstimateMatchesOrdinaryTicks/fixed","Output":"--- PASS: TestOwnerRangesRechargeEstimateMatchesOrdinaryTicks/fixed (0.23s)\n","OutputType":"frame"}
{"Time":"2026-09-29T10:19:30.827051+03:00","Action":"pass","Package":"frontlinecommand/pkg/sim","Test":"TestOwnerRangesRechargeEstimateMatchesOrdinaryTicks/fixed","Elapsed":0.23}
{"Time":"2026-09-29T10:19:30.827074+03:00","Action":"run","Package":"frontlinecommand/pkg/sim","Test":"TestOwnerRangesRechargeEstimateMatchesOrdinaryTicks/fixed-low"}
{"Time":"2026-09-29T10:19:30.827083+03:00","Action":"output","Package":"frontlinecommand/pkg/sim","Test":"TestOwnerRangesRechargeEstimateMatchesOrdinaryTicks/fixed-low","Output":"=== RUN   TestOwnerRangesRechargeEstimateMatchesOrdinaryTicks/fixed-low\n","OutputType":"frame"}
{"Time":"2026-09-29T10:19:31.218585+03:00","Action":"output","Package":"frontlinecommand/pkg/sim","Test":"TestOwnerRangesRechargeEstimateMatchesOrdinaryTicks/fixed-low","Output":"--- PASS: TestOwnerRangesRechargeEstimateMatchesOrdinaryTicks/fixed-low (0.39s)\n","OutputType":"frame"}
{"Time":"2026-09-29T10:19:31.218672+03:00","Action":"pass","Package":"frontlinecommand/pkg/sim","Test":"TestOwnerRangesRechargeEstimateMatchesOrdinaryTicks/fixed-low","Elapsed":0.39}
{"Time":"2026-09-29T10:19:31.218681+03:00","Action":"run","Package":"frontlinecommand/pkg/sim","Test":"TestOwnerRangesRechargeEstimateMatchesOrdinaryTicks/fixed-shield"}
{"Time":"2026-09-29T10:19:31.218685+03:00","Action":"output","Package":"frontlinecommand/pkg/sim","Test":"TestOwnerRangesRechargeEstimateMatchesOrdinaryTicks/fixed-shield","Output":"=== RUN   TestOwnerRangesRechargeEstimateMatchesOrdinaryTicks/fixed-shield\n","OutputType":"frame"}
{"Time":"2026-09-29T10:19:31.433839+03:00","Action":"output","Package":"frontlinecommand/pkg/sim","Test":"TestOwnerRangesRechargeEstimateMatchesOrdinaryTicks/fixed-shield","Output":"--- PASS: TestOwnerRangesRechargeEstimateMatchesOrdinaryTicks/fixed-shield (0.22s)\n","OutputType":"frame"}
{"Time":"2026-09-29T10:19:31.433877+03:00","Action":"pass","Package":"frontlinecommand/pkg/sim","Test":"TestOwnerRangesRechargeEstimateMatchesOrdinaryTicks/fixed-shield","Elapsed":0.22}
{"Time":"2026-09-29T10:19:31.433888+03:00","Action":"run","Package":"frontlinecommand/pkg/sim","Test":"TestOwnerRangesRechargeEstimateMatchesOrdinaryTicks/fixed-low-shield"}
{"Time":"2026-09-29T10:19:31.433892+03:00","Action":"output","Package":"frontlinecommand/pkg/sim","Test":"TestOwnerRangesRechargeEstimateMatchesOrdinaryTicks/fixed-low-shield","Output":"=== RUN   TestOwnerRangesRechargeEstimateMatchesOrdinaryTicks/fixed-low-shield\n","OutputType":"frame"}
{"Time":"2026-09-29T10:19:31.715461+03:00","Action":"output","Package":"frontlinecommand/pkg/sim","Test":"TestOwnerRangesRechargeEstimateMatchesOrdinaryTicks/fixed-low-shield","Output":"--- PASS: TestOwnerRangesRechargeEstimateMatchesOrdinaryTicks/fixed-low-shield (0.28s)\n","OutputType":"frame"}
{"Time":"2026-09-29T10:19:31.715525+03:00","Action":"pass","Package":"frontlinecommand/pkg/sim","Test":"TestOwnerRangesRechargeEstimateMatchesOrdinaryTicks/fixed-low-shield","Elapsed":0.28}
{"Time":"2026-09-29T10:19:31.715535+03:00","Action":"run","Package":"frontlinecommand/pkg/sim","Test":"TestOwnerRangesRechargeEstimateMatchesOrdinaryTicks/mobile"}
{"Time":"2026-09-29T10:19:31.715551+03:00","Action":"output","Package":"frontlinecommand/pkg/sim","Test":"TestOwnerRangesRechargeEstimateMatchesOrdinaryTicks/mobile","Output":"=== RUN   TestOwnerRangesRechargeEstimateMatchesOrdinaryTicks/mobile\n","OutputType":"frame"}
{"Time":"2026-09-29T10:19:31.995476+03:00","Action":"output","Package":"frontlinecommand/pkg/sim","Test":"TestOwnerRangesRechargeEstimateMatchesOrdinaryTicks/mobile","Output":"--- PASS: TestOwnerRangesRechargeEstimateMatchesOrdinaryTicks/mobile (0.28s)\n","OutputType":"frame"}
{"Time":"2026-09-29T10:19:31.995582+03:00","Action":"pass","Package":"frontlinecommand/pkg/sim","Test":"TestOwnerRangesRechargeEstimateMatchesOrdinaryTicks/mobile","Elapsed":0.28}
{"Time":"2026-09-29T10:19:31.995619+03:00","Action":"run","Package":"frontlinecommand/pkg/sim","Test":"TestOwnerRangesRechargeEstimateMatchesOrdinaryTicks/mobile-low"}
{"Time":"2026-09-29T10:19:31.995657+03:00","Action":"output","Package":"frontlinecommand/pkg/sim","Test":"TestOwnerRangesRechargeEstimateMatchesOrdinaryTicks/mobile-low","Output":"=== RUN   TestOwnerRangesRechargeEstimateMatchesOrdinaryTicks/mobile-low\n","OutputType":"frame"}
{"Time":"2026-09-29T10:19:32.305497+03:00","Action":"output","Package":"frontlinecommand/pkg/sim","Test":"TestOwnerRangesRechargeEstimateMatchesOrdinaryTicks/mobile-low","Output":"--- PASS: TestOwnerRangesRechargeEstimateMatchesOrdinaryTicks/mobile-low (0.31s)\n","OutputType":"frame"}
{"Time":"2026-09-29T10:19:32.305582+03:00","Action":"pass","Package":"frontlinecommand/pkg/sim","Test":"TestOwnerRangesRechargeEstimateMatchesOrdinaryTicks/mobile-low","Elapsed":0.31}
{"Time":"2026-09-29T10:19:32.305591+03:00","Action":"run","Package":"frontlinecommand/pkg/sim","Test":"TestOwnerRangesRechargeEstimateMatchesOrdinaryTicks/mobile-upgrade"}
{"Time":"2026-09-29T10:19:32.305609+03:00","Action":"output","Package":"frontlinecommand/pkg/sim","Test":"TestOwnerRangesRechargeEstimateMatchesOrdinaryTicks/mobile-upgrade","Output":"=== RUN   TestOwnerRangesRechargeEstimateMatchesOrdinaryTicks/mobile-upgrade\n","OutputType":"frame"}
{"Time":"2026-09-29T10:19:32.577968+03:00","Action":"output","Package":"frontlinecommand/pkg/sim","Test":"TestOwnerRangesRechargeEstimateMatchesOrdinaryTicks/mobile-upgrade","Output":"--- PASS: TestOwnerRangesRechargeEstimateMatchesOrdinaryTicks/mobile-upgrade (0.27s)\n","OutputType":"frame"}
{"Time":"2026-09-29T10:19:32.578021+03:00","Action":"pass","Package":"frontlinecommand/pkg/sim","Test":"TestOwnerRangesRechargeEstimateMatchesOrdinaryTicks/mobile-upgrade","Elapsed":0.27}
{"Time":"2026-09-29T10:19:32.578038+03:00","Action":"run","Package":"frontlinecommand/pkg/sim","Test":"TestOwnerRangesRechargeEstimateMatchesOrdinaryTicks/mobile-upgrade-shield"}
{"Time":"2026-09-29T10:19:32.578056+03:00","Action":"output","Package":"frontlinecommand/pkg/sim","Test":"TestOwnerRangesRechargeEstimateMatchesOrdinaryTicks/mobile-upgrade-shield","Output":"=== RUN   TestOwnerRangesRechargeEstimateMatchesOrdinaryTicks/mobile-upgrade-shield\n","OutputType":"frame"}
{"Time":"2026-09-29T10:19:32.799832+03:00","Action":"output","Package":"frontlinecommand/pkg/sim","Test":"TestOwnerRangesRechargeEstimateMatchesOrdinaryTicks/mobile-upgrade-shield","Output":"--- PASS: TestOwnerRangesRechargeEstimateMatchesOrdinaryTicks/mobile-upgrade-shield (0.22s)\n","OutputType":"frame"}
{"Time":"2026-09-29T10:19:32.799939+03:00","Action":"pass","Package":"frontlinecommand/pkg/sim","Test":"TestOwnerRangesRechargeEstimateMatchesOrdinaryTicks/mobile-upgrade-shield","Elapsed":0.22}
{"Time":"2026-09-29T10:19:32.799988+03:00","Action":"output","Package":"frontlinecommand/pkg/sim","Test":"TestOwnerRangesRechargeEstimateMatchesOrdinaryTicks","Output":"--- PASS: TestOwnerRangesRechargeEstimateMatchesOrdinaryTicks (2.20s)\n","OutputType":"frame"}
{"Time":"2026-09-29T10:19:32.799996+03:00","Action":"pass","Package":"frontlinecommand/pkg/sim","Test":"TestOwnerRangesRechargeEstimateMatchesOrdinaryTicks","Elapsed":2.2}
{"Time":"2026-09-29T10:19:32.800033+03:00","Action":"run","Package":"frontlinecommand/pkg/sim","Test":"TestOwnerRangesPausedAndPartialRecharge"}
{"Time":"2026-09-29T10:19:32.80004+03:00","Action":"output","Package":"frontlinecommand/pkg/sim","Test":"TestOwnerRangesPausedAndPartialRecharge","Output":"=== RUN   TestOwnerRangesPausedAndPartialRecharge\n","OutputType":"frame"}
{"Time":"2026-09-29T10:19:32.800046+03:00","Action":"run","Package":"frontlinecommand/pkg/sim","Test":"TestOwnerRangesPausedAndPartialRecharge/disabled"}
{"Time":"2026-09-29T10:19:32.800052+03:00","Action":"output","Package":"frontlinecommand/pkg/sim","Test":"TestOwnerRangesPausedAndPartialRecharge/disabled","Output":"=== RUN   TestOwnerRangesPausedAndPartialRecharge/disabled\n","OutputType":"frame"}
{"Time":"2026-09-29T10:19:32.927886+03:00","Action":"output","Package":"frontlinecommand/pkg/sim","Test":"TestOwnerRangesPausedAndPartialRecharge/disabled","Output":"--- PASS: TestOwnerRangesPausedAndPartialRecharge/disabled (0.13s)\n","OutputType":"frame"}
{"Time":"2026-09-29T10:19:32.928033+03:00","Action":"pass","Package":"frontlinecommand/pkg/sim","Test":"TestOwnerRangesPausedAndPartialRecharge/disabled","Elapsed":0.13}
{"Time":"2026-09-29T10:19:32.928095+03:00","Action":"run","Package":"frontlinecommand/pkg/sim","Test":"TestOwnerRangesPausedAndPartialRecharge/power-off"}
{"Time":"2026-09-29T10:19:32.928114+03:00","Action":"output","Package":"frontlinecommand/pkg/sim","Test":"TestOwnerRangesPausedAndPartialRecharge/power-off","Output":"=== RUN   TestOwnerRangesPausedAndPartialRecharge/power-off\n","OutputType":"frame"}
{"Time":"2026-09-29T10:19:33.057717+03:00","Action":"output","Package":"frontlinecommand/pkg/sim","Test":"TestOwnerRangesPausedAndPartialRecharge/power-off","Output":"--- PASS: TestOwnerRangesPausedAndPartialRecharge/power-off (0.13s)\n","OutputType":"frame"}
{"Time":"2026-09-29T10:19:33.057815+03:00","Action":"pass","Package":"frontlinecommand/pkg/sim","Test":"TestOwnerRangesPausedAndPartialRecharge/power-off","Elapsed":0.13}
{"Time":"2026-09-29T10:19:33.057852+03:00","Action":"run","Package":"frontlinecommand/pkg/sim","Test":"TestOwnerRangesPausedAndPartialRecharge/constructing"}
{"Time":"2026-09-29T10:19:33.057877+03:00","Action":"output","Package":"frontlinecommand/pkg/sim","Test":"TestOwnerRangesPausedAndPartialRecharge/constructing","Output":"=== RUN   TestOwnerRangesPausedAndPartialRecharge/constructing\n","OutputType":"frame"}
{"Time":"2026-09-29T10:19:33.426708+03:00","Action":"output","Package":"frontlinecommand/pkg/sim","Test":"TestOwnerRangesPausedAndPartialRecharge/constructing","Output":"--- PASS: TestOwnerRangesPausedAndPartialRecharge/constructing (0.37s)\n","OutputType":"frame"}
{"Time":"2026-09-29T10:19:33.426739+03:00","Action":"pass","Package":"frontlinecommand/pkg/sim","Test":"TestOwnerRangesPausedAndPartialRecharge/constructing","Elapsed":0.37}
{"Time":"2026-09-29T10:19:33.426783+03:00","Action":"run","Package":"frontlinecommand/pkg/sim","Test":"TestOwnerRangesPausedAndPartialRecharge/packed"}
{"Time":"2026-09-29T10:19:33.426807+03:00","Action":"output","Package":"frontlinecommand/pkg/sim","Test":"TestOwnerRangesPausedAndPartialRecharge/packed","Output":"=== RUN   TestOwnerRangesPausedAndPartialRecharge/packed\n","OutputType":"frame"}
{"Time":"2026-09-29T10:19:33.573751+03:00","Action":"output","Package":"frontlinecommand/pkg/sim","Test":"TestOwnerRangesPausedAndPartialRecharge/packed","Output":"--- PASS: TestOwnerRangesPausedAndPartialRecharge/packed (0.15s)\n","OutputType":"frame"}
{"Time":"2026-09-29T10:19:33.573804+03:00","Action":"pass","Package":"frontlinecommand/pkg/sim","Test":"TestOwnerRangesPausedAndPartialRecharge/packed","Elapsed":0.15}
{"Time":"2026-09-29T10:19:33.573812+03:00","Action":"run","Package":"frontlinecommand/pkg/sim","Test":"TestOwnerRangesPausedAndPartialRecharge/full"}
{"Time":"2026-09-29T10:19:33.573816+03:00","Action":"output","Package":"frontlinecommand/pkg/sim","Test":"TestOwnerRangesPausedAndPartialRecharge/full","Output":"=== RUN   TestOwnerRangesPausedAndPartialRecharge/full\n","OutputType":"frame"}
{"Time":"2026-09-29T10:19:33.71541+03:00","Action":"output","Package":"frontlinecommand/pkg/sim","Test":"TestOwnerRangesPausedAndPartialRecharge/full","Output":"--- PASS: TestOwnerRangesPausedAndPartialRecharge/full (0.14s)\n","OutputType":"frame"}
{"Time":"2026-09-29T10:19:33.715484+03:00","Action":"pass","Package":"frontlinecommand/pkg/sim","Test":"TestOwnerRangesPausedAndPartialRecharge/full","Elapsed":0.14}
{"Time":"2026-09-29T10:19:33.715505+03:00","Action":"run","Package":"frontlinecommand/pkg/sim","Test":"TestOwnerRangesPausedAndPartialRecharge/partial"}
{"Time":"2026-09-29T10:19:33.715512+03:00","Action":"output","Package":"frontlinecommand/pkg/sim","Test":"TestOwnerRangesPausedAndPartialRecharge/partial","Output":"=== RUN   TestOwnerRangesPausedAndPartialRecharge/partial\n","OutputType":"frame"}
{"Time":"2026-09-29T10:19:33.841945+03:00","Action":"output","Package":"frontlinecommand/pkg/sim","Test":"TestOwnerRangesPausedAndPartialRecharge/partial","Output":"--- PASS: TestOwnerRangesPausedAndPartialRecharge/partial (0.13s)\n","OutputType":"frame"}
{"Time":"2026-09-29T10:19:33.841995+03:00","Action":"pass","Package":"frontlinecommand/pkg/sim","Test":"TestOwnerRangesPausedAndPartialRecharge/partial","Elapsed":0.13}
{"Time":"2026-09-29T10:19:33.842003+03:00","Action":"output","Package":"frontlinecommand/pkg/sim","Test":"TestOwnerRangesPausedAndPartialRecharge","Output":"--- PASS: TestOwnerRangesPausedAndPartialRecharge (1.04s)\n","OutputType":"frame"}
{"Time":"2026-09-29T10:19:33.842008+03:00","Action":"pass","Package":"frontlinecommand/pkg/sim","Test":"TestOwnerRangesPausedAndPartialRecharge","Elapsed":1.04}
{"Time":"2026-09-29T10:19:33.842021+03:00","Action":"run","Package":"frontlinecommand/pkg/sim","Test":"TestOwnerRangesAssignmentsAreRealPrivateAndDetached"}
{"Time":"2026-09-29T10:19:33.842036+03:00","Action":"output","Package":"frontlinecommand/pkg/sim","Test":"TestOwnerRangesAssignmentsAreRealPrivateAndDetached","Output":"=== RUN   TestOwnerRangesAssignmentsAreRealPrivateAndDetached\n","OutputType":"frame"}
{"Time":"2026-09-29T10:19:34.022835+03:00","Action":"output","Package":"frontlinecommand/pkg/sim","Test":"TestOwnerRangesAssignmentsAreRealPrivateAndDetached","Output":"--- PASS: TestOwnerRangesAssignmentsAreRealPrivateAndDetached (0.18s)\n","OutputType":"frame"}
{"Time":"2026-09-29T10:19:34.022887+03:00","Action":"pass","Package":"frontlinecommand/pkg/sim","Test":"TestOwnerRangesAssignmentsAreRealPrivateAndDetached","Elapsed":0.18}
{"Time":"2026-09-29T10:19:34.022961+03:00","Action":"run","Package":"frontlinecommand/pkg/sim","Test":"TestOwnerRangesSightDetectionAndBuildBounds"}
{"Time":"2026-09-29T10:19:34.022966+03:00","Action":"output","Package":"frontlinecommand/pkg/sim","Test":"TestOwnerRangesSightDetectionAndBuildBounds","Output":"=== RUN   TestOwnerRangesSightDetectionAndBuildBounds\n","OutputType":"frame"}
{"Time":"2026-09-29T10:19:34.056787+03:00","Action":"output","Package":"frontlinecommand/pkg/sim","Test":"TestOwnerRangesSightDetectionAndBuildBounds","Output":"--- PASS: TestOwnerRangesSightDetectionAndBuildBounds (0.03s)\n","OutputType":"frame"}
{"Time":"2026-09-29T10:19:34.056835+03:00","Action":"pass","Package":"frontlinecommand/pkg/sim","Test":"TestOwnerRangesSightDetectionAndBuildBounds","Elapsed":0.03}
{"Time":"2026-09-29T10:19:34.057447+03:00","Action":"run","Package":"frontlinecommand/pkg/sim","Test":"TestCandidateBoardingGroundedAndHoveringContact"}
{"Time":"2026-09-29T10:19:34.057462+03:00","Action":"output","Package":"frontlinecommand/pkg/sim","Test":"TestCandidateBoardingGroundedAndHoveringContact","Output":"=== RUN   TestCandidateBoardingGroundedAndHoveringContact\n","OutputType":"frame"}
{"Time":"2026-09-29T10:19:38.702357+03:00","Action":"output","Package":"frontlinecommand/pkg/sim","Test":"TestCandidateBoardingGroundedAndHoveringContact","Output":"--- PASS: TestCandidateBoardingGroundedAndHoveringContact (4.64s)\n","OutputType":"frame"}
{"Time":"2026-09-29T10:19:38.702661+03:00","Action":"pass","Package":"frontlinecommand/pkg/sim","Test":"TestCandidateBoardingGroundedAndHoveringContact","Elapsed":4.64}
{"Time":"2026-09-29T10:19:38.702678+03:00","Action":"run","Package":"frontlinecommand/pkg/sim","Test":"TestCandidateBoardingCancellationAndTransportMovement"}
{"Time":"2026-09-29T10:19:38.702686+03:00","Action":"output","Package":"frontlinecommand/pkg/sim","Test":"TestCandidateBoardingCancellationAndTransportMovement","Output":"=== RUN   TestCandidateBoardingCancellationAndTransportMovement\n","OutputType":"frame"}
{"Time":"2026-09-29T10:19:38.702695+03:00","Action":"run","Package":"frontlinecommand/pkg/sim","Test":"TestCandidateBoardingCancellationAndTransportMovement/stop-passenger"}
{"Time":"2026-09-29T10:19:38.702699+03:00","Action":"output","Package":"frontlinecommand/pkg/sim","Test":"TestCandidateBoardingCancellationAndTransportMovement/stop-passenger","Output":"=== RUN   TestCandidateBoardingCancellationAndTransportMovement/stop-passenger\n","OutputType":"frame"}
{"Time":"2026-09-29T10:19:38.984424+03:00","Action":"output","Package":"frontlinecommand/pkg/sim","Test":"TestCandidateBoardingCancellationAndTransportMovement/stop-passenger","Output":"--- PASS: TestCandidateBoardingCancellationAndTransportMovement/stop-passenger (0.28s)\n","OutputType":"frame"}
{"Time":"2026-09-29T10:19:38.984473+03:00","Action":"pass","Package":"frontlinecommand/pkg/sim","Test":"TestCandidateBoardingCancellationAndTransportMovement/stop-passenger","Elapsed":0.28}
{"Time":"2026-09-29T10:19:38.984483+03:00","Action":"run","Package":"frontlinecommand/pkg/sim","Test":"TestCandidateBoardingCancellationAndTransportMovement/move-transport"}
{"Time":"2026-09-29T10:19:38.984487+03:00","Action":"output","Package":"frontlinecommand/pkg/sim","Test":"TestCandidateBoardingCancellationAndTransportMovement/move-transport","Output":"=== RUN   TestCandidateBoardingCancellationAndTransportMovement/move-transport\n","OutputType":"frame"}
{"Time":"2026-09-29T10:19:39.280614+03:00","Action":"output","Package":"frontlinecommand/pkg/sim","Test":"TestCandidateBoardingCancellationAndTransportMovement/move-transport","Output":"--- PASS: TestCandidateBoardingCancellationAndTransportMovement/move-transport (0.30s)\n","OutputType":"frame"}
{"Time":"2026-09-29T10:19:39.280935+03:00","Action":"pass","Package":"frontlinecommand/pkg/sim","Test":"TestCandidateBoardingCancellationAndTransportMovement/move-transport","Elapsed":0.3}
{"Time":"2026-09-29T10:19:39.281011+03:00","Action":"run","Package":"frontlinecommand/pkg/sim","Test":"TestCandidateBoardingCancellationAndTransportMovement/rebase-transport"}
{"Time":"2026-09-29T10:19:39.281019+03:00","Action":"output","Package":"frontlinecommand/pkg/sim","Test":"TestCandidateBoardingCancellationAndTransportMovement/rebase-transport","Output":"=== RUN   TestCandidateBoardingCancellationAndTransportMovement/rebase-transport\n","OutputType":"frame"}
{"Time":"2026-09-29T10:19:39.558497+03:00","Action":"output","Package":"frontlinecommand/pkg/sim","Test":"TestCandidateBoardingCancellationAndTransportMovement/rebase-transport","Output":"--- PASS: TestCandidateBoardingCancellationAndTransportMovement/rebase-transport (0.28s)\n","OutputType":"frame"}
{"Time":"2026-09-29T10:19:39.558543+03:00","Action":"pass","Package":"frontlinecommand/pkg/sim","Test":"TestCandidateBoardingCancellationAndTransportMovement/rebase-transport","Elapsed":0.28}
{"Time":"2026-09-29T10:19:39.558553+03:00","Action":"output","Package":"frontlinecommand/pkg/sim","Test":"TestCandidateBoardingCancellationAndTransportMovement","Output":"--- PASS: TestCandidateBoardingCancellationAndTransportMovement (0.86s)\n","OutputType":"frame"}
{"Time":"2026-09-29T10:19:39.558558+03:00","Action":"pass","Package":"frontlinecommand/pkg/sim","Test":"TestCandidateBoardingCancellationAndTransportMovement","Elapsed":0.86}
{"Time":"2026-09-29T10:19:39.558601+03:00","Action":"run","Package":"frontlinecommand/pkg/sim","Test":"TestCandidateBoardingLoadedRebaseAndLandingUnload"}
{"Time":"2026-09-29T10:19:39.55864+03:00","Action":"output","Package":"frontlinecommand/pkg/sim","Test":"TestCandidateBoardingLoadedRebaseAndLandingUnload","Output":"=== RUN   TestCandidateBoardingLoadedRebaseAndLandingUnload\n","OutputType":"frame"}
{"Time":"2026-09-29T10:19:54.68514+03:00","Action":"output","Package":"frontlinecommand/pkg/sim","Test":"TestCandidateBoardingLoadedRebaseAndLandingUnload","Output":"--- PASS: TestCandidateBoardingLoadedRebaseAndLandingUnload (15.13s)\n","OutputType":"frame"}
{"Time":"2026-09-29T10:19:54.685366+03:00","Action":"pass","Package":"frontlinecommand/pkg/sim","Test":"TestCandidateBoardingLoadedRebaseAndLandingUnload","Elapsed":15.13}
{"Time":"2026-09-29T10:19:54.685388+03:00","Action":"run","Package":"frontlinecommand/pkg/sim","Test":"TestCandidateBoardingKeepsAlliedTransportOwnershipBoundary"}
{"Time":"2026-09-29T10:19:54.685431+03:00","Action":"output","Package":"frontlinecommand/pkg/sim","Test":"TestCandidateBoardingKeepsAlliedTransportOwnershipBoundary","Output":"=== RUN   TestCandidateBoardingKeepsAlliedTransportOwnershipBoundary\n","OutputType":"frame"}
{"Time":"2026-09-29T10:19:54.818575+03:00","Action":"output","Package":"frontlinecommand/pkg/sim","Test":"TestCandidateBoardingKeepsAlliedTransportOwnershipBoundary","Output":"--- PASS: TestCandidateBoardingKeepsAlliedTransportOwnershipBoundary (0.13s)\n","OutputType":"frame"}
{"Time":"2026-09-29T10:19:54.81865+03:00","Action":"pass","Package":"frontlinecommand/pkg/sim","Test":"TestCandidateBoardingKeepsAlliedTransportOwnershipBoundary","Elapsed":0.13}
{"Time":"2026-09-29T10:19:54.818697+03:00","Action":"run","Package":"frontlinecommand/pkg/sim","Test":"TestCandidateAutomaticReturnNaturalThresholdAndTaskBoundary"}
{"Time":"2026-09-29T10:19:54.818717+03:00","Action":"output","Package":"frontlinecommand/pkg/sim","Test":"TestCandidateAutomaticReturnNaturalThresholdAndTaskBoundary","Output":"=== RUN   TestCandidateAutomaticReturnNaturalThresholdAndTaskBoundary\n","OutputType":"frame"}
{"Time":"2026-09-29T10:19:55.401316+03:00","Action":"output","Package":"frontlinecommand/pkg/sim","Test":"TestCandidateAutomaticReturnNaturalThresholdAndTaskBoundary","Output":"--- PASS: TestCandidateAutomaticReturnNaturalThresholdAndTaskBoundary (0.58s)\n","OutputType":"frame"}
{"Time":"2026-09-29T10:19:55.401407+03:00","Action":"pass","Package":"frontlinecommand/pkg/sim","Test":"TestCandidateAutomaticReturnNaturalThresholdAndTaskBoundary","Elapsed":0.58}
{"Time":"2026-09-29T10:19:55.401442+03:00","Action":"run","Package":"frontlinecommand/pkg/sim","Test":"TestCandidateAutomaticReturnPreservesQueuesAndEmergencyExpiry"}
{"Time":"2026-09-29T10:19:55.401447+03:00","Action":"output","Package":"frontlinecommand/pkg/sim","Test":"TestCandidateAutomaticReturnPreservesQueuesAndEmergencyExpiry","Output":"=== RUN   TestCandidateAutomaticReturnPreservesQueuesAndEmergencyExpiry\n","OutputType":"frame"}
{"Time":"2026-09-29T10:19:55.805854+03:00","Action":"output","Package":"frontlinecommand/pkg/sim","Test":"TestCandidateAutomaticReturnPreservesQueuesAndEmergencyExpiry","Output":"--- PASS: TestCandidateAutomaticReturnPreservesQueuesAndEmergencyExpiry (0.40s)\n","OutputType":"frame"}
{"Time":"2026-09-29T10:19:55.805914+03:00","Action":"pass","Package":"frontlinecommand/pkg/sim","Test":"TestCandidateAutomaticReturnPreservesQueuesAndEmergencyExpiry","Elapsed":0.4}
{"Time":"2026-09-29T10:19:55.805957+03:00","Action":"run","Package":"frontlinecommand/pkg/sim","Test":"TestCandidateServiceActualReturnsAndNativeScenes"}
{"Time":"2026-09-29T10:19:55.805969+03:00","Action":"output","Package":"frontlinecommand/pkg/sim","Test":"TestCandidateServiceActualReturnsAndNativeScenes","Output":"=== RUN   TestCandidateServiceActualReturnsAndNativeScenes\n","OutputType":"frame"}
{"Time":"2026-09-29T10:19:55.806074+03:00","Action":"run","Package":"frontlinecommand/pkg/sim","Test":"TestCandidateServiceActualReturnsAndNativeScenes/US-six"}
{"Time":"2026-09-29T10:19:55.806095+03:00","Action":"output","Package":"frontlinecommand/pkg/sim","Test":"TestCandidateServiceActualReturnsAndNativeScenes/US-six","Output":"=== RUN   TestCandidateServiceActualReturnsAndNativeScenes/US-six\n","OutputType":"frame"}
{"Time":"2026-09-29T10:19:56.479173+03:00","Action":"output","Package":"frontlinecommand/pkg/sim","Test":"TestCandidateServiceActualReturnsAndNativeScenes/US-six","Output":"    service_parking_candidate_test.go:135: ordinary return/service tick414; attempts6 candidates21 obstaclechecks2990\n"}
{"Time":"2026-09-29T10:19:56.47929+03:00","Action":"output","Package":"frontlinecommand/pkg/sim","Test":"TestCandidateServiceActualReturnsAndNativeScenes/US-six","Output":"--- PASS: TestCandidateServiceActualReturnsAndNativeScenes/US-six (0.67s)\n","OutputType":"frame"}
{"Time":"2026-09-29T10:19:56.479316+03:00","Action":"pass","Package":"frontlinecommand/pkg/sim","Test":"TestCandidateServiceActualReturnsAndNativeScenes/US-six","Elapsed":0.67}
{"Time":"2026-09-29T10:19:56.479548+03:00","Action":"run","Package":"frontlinecommand/pkg/sim","Test":"TestCandidateServiceActualReturnsAndNativeScenes/IR-six"}
{"Time":"2026-09-29T10:19:56.479556+03:00","Action":"output","Package":"frontlinecommand/pkg/sim","Test":"TestCandidateServiceActualReturnsAndNativeScenes/IR-six","Output":"=== RUN   TestCandidateServiceActualReturnsAndNativeScenes/IR-six\n","OutputType":"frame"}
{"Time":"2026-09-29T10:19:57.288961+03:00","Action":"output","Package":"frontlinecommand/pkg/sim","Test":"TestCandidateServiceActualReturnsAndNativeScenes/IR-six","Output":"    service_parking_candidate_test.go:135: ordinary return/service tick510; attempts6 candidates21 obstaclechecks3095\n"}
{"Time":"2026-09-29T10:19:57.289038+03:00","Action":"output","Package":"frontlinecommand/pkg/sim","Test":"TestCandidateServiceActualReturnsAndNativeScenes/IR-six","Output":"--- PASS: TestCandidateServiceActualReturnsAndNativeScenes/IR-six (0.81s)\n","OutputType":"frame"}
{"Time":"2026-09-29T10:19:57.289047+03:00","Action":"pass","Package":"frontlinecommand/pkg/sim","Test":"TestCandidateServiceActualReturnsAndNativeScenes/IR-six","Elapsed":0.81}
{"Time":"2026-09-29T10:19:57.28916+03:00","Action":"run","Package":"frontlinecommand/pkg/sim","Test":"TestCandidateServiceActualReturnsAndNativeScenes/SA-four"}
{"Time":"2026-09-29T10:19:57.289167+03:00","Action":"output","Package":"frontlinecommand/pkg/sim","Test":"TestCandidateServiceActualReturnsAndNativeScenes/SA-four","Output":"=== RUN   TestCandidateServiceActualReturnsAndNativeScenes/SA-four\n","OutputType":"frame"}
{"Time":"2026-09-29T10:19:58.038433+03:00","Action":"output","Package":"frontlinecommand/pkg/sim","Test":"TestCandidateServiceActualReturnsAndNativeScenes/SA-four","Output":"    service_parking_candidate_test.go:135: ordinary return/service tick509; attempts4 candidates10 obstaclechecks1426\n"}
{"Time":"2026-09-29T10:19:58.038565+03:00","Action":"output","Package":"frontlinecommand/pkg/sim","Test":"TestCandidateServiceActualReturnsAndNativeScenes/SA-four","Output":"--- PASS: TestCandidateServiceActualReturnsAndNativeScenes/SA-four (0.75s)\n","OutputType":"frame"}
{"Time":"2026-09-29T10:19:58.038601+03:00","Action":"pass","Package":"frontlinecommand/pkg/sim","Test":"TestCandidateServiceActualReturnsAndNativeScenes/SA-four","Elapsed":0.75}
{"Time":"2026-09-29T10:19:58.038627+03:00","Action":"run","Package":"frontlinecommand/pkg/sim","Test":"TestCandidateServiceActualReturnsAndNativeScenes/SY-two"}
{"Time":"2026-09-29T10:19:58.038635+03:00","Action":"output","Package":"frontlinecommand/pkg/sim","Test":"TestCandidateServiceActualReturnsAndNativeScenes/SY-two","Output":"=== RUN   TestCandidateServiceActualReturnsAndNativeScenes/SY-two\n","OutputType":"frame"}
{"Time":"2026-09-29T10:19:58.659069+03:00","Action":"output","Package":"frontlinecommand/pkg/sim","Test":"TestCandidateServiceActualReturnsAndNativeScenes/SY-two","Output":"    service_parking_candidate_test.go:135: ordinary return/service tick456; attempts2 candidates3 obstaclechecks1628\n"}
{"Time":"2026-09-29T10:19:58.659117+03:00","Action":"output","Package":"frontlinecommand/pkg/sim","Test":"TestCandidateServiceActualReturnsAndNativeScenes/SY-two","Output":"--- PASS: TestCandidateServiceActualReturnsAndNativeScenes/SY-two (0.62s)\n","OutputType":"frame"}
{"Time":"2026-09-29T10:19:58.659307+03:00","Action":"pass","Package":"frontlinecommand/pkg/sim","Test":"TestCandidateServiceActualReturnsAndNativeScenes/SY-two","Elapsed":0.62}
{"Time":"2026-09-29T10:19:58.659512+03:00","Action":"run","Package":"frontlinecommand/pkg/sim","Test":"TestCandidateServiceActualReturnsAndNativeScenes/SY-retained-US-six"}
{"Time":"2026-09-29T10:19:58.659548+03:00","Action":"output","Package":"frontlinecommand/pkg/sim","Test":"TestCandidateServiceActualReturnsAndNativeScenes/SY-retained-US-six","Output":"=== RUN   TestCandidateServiceActualReturnsAndNativeScenes/SY-retained-US-six\n","OutputType":"frame"}
{"Time":"2026-09-29T10:19:59.377847+03:00","Action":"output","Package":"frontlinecommand/pkg/sim","Test":"TestCandidateServiceActualReturnsAndNativeScenes/SY-retained-US-six","Output":"    service_parking_candidate_test.go:135: ordinary return/service tick365; attempts6 candidates21 obstaclechecks5702\n"}
{"Time":"2026-09-29T10:19:59.377944+03:00","Action":"output","Package":"frontlinecommand/pkg/sim","Test":"TestCandidateServiceActualReturnsAndNativeScenes/SY-retained-US-six","Output":"--- PASS: TestCandidateServiceActualReturnsAndNativeScenes/SY-retained-US-six (0.72s)\n","OutputType":"frame"}
{"Time":"2026-09-29T10:19:59.377962+03:00","Action":"pass","Package":"frontlinecommand/pkg/sim","Test":"TestCandidateServiceActualReturnsAndNativeScenes/SY-retained-US-six","Elapsed":0.72}
{"Time":"2026-09-29T10:19:59.378061+03:00","Action":"run","Package":"frontlinecommand/pkg/sim","Test":"TestCandidateServiceActualReturnsAndNativeScenes/IR-retained-US-six"}
{"Time":"2026-09-29T10:19:59.378071+03:00","Action":"output","Package":"frontlinecommand/pkg/sim","Test":"TestCandidateServiceActualReturnsAndNativeScenes/IR-retained-US-six","Output":"=== RUN   TestCandidateServiceActualReturnsAndNativeScenes/IR-retained-US-six\n","OutputType":"frame"}
{"Time":"2026-09-29T10:19:59.987528+03:00","Action":"output","Package":"frontlinecommand/pkg/sim","Test":"TestCandidateServiceActualReturnsAndNativeScenes/IR-retained-US-six","Output":"    service_parking_candidate_test.go:135: ordinary return/service tick315; attempts6 candidates21 obstaclechecks3074\n"}
{"Time":"2026-09-29T10:19:59.987688+03:00","Action":"output","Package":"frontlinecommand/pkg/sim","Test":"TestCandidateServiceActualReturnsAndNativeScenes/IR-retained-US-six","Output":"--- PASS: TestCandidateServiceActualReturnsAndNativeScenes/IR-retained-US-six (0.61s)\n","OutputType":"frame"}
{"Time":"2026-09-29T10:19:59.9877+03:00","Action":"pass","Package":"frontlinecommand/pkg/sim","Test":"TestCandidateServiceActualReturnsAndNativeScenes/IR-retained-US-six","Elapsed":0.61}
{"Time":"2026-09-29T10:19:59.987707+03:00","Action":"output","Package":"frontlinecommand/pkg/sim","Test":"TestCandidateServiceActualReturnsAndNativeScenes","Output":"--- PASS: TestCandidateServiceActualReturnsAndNativeScenes (4.18s)\n","OutputType":"frame"}
{"Time":"2026-09-29T10:19:59.987712+03:00","Action":"pass","Package":"frontlinecommand/pkg/sim","Test":"TestCandidateServiceActualReturnsAndNativeScenes","Elapsed":4.18}
{"Time":"2026-09-29T10:19:59.987717+03:00","Action":"run","Package":"frontlinecommand/pkg/sim","Test":"TestCandidateServiceReservationStabilityReleaseAndGroundGeometry"}
{"Time":"2026-09-29T10:19:59.987735+03:00","Action":"output","Package":"frontlinecommand/pkg/sim","Test":"TestCandidateServiceReservationStabilityReleaseAndGroundGeometry","Output":"=== RUN   TestCandidateServiceReservationStabilityReleaseAndGroundGeometry\n","OutputType":"frame"}
{"Time":"2026-09-29T10:20:00.027239+03:00","Action":"output","Package":"frontlinecommand/pkg/sim","Test":"TestCandidateServiceReservationStabilityReleaseAndGroundGeometry","Output":"--- PASS: TestCandidateServiceReservationStabilityReleaseAndGroundGeometry (0.04s)\n","OutputType":"frame"}
{"Time":"2026-09-29T10:20:00.027314+03:00","Action":"pass","Package":"frontlinecommand/pkg/sim","Test":"TestCandidateServiceReservationStabilityReleaseAndGroundGeometry","Elapsed":0.04}
{"Time":"2026-09-29T10:20:00.027468+03:00","Action":"run","Package":"frontlinecommand/pkg/sim","Test":"TestCandidateServiceRejectsMalformedReservations"}
{"Time":"2026-09-29T10:20:00.027492+03:00","Action":"output","Package":"frontlinecommand/pkg/sim","Test":"TestCandidateServiceRejectsMalformedReservations","Output":"=== RUN   TestCandidateServiceRejectsMalformedReservations\n","OutputType":"frame"}
{"Time":"2026-09-29T10:20:00.02757+03:00","Action":"run","Package":"frontlinecommand/pkg/sim","Test":"TestCandidateServiceRejectsMalformedReservations/wrong_home"}
{"Time":"2026-09-29T10:20:00.027591+03:00","Action":"output","Package":"frontlinecommand/pkg/sim","Test":"TestCandidateServiceRejectsMalformedReservations/wrong_home","Output":"=== RUN   TestCandidateServiceRejectsMalformedReservations/wrong_home\n","OutputType":"frame"}
{"Time":"2026-09-29T10:20:00.130905+03:00","Action":"output","Package":"frontlinecommand/pkg/sim","Test":"TestCandidateServiceRejectsMalformedReservations/wrong_home","Output":"--- PASS: TestCandidateServiceRejectsMalformedReservations/wrong_home (0.10s)\n","OutputType":"frame"}
{"Time":"2026-09-29T10:20:00.130987+03:00","Action":"pass","Package":"frontlinecommand/pkg/sim","Test":"TestCandidateServiceRejectsMalformedReservations/wrong_home","Elapsed":0.1}
{"Time":"2026-09-29T10:20:00.130999+03:00","Action":"run","Package":"frontlinecommand/pkg/sim","Test":"TestCandidateServiceRejectsMalformedReservations/out_of_bounds"}
{"Time":"2026-09-29T10:20:00.131005+03:00","Action":"output","Package":"frontlinecommand/pkg/sim","Test":"TestCandidateServiceRejectsMalformedReservations/out_of_bounds","Output":"=== RUN   TestCandidateServiceRejectsMalformedReservations/out_of_bounds\n","OutputType":"frame"}
{"Time":"2026-09-29T10:20:00.23768+03:00","Action":"output","Package":"frontlinecommand/pkg/sim","Test":"TestCandidateServiceRejectsMalformedReservations/out_of_bounds","Output":"--- PASS: TestCandidateServiceRejectsMalformedReservations/out_of_bounds (0.11s)\n","OutputType":"frame"}
{"Time":"2026-09-29T10:20:00.237794+03:00","Action":"pass","Package":"frontlinecommand/pkg/sim","Test":"TestCandidateServiceRejectsMalformedReservations/out_of_bounds","Elapsed":0.11}
{"Time":"2026-09-29T10:20:00.237822+03:00","Action":"run","Package":"frontlinecommand/pkg/sim","Test":"TestCandidateServiceRejectsMalformedReservations/inside_home"}
{"Time":"2026-09-29T10:20:00.237843+03:00","Action":"output","Package":"frontlinecommand/pkg/sim","Test":"TestCandidateServiceRejectsMalformedReservations/inside_home","Output":"=== RUN   TestCandidateServiceRejectsMalformedReservations/inside_home\n","OutputType":"frame"}
{"Time":"2026-09-29T10:20:00.361021+03:00","Action":"output","Package":"frontlinecommand/pkg/sim","Test":"TestCandidateServiceRejectsMalformedReservations/inside_home","Output":"--- PASS: TestCandidateServiceRejectsMalformedReservations/inside_home (0.12s)\n","OutputType":"frame"}
{"Time":"2026-09-29T10:20:00.36109+03:00","Action":"pass","Package":"frontlinecommand/pkg/sim","Test":"TestCandidateServiceRejectsMalformedReservations/inside_home","Elapsed":0.12}
{"Time":"2026-09-29T10:20:00.361199+03:00","Action":"run","Package":"frontlinecommand/pkg/sim","Test":"TestCandidateServiceRejectsMalformedReservations/overlap"}
{"Time":"2026-09-29T10:20:00.361213+03:00","Action":"output","Package":"frontlinecommand/pkg/sim","Test":"TestCandidateServiceRejectsMalformedReservations/overlap","Output":"=== RUN   TestCandidateServiceRejectsMalformedReservations/overlap\n","OutputType":"frame"}
{"Time":"2026-09-29T10:20:00.477146+03:00","Action":"output","Package":"frontlinecommand/pkg/sim","Test":"TestCandidateServiceRejectsMalformedReservations/overlap","Output":"--- PASS: TestCandidateServiceRejectsMalformedReservations/overlap (0.12s)\n","OutputType":"frame"}
{"Time":"2026-09-29T10:20:00.477199+03:00","Action":"pass","Package":"frontlinecommand/pkg/sim","Test":"TestCandidateServiceRejectsMalformedReservations/overlap","Elapsed":0.12}
{"Time":"2026-09-29T10:20:00.477212+03:00","Action":"run","Package":"frontlinecommand/pkg/sim","Test":"TestCandidateServiceRejectsMalformedReservations/not_returning"}
{"Time":"2026-09-29T10:20:00.477219+03:00","Action":"output","Package":"frontlinecommand/pkg/sim","Test":"TestCandidateServiceRejectsMalformedReservations/not_returning","Output":"=== RUN   TestCandidateServiceRejectsMalformedReservations/not_returning\n","OutputType":"frame"}
{"Time":"2026-09-29T10:20:00.58115+03:00","Action":"output","Package":"frontlinecommand/pkg/sim","Test":"TestCandidateServiceRejectsMalformedReservations/not_returning","Output":"--- PASS: TestCandidateServiceRejectsMalformedReservations/not_returning (0.10s)\n","OutputType":"frame"}
{"Time":"2026-09-29T10:20:00.581243+03:00","Action":"pass","Package":"frontlinecommand/pkg/sim","Test":"TestCandidateServiceRejectsMalformedReservations/not_returning","Elapsed":0.1}
{"Time":"2026-09-29T10:20:00.581259+03:00","Action":"run","Package":"frontlinecommand/pkg/sim","Test":"TestCandidateServiceRejectsMalformedReservations/landed"}
{"Time":"2026-09-29T10:20:00.581264+03:00","Action":"output","Package":"frontlinecommand/pkg/sim","Test":"TestCandidateServiceRejectsMalformedReservations/landed","Output":"=== RUN   TestCandidateServiceRejectsMalformedReservations/landed\n","OutputType":"frame"}
{"Time":"2026-09-29T10:20:00.674124+03:00","Action":"output","Package":"frontlinecommand/pkg/sim","Test":"TestCandidateServiceRejectsMalformedReservations/landed","Output":"--- PASS: TestCandidateServiceRejectsMalformedReservations/landed (0.09s)\n","OutputType":"frame"}
{"Time":"2026-09-29T10:20:00.674171+03:00","Action":"pass","Package":"frontlinecommand/pkg/sim","Test":"TestCandidateServiceRejectsMalformedReservations/landed","Elapsed":0.09}
{"Time":"2026-09-29T10:20:00.67418+03:00","Action":"run","Package":"frontlinecommand/pkg/sim","Test":"TestCandidateServiceRejectsMalformedReservations/future_retry"}
{"Time":"2026-09-29T10:20:00.674184+03:00","Action":"output","Package":"frontlinecommand/pkg/sim","Test":"TestCandidateServiceRejectsMalformedReservations/future_retry","Output":"=== RUN   TestCandidateServiceRejectsMalformedReservations/future_retry\n","OutputType":"frame"}
{"Time":"2026-09-29T10:20:00.769962+03:00","Action":"output","Package":"frontlinecommand/pkg/sim","Test":"TestCandidateServiceRejectsMalformedReservations/future_retry","Output":"--- PASS: TestCandidateServiceRejectsMalformedReservations/future_retry (0.10s)\n","OutputType":"frame"}
{"Time":"2026-09-29T10:20:00.7701+03:00","Action":"pass","Package":"frontlinecommand/pkg/sim","Test":"TestCandidateServiceRejectsMalformedReservations/future_retry","Elapsed":0.1}
{"Time":"2026-09-29T10:20:00.770113+03:00","Action":"run","Package":"frontlinecommand/pkg/sim","Test":"TestCandidateServiceRejectsMalformedReservations/ground_retry"}
{"Time":"2026-09-29T10:20:00.770155+03:00","Action":"output","Package":"frontlinecommand/pkg/sim","Test":"TestCandidateServiceRejectsMalformedReservations/ground_retry","Output":"=== RUN   TestCandidateServiceRejectsMalformedReservations/ground_retry\n","OutputType":"frame"}
{"Time":"2026-09-29T10:20:00.858002+03:00","Action":"output","Package":"frontlinecommand/pkg/sim","Test":"TestCandidateServiceRejectsMalformedReservations/ground_retry","Output":"--- PASS: TestCandidateServiceRejectsMalformedReservations/ground_retry (0.09s)\n","OutputType":"frame"}
{"Time":"2026-09-29T10:20:00.858046+03:00","Action":"pass","Package":"frontlinecommand/pkg/sim","Test":"TestCandidateServiceRejectsMalformedReservations/ground_retry","Elapsed":0.09}
{"Time":"2026-09-29T10:20:00.858132+03:00","Action":"run","Package":"frontlinecommand/pkg/sim","Test":"TestCandidateServiceRejectsMalformedReservations/old_version"}
{"Time":"2026-09-29T10:20:00.85814+03:00","Action":"output","Package":"frontlinecommand/pkg/sim","Test":"TestCandidateServiceRejectsMalformedReservations/old_version","Output":"=== RUN   TestCandidateServiceRejectsMalformedReservations/old_version\n","OutputType":"frame"}
{"Time":"2026-09-29T10:20:00.944395+03:00","Action":"output","Package":"frontlinecommand/pkg/sim","Test":"TestCandidateServiceRejectsMalformedReservations/old_version","Output":"--- PASS: TestCandidateServiceRejectsMalformedReservations/old_version (0.09s)\n","OutputType":"frame"}
{"Time":"2026-09-29T10:20:00.944493+03:00","Action":"pass","Package":"frontlinecommand/pkg/sim","Test":"TestCandidateServiceRejectsMalformedReservations/old_version","Elapsed":0.09}
{"Time":"2026-09-29T10:20:00.944509+03:00","Action":"output","Package":"frontlinecommand/pkg/sim","Test":"TestCandidateServiceRejectsMalformedReservations","Output":"--- PASS: TestCandidateServiceRejectsMalformedReservations (0.92s)\n","OutputType":"frame"}
{"Time":"2026-09-29T10:20:00.944515+03:00","Action":"pass","Package":"frontlinecommand/pkg/sim","Test":"TestCandidateServiceRejectsMalformedReservations","Elapsed":0.92}
{"Time":"2026-09-29T10:20:00.94452+03:00","Action":"run","Package":"frontlinecommand/pkg/sim","Test":"TestCandidateGroundRouteBridgeAndConstructionRespectReservation"}
{"Time":"2026-09-29T10:20:00.944524+03:00","Action":"output","Package":"frontlinecommand/pkg/sim","Test":"TestCandidateGroundRouteBridgeAndConstructionRespectReservation","Output":"=== RUN   TestCandidateGroundRouteBridgeAndConstructionRespectReservation\n","OutputType":"frame"}
{"Time":"2026-09-29T10:20:01.633906+03:00","Action":"output","Package":"frontlinecommand/pkg/sim","Test":"TestCandidateGroundRouteBridgeAndConstructionRespectReservation","Output":"--- PASS: TestCandidateGroundRouteBridgeAndConstructionRespectReservation (0.69s)\n","OutputType":"frame"}
{"Time":"2026-09-29T10:20:01.633964+03:00","Action":"pass","Package":"frontlinecommand/pkg/sim","Test":"TestCandidateGroundRouteBridgeAndConstructionRespectReservation","Elapsed":0.69}
{"Time":"2026-09-29T10:20:01.63401+03:00","Action":"run","Package":"frontlinecommand/pkg/sim","Test":"TestCandidateServiceAllocationBudgetRetryAndLegalRecovery"}
{"Time":"2026-09-29T10:20:01.634026+03:00","Action":"output","Package":"frontlinecommand/pkg/sim","Test":"TestCandidateServiceAllocationBudgetRetryAndLegalRecovery","Output":"=== RUN   TestCandidateServiceAllocationBudgetRetryAndLegalRecovery\n","OutputType":"frame"}
{"Time":"2026-09-29T10:20:01.702697+03:00","Action":"output","Package":"frontlinecommand/pkg/sim","Test":"TestCandidateServiceAllocationBudgetRetryAndLegalRecovery","Output":"--- PASS: TestCandidateServiceAllocationBudgetRetryAndLegalRecovery (0.07s)\n","OutputType":"frame"}
{"Time":"2026-09-29T10:20:01.702755+03:00","Action":"pass","Package":"frontlinecommand/pkg/sim","Test":"TestCandidateServiceAllocationBudgetRetryAndLegalRecovery","Elapsed":0.07}
{"Time":"2026-09-29T10:20:01.702795+03:00","Action":"run","Package":"frontlinecommand/pkg/sim","Test":"TestCandidateTransientFoundationClearsReservationBeforeSave"}
{"Time":"2026-09-29T10:20:01.702801+03:00","Action":"output","Package":"frontlinecommand/pkg/sim","Test":"TestCandidateTransientFoundationClearsReservationBeforeSave","Output":"=== RUN   TestCandidateTransientFoundationClearsReservationBeforeSave\n","OutputType":"frame"}
{"Time":"2026-09-29T10:20:01.820779+03:00","Action":"output","Package":"frontlinecommand/pkg/sim","Test":"TestCandidateTransientFoundationClearsReservationBeforeSave","Output":"--- PASS: TestCandidateTransientFoundationClearsReservationBeforeSave (0.12s)\n","OutputType":"frame"}
{"Time":"2026-09-29T10:20:01.820831+03:00","Action":"pass","Package":"frontlinecommand/pkg/sim","Test":"TestCandidateTransientFoundationClearsReservationBeforeSave","Elapsed":0.12}
{"Time":"2026-09-29T10:20:01.820869+03:00","Action":"run","Package":"frontlinecommand/pkg/sim","Test":"TestCandidateBalancedRingCoverageFindsFarSidePocket"}
{"Time":"2026-09-29T10:20:01.820884+03:00","Action":"output","Package":"frontlinecommand/pkg/sim","Test":"TestCandidateBalancedRingCoverageFindsFarSidePocket","Output":"=== RUN   TestCandidateBalancedRingCoverageFindsFarSidePocket\n","OutputType":"frame"}
{"Time":"2026-09-29T10:20:01.860502+03:00","Action":"output","Package":"frontlinecommand/pkg/sim","Test":"TestCandidateBalancedRingCoverageFindsFarSidePocket","Output":"    service_parking_invariants_test.go:281: available far-side pocket{X:45600 Y:40000}, selected{X:44700 Y:40000}, candidates112\n"}
{"Time":"2026-09-29T10:20:01.860574+03:00","Action":"output","Package":"frontlinecommand/pkg/sim","Test":"TestCandidateBalancedRingCoverageFindsFarSidePocket","Output":"--- PASS: TestCandidateBalancedRingCoverageFindsFarSidePocket (0.04s)\n","OutputType":"frame"}
{"Time":"2026-09-29T10:20:01.860587+03:00","Action":"pass","Package":"frontlinecommand/pkg/sim","Test":"TestCandidateBalancedRingCoverageFindsFarSidePocket","Elapsed":0.04}
{"Time":"2026-09-29T10:20:01.860623+03:00","Action":"run","Package":"frontlinecommand/pkg/sim","Test":"TestCandidateTangentSubgridStartAndNarrowPassage"}
{"Time":"2026-09-29T10:20:01.860635+03:00","Action":"output","Package":"frontlinecommand/pkg/sim","Test":"TestCandidateTangentSubgridStartAndNarrowPassage","Output":"=== RUN   TestCandidateTangentSubgridStartAndNarrowPassage\n","OutputType":"frame"}
{"Time":"2026-09-29T10:20:01.860746+03:00","Action":"run","Package":"frontlinecommand/pkg/sim","Test":"TestCandidateTangentSubgridStartAndNarrowPassage/0"}
{"Time":"2026-09-29T10:20:01.860778+03:00","Action":"output","Package":"frontlinecommand/pkg/sim","Test":"TestCandidateTangentSubgridStartAndNarrowPassage/0","Output":"=== RUN   TestCandidateTangentSubgridStartAndNarrowPassage/0\n","OutputType":"frame"}
{"Time":"2026-09-29T10:20:02.036788+03:00","Action":"output","Package":"frontlinecommand/pkg/sim","Test":"TestCandidateTangentSubgridStartAndNarrowPassage/0","Output":"--- PASS: TestCandidateTangentSubgridStartAndNarrowPassage/0 (0.18s)\n","OutputType":"frame"}
{"Time":"2026-09-29T10:20:02.036889+03:00","Action":"pass","Package":"frontlinecommand/pkg/sim","Test":"TestCandidateTangentSubgridStartAndNarrowPassage/0","Elapsed":0.18}
{"Time":"2026-09-29T10:20:02.036912+03:00","Action":"run","Package":"frontlinecommand/pkg/sim","Test":"TestCandidateTangentSubgridStartAndNarrowPassage/1"}
{"Time":"2026-09-29T10:20:02.036945+03:00","Action":"output","Package":"frontlinecommand/pkg/sim","Test":"TestCandidateTangentSubgridStartAndNarrowPassage/1","Output":"=== RUN   TestCandidateTangentSubgridStartAndNarrowPassage/1\n","OutputType":"frame"}
{"Time":"2026-09-29T10:20:02.176561+03:00","Action":"output","Package":"frontlinecommand/pkg/sim","Test":"TestCandidateTangentSubgridStartAndNarrowPassage/1","Output":"--- PASS: TestCandidateTangentSubgridStartAndNarrowPassage/1 (0.14s)\n","OutputType":"frame"}
{"Time":"2026-09-29T10:20:02.176638+03:00","Action":"pass","Package":"frontlinecommand/pkg/sim","Test":"TestCandidateTangentSubgridStartAndNarrowPassage/1","Elapsed":0.14}
{"Time":"2026-09-29T10:20:02.176657+03:00","Action":"run","Package":"frontlinecommand/pkg/sim","Test":"TestCandidateTangentSubgridStartAndNarrowPassage/119"}
{"Time":"2026-09-29T10:20:02.176664+03:00","Action":"output","Package":"frontlinecommand/pkg/sim","Test":"TestCandidateTangentSubgridStartAndNarrowPassage/119","Output":"=== RUN   TestCandidateTangentSubgridStartAndNarrowPassage/119\n","OutputType":"frame"}
{"Time":"2026-09-29T10:20:02.312268+03:00","Action":"output","Package":"frontlinecommand/pkg/sim","Test":"TestCandidateTangentSubgridStartAndNarrowPassage/119","Output":"--- PASS: TestCandidateTangentSubgridStartAndNarrowPassage/119 (0.14s)\n","OutputType":"frame"}
{"Time":"2026-09-29T10:20:02.312369+03:00","Action":"pass","Package":"frontlinecommand/pkg/sim","Test":"TestCandidateTangentSubgridStartAndNarrowPassage/119","Elapsed":0.14}
{"Time":"2026-09-29T10:20:02.469661+03:00","Action":"output","Package":"frontlinecommand/pkg/sim","Test":"TestCandidateTangentSubgridStartAndNarrowPassage","Output":"--- PASS: TestCandidateTangentSubgridStartAndNarrowPassage (0.61s)\n","OutputType":"frame"}
{"Time":"2026-09-29T10:20:02.469726+03:00","Action":"pass","Package":"frontlinecommand/pkg/sim","Test":"TestCandidateTangentSubgridStartAndNarrowPassage","Elapsed":0.61}
{"Time":"2026-09-29T10:20:02.469745+03:00","Action":"run","Package":"frontlinecommand/pkg/sim","Test":"TestCandidatePreviewIsReadOnlyAndReservationFogSafe"}
{"Time":"2026-09-29T10:20:02.469752+03:00","Action":"output","Package":"frontlinecommand/pkg/sim","Test":"TestCandidatePreviewIsReadOnlyAndReservationFogSafe","Output":"=== RUN   TestCandidatePreviewIsReadOnlyAndReservationFogSafe\n","OutputType":"frame"}
{"Time":"2026-09-29T10:20:02.669781+03:00","Action":"output","Package":"frontlinecommand/pkg/sim","Test":"TestCandidatePreviewIsReadOnlyAndReservationFogSafe","Output":"--- PASS: TestCandidatePreviewIsReadOnlyAndReservationFogSafe (0.20s)\n","OutputType":"frame"}
{"Time":"2026-09-29T10:20:02.669818+03:00","Action":"pass","Package":"frontlinecommand/pkg/sim","Test":"TestCandidatePreviewIsReadOnlyAndReservationFogSafe","Elapsed":0.2}
{"Time":"2026-09-29T10:20:02.669827+03:00","Action":"run","Package":"frontlinecommand/pkg/sim","Test":"TestCandidateNarrowPhysicalPassageRemainsRoutable"}
{"Time":"2026-09-29T10:20:02.66983+03:00","Action":"output","Package":"frontlinecommand/pkg/sim","Test":"TestCandidateNarrowPhysicalPassageRemainsRoutable","Output":"=== RUN   TestCandidateNarrowPhysicalPassageRemainsRoutable\n","OutputType":"frame"}
{"Time":"2026-09-29T10:20:02.701758+03:00","Action":"output","Package":"frontlinecommand/pkg/sim","Test":"TestCandidateNarrowPhysicalPassageRemainsRoutable","Output":"--- PASS: TestCandidateNarrowPhysicalPassageRemainsRoutable (0.03s)\n","OutputType":"frame"}
{"Time":"2026-09-29T10:20:02.70188+03:00","Action":"pass","Package":"frontlinecommand/pkg/sim","Test":"TestCandidateNarrowPhysicalPassageRemainsRoutable","Elapsed":0.03}
{"Time":"2026-09-29T10:20:02.701928+03:00","Action":"run","Package":"frontlinecommand/pkg/sim","Test":"TestCandidateAutomaticReturnLastTick"}
{"Time":"2026-09-29T10:20:02.701936+03:00","Action":"output","Package":"frontlinecommand/pkg/sim","Test":"TestCandidateAutomaticReturnLastTick","Output":"=== RUN   TestCandidateAutomaticReturnLastTick\n","OutputType":"frame"}
{"Time":"2026-09-29T10:20:02.939127+03:00","Action":"output","Package":"frontlinecommand/pkg/sim","Test":"TestCandidateAutomaticReturnLastTick","Output":"--- PASS: TestCandidateAutomaticReturnLastTick (0.24s)\n","OutputType":"frame"}
{"Time":"2026-09-29T10:20:02.939172+03:00","Action":"pass","Package":"frontlinecommand/pkg/sim","Test":"TestCandidateAutomaticReturnLastTick","Elapsed":0.24}
{"Time":"2026-09-29T10:20:02.939189+03:00","Action":"run","Package":"frontlinecommand/pkg/sim","Test":"TestCandidateAuthoredAirStartsAndReturnService"}
{"Time":"2026-09-29T10:20:02.939194+03:00","Action":"output","Package":"frontlinecommand/pkg/sim","Test":"TestCandidateAuthoredAirStartsAndReturnService","Output":"=== RUN   TestCandidateAuthoredAirStartsAndReturnService\n","OutputType":"frame"}
{"Time":"2026-09-29T10:20:02.939254+03:00","Action":"run","Package":"frontlinecommand/pkg/sim","Test":"TestCandidateAuthoredAirStartsAndReturnService/ir-04-hold-the-network/easy"}
{"Time":"2026-09-29T10:20:02.939259+03:00","Action":"output","Package":"frontlinecommand/pkg/sim","Test":"TestCandidateAuthoredAirStartsAndReturnService/ir-04-hold-the-network/easy","Output":"=== RUN   TestCandidateAuthoredAirStartsAndReturnService/ir-04-hold-the-network/easy\n","OutputType":"frame"}
{"Time":"2026-09-29T10:20:11.630654+03:00","Action":"output","Package":"frontlinecommand/pkg/sim","Test":"TestCandidateAuthoredAirStartsAndReturnService/ir-04-hold-the-network/easy","Output":"    service_parking_mission_test.go:137: 3 aircraft (3 authored initial) completed ordinary Return/service at655, hashe5a9d655ade453aa9ca6de1f24a659ce3a23a936f6b2c15f0c4c523eafc5ac1b; not mission-victory proof\n"}
{"Time":"2026-09-29T10:20:11.630913+03:00","Action":"output","Package":"frontlinecommand/pkg/sim","Test":"TestCandidateAuthoredAirStartsAndReturnService/ir-04-hold-the-network/easy","Output":"--- PASS: TestCandidateAuthoredAirStartsAndReturnService/ir-04-hold-the-network/easy (8.69s)\n","OutputType":"frame"}
{"Time":"2026-09-29T10:20:11.631161+03:00","Action":"pass","Package":"frontlinecommand/pkg/sim","Test":"TestCandidateAuthoredAirStartsAndReturnService/ir-04-hold-the-network/easy","Elapsed":8.69}
{"Time":"2026-09-29T10:20:11.631227+03:00","Action":"run","Package":"frontlinecommand/pkg/sim","Test":"TestCandidateAuthoredAirStartsAndReturnService/ir-04-hold-the-network/normal"}
{"Time":"2026-09-29T10:20:11.631247+03:00","Action":"output","Package":"frontlinecommand/pkg/sim","Test":"TestCandidateAuthoredAirStartsAndReturnService/ir-04-hold-the-network/normal","Output":"=== RUN   TestCandidateAuthoredAirStartsAndReturnService/ir-04-hold-the-network/normal\n","OutputType":"frame"}
{"Time":"2026-09-29T10:20:21.032268+03:00","Action":"output","Package":"frontlinecommand/pkg/sim","Test":"TestCandidateAuthoredAirStartsAndReturnService/ir-04-hold-the-network/normal","Output":"    service_parking_mission_test.go:137: 3 aircraft (3 authored initial) completed ordinary Return/service at655, hash0476cb014c6bf456c685147a9da21340eead17e9aac97922a19ac8c690d04385; not mission-victory proof\n"}
{"Time":"2026-09-29T10:20:21.032557+03:00","Action":"output","Package":"frontlinecommand/pkg/sim","Test":"TestCandidateAuthoredAirStartsAndReturnService/ir-04-hold-the-network/normal","Output":"--- PASS: TestCandidateAuthoredAirStartsAndReturnService/ir-04-hold-the-network/normal (9.40s)\n","OutputType":"frame"}
{"Time":"2026-09-29T10:20:21.032584+03:00","Action":"pass","Package":"frontlinecommand/pkg/sim","Test":"TestCandidateAuthoredAirStartsAndReturnService/ir-04-hold-the-network/normal","Elapsed":9.4}
{"Time":"2026-09-29T10:20:21.032602+03:00","Action":"run","Package":"frontlinecommand/pkg/sim","Test":"TestCandidateAuthoredAirStartsAndReturnService/ir-04-hold-the-network/hard"}
{"Time":"2026-09-29T10:20:21.032606+03:00","Action":"output","Package":"frontlinecommand/pkg/sim","Test":"TestCandidateAuthoredAirStartsAndReturnService/ir-04-hold-the-network/hard","Output":"=== RUN   TestCandidateAuthoredAirStartsAndReturnService/ir-04-hold-the-network/hard\n","OutputType":"frame"}
{"Time":"2026-09-29T10:20:31.299439+03:00","Action":"output","Package":"frontlinecommand/pkg/sim","Test":"TestCandidateAuthoredAirStartsAndReturnService/ir-04-hold-the-network/hard","Output":"    service_parking_mission_test.go:137: 3 aircraft (3 authored initial) completed ordinary Return/service at655, hash15142df8cdf476516bf3509bae91ea7f874249a889ae0a0aa8e841f208a6ac0f; not mission-victory proof\n"}
{"Time":"2026-09-29T10:20:31.299753+03:00","Action":"output","Package":"frontlinecommand/pkg/sim","Test":"TestCandidateAuthoredAirStartsAndReturnService/ir-04-hold-the-network/hard","Output":"--- PASS: TestCandidateAuthoredAirStartsAndReturnService/ir-04-hold-the-network/hard (10.27s)\n","OutputType":"frame"}
{"Time":"2026-09-29T10:20:31.299785+03:00","Action":"pass","Package":"frontlinecommand/pkg/sim","Test":"TestCandidateAuthoredAirStartsAndReturnService/ir-04-hold-the-network/hard","Elapsed":10.27}
{"Time":"2026-09-29T10:20:31.299799+03:00","Action":"run","Package":"frontlinecommand/pkg/sim","Test":"TestCandidateAuthoredAirStartsAndReturnService/ir-05-the-second-volley/easy"}
{"Time":"2026-09-29T10:20:31.299808+03:00","Action":"output","Package":"frontlinecommand/pkg/sim","Test":"TestCandidateAuthoredAirStartsAndReturnService/ir-05-the-second-volley/easy","Output":"=== RUN   TestCandidateAuthoredAirStartsAndReturnService/ir-05-the-second-volley/easy\n","OutputType":"frame"}
{"Time":"2026-09-29T10:20:44.701872+03:00","Action":"output","Package":"frontlinecommand/pkg/sim","Test":"TestCandidateAuthoredAirStartsAndReturnService/ir-05-the-second-volley/easy","Output":"    service_parking_mission_test.go:137: 1 aircraft (0 authored initial) completed ordinary Return/service at1194, hash96177a9acda11e95a85c63e448f15d0e2d5093c5e920e7f602ca7de148e42559; not mission-victory proof\n"}
{"Time":"2026-09-29T10:20:44.701942+03:00","Action":"output","Package":"frontlinecommand/pkg/sim","Test":"TestCandidateAuthoredAirStartsAndReturnService/ir-05-the-second-volley/easy","Output":"--- PASS: TestCandidateAuthoredAirStartsAndReturnService/ir-05-the-second-volley/easy (13.40s)\n","OutputType":"frame"}
{"Time":"2026-09-29T10:20:44.702105+03:00","Action":"pass","Package":"frontlinecommand/pkg/sim","Test":"TestCandidateAuthoredAirStartsAndReturnService/ir-05-the-second-volley/easy","Elapsed":13.4}
{"Time":"2026-09-29T10:20:44.702239+03:00","Action":"run","Package":"frontlinecommand/pkg/sim","Test":"TestCandidateAuthoredAirStartsAndReturnService/ir-05-the-second-volley/normal"}
{"Time":"2026-09-29T10:20:44.702247+03:00","Action":"output","Package":"frontlinecommand/pkg/sim","Test":"TestCandidateAuthoredAirStartsAndReturnService/ir-05-the-second-volley/normal","Output":"=== RUN   TestCandidateAuthoredAirStartsAndReturnService/ir-05-the-second-volley/normal\n","OutputType":"frame"}
{"Time":"2026-09-29T10:20:58.28875+03:00","Action":"output","Package":"frontlinecommand/pkg/sim","Test":"TestCandidateAuthoredAirStartsAndReturnService/ir-05-the-second-volley/normal","Output":"    service_parking_mission_test.go:137: 1 aircraft (0 authored initial) completed ordinary Return/service at1194, hashe0c7ab61f27e8c0019d4d84a048067186d0abcdcb1010822c643fc99e59614e9; not mission-victory proof\n"}
{"Time":"2026-09-29T10:20:58.289699+03:00","Action":"output","Package":"frontlinecommand/pkg/sim","Test":"TestCandidateAuthoredAirStartsAndReturnService/ir-05-the-second-volley/normal","Output":"--- PASS: TestCandidateAuthoredAirStartsAndReturnService/ir-05-the-second-volley/normal (13.59s)\n","OutputType":"frame"}
{"Time":"2026-09-29T10:20:58.289742+03:00","Action":"pass","Package":"frontlinecommand/pkg/sim","Test":"TestCandidateAuthoredAirStartsAndReturnService/ir-05-the-second-volley/normal","Elapsed":13.59}
{"Time":"2026-09-29T10:20:58.289757+03:00","Action":"run","Package":"frontlinecommand/pkg/sim","Test":"TestCandidateAuthoredAirStartsAndReturnService/ir-05-the-second-volley/hard"}
{"Time":"2026-09-29T10:20:58.289766+03:00","Action":"output","Package":"frontlinecommand/pkg/sim","Test":"TestCandidateAuthoredAirStartsAndReturnService/ir-05-the-second-volley/hard","Output":"=== RUN   TestCandidateAuthoredAirStartsAndReturnService/ir-05-the-second-volley/hard\n","OutputType":"frame"}
{"Time":"2026-09-29T10:21:11.293219+03:00","Action":"output","Package":"frontlinecommand/pkg/sim","Test":"TestCandidateAuthoredAirStartsAndReturnService/ir-05-the-second-volley/hard","Output":"    service_parking_mission_test.go:137: 1 aircraft (0 authored initial) completed ordinary Return/service at1194, hash4edc84cda3f4cab9067fb9762036c6a85163a1e5357db1392de0b30daedad195; not mission-victory proof\n"}
{"Time":"2026-09-29T10:21:11.293372+03:00","Action":"output","Package":"frontlinecommand/pkg/sim","Test":"TestCandidateAuthoredAirStartsAndReturnService/ir-05-the-second-volley/hard","Output":"--- PASS: TestCandidateAuthoredAirStartsAndReturnService/ir-05-the-second-volley/hard (13.00s)\n","OutputType":"frame"}
{"Time":"2026-09-29T10:21:11.293385+03:00","Action":"pass","Package":"frontlinecommand/pkg/sim","Test":"TestCandidateAuthoredAirStartsAndReturnService/ir-05-the-second-volley/hard","Elapsed":13}
{"Time":"2026-09-29T10:21:11.293409+03:00","Action":"run","Package":"frontlinecommand/pkg/sim","Test":"TestCandidateAuthoredAirStartsAndReturnService/ir-06-iron-signal/easy"}
{"Time":"2026-09-29T10:21:11.293431+03:00","Action":"output","Package":"frontlinecommand/pkg/sim","Test":"TestCandidateAuthoredAirStartsAndReturnService/ir-06-iron-signal/easy","Output":"=== RUN   TestCandidateAuthoredAirStartsAndReturnService/ir-06-iron-signal/easy\n","OutputType":"frame"}
{"Time":"2026-09-29T10:21:17.830418+03:00","Action":"output","Package":"frontlinecommand/pkg/sim","Test":"TestCandidateAuthoredAirStartsAndReturnService/ir-06-iron-signal/easy","Output":"    service_parking_mission_test.go:137: 1 aircraft (1 authored initial) completed ordinary Return/service at493, hashefe922640f236ca3b7c0d3f9ede27ed52168aa0b8385ead76348967f1ed885ff; not mission-victory proof\n"}
{"Time":"2026-09-29T10:21:17.830643+03:00","Action":"output","Package":"frontlinecommand/pkg/sim","Test":"TestCandidateAuthoredAirStartsAndReturnService/ir-06-iron-signal/easy","Output":"--- PASS: TestCandidateAuthoredAirStartsAndReturnService/ir-06-iron-signal/easy (6.54s)\n","OutputType":"frame"}
{"Time":"2026-09-29T10:21:17.830654+03:00","Action":"pass","Package":"frontlinecommand/pkg/sim","Test":"TestCandidateAuthoredAirStartsAndReturnService/ir-06-iron-signal/easy","Elapsed":6.54}
{"Time":"2026-09-29T10:21:17.83066+03:00","Action":"run","Package":"frontlinecommand/pkg/sim","Test":"TestCandidateAuthoredAirStartsAndReturnService/ir-06-iron-signal/normal"}
{"Time":"2026-09-29T10:21:17.830664+03:00","Action":"output","Package":"frontlinecommand/pkg/sim","Test":"TestCandidateAuthoredAirStartsAndReturnService/ir-06-iron-signal/normal","Output":"=== RUN   TestCandidateAuthoredAirStartsAndReturnService/ir-06-iron-signal/normal\n","OutputType":"frame"}
{"Time":"2026-09-29T10:21:24.317282+03:00","Action":"output","Package":"frontlinecommand/pkg/sim","Test":"TestCandidateAuthoredAirStartsAndReturnService/ir-06-iron-signal/normal","Output":"    service_parking_mission_test.go:137: 1 aircraft (1 authored initial) completed ordinary Return/service at493, hashab8949bf2417fc557bbfb2be715e53e43f301e63adeb6432b92b764854deda60; not mission-victory proof\n"}
{"Time":"2026-09-29T10:21:24.317865+03:00","Action":"output","Package":"frontlinecommand/pkg/sim","Test":"TestCandidateAuthoredAirStartsAndReturnService/ir-06-iron-signal/normal","Output":"--- PASS: TestCandidateAuthoredAirStartsAndReturnService/ir-06-iron-signal/normal (6.49s)\n","OutputType":"frame"}
{"Time":"2026-09-29T10:21:24.317909+03:00","Action":"pass","Package":"frontlinecommand/pkg/sim","Test":"TestCandidateAuthoredAirStartsAndReturnService/ir-06-iron-signal/normal","Elapsed":6.49}
{"Time":"2026-09-29T10:21:24.317931+03:00","Action":"run","Package":"frontlinecommand/pkg/sim","Test":"TestCandidateAuthoredAirStartsAndReturnService/ir-06-iron-signal/hard"}
{"Time":"2026-09-29T10:21:24.317936+03:00","Action":"output","Package":"frontlinecommand/pkg/sim","Test":"TestCandidateAuthoredAirStartsAndReturnService/ir-06-iron-signal/hard","Output":"=== RUN   TestCandidateAuthoredAirStartsAndReturnService/ir-06-iron-signal/hard\n","OutputType":"frame"}
{"Time":"2026-09-29T10:21:31.172009+03:00","Action":"output","Package":"frontlinecommand/pkg/sim","Test":"TestCandidateAuthoredAirStartsAndReturnService/ir-06-iron-signal/hard","Output":"    service_parking_mission_test.go:137: 1 aircraft (1 authored initial) completed ordinary Return/service at493, hashe7f3dc1c8c8bc240c44fcb25b209228594455ebc40a5db5e81b4c01e98b48d7b; not mission-victory proof\n"}
{"Time":"2026-09-29T10:21:31.172521+03:00","Action":"output","Package":"frontlinecommand/pkg/sim","Test":"TestCandidateAuthoredAirStartsAndReturnService/ir-06-iron-signal/hard","Output":"--- PASS: TestCandidateAuthoredAirStartsAndReturnService/ir-06-iron-signal/hard (6.85s)\n","OutputType":"frame"}
{"Time":"2026-09-29T10:21:31.172529+03:00","Action":"pass","Package":"frontlinecommand/pkg/sim","Test":"TestCandidateAuthoredAirStartsAndReturnService/ir-06-iron-signal/hard","Elapsed":6.85}
{"Time":"2026-09-29T10:21:31.172535+03:00","Action":"run","Package":"frontlinecommand/pkg/sim","Test":"TestCandidateAuthoredAirStartsAndReturnService/us-04-broken-umbrella/easy"}
{"Time":"2026-09-29T10:21:31.172539+03:00","Action":"output","Package":"frontlinecommand/pkg/sim","Test":"TestCandidateAuthoredAirStartsAndReturnService/us-04-broken-umbrella/easy","Output":"=== RUN   TestCandidateAuthoredAirStartsAndReturnService/us-04-broken-umbrella/easy\n","OutputType":"frame"}
{"Time":"2026-09-29T10:21:36.515236+03:00","Action":"output","Package":"frontlinecommand/pkg/sim","Test":"TestCandidateAuthoredAirStartsAndReturnService/us-04-broken-umbrella/easy","Output":"    service_parking_mission_test.go:137: 3 aircraft (3 authored initial) completed ordinary Return/service at512, hashfec99c44b877a669aa12845ce6f613ce0a6a98abc08122d65beee3a78c92db6d; not mission-victory proof\n"}
{"Time":"2026-09-29T10:21:36.515276+03:00","Action":"output","Package":"frontlinecommand/pkg/sim","Test":"TestCandidateAuthoredAirStartsAndReturnService/us-04-broken-umbrella/easy","Output":"--- PASS: TestCandidateAuthoredAirStartsAndReturnService/us-04-broken-umbrella/easy (5.34s)\n","OutputType":"frame"}
{"Time":"2026-09-29T10:21:36.515282+03:00","Action":"pass","Package":"frontlinecommand/pkg/sim","Test":"TestCandidateAuthoredAirStartsAndReturnService/us-04-broken-umbrella/easy","Elapsed":5.34}
{"Time":"2026-09-29T10:21:36.515356+03:00","Action":"run","Package":"frontlinecommand/pkg/sim","Test":"TestCandidateAuthoredAirStartsAndReturnService/us-04-broken-umbrella/normal"}
{"Time":"2026-09-29T10:21:36.515367+03:00","Action":"output","Package":"frontlinecommand/pkg/sim","Test":"TestCandidateAuthoredAirStartsAndReturnService/us-04-broken-umbrella/normal","Output":"=== RUN   TestCandidateAuthoredAirStartsAndReturnService/us-04-broken-umbrella/normal\n","OutputType":"frame"}
{"Time":"2026-09-29T10:21:42.251877+03:00","Action":"output","Package":"frontlinecommand/pkg/sim","Test":"TestCandidateAuthoredAirStartsAndReturnService/us-04-broken-umbrella/normal","Output":"    service_parking_mission_test.go:137: 3 aircraft (3 authored initial) completed ordinary Return/service at512, hash38cc188c504a5d0f52929d3d949fa6d00e681449ff68ab87be969e81a0558534; not mission-victory proof\n"}
{"Time":"2026-09-29T10:21:42.251928+03:00","Action":"output","Package":"frontlinecommand/pkg/sim","Test":"TestCandidateAuthoredAirStartsAndReturnService/us-04-broken-umbrella/normal","Output":"--- PASS: TestCandidateAuthoredAirStartsAndReturnService/us-04-broken-umbrella/normal (5.74s)\n","OutputType":"frame"}
{"Time":"2026-09-29T10:21:42.251935+03:00","Action":"pass","Package":"frontlinecommand/pkg/sim","Test":"TestCandidateAuthoredAirStartsAndReturnService/us-04-broken-umbrella/normal","Elapsed":5.74}
{"Time":"2026-09-29T10:21:42.251942+03:00","Action":"run","Package":"frontlinecommand/pkg/sim","Test":"TestCandidateAuthoredAirStartsAndReturnService/us-04-broken-umbrella/hard"}
{"Time":"2026-09-29T10:21:42.251946+03:00","Action":"output","Package":"frontlinecommand/pkg/sim","Test":"TestCandidateAuthoredAirStartsAndReturnService/us-04-broken-umbrella/hard","Output":"=== RUN   TestCandidateAuthoredAirStartsAndReturnService/us-04-broken-umbrella/hard\n","OutputType":"frame"}
{"Time":"2026-09-29T10:21:48.359476+03:00","Action":"output","Package":"frontlinecommand/pkg/sim","Test":"TestCandidateAuthoredAirStartsAndReturnService/us-04-broken-umbrella/hard","Output":"    service_parking_mission_test.go:137: 3 aircraft (3 authored initial) completed ordinary Return/service at512, hash727cc083944348405fc7dc915fb26746f29e6a88e7779ed54e672b0fd8b17700; not mission-victory proof\n"}
{"Time":"2026-09-29T10:21:48.359529+03:00","Action":"output","Package":"frontlinecommand/pkg/sim","Test":"TestCandidateAuthoredAirStartsAndReturnService/us-04-broken-umbrella/hard","Output":"--- PASS: TestCandidateAuthoredAirStartsAndReturnService/us-04-broken-umbrella/hard (6.11s)\n","OutputType":"frame"}
{"Time":"2026-09-29T10:21:48.359537+03:00","Action":"pass","Package":"frontlinecommand/pkg/sim","Test":"TestCandidateAuthoredAirStartsAndReturnService/us-04-broken-umbrella/hard","Elapsed":6.11}
{"Time":"2026-09-29T10:21:48.359544+03:00","Action":"output","Package":"frontlinecommand/pkg/sim","Test":"TestCandidateAuthoredAirStartsAndReturnService","Output":"--- PASS: TestCandidateAuthoredAirStartsAndReturnService (105.42s)\n","OutputType":"frame"}
{"Time":"2026-09-29T10:21:48.359558+03:00","Action":"pass","Package":"frontlinecommand/pkg/sim","Test":"TestCandidateAuthoredAirStartsAndReturnService","Elapsed":105.42}
{"Time":"2026-09-29T10:21:48.35968+03:00","Action":"run","Package":"frontlinecommand/pkg/sim","Test":"TestTacticalSkybreakerPlanMatchesActualLaunchAllEdges"}
{"Time":"2026-09-29T10:21:48.359687+03:00","Action":"output","Package":"frontlinecommand/pkg/sim","Test":"TestTacticalSkybreakerPlanMatchesActualLaunchAllEdges","Output":"=== RUN   TestTacticalSkybreakerPlanMatchesActualLaunchAllEdges\n","OutputType":"frame"}
{"Time":"2026-09-29T10:21:48.35984+03:00","Action":"run","Package":"frontlinecommand/pkg/sim","Test":"TestTacticalSkybreakerPlanMatchesActualLaunchAllEdges/0"}
{"Time":"2026-09-29T10:21:48.359845+03:00","Action":"output","Package":"frontlinecommand/pkg/sim","Test":"TestTacticalSkybreakerPlanMatchesActualLaunchAllEdges/0","Output":"=== RUN   TestTacticalSkybreakerPlanMatchesActualLaunchAllEdges/0\n","OutputType":"frame"}
{"Time":"2026-09-29T10:21:48.55843+03:00","Action":"output","Package":"frontlinecommand/pkg/sim","Test":"TestTacticalSkybreakerPlanMatchesActualLaunchAllEdges/0","Output":"--- PASS: TestTacticalSkybreakerPlanMatchesActualLaunchAllEdges/0 (0.20s)\n","OutputType":"frame"}
{"Time":"2026-09-29T10:21:48.558472+03:00","Action":"pass","Package":"frontlinecommand/pkg/sim","Test":"TestTacticalSkybreakerPlanMatchesActualLaunchAllEdges/0","Elapsed":0.2}
{"Time":"2026-09-29T10:21:48.558481+03:00","Action":"run","Package":"frontlinecommand/pkg/sim","Test":"TestTacticalSkybreakerPlanMatchesActualLaunchAllEdges/1"}
{"Time":"2026-09-29T10:21:48.558485+03:00","Action":"output","Package":"frontlinecommand/pkg/sim","Test":"TestTacticalSkybreakerPlanMatchesActualLaunchAllEdges/1","Output":"=== RUN   TestTacticalSkybreakerPlanMatchesActualLaunchAllEdges/1\n","OutputType":"frame"}
{"Time":"2026-09-29T10:21:48.739118+03:00","Action":"output","Package":"frontlinecommand/pkg/sim","Test":"TestTacticalSkybreakerPlanMatchesActualLaunchAllEdges/1","Output":"--- PASS: TestTacticalSkybreakerPlanMatchesActualLaunchAllEdges/1 (0.18s)\n","OutputType":"frame"}
{"Time":"2026-09-29T10:21:48.739152+03:00","Action":"pass","Package":"frontlinecommand/pkg/sim","Test":"TestTacticalSkybreakerPlanMatchesActualLaunchAllEdges/1","Elapsed":0.18}
{"Time":"2026-09-29T10:21:48.73916+03:00","Action":"run","Package":"frontlinecommand/pkg/sim","Test":"TestTacticalSkybreakerPlanMatchesActualLaunchAllEdges/2"}
{"Time":"2026-09-29T10:21:48.739164+03:00","Action":"output","Package":"frontlinecommand/pkg/sim","Test":"TestTacticalSkybreakerPlanMatchesActualLaunchAllEdges/2","Output":"=== RUN   TestTacticalSkybreakerPlanMatchesActualLaunchAllEdges/2\n","OutputType":"frame"}
{"Time":"2026-09-29T10:21:48.930284+03:00","Action":"output","Package":"frontlinecommand/pkg/sim","Test":"TestTacticalSkybreakerPlanMatchesActualLaunchAllEdges/2","Output":"--- PASS: TestTacticalSkybreakerPlanMatchesActualLaunchAllEdges/2 (0.19s)\n","OutputType":"frame"}
{"Time":"2026-09-29T10:21:48.930326+03:00","Action":"pass","Package":"frontlinecommand/pkg/sim","Test":"TestTacticalSkybreakerPlanMatchesActualLaunchAllEdges/2","Elapsed":0.19}
{"Time":"2026-09-29T10:21:48.930335+03:00","Action":"run","Package":"frontlinecommand/pkg/sim","Test":"TestTacticalSkybreakerPlanMatchesActualLaunchAllEdges/3"}
{"Time":"2026-09-29T10:21:48.93034+03:00","Action":"output","Package":"frontlinecommand/pkg/sim","Test":"TestTacticalSkybreakerPlanMatchesActualLaunchAllEdges/3","Output":"=== RUN   TestTacticalSkybreakerPlanMatchesActualLaunchAllEdges/3\n","OutputType":"frame"}
{"Time":"2026-09-29T10:21:49.121732+03:00","Action":"output","Package":"frontlinecommand/pkg/sim","Test":"TestTacticalSkybreakerPlanMatchesActualLaunchAllEdges/3","Output":"--- PASS: TestTacticalSkybreakerPlanMatchesActualLaunchAllEdges/3 (0.19s)\n","OutputType":"frame"}
{"Time":"2026-09-29T10:21:49.121778+03:00","Action":"pass","Package":"frontlinecommand/pkg/sim","Test":"TestTacticalSkybreakerPlanMatchesActualLaunchAllEdges/3","Elapsed":0.19}
{"Time":"2026-09-29T10:21:49.121787+03:00","Action":"output","Package":"frontlinecommand/pkg/sim","Test":"TestTacticalSkybreakerPlanMatchesActualLaunchAllEdges","Output":"--- PASS: TestTacticalSkybreakerPlanMatchesActualLaunchAllEdges (0.76s)\n","OutputType":"frame"}
{"Time":"2026-09-29T10:21:49.121792+03:00","Action":"pass","Package":"frontlinecommand/pkg/sim","Test":"TestTacticalSkybreakerPlanMatchesActualLaunchAllEdges","Elapsed":0.76}
{"Time":"2026-09-29T10:21:49.121797+03:00","Action":"run","Package":"frontlinecommand/pkg/sim","Test":"TestTacticalSkybreakerPlanFogAndOwnership"}
{"Time":"2026-09-29T10:21:49.1218+03:00","Action":"output","Package":"frontlinecommand/pkg/sim","Test":"TestTacticalSkybreakerPlanFogAndOwnership","Output":"=== RUN   TestTacticalSkybreakerPlanFogAndOwnership\n","OutputType":"frame"}
{"Time":"2026-09-29T10:21:49.841226+03:00","Action":"output","Package":"frontlinecommand/pkg/sim","Test":"TestTacticalSkybreakerPlanFogAndOwnership","Output":"--- PASS: TestTacticalSkybreakerPlanFogAndOwnership (0.72s)\n","OutputType":"frame"}
{"Time":"2026-09-29T10:21:49.841275+03:00","Action":"pass","Package":"frontlinecommand/pkg/sim","Test":"TestTacticalSkybreakerPlanFogAndOwnership","Elapsed":0.72}
{"Time":"2026-09-29T10:21:49.841284+03:00","Action":"run","Package":"frontlinecommand/pkg/sim","Test":"TestTacticalSkybreakerLongFlightGeometry"}
{"Time":"2026-09-29T10:21:49.841288+03:00","Action":"output","Package":"frontlinecommand/pkg/sim","Test":"TestTacticalSkybreakerLongFlightGeometry","Output":"=== RUN   TestTacticalSkybreakerLongFlightGeometry\n","OutputType":"frame"}
{"Time":"2026-09-29T10:21:49.872715+03:00","Action":"output","Package":"frontlinecommand/pkg/sim","Test":"TestTacticalSkybreakerLongFlightGeometry","Output":"--- PASS: TestTacticalSkybreakerLongFlightGeometry (0.03s)\n","OutputType":"frame"}
{"Time":"2026-09-29T10:21:49.872764+03:00","Action":"pass","Package":"frontlinecommand/pkg/sim","Test":"TestTacticalSkybreakerLongFlightGeometry","Elapsed":0.03}
{"Time":"2026-09-29T10:21:49.872867+03:00","Action":"run","Package":"frontlinecommand/pkg/sim","Test":"TestTacticalProjectileGeometryAndPositionDisclosure"}
{"Time":"2026-09-29T10:21:49.872875+03:00","Action":"output","Package":"frontlinecommand/pkg/sim","Test":"TestTacticalProjectileGeometryAndPositionDisclosure","Output":"=== RUN   TestTacticalProjectileGeometryAndPositionDisclosure\n","OutputType":"frame"}
{"Time":"2026-09-29T10:21:49.92491+03:00","Action":"output","Package":"frontlinecommand/pkg/sim","Test":"TestTacticalProjectileGeometryAndPositionDisclosure","Output":"--- PASS: TestTacticalProjectileGeometryAndPositionDisclosure (0.05s)\n","OutputType":"frame"}
{"Time":"2026-09-29T10:21:49.924971+03:00","Action":"pass","Package":"frontlinecommand/pkg/sim","Test":"TestTacticalProjectileGeometryAndPositionDisclosure","Elapsed":0.05}
{"Time":"2026-09-29T10:21:49.925039+03:00","Action":"run","Package":"frontlinecommand/pkg/sim","Test":"TestTacticalStrategicWarningsUseActualImpactRadius"}
{"Time":"2026-09-29T10:21:49.925044+03:00","Action":"output","Package":"frontlinecommand/pkg/sim","Test":"TestTacticalStrategicWarningsUseActualImpactRadius","Output":"=== RUN   TestTacticalStrategicWarningsUseActualImpactRadius\n","OutputType":"frame"}
{"Time":"2026-09-29T10:21:49.925152+03:00","Action":"run","Package":"frontlinecommand/pkg/sim","Test":"TestTacticalStrategicWarningsUseActualImpactRadius/US"}
{"Time":"2026-09-29T10:21:49.925158+03:00","Action":"output","Package":"frontlinecommand/pkg/sim","Test":"TestTacticalStrategicWarningsUseActualImpactRadius/US","Output":"=== RUN   TestTacticalStrategicWarningsUseActualImpactRadius/US\n","OutputType":"frame"}
{"Time":"2026-09-29T10:21:50.129254+03:00","Action":"output","Package":"frontlinecommand/pkg/sim","Test":"TestTacticalStrategicWarningsUseActualImpactRadius/US","Output":"--- PASS: TestTacticalStrategicWarningsUseActualImpactRadius/US (0.20s)\n","OutputType":"frame"}
{"Time":"2026-09-29T10:21:50.129293+03:00","Action":"pass","Package":"frontlinecommand/pkg/sim","Test":"TestTacticalStrategicWarningsUseActualImpactRadius/US","Elapsed":0.2}
{"Time":"2026-09-29T10:21:50.129302+03:00","Action":"run","Package":"frontlinecommand/pkg/sim","Test":"TestTacticalStrategicWarningsUseActualImpactRadius/IR"}
{"Time":"2026-09-29T10:21:50.129306+03:00","Action":"output","Package":"frontlinecommand/pkg/sim","Test":"TestTacticalStrategicWarningsUseActualImpactRadius/IR","Output":"=== RUN   TestTacticalStrategicWarningsUseActualImpactRadius/IR\n","OutputType":"frame"}
{"Time":"2026-09-29T10:21:50.162706+03:00","Action":"output","Package":"frontlinecommand/pkg/sim","Test":"TestTacticalStrategicWarningsUseActualImpactRadius/IR","Output":"--- PASS: TestTacticalStrategicWarningsUseActualImpactRadius/IR (0.03s)\n","OutputType":"frame"}
{"Time":"2026-09-29T10:21:50.162731+03:00","Action":"pass","Package":"frontlinecommand/pkg/sim","Test":"TestTacticalStrategicWarningsUseActualImpactRadius/IR","Elapsed":0.03}
{"Time":"2026-09-29T10:21:50.162739+03:00","Action":"output","Package":"frontlinecommand/pkg/sim","Test":"TestTacticalStrategicWarningsUseActualImpactRadius","Output":"--- PASS: TestTacticalStrategicWarningsUseActualImpactRadius (0.24s)\n","OutputType":"frame"}
{"Time":"2026-09-29T10:21:50.162743+03:00","Action":"pass","Package":"frontlinecommand/pkg/sim","Test":"TestTacticalStrategicWarningsUseActualImpactRadius","Elapsed":0.24}
{"Time":"2026-09-29T10:21:50.162775+03:00","Action":"run","Package":"frontlinecommand/pkg/sim","Test":"TestTacticalNonblastWarningsKeepAreaUnknown"}
{"Time":"2026-09-29T10:21:50.162781+03:00","Action":"output","Package":"frontlinecommand/pkg/sim","Test":"TestTacticalNonblastWarningsKeepAreaUnknown","Output":"=== RUN   TestTacticalNonblastWarningsKeepAreaUnknown\n","OutputType":"frame"}
{"Time":"2026-09-29T10:21:50.193707+03:00","Action":"output","Package":"frontlinecommand/pkg/sim","Test":"TestTacticalNonblastWarningsKeepAreaUnknown","Output":"--- PASS: TestTacticalNonblastWarningsKeepAreaUnknown (0.03s)\n","OutputType":"frame"}
{"Time":"2026-09-29T10:21:50.19377+03:00","Action":"pass","Package":"frontlinecommand/pkg/sim","Test":"TestTacticalNonblastWarningsKeepAreaUnknown","Elapsed":0.03}
{"Time":"2026-09-29T10:21:50.1938+03:00","Action":"run","Package":"frontlinecommand/pkg/sim","Test":"TestTacticalEmergencyDeadlineIsOwnerOnlyAndRestored"}
{"Time":"2026-09-29T10:21:50.193812+03:00","Action":"output","Package":"frontlinecommand/pkg/sim","Test":"TestTacticalEmergencyDeadlineIsOwnerOnlyAndRestored","Output":"=== RUN   TestTacticalEmergencyDeadlineIsOwnerOnlyAndRestored\n","OutputType":"frame"}
{"Time":"2026-09-29T10:21:50.300899+03:00","Action":"output","Package":"frontlinecommand/pkg/sim","Test":"TestTacticalEmergencyDeadlineIsOwnerOnlyAndRestored","Output":"--- PASS: TestTacticalEmergencyDeadlineIsOwnerOnlyAndRestored (0.11s)\n","OutputType":"frame"}
{"Time":"2026-09-29T10:21:50.300978+03:00","Action":"pass","Package":"frontlinecommand/pkg/sim","Test":"TestTacticalEmergencyDeadlineIsOwnerOnlyAndRestored","Elapsed":0.11}
{"Time":"2026-09-29T10:21:50.301042+03:00","Action":"run","Package":"frontlinecommand/pkg/sim","Test":"TestTacticalVisibleEffectsAreSanitizedAndPerspectiveBounded"}
{"Time":"2026-09-29T10:21:50.301048+03:00","Action":"output","Package":"frontlinecommand/pkg/sim","Test":"TestTacticalVisibleEffectsAreSanitizedAndPerspectiveBounded","Output":"=== RUN   TestTacticalVisibleEffectsAreSanitizedAndPerspectiveBounded\n","OutputType":"frame"}
{"Time":"2026-09-29T10:21:50.349349+03:00","Action":"output","Package":"frontlinecommand/pkg/sim","Test":"TestTacticalVisibleEffectsAreSanitizedAndPerspectiveBounded","Output":"--- PASS: TestTacticalVisibleEffectsAreSanitizedAndPerspectiveBounded (0.05s)\n","OutputType":"frame"}
{"Time":"2026-09-29T10:21:50.349596+03:00","Action":"pass","Package":"frontlinecommand/pkg/sim","Test":"TestTacticalVisibleEffectsAreSanitizedAndPerspectiveBounded","Elapsed":0.05}
{"Time":"2026-09-29T10:21:50.349727+03:00","Action":"run","Package":"frontlinecommand/pkg/sim","Test":"TestTacticalVisibleEffectDeadlinesFollowState"}
{"Time":"2026-09-29T10:21:50.349732+03:00","Action":"output","Package":"frontlinecommand/pkg/sim","Test":"TestTacticalVisibleEffectDeadlinesFollowState","Output":"=== RUN   TestTacticalVisibleEffectDeadlinesFollowState\n","OutputType":"frame"}
{"Time":"2026-09-29T10:21:50.464279+03:00","Action":"output","Package":"frontlinecommand/pkg/sim","Test":"TestTacticalVisibleEffectDeadlinesFollowState","Output":"--- PASS: TestTacticalVisibleEffectDeadlinesFollowState (0.11s)\n","OutputType":"frame"}
{"Time":"2026-09-29T10:21:50.464321+03:00","Action":"pass","Package":"frontlinecommand/pkg/sim","Test":"TestTacticalVisibleEffectDeadlinesFollowState","Elapsed":0.11}
{"Time":"2026-09-29T10:21:50.464998+03:00","Action":"output","Package":"frontlinecommand/pkg/sim","Output":"PASS\n","OutputType":"frame"}
{"Time":"2026-09-29T10:21:51.472484+03:00","Action":"output","Package":"frontlinecommand/pkg/sim","Output":"ok  \tfrontlinecommand/pkg/sim\t150.233s\n"}
{"Time":"2026-09-29T10:21:51.472528+03:00","Action":"pass","Package":"frontlinecommand/pkg/sim","Elapsed":150.233}
