00:01.001  render           | Saved: '/Users/mohammedkalouti/Documents/Codex/2026-09-27/i/work/art/aircraft-final-production-v3/stage/assets/build/frames/unit.IR.isr/beauty/fly/d00_f00.png'
00:01.514  render           | Saved: '/Users/mohammedkalouti/Documents/Codex/2026-09-27/i/work/art/aircraft-final-production-v3/stage/assets/build/frames/unit.IR.isr/team/fly/d00_f00.png'
00:01.799  render           | Saved: '/var/folders/n4/43n_jxh10gg3s770b_8jbzb80000gn/T/fc-team-coverage-l3_b_f5o.png'
00:02.790  render           | Saved: '/Users/mohammedkalouti/Documents/Codex/2026-09-27/i/work/art/aircraft-final-production-v3/stage/assets/build/frames/unit.IR.isr/shadow/fly/d00_f00.png'
00:03.378  render           | Saved: '/Users/mohammedkalouti/Documents/Codex/2026-09-27/i/work/art/aircraft-final-production-v3/stage/assets/build/frames/unit.IR.isr/beauty/fly/d00_f01.png'
00:03.877  render           | Saved: '/Users/mohammedkalouti/Documents/Codex/2026-09-27/i/work/art/aircraft-final-production-v3/stage/assets/build/frames/unit.IR.isr/team/fly/d00_f01.png'
00:04.135  render           | Saved: '/var/folders/n4/43n_jxh10gg3s770b_8jbzb80000gn/T/fc-team-coverage-4z68a4i9.png'
00:05.236  render           | Saved: '/Users/mohammedkalouti/Documents/Codex/2026-09-27/i/work/art/aircraft-final-production-v3/stage/assets/build/frames/unit.IR.isr/shadow/fly/d00_f01.png'
00:05.829  render           | Saved: '/Users/mohammedkalouti/Documents/Codex/2026-09-27/i/work/art/aircraft-final-production-v3/stage/assets/build/frames/unit.IR.isr/beauty/fly/d00_f02.png'
00:06.305  render           | Saved: '/Users/mohammedkalouti/Documents/Codex/2026-09-27/i/work/art/aircraft-final-production-v3/stage/assets/build/frames/unit.IR.isr/team/fly/d00_f02.png'
00:06.551  render           | Saved: '/var/folders/n4/43n_jxh10gg3s770b_8jbzb80000gn/T/fc-team-coverage-9y7otwgu.png'
00:07.559  render           | Saved: '/Users/mohammedkalouti/Documents/Codex/2026-09-27/i/work/art/aircraft-final-production-v3/stage/assets/build/frames/unit.IR.isr/shadow/fly/d00_f02.png'
00:08.092  render           | Saved: '/Users/mohammedkalouti/Documents/Codex/2026-09-27/i/work/art/aircraft-final-production-v3/stage/assets/build/frames/unit.IR.isr/beauty/fly/d01_f00.png'
00:08.569  render           | Saved: '/Users/mohammedkalouti/Documents/Codex/2026-09-27/i/work/art/aircraft-final-production-v3/stage/assets/build/frames/unit.IR.isr/team/fly/d01_f00.png'
00:08.822  render           | Saved: '/var/folders/n4/43n_jxh10gg3s770b_8jbzb80000gn/T/fc-team-coverage-25_ugldm.png'
00:09.765  render           | Saved: '/Users/mohammedkalouti/Documents/Codex/2026-09-27/i/work/art/aircraft-final-production-v3/stage/assets/build/frames/unit.IR.isr/shadow/fly/d01_f00.png'
00:10.306  render           | Saved: '/Users/mohammedkalouti/Documents/Codex/2026-09-27/i/work/art/aircraft-final-production-v3/stage/assets/build/frames/unit.IR.isr/beauty/fly/d01_f01.png'
00:10.782  render           | Saved: '/Users/mohammedkalouti/Documents/Codex/2026-09-27/i/work/art/aircraft-final-production-v3/stage/assets/build/frames/unit.IR.isr/team/fly/d01_f01.png'
00:11.021  render           | Saved: '/var/folders/n4/43n_jxh10gg3s770b_8jbzb80000gn/T/fc-team-coverage-r92v32j8.png'
00:11.978  render           | Saved: '/Users/mohammedkalouti/Documents/Codex/2026-09-27/i/work/art/aircraft-final-production-v3/stage/assets/build/frames/unit.IR.isr/shadow/fly/d01_f01.png'
00:12.525  render           | Saved: '/Users/mohammedkalouti/Documents/Codex/2026-09-27/i/work/art/aircraft-final-production-v3/stage/assets/build/frames/unit.IR.isr/beauty/fly/d01_f02.png'
00:12.995  render           | Saved: '/Users/mohammedkalouti/Documents/Codex/2026-09-27/i/work/art/aircraft-final-production-v3/stage/assets/build/frames/unit.IR.isr/team/fly/d01_f02.png'
00:13.244  render           | Saved: '/var/folders/n4/43n_jxh10gg3s770b_8jbzb80000gn/T/fc-team-coverage-52p0qifh.png'
00:14.176  render           | Saved: '/Users/mohammedkalouti/Documents/Codex/2026-09-27/i/work/art/aircraft-final-production-v3/stage/assets/build/frames/unit.IR.isr/shadow/fly/d01_f02.png'
00:14.709  render           | Saved: '/Users/mohammedkalouti/Documents/Codex/2026-09-27/i/work/art/aircraft-final-production-v3/stage/assets/build/frames/unit.IR.isr/beauty/fly/d02_f00.png'
00:15.178  render           | Saved: '/Users/mohammedkalouti/Documents/Codex/2026-09-27/i/work/art/aircraft-final-production-v3/stage/assets/build/frames/unit.IR.isr/team/fly/d02_f00.png'
00:15.437  render           | Saved: '/var/folders/n4/43n_jxh10gg3s770b_8jbzb80000gn/T/fc-team-coverage-x8kj3lyr.png'
00:16.372  render           | Saved: '/Users/mohammedkalouti/Documents/Codex/2026-09-27/i/work/art/aircraft-final-production-v3/stage/assets/build/frames/unit.IR.isr/shadow/fly/d02_f00.png'
00:16.939  render           | Saved: '/Users/mohammedkalouti/Documents/Codex/2026-09-27/i/work/art/aircraft-final-production-v3/stage/assets/build/frames/unit.IR.isr/beauty/fly/d02_f01.png'
00:17.400  render           | Saved: '/Users/mohammedkalouti/Documents/Codex/2026-09-27/i/work/art/aircraft-final-production-v3/stage/assets/build/frames/unit.IR.isr/team/fly/d02_f01.png'
00:17.637  render           | Saved: '/var/folders/n4/43n_jxh10gg3s770b_8jbzb80000gn/T/fc-team-coverage-wkvogtg0.png'
00:18.599  render           | Saved: '/Users/mohammedkalouti/Documents/Codex/2026-09-27/i/work/art/aircraft-final-production-v3/stage/assets/build/frames/unit.IR.isr/shadow/fly/d02_f01.png'
00:19.139  render           | Saved: '/Users/mohammedkalouti/Documents/Codex/2026-09-27/i/work/art/aircraft-final-production-v3/stage/assets/build/frames/unit.IR.isr/beauty/fly/d02_f02.png'
00:19.599  render           | Saved: '/Users/mohammedkalouti/Documents/Codex/2026-09-27/i/work/art/aircraft-final-production-v3/stage/assets/build/frames/unit.IR.isr/team/fly/d02_f02.png'
00:19.837  render           | Saved: '/var/folders/n4/43n_jxh10gg3s770b_8jbzb80000gn/T/fc-team-coverage-k_q5b0w8.png'
00:20.781  render           | Saved: '/Users/mohammedkalouti/Documents/Codex/2026-09-27/i/work/art/aircraft-final-production-v3/stage/assets/build/frames/unit.IR.isr/shadow/fly/d02_f02.png'
00:21.364  render           | Saved: '/Users/mohammedkalouti/Documents/Codex/2026-09-27/i/work/art/aircraft-final-production-v3/stage/assets/build/frames/unit.IR.isr/beauty/fly/d03_f00.png'
00:21.825  render           | Saved: '/Users/mohammedkalouti/Documents/Codex/2026-09-27/i/work/art/aircraft-final-production-v3/stage/assets/build/frames/unit.IR.isr/team/fly/d03_f00.png'
00:22.072  render           | Saved: '/var/folders/n4/43n_jxh10gg3s770b_8jbzb80000gn/T/fc-team-coverage-2sk17h12.png'
00:23.023  render           | Saved: '/Users/mohammedkalouti/Documents/Codex/2026-09-27/i/work/art/aircraft-final-production-v3/stage/assets/build/frames/unit.IR.isr/shadow/fly/d03_f00.png'
00:23.558  render           | Saved: '/Users/mohammedkalouti/Documents/Codex/2026-09-27/i/work/art/aircraft-final-production-v3/stage/assets/build/frames/unit.IR.isr/beauty/fly/d03_f01.png'
00:24.029  render           | Saved: '/Users/mohammedkalouti/Documents/Codex/2026-09-27/i/work/art/aircraft-final-production-v3/stage/assets/build/frames/unit.IR.isr/team/fly/d03_f01.png'
00:24.269  render           | Saved: '/var/folders/n4/43n_jxh10gg3s770b_8jbzb80000gn/T/fc-team-coverage-8xift_p6.png'
00:25.220  render           | Saved: '/Users/mohammedkalouti/Documents/Codex/2026-09-27/i/work/art/aircraft-final-production-v3/stage/assets/build/frames/unit.IR.isr/shadow/fly/d03_f01.png'
00:25.754  render           | Saved: '/Users/mohammedkalouti/Documents/Codex/2026-09-27/i/work/art/aircraft-final-production-v3/stage/assets/build/frames/unit.IR.isr/beauty/fly/d03_f02.png'
00:26.228  render           | Saved: '/Users/mohammedkalouti/Documents/Codex/2026-09-27/i/work/art/aircraft-final-production-v3/stage/assets/build/frames/unit.IR.isr/team/fly/d03_f02.png'
00:26.494  render           | Saved: '/var/folders/n4/43n_jxh10gg3s770b_8jbzb80000gn/T/fc-team-coverage-53j24nkt.png'
00:27.494  render           | Saved: '/Users/mohammedkalouti/Documents/Codex/2026-09-27/i/work/art/aircraft-final-production-v3/stage/assets/build/frames/unit.IR.isr/shadow/fly/d03_f02.png'
00:28.031  render           | Saved: '/Users/mohammedkalouti/Documents/Codex/2026-09-27/i/work/art/aircraft-final-production-v3/stage/assets/build/frames/unit.IR.isr/beauty/fly/d04_f00.png'
00:28.495  render           | Saved: '/Users/mohammedkalouti/Documents/Codex/2026-09-27/i/work/art/aircraft-final-production-v3/stage/assets/build/frames/unit.IR.isr/team/fly/d04_f00.png'
00:28.731  render           | Saved: '/var/folders/n4/43n_jxh10gg3s770b_8jbzb80000gn/T/fc-team-coverage-avyxqemn.png'
00:29.664  render           | Saved: '/Users/mohammedkalouti/Documents/Codex/2026-09-27/i/work/art/aircraft-final-production-v3/stage/assets/build/frames/unit.IR.isr/shadow/fly/d04_f00.png'
00:30.229  render           | Saved: '/Users/mohammedkalouti/Documents/Codex/2026-09-27/i/work/art/aircraft-final-production-v3/stage/assets/build/frames/unit.IR.isr/beauty/fly/d04_f01.png'
00:30.697  render           | Saved: '/Users/mohammedkalouti/Documents/Codex/2026-09-27/i/work/art/aircraft-final-production-v3/stage/assets/build/frames/unit.IR.isr/team/fly/d04_f01.png'
00:30.931  render           | Saved: '/var/folders/n4/43n_jxh10gg3s770b_8jbzb80000gn/T/fc-team-coverage-xnvbni_5.png'
00:31.895  render           | Saved: '/Users/mohammedkalouti/Documents/Codex/2026-09-27/i/work/art/aircraft-final-production-v3/stage/assets/build/frames/unit.IR.isr/shadow/fly/d04_f01.png'
00:32.433  render           | Saved: '/Users/mohammedkalouti/Documents/Codex/2026-09-27/i/work/art/aircraft-final-production-v3/stage/assets/build/frames/unit.IR.isr/beauty/fly/d04_f02.png'
00:32.921  render           | Saved: '/Users/mohammedkalouti/Documents/Codex/2026-09-27/i/work/art/aircraft-final-production-v3/stage/assets/build/frames/unit.IR.isr/team/fly/d04_f02.png'
00:33.167  render           | Saved: '/var/folders/n4/43n_jxh10gg3s770b_8jbzb80000gn/T/fc-team-coverage-zpyjsu8z.png'
00:34.115  render           | Saved: '/Users/mohammedkalouti/Documents/Codex/2026-09-27/i/work/art/aircraft-final-production-v3/stage/assets/build/frames/unit.IR.isr/shadow/fly/d04_f02.png'
00:34.658  render           | Saved: '/Users/mohammedkalouti/Documents/Codex/2026-09-27/i/work/art/aircraft-final-production-v3/stage/assets/build/frames/unit.IR.isr/beauty/fly/d05_f00.png'
00:35.141  render           | Saved: '/Users/mohammedkalouti/Documents/Codex/2026-09-27/i/work/art/aircraft-final-production-v3/stage/assets/build/frames/unit.IR.isr/team/fly/d05_f00.png'
00:35.388  render           | Saved: '/var/folders/n4/43n_jxh10gg3s770b_8jbzb80000gn/T/fc-team-coverage-531az5xs.png'
00:36.327  render           | Saved: '/Users/mohammedkalouti/Documents/Codex/2026-09-27/i/work/art/aircraft-final-production-v3/stage/assets/build/frames/unit.IR.isr/shadow/fly/d05_f00.png'
00:36.867  render           | Saved: '/Users/mohammedkalouti/Documents/Codex/2026-09-27/i/work/art/aircraft-final-production-v3/stage/assets/build/frames/unit.IR.isr/beauty/fly/d05_f01.png'
00:37.351  render           | Saved: '/Users/mohammedkalouti/Documents/Codex/2026-09-27/i/work/art/aircraft-final-production-v3/stage/assets/build/frames/unit.IR.isr/team/fly/d05_f01.png'
00:37.598  render           | Saved: '/var/folders/n4/43n_jxh10gg3s770b_8jbzb80000gn/T/fc-team-coverage-bqomyk_b.png'
00:38.546  render           | Saved: '/Users/mohammedkalouti/Documents/Codex/2026-09-27/i/work/art/aircraft-final-production-v3/stage/assets/build/frames/unit.IR.isr/shadow/fly/d05_f01.png'
00:39.086  render           | Saved: '/Users/mohammedkalouti/Documents/Codex/2026-09-27/i/work/art/aircraft-final-production-v3/stage/assets/build/frames/unit.IR.isr/beauty/fly/d05_f02.png'
00:39.550  render           | Saved: '/Users/mohammedkalouti/Documents/Codex/2026-09-27/i/work/art/aircraft-final-production-v3/stage/assets/build/frames/unit.IR.isr/team/fly/d05_f02.png'
00:39.807  render           | Saved: '/var/folders/n4/43n_jxh10gg3s770b_8jbzb80000gn/T/fc-team-coverage-60q7_6cq.png'
00:40.737  render           | Saved: '/Users/mohammedkalouti/Documents/Codex/2026-09-27/i/work/art/aircraft-final-production-v3/stage/assets/build/frames/unit.IR.isr/shadow/fly/d05_f02.png'
00:41.280  render           | Saved: '/Users/mohammedkalouti/Documents/Codex/2026-09-27/i/work/art/aircraft-final-production-v3/stage/assets/build/frames/unit.IR.isr/beauty/fly/d06_f00.png'
00:41.758  render           | Saved: '/Users/mohammedkalouti/Documents/Codex/2026-09-27/i/work/art/aircraft-final-production-v3/stage/assets/build/frames/unit.IR.isr/team/fly/d06_f00.png'
00:41.995  render           | Saved: '/var/folders/n4/43n_jxh10gg3s770b_8jbzb80000gn/T/fc-team-coverage-7tqkukz9.png'
00:42.939  render           | Saved: '/Users/mohammedkalouti/Documents/Codex/2026-09-27/i/work/art/aircraft-final-production-v3/stage/assets/build/frames/unit.IR.isr/shadow/fly/d06_f00.png'
00:43.482  render           | Saved: '/Users/mohammedkalouti/Documents/Codex/2026-09-27/i/work/art/aircraft-final-production-v3/stage/assets/build/frames/unit.IR.isr/beauty/fly/d06_f01.png'
00:43.969  render           | Saved: '/Users/mohammedkalouti/Documents/Codex/2026-09-27/i/work/art/aircraft-final-production-v3/stage/assets/build/frames/unit.IR.isr/team/fly/d06_f01.png'
00:44.217  render           | Saved: '/var/folders/n4/43n_jxh10gg3s770b_8jbzb80000gn/T/fc-team-coverage-7t4_zgt2.png'
00:45.166  render           | Saved: '/Users/mohammedkalouti/Documents/Codex/2026-09-27/i/work/art/aircraft-final-production-v3/stage/assets/build/frames/unit.IR.isr/shadow/fly/d06_f01.png'
00:45.703  render           | Saved: '/Users/mohammedkalouti/Documents/Codex/2026-09-27/i/work/art/aircraft-final-production-v3/stage/assets/build/frames/unit.IR.isr/beauty/fly/d06_f02.png'
00:46.203  render           | Saved: '/Users/mohammedkalouti/Documents/Codex/2026-09-27/i/work/art/aircraft-final-production-v3/stage/assets/build/frames/unit.IR.isr/team/fly/d06_f02.png'
00:46.448  render           | Saved: '/var/folders/n4/43n_jxh10gg3s770b_8jbzb80000gn/T/fc-team-coverage-dinnag0v.png'
00:47.401  render           | Saved: '/Users/mohammedkalouti/Documents/Codex/2026-09-27/i/work/art/aircraft-final-production-v3/stage/assets/build/frames/unit.IR.isr/shadow/fly/d06_f02.png'
00:47.943  render           | Saved: '/Users/mohammedkalouti/Documents/Codex/2026-09-27/i/work/art/aircraft-final-production-v3/stage/assets/build/frames/unit.IR.isr/beauty/fly/d07_f00.png'
00:48.407  render           | Saved: '/Users/mohammedkalouti/Documents/Codex/2026-09-27/i/work/art/aircraft-final-production-v3/stage/assets/build/frames/unit.IR.isr/team/fly/d07_f00.png'
00:48.651  render           | Saved: '/var/folders/n4/43n_jxh10gg3s770b_8jbzb80000gn/T/fc-team-coverage-tfhsolja.png'
00:49.592  render           | Saved: '/Users/mohammedkalouti/Documents/Codex/2026-09-27/i/work/art/aircraft-final-production-v3/stage/assets/build/frames/unit.IR.isr/shadow/fly/d07_f00.png'
00:50.147  render           | Saved: '/Users/mohammedkalouti/Documents/Codex/2026-09-27/i/work/art/aircraft-final-production-v3/stage/assets/build/frames/unit.IR.isr/beauty/fly/d07_f01.png'
00:50.614  render           | Saved: '/Users/mohammedkalouti/Documents/Codex/2026-09-27/i/work/art/aircraft-final-production-v3/stage/assets/build/frames/unit.IR.isr/team/fly/d07_f01.png'
00:50.870  render           | Saved: '/var/folders/n4/43n_jxh10gg3s770b_8jbzb80000gn/T/fc-team-coverage-4e9j24fl.png'
00:51.806  render           | Saved: '/Users/mohammedkalouti/Documents/Codex/2026-09-27/i/work/art/aircraft-final-production-v3/stage/assets/build/frames/unit.IR.isr/shadow/fly/d07_f01.png'
00:52.344  render           | Saved: '/Users/mohammedkalouti/Documents/Codex/2026-09-27/i/work/art/aircraft-final-production-v3/stage/assets/build/frames/unit.IR.isr/beauty/fly/d07_f02.png'
00:52.813  render           | Saved: '/Users/mohammedkalouti/Documents/Codex/2026-09-27/i/work/art/aircraft-final-production-v3/stage/assets/build/frames/unit.IR.isr/team/fly/d07_f02.png'
00:53.055  render           | Saved: '/var/folders/n4/43n_jxh10gg3s770b_8jbzb80000gn/T/fc-team-coverage-wu33_jma.png'
00:54.025  render           | Saved: '/Users/mohammedkalouti/Documents/Codex/2026-09-27/i/work/art/aircraft-final-production-v3/stage/assets/build/frames/unit.IR.isr/shadow/fly/d07_f02.png'
00:54.582  render           | Saved: '/Users/mohammedkalouti/Documents/Codex/2026-09-27/i/work/art/aircraft-final-production-v3/stage/assets/build/frames/unit.IR.isr/beauty/fly/d08_f00.png'
00:55.074  render           | Saved: '/Users/mohammedkalouti/Documents/Codex/2026-09-27/i/work/art/aircraft-final-production-v3/stage/assets/build/frames/unit.IR.isr/team/fly/d08_f00.png'
00:55.310  render           | Saved: '/var/folders/n4/43n_jxh10gg3s770b_8jbzb80000gn/T/fc-team-coverage-s4983a91.png'
00:56.242  render           | Saved: '/Users/mohammedkalouti/Documents/Codex/2026-09-27/i/work/art/aircraft-final-production-v3/stage/assets/build/frames/unit.IR.isr/shadow/fly/d08_f00.png'
00:56.780  render           | Saved: '/Users/mohammedkalouti/Documents/Codex/2026-09-27/i/work/art/aircraft-final-production-v3/stage/assets/build/frames/unit.IR.isr/beauty/fly/d08_f01.png'
00:57.245  render           | Saved: '/Users/mohammedkalouti/Documents/Codex/2026-09-27/i/work/art/aircraft-final-production-v3/stage/assets/build/frames/unit.IR.isr/team/fly/d08_f01.png'
00:57.490  render           | Saved: '/var/folders/n4/43n_jxh10gg3s770b_8jbzb80000gn/T/fc-team-coverage-mndijrb7.png'
00:58.418  render           | Saved: '/Users/mohammedkalouti/Documents/Codex/2026-09-27/i/work/art/aircraft-final-production-v3/stage/assets/build/frames/unit.IR.isr/shadow/fly/d08_f01.png'
00:58.962  render           | Saved: '/Users/mohammedkalouti/Documents/Codex/2026-09-27/i/work/art/aircraft-final-production-v3/stage/assets/build/frames/unit.IR.isr/beauty/fly/d08_f02.png'
00:59.437  render           | Saved: '/Users/mohammedkalouti/Documents/Codex/2026-09-27/i/work/art/aircraft-final-production-v3/stage/assets/build/frames/unit.IR.isr/team/fly/d08_f02.png'
00:59.689  render           | Saved: '/var/folders/n4/43n_jxh10gg3s770b_8jbzb80000gn/T/fc-team-coverage-bsd8112v.png'
01:00.615  render           | Saved: '/Users/mohammedkalouti/Documents/Codex/2026-09-27/i/work/art/aircraft-final-production-v3/stage/assets/build/frames/unit.IR.isr/shadow/fly/d08_f02.png'
01:01.152  render           | Saved: '/Users/mohammedkalouti/Documents/Codex/2026-09-27/i/work/art/aircraft-final-production-v3/stage/assets/build/frames/unit.IR.isr/beauty/fly/d09_f00.png'
01:01.631  render           | Saved: '/Users/mohammedkalouti/Documents/Codex/2026-09-27/i/work/art/aircraft-final-production-v3/stage/assets/build/frames/unit.IR.isr/team/fly/d09_f00.png'
01:01.870  render           | Saved: '/var/folders/n4/43n_jxh10gg3s770b_8jbzb80000gn/T/fc-team-coverage-xrr3_vrb.png'
01:02.803  render           | Saved: '/Users/mohammedkalouti/Documents/Codex/2026-09-27/i/work/art/aircraft-final-production-v3/stage/assets/build/frames/unit.IR.isr/shadow/fly/d09_f00.png'
01:03.345  render           | Saved: '/Users/mohammedkalouti/Documents/Codex/2026-09-27/i/work/art/aircraft-final-production-v3/stage/assets/build/frames/unit.IR.isr/beauty/fly/d09_f01.png'
01:03.811  render           | Saved: '/Users/mohammedkalouti/Documents/Codex/2026-09-27/i/work/art/aircraft-final-production-v3/stage/assets/build/frames/unit.IR.isr/team/fly/d09_f01.png'
01:04.068  render           | Saved: '/var/folders/n4/43n_jxh10gg3s770b_8jbzb80000gn/T/fc-team-coverage-s82auac_.png'
01:05.002  render           | Saved: '/Users/mohammedkalouti/Documents/Codex/2026-09-27/i/work/art/aircraft-final-production-v3/stage/assets/build/frames/unit.IR.isr/shadow/fly/d09_f01.png'
01:05.542  render           | Saved: '/Users/mohammedkalouti/Documents/Codex/2026-09-27/i/work/art/aircraft-final-production-v3/stage/assets/build/frames/unit.IR.isr/beauty/fly/d09_f02.png'
01:06.017  render           | Saved: '/Users/mohammedkalouti/Documents/Codex/2026-09-27/i/work/art/aircraft-final-production-v3/stage/assets/build/frames/unit.IR.isr/team/fly/d09_f02.png'
01:06.284  render           | Saved: '/var/folders/n4/43n_jxh10gg3s770b_8jbzb80000gn/T/fc-team-coverage-bnzu666k.png'
01:07.220  render           | Saved: '/Users/mohammedkalouti/Documents/Codex/2026-09-27/i/work/art/aircraft-final-production-v3/stage/assets/build/frames/unit.IR.isr/shadow/fly/d09_f02.png'
01:07.751  render           | Saved: '/Users/mohammedkalouti/Documents/Codex/2026-09-27/i/work/art/aircraft-final-production-v3/stage/assets/build/frames/unit.IR.isr/beauty/fly/d10_f00.png'
01:08.213  render           | Saved: '/Users/mohammedkalouti/Documents/Codex/2026-09-27/i/work/art/aircraft-final-production-v3/stage/assets/build/frames/unit.IR.isr/team/fly/d10_f00.png'
01:08.469  render           | Saved: '/var/folders/n4/43n_jxh10gg3s770b_8jbzb80000gn/T/fc-team-coverage-9z83low2.png'
01:09.445  render           | Saved: '/Users/mohammedkalouti/Documents/Codex/2026-09-27/i/work/art/aircraft-final-production-v3/stage/assets/build/frames/unit.IR.isr/shadow/fly/d10_f00.png'
01:09.997  render           | Saved: '/Users/mohammedkalouti/Documents/Codex/2026-09-27/i/work/art/aircraft-final-production-v3/stage/assets/build/frames/unit.IR.isr/beauty/fly/d10_f01.png'
01:10.470  render           | Saved: '/Users/mohammedkalouti/Documents/Codex/2026-09-27/i/work/art/aircraft-final-production-v3/stage/assets/build/frames/unit.IR.isr/team/fly/d10_f01.png'
AGX: exceeded compiled variants footprint limit
01:10.715  render           | Saved: '/var/folders/n4/43n_jxh10gg3s770b_8jbzb80000gn/T/fc-team-coverage-qf5rd8c7.png'
01:11.649  render           | Saved: '/Users/mohammedkalouti/Documents/Codex/2026-09-27/i/work/art/aircraft-final-production-v3/stage/assets/build/frames/unit.IR.isr/shadow/fly/d10_f01.png'
01:12.186  render           | Saved: '/Users/mohammedkalouti/Documents/Codex/2026-09-27/i/work/art/aircraft-final-production-v3/stage/assets/build/frames/unit.IR.isr/beauty/fly/d10_f02.png'
01:12.665  render           | Saved: '/Users/mohammedkalouti/Documents/Codex/2026-09-27/i/work/art/aircraft-final-production-v3/stage/assets/build/frames/unit.IR.isr/team/fly/d10_f02.png'
01:12.904  render           | Saved: '/var/folders/n4/43n_jxh10gg3s770b_8jbzb80000gn/T/fc-team-coverage-lxfqsgdf.png'
01:13.847  render           | Saved: '/Users/mohammedkalouti/Documents/Codex/2026-09-27/i/work/art/aircraft-final-production-v3/stage/assets/build/frames/unit.IR.isr/shadow/fly/d10_f02.png'
01:14.383  render           | Saved: '/Users/mohammedkalouti/Documents/Codex/2026-09-27/i/work/art/aircraft-final-production-v3/stage/assets/build/frames/unit.IR.isr/beauty/fly/d11_f00.png'
01:14.868  render           | Saved: '/Users/mohammedkalouti/Documents/Codex/2026-09-27/i/work/art/aircraft-final-production-v3/stage/assets/build/frames/unit.IR.isr/team/fly/d11_f00.png'
01:15.117  render           | Saved: '/var/folders/n4/43n_jxh10gg3s770b_8jbzb80000gn/T/fc-team-coverage-ypm42ncx.png'
01:16.069  render           | Saved: '/Users/mohammedkalouti/Documents/Codex/2026-09-27/i/work/art/aircraft-final-production-v3/stage/assets/build/frames/unit.IR.isr/shadow/fly/d11_f00.png'
01:16.608  render           | Saved: '/Users/mohammedkalouti/Documents/Codex/2026-09-27/i/work/art/aircraft-final-production-v3/stage/assets/build/frames/unit.IR.isr/beauty/fly/d11_f01.png'
01:17.092  render           | Saved: '/Users/mohammedkalouti/Documents/Codex/2026-09-27/i/work/art/aircraft-final-production-v3/stage/assets/build/frames/unit.IR.isr/team/fly/d11_f01.png'
01:17.331  render           | Saved: '/var/folders/n4/43n_jxh10gg3s770b_8jbzb80000gn/T/fc-team-coverage-xune2t3n.png'
01:18.283  render           | Saved: '/Users/mohammedkalouti/Documents/Codex/2026-09-27/i/work/art/aircraft-final-production-v3/stage/assets/build/frames/unit.IR.isr/shadow/fly/d11_f01.png'
01:18.827  render           | Saved: '/Users/mohammedkalouti/Documents/Codex/2026-09-27/i/work/art/aircraft-final-production-v3/stage/assets/build/frames/unit.IR.isr/beauty/fly/d11_f02.png'
01:19.297  render           | Saved: '/Users/mohammedkalouti/Documents/Codex/2026-09-27/i/work/art/aircraft-final-production-v3/stage/assets/build/frames/unit.IR.isr/team/fly/d11_f02.png'
01:19.554  render           | Saved: '/var/folders/n4/43n_jxh10gg3s770b_8jbzb80000gn/T/fc-team-coverage-0wvge712.png'
01:20.518  render           | Saved: '/Users/mohammedkalouti/Documents/Codex/2026-09-27/i/work/art/aircraft-final-production-v3/stage/assets/build/frames/unit.IR.isr/shadow/fly/d11_f02.png'
01:21.057  render           | Saved: '/Users/mohammedkalouti/Documents/Codex/2026-09-27/i/work/art/aircraft-final-production-v3/stage/assets/build/frames/unit.IR.isr/beauty/fly/d12_f00.png'
01:21.530  render           | Saved: '/Users/mohammedkalouti/Documents/Codex/2026-09-27/i/work/art/aircraft-final-production-v3/stage/assets/build/frames/unit.IR.isr/team/fly/d12_f00.png'
01:21.774  render           | Saved: '/var/folders/n4/43n_jxh10gg3s770b_8jbzb80000gn/T/fc-team-coverage-c_2kbdae.png'
01:22.713  render           | Saved: '/Users/mohammedkalouti/Documents/Codex/2026-09-27/i/work/art/aircraft-final-production-v3/stage/assets/build/frames/unit.IR.isr/shadow/fly/d12_f00.png'
01:23.257  render           | Saved: '/Users/mohammedkalouti/Documents/Codex/2026-09-27/i/work/art/aircraft-final-production-v3/stage/assets/build/frames/unit.IR.isr/beauty/fly/d12_f01.png'
01:23.728  render           | Saved: '/Users/mohammedkalouti/Documents/Codex/2026-09-27/i/work/art/aircraft-final-production-v3/stage/assets/build/frames/unit.IR.isr/team/fly/d12_f01.png'
01:23.968  render           | Saved: '/var/folders/n4/43n_jxh10gg3s770b_8jbzb80000gn/T/fc-team-coverage-i70jp40o.png'
01:24.914  render           | Saved: '/Users/mohammedkalouti/Documents/Codex/2026-09-27/i/work/art/aircraft-final-production-v3/stage/assets/build/frames/unit.IR.isr/shadow/fly/d12_f01.png'
01:25.445  render           | Saved: '/Users/mohammedkalouti/Documents/Codex/2026-09-27/i/work/art/aircraft-final-production-v3/stage/assets/build/frames/unit.IR.isr/beauty/fly/d12_f02.png'
01:25.927  render           | Saved: '/Users/mohammedkalouti/Documents/Codex/2026-09-27/i/work/art/aircraft-final-production-v3/stage/assets/build/frames/unit.IR.isr/team/fly/d12_f02.png'
01:26.176  render           | Saved: '/var/folders/n4/43n_jxh10gg3s770b_8jbzb80000gn/T/fc-team-coverage-2w_e1wya.png'
01:27.134  render           | Saved: '/Users/mohammedkalouti/Documents/Codex/2026-09-27/i/work/art/aircraft-final-production-v3/stage/assets/build/frames/unit.IR.isr/shadow/fly/d12_f02.png'
01:27.670  render           | Saved: '/Users/mohammedkalouti/Documents/Codex/2026-09-27/i/work/art/aircraft-final-production-v3/stage/assets/build/frames/unit.IR.isr/beauty/fly/d13_f00.png'
01:28.148  render           | Saved: '/Users/mohammedkalouti/Documents/Codex/2026-09-27/i/work/art/aircraft-final-production-v3/stage/assets/build/frames/unit.IR.isr/team/fly/d13_f00.png'
01:28.406  render           | Saved: '/var/folders/n4/43n_jxh10gg3s770b_8jbzb80000gn/T/fc-team-coverage-dpyprqmj.png'
01:29.352  render           | Saved: '/Users/mohammedkalouti/Documents/Codex/2026-09-27/i/work/art/aircraft-final-production-v3/stage/assets/build/frames/unit.IR.isr/shadow/fly/d13_f00.png'
01:29.896  render           | Saved: '/Users/mohammedkalouti/Documents/Codex/2026-09-27/i/work/art/aircraft-final-production-v3/stage/assets/build/frames/unit.IR.isr/beauty/fly/d13_f01.png'
01:30.363  render           | Saved: '/Users/mohammedkalouti/Documents/Codex/2026-09-27/i/work/art/aircraft-final-production-v3/stage/assets/build/frames/unit.IR.isr/team/fly/d13_f01.png'
01:30.605  render           | Saved: '/var/folders/n4/43n_jxh10gg3s770b_8jbzb80000gn/T/fc-team-coverage-jbh5bl8y.png'
01:31.548  render           | Saved: '/Users/mohammedkalouti/Documents/Codex/2026-09-27/i/work/art/aircraft-final-production-v3/stage/assets/build/frames/unit.IR.isr/shadow/fly/d13_f01.png'
01:32.093  render           | Saved: '/Users/mohammedkalouti/Documents/Codex/2026-09-27/i/work/art/aircraft-final-production-v3/stage/assets/build/frames/unit.IR.isr/beauty/fly/d13_f02.png'
01:32.566  render           | Saved: '/Users/mohammedkalouti/Documents/Codex/2026-09-27/i/work/art/aircraft-final-production-v3/stage/assets/build/frames/unit.IR.isr/team/fly/d13_f02.png'
01:32.817  render           | Saved: '/var/folders/n4/43n_jxh10gg3s770b_8jbzb80000gn/T/fc-team-coverage-4q7_otoi.png'
01:33.747  render           | Saved: '/Users/mohammedkalouti/Documents/Codex/2026-09-27/i/work/art/aircraft-final-production-v3/stage/assets/build/frames/unit.IR.isr/shadow/fly/d13_f02.png'
01:34.292  render           | Saved: '/Users/mohammedkalouti/Documents/Codex/2026-09-27/i/work/art/aircraft-final-production-v3/stage/assets/build/frames/unit.IR.isr/beauty/fly/d14_f00.png'
01:34.768  render           | Saved: '/Users/mohammedkalouti/Documents/Codex/2026-09-27/i/work/art/aircraft-final-production-v3/stage/assets/build/frames/unit.IR.isr/team/fly/d14_f00.png'
01:35.016  render           | Saved: '/var/folders/n4/43n_jxh10gg3s770b_8jbzb80000gn/T/fc-team-coverage-t575fw35.png'
01:35.970  render           | Saved: '/Users/mohammedkalouti/Documents/Codex/2026-09-27/i/work/art/aircraft-final-production-v3/stage/assets/build/frames/unit.IR.isr/shadow/fly/d14_f00.png'
01:36.517  render           | Saved: '/Users/mohammedkalouti/Documents/Codex/2026-09-27/i/work/art/aircraft-final-production-v3/stage/assets/build/frames/unit.IR.isr/beauty/fly/d14_f01.png'
01:37.015  render           | Saved: '/Users/mohammedkalouti/Documents/Codex/2026-09-27/i/work/art/aircraft-final-production-v3/stage/assets/build/frames/unit.IR.isr/team/fly/d14_f01.png'
01:37.272  render           | Saved: '/var/folders/n4/43n_jxh10gg3s770b_8jbzb80000gn/T/fc-team-coverage-0gwh_sv5.png'
01:38.231  render           | Saved: '/Users/mohammedkalouti/Documents/Codex/2026-09-27/i/work/art/aircraft-final-production-v3/stage/assets/build/frames/unit.IR.isr/shadow/fly/d14_f01.png'
01:38.766  render           | Saved: '/Users/mohammedkalouti/Documents/Codex/2026-09-27/i/work/art/aircraft-final-production-v3/stage/assets/build/frames/unit.IR.isr/beauty/fly/d14_f02.png'
01:39.233  render           | Saved: '/Users/mohammedkalouti/Documents/Codex/2026-09-27/i/work/art/aircraft-final-production-v3/stage/assets/build/frames/unit.IR.isr/team/fly/d14_f02.png'
01:39.484  render           | Saved: '/var/folders/n4/43n_jxh10gg3s770b_8jbzb80000gn/T/fc-team-coverage-scaoxx48.png'
01:40.435  render           | Saved: '/Users/mohammedkalouti/Documents/Codex/2026-09-27/i/work/art/aircraft-final-production-v3/stage/assets/build/frames/unit.IR.isr/shadow/fly/d14_f02.png'
01:41.006  render           | Saved: '/Users/mohammedkalouti/Documents/Codex/2026-09-27/i/work/art/aircraft-final-production-v3/stage/assets/build/frames/unit.IR.isr/beauty/fly/d15_f00.png'
01:41.479  render           | Saved: '/Users/mohammedkalouti/Documents/Codex/2026-09-27/i/work/art/aircraft-final-production-v3/stage/assets/build/frames/unit.IR.isr/team/fly/d15_f00.png'
01:41.736  render           | Saved: '/var/folders/n4/43n_jxh10gg3s770b_8jbzb80000gn/T/fc-team-coverage-1h8vg3nq.png'
01:42.709  render           | Saved: '/Users/mohammedkalouti/Documents/Codex/2026-09-27/i/work/art/aircraft-final-production-v3/stage/assets/build/frames/unit.IR.isr/shadow/fly/d15_f00.png'
01:43.254  render           | Saved: '/Users/mohammedkalouti/Documents/Codex/2026-09-27/i/work/art/aircraft-final-production-v3/stage/assets/build/frames/unit.IR.isr/beauty/fly/d15_f01.png'
01:43.723  render           | Saved: '/Users/mohammedkalouti/Documents/Codex/2026-09-27/i/work/art/aircraft-final-production-v3/stage/assets/build/frames/unit.IR.isr/team/fly/d15_f01.png'
01:43.975  render           | Saved: '/var/folders/n4/43n_jxh10gg3s770b_8jbzb80000gn/T/fc-team-coverage-5djdgphy.png'
01:44.921  render           | Saved: '/Users/mohammedkalouti/Documents/Codex/2026-09-27/i/work/art/aircraft-final-production-v3/stage/assets/build/frames/unit.IR.isr/shadow/fly/d15_f01.png'
01:45.468  render           | Saved: '/Users/mohammedkalouti/Documents/Codex/2026-09-27/i/work/art/aircraft-final-production-v3/stage/assets/build/frames/unit.IR.isr/beauty/fly/d15_f02.png'
01:45.935  render           | Saved: '/Users/mohammedkalouti/Documents/Codex/2026-09-27/i/work/art/aircraft-final-production-v3/stage/assets/build/frames/unit.IR.isr/team/fly/d15_f02.png'
01:46.186  render           | Saved: '/var/folders/n4/43n_jxh10gg3s770b_8jbzb80000gn/T/fc-team-coverage-v3xmuchh.png'
01:47.141  render           | Saved: '/Users/mohammedkalouti/Documents/Codex/2026-09-27/i/work/art/aircraft-final-production-v3/stage/assets/build/frames/unit.IR.isr/shadow/fly/d15_f02.png'
01:47.681  render           | Saved: '/Users/mohammedkalouti/Documents/Codex/2026-09-27/i/work/art/aircraft-final-production-v3/stage/assets/build/frames/unit.IR.isr/beauty/bank_left/d00_f00.png'
01:48.175  render           | Saved: '/Users/mohammedkalouti/Documents/Codex/2026-09-27/i/work/art/aircraft-final-production-v3/stage/assets/build/frames/unit.IR.isr/team/bank_left/d00_f00.png'
01:48.418  render           | Saved: '/var/folders/n4/43n_jxh10gg3s770b_8jbzb80000gn/T/fc-team-coverage-5dx8e5uh.png'
01:49.388  render           | Saved: '/Users/mohammedkalouti/Documents/Codex/2026-09-27/i/work/art/aircraft-final-production-v3/stage/assets/build/frames/unit.IR.isr/shadow/bank_left/d00_f00.png'
01:49.935  render           | Saved: '/Users/mohammedkalouti/Documents/Codex/2026-09-27/i/work/art/aircraft-final-production-v3/stage/assets/build/frames/unit.IR.isr/beauty/bank_left/d00_f01.png'
01:50.413  render           | Saved: '/Users/mohammedkalouti/Documents/Codex/2026-09-27/i/work/art/aircraft-final-production-v3/stage/assets/build/frames/unit.IR.isr/team/bank_left/d00_f01.png'
01:50.671  render           | Saved: '/var/folders/n4/43n_jxh10gg3s770b_8jbzb80000gn/T/fc-team-coverage-e326wfqx.png'
01:51.630  render           | Saved: '/Users/mohammedkalouti/Documents/Codex/2026-09-27/i/work/art/aircraft-final-production-v3/stage/assets/build/frames/unit.IR.isr/shadow/bank_left/d00_f01.png'
01:52.177  render           | Saved: '/Users/mohammedkalouti/Documents/Codex/2026-09-27/i/work/art/aircraft-final-production-v3/stage/assets/build/frames/unit.IR.isr/beauty/bank_left/d00_f02.png'
01:52.668  render           | Saved: '/Users/mohammedkalouti/Documents/Codex/2026-09-27/i/work/art/aircraft-final-production-v3/stage/assets/build/frames/unit.IR.isr/team/bank_left/d00_f02.png'
01:52.913  render           | Saved: '/var/folders/n4/43n_jxh10gg3s770b_8jbzb80000gn/T/fc-team-coverage-yvy7mwd9.png'
01:53.875  render           | Saved: '/Users/mohammedkalouti/Documents/Codex/2026-09-27/i/work/art/aircraft-final-production-v3/stage/assets/build/frames/unit.IR.isr/shadow/bank_left/d00_f02.png'
01:54.427  render           | Saved: '/Users/mohammedkalouti/Documents/Codex/2026-09-27/i/work/art/aircraft-final-production-v3/stage/assets/build/frames/unit.IR.isr/beauty/bank_left/d01_f00.png'
01:54.918  render           | Saved: '/Users/mohammedkalouti/Documents/Codex/2026-09-27/i/work/art/aircraft-final-production-v3/stage/assets/build/frames/unit.IR.isr/team/bank_left/d01_f00.png'
01:55.156  render           | Saved: '/var/folders/n4/43n_jxh10gg3s770b_8jbzb80000gn/T/fc-team-coverage-zse27uj9.png'
01:56.099  render           | Saved: '/Users/mohammedkalouti/Documents/Codex/2026-09-27/i/work/art/aircraft-final-production-v3/stage/assets/build/frames/unit.IR.isr/shadow/bank_left/d01_f00.png'
01:56.633  render           | Saved: '/Users/mohammedkalouti/Documents/Codex/2026-09-27/i/work/art/aircraft-final-production-v3/stage/assets/build/frames/unit.IR.isr/beauty/bank_left/d01_f01.png'
01:57.112  render           | Saved: '/Users/mohammedkalouti/Documents/Codex/2026-09-27/i/work/art/aircraft-final-production-v3/stage/assets/build/frames/unit.IR.isr/team/bank_left/d01_f01.png'
01:57.381  render           | Saved: '/var/folders/n4/43n_jxh10gg3s770b_8jbzb80000gn/T/fc-team-coverage-ngtvby21.png'
01:58.342  render           | Saved: '/Users/mohammedkalouti/Documents/Codex/2026-09-27/i/work/art/aircraft-final-production-v3/stage/assets/build/frames/unit.IR.isr/shadow/bank_left/d01_f01.png'
01:58.884  render           | Saved: '/Users/mohammedkalouti/Documents/Codex/2026-09-27/i/work/art/aircraft-final-production-v3/stage/assets/build/frames/unit.IR.isr/beauty/bank_left/d01_f02.png'
01:59.348  render           | Saved: '/Users/mohammedkalouti/Documents/Codex/2026-09-27/i/work/art/aircraft-final-production-v3/stage/assets/build/frames/unit.IR.isr/team/bank_left/d01_f02.png'
01:59.615  render           | Saved: '/var/folders/n4/43n_jxh10gg3s770b_8jbzb80000gn/T/fc-team-coverage-1xxuk258.png'
02:00.571  render           | Saved: '/Users/mohammedkalouti/Documents/Codex/2026-09-27/i/work/art/aircraft-final-production-v3/stage/assets/build/frames/unit.IR.isr/shadow/bank_left/d01_f02.png'
02:01.130  render           | Saved: '/Users/mohammedkalouti/Documents/Codex/2026-09-27/i/work/art/aircraft-final-production-v3/stage/assets/build/frames/unit.IR.isr/beauty/bank_left/d02_f00.png'
02:01.601  render           | Saved: '/Users/mohammedkalouti/Documents/Codex/2026-09-27/i/work/art/aircraft-final-production-v3/stage/assets/build/frames/unit.IR.isr/team/bank_left/d02_f00.png'
02:01.851  render           | Saved: '/var/folders/n4/43n_jxh10gg3s770b_8jbzb80000gn/T/fc-team-coverage-uzl0xy0_.png'
02:02.803  render           | Saved: '/Users/mohammedkalouti/Documents/Codex/2026-09-27/i/work/art/aircraft-final-production-v3/stage/assets/build/frames/unit.IR.isr/shadow/bank_left/d02_f00.png'
02:03.355  render           | Saved: '/Users/mohammedkalouti/Documents/Codex/2026-09-27/i/work/art/aircraft-final-production-v3/stage/assets/build/frames/unit.IR.isr/beauty/bank_left/d02_f01.png'
02:03.838  render           | Saved: '/Users/mohammedkalouti/Documents/Codex/2026-09-27/i/work/art/aircraft-final-production-v3/stage/assets/build/frames/unit.IR.isr/team/bank_left/d02_f01.png'
02:04.098  render           | Saved: '/var/folders/n4/43n_jxh10gg3s770b_8jbzb80000gn/T/fc-team-coverage-tmjab5rz.png'
02:05.059  render           | Saved: '/Users/mohammedkalouti/Documents/Codex/2026-09-27/i/work/art/aircraft-final-production-v3/stage/assets/build/frames/unit.IR.isr/shadow/bank_left/d02_f01.png'
02:05.602  render           | Saved: '/Users/mohammedkalouti/Documents/Codex/2026-09-27/i/work/art/aircraft-final-production-v3/stage/assets/build/frames/unit.IR.isr/beauty/bank_left/d02_f02.png'
02:06.078  render           | Saved: '/Users/mohammedkalouti/Documents/Codex/2026-09-27/i/work/art/aircraft-final-production-v3/stage/assets/build/frames/unit.IR.isr/team/bank_left/d02_f02.png'
02:06.337  render           | Saved: '/var/folders/n4/43n_jxh10gg3s770b_8jbzb80000gn/T/fc-team-coverage-wks5_265.png'
02:07.303  render           | Saved: '/Users/mohammedkalouti/Documents/Codex/2026-09-27/i/work/art/aircraft-final-production-v3/stage/assets/build/frames/unit.IR.isr/shadow/bank_left/d02_f02.png'
02:07.844  render           | Saved: '/Users/mohammedkalouti/Documents/Codex/2026-09-27/i/work/art/aircraft-final-production-v3/stage/assets/build/frames/unit.IR.isr/beauty/bank_left/d03_f00.png'
02:08.325  render           | Saved: '/Users/mohammedkalouti/Documents/Codex/2026-09-27/i/work/art/aircraft-final-production-v3/stage/assets/build/frames/unit.IR.isr/team/bank_left/d03_f00.png'
02:08.583  render           | Saved: '/var/folders/n4/43n_jxh10gg3s770b_8jbzb80000gn/T/fc-team-coverage-xu9rutit.png'
02:09.677  render           | Saved: '/Users/mohammedkalouti/Documents/Codex/2026-09-27/i/work/art/aircraft-final-production-v3/stage/assets/build/frames/unit.IR.isr/shadow/bank_left/d03_f00.png'
02:10.316  render           | Saved: '/Users/mohammedkalouti/Documents/Codex/2026-09-27/i/work/art/aircraft-final-production-v3/stage/assets/build/frames/unit.IR.isr/beauty/bank_left/d03_f01.png'
02:10.811  render           | Saved: '/Users/mohammedkalouti/Documents/Codex/2026-09-27/i/work/art/aircraft-final-production-v3/stage/assets/build/frames/unit.IR.isr/team/bank_left/d03_f01.png'
02:11.063  render           | Saved: '/var/folders/n4/43n_jxh10gg3s770b_8jbzb80000gn/T/fc-team-coverage-7vj_93cy.png'
02:12.070  render           | Saved: '/Users/mohammedkalouti/Documents/Codex/2026-09-27/i/work/art/aircraft-final-production-v3/stage/assets/build/frames/unit.IR.isr/shadow/bank_left/d03_f01.png'
02:12.643  render           | Saved: '/Users/mohammedkalouti/Documents/Codex/2026-09-27/i/work/art/aircraft-final-production-v3/stage/assets/build/frames/unit.IR.isr/beauty/bank_left/d03_f02.png'
02:13.114  render           | Saved: '/Users/mohammedkalouti/Documents/Codex/2026-09-27/i/work/art/aircraft-final-production-v3/stage/assets/build/frames/unit.IR.isr/team/bank_left/d03_f02.png'
02:13.392  render           | Saved: '/var/folders/n4/43n_jxh10gg3s770b_8jbzb80000gn/T/fc-team-coverage-n3ba4d5s.png'
02:14.358  render           | Saved: '/Users/mohammedkalouti/Documents/Codex/2026-09-27/i/work/art/aircraft-final-production-v3/stage/assets/build/frames/unit.IR.isr/shadow/bank_left/d03_f02.png'
02:14.939  render           | Saved: '/Users/mohammedkalouti/Documents/Codex/2026-09-27/i/work/art/aircraft-final-production-v3/stage/assets/build/frames/unit.IR.isr/beauty/bank_left/d04_f00.png'
02:15.432  render           | Saved: '/Users/mohammedkalouti/Documents/Codex/2026-09-27/i/work/art/aircraft-final-production-v3/stage/assets/build/frames/unit.IR.isr/team/bank_left/d04_f00.png'
02:15.684  render           | Saved: '/var/folders/n4/43n_jxh10gg3s770b_8jbzb80000gn/T/fc-team-coverage-n_056_wh.png'
02:16.661  render           | Saved: '/Users/mohammedkalouti/Documents/Codex/2026-09-27/i/work/art/aircraft-final-production-v3/stage/assets/build/frames/unit.IR.isr/shadow/bank_left/d04_f00.png'
02:17.232  render           | Saved: '/Users/mohammedkalouti/Documents/Codex/2026-09-27/i/work/art/aircraft-final-production-v3/stage/assets/build/frames/unit.IR.isr/beauty/bank_left/d04_f01.png'
02:17.704  render           | Saved: '/Users/mohammedkalouti/Documents/Codex/2026-09-27/i/work/art/aircraft-final-production-v3/stage/assets/build/frames/unit.IR.isr/team/bank_left/d04_f01.png'
02:17.944  render           | Saved: '/var/folders/n4/43n_jxh10gg3s770b_8jbzb80000gn/T/fc-team-coverage-m7pv9txx.png'
02:18.903  render           | Saved: '/Users/mohammedkalouti/Documents/Codex/2026-09-27/i/work/art/aircraft-final-production-v3/stage/assets/build/frames/unit.IR.isr/shadow/bank_left/d04_f01.png'
02:19.449  render           | Saved: '/Users/mohammedkalouti/Documents/Codex/2026-09-27/i/work/art/aircraft-final-production-v3/stage/assets/build/frames/unit.IR.isr/beauty/bank_left/d04_f02.png'
02:19.937  render           | Saved: '/Users/mohammedkalouti/Documents/Codex/2026-09-27/i/work/art/aircraft-final-production-v3/stage/assets/build/frames/unit.IR.isr/team/bank_left/d04_f02.png'
02:20.184  render           | Saved: '/var/folders/n4/43n_jxh10gg3s770b_8jbzb80000gn/T/fc-team-coverage-lmi1b539.png'
02:21.141  render           | Saved: '/Users/mohammedkalouti/Documents/Codex/2026-09-27/i/work/art/aircraft-final-production-v3/stage/assets/build/frames/unit.IR.isr/shadow/bank_left/d04_f02.png'
02:21.694  render           | Saved: '/Users/mohammedkalouti/Documents/Codex/2026-09-27/i/work/art/aircraft-final-production-v3/stage/assets/build/frames/unit.IR.isr/beauty/bank_left/d05_f00.png'
02:22.172  render           | Saved: '/Users/mohammedkalouti/Documents/Codex/2026-09-27/i/work/art/aircraft-final-production-v3/stage/assets/build/frames/unit.IR.isr/team/bank_left/d05_f00.png'
02:22.407  render           | Saved: '/var/folders/n4/43n_jxh10gg3s770b_8jbzb80000gn/T/fc-team-coverage-43q04_db.png'
02:23.372  render           | Saved: '/Users/mohammedkalouti/Documents/Codex/2026-09-27/i/work/art/aircraft-final-production-v3/stage/assets/build/frames/unit.IR.isr/shadow/bank_left/d05_f00.png'
02:23.923  render           | Saved: '/Users/mohammedkalouti/Documents/Codex/2026-09-27/i/work/art/aircraft-final-production-v3/stage/assets/build/frames/unit.IR.isr/beauty/bank_left/d05_f01.png'
02:24.398  render           | Saved: '/Users/mohammedkalouti/Documents/Codex/2026-09-27/i/work/art/aircraft-final-production-v3/stage/assets/build/frames/unit.IR.isr/team/bank_left/d05_f01.png'
02:24.652  render           | Saved: '/var/folders/n4/43n_jxh10gg3s770b_8jbzb80000gn/T/fc-team-coverage-00kocxhx.png'
02:25.656  render           | Saved: '/Users/mohammedkalouti/Documents/Codex/2026-09-27/i/work/art/aircraft-final-production-v3/stage/assets/build/frames/unit.IR.isr/shadow/bank_left/d05_f01.png'
02:26.243  render           | Saved: '/Users/mohammedkalouti/Documents/Codex/2026-09-27/i/work/art/aircraft-final-production-v3/stage/assets/build/frames/unit.IR.isr/beauty/bank_left/d05_f02.png'
02:26.736  render           | Saved: '/Users/mohammedkalouti/Documents/Codex/2026-09-27/i/work/art/aircraft-final-production-v3/stage/assets/build/frames/unit.IR.isr/team/bank_left/d05_f02.png'
02:26.971  render           | Saved: '/var/folders/n4/43n_jxh10gg3s770b_8jbzb80000gn/T/fc-team-coverage-ptep75lq.png'
02:27.929  render           | Saved: '/Users/mohammedkalouti/Documents/Codex/2026-09-27/i/work/art/aircraft-final-production-v3/stage/assets/build/frames/unit.IR.isr/shadow/bank_left/d05_f02.png'
02:28.477  render           | Saved: '/Users/mohammedkalouti/Documents/Codex/2026-09-27/i/work/art/aircraft-final-production-v3/stage/assets/build/frames/unit.IR.isr/beauty/bank_left/d06_f00.png'
02:28.968  render           | Saved: '/Users/mohammedkalouti/Documents/Codex/2026-09-27/i/work/art/aircraft-final-production-v3/stage/assets/build/frames/unit.IR.isr/team/bank_left/d06_f00.png'
02:29.223  render           | Saved: '/var/folders/n4/43n_jxh10gg3s770b_8jbzb80000gn/T/fc-team-coverage-4qbk3uva.png'
02:30.194  render           | Saved: '/Users/mohammedkalouti/Documents/Codex/2026-09-27/i/work/art/aircraft-final-production-v3/stage/assets/build/frames/unit.IR.isr/shadow/bank_left/d06_f00.png'
02:30.741  render           | Saved: '/Users/mohammedkalouti/Documents/Codex/2026-09-27/i/work/art/aircraft-final-production-v3/stage/assets/build/frames/unit.IR.isr/beauty/bank_left/d06_f01.png'
02:31.213  render           | Saved: '/Users/mohammedkalouti/Documents/Codex/2026-09-27/i/work/art/aircraft-final-production-v3/stage/assets/build/frames/unit.IR.isr/team/bank_left/d06_f01.png'
02:31.470  render           | Saved: '/var/folders/n4/43n_jxh10gg3s770b_8jbzb80000gn/T/fc-team-coverage-c3a37p1h.png'
02:32.438  render           | Saved: '/Users/mohammedkalouti/Documents/Codex/2026-09-27/i/work/art/aircraft-final-production-v3/stage/assets/build/frames/unit.IR.isr/shadow/bank_left/d06_f01.png'
02:32.999  render           | Saved: '/Users/mohammedkalouti/Documents/Codex/2026-09-27/i/work/art/aircraft-final-production-v3/stage/assets/build/frames/unit.IR.isr/beauty/bank_left/d06_f02.png'
02:33.489  render           | Saved: '/Users/mohammedkalouti/Documents/Codex/2026-09-27/i/work/art/aircraft-final-production-v3/stage/assets/build/frames/unit.IR.isr/team/bank_left/d06_f02.png'
02:33.741  render           | Saved: '/var/folders/n4/43n_jxh10gg3s770b_8jbzb80000gn/T/fc-team-coverage-_lb4qvg9.png'
02:34.803  render           | Saved: '/Users/mohammedkalouti/Documents/Codex/2026-09-27/i/work/art/aircraft-final-production-v3/stage/assets/build/frames/unit.IR.isr/shadow/bank_left/d06_f02.png'
02:35.414  render           | Saved: '/Users/mohammedkalouti/Documents/Codex/2026-09-27/i/work/art/aircraft-final-production-v3/stage/assets/build/frames/unit.IR.isr/beauty/bank_left/d07_f00.png'
02:35.920  render           | Saved: '/Users/mohammedkalouti/Documents/Codex/2026-09-27/i/work/art/aircraft-final-production-v3/stage/assets/build/frames/unit.IR.isr/team/bank_left/d07_f00.png'
02:36.181  render           | Saved: '/var/folders/n4/43n_jxh10gg3s770b_8jbzb80000gn/T/fc-team-coverage-59gbszby.png'
02:37.143  render           | Saved: '/Users/mohammedkalouti/Documents/Codex/2026-09-27/i/work/art/aircraft-final-production-v3/stage/assets/build/frames/unit.IR.isr/shadow/bank_left/d07_f00.png'
02:37.694  render           | Saved: '/Users/mohammedkalouti/Documents/Codex/2026-09-27/i/work/art/aircraft-final-production-v3/stage/assets/build/frames/unit.IR.isr/beauty/bank_left/d07_f01.png'
02:38.168  render           | Saved: '/Users/mohammedkalouti/Documents/Codex/2026-09-27/i/work/art/aircraft-final-production-v3/stage/assets/build/frames/unit.IR.isr/team/bank_left/d07_f01.png'
02:38.417  render           | Saved: '/var/folders/n4/43n_jxh10gg3s770b_8jbzb80000gn/T/fc-team-coverage-0p55alo4.png'
02:39.373  render           | Saved: '/Users/mohammedkalouti/Documents/Codex/2026-09-27/i/work/art/aircraft-final-production-v3/stage/assets/build/frames/unit.IR.isr/shadow/bank_left/d07_f01.png'
02:39.934  render           | Saved: '/Users/mohammedkalouti/Documents/Codex/2026-09-27/i/work/art/aircraft-final-production-v3/stage/assets/build/frames/unit.IR.isr/beauty/bank_left/d07_f02.png'
02:40.412  render           | Saved: '/Users/mohammedkalouti/Documents/Codex/2026-09-27/i/work/art/aircraft-final-production-v3/stage/assets/build/frames/unit.IR.isr/team/bank_left/d07_f02.png'
02:40.672  render           | Saved: '/var/folders/n4/43n_jxh10gg3s770b_8jbzb80000gn/T/fc-team-coverage-aqzo_gu9.png'
02:41.644  render           | Saved: '/Users/mohammedkalouti/Documents/Codex/2026-09-27/i/work/art/aircraft-final-production-v3/stage/assets/build/frames/unit.IR.isr/shadow/bank_left/d07_f02.png'
02:42.201  render           | Saved: '/Users/mohammedkalouti/Documents/Codex/2026-09-27/i/work/art/aircraft-final-production-v3/stage/assets/build/frames/unit.IR.isr/beauty/bank_left/d08_f00.png'
02:42.686  render           | Saved: '/Users/mohammedkalouti/Documents/Codex/2026-09-27/i/work/art/aircraft-final-production-v3/stage/assets/build/frames/unit.IR.isr/team/bank_left/d08_f00.png'
02:42.934  render           | Saved: '/var/folders/n4/43n_jxh10gg3s770b_8jbzb80000gn/T/fc-team-coverage-xmrp_jjy.png'
02:43.887  render           | Saved: '/Users/mohammedkalouti/Documents/Codex/2026-09-27/i/work/art/aircraft-final-production-v3/stage/assets/build/frames/unit.IR.isr/shadow/bank_left/d08_f00.png'
02:44.436  render           | Saved: '/Users/mohammedkalouti/Documents/Codex/2026-09-27/i/work/art/aircraft-final-production-v3/stage/assets/build/frames/unit.IR.isr/beauty/bank_left/d08_f01.png'
02:44.916  render           | Saved: '/Users/mohammedkalouti/Documents/Codex/2026-09-27/i/work/art/aircraft-final-production-v3/stage/assets/build/frames/unit.IR.isr/team/bank_left/d08_f01.png'
02:45.156  render           | Saved: '/var/folders/n4/43n_jxh10gg3s770b_8jbzb80000gn/T/fc-team-coverage-pjhdrol8.png'
02:46.106  render           | Saved: '/Users/mohammedkalouti/Documents/Codex/2026-09-27/i/work/art/aircraft-final-production-v3/stage/assets/build/frames/unit.IR.isr/shadow/bank_left/d08_f01.png'
02:46.646  render           | Saved: '/Users/mohammedkalouti/Documents/Codex/2026-09-27/i/work/art/aircraft-final-production-v3/stage/assets/build/frames/unit.IR.isr/beauty/bank_left/d08_f02.png'
02:47.154  render           | Saved: '/Users/mohammedkalouti/Documents/Codex/2026-09-27/i/work/art/aircraft-final-production-v3/stage/assets/build/frames/unit.IR.isr/team/bank_left/d08_f02.png'
02:47.397  render           | Saved: '/var/folders/n4/43n_jxh10gg3s770b_8jbzb80000gn/T/fc-team-coverage-tik83rb3.png'
02:48.366  render           | Saved: '/Users/mohammedkalouti/Documents/Codex/2026-09-27/i/work/art/aircraft-final-production-v3/stage/assets/build/frames/unit.IR.isr/shadow/bank_left/d08_f02.png'
02:48.923  render           | Saved: '/Users/mohammedkalouti/Documents/Codex/2026-09-27/i/work/art/aircraft-final-production-v3/stage/assets/build/frames/unit.IR.isr/beauty/bank_left/d09_f00.png'
02:49.399  render           | Saved: '/Users/mohammedkalouti/Documents/Codex/2026-09-27/i/work/art/aircraft-final-production-v3/stage/assets/build/frames/unit.IR.isr/team/bank_left/d09_f00.png'
02:49.649  render           | Saved: '/var/folders/n4/43n_jxh10gg3s770b_8jbzb80000gn/T/fc-team-coverage-o17p1dgf.png'
02:50.607  render           | Saved: '/Users/mohammedkalouti/Documents/Codex/2026-09-27/i/work/art/aircraft-final-production-v3/stage/assets/build/frames/unit.IR.isr/shadow/bank_left/d09_f00.png'
02:51.156  render           | Saved: '/Users/mohammedkalouti/Documents/Codex/2026-09-27/i/work/art/aircraft-final-production-v3/stage/assets/build/frames/unit.IR.isr/beauty/bank_left/d09_f01.png'
02:51.634  render           | Saved: '/Users/mohammedkalouti/Documents/Codex/2026-09-27/i/work/art/aircraft-final-production-v3/stage/assets/build/frames/unit.IR.isr/team/bank_left/d09_f01.png'
02:51.888  render           | Saved: '/var/folders/n4/43n_jxh10gg3s770b_8jbzb80000gn/T/fc-team-coverage-64r1os3l.png'
02:52.857  render           | Saved: '/Users/mohammedkalouti/Documents/Codex/2026-09-27/i/work/art/aircraft-final-production-v3/stage/assets/build/frames/unit.IR.isr/shadow/bank_left/d09_f01.png'
02:53.467  render           | Saved: '/Users/mohammedkalouti/Documents/Codex/2026-09-27/i/work/art/aircraft-final-production-v3/stage/assets/build/frames/unit.IR.isr/beauty/bank_left/d09_f02.png'
02:54.017  render           | Saved: '/Users/mohammedkalouti/Documents/Codex/2026-09-27/i/work/art/aircraft-final-production-v3/stage/assets/build/frames/unit.IR.isr/team/bank_left/d09_f02.png'
02:54.327  render           | Saved: '/var/folders/n4/43n_jxh10gg3s770b_8jbzb80000gn/T/fc-team-coverage-ocugm7g7.png'
02:55.343  render           | Saved: '/Users/mohammedkalouti/Documents/Codex/2026-09-27/i/work/art/aircraft-final-production-v3/stage/assets/build/frames/unit.IR.isr/shadow/bank_left/d09_f02.png'
02:55.922  render           | Saved: '/Users/mohammedkalouti/Documents/Codex/2026-09-27/i/work/art/aircraft-final-production-v3/stage/assets/build/frames/unit.IR.isr/beauty/bank_left/d10_f00.png'
02:56.404  render           | Saved: '/Users/mohammedkalouti/Documents/Codex/2026-09-27/i/work/art/aircraft-final-production-v3/stage/assets/build/frames/unit.IR.isr/team/bank_left/d10_f00.png'
02:56.654  render           | Saved: '/var/folders/n4/43n_jxh10gg3s770b_8jbzb80000gn/T/fc-team-coverage-qzv50_p1.png'
02:57.646  render           | Saved: '/Users/mohammedkalouti/Documents/Codex/2026-09-27/i/work/art/aircraft-final-production-v3/stage/assets/build/frames/unit.IR.isr/shadow/bank_left/d10_f00.png'
02:58.189  render           | Saved: '/Users/mohammedkalouti/Documents/Codex/2026-09-27/i/work/art/aircraft-final-production-v3/stage/assets/build/frames/unit.IR.isr/beauty/bank_left/d10_f01.png'
02:58.674  render           | Saved: '/Users/mohammedkalouti/Documents/Codex/2026-09-27/i/work/art/aircraft-final-production-v3/stage/assets/build/frames/unit.IR.isr/team/bank_left/d10_f01.png'
02:58.935  render           | Saved: '/var/folders/n4/43n_jxh10gg3s770b_8jbzb80000gn/T/fc-team-coverage-ehjpkhb6.png'
02:59.891  render           | Saved: '/Users/mohammedkalouti/Documents/Codex/2026-09-27/i/work/art/aircraft-final-production-v3/stage/assets/build/frames/unit.IR.isr/shadow/bank_left/d10_f01.png'
03:00.449  render           | Saved: '/Users/mohammedkalouti/Documents/Codex/2026-09-27/i/work/art/aircraft-final-production-v3/stage/assets/build/frames/unit.IR.isr/beauty/bank_left/d10_f02.png'
03:01.008  render           | Saved: '/Users/mohammedkalouti/Documents/Codex/2026-09-27/i/work/art/aircraft-final-production-v3/stage/assets/build/frames/unit.IR.isr/team/bank_left/d10_f02.png'
03:01.313  render           | Saved: '/var/folders/n4/43n_jxh10gg3s770b_8jbzb80000gn/T/fc-team-coverage-ruiaqmcn.png'
03:02.298  render           | Saved: '/Users/mohammedkalouti/Documents/Codex/2026-09-27/i/work/art/aircraft-final-production-v3/stage/assets/build/frames/unit.IR.isr/shadow/bank_left/d10_f02.png'
03:02.850  render           | Saved: '/Users/mohammedkalouti/Documents/Codex/2026-09-27/i/work/art/aircraft-final-production-v3/stage/assets/build/frames/unit.IR.isr/beauty/bank_left/d11_f00.png'
03:03.334  render           | Saved: '/Users/mohammedkalouti/Documents/Codex/2026-09-27/i/work/art/aircraft-final-production-v3/stage/assets/build/frames/unit.IR.isr/team/bank_left/d11_f00.png'
03:03.599  render           | Saved: '/var/folders/n4/43n_jxh10gg3s770b_8jbzb80000gn/T/fc-team-coverage-vcw04_2s.png'
03:04.568  render           | Saved: '/Users/mohammedkalouti/Documents/Codex/2026-09-27/i/work/art/aircraft-final-production-v3/stage/assets/build/frames/unit.IR.isr/shadow/bank_left/d11_f00.png'
03:05.128  render           | Saved: '/Users/mohammedkalouti/Documents/Codex/2026-09-27/i/work/art/aircraft-final-production-v3/stage/assets/build/frames/unit.IR.isr/beauty/bank_left/d11_f01.png'
03:05.622  render           | Saved: '/Users/mohammedkalouti/Documents/Codex/2026-09-27/i/work/art/aircraft-final-production-v3/stage/assets/build/frames/unit.IR.isr/team/bank_left/d11_f01.png'
03:05.872  render           | Saved: '/var/folders/n4/43n_jxh10gg3s770b_8jbzb80000gn/T/fc-team-coverage-n6az5xvx.png'
03:06.824  render           | Saved: '/Users/mohammedkalouti/Documents/Codex/2026-09-27/i/work/art/aircraft-final-production-v3/stage/assets/build/frames/unit.IR.isr/shadow/bank_left/d11_f01.png'
03:07.374  render           | Saved: '/Users/mohammedkalouti/Documents/Codex/2026-09-27/i/work/art/aircraft-final-production-v3/stage/assets/build/frames/unit.IR.isr/beauty/bank_left/d11_f02.png'
03:07.853  render           | Saved: '/Users/mohammedkalouti/Documents/Codex/2026-09-27/i/work/art/aircraft-final-production-v3/stage/assets/build/frames/unit.IR.isr/team/bank_left/d11_f02.png'
03:08.110  render           | Saved: '/var/folders/n4/43n_jxh10gg3s770b_8jbzb80000gn/T/fc-team-coverage-zpy73lt1.png'
03:09.068  render           | Saved: '/Users/mohammedkalouti/Documents/Codex/2026-09-27/i/work/art/aircraft-final-production-v3/stage/assets/build/frames/unit.IR.isr/shadow/bank_left/d11_f02.png'
03:09.608  render           | Saved: '/Users/mohammedkalouti/Documents/Codex/2026-09-27/i/work/art/aircraft-final-production-v3/stage/assets/build/frames/unit.IR.isr/beauty/bank_left/d12_f00.png'
03:10.101  render           | Saved: '/Users/mohammedkalouti/Documents/Codex/2026-09-27/i/work/art/aircraft-final-production-v3/stage/assets/build/frames/unit.IR.isr/team/bank_left/d12_f00.png'
03:10.371  render           | Saved: '/var/folders/n4/43n_jxh10gg3s770b_8jbzb80000gn/T/fc-team-coverage-qckj58eb.png'
03:11.328  render           | Saved: '/Users/mohammedkalouti/Documents/Codex/2026-09-27/i/work/art/aircraft-final-production-v3/stage/assets/build/frames/unit.IR.isr/shadow/bank_left/d12_f00.png'
03:11.874  render           | Saved: '/Users/mohammedkalouti/Documents/Codex/2026-09-27/i/work/art/aircraft-final-production-v3/stage/assets/build/frames/unit.IR.isr/beauty/bank_left/d12_f01.png'
03:12.359  render           | Saved: '/Users/mohammedkalouti/Documents/Codex/2026-09-27/i/work/art/aircraft-final-production-v3/stage/assets/build/frames/unit.IR.isr/team/bank_left/d12_f01.png'
03:12.601  render           | Saved: '/var/folders/n4/43n_jxh10gg3s770b_8jbzb80000gn/T/fc-team-coverage-os4xeuqk.png'
03:13.579  render           | Saved: '/Users/mohammedkalouti/Documents/Codex/2026-09-27/i/work/art/aircraft-final-production-v3/stage/assets/build/frames/unit.IR.isr/shadow/bank_left/d12_f01.png'
03:14.130  render           | Saved: '/Users/mohammedkalouti/Documents/Codex/2026-09-27/i/work/art/aircraft-final-production-v3/stage/assets/build/frames/unit.IR.isr/beauty/bank_left/d12_f02.png'
03:14.625  render           | Saved: '/Users/mohammedkalouti/Documents/Codex/2026-09-27/i/work/art/aircraft-final-production-v3/stage/assets/build/frames/unit.IR.isr/team/bank_left/d12_f02.png'
03:14.875  render           | Saved: '/var/folders/n4/43n_jxh10gg3s770b_8jbzb80000gn/T/fc-team-coverage-2h_yg109.png'
03:15.836  render           | Saved: '/Users/mohammedkalouti/Documents/Codex/2026-09-27/i/work/art/aircraft-final-production-v3/stage/assets/build/frames/unit.IR.isr/shadow/bank_left/d12_f02.png'
03:16.384  render           | Saved: '/Users/mohammedkalouti/Documents/Codex/2026-09-27/i/work/art/aircraft-final-production-v3/stage/assets/build/frames/unit.IR.isr/beauty/bank_left/d13_f00.png'
03:16.881  render           | Saved: '/Users/mohammedkalouti/Documents/Codex/2026-09-27/i/work/art/aircraft-final-production-v3/stage/assets/build/frames/unit.IR.isr/team/bank_left/d13_f00.png'
03:17.122  render           | Saved: '/var/folders/n4/43n_jxh10gg3s770b_8jbzb80000gn/T/fc-team-coverage-inyle7yk.png'
03:18.082  render           | Saved: '/Users/mohammedkalouti/Documents/Codex/2026-09-27/i/work/art/aircraft-final-production-v3/stage/assets/build/frames/unit.IR.isr/shadow/bank_left/d13_f00.png'
03:18.621  render           | Saved: '/Users/mohammedkalouti/Documents/Codex/2026-09-27/i/work/art/aircraft-final-production-v3/stage/assets/build/frames/unit.IR.isr/beauty/bank_left/d13_f01.png'
03:19.109  render           | Saved: '/Users/mohammedkalouti/Documents/Codex/2026-09-27/i/work/art/aircraft-final-production-v3/stage/assets/build/frames/unit.IR.isr/team/bank_left/d13_f01.png'
03:19.352  render           | Saved: '/var/folders/n4/43n_jxh10gg3s770b_8jbzb80000gn/T/fc-team-coverage-fc1fh7d2.png'
03:20.314  render           | Saved: '/Users/mohammedkalouti/Documents/Codex/2026-09-27/i/work/art/aircraft-final-production-v3/stage/assets/build/frames/unit.IR.isr/shadow/bank_left/d13_f01.png'
03:20.872  render           | Saved: '/Users/mohammedkalouti/Documents/Codex/2026-09-27/i/work/art/aircraft-final-production-v3/stage/assets/build/frames/unit.IR.isr/beauty/bank_left/d13_f02.png'
03:21.354  render           | Saved: '/Users/mohammedkalouti/Documents/Codex/2026-09-27/i/work/art/aircraft-final-production-v3/stage/assets/build/frames/unit.IR.isr/team/bank_left/d13_f02.png'
03:21.614  render           | Saved: '/var/folders/n4/43n_jxh10gg3s770b_8jbzb80000gn/T/fc-team-coverage-cp9fjgux.png'
03:22.570  render           | Saved: '/Users/mohammedkalouti/Documents/Codex/2026-09-27/i/work/art/aircraft-final-production-v3/stage/assets/build/frames/unit.IR.isr/shadow/bank_left/d13_f02.png'
03:23.113  render           | Saved: '/Users/mohammedkalouti/Documents/Codex/2026-09-27/i/work/art/aircraft-final-production-v3/stage/assets/build/frames/unit.IR.isr/beauty/bank_left/d14_f00.png'
03:23.587  render           | Saved: '/Users/mohammedkalouti/Documents/Codex/2026-09-27/i/work/art/aircraft-final-production-v3/stage/assets/build/frames/unit.IR.isr/team/bank_left/d14_f00.png'
03:23.828  render           | Saved: '/var/folders/n4/43n_jxh10gg3s770b_8jbzb80000gn/T/fc-team-coverage-ul7p3h2k.png'
03:24.783  render           | Saved: '/Users/mohammedkalouti/Documents/Codex/2026-09-27/i/work/art/aircraft-final-production-v3/stage/assets/build/frames/unit.IR.isr/shadow/bank_left/d14_f00.png'
03:25.328  render           | Saved: '/Users/mohammedkalouti/Documents/Codex/2026-09-27/i/work/art/aircraft-final-production-v3/stage/assets/build/frames/unit.IR.isr/beauty/bank_left/d14_f01.png'
03:25.798  render           | Saved: '/Users/mohammedkalouti/Documents/Codex/2026-09-27/i/work/art/aircraft-final-production-v3/stage/assets/build/frames/unit.IR.isr/team/bank_left/d14_f01.png'
03:26.054  render           | Saved: '/var/folders/n4/43n_jxh10gg3s770b_8jbzb80000gn/T/fc-team-coverage-2_6ky03_.png'
03:27.020  render           | Saved: '/Users/mohammedkalouti/Documents/Codex/2026-09-27/i/work/art/aircraft-final-production-v3/stage/assets/build/frames/unit.IR.isr/shadow/bank_left/d14_f01.png'
03:27.556  render           | Saved: '/Users/mohammedkalouti/Documents/Codex/2026-09-27/i/work/art/aircraft-final-production-v3/stage/assets/build/frames/unit.IR.isr/beauty/bank_left/d14_f02.png'
03:28.024  render           | Saved: '/Users/mohammedkalouti/Documents/Codex/2026-09-27/i/work/art/aircraft-final-production-v3/stage/assets/build/frames/unit.IR.isr/team/bank_left/d14_f02.png'
03:28.267  render           | Saved: '/var/folders/n4/43n_jxh10gg3s770b_8jbzb80000gn/T/fc-team-coverage-msangcbj.png'
03:29.211  render           | Saved: '/Users/mohammedkalouti/Documents/Codex/2026-09-27/i/work/art/aircraft-final-production-v3/stage/assets/build/frames/unit.IR.isr/shadow/bank_left/d14_f02.png'
03:29.756  render           | Saved: '/Users/mohammedkalouti/Documents/Codex/2026-09-27/i/work/art/aircraft-final-production-v3/stage/assets/build/frames/unit.IR.isr/beauty/bank_left/d15_f00.png'
03:30.232  render           | Saved: '/Users/mohammedkalouti/Documents/Codex/2026-09-27/i/work/art/aircraft-final-production-v3/stage/assets/build/frames/unit.IR.isr/team/bank_left/d15_f00.png'
03:30.489  render           | Saved: '/var/folders/n4/43n_jxh10gg3s770b_8jbzb80000gn/T/fc-team-coverage-abdmftwk.png'
03:31.459  render           | Saved: '/Users/mohammedkalouti/Documents/Codex/2026-09-27/i/work/art/aircraft-final-production-v3/stage/assets/build/frames/unit.IR.isr/shadow/bank_left/d15_f00.png'
03:32.064  render           | Saved: '/Users/mohammedkalouti/Documents/Codex/2026-09-27/i/work/art/aircraft-final-production-v3/stage/assets/build/frames/unit.IR.isr/beauty/bank_left/d15_f01.png'
03:32.606  render           | Saved: '/Users/mohammedkalouti/Documents/Codex/2026-09-27/i/work/art/aircraft-final-production-v3/stage/assets/build/frames/unit.IR.isr/team/bank_left/d15_f01.png'
03:32.852  render           | Saved: '/var/folders/n4/43n_jxh10gg3s770b_8jbzb80000gn/T/fc-team-coverage-36r_ltfa.png'
03:33.887  render           | Saved: '/Users/mohammedkalouti/Documents/Codex/2026-09-27/i/work/art/aircraft-final-production-v3/stage/assets/build/frames/unit.IR.isr/shadow/bank_left/d15_f01.png'
03:34.437  render           | Saved: '/Users/mohammedkalouti/Documents/Codex/2026-09-27/i/work/art/aircraft-final-production-v3/stage/assets/build/frames/unit.IR.isr/beauty/bank_left/d15_f02.png'
03:34.924  render           | Saved: '/Users/mohammedkalouti/Documents/Codex/2026-09-27/i/work/art/aircraft-final-production-v3/stage/assets/build/frames/unit.IR.isr/team/bank_left/d15_f02.png'
03:35.167  render           | Saved: '/var/folders/n4/43n_jxh10gg3s770b_8jbzb80000gn/T/fc-team-coverage-hwwm8zdb.png'
03:36.140  render           | Saved: '/Users/mohammedkalouti/Documents/Codex/2026-09-27/i/work/art/aircraft-final-production-v3/stage/assets/build/frames/unit.IR.isr/shadow/bank_left/d15_f02.png'
03:36.696  render           | Saved: '/Users/mohammedkalouti/Documents/Codex/2026-09-27/i/work/art/aircraft-final-production-v3/stage/assets/build/frames/unit.IR.isr/beauty/bank_right/d00_f00.png'
03:37.179  render           | Saved: '/Users/mohammedkalouti/Documents/Codex/2026-09-27/i/work/art/aircraft-final-production-v3/stage/assets/build/frames/unit.IR.isr/team/bank_right/d00_f00.png'
03:37.436  render           | Saved: '/var/folders/n4/43n_jxh10gg3s770b_8jbzb80000gn/T/fc-team-coverage-r3gjil0n.png'
03:38.435  render           | Saved: '/Users/mohammedkalouti/Documents/Codex/2026-09-27/i/work/art/aircraft-final-production-v3/stage/assets/build/frames/unit.IR.isr/shadow/bank_right/d00_f00.png'
03:38.994  render           | Saved: '/Users/mohammedkalouti/Documents/Codex/2026-09-27/i/work/art/aircraft-final-production-v3/stage/assets/build/frames/unit.IR.isr/beauty/bank_right/d00_f01.png'
03:39.485  render           | Saved: '/Users/mohammedkalouti/Documents/Codex/2026-09-27/i/work/art/aircraft-final-production-v3/stage/assets/build/frames/unit.IR.isr/team/bank_right/d00_f01.png'
03:39.741  render           | Saved: '/var/folders/n4/43n_jxh10gg3s770b_8jbzb80000gn/T/fc-team-coverage-f2mzykum.png'
03:40.701  render           | Saved: '/Users/mohammedkalouti/Documents/Codex/2026-09-27/i/work/art/aircraft-final-production-v3/stage/assets/build/frames/unit.IR.isr/shadow/bank_right/d00_f01.png'
03:41.261  render           | Saved: '/Users/mohammedkalouti/Documents/Codex/2026-09-27/i/work/art/aircraft-final-production-v3/stage/assets/build/frames/unit.IR.isr/beauty/bank_right/d00_f02.png'
03:41.743  render           | Saved: '/Users/mohammedkalouti/Documents/Codex/2026-09-27/i/work/art/aircraft-final-production-v3/stage/assets/build/frames/unit.IR.isr/team/bank_right/d00_f02.png'
03:41.980  render           | Saved: '/var/folders/n4/43n_jxh10gg3s770b_8jbzb80000gn/T/fc-team-coverage-63y_o4wp.png'
03:42.937  render           | Saved: '/Users/mohammedkalouti/Documents/Codex/2026-09-27/i/work/art/aircraft-final-production-v3/stage/assets/build/frames/unit.IR.isr/shadow/bank_right/d00_f02.png'
03:43.505  render           | Saved: '/Users/mohammedkalouti/Documents/Codex/2026-09-27/i/work/art/aircraft-final-production-v3/stage/assets/build/frames/unit.IR.isr/beauty/bank_right/d01_f00.png'
03:43.992  render           | Saved: '/Users/mohammedkalouti/Documents/Codex/2026-09-27/i/work/art/aircraft-final-production-v3/stage/assets/build/frames/unit.IR.isr/team/bank_right/d01_f00.png'
03:44.230  render           | Saved: '/var/folders/n4/43n_jxh10gg3s770b_8jbzb80000gn/T/fc-team-coverage-jov0kvw_.png'
03:45.187  render           | Saved: '/Users/mohammedkalouti/Documents/Codex/2026-09-27/i/work/art/aircraft-final-production-v3/stage/assets/build/frames/unit.IR.isr/shadow/bank_right/d01_f00.png'
03:45.752  render           | Saved: '/Users/mohammedkalouti/Documents/Codex/2026-09-27/i/work/art/aircraft-final-production-v3/stage/assets/build/frames/unit.IR.isr/beauty/bank_right/d01_f01.png'
03:46.228  render           | Saved: '/Users/mohammedkalouti/Documents/Codex/2026-09-27/i/work/art/aircraft-final-production-v3/stage/assets/build/frames/unit.IR.isr/team/bank_right/d01_f01.png'
03:46.473  render           | Saved: '/var/folders/n4/43n_jxh10gg3s770b_8jbzb80000gn/T/fc-team-coverage-pcsq05c9.png'
03:47.432  render           | Saved: '/Users/mohammedkalouti/Documents/Codex/2026-09-27/i/work/art/aircraft-final-production-v3/stage/assets/build/frames/unit.IR.isr/shadow/bank_right/d01_f01.png'
03:48.007  render           | Saved: '/Users/mohammedkalouti/Documents/Codex/2026-09-27/i/work/art/aircraft-final-production-v3/stage/assets/build/frames/unit.IR.isr/beauty/bank_right/d01_f02.png'
03:48.491  render           | Saved: '/Users/mohammedkalouti/Documents/Codex/2026-09-27/i/work/art/aircraft-final-production-v3/stage/assets/build/frames/unit.IR.isr/team/bank_right/d01_f02.png'
03:48.738  render           | Saved: '/var/folders/n4/43n_jxh10gg3s770b_8jbzb80000gn/T/fc-team-coverage-3d6xirv7.png'
03:49.699  render           | Saved: '/Users/mohammedkalouti/Documents/Codex/2026-09-27/i/work/art/aircraft-final-production-v3/stage/assets/build/frames/unit.IR.isr/shadow/bank_right/d01_f02.png'
03:50.255  render           | Saved: '/Users/mohammedkalouti/Documents/Codex/2026-09-27/i/work/art/aircraft-final-production-v3/stage/assets/build/frames/unit.IR.isr/beauty/bank_right/d02_f00.png'
03:50.756  render           | Saved: '/Users/mohammedkalouti/Documents/Codex/2026-09-27/i/work/art/aircraft-final-production-v3/stage/assets/build/frames/unit.IR.isr/team/bank_right/d02_f00.png'
03:51.001  render           | Saved: '/var/folders/n4/43n_jxh10gg3s770b_8jbzb80000gn/T/fc-team-coverage-gwj5y0ws.png'
03:51.989  render           | Saved: '/Users/mohammedkalouti/Documents/Codex/2026-09-27/i/work/art/aircraft-final-production-v3/stage/assets/build/frames/unit.IR.isr/shadow/bank_right/d02_f00.png'
03:52.550  render           | Saved: '/Users/mohammedkalouti/Documents/Codex/2026-09-27/i/work/art/aircraft-final-production-v3/stage/assets/build/frames/unit.IR.isr/beauty/bank_right/d02_f01.png'
03:53.063  render           | Saved: '/Users/mohammedkalouti/Documents/Codex/2026-09-27/i/work/art/aircraft-final-production-v3/stage/assets/build/frames/unit.IR.isr/team/bank_right/d02_f01.png'
03:53.321  render           | Saved: '/var/folders/n4/43n_jxh10gg3s770b_8jbzb80000gn/T/fc-team-coverage-_2thgare.png'
03:54.313  render           | Saved: '/Users/mohammedkalouti/Documents/Codex/2026-09-27/i/work/art/aircraft-final-production-v3/stage/assets/build/frames/unit.IR.isr/shadow/bank_right/d02_f01.png'
03:54.881  render           | Saved: '/Users/mohammedkalouti/Documents/Codex/2026-09-27/i/work/art/aircraft-final-production-v3/stage/assets/build/frames/unit.IR.isr/beauty/bank_right/d02_f02.png'
03:55.360  render           | Saved: '/Users/mohammedkalouti/Documents/Codex/2026-09-27/i/work/art/aircraft-final-production-v3/stage/assets/build/frames/unit.IR.isr/team/bank_right/d02_f02.png'
03:55.622  render           | Saved: '/var/folders/n4/43n_jxh10gg3s770b_8jbzb80000gn/T/fc-team-coverage-28bfuulc.png'
03:56.585  render           | Saved: '/Users/mohammedkalouti/Documents/Codex/2026-09-27/i/work/art/aircraft-final-production-v3/stage/assets/build/frames/unit.IR.isr/shadow/bank_right/d02_f02.png'
03:57.136  render           | Saved: '/Users/mohammedkalouti/Documents/Codex/2026-09-27/i/work/art/aircraft-final-production-v3/stage/assets/build/frames/unit.IR.isr/beauty/bank_right/d03_f00.png'
03:57.620  render           | Saved: '/Users/mohammedkalouti/Documents/Codex/2026-09-27/i/work/art/aircraft-final-production-v3/stage/assets/build/frames/unit.IR.isr/team/bank_right/d03_f00.png'
03:57.883  render           | Saved: '/var/folders/n4/43n_jxh10gg3s770b_8jbzb80000gn/T/fc-team-coverage-n10hdw2t.png'
03:58.976  render           | Saved: '/Users/mohammedkalouti/Documents/Codex/2026-09-27/i/work/art/aircraft-final-production-v3/stage/assets/build/frames/unit.IR.isr/shadow/bank_right/d03_f00.png'
03:59.551  render           | Saved: '/Users/mohammedkalouti/Documents/Codex/2026-09-27/i/work/art/aircraft-final-production-v3/stage/assets/build/frames/unit.IR.isr/beauty/bank_right/d03_f01.png'
04:00.040  render           | Saved: '/Users/mohammedkalouti/Documents/Codex/2026-09-27/i/work/art/aircraft-final-production-v3/stage/assets/build/frames/unit.IR.isr/team/bank_right/d03_f01.png'
04:00.283  render           | Saved: '/var/folders/n4/43n_jxh10gg3s770b_8jbzb80000gn/T/fc-team-coverage-qgwxs7k8.png'
04:01.264  render           | Saved: '/Users/mohammedkalouti/Documents/Codex/2026-09-27/i/work/art/aircraft-final-production-v3/stage/assets/build/frames/unit.IR.isr/shadow/bank_right/d03_f01.png'
04:01.821  render           | Saved: '/Users/mohammedkalouti/Documents/Codex/2026-09-27/i/work/art/aircraft-final-production-v3/stage/assets/build/frames/unit.IR.isr/beauty/bank_right/d03_f02.png'
04:02.324  render           | Saved: '/Users/mohammedkalouti/Documents/Codex/2026-09-27/i/work/art/aircraft-final-production-v3/stage/assets/build/frames/unit.IR.isr/team/bank_right/d03_f02.png'
04:02.571  render           | Saved: '/var/folders/n4/43n_jxh10gg3s770b_8jbzb80000gn/T/fc-team-coverage-z6zupu8n.png'
04:03.552  render           | Saved: '/Users/mohammedkalouti/Documents/Codex/2026-09-27/i/work/art/aircraft-final-production-v3/stage/assets/build/frames/unit.IR.isr/shadow/bank_right/d03_f02.png'
04:04.106  render           | Saved: '/Users/mohammedkalouti/Documents/Codex/2026-09-27/i/work/art/aircraft-final-production-v3/stage/assets/build/frames/unit.IR.isr/beauty/bank_right/d04_f00.png'
04:04.591  render           | Saved: '/Users/mohammedkalouti/Documents/Codex/2026-09-27/i/work/art/aircraft-final-production-v3/stage/assets/build/frames/unit.IR.isr/team/bank_right/d04_f00.png'
04:04.836  render           | Saved: '/var/folders/n4/43n_jxh10gg3s770b_8jbzb80000gn/T/fc-team-coverage-ikzamk0d.png'
04:05.790  render           | Saved: '/Users/mohammedkalouti/Documents/Codex/2026-09-27/i/work/art/aircraft-final-production-v3/stage/assets/build/frames/unit.IR.isr/shadow/bank_right/d04_f00.png'
04:06.401  render           | Saved: '/Users/mohammedkalouti/Documents/Codex/2026-09-27/i/work/art/aircraft-final-production-v3/stage/assets/build/frames/unit.IR.isr/beauty/bank_right/d04_f01.png'
04:06.918  render           | Saved: '/Users/mohammedkalouti/Documents/Codex/2026-09-27/i/work/art/aircraft-final-production-v3/stage/assets/build/frames/unit.IR.isr/team/bank_right/d04_f01.png'
04:07.165  render           | Saved: '/var/folders/n4/43n_jxh10gg3s770b_8jbzb80000gn/T/fc-team-coverage-g1_lqmqx.png'
04:08.130  render           | Saved: '/Users/mohammedkalouti/Documents/Codex/2026-09-27/i/work/art/aircraft-final-production-v3/stage/assets/build/frames/unit.IR.isr/shadow/bank_right/d04_f01.png'
04:08.685  render           | Saved: '/Users/mohammedkalouti/Documents/Codex/2026-09-27/i/work/art/aircraft-final-production-v3/stage/assets/build/frames/unit.IR.isr/beauty/bank_right/d04_f02.png'
04:09.193  render           | Saved: '/Users/mohammedkalouti/Documents/Codex/2026-09-27/i/work/art/aircraft-final-production-v3/stage/assets/build/frames/unit.IR.isr/team/bank_right/d04_f02.png'
04:09.441  render           | Saved: '/var/folders/n4/43n_jxh10gg3s770b_8jbzb80000gn/T/fc-team-coverage-3mcmrjev.png'
04:10.395  render           | Saved: '/Users/mohammedkalouti/Documents/Codex/2026-09-27/i/work/art/aircraft-final-production-v3/stage/assets/build/frames/unit.IR.isr/shadow/bank_right/d04_f02.png'
04:10.957  render           | Saved: '/Users/mohammedkalouti/Documents/Codex/2026-09-27/i/work/art/aircraft-final-production-v3/stage/assets/build/frames/unit.IR.isr/beauty/bank_right/d05_f00.png'
04:11.436  render           | Saved: '/Users/mohammedkalouti/Documents/Codex/2026-09-27/i/work/art/aircraft-final-production-v3/stage/assets/build/frames/unit.IR.isr/team/bank_right/d05_f00.png'
04:11.695  render           | Saved: '/var/folders/n4/43n_jxh10gg3s770b_8jbzb80000gn/T/fc-team-coverage-vftygs_e.png'
04:12.657  render           | Saved: '/Users/mohammedkalouti/Documents/Codex/2026-09-27/i/work/art/aircraft-final-production-v3/stage/assets/build/frames/unit.IR.isr/shadow/bank_right/d05_f00.png'
04:13.223  render           | Saved: '/Users/mohammedkalouti/Documents/Codex/2026-09-27/i/work/art/aircraft-final-production-v3/stage/assets/build/frames/unit.IR.isr/beauty/bank_right/d05_f01.png'
04:13.728  render           | Saved: '/Users/mohammedkalouti/Documents/Codex/2026-09-27/i/work/art/aircraft-final-production-v3/stage/assets/build/frames/unit.IR.isr/team/bank_right/d05_f01.png'
04:13.968  render           | Saved: '/var/folders/n4/43n_jxh10gg3s770b_8jbzb80000gn/T/fc-team-coverage-zzhv9ufr.png'
04:14.947  render           | Saved: '/Users/mohammedkalouti/Documents/Codex/2026-09-27/i/work/art/aircraft-final-production-v3/stage/assets/build/frames/unit.IR.isr/shadow/bank_right/d05_f01.png'
04:15.492  render           | Saved: '/Users/mohammedkalouti/Documents/Codex/2026-09-27/i/work/art/aircraft-final-production-v3/stage/assets/build/frames/unit.IR.isr/beauty/bank_right/d05_f02.png'
04:15.973  render           | Saved: '/Users/mohammedkalouti/Documents/Codex/2026-09-27/i/work/art/aircraft-final-production-v3/stage/assets/build/frames/unit.IR.isr/team/bank_right/d05_f02.png'
04:16.214  render           | Saved: '/var/folders/n4/43n_jxh10gg3s770b_8jbzb80000gn/T/fc-team-coverage-_k_r2u5p.png'
04:17.170  render           | Saved: '/Users/mohammedkalouti/Documents/Codex/2026-09-27/i/work/art/aircraft-final-production-v3/stage/assets/build/frames/unit.IR.isr/shadow/bank_right/d05_f02.png'
04:17.717  render           | Saved: '/Users/mohammedkalouti/Documents/Codex/2026-09-27/i/work/art/aircraft-final-production-v3/stage/assets/build/frames/unit.IR.isr/beauty/bank_right/d06_f00.png'
04:18.215  render           | Saved: '/Users/mohammedkalouti/Documents/Codex/2026-09-27/i/work/art/aircraft-final-production-v3/stage/assets/build/frames/unit.IR.isr/team/bank_right/d06_f00.png'
04:18.481  render           | Saved: '/var/folders/n4/43n_jxh10gg3s770b_8jbzb80000gn/T/fc-team-coverage-kq6_hugw.png'
04:19.432  render           | Saved: '/Users/mohammedkalouti/Documents/Codex/2026-09-27/i/work/art/aircraft-final-production-v3/stage/assets/build/frames/unit.IR.isr/shadow/bank_right/d06_f00.png'
04:19.984  render           | Saved: '/Users/mohammedkalouti/Documents/Codex/2026-09-27/i/work/art/aircraft-final-production-v3/stage/assets/build/frames/unit.IR.isr/beauty/bank_right/d06_f01.png'
04:20.466  render           | Saved: '/Users/mohammedkalouti/Documents/Codex/2026-09-27/i/work/art/aircraft-final-production-v3/stage/assets/build/frames/unit.IR.isr/team/bank_right/d06_f01.png'
04:20.731  render           | Saved: '/var/folders/n4/43n_jxh10gg3s770b_8jbzb80000gn/T/fc-team-coverage-hugixivn.png'
04:21.678  render           | Saved: '/Users/mohammedkalouti/Documents/Codex/2026-09-27/i/work/art/aircraft-final-production-v3/stage/assets/build/frames/unit.IR.isr/shadow/bank_right/d06_f01.png'
04:22.226  render           | Saved: '/Users/mohammedkalouti/Documents/Codex/2026-09-27/i/work/art/aircraft-final-production-v3/stage/assets/build/frames/unit.IR.isr/beauty/bank_right/d06_f02.png'
04:22.701  render           | Saved: '/Users/mohammedkalouti/Documents/Codex/2026-09-27/i/work/art/aircraft-final-production-v3/stage/assets/build/frames/unit.IR.isr/team/bank_right/d06_f02.png'
04:22.970  render           | Saved: '/var/folders/n4/43n_jxh10gg3s770b_8jbzb80000gn/T/fc-team-coverage-jmj1nbhe.png'
04:23.921  render           | Saved: '/Users/mohammedkalouti/Documents/Codex/2026-09-27/i/work/art/aircraft-final-production-v3/stage/assets/build/frames/unit.IR.isr/shadow/bank_right/d06_f02.png'
04:24.466  render           | Saved: '/Users/mohammedkalouti/Documents/Codex/2026-09-27/i/work/art/aircraft-final-production-v3/stage/assets/build/frames/unit.IR.isr/beauty/bank_right/d07_f00.png'
04:24.952  render           | Saved: '/Users/mohammedkalouti/Documents/Codex/2026-09-27/i/work/art/aircraft-final-production-v3/stage/assets/build/frames/unit.IR.isr/team/bank_right/d07_f00.png'
04:25.203  render           | Saved: '/var/folders/n4/43n_jxh10gg3s770b_8jbzb80000gn/T/fc-team-coverage-eq4lyu04.png'
04:26.167  render           | Saved: '/Users/mohammedkalouti/Documents/Codex/2026-09-27/i/work/art/aircraft-final-production-v3/stage/assets/build/frames/unit.IR.isr/shadow/bank_right/d07_f00.png'
04:26.712  render           | Saved: '/Users/mohammedkalouti/Documents/Codex/2026-09-27/i/work/art/aircraft-final-production-v3/stage/assets/build/frames/unit.IR.isr/beauty/bank_right/d07_f01.png'
04:27.220  render           | Saved: '/Users/mohammedkalouti/Documents/Codex/2026-09-27/i/work/art/aircraft-final-production-v3/stage/assets/build/frames/unit.IR.isr/team/bank_right/d07_f01.png'
04:27.468  render           | Saved: '/var/folders/n4/43n_jxh10gg3s770b_8jbzb80000gn/T/fc-team-coverage-umx5owwc.png'
04:28.429  render           | Saved: '/Users/mohammedkalouti/Documents/Codex/2026-09-27/i/work/art/aircraft-final-production-v3/stage/assets/build/frames/unit.IR.isr/shadow/bank_right/d07_f01.png'
04:28.990  render           | Saved: '/Users/mohammedkalouti/Documents/Codex/2026-09-27/i/work/art/aircraft-final-production-v3/stage/assets/build/frames/unit.IR.isr/beauty/bank_right/d07_f02.png'
04:29.473  render           | Saved: '/Users/mohammedkalouti/Documents/Codex/2026-09-27/i/work/art/aircraft-final-production-v3/stage/assets/build/frames/unit.IR.isr/team/bank_right/d07_f02.png'
04:29.715  render           | Saved: '/var/folders/n4/43n_jxh10gg3s770b_8jbzb80000gn/T/fc-team-coverage-o7wg6793.png'
04:30.676  render           | Saved: '/Users/mohammedkalouti/Documents/Codex/2026-09-27/i/work/art/aircraft-final-production-v3/stage/assets/build/frames/unit.IR.isr/shadow/bank_right/d07_f02.png'
04:31.233  render           | Saved: '/Users/mohammedkalouti/Documents/Codex/2026-09-27/i/work/art/aircraft-final-production-v3/stage/assets/build/frames/unit.IR.isr/beauty/bank_right/d08_f00.png'
04:31.732  render           | Saved: '/Users/mohammedkalouti/Documents/Codex/2026-09-27/i/work/art/aircraft-final-production-v3/stage/assets/build/frames/unit.IR.isr/team/bank_right/d08_f00.png'
04:31.985  render           | Saved: '/var/folders/n4/43n_jxh10gg3s770b_8jbzb80000gn/T/fc-team-coverage-gcbmznb4.png'
04:32.952  render           | Saved: '/Users/mohammedkalouti/Documents/Codex/2026-09-27/i/work/art/aircraft-final-production-v3/stage/assets/build/frames/unit.IR.isr/shadow/bank_right/d08_f00.png'
04:33.494  render           | Saved: '/Users/mohammedkalouti/Documents/Codex/2026-09-27/i/work/art/aircraft-final-production-v3/stage/assets/build/frames/unit.IR.isr/beauty/bank_right/d08_f01.png'
04:33.970  render           | Saved: '/Users/mohammedkalouti/Documents/Codex/2026-09-27/i/work/art/aircraft-final-production-v3/stage/assets/build/frames/unit.IR.isr/team/bank_right/d08_f01.png'
04:34.231  render           | Saved: '/var/folders/n4/43n_jxh10gg3s770b_8jbzb80000gn/T/fc-team-coverage-xmvrsnkd.png'
04:35.206  render           | Saved: '/Users/mohammedkalouti/Documents/Codex/2026-09-27/i/work/art/aircraft-final-production-v3/stage/assets/build/frames/unit.IR.isr/shadow/bank_right/d08_f01.png'
04:35.763  render           | Saved: '/Users/mohammedkalouti/Documents/Codex/2026-09-27/i/work/art/aircraft-final-production-v3/stage/assets/build/frames/unit.IR.isr/beauty/bank_right/d08_f02.png'
04:36.257  render           | Saved: '/Users/mohammedkalouti/Documents/Codex/2026-09-27/i/work/art/aircraft-final-production-v3/stage/assets/build/frames/unit.IR.isr/team/bank_right/d08_f02.png'
04:36.497  render           | Saved: '/var/folders/n4/43n_jxh10gg3s770b_8jbzb80000gn/T/fc-team-coverage-y5uh1li_.png'
04:37.457  render           | Saved: '/Users/mohammedkalouti/Documents/Codex/2026-09-27/i/work/art/aircraft-final-production-v3/stage/assets/build/frames/unit.IR.isr/shadow/bank_right/d08_f02.png'
04:38.013  render           | Saved: '/Users/mohammedkalouti/Documents/Codex/2026-09-27/i/work/art/aircraft-final-production-v3/stage/assets/build/frames/unit.IR.isr/beauty/bank_right/d09_f00.png'
04:38.524  render           | Saved: '/Users/mohammedkalouti/Documents/Codex/2026-09-27/i/work/art/aircraft-final-production-v3/stage/assets/build/frames/unit.IR.isr/team/bank_right/d09_f00.png'
04:38.763  render           | Saved: '/var/folders/n4/43n_jxh10gg3s770b_8jbzb80000gn/T/fc-team-coverage-4tiup4ox.png'
04:39.755  render           | Saved: '/Users/mohammedkalouti/Documents/Codex/2026-09-27/i/work/art/aircraft-final-production-v3/stage/assets/build/frames/unit.IR.isr/shadow/bank_right/d09_f00.png'
04:40.314  render           | Saved: '/Users/mohammedkalouti/Documents/Codex/2026-09-27/i/work/art/aircraft-final-production-v3/stage/assets/build/frames/unit.IR.isr/beauty/bank_right/d09_f01.png'
04:40.811  render           | Saved: '/Users/mohammedkalouti/Documents/Codex/2026-09-27/i/work/art/aircraft-final-production-v3/stage/assets/build/frames/unit.IR.isr/team/bank_right/d09_f01.png'
04:41.048  render           | Saved: '/var/folders/n4/43n_jxh10gg3s770b_8jbzb80000gn/T/fc-team-coverage-2he7_qv5.png'
04:42.021  render           | Saved: '/Users/mohammedkalouti/Documents/Codex/2026-09-27/i/work/art/aircraft-final-production-v3/stage/assets/build/frames/unit.IR.isr/shadow/bank_right/d09_f01.png'
04:42.572  render           | Saved: '/Users/mohammedkalouti/Documents/Codex/2026-09-27/i/work/art/aircraft-final-production-v3/stage/assets/build/frames/unit.IR.isr/beauty/bank_right/d09_f02.png'
04:43.060  render           | Saved: '/Users/mohammedkalouti/Documents/Codex/2026-09-27/i/work/art/aircraft-final-production-v3/stage/assets/build/frames/unit.IR.isr/team/bank_right/d09_f02.png'
04:43.303  render           | Saved: '/var/folders/n4/43n_jxh10gg3s770b_8jbzb80000gn/T/fc-team-coverage-9g306tht.png'
04:44.275  render           | Saved: '/Users/mohammedkalouti/Documents/Codex/2026-09-27/i/work/art/aircraft-final-production-v3/stage/assets/build/frames/unit.IR.isr/shadow/bank_right/d09_f02.png'
04:44.847  render           | Saved: '/Users/mohammedkalouti/Documents/Codex/2026-09-27/i/work/art/aircraft-final-production-v3/stage/assets/build/frames/unit.IR.isr/beauty/bank_right/d10_f00.png'
04:45.341  render           | Saved: '/Users/mohammedkalouti/Documents/Codex/2026-09-27/i/work/art/aircraft-final-production-v3/stage/assets/build/frames/unit.IR.isr/team/bank_right/d10_f00.png'
04:45.585  render           | Saved: '/var/folders/n4/43n_jxh10gg3s770b_8jbzb80000gn/T/fc-team-coverage-0fmznl24.png'
04:46.546  render           | Saved: '/Users/mohammedkalouti/Documents/Codex/2026-09-27/i/work/art/aircraft-final-production-v3/stage/assets/build/frames/unit.IR.isr/shadow/bank_right/d10_f00.png'
04:47.101  render           | Saved: '/Users/mohammedkalouti/Documents/Codex/2026-09-27/i/work/art/aircraft-final-production-v3/stage/assets/build/frames/unit.IR.isr/beauty/bank_right/d10_f01.png'
04:47.590  render           | Saved: '/Users/mohammedkalouti/Documents/Codex/2026-09-27/i/work/art/aircraft-final-production-v3/stage/assets/build/frames/unit.IR.isr/team/bank_right/d10_f01.png'
04:47.829  render           | Saved: '/var/folders/n4/43n_jxh10gg3s770b_8jbzb80000gn/T/fc-team-coverage-aomfuegd.png'
04:48.796  render           | Saved: '/Users/mohammedkalouti/Documents/Codex/2026-09-27/i/work/art/aircraft-final-production-v3/stage/assets/build/frames/unit.IR.isr/shadow/bank_right/d10_f01.png'
04:49.348  render           | Saved: '/Users/mohammedkalouti/Documents/Codex/2026-09-27/i/work/art/aircraft-final-production-v3/stage/assets/build/frames/unit.IR.isr/beauty/bank_right/d10_f02.png'
04:49.838  render           | Saved: '/Users/mohammedkalouti/Documents/Codex/2026-09-27/i/work/art/aircraft-final-production-v3/stage/assets/build/frames/unit.IR.isr/team/bank_right/d10_f02.png'
04:50.084  render           | Saved: '/var/folders/n4/43n_jxh10gg3s770b_8jbzb80000gn/T/fc-team-coverage-q2zy082d.png'
04:51.037  render           | Saved: '/Users/mohammedkalouti/Documents/Codex/2026-09-27/i/work/art/aircraft-final-production-v3/stage/assets/build/frames/unit.IR.isr/shadow/bank_right/d10_f02.png'
04:51.589  render           | Saved: '/Users/mohammedkalouti/Documents/Codex/2026-09-27/i/work/art/aircraft-final-production-v3/stage/assets/build/frames/unit.IR.isr/beauty/bank_right/d11_f00.png'
04:52.070  render           | Saved: '/Users/mohammedkalouti/Documents/Codex/2026-09-27/i/work/art/aircraft-final-production-v3/stage/assets/build/frames/unit.IR.isr/team/bank_right/d11_f00.png'
04:52.312  render           | Saved: '/var/folders/n4/43n_jxh10gg3s770b_8jbzb80000gn/T/fc-team-coverage-550j76h8.png'
04:53.279  render           | Saved: '/Users/mohammedkalouti/Documents/Codex/2026-09-27/i/work/art/aircraft-final-production-v3/stage/assets/build/frames/unit.IR.isr/shadow/bank_right/d11_f00.png'
04:53.855  render           | Saved: '/Users/mohammedkalouti/Documents/Codex/2026-09-27/i/work/art/aircraft-final-production-v3/stage/assets/build/frames/unit.IR.isr/beauty/bank_right/d11_f01.png'
04:54.361  render           | Saved: '/Users/mohammedkalouti/Documents/Codex/2026-09-27/i/work/art/aircraft-final-production-v3/stage/assets/build/frames/unit.IR.isr/team/bank_right/d11_f01.png'
04:54.598  render           | Saved: '/var/folders/n4/43n_jxh10gg3s770b_8jbzb80000gn/T/fc-team-coverage-6ozh_qb6.png'
04:55.553  render           | Saved: '/Users/mohammedkalouti/Documents/Codex/2026-09-27/i/work/art/aircraft-final-production-v3/stage/assets/build/frames/unit.IR.isr/shadow/bank_right/d11_f01.png'
04:56.121  render           | Saved: '/Users/mohammedkalouti/Documents/Codex/2026-09-27/i/work/art/aircraft-final-production-v3/stage/assets/build/frames/unit.IR.isr/beauty/bank_right/d11_f02.png'
04:56.604  render           | Saved: '/Users/mohammedkalouti/Documents/Codex/2026-09-27/i/work/art/aircraft-final-production-v3/stage/assets/build/frames/unit.IR.isr/team/bank_right/d11_f02.png'
04:56.850  render           | Saved: '/var/folders/n4/43n_jxh10gg3s770b_8jbzb80000gn/T/fc-team-coverage-yi578kfs.png'
04:57.801  render           | Saved: '/Users/mohammedkalouti/Documents/Codex/2026-09-27/i/work/art/aircraft-final-production-v3/stage/assets/build/frames/unit.IR.isr/shadow/bank_right/d11_f02.png'
04:58.353  render           | Saved: '/Users/mohammedkalouti/Documents/Codex/2026-09-27/i/work/art/aircraft-final-production-v3/stage/assets/build/frames/unit.IR.isr/beauty/bank_right/d12_f00.png'
04:58.843  render           | Saved: '/Users/mohammedkalouti/Documents/Codex/2026-09-27/i/work/art/aircraft-final-production-v3/stage/assets/build/frames/unit.IR.isr/team/bank_right/d12_f00.png'
04:59.093  render           | Saved: '/var/folders/n4/43n_jxh10gg3s770b_8jbzb80000gn/T/fc-team-coverage-187ri4lt.png'
05:00.067  render           | Saved: '/Users/mohammedkalouti/Documents/Codex/2026-09-27/i/work/art/aircraft-final-production-v3/stage/assets/build/frames/unit.IR.isr/shadow/bank_right/d12_f00.png'
05:00.625  render           | Saved: '/Users/mohammedkalouti/Documents/Codex/2026-09-27/i/work/art/aircraft-final-production-v3/stage/assets/build/frames/unit.IR.isr/beauty/bank_right/d12_f01.png'
05:01.107  render           | Saved: '/Users/mohammedkalouti/Documents/Codex/2026-09-27/i/work/art/aircraft-final-production-v3/stage/assets/build/frames/unit.IR.isr/team/bank_right/d12_f01.png'
05:01.367  render           | Saved: '/var/folders/n4/43n_jxh10gg3s770b_8jbzb80000gn/T/fc-team-coverage-59cjh_rg.png'
05:02.316  render           | Saved: '/Users/mohammedkalouti/Documents/Codex/2026-09-27/i/work/art/aircraft-final-production-v3/stage/assets/build/frames/unit.IR.isr/shadow/bank_right/d12_f01.png'
05:02.868  render           | Saved: '/Users/mohammedkalouti/Documents/Codex/2026-09-27/i/work/art/aircraft-final-production-v3/stage/assets/build/frames/unit.IR.isr/beauty/bank_right/d12_f02.png'
05:03.352  render           | Saved: '/Users/mohammedkalouti/Documents/Codex/2026-09-27/i/work/art/aircraft-final-production-v3/stage/assets/build/frames/unit.IR.isr/team/bank_right/d12_f02.png'
05:03.612  render           | Saved: '/var/folders/n4/43n_jxh10gg3s770b_8jbzb80000gn/T/fc-team-coverage-3g2k4cw4.png'
05:04.577  render           | Saved: '/Users/mohammedkalouti/Documents/Codex/2026-09-27/i/work/art/aircraft-final-production-v3/stage/assets/build/frames/unit.IR.isr/shadow/bank_right/d12_f02.png'
05:05.177  render           | Saved: '/Users/mohammedkalouti/Documents/Codex/2026-09-27/i/work/art/aircraft-final-production-v3/stage/assets/build/frames/unit.IR.isr/beauty/bank_right/d13_f00.png'
05:05.673  render           | Saved: '/Users/mohammedkalouti/Documents/Codex/2026-09-27/i/work/art/aircraft-final-production-v3/stage/assets/build/frames/unit.IR.isr/team/bank_right/d13_f00.png'
05:05.948  render           | Saved: '/var/folders/n4/43n_jxh10gg3s770b_8jbzb80000gn/T/fc-team-coverage-qt9ngdam.png'
05:06.937  render           | Saved: '/Users/mohammedkalouti/Documents/Codex/2026-09-27/i/work/art/aircraft-final-production-v3/stage/assets/build/frames/unit.IR.isr/shadow/bank_right/d13_f00.png'
05:07.510  render           | Saved: '/Users/mohammedkalouti/Documents/Codex/2026-09-27/i/work/art/aircraft-final-production-v3/stage/assets/build/frames/unit.IR.isr/beauty/bank_right/d13_f01.png'
05:08.010  render           | Saved: '/Users/mohammedkalouti/Documents/Codex/2026-09-27/i/work/art/aircraft-final-production-v3/stage/assets/build/frames/unit.IR.isr/team/bank_right/d13_f01.png'
05:08.269  render           | Saved: '/var/folders/n4/43n_jxh10gg3s770b_8jbzb80000gn/T/fc-team-coverage-hwwui_lx.png'
05:09.248  render           | Saved: '/Users/mohammedkalouti/Documents/Codex/2026-09-27/i/work/art/aircraft-final-production-v3/stage/assets/build/frames/unit.IR.isr/shadow/bank_right/d13_f01.png'
05:09.803  render           | Saved: '/Users/mohammedkalouti/Documents/Codex/2026-09-27/i/work/art/aircraft-final-production-v3/stage/assets/build/frames/unit.IR.isr/beauty/bank_right/d13_f02.png'
05:10.287  render           | Saved: '/Users/mohammedkalouti/Documents/Codex/2026-09-27/i/work/art/aircraft-final-production-v3/stage/assets/build/frames/unit.IR.isr/team/bank_right/d13_f02.png'
05:10.542  render           | Saved: '/var/folders/n4/43n_jxh10gg3s770b_8jbzb80000gn/T/fc-team-coverage-6vkpn7k9.png'
05:11.538  render           | Saved: '/Users/mohammedkalouti/Documents/Codex/2026-09-27/i/work/art/aircraft-final-production-v3/stage/assets/build/frames/unit.IR.isr/shadow/bank_right/d13_f02.png'
05:12.113  render           | Saved: '/Users/mohammedkalouti/Documents/Codex/2026-09-27/i/work/art/aircraft-final-production-v3/stage/assets/build/frames/unit.IR.isr/beauty/bank_right/d14_f00.png'
05:12.592  render           | Saved: '/Users/mohammedkalouti/Documents/Codex/2026-09-27/i/work/art/aircraft-final-production-v3/stage/assets/build/frames/unit.IR.isr/team/bank_right/d14_f00.png'
05:12.828  render           | Saved: '/var/folders/n4/43n_jxh10gg3s770b_8jbzb80000gn/T/fc-team-coverage-fvx9d8v8.png'
05:13.927  render           | Saved: '/Users/mohammedkalouti/Documents/Codex/2026-09-27/i/work/art/aircraft-final-production-v3/stage/assets/build/frames/unit.IR.isr/shadow/bank_right/d14_f00.png'
05:14.561  render           | Saved: '/Users/mohammedkalouti/Documents/Codex/2026-09-27/i/work/art/aircraft-final-production-v3/stage/assets/build/frames/unit.IR.isr/beauty/bank_right/d14_f01.png'
05:15.080  render           | Saved: '/Users/mohammedkalouti/Documents/Codex/2026-09-27/i/work/art/aircraft-final-production-v3/stage/assets/build/frames/unit.IR.isr/team/bank_right/d14_f01.png'
05:15.339  render           | Saved: '/var/folders/n4/43n_jxh10gg3s770b_8jbzb80000gn/T/fc-team-coverage-ldkr1ef6.png'
05:16.402  render           | Saved: '/Users/mohammedkalouti/Documents/Codex/2026-09-27/i/work/art/aircraft-final-production-v3/stage/assets/build/frames/unit.IR.isr/shadow/bank_right/d14_f01.png'
05:17.013  render           | Saved: '/Users/mohammedkalouti/Documents/Codex/2026-09-27/i/work/art/aircraft-final-production-v3/stage/assets/build/frames/unit.IR.isr/beauty/bank_right/d14_f02.png'
05:17.518  render           | Saved: '/Users/mohammedkalouti/Documents/Codex/2026-09-27/i/work/art/aircraft-final-production-v3/stage/assets/build/frames/unit.IR.isr/team/bank_right/d14_f02.png'
05:17.765  render           | Saved: '/var/folders/n4/43n_jxh10gg3s770b_8jbzb80000gn/T/fc-team-coverage-8b_hcvok.png'
05:18.748  render           | Saved: '/Users/mohammedkalouti/Documents/Codex/2026-09-27/i/work/art/aircraft-final-production-v3/stage/assets/build/frames/unit.IR.isr/shadow/bank_right/d14_f02.png'
05:19.318  render           | Saved: '/Users/mohammedkalouti/Documents/Codex/2026-09-27/i/work/art/aircraft-final-production-v3/stage/assets/build/frames/unit.IR.isr/beauty/bank_right/d15_f00.png'
05:19.812  render           | Saved: '/Users/mohammedkalouti/Documents/Codex/2026-09-27/i/work/art/aircraft-final-production-v3/stage/assets/build/frames/unit.IR.isr/team/bank_right/d15_f00.png'
05:20.049  render           | Saved: '/var/folders/n4/43n_jxh10gg3s770b_8jbzb80000gn/T/fc-team-coverage-i487t19p.png'
05:21.023  render           | Saved: '/Users/mohammedkalouti/Documents/Codex/2026-09-27/i/work/art/aircraft-final-production-v3/stage/assets/build/frames/unit.IR.isr/shadow/bank_right/d15_f00.png'
05:21.581  render           | Saved: '/Users/mohammedkalouti/Documents/Codex/2026-09-27/i/work/art/aircraft-final-production-v3/stage/assets/build/frames/unit.IR.isr/beauty/bank_right/d15_f01.png'
05:22.099  render           | Saved: '/Users/mohammedkalouti/Documents/Codex/2026-09-27/i/work/art/aircraft-final-production-v3/stage/assets/build/frames/unit.IR.isr/team/bank_right/d15_f01.png'
05:22.349  render           | Saved: '/var/folders/n4/43n_jxh10gg3s770b_8jbzb80000gn/T/fc-team-coverage-pomemyfs.png'
05:23.318  render           | Saved: '/Users/mohammedkalouti/Documents/Codex/2026-09-27/i/work/art/aircraft-final-production-v3/stage/assets/build/frames/unit.IR.isr/shadow/bank_right/d15_f01.png'
05:23.874  render           | Saved: '/Users/mohammedkalouti/Documents/Codex/2026-09-27/i/work/art/aircraft-final-production-v3/stage/assets/build/frames/unit.IR.isr/beauty/bank_right/d15_f02.png'
05:24.387  render           | Saved: '/Users/mohammedkalouti/Documents/Codex/2026-09-27/i/work/art/aircraft-final-production-v3/stage/assets/build/frames/unit.IR.isr/team/bank_right/d15_f02.png'
05:24.640  render           | Saved: '/var/folders/n4/43n_jxh10gg3s770b_8jbzb80000gn/T/fc-team-coverage-2rqjwg3f.png'
05:25.636  render           | Saved: '/Users/mohammedkalouti/Documents/Codex/2026-09-27/i/work/art/aircraft-final-production-v3/stage/assets/build/frames/unit.IR.isr/shadow/bank_right/d15_f02.png'
05:26.223  render           | Saved: '/Users/mohammedkalouti/Documents/Codex/2026-09-27/i/work/art/aircraft-final-production-v3/stage/assets/build/frames/unit.IR.isr/beauty/parked/d00_f00.png'
05:26.728  render           | Saved: '/Users/mohammedkalouti/Documents/Codex/2026-09-27/i/work/art/aircraft-final-production-v3/stage/assets/build/frames/unit.IR.isr/team/parked/d00_f00.png'
05:27.627  render           | Saved: '/Users/mohammedkalouti/Documents/Codex/2026-09-27/i/work/art/aircraft-final-production-v3/stage/assets/build/frames/unit.IR.isr/shadow/parked/d00_f00.png'
05:28.184  render           | Saved: '/Users/mohammedkalouti/Documents/Codex/2026-09-27/i/work/art/aircraft-final-production-v3/stage/assets/build/frames/unit.IR.isr/beauty/parked/d01_f00.png'
05:28.672  render           | Saved: '/Users/mohammedkalouti/Documents/Codex/2026-09-27/i/work/art/aircraft-final-production-v3/stage/assets/build/frames/unit.IR.isr/team/parked/d01_f00.png'
05:29.602  render           | Saved: '/Users/mohammedkalouti/Documents/Codex/2026-09-27/i/work/art/aircraft-final-production-v3/stage/assets/build/frames/unit.IR.isr/shadow/parked/d01_f00.png'
05:30.151  render           | Saved: '/Users/mohammedkalouti/Documents/Codex/2026-09-27/i/work/art/aircraft-final-production-v3/stage/assets/build/frames/unit.IR.isr/beauty/parked/d02_f00.png'
05:30.644  render           | Saved: '/Users/mohammedkalouti/Documents/Codex/2026-09-27/i/work/art/aircraft-final-production-v3/stage/assets/build/frames/unit.IR.isr/team/parked/d02_f00.png'
05:31.555  render           | Saved: '/Users/mohammedkalouti/Documents/Codex/2026-09-27/i/work/art/aircraft-final-production-v3/stage/assets/build/frames/unit.IR.isr/shadow/parked/d02_f00.png'
05:32.130  render           | Saved: '/Users/mohammedkalouti/Documents/Codex/2026-09-27/i/work/art/aircraft-final-production-v3/stage/assets/build/frames/unit.IR.isr/beauty/parked/d03_f00.png'
05:32.624  render           | Saved: '/Users/mohammedkalouti/Documents/Codex/2026-09-27/i/work/art/aircraft-final-production-v3/stage/assets/build/frames/unit.IR.isr/team/parked/d03_f00.png'
05:33.545  render           | Saved: '/Users/mohammedkalouti/Documents/Codex/2026-09-27/i/work/art/aircraft-final-production-v3/stage/assets/build/frames/unit.IR.isr/shadow/parked/d03_f00.png'
05:34.090  render           | Saved: '/Users/mohammedkalouti/Documents/Codex/2026-09-27/i/work/art/aircraft-final-production-v3/stage/assets/build/frames/unit.IR.isr/beauty/parked/d04_f00.png'
05:34.563  render           | Saved: '/Users/mohammedkalouti/Documents/Codex/2026-09-27/i/work/art/aircraft-final-production-v3/stage/assets/build/frames/unit.IR.isr/team/parked/d04_f00.png'
05:35.468  render           | Saved: '/Users/mohammedkalouti/Documents/Codex/2026-09-27/i/work/art/aircraft-final-production-v3/stage/assets/build/frames/unit.IR.isr/shadow/parked/d04_f00.png'
05:36.016  render           | Saved: '/Users/mohammedkalouti/Documents/Codex/2026-09-27/i/work/art/aircraft-final-production-v3/stage/assets/build/frames/unit.IR.isr/beauty/parked/d05_f00.png'
05:36.492  render           | Saved: '/Users/mohammedkalouti/Documents/Codex/2026-09-27/i/work/art/aircraft-final-production-v3/stage/assets/build/frames/unit.IR.isr/team/parked/d05_f00.png'
05:37.383  render           | Saved: '/Users/mohammedkalouti/Documents/Codex/2026-09-27/i/work/art/aircraft-final-production-v3/stage/assets/build/frames/unit.IR.isr/shadow/parked/d05_f00.png'
05:37.924  render           | Saved: '/Users/mohammedkalouti/Documents/Codex/2026-09-27/i/work/art/aircraft-final-production-v3/stage/assets/build/frames/unit.IR.isr/beauty/parked/d06_f00.png'
05:38.394  render           | Saved: '/Users/mohammedkalouti/Documents/Codex/2026-09-27/i/work/art/aircraft-final-production-v3/stage/assets/build/frames/unit.IR.isr/team/parked/d06_f00.png'
05:39.289  render           | Saved: '/Users/mohammedkalouti/Documents/Codex/2026-09-27/i/work/art/aircraft-final-production-v3/stage/assets/build/frames/unit.IR.isr/shadow/parked/d06_f00.png'
05:39.854  render           | Saved: '/Users/mohammedkalouti/Documents/Codex/2026-09-27/i/work/art/aircraft-final-production-v3/stage/assets/build/frames/unit.IR.isr/beauty/parked/d07_f00.png'
05:40.354  render           | Saved: '/Users/mohammedkalouti/Documents/Codex/2026-09-27/i/work/art/aircraft-final-production-v3/stage/assets/build/frames/unit.IR.isr/team/parked/d07_f00.png'
05:41.254  render           | Saved: '/Users/mohammedkalouti/Documents/Codex/2026-09-27/i/work/art/aircraft-final-production-v3/stage/assets/build/frames/unit.IR.isr/shadow/parked/d07_f00.png'
05:41.784  render           | Saved: '/Users/mohammedkalouti/Documents/Codex/2026-09-27/i/work/art/aircraft-final-production-v3/stage/assets/build/frames/unit.IR.isr/beauty/parked/d08_f00.png'
05:42.259  render           | Saved: '/Users/mohammedkalouti/Documents/Codex/2026-09-27/i/work/art/aircraft-final-production-v3/stage/assets/build/frames/unit.IR.isr/team/parked/d08_f00.png'
05:43.163  render           | Saved: '/Users/mohammedkalouti/Documents/Codex/2026-09-27/i/work/art/aircraft-final-production-v3/stage/assets/build/frames/unit.IR.isr/shadow/parked/d08_f00.png'
05:43.722  render           | Saved: '/Users/mohammedkalouti/Documents/Codex/2026-09-27/i/work/art/aircraft-final-production-v3/stage/assets/build/frames/unit.IR.isr/beauty/parked/d09_f00.png'
05:44.199  render           | Saved: '/Users/mohammedkalouti/Documents/Codex/2026-09-27/i/work/art/aircraft-final-production-v3/stage/assets/build/frames/unit.IR.isr/team/parked/d09_f00.png'
05:45.130  render           | Saved: '/Users/mohammedkalouti/Documents/Codex/2026-09-27/i/work/art/aircraft-final-production-v3/stage/assets/build/frames/unit.IR.isr/shadow/parked/d09_f00.png'
05:45.659  render           | Saved: '/Users/mohammedkalouti/Documents/Codex/2026-09-27/i/work/art/aircraft-final-production-v3/stage/assets/build/frames/unit.IR.isr/beauty/parked/d10_f00.png'
05:46.129  render           | Saved: '/Users/mohammedkalouti/Documents/Codex/2026-09-27/i/work/art/aircraft-final-production-v3/stage/assets/build/frames/unit.IR.isr/team/parked/d10_f00.png'
05:47.038  render           | Saved: '/Users/mohammedkalouti/Documents/Codex/2026-09-27/i/work/art/aircraft-final-production-v3/stage/assets/build/frames/unit.IR.isr/shadow/parked/d10_f00.png'
05:47.569  render           | Saved: '/Users/mohammedkalouti/Documents/Codex/2026-09-27/i/work/art/aircraft-final-production-v3/stage/assets/build/frames/unit.IR.isr/beauty/parked/d11_f00.png'
05:48.040  render           | Saved: '/Users/mohammedkalouti/Documents/Codex/2026-09-27/i/work/art/aircraft-final-production-v3/stage/assets/build/frames/unit.IR.isr/team/parked/d11_f00.png'
05:48.961  render           | Saved: '/Users/mohammedkalouti/Documents/Codex/2026-09-27/i/work/art/aircraft-final-production-v3/stage/assets/build/frames/unit.IR.isr/shadow/parked/d11_f00.png'
05:49.514  render           | Saved: '/Users/mohammedkalouti/Documents/Codex/2026-09-27/i/work/art/aircraft-final-production-v3/stage/assets/build/frames/unit.IR.isr/beauty/parked/d12_f00.png'
05:49.998  render           | Saved: '/Users/mohammedkalouti/Documents/Codex/2026-09-27/i/work/art/aircraft-final-production-v3/stage/assets/build/frames/unit.IR.isr/team/parked/d12_f00.png'
05:50.913  render           | Saved: '/Users/mohammedkalouti/Documents/Codex/2026-09-27/i/work/art/aircraft-final-production-v3/stage/assets/build/frames/unit.IR.isr/shadow/parked/d12_f00.png'
05:51.450  render           | Saved: '/Users/mohammedkalouti/Documents/Codex/2026-09-27/i/work/art/aircraft-final-production-v3/stage/assets/build/frames/unit.IR.isr/beauty/parked/d13_f00.png'
05:51.953  render           | Saved: '/Users/mohammedkalouti/Documents/Codex/2026-09-27/i/work/art/aircraft-final-production-v3/stage/assets/build/frames/unit.IR.isr/team/parked/d13_f00.png'
05:52.845  render           | Saved: '/Users/mohammedkalouti/Documents/Codex/2026-09-27/i/work/art/aircraft-final-production-v3/stage/assets/build/frames/unit.IR.isr/shadow/parked/d13_f00.png'
05:53.421  render           | Saved: '/Users/mohammedkalouti/Documents/Codex/2026-09-27/i/work/art/aircraft-final-production-v3/stage/assets/build/frames/unit.IR.isr/beauty/parked/d14_f00.png'
05:53.907  render           | Saved: '/Users/mohammedkalouti/Documents/Codex/2026-09-27/i/work/art/aircraft-final-production-v3/stage/assets/build/frames/unit.IR.isr/team/parked/d14_f00.png'
05:54.828  render           | Saved: '/Users/mohammedkalouti/Documents/Codex/2026-09-27/i/work/art/aircraft-final-production-v3/stage/assets/build/frames/unit.IR.isr/shadow/parked/d14_f00.png'
05:55.363  render           | Saved: '/Users/mohammedkalouti/Documents/Codex/2026-09-27/i/work/art/aircraft-final-production-v3/stage/assets/build/frames/unit.IR.isr/beauty/parked/d15_f00.png'
05:55.848  render           | Saved: '/Users/mohammedkalouti/Documents/Codex/2026-09-27/i/work/art/aircraft-final-production-v3/stage/assets/build/frames/unit.IR.isr/team/parked/d15_f00.png'
05:56.759  render           | Saved: '/Users/mohammedkalouti/Documents/Codex/2026-09-27/i/work/art/aircraft-final-production-v3/stage/assets/build/frames/unit.IR.isr/shadow/parked/d15_f00.png'
05:57.348  render           | Saved: '/Users/mohammedkalouti/Documents/Codex/2026-09-27/i/work/art/aircraft-final-production-v3/stage/assets/build/frames/unit.IR.isr/beauty/launch/d00_f00.png'
05:57.839  render           | Saved: '/Users/mohammedkalouti/Documents/Codex/2026-09-27/i/work/art/aircraft-final-production-v3/stage/assets/build/frames/unit.IR.isr/team/launch/d00_f00.png'
05:58.081  render           | Saved: '/var/folders/n4/43n_jxh10gg3s770b_8jbzb80000gn/T/fc-team-coverage-94sl7wfd.png'
05:59.077  render           | Saved: '/Users/mohammedkalouti/Documents/Codex/2026-09-27/i/work/art/aircraft-final-production-v3/stage/assets/build/frames/unit.IR.isr/shadow/launch/d00_f00.png'
05:59.628  render           | Saved: '/Users/mohammedkalouti/Documents/Codex/2026-09-27/i/work/art/aircraft-final-production-v3/stage/assets/build/frames/unit.IR.isr/beauty/launch/d00_f01.png'
06:00.102  render           | Saved: '/Users/mohammedkalouti/Documents/Codex/2026-09-27/i/work/art/aircraft-final-production-v3/stage/assets/build/frames/unit.IR.isr/team/launch/d00_f01.png'
06:00.351  render           | Saved: '/var/folders/n4/43n_jxh10gg3s770b_8jbzb80000gn/T/fc-team-coverage-i4nlsf7z.png'
06:01.290  render           | Saved: '/Users/mohammedkalouti/Documents/Codex/2026-09-27/i/work/art/aircraft-final-production-v3/stage/assets/build/frames/unit.IR.isr/shadow/launch/d00_f01.png'
06:01.846  render           | Saved: '/Users/mohammedkalouti/Documents/Codex/2026-09-27/i/work/art/aircraft-final-production-v3/stage/assets/build/frames/unit.IR.isr/beauty/launch/d00_f02.png'
06:02.325  render           | Saved: '/Users/mohammedkalouti/Documents/Codex/2026-09-27/i/work/art/aircraft-final-production-v3/stage/assets/build/frames/unit.IR.isr/team/launch/d00_f02.png'
06:02.576  render           | Saved: '/var/folders/n4/43n_jxh10gg3s770b_8jbzb80000gn/T/fc-team-coverage-myexo3nc.png'
06:03.526  render           | Saved: '/Users/mohammedkalouti/Documents/Codex/2026-09-27/i/work/art/aircraft-final-production-v3/stage/assets/build/frames/unit.IR.isr/shadow/launch/d00_f02.png'
06:04.088  render           | Saved: '/Users/mohammedkalouti/Documents/Codex/2026-09-27/i/work/art/aircraft-final-production-v3/stage/assets/build/frames/unit.IR.isr/beauty/launch/d00_f03.png'
06:04.576  render           | Saved: '/Users/mohammedkalouti/Documents/Codex/2026-09-27/i/work/art/aircraft-final-production-v3/stage/assets/build/frames/unit.IR.isr/team/launch/d00_f03.png'
06:04.835  render           | Saved: '/var/folders/n4/43n_jxh10gg3s770b_8jbzb80000gn/T/fc-team-coverage-30flwet0.png'
06:05.767  render           | Saved: '/Users/mohammedkalouti/Documents/Codex/2026-09-27/i/work/art/aircraft-final-production-v3/stage/assets/build/frames/unit.IR.isr/shadow/launch/d00_f03.png'
06:06.321  render           | Saved: '/Users/mohammedkalouti/Documents/Codex/2026-09-27/i/work/art/aircraft-final-production-v3/stage/assets/build/frames/unit.IR.isr/beauty/launch/d01_f00.png'
06:06.808  render           | Saved: '/Users/mohammedkalouti/Documents/Codex/2026-09-27/i/work/art/aircraft-final-production-v3/stage/assets/build/frames/unit.IR.isr/team/launch/d01_f00.png'
06:07.049  render           | Saved: '/var/folders/n4/43n_jxh10gg3s770b_8jbzb80000gn/T/fc-team-coverage-sqid4omh.png'
06:08.014  render           | Saved: '/Users/mohammedkalouti/Documents/Codex/2026-09-27/i/work/art/aircraft-final-production-v3/stage/assets/build/frames/unit.IR.isr/shadow/launch/d01_f00.png'
06:08.569  render           | Saved: '/Users/mohammedkalouti/Documents/Codex/2026-09-27/i/work/art/aircraft-final-production-v3/stage/assets/build/frames/unit.IR.isr/beauty/launch/d01_f01.png'
06:09.073  render           | Saved: '/Users/mohammedkalouti/Documents/Codex/2026-09-27/i/work/art/aircraft-final-production-v3/stage/assets/build/frames/unit.IR.isr/team/launch/d01_f01.png'
06:09.318  render           | Saved: '/var/folders/n4/43n_jxh10gg3s770b_8jbzb80000gn/T/fc-team-coverage-na4v07cj.png'
06:10.273  render           | Saved: '/Users/mohammedkalouti/Documents/Codex/2026-09-27/i/work/art/aircraft-final-production-v3/stage/assets/build/frames/unit.IR.isr/shadow/launch/d01_f01.png'
06:10.826  render           | Saved: '/Users/mohammedkalouti/Documents/Codex/2026-09-27/i/work/art/aircraft-final-production-v3/stage/assets/build/frames/unit.IR.isr/beauty/launch/d01_f02.png'
06:11.304  render           | Saved: '/Users/mohammedkalouti/Documents/Codex/2026-09-27/i/work/art/aircraft-final-production-v3/stage/assets/build/frames/unit.IR.isr/team/launch/d01_f02.png'
06:11.547  render           | Saved: '/var/folders/n4/43n_jxh10gg3s770b_8jbzb80000gn/T/fc-team-coverage-qu7l25hp.png'
06:12.494  render           | Saved: '/Users/mohammedkalouti/Documents/Codex/2026-09-27/i/work/art/aircraft-final-production-v3/stage/assets/build/frames/unit.IR.isr/shadow/launch/d01_f02.png'
06:13.059  render           | Saved: '/Users/mohammedkalouti/Documents/Codex/2026-09-27/i/work/art/aircraft-final-production-v3/stage/assets/build/frames/unit.IR.isr/beauty/launch/d01_f03.png'
06:13.554  render           | Saved: '/Users/mohammedkalouti/Documents/Codex/2026-09-27/i/work/art/aircraft-final-production-v3/stage/assets/build/frames/unit.IR.isr/team/launch/d01_f03.png'
06:13.791  render           | Saved: '/var/folders/n4/43n_jxh10gg3s770b_8jbzb80000gn/T/fc-team-coverage-qsv34x3_.png'
06:14.746  render           | Saved: '/Users/mohammedkalouti/Documents/Codex/2026-09-27/i/work/art/aircraft-final-production-v3/stage/assets/build/frames/unit.IR.isr/shadow/launch/d01_f03.png'
06:15.308  render           | Saved: '/Users/mohammedkalouti/Documents/Codex/2026-09-27/i/work/art/aircraft-final-production-v3/stage/assets/build/frames/unit.IR.isr/beauty/launch/d02_f00.png'
06:15.795  render           | Saved: '/Users/mohammedkalouti/Documents/Codex/2026-09-27/i/work/art/aircraft-final-production-v3/stage/assets/build/frames/unit.IR.isr/team/launch/d02_f00.png'
06:16.049  render           | Saved: '/var/folders/n4/43n_jxh10gg3s770b_8jbzb80000gn/T/fc-team-coverage-fx6kdo2q.png'
06:17.015  render           | Saved: '/Users/mohammedkalouti/Documents/Codex/2026-09-27/i/work/art/aircraft-final-production-v3/stage/assets/build/frames/unit.IR.isr/shadow/launch/d02_f00.png'
06:17.569  render           | Saved: '/Users/mohammedkalouti/Documents/Codex/2026-09-27/i/work/art/aircraft-final-production-v3/stage/assets/build/frames/unit.IR.isr/beauty/launch/d02_f01.png'
06:18.061  render           | Saved: '/Users/mohammedkalouti/Documents/Codex/2026-09-27/i/work/art/aircraft-final-production-v3/stage/assets/build/frames/unit.IR.isr/team/launch/d02_f01.png'
06:18.316  render           | Saved: '/var/folders/n4/43n_jxh10gg3s770b_8jbzb80000gn/T/fc-team-coverage-06b25mo5.png'
06:19.271  render           | Saved: '/Users/mohammedkalouti/Documents/Codex/2026-09-27/i/work/art/aircraft-final-production-v3/stage/assets/build/frames/unit.IR.isr/shadow/launch/d02_f01.png'
06:19.825  render           | Saved: '/Users/mohammedkalouti/Documents/Codex/2026-09-27/i/work/art/aircraft-final-production-v3/stage/assets/build/frames/unit.IR.isr/beauty/launch/d02_f02.png'
06:20.306  render           | Saved: '/Users/mohammedkalouti/Documents/Codex/2026-09-27/i/work/art/aircraft-final-production-v3/stage/assets/build/frames/unit.IR.isr/team/launch/d02_f02.png'
06:20.567  render           | Saved: '/var/folders/n4/43n_jxh10gg3s770b_8jbzb80000gn/T/fc-team-coverage-2qlx3ed5.png'
06:21.535  render           | Saved: '/Users/mohammedkalouti/Documents/Codex/2026-09-27/i/work/art/aircraft-final-production-v3/stage/assets/build/frames/unit.IR.isr/shadow/launch/d02_f02.png'
06:22.095  render           | Saved: '/Users/mohammedkalouti/Documents/Codex/2026-09-27/i/work/art/aircraft-final-production-v3/stage/assets/build/frames/unit.IR.isr/beauty/launch/d02_f03.png'
06:22.586  render           | Saved: '/Users/mohammedkalouti/Documents/Codex/2026-09-27/i/work/art/aircraft-final-production-v3/stage/assets/build/frames/unit.IR.isr/team/launch/d02_f03.png'
06:22.841  render           | Saved: '/var/folders/n4/43n_jxh10gg3s770b_8jbzb80000gn/T/fc-team-coverage-srgow7cn.png'
06:23.814  render           | Saved: '/Users/mohammedkalouti/Documents/Codex/2026-09-27/i/work/art/aircraft-final-production-v3/stage/assets/build/frames/unit.IR.isr/shadow/launch/d02_f03.png'
06:24.369  render           | Saved: '/Users/mohammedkalouti/Documents/Codex/2026-09-27/i/work/art/aircraft-final-production-v3/stage/assets/build/frames/unit.IR.isr/beauty/launch/d03_f00.png'
06:24.854  render           | Saved: '/Users/mohammedkalouti/Documents/Codex/2026-09-27/i/work/art/aircraft-final-production-v3/stage/assets/build/frames/unit.IR.isr/team/launch/d03_f00.png'
06:25.107  render           | Saved: '/var/folders/n4/43n_jxh10gg3s770b_8jbzb80000gn/T/fc-team-coverage-azj1ow_m.png'
06:26.095  render           | Saved: '/Users/mohammedkalouti/Documents/Codex/2026-09-27/i/work/art/aircraft-final-production-v3/stage/assets/build/frames/unit.IR.isr/shadow/launch/d03_f00.png'
06:26.660  render           | Saved: '/Users/mohammedkalouti/Documents/Codex/2026-09-27/i/work/art/aircraft-final-production-v3/stage/assets/build/frames/unit.IR.isr/beauty/launch/d03_f01.png'
06:27.146  render           | Saved: '/Users/mohammedkalouti/Documents/Codex/2026-09-27/i/work/art/aircraft-final-production-v3/stage/assets/build/frames/unit.IR.isr/team/launch/d03_f01.png'
06:27.403  render           | Saved: '/var/folders/n4/43n_jxh10gg3s770b_8jbzb80000gn/T/fc-team-coverage-io5u9n2k.png'
06:28.386  render           | Saved: '/Users/mohammedkalouti/Documents/Codex/2026-09-27/i/work/art/aircraft-final-production-v3/stage/assets/build/frames/unit.IR.isr/shadow/launch/d03_f01.png'
06:28.959  render           | Saved: '/Users/mohammedkalouti/Documents/Codex/2026-09-27/i/work/art/aircraft-final-production-v3/stage/assets/build/frames/unit.IR.isr/beauty/launch/d03_f02.png'
06:29.453  render           | Saved: '/Users/mohammedkalouti/Documents/Codex/2026-09-27/i/work/art/aircraft-final-production-v3/stage/assets/build/frames/unit.IR.isr/team/launch/d03_f02.png'
06:29.707  render           | Saved: '/var/folders/n4/43n_jxh10gg3s770b_8jbzb80000gn/T/fc-team-coverage-9eqsz4mq.png'
06:30.670  render           | Saved: '/Users/mohammedkalouti/Documents/Codex/2026-09-27/i/work/art/aircraft-final-production-v3/stage/assets/build/frames/unit.IR.isr/shadow/launch/d03_f02.png'
06:31.226  render           | Saved: '/Users/mohammedkalouti/Documents/Codex/2026-09-27/i/work/art/aircraft-final-production-v3/stage/assets/build/frames/unit.IR.isr/beauty/launch/d03_f03.png'
06:31.727  render           | Saved: '/Users/mohammedkalouti/Documents/Codex/2026-09-27/i/work/art/aircraft-final-production-v3/stage/assets/build/frames/unit.IR.isr/team/launch/d03_f03.png'
06:31.964  render           | Saved: '/var/folders/n4/43n_jxh10gg3s770b_8jbzb80000gn/T/fc-team-coverage-5aqlwdek.png'
06:32.937  render           | Saved: '/Users/mohammedkalouti/Documents/Codex/2026-09-27/i/work/art/aircraft-final-production-v3/stage/assets/build/frames/unit.IR.isr/shadow/launch/d03_f03.png'
06:33.488  render           | Saved: '/Users/mohammedkalouti/Documents/Codex/2026-09-27/i/work/art/aircraft-final-production-v3/stage/assets/build/frames/unit.IR.isr/beauty/launch/d04_f00.png'
06:33.990  render           | Saved: '/Users/mohammedkalouti/Documents/Codex/2026-09-27/i/work/art/aircraft-final-production-v3/stage/assets/build/frames/unit.IR.isr/team/launch/d04_f00.png'
06:34.230  render           | Saved: '/var/folders/n4/43n_jxh10gg3s770b_8jbzb80000gn/T/fc-team-coverage-gk240j1m.png'
06:35.175  render           | Saved: '/Users/mohammedkalouti/Documents/Codex/2026-09-27/i/work/art/aircraft-final-production-v3/stage/assets/build/frames/unit.IR.isr/shadow/launch/d04_f00.png'
06:35.727  render           | Saved: '/Users/mohammedkalouti/Documents/Codex/2026-09-27/i/work/art/aircraft-final-production-v3/stage/assets/build/frames/unit.IR.isr/beauty/launch/d04_f01.png'
06:36.200  render           | Saved: '/Users/mohammedkalouti/Documents/Codex/2026-09-27/i/work/art/aircraft-final-production-v3/stage/assets/build/frames/unit.IR.isr/team/launch/d04_f01.png'
06:36.451  render           | Saved: '/var/folders/n4/43n_jxh10gg3s770b_8jbzb80000gn/T/fc-team-coverage-sp05wsoz.png'
06:37.424  render           | Saved: '/Users/mohammedkalouti/Documents/Codex/2026-09-27/i/work/art/aircraft-final-production-v3/stage/assets/build/frames/unit.IR.isr/shadow/launch/d04_f01.png'
06:37.983  render           | Saved: '/Users/mohammedkalouti/Documents/Codex/2026-09-27/i/work/art/aircraft-final-production-v3/stage/assets/build/frames/unit.IR.isr/beauty/launch/d04_f02.png'
06:38.471  render           | Saved: '/Users/mohammedkalouti/Documents/Codex/2026-09-27/i/work/art/aircraft-final-production-v3/stage/assets/build/frames/unit.IR.isr/team/launch/d04_f02.png'
06:38.713  render           | Saved: '/var/folders/n4/43n_jxh10gg3s770b_8jbzb80000gn/T/fc-team-coverage-ec94zivp.png'
06:39.684  render           | Saved: '/Users/mohammedkalouti/Documents/Codex/2026-09-27/i/work/art/aircraft-final-production-v3/stage/assets/build/frames/unit.IR.isr/shadow/launch/d04_f02.png'
06:40.245  render           | Saved: '/Users/mohammedkalouti/Documents/Codex/2026-09-27/i/work/art/aircraft-final-production-v3/stage/assets/build/frames/unit.IR.isr/beauty/launch/d04_f03.png'
06:40.734  render           | Saved: '/Users/mohammedkalouti/Documents/Codex/2026-09-27/i/work/art/aircraft-final-production-v3/stage/assets/build/frames/unit.IR.isr/team/launch/d04_f03.png'
06:40.982  render           | Saved: '/var/folders/n4/43n_jxh10gg3s770b_8jbzb80000gn/T/fc-team-coverage-h77whsv7.png'
06:42.036  render           | Saved: '/Users/mohammedkalouti/Documents/Codex/2026-09-27/i/work/art/aircraft-final-production-v3/stage/assets/build/frames/unit.IR.isr/shadow/launch/d04_f03.png'
06:42.595  render           | Saved: '/Users/mohammedkalouti/Documents/Codex/2026-09-27/i/work/art/aircraft-final-production-v3/stage/assets/build/frames/unit.IR.isr/beauty/launch/d05_f00.png'
06:43.075  render           | Saved: '/Users/mohammedkalouti/Documents/Codex/2026-09-27/i/work/art/aircraft-final-production-v3/stage/assets/build/frames/unit.IR.isr/team/launch/d05_f00.png'
06:43.332  render           | Saved: '/var/folders/n4/43n_jxh10gg3s770b_8jbzb80000gn/T/fc-team-coverage-npq9cg_w.png'
06:44.306  render           | Saved: '/Users/mohammedkalouti/Documents/Codex/2026-09-27/i/work/art/aircraft-final-production-v3/stage/assets/build/frames/unit.IR.isr/shadow/launch/d05_f00.png'
06:44.957  render           | Saved: '/Users/mohammedkalouti/Documents/Codex/2026-09-27/i/work/art/aircraft-final-production-v3/stage/assets/build/frames/unit.IR.isr/beauty/launch/d05_f01.png'
06:45.490  render           | Saved: '/Users/mohammedkalouti/Documents/Codex/2026-09-27/i/work/art/aircraft-final-production-v3/stage/assets/build/frames/unit.IR.isr/team/launch/d05_f01.png'
06:45.749  render           | Saved: '/var/folders/n4/43n_jxh10gg3s770b_8jbzb80000gn/T/fc-team-coverage-1hdsfoj_.png'
06:46.718  render           | Saved: '/Users/mohammedkalouti/Documents/Codex/2026-09-27/i/work/art/aircraft-final-production-v3/stage/assets/build/frames/unit.IR.isr/shadow/launch/d05_f01.png'
06:47.273  render           | Saved: '/Users/mohammedkalouti/Documents/Codex/2026-09-27/i/work/art/aircraft-final-production-v3/stage/assets/build/frames/unit.IR.isr/beauty/launch/d05_f02.png'
06:47.757  render           | Saved: '/Users/mohammedkalouti/Documents/Codex/2026-09-27/i/work/art/aircraft-final-production-v3/stage/assets/build/frames/unit.IR.isr/team/launch/d05_f02.png'
06:47.994  render           | Saved: '/var/folders/n4/43n_jxh10gg3s770b_8jbzb80000gn/T/fc-team-coverage-jgp8mhnx.png'
06:48.947  render           | Saved: '/Users/mohammedkalouti/Documents/Codex/2026-09-27/i/work/art/aircraft-final-production-v3/stage/assets/build/frames/unit.IR.isr/shadow/launch/d05_f02.png'
06:49.498  render           | Saved: '/Users/mohammedkalouti/Documents/Codex/2026-09-27/i/work/art/aircraft-final-production-v3/stage/assets/build/frames/unit.IR.isr/beauty/launch/d05_f03.png'
06:49.996  render           | Saved: '/Users/mohammedkalouti/Documents/Codex/2026-09-27/i/work/art/aircraft-final-production-v3/stage/assets/build/frames/unit.IR.isr/team/launch/d05_f03.png'
06:50.233  render           | Saved: '/var/folders/n4/43n_jxh10gg3s770b_8jbzb80000gn/T/fc-team-coverage-3cue69zm.png'
06:51.206  render           | Saved: '/Users/mohammedkalouti/Documents/Codex/2026-09-27/i/work/art/aircraft-final-production-v3/stage/assets/build/frames/unit.IR.isr/shadow/launch/d05_f03.png'
06:51.763  render           | Saved: '/Users/mohammedkalouti/Documents/Codex/2026-09-27/i/work/art/aircraft-final-production-v3/stage/assets/build/frames/unit.IR.isr/beauty/launch/d06_f00.png'
06:52.278  render           | Saved: '/Users/mohammedkalouti/Documents/Codex/2026-09-27/i/work/art/aircraft-final-production-v3/stage/assets/build/frames/unit.IR.isr/team/launch/d06_f00.png'
06:52.533  render           | Saved: '/var/folders/n4/43n_jxh10gg3s770b_8jbzb80000gn/T/fc-team-coverage-ixb_zgpb.png'
06:53.560  render           | Saved: '/Users/mohammedkalouti/Documents/Codex/2026-09-27/i/work/art/aircraft-final-production-v3/stage/assets/build/frames/unit.IR.isr/shadow/launch/d06_f00.png'
06:54.141  render           | Saved: '/Users/mohammedkalouti/Documents/Codex/2026-09-27/i/work/art/aircraft-final-production-v3/stage/assets/build/frames/unit.IR.isr/beauty/launch/d06_f01.png'
06:54.686  render           | Saved: '/Users/mohammedkalouti/Documents/Codex/2026-09-27/i/work/art/aircraft-final-production-v3/stage/assets/build/frames/unit.IR.isr/team/launch/d06_f01.png'
06:54.941  render           | Saved: '/var/folders/n4/43n_jxh10gg3s770b_8jbzb80000gn/T/fc-team-coverage-t54o4e0m.png'
06:55.924  render           | Saved: '/Users/mohammedkalouti/Documents/Codex/2026-09-27/i/work/art/aircraft-final-production-v3/stage/assets/build/frames/unit.IR.isr/shadow/launch/d06_f01.png'
06:56.477  render           | Saved: '/Users/mohammedkalouti/Documents/Codex/2026-09-27/i/work/art/aircraft-final-production-v3/stage/assets/build/frames/unit.IR.isr/beauty/launch/d06_f02.png'
06:56.984  render           | Saved: '/Users/mohammedkalouti/Documents/Codex/2026-09-27/i/work/art/aircraft-final-production-v3/stage/assets/build/frames/unit.IR.isr/team/launch/d06_f02.png'
06:57.230  render           | Saved: '/var/folders/n4/43n_jxh10gg3s770b_8jbzb80000gn/T/fc-team-coverage-dl3vctsu.png'
06:58.202  render           | Saved: '/Users/mohammedkalouti/Documents/Codex/2026-09-27/i/work/art/aircraft-final-production-v3/stage/assets/build/frames/unit.IR.isr/shadow/launch/d06_f02.png'
06:58.747  render           | Saved: '/Users/mohammedkalouti/Documents/Codex/2026-09-27/i/work/art/aircraft-final-production-v3/stage/assets/build/frames/unit.IR.isr/beauty/launch/d06_f03.png'
06:59.223  render           | Saved: '/Users/mohammedkalouti/Documents/Codex/2026-09-27/i/work/art/aircraft-final-production-v3/stage/assets/build/frames/unit.IR.isr/team/launch/d06_f03.png'
06:59.464  render           | Saved: '/var/folders/n4/43n_jxh10gg3s770b_8jbzb80000gn/T/fc-team-coverage-xy9lr7py.png'
07:00.430  render           | Saved: '/Users/mohammedkalouti/Documents/Codex/2026-09-27/i/work/art/aircraft-final-production-v3/stage/assets/build/frames/unit.IR.isr/shadow/launch/d06_f03.png'
07:01.013  render           | Saved: '/Users/mohammedkalouti/Documents/Codex/2026-09-27/i/work/art/aircraft-final-production-v3/stage/assets/build/frames/unit.IR.isr/beauty/launch/d07_f00.png'
07:01.487  render           | Saved: '/Users/mohammedkalouti/Documents/Codex/2026-09-27/i/work/art/aircraft-final-production-v3/stage/assets/build/frames/unit.IR.isr/team/launch/d07_f00.png'
07:01.726  render           | Saved: '/var/folders/n4/43n_jxh10gg3s770b_8jbzb80000gn/T/fc-team-coverage-_a591cir.png'
07:02.691  render           | Saved: '/Users/mohammedkalouti/Documents/Codex/2026-09-27/i/work/art/aircraft-final-production-v3/stage/assets/build/frames/unit.IR.isr/shadow/launch/d07_f00.png'
07:03.297  render           | Saved: '/Users/mohammedkalouti/Documents/Codex/2026-09-27/i/work/art/aircraft-final-production-v3/stage/assets/build/frames/unit.IR.isr/beauty/launch/d07_f01.png'
07:03.805  render           | Saved: '/Users/mohammedkalouti/Documents/Codex/2026-09-27/i/work/art/aircraft-final-production-v3/stage/assets/build/frames/unit.IR.isr/team/launch/d07_f01.png'
07:04.053  render           | Saved: '/var/folders/n4/43n_jxh10gg3s770b_8jbzb80000gn/T/fc-team-coverage-yagp7ei6.png'
07:05.054  render           | Saved: '/Users/mohammedkalouti/Documents/Codex/2026-09-27/i/work/art/aircraft-final-production-v3/stage/assets/build/frames/unit.IR.isr/shadow/launch/d07_f01.png'
07:05.662  render           | Saved: '/Users/mohammedkalouti/Documents/Codex/2026-09-27/i/work/art/aircraft-final-production-v3/stage/assets/build/frames/unit.IR.isr/beauty/launch/d07_f02.png'
07:06.169  render           | Saved: '/Users/mohammedkalouti/Documents/Codex/2026-09-27/i/work/art/aircraft-final-production-v3/stage/assets/build/frames/unit.IR.isr/team/launch/d07_f02.png'
07:06.428  render           | Saved: '/var/folders/n4/43n_jxh10gg3s770b_8jbzb80000gn/T/fc-team-coverage-xt3iqwj6.png'
07:07.455  render           | Saved: '/Users/mohammedkalouti/Documents/Codex/2026-09-27/i/work/art/aircraft-final-production-v3/stage/assets/build/frames/unit.IR.isr/shadow/launch/d07_f02.png'
07:08.025  render           | Saved: '/Users/mohammedkalouti/Documents/Codex/2026-09-27/i/work/art/aircraft-final-production-v3/stage/assets/build/frames/unit.IR.isr/beauty/launch/d07_f03.png'
07:08.516  render           | Saved: '/Users/mohammedkalouti/Documents/Codex/2026-09-27/i/work/art/aircraft-final-production-v3/stage/assets/build/frames/unit.IR.isr/team/launch/d07_f03.png'
07:08.773  render           | Saved: '/var/folders/n4/43n_jxh10gg3s770b_8jbzb80000gn/T/fc-team-coverage-6geszlhu.png'
07:09.734  render           | Saved: '/Users/mohammedkalouti/Documents/Codex/2026-09-27/i/work/art/aircraft-final-production-v3/stage/assets/build/frames/unit.IR.isr/shadow/launch/d07_f03.png'
07:10.312  render           | Saved: '/Users/mohammedkalouti/Documents/Codex/2026-09-27/i/work/art/aircraft-final-production-v3/stage/assets/build/frames/unit.IR.isr/beauty/launch/d08_f00.png'
07:10.820  render           | Saved: '/Users/mohammedkalouti/Documents/Codex/2026-09-27/i/work/art/aircraft-final-production-v3/stage/assets/build/frames/unit.IR.isr/team/launch/d08_f00.png'
07:11.077  render           | Saved: '/var/folders/n4/43n_jxh10gg3s770b_8jbzb80000gn/T/fc-team-coverage-q5o1sy3q.png'
07:12.136  render           | Saved: '/Users/mohammedkalouti/Documents/Codex/2026-09-27/i/work/art/aircraft-final-production-v3/stage/assets/build/frames/unit.IR.isr/shadow/launch/d08_f00.png'
07:12.692  render           | Saved: '/Users/mohammedkalouti/Documents/Codex/2026-09-27/i/work/art/aircraft-final-production-v3/stage/assets/build/frames/unit.IR.isr/beauty/launch/d08_f01.png'
07:13.188  render           | Saved: '/Users/mohammedkalouti/Documents/Codex/2026-09-27/i/work/art/aircraft-final-production-v3/stage/assets/build/frames/unit.IR.isr/team/launch/d08_f01.png'
07:13.455  render           | Saved: '/var/folders/n4/43n_jxh10gg3s770b_8jbzb80000gn/T/fc-team-coverage-1nysjeip.png'
07:14.445  render           | Saved: '/Users/mohammedkalouti/Documents/Codex/2026-09-27/i/work/art/aircraft-final-production-v3/stage/assets/build/frames/unit.IR.isr/shadow/launch/d08_f01.png'
07:15.019  render           | Saved: '/Users/mohammedkalouti/Documents/Codex/2026-09-27/i/work/art/aircraft-final-production-v3/stage/assets/build/frames/unit.IR.isr/beauty/launch/d08_f02.png'
07:15.541  render           | Saved: '/Users/mohammedkalouti/Documents/Codex/2026-09-27/i/work/art/aircraft-final-production-v3/stage/assets/build/frames/unit.IR.isr/team/launch/d08_f02.png'
07:15.821  render           | Saved: '/var/folders/n4/43n_jxh10gg3s770b_8jbzb80000gn/T/fc-team-coverage-yliy8g8i.png'
07:16.930  render           | Saved: '/Users/mohammedkalouti/Documents/Codex/2026-09-27/i/work/art/aircraft-final-production-v3/stage/assets/build/frames/unit.IR.isr/shadow/launch/d08_f02.png'
07:17.525  render           | Saved: '/Users/mohammedkalouti/Documents/Codex/2026-09-27/i/work/art/aircraft-final-production-v3/stage/assets/build/frames/unit.IR.isr/beauty/launch/d08_f03.png'
07:18.066  render           | Saved: '/Users/mohammedkalouti/Documents/Codex/2026-09-27/i/work/art/aircraft-final-production-v3/stage/assets/build/frames/unit.IR.isr/team/launch/d08_f03.png'
07:18.331  render           | Saved: '/var/folders/n4/43n_jxh10gg3s770b_8jbzb80000gn/T/fc-team-coverage-s883x9op.png'
07:19.340  render           | Saved: '/Users/mohammedkalouti/Documents/Codex/2026-09-27/i/work/art/aircraft-final-production-v3/stage/assets/build/frames/unit.IR.isr/shadow/launch/d08_f03.png'
07:19.949  render           | Saved: '/Users/mohammedkalouti/Documents/Codex/2026-09-27/i/work/art/aircraft-final-production-v3/stage/assets/build/frames/unit.IR.isr/beauty/launch/d09_f00.png'
07:20.469  render           | Saved: '/Users/mohammedkalouti/Documents/Codex/2026-09-27/i/work/art/aircraft-final-production-v3/stage/assets/build/frames/unit.IR.isr/team/launch/d09_f00.png'
07:20.737  render           | Saved: '/var/folders/n4/43n_jxh10gg3s770b_8jbzb80000gn/T/fc-team-coverage-48vhg38x.png'
07:21.777  render           | Saved: '/Users/mohammedkalouti/Documents/Codex/2026-09-27/i/work/art/aircraft-final-production-v3/stage/assets/build/frames/unit.IR.isr/shadow/launch/d09_f00.png'
07:22.360  render           | Saved: '/Users/mohammedkalouti/Documents/Codex/2026-09-27/i/work/art/aircraft-final-production-v3/stage/assets/build/frames/unit.IR.isr/beauty/launch/d09_f01.png'
07:22.888  render           | Saved: '/Users/mohammedkalouti/Documents/Codex/2026-09-27/i/work/art/aircraft-final-production-v3/stage/assets/build/frames/unit.IR.isr/team/launch/d09_f01.png'
07:23.129  render           | Saved: '/var/folders/n4/43n_jxh10gg3s770b_8jbzb80000gn/T/fc-team-coverage-78iys6g6.png'
07:24.100  render           | Saved: '/Users/mohammedkalouti/Documents/Codex/2026-09-27/i/work/art/aircraft-final-production-v3/stage/assets/build/frames/unit.IR.isr/shadow/launch/d09_f01.png'
07:24.663  render           | Saved: '/Users/mohammedkalouti/Documents/Codex/2026-09-27/i/work/art/aircraft-final-production-v3/stage/assets/build/frames/unit.IR.isr/beauty/launch/d09_f02.png'
07:25.170  render           | Saved: '/Users/mohammedkalouti/Documents/Codex/2026-09-27/i/work/art/aircraft-final-production-v3/stage/assets/build/frames/unit.IR.isr/team/launch/d09_f02.png'
07:25.423  render           | Saved: '/var/folders/n4/43n_jxh10gg3s770b_8jbzb80000gn/T/fc-team-coverage-i0oy2n2s.png'
07:26.388  render           | Saved: '/Users/mohammedkalouti/Documents/Codex/2026-09-27/i/work/art/aircraft-final-production-v3/stage/assets/build/frames/unit.IR.isr/shadow/launch/d09_f02.png'
07:26.956  render           | Saved: '/Users/mohammedkalouti/Documents/Codex/2026-09-27/i/work/art/aircraft-final-production-v3/stage/assets/build/frames/unit.IR.isr/beauty/launch/d09_f03.png'
07:27.460  render           | Saved: '/Users/mohammedkalouti/Documents/Codex/2026-09-27/i/work/art/aircraft-final-production-v3/stage/assets/build/frames/unit.IR.isr/team/launch/d09_f03.png'
07:27.715  render           | Saved: '/var/folders/n4/43n_jxh10gg3s770b_8jbzb80000gn/T/fc-team-coverage-re953u2i.png'
07:28.685  render           | Saved: '/Users/mohammedkalouti/Documents/Codex/2026-09-27/i/work/art/aircraft-final-production-v3/stage/assets/build/frames/unit.IR.isr/shadow/launch/d09_f03.png'
07:29.278  render           | Saved: '/Users/mohammedkalouti/Documents/Codex/2026-09-27/i/work/art/aircraft-final-production-v3/stage/assets/build/frames/unit.IR.isr/beauty/launch/d10_f00.png'
07:29.775  render           | Saved: '/Users/mohammedkalouti/Documents/Codex/2026-09-27/i/work/art/aircraft-final-production-v3/stage/assets/build/frames/unit.IR.isr/team/launch/d10_f00.png'
07:30.027  render           | Saved: '/var/folders/n4/43n_jxh10gg3s770b_8jbzb80000gn/T/fc-team-coverage-giztq0dq.png'
07:31.019  render           | Saved: '/Users/mohammedkalouti/Documents/Codex/2026-09-27/i/work/art/aircraft-final-production-v3/stage/assets/build/frames/unit.IR.isr/shadow/launch/d10_f00.png'
07:31.584  render           | Saved: '/Users/mohammedkalouti/Documents/Codex/2026-09-27/i/work/art/aircraft-final-production-v3/stage/assets/build/frames/unit.IR.isr/beauty/launch/d10_f01.png'
07:32.080  render           | Saved: '/Users/mohammedkalouti/Documents/Codex/2026-09-27/i/work/art/aircraft-final-production-v3/stage/assets/build/frames/unit.IR.isr/team/launch/d10_f01.png'
07:32.351  render           | Saved: '/var/folders/n4/43n_jxh10gg3s770b_8jbzb80000gn/T/fc-team-coverage-oxdld5b9.png'
07:33.401  render           | Saved: '/Users/mohammedkalouti/Documents/Codex/2026-09-27/i/work/art/aircraft-final-production-v3/stage/assets/build/frames/unit.IR.isr/shadow/launch/d10_f01.png'
07:33.990  render           | Saved: '/Users/mohammedkalouti/Documents/Codex/2026-09-27/i/work/art/aircraft-final-production-v3/stage/assets/build/frames/unit.IR.isr/beauty/launch/d10_f02.png'
07:34.472  render           | Saved: '/Users/mohammedkalouti/Documents/Codex/2026-09-27/i/work/art/aircraft-final-production-v3/stage/assets/build/frames/unit.IR.isr/team/launch/d10_f02.png'
07:34.713  render           | Saved: '/var/folders/n4/43n_jxh10gg3s770b_8jbzb80000gn/T/fc-team-coverage-a_9gse83.png'
07:35.678  render           | Saved: '/Users/mohammedkalouti/Documents/Codex/2026-09-27/i/work/art/aircraft-final-production-v3/stage/assets/build/frames/unit.IR.isr/shadow/launch/d10_f02.png'
07:36.229  render           | Saved: '/Users/mohammedkalouti/Documents/Codex/2026-09-27/i/work/art/aircraft-final-production-v3/stage/assets/build/frames/unit.IR.isr/beauty/launch/d10_f03.png'
07:36.730  render           | Saved: '/Users/mohammedkalouti/Documents/Codex/2026-09-27/i/work/art/aircraft-final-production-v3/stage/assets/build/frames/unit.IR.isr/team/launch/d10_f03.png'
07:36.987  render           | Saved: '/var/folders/n4/43n_jxh10gg3s770b_8jbzb80000gn/T/fc-team-coverage-h29ymnsk.png'
07:37.955  render           | Saved: '/Users/mohammedkalouti/Documents/Codex/2026-09-27/i/work/art/aircraft-final-production-v3/stage/assets/build/frames/unit.IR.isr/shadow/launch/d10_f03.png'
07:38.509  render           | Saved: '/Users/mohammedkalouti/Documents/Codex/2026-09-27/i/work/art/aircraft-final-production-v3/stage/assets/build/frames/unit.IR.isr/beauty/launch/d11_f00.png'
07:39.002  render           | Saved: '/Users/mohammedkalouti/Documents/Codex/2026-09-27/i/work/art/aircraft-final-production-v3/stage/assets/build/frames/unit.IR.isr/team/launch/d11_f00.png'
07:39.248  render           | Saved: '/var/folders/n4/43n_jxh10gg3s770b_8jbzb80000gn/T/fc-team-coverage-86g82lyr.png'
07:40.211  render           | Saved: '/Users/mohammedkalouti/Documents/Codex/2026-09-27/i/work/art/aircraft-final-production-v3/stage/assets/build/frames/unit.IR.isr/shadow/launch/d11_f00.png'
07:40.767  render           | Saved: '/Users/mohammedkalouti/Documents/Codex/2026-09-27/i/work/art/aircraft-final-production-v3/stage/assets/build/frames/unit.IR.isr/beauty/launch/d11_f01.png'
07:41.261  render           | Saved: '/Users/mohammedkalouti/Documents/Codex/2026-09-27/i/work/art/aircraft-final-production-v3/stage/assets/build/frames/unit.IR.isr/team/launch/d11_f01.png'
07:41.502  render           | Saved: '/var/folders/n4/43n_jxh10gg3s770b_8jbzb80000gn/T/fc-team-coverage-3bkadone.png'
07:42.458  render           | Saved: '/Users/mohammedkalouti/Documents/Codex/2026-09-27/i/work/art/aircraft-final-production-v3/stage/assets/build/frames/unit.IR.isr/shadow/launch/d11_f01.png'
07:43.017  render           | Saved: '/Users/mohammedkalouti/Documents/Codex/2026-09-27/i/work/art/aircraft-final-production-v3/stage/assets/build/frames/unit.IR.isr/beauty/launch/d11_f02.png'
07:43.504  render           | Saved: '/Users/mohammedkalouti/Documents/Codex/2026-09-27/i/work/art/aircraft-final-production-v3/stage/assets/build/frames/unit.IR.isr/team/launch/d11_f02.png'
07:43.749  render           | Saved: '/var/folders/n4/43n_jxh10gg3s770b_8jbzb80000gn/T/fc-team-coverage-82oc0z2w.png'
07:44.714  render           | Saved: '/Users/mohammedkalouti/Documents/Codex/2026-09-27/i/work/art/aircraft-final-production-v3/stage/assets/build/frames/unit.IR.isr/shadow/launch/d11_f02.png'
07:45.270  render           | Saved: '/Users/mohammedkalouti/Documents/Codex/2026-09-27/i/work/art/aircraft-final-production-v3/stage/assets/build/frames/unit.IR.isr/beauty/launch/d11_f03.png'
07:45.759  render           | Saved: '/Users/mohammedkalouti/Documents/Codex/2026-09-27/i/work/art/aircraft-final-production-v3/stage/assets/build/frames/unit.IR.isr/team/launch/d11_f03.png'
07:46.003  render           | Saved: '/var/folders/n4/43n_jxh10gg3s770b_8jbzb80000gn/T/fc-team-coverage-92xivfxj.png'
07:46.958  render           | Saved: '/Users/mohammedkalouti/Documents/Codex/2026-09-27/i/work/art/aircraft-final-production-v3/stage/assets/build/frames/unit.IR.isr/shadow/launch/d11_f03.png'
07:47.515  render           | Saved: '/Users/mohammedkalouti/Documents/Codex/2026-09-27/i/work/art/aircraft-final-production-v3/stage/assets/build/frames/unit.IR.isr/beauty/launch/d12_f00.png'
07:48.018  render           | Saved: '/Users/mohammedkalouti/Documents/Codex/2026-09-27/i/work/art/aircraft-final-production-v3/stage/assets/build/frames/unit.IR.isr/team/launch/d12_f00.png'
07:48.268  render           | Saved: '/var/folders/n4/43n_jxh10gg3s770b_8jbzb80000gn/T/fc-team-coverage-30dt5nsu.png'
07:49.246  render           | Saved: '/Users/mohammedkalouti/Documents/Codex/2026-09-27/i/work/art/aircraft-final-production-v3/stage/assets/build/frames/unit.IR.isr/shadow/launch/d12_f00.png'
07:49.805  render           | Saved: '/Users/mohammedkalouti/Documents/Codex/2026-09-27/i/work/art/aircraft-final-production-v3/stage/assets/build/frames/unit.IR.isr/beauty/launch/d12_f01.png'
07:50.290  render           | Saved: '/Users/mohammedkalouti/Documents/Codex/2026-09-27/i/work/art/aircraft-final-production-v3/stage/assets/build/frames/unit.IR.isr/team/launch/d12_f01.png'
07:50.535  render           | Saved: '/var/folders/n4/43n_jxh10gg3s770b_8jbzb80000gn/T/fc-team-coverage-imbsty1p.png'
07:51.504  render           | Saved: '/Users/mohammedkalouti/Documents/Codex/2026-09-27/i/work/art/aircraft-final-production-v3/stage/assets/build/frames/unit.IR.isr/shadow/launch/d12_f01.png'
07:52.066  render           | Saved: '/Users/mohammedkalouti/Documents/Codex/2026-09-27/i/work/art/aircraft-final-production-v3/stage/assets/build/frames/unit.IR.isr/beauty/launch/d12_f02.png'
07:52.548  render           | Saved: '/Users/mohammedkalouti/Documents/Codex/2026-09-27/i/work/art/aircraft-final-production-v3/stage/assets/build/frames/unit.IR.isr/team/launch/d12_f02.png'
07:52.819  render           | Saved: '/var/folders/n4/43n_jxh10gg3s770b_8jbzb80000gn/T/fc-team-coverage-xvuh_571.png'
07:53.806  render           | Saved: '/Users/mohammedkalouti/Documents/Codex/2026-09-27/i/work/art/aircraft-final-production-v3/stage/assets/build/frames/unit.IR.isr/shadow/launch/d12_f02.png'
07:54.364  render           | Saved: '/Users/mohammedkalouti/Documents/Codex/2026-09-27/i/work/art/aircraft-final-production-v3/stage/assets/build/frames/unit.IR.isr/beauty/launch/d12_f03.png'
07:54.875  render           | Saved: '/Users/mohammedkalouti/Documents/Codex/2026-09-27/i/work/art/aircraft-final-production-v3/stage/assets/build/frames/unit.IR.isr/team/launch/d12_f03.png'
07:55.118  render           | Saved: '/var/folders/n4/43n_jxh10gg3s770b_8jbzb80000gn/T/fc-team-coverage-xq7el1_i.png'
07:56.077  render           | Saved: '/Users/mohammedkalouti/Documents/Codex/2026-09-27/i/work/art/aircraft-final-production-v3/stage/assets/build/frames/unit.IR.isr/shadow/launch/d12_f03.png'
07:56.632  render           | Saved: '/Users/mohammedkalouti/Documents/Codex/2026-09-27/i/work/art/aircraft-final-production-v3/stage/assets/build/frames/unit.IR.isr/beauty/launch/d13_f00.png'
07:57.116  render           | Saved: '/Users/mohammedkalouti/Documents/Codex/2026-09-27/i/work/art/aircraft-final-production-v3/stage/assets/build/frames/unit.IR.isr/team/launch/d13_f00.png'
07:57.372  render           | Saved: '/var/folders/n4/43n_jxh10gg3s770b_8jbzb80000gn/T/fc-team-coverage-kv9xidzl.png'
07:58.332  render           | Saved: '/Users/mohammedkalouti/Documents/Codex/2026-09-27/i/work/art/aircraft-final-production-v3/stage/assets/build/frames/unit.IR.isr/shadow/launch/d13_f00.png'
07:58.888  render           | Saved: '/Users/mohammedkalouti/Documents/Codex/2026-09-27/i/work/art/aircraft-final-production-v3/stage/assets/build/frames/unit.IR.isr/beauty/launch/d13_f01.png'
07:59.372  render           | Saved: '/Users/mohammedkalouti/Documents/Codex/2026-09-27/i/work/art/aircraft-final-production-v3/stage/assets/build/frames/unit.IR.isr/team/launch/d13_f01.png'
07:59.629  render           | Saved: '/var/folders/n4/43n_jxh10gg3s770b_8jbzb80000gn/T/fc-team-coverage-94jt163x.png'
08:00.581  render           | Saved: '/Users/mohammedkalouti/Documents/Codex/2026-09-27/i/work/art/aircraft-final-production-v3/stage/assets/build/frames/unit.IR.isr/shadow/launch/d13_f01.png'
08:01.138  render           | Saved: '/Users/mohammedkalouti/Documents/Codex/2026-09-27/i/work/art/aircraft-final-production-v3/stage/assets/build/frames/unit.IR.isr/beauty/launch/d13_f02.png'
08:01.638  render           | Saved: '/Users/mohammedkalouti/Documents/Codex/2026-09-27/i/work/art/aircraft-final-production-v3/stage/assets/build/frames/unit.IR.isr/team/launch/d13_f02.png'
08:01.876  render           | Saved: '/var/folders/n4/43n_jxh10gg3s770b_8jbzb80000gn/T/fc-team-coverage-6p72t6gp.png'
08:02.818  render           | Saved: '/Users/mohammedkalouti/Documents/Codex/2026-09-27/i/work/art/aircraft-final-production-v3/stage/assets/build/frames/unit.IR.isr/shadow/launch/d13_f02.png'
08:03.373  render           | Saved: '/Users/mohammedkalouti/Documents/Codex/2026-09-27/i/work/art/aircraft-final-production-v3/stage/assets/build/frames/unit.IR.isr/beauty/launch/d13_f03.png'
08:03.869  render           | Saved: '/Users/mohammedkalouti/Documents/Codex/2026-09-27/i/work/art/aircraft-final-production-v3/stage/assets/build/frames/unit.IR.isr/team/launch/d13_f03.png'
08:04.116  render           | Saved: '/var/folders/n4/43n_jxh10gg3s770b_8jbzb80000gn/T/fc-team-coverage-xferqsj4.png'
08:05.084  render           | Saved: '/Users/mohammedkalouti/Documents/Codex/2026-09-27/i/work/art/aircraft-final-production-v3/stage/assets/build/frames/unit.IR.isr/shadow/launch/d13_f03.png'
08:05.640  render           | Saved: '/Users/mohammedkalouti/Documents/Codex/2026-09-27/i/work/art/aircraft-final-production-v3/stage/assets/build/frames/unit.IR.isr/beauty/launch/d14_f00.png'
08:06.134  render           | Saved: '/Users/mohammedkalouti/Documents/Codex/2026-09-27/i/work/art/aircraft-final-production-v3/stage/assets/build/frames/unit.IR.isr/team/launch/d14_f00.png'
08:06.383  render           | Saved: '/var/folders/n4/43n_jxh10gg3s770b_8jbzb80000gn/T/fc-team-coverage-_v5wgsk2.png'
08:07.371  render           | Saved: '/Users/mohammedkalouti/Documents/Codex/2026-09-27/i/work/art/aircraft-final-production-v3/stage/assets/build/frames/unit.IR.isr/shadow/launch/d14_f00.png'
08:07.963  render           | Saved: '/Users/mohammedkalouti/Documents/Codex/2026-09-27/i/work/art/aircraft-final-production-v3/stage/assets/build/frames/unit.IR.isr/beauty/launch/d14_f01.png'
08:08.451  render           | Saved: '/Users/mohammedkalouti/Documents/Codex/2026-09-27/i/work/art/aircraft-final-production-v3/stage/assets/build/frames/unit.IR.isr/team/launch/d14_f01.png'
08:08.704  render           | Saved: '/var/folders/n4/43n_jxh10gg3s770b_8jbzb80000gn/T/fc-team-coverage-rsblqd2f.png'
08:09.680  render           | Saved: '/Users/mohammedkalouti/Documents/Codex/2026-09-27/i/work/art/aircraft-final-production-v3/stage/assets/build/frames/unit.IR.isr/shadow/launch/d14_f01.png'
08:10.252  render           | Saved: '/Users/mohammedkalouti/Documents/Codex/2026-09-27/i/work/art/aircraft-final-production-v3/stage/assets/build/frames/unit.IR.isr/beauty/launch/d14_f02.png'
08:10.749  render           | Saved: '/Users/mohammedkalouti/Documents/Codex/2026-09-27/i/work/art/aircraft-final-production-v3/stage/assets/build/frames/unit.IR.isr/team/launch/d14_f02.png'
08:10.991  render           | Saved: '/var/folders/n4/43n_jxh10gg3s770b_8jbzb80000gn/T/fc-team-coverage-1sj_6kmx.png'
08:11.962  render           | Saved: '/Users/mohammedkalouti/Documents/Codex/2026-09-27/i/work/art/aircraft-final-production-v3/stage/assets/build/frames/unit.IR.isr/shadow/launch/d14_f02.png'
08:12.508  render           | Saved: '/Users/mohammedkalouti/Documents/Codex/2026-09-27/i/work/art/aircraft-final-production-v3/stage/assets/build/frames/unit.IR.isr/beauty/launch/d14_f03.png'
08:12.996  render           | Saved: '/Users/mohammedkalouti/Documents/Codex/2026-09-27/i/work/art/aircraft-final-production-v3/stage/assets/build/frames/unit.IR.isr/team/launch/d14_f03.png'
08:13.248  render           | Saved: '/var/folders/n4/43n_jxh10gg3s770b_8jbzb80000gn/T/fc-team-coverage-w21g05ed.png'
08:14.234  render           | Saved: '/Users/mohammedkalouti/Documents/Codex/2026-09-27/i/work/art/aircraft-final-production-v3/stage/assets/build/frames/unit.IR.isr/shadow/launch/d14_f03.png'
08:14.782  render           | Saved: '/Users/mohammedkalouti/Documents/Codex/2026-09-27/i/work/art/aircraft-final-production-v3/stage/assets/build/frames/unit.IR.isr/beauty/launch/d15_f00.png'
08:15.265  render           | Saved: '/Users/mohammedkalouti/Documents/Codex/2026-09-27/i/work/art/aircraft-final-production-v3/stage/assets/build/frames/unit.IR.isr/team/launch/d15_f00.png'
08:15.527  render           | Saved: '/var/folders/n4/43n_jxh10gg3s770b_8jbzb80000gn/T/fc-team-coverage-kfxqbtmu.png'
08:16.490  render           | Saved: '/Users/mohammedkalouti/Documents/Codex/2026-09-27/i/work/art/aircraft-final-production-v3/stage/assets/build/frames/unit.IR.isr/shadow/launch/d15_f00.png'
08:17.053  render           | Saved: '/Users/mohammedkalouti/Documents/Codex/2026-09-27/i/work/art/aircraft-final-production-v3/stage/assets/build/frames/unit.IR.isr/beauty/launch/d15_f01.png'
08:17.549  render           | Saved: '/Users/mohammedkalouti/Documents/Codex/2026-09-27/i/work/art/aircraft-final-production-v3/stage/assets/build/frames/unit.IR.isr/team/launch/d15_f01.png'
08:17.803  render           | Saved: '/var/folders/n4/43n_jxh10gg3s770b_8jbzb80000gn/T/fc-team-coverage-pzr1yqey.png'
08:18.761  render           | Saved: '/Users/mohammedkalouti/Documents/Codex/2026-09-27/i/work/art/aircraft-final-production-v3/stage/assets/build/frames/unit.IR.isr/shadow/launch/d15_f01.png'
08:19.338  render           | Saved: '/Users/mohammedkalouti/Documents/Codex/2026-09-27/i/work/art/aircraft-final-production-v3/stage/assets/build/frames/unit.IR.isr/beauty/launch/d15_f02.png'
08:19.836  render           | Saved: '/Users/mohammedkalouti/Documents/Codex/2026-09-27/i/work/art/aircraft-final-production-v3/stage/assets/build/frames/unit.IR.isr/team/launch/d15_f02.png'
08:20.080  render           | Saved: '/var/folders/n4/43n_jxh10gg3s770b_8jbzb80000gn/T/fc-team-coverage-rk71c72i.png'
08:21.054  render           | Saved: '/Users/mohammedkalouti/Documents/Codex/2026-09-27/i/work/art/aircraft-final-production-v3/stage/assets/build/frames/unit.IR.isr/shadow/launch/d15_f02.png'
08:21.602  render           | Saved: '/Users/mohammedkalouti/Documents/Codex/2026-09-27/i/work/art/aircraft-final-production-v3/stage/assets/build/frames/unit.IR.isr/beauty/launch/d15_f03.png'
08:22.097  render           | Saved: '/Users/mohammedkalouti/Documents/Codex/2026-09-27/i/work/art/aircraft-final-production-v3/stage/assets/build/frames/unit.IR.isr/team/launch/d15_f03.png'
08:22.350  render           | Saved: '/var/folders/n4/43n_jxh10gg3s770b_8jbzb80000gn/T/fc-team-coverage-6vdt0686.png'
08:23.306  render           | Saved: '/Users/mohammedkalouti/Documents/Codex/2026-09-27/i/work/art/aircraft-final-production-v3/stage/assets/build/frames/unit.IR.isr/shadow/launch/d15_f03.png'
08:23.865  render           | Saved: '/Users/mohammedkalouti/Documents/Codex/2026-09-27/i/work/art/aircraft-final-production-v3/stage/assets/build/frames/unit.IR.isr/beauty/recover/d00_f00.png'
08:24.356  render           | Saved: '/Users/mohammedkalouti/Documents/Codex/2026-09-27/i/work/art/aircraft-final-production-v3/stage/assets/build/frames/unit.IR.isr/team/recover/d00_f00.png'
08:24.598  render           | Saved: '/var/folders/n4/43n_jxh10gg3s770b_8jbzb80000gn/T/fc-team-coverage-77c6cwlf.png'
08:25.566  render           | Saved: '/Users/mohammedkalouti/Documents/Codex/2026-09-27/i/work/art/aircraft-final-production-v3/stage/assets/build/frames/unit.IR.isr/shadow/recover/d00_f00.png'
08:26.125  render           | Saved: '/Users/mohammedkalouti/Documents/Codex/2026-09-27/i/work/art/aircraft-final-production-v3/stage/assets/build/frames/unit.IR.isr/beauty/recover/d00_f01.png'
08:26.621  render           | Saved: '/Users/mohammedkalouti/Documents/Codex/2026-09-27/i/work/art/aircraft-final-production-v3/stage/assets/build/frames/unit.IR.isr/team/recover/d00_f01.png'
08:26.867  render           | Saved: '/var/folders/n4/43n_jxh10gg3s770b_8jbzb80000gn/T/fc-team-coverage-lhm1_qw8.png'
08:27.824  render           | Saved: '/Users/mohammedkalouti/Documents/Codex/2026-09-27/i/work/art/aircraft-final-production-v3/stage/assets/build/frames/unit.IR.isr/shadow/recover/d00_f01.png'
08:28.388  render           | Saved: '/Users/mohammedkalouti/Documents/Codex/2026-09-27/i/work/art/aircraft-final-production-v3/stage/assets/build/frames/unit.IR.isr/beauty/recover/d00_f02.png'
08:28.884  render           | Saved: '/Users/mohammedkalouti/Documents/Codex/2026-09-27/i/work/art/aircraft-final-production-v3/stage/assets/build/frames/unit.IR.isr/team/recover/d00_f02.png'
08:29.141  render           | Saved: '/var/folders/n4/43n_jxh10gg3s770b_8jbzb80000gn/T/fc-team-coverage-oecxn5tb.png'
08:30.086  render           | Saved: '/Users/mohammedkalouti/Documents/Codex/2026-09-27/i/work/art/aircraft-final-production-v3/stage/assets/build/frames/unit.IR.isr/shadow/recover/d00_f02.png'
08:30.640  render           | Saved: '/Users/mohammedkalouti/Documents/Codex/2026-09-27/i/work/art/aircraft-final-production-v3/stage/assets/build/frames/unit.IR.isr/beauty/recover/d00_f03.png'
08:31.141  render           | Saved: '/Users/mohammedkalouti/Documents/Codex/2026-09-27/i/work/art/aircraft-final-production-v3/stage/assets/build/frames/unit.IR.isr/team/recover/d00_f03.png'
08:31.399  render           | Saved: '/var/folders/n4/43n_jxh10gg3s770b_8jbzb80000gn/T/fc-team-coverage-68vohwbv.png'
08:32.343  render           | Saved: '/Users/mohammedkalouti/Documents/Codex/2026-09-27/i/work/art/aircraft-final-production-v3/stage/assets/build/frames/unit.IR.isr/shadow/recover/d00_f03.png'
08:32.911  render           | Saved: '/Users/mohammedkalouti/Documents/Codex/2026-09-27/i/work/art/aircraft-final-production-v3/stage/assets/build/frames/unit.IR.isr/beauty/recover/d01_f00.png'
08:33.426  render           | Saved: '/Users/mohammedkalouti/Documents/Codex/2026-09-27/i/work/art/aircraft-final-production-v3/stage/assets/build/frames/unit.IR.isr/team/recover/d01_f00.png'
08:33.702  render           | Saved: '/var/folders/n4/43n_jxh10gg3s770b_8jbzb80000gn/T/fc-team-coverage-qckeuv7k.png'
08:34.711  render           | Saved: '/Users/mohammedkalouti/Documents/Codex/2026-09-27/i/work/art/aircraft-final-production-v3/stage/assets/build/frames/unit.IR.isr/shadow/recover/d01_f00.png'
08:35.269  render           | Saved: '/Users/mohammedkalouti/Documents/Codex/2026-09-27/i/work/art/aircraft-final-production-v3/stage/assets/build/frames/unit.IR.isr/beauty/recover/d01_f01.png'
08:35.777  render           | Saved: '/Users/mohammedkalouti/Documents/Codex/2026-09-27/i/work/art/aircraft-final-production-v3/stage/assets/build/frames/unit.IR.isr/team/recover/d01_f01.png'
08:36.032  render           | Saved: '/var/folders/n4/43n_jxh10gg3s770b_8jbzb80000gn/T/fc-team-coverage-sogd9qp9.png'
08:37.023  render           | Saved: '/Users/mohammedkalouti/Documents/Codex/2026-09-27/i/work/art/aircraft-final-production-v3/stage/assets/build/frames/unit.IR.isr/shadow/recover/d01_f01.png'
08:37.620  render           | Saved: '/Users/mohammedkalouti/Documents/Codex/2026-09-27/i/work/art/aircraft-final-production-v3/stage/assets/build/frames/unit.IR.isr/beauty/recover/d01_f02.png'
08:38.138  render           | Saved: '/Users/mohammedkalouti/Documents/Codex/2026-09-27/i/work/art/aircraft-final-production-v3/stage/assets/build/frames/unit.IR.isr/team/recover/d01_f02.png'
08:38.399  render           | Saved: '/var/folders/n4/43n_jxh10gg3s770b_8jbzb80000gn/T/fc-team-coverage-iezx_mp5.png'
08:39.354  render           | Saved: '/Users/mohammedkalouti/Documents/Codex/2026-09-27/i/work/art/aircraft-final-production-v3/stage/assets/build/frames/unit.IR.isr/shadow/recover/d01_f02.png'
08:39.925  render           | Saved: '/Users/mohammedkalouti/Documents/Codex/2026-09-27/i/work/art/aircraft-final-production-v3/stage/assets/build/frames/unit.IR.isr/beauty/recover/d01_f03.png'
08:40.418  render           | Saved: '/Users/mohammedkalouti/Documents/Codex/2026-09-27/i/work/art/aircraft-final-production-v3/stage/assets/build/frames/unit.IR.isr/team/recover/d01_f03.png'
08:40.678  render           | Saved: '/var/folders/n4/43n_jxh10gg3s770b_8jbzb80000gn/T/fc-team-coverage-rydt8vac.png'
08:41.632  render           | Saved: '/Users/mohammedkalouti/Documents/Codex/2026-09-27/i/work/art/aircraft-final-production-v3/stage/assets/build/frames/unit.IR.isr/shadow/recover/d01_f03.png'
08:42.184  render           | Saved: '/Users/mohammedkalouti/Documents/Codex/2026-09-27/i/work/art/aircraft-final-production-v3/stage/assets/build/frames/unit.IR.isr/beauty/recover/d02_f00.png'
08:42.673  render           | Saved: '/Users/mohammedkalouti/Documents/Codex/2026-09-27/i/work/art/aircraft-final-production-v3/stage/assets/build/frames/unit.IR.isr/team/recover/d02_f00.png'
08:42.947  render           | Saved: '/var/folders/n4/43n_jxh10gg3s770b_8jbzb80000gn/T/fc-team-coverage-5tiv12ny.png'
08:43.900  render           | Saved: '/Users/mohammedkalouti/Documents/Codex/2026-09-27/i/work/art/aircraft-final-production-v3/stage/assets/build/frames/unit.IR.isr/shadow/recover/d02_f00.png'
08:44.454  render           | Saved: '/Users/mohammedkalouti/Documents/Codex/2026-09-27/i/work/art/aircraft-final-production-v3/stage/assets/build/frames/unit.IR.isr/beauty/recover/d02_f01.png'
08:45.016  render           | Saved: '/Users/mohammedkalouti/Documents/Codex/2026-09-27/i/work/art/aircraft-final-production-v3/stage/assets/build/frames/unit.IR.isr/team/recover/d02_f01.png'
08:45.359  render           | Saved: '/var/folders/n4/43n_jxh10gg3s770b_8jbzb80000gn/T/fc-team-coverage-_o_2vu6m.png'
08:46.424  render           | Saved: '/Users/mohammedkalouti/Documents/Codex/2026-09-27/i/work/art/aircraft-final-production-v3/stage/assets/build/frames/unit.IR.isr/shadow/recover/d02_f01.png'
08:47.016  render           | Saved: '/Users/mohammedkalouti/Documents/Codex/2026-09-27/i/work/art/aircraft-final-production-v3/stage/assets/build/frames/unit.IR.isr/beauty/recover/d02_f02.png'
08:47.528  render           | Saved: '/Users/mohammedkalouti/Documents/Codex/2026-09-27/i/work/art/aircraft-final-production-v3/stage/assets/build/frames/unit.IR.isr/team/recover/d02_f02.png'
08:47.784  render           | Saved: '/var/folders/n4/43n_jxh10gg3s770b_8jbzb80000gn/T/fc-team-coverage-si1abaw7.png'
08:48.760  render           | Saved: '/Users/mohammedkalouti/Documents/Codex/2026-09-27/i/work/art/aircraft-final-production-v3/stage/assets/build/frames/unit.IR.isr/shadow/recover/d02_f02.png'
08:49.335  render           | Saved: '/Users/mohammedkalouti/Documents/Codex/2026-09-27/i/work/art/aircraft-final-production-v3/stage/assets/build/frames/unit.IR.isr/beauty/recover/d02_f03.png'
08:49.839  render           | Saved: '/Users/mohammedkalouti/Documents/Codex/2026-09-27/i/work/art/aircraft-final-production-v3/stage/assets/build/frames/unit.IR.isr/team/recover/d02_f03.png'
08:50.098  render           | Saved: '/var/folders/n4/43n_jxh10gg3s770b_8jbzb80000gn/T/fc-team-coverage-q60lbr28.png'
08:51.136  render           | Saved: '/Users/mohammedkalouti/Documents/Codex/2026-09-27/i/work/art/aircraft-final-production-v3/stage/assets/build/frames/unit.IR.isr/shadow/recover/d02_f03.png'
08:51.729  render           | Saved: '/Users/mohammedkalouti/Documents/Codex/2026-09-27/i/work/art/aircraft-final-production-v3/stage/assets/build/frames/unit.IR.isr/beauty/recover/d03_f00.png'
08:52.224  render           | Saved: '/Users/mohammedkalouti/Documents/Codex/2026-09-27/i/work/art/aircraft-final-production-v3/stage/assets/build/frames/unit.IR.isr/team/recover/d03_f00.png'
08:52.462  render           | Saved: '/var/folders/n4/43n_jxh10gg3s770b_8jbzb80000gn/T/fc-team-coverage-6big4evc.png'
08:53.450  render           | Saved: '/Users/mohammedkalouti/Documents/Codex/2026-09-27/i/work/art/aircraft-final-production-v3/stage/assets/build/frames/unit.IR.isr/shadow/recover/d03_f00.png'
08:54.020  render           | Saved: '/Users/mohammedkalouti/Documents/Codex/2026-09-27/i/work/art/aircraft-final-production-v3/stage/assets/build/frames/unit.IR.isr/beauty/recover/d03_f01.png'
08:54.535  render           | Saved: '/Users/mohammedkalouti/Documents/Codex/2026-09-27/i/work/art/aircraft-final-production-v3/stage/assets/build/frames/unit.IR.isr/team/recover/d03_f01.png'
08:54.799  render           | Saved: '/var/folders/n4/43n_jxh10gg3s770b_8jbzb80000gn/T/fc-team-coverage-iqbo8awr.png'
08:55.759  render           | Saved: '/Users/mohammedkalouti/Documents/Codex/2026-09-27/i/work/art/aircraft-final-production-v3/stage/assets/build/frames/unit.IR.isr/shadow/recover/d03_f01.png'
08:56.330  render           | Saved: '/Users/mohammedkalouti/Documents/Codex/2026-09-27/i/work/art/aircraft-final-production-v3/stage/assets/build/frames/unit.IR.isr/beauty/recover/d03_f02.png'
08:56.821  render           | Saved: '/Users/mohammedkalouti/Documents/Codex/2026-09-27/i/work/art/aircraft-final-production-v3/stage/assets/build/frames/unit.IR.isr/team/recover/d03_f02.png'
08:57.078  render           | Saved: '/var/folders/n4/43n_jxh10gg3s770b_8jbzb80000gn/T/fc-team-coverage-snb9f4zk.png'
08:58.034  render           | Saved: '/Users/mohammedkalouti/Documents/Codex/2026-09-27/i/work/art/aircraft-final-production-v3/stage/assets/build/frames/unit.IR.isr/shadow/recover/d03_f02.png'
08:58.587  render           | Saved: '/Users/mohammedkalouti/Documents/Codex/2026-09-27/i/work/art/aircraft-final-production-v3/stage/assets/build/frames/unit.IR.isr/beauty/recover/d03_f03.png'
08:59.083  render           | Saved: '/Users/mohammedkalouti/Documents/Codex/2026-09-27/i/work/art/aircraft-final-production-v3/stage/assets/build/frames/unit.IR.isr/team/recover/d03_f03.png'
08:59.331  render           | Saved: '/var/folders/n4/43n_jxh10gg3s770b_8jbzb80000gn/T/fc-team-coverage-kxb9f797.png'
09:00.277  render           | Saved: '/Users/mohammedkalouti/Documents/Codex/2026-09-27/i/work/art/aircraft-final-production-v3/stage/assets/build/frames/unit.IR.isr/shadow/recover/d03_f03.png'
09:00.873  render           | Saved: '/Users/mohammedkalouti/Documents/Codex/2026-09-27/i/work/art/aircraft-final-production-v3/stage/assets/build/frames/unit.IR.isr/beauty/recover/d04_f00.png'
09:01.355  render           | Saved: '/Users/mohammedkalouti/Documents/Codex/2026-09-27/i/work/art/aircraft-final-production-v3/stage/assets/build/frames/unit.IR.isr/team/recover/d04_f00.png'
09:01.591  render           | Saved: '/var/folders/n4/43n_jxh10gg3s770b_8jbzb80000gn/T/fc-team-coverage-jximuyut.png'
09:02.561  render           | Saved: '/Users/mohammedkalouti/Documents/Codex/2026-09-27/i/work/art/aircraft-final-production-v3/stage/assets/build/frames/unit.IR.isr/shadow/recover/d04_f00.png'
09:03.131  render           | Saved: '/Users/mohammedkalouti/Documents/Codex/2026-09-27/i/work/art/aircraft-final-production-v3/stage/assets/build/frames/unit.IR.isr/beauty/recover/d04_f01.png'
09:03.622  render           | Saved: '/Users/mohammedkalouti/Documents/Codex/2026-09-27/i/work/art/aircraft-final-production-v3/stage/assets/build/frames/unit.IR.isr/team/recover/d04_f01.png'
09:03.872  render           | Saved: '/var/folders/n4/43n_jxh10gg3s770b_8jbzb80000gn/T/fc-team-coverage-pk9wa3d4.png'
09:04.847  render           | Saved: '/Users/mohammedkalouti/Documents/Codex/2026-09-27/i/work/art/aircraft-final-production-v3/stage/assets/build/frames/unit.IR.isr/shadow/recover/d04_f01.png'
09:05.422  render           | Saved: '/Users/mohammedkalouti/Documents/Codex/2026-09-27/i/work/art/aircraft-final-production-v3/stage/assets/build/frames/unit.IR.isr/beauty/recover/d04_f02.png'
09:05.907  render           | Saved: '/Users/mohammedkalouti/Documents/Codex/2026-09-27/i/work/art/aircraft-final-production-v3/stage/assets/build/frames/unit.IR.isr/team/recover/d04_f02.png'
09:06.148  render           | Saved: '/var/folders/n4/43n_jxh10gg3s770b_8jbzb80000gn/T/fc-team-coverage-ln7wi7pr.png'
09:07.136  render           | Saved: '/Users/mohammedkalouti/Documents/Codex/2026-09-27/i/work/art/aircraft-final-production-v3/stage/assets/build/frames/unit.IR.isr/shadow/recover/d04_f02.png'
09:07.799  render           | Saved: '/Users/mohammedkalouti/Documents/Codex/2026-09-27/i/work/art/aircraft-final-production-v3/stage/assets/build/frames/unit.IR.isr/beauty/recover/d04_f03.png'
09:08.321  render           | Saved: '/Users/mohammedkalouti/Documents/Codex/2026-09-27/i/work/art/aircraft-final-production-v3/stage/assets/build/frames/unit.IR.isr/team/recover/d04_f03.png'
09:08.561  render           | Saved: '/var/folders/n4/43n_jxh10gg3s770b_8jbzb80000gn/T/fc-team-coverage-gonxn1xa.png'
09:09.525  render           | Saved: '/Users/mohammedkalouti/Documents/Codex/2026-09-27/i/work/art/aircraft-final-production-v3/stage/assets/build/frames/unit.IR.isr/shadow/recover/d04_f03.png'
09:10.083  render           | Saved: '/Users/mohammedkalouti/Documents/Codex/2026-09-27/i/work/art/aircraft-final-production-v3/stage/assets/build/frames/unit.IR.isr/beauty/recover/d05_f00.png'
09:10.576  render           | Saved: '/Users/mohammedkalouti/Documents/Codex/2026-09-27/i/work/art/aircraft-final-production-v3/stage/assets/build/frames/unit.IR.isr/team/recover/d05_f00.png'
09:10.847  render           | Saved: '/var/folders/n4/43n_jxh10gg3s770b_8jbzb80000gn/T/fc-team-coverage-dbx4qm7g.png'
09:11.829  render           | Saved: '/Users/mohammedkalouti/Documents/Codex/2026-09-27/i/work/art/aircraft-final-production-v3/stage/assets/build/frames/unit.IR.isr/shadow/recover/d05_f00.png'
09:12.423  render           | Saved: '/Users/mohammedkalouti/Documents/Codex/2026-09-27/i/work/art/aircraft-final-production-v3/stage/assets/build/frames/unit.IR.isr/beauty/recover/d05_f01.png'
09:12.923  render           | Saved: '/Users/mohammedkalouti/Documents/Codex/2026-09-27/i/work/art/aircraft-final-production-v3/stage/assets/build/frames/unit.IR.isr/team/recover/d05_f01.png'
09:13.175  render           | Saved: '/var/folders/n4/43n_jxh10gg3s770b_8jbzb80000gn/T/fc-team-coverage-lia6605s.png'
09:14.142  render           | Saved: '/Users/mohammedkalouti/Documents/Codex/2026-09-27/i/work/art/aircraft-final-production-v3/stage/assets/build/frames/unit.IR.isr/shadow/recover/d05_f01.png'
09:14.695  render           | Saved: '/Users/mohammedkalouti/Documents/Codex/2026-09-27/i/work/art/aircraft-final-production-v3/stage/assets/build/frames/unit.IR.isr/beauty/recover/d05_f02.png'
09:15.192  render           | Saved: '/Users/mohammedkalouti/Documents/Codex/2026-09-27/i/work/art/aircraft-final-production-v3/stage/assets/build/frames/unit.IR.isr/team/recover/d05_f02.png'
09:15.449  render           | Saved: '/var/folders/n4/43n_jxh10gg3s770b_8jbzb80000gn/T/fc-team-coverage-1a986lcx.png'
09:16.441  render           | Saved: '/Users/mohammedkalouti/Documents/Codex/2026-09-27/i/work/art/aircraft-final-production-v3/stage/assets/build/frames/unit.IR.isr/shadow/recover/d05_f02.png'
09:17.046  render           | Saved: '/Users/mohammedkalouti/Documents/Codex/2026-09-27/i/work/art/aircraft-final-production-v3/stage/assets/build/frames/unit.IR.isr/beauty/recover/d05_f03.png'
09:17.540  render           | Saved: '/Users/mohammedkalouti/Documents/Codex/2026-09-27/i/work/art/aircraft-final-production-v3/stage/assets/build/frames/unit.IR.isr/team/recover/d05_f03.png'
09:17.781  render           | Saved: '/var/folders/n4/43n_jxh10gg3s770b_8jbzb80000gn/T/fc-team-coverage-ukq8uyad.png'
09:18.738  render           | Saved: '/Users/mohammedkalouti/Documents/Codex/2026-09-27/i/work/art/aircraft-final-production-v3/stage/assets/build/frames/unit.IR.isr/shadow/recover/d05_f03.png'
09:19.293  render           | Saved: '/Users/mohammedkalouti/Documents/Codex/2026-09-27/i/work/art/aircraft-final-production-v3/stage/assets/build/frames/unit.IR.isr/beauty/recover/d06_f00.png'
09:19.781  render           | Saved: '/Users/mohammedkalouti/Documents/Codex/2026-09-27/i/work/art/aircraft-final-production-v3/stage/assets/build/frames/unit.IR.isr/team/recover/d06_f00.png'
09:20.023  render           | Saved: '/var/folders/n4/43n_jxh10gg3s770b_8jbzb80000gn/T/fc-team-coverage-0um449d6.png'
09:21.007  render           | Saved: '/Users/mohammedkalouti/Documents/Codex/2026-09-27/i/work/art/aircraft-final-production-v3/stage/assets/build/frames/unit.IR.isr/shadow/recover/d06_f00.png'
09:21.569  render           | Saved: '/Users/mohammedkalouti/Documents/Codex/2026-09-27/i/work/art/aircraft-final-production-v3/stage/assets/build/frames/unit.IR.isr/beauty/recover/d06_f01.png'
09:22.072  render           | Saved: '/Users/mohammedkalouti/Documents/Codex/2026-09-27/i/work/art/aircraft-final-production-v3/stage/assets/build/frames/unit.IR.isr/team/recover/d06_f01.png'
09:22.336  render           | Saved: '/var/folders/n4/43n_jxh10gg3s770b_8jbzb80000gn/T/fc-team-coverage-tqg38lc5.png'
09:23.308  render           | Saved: '/Users/mohammedkalouti/Documents/Codex/2026-09-27/i/work/art/aircraft-final-production-v3/stage/assets/build/frames/unit.IR.isr/shadow/recover/d06_f01.png'
09:23.861  render           | Saved: '/Users/mohammedkalouti/Documents/Codex/2026-09-27/i/work/art/aircraft-final-production-v3/stage/assets/build/frames/unit.IR.isr/beauty/recover/d06_f02.png'
09:24.354  render           | Saved: '/Users/mohammedkalouti/Documents/Codex/2026-09-27/i/work/art/aircraft-final-production-v3/stage/assets/build/frames/unit.IR.isr/team/recover/d06_f02.png'
09:24.608  render           | Saved: '/var/folders/n4/43n_jxh10gg3s770b_8jbzb80000gn/T/fc-team-coverage-ds92w1hn.png'
09:25.575  render           | Saved: '/Users/mohammedkalouti/Documents/Codex/2026-09-27/i/work/art/aircraft-final-production-v3/stage/assets/build/frames/unit.IR.isr/shadow/recover/d06_f02.png'
09:26.130  render           | Saved: '/Users/mohammedkalouti/Documents/Codex/2026-09-27/i/work/art/aircraft-final-production-v3/stage/assets/build/frames/unit.IR.isr/beauty/recover/d06_f03.png'
09:26.620  render           | Saved: '/Users/mohammedkalouti/Documents/Codex/2026-09-27/i/work/art/aircraft-final-production-v3/stage/assets/build/frames/unit.IR.isr/team/recover/d06_f03.png'
09:26.867  render           | Saved: '/var/folders/n4/43n_jxh10gg3s770b_8jbzb80000gn/T/fc-team-coverage-hirpbldq.png'
09:27.842  render           | Saved: '/Users/mohammedkalouti/Documents/Codex/2026-09-27/i/work/art/aircraft-final-production-v3/stage/assets/build/frames/unit.IR.isr/shadow/recover/d06_f03.png'
09:28.400  render           | Saved: '/Users/mohammedkalouti/Documents/Codex/2026-09-27/i/work/art/aircraft-final-production-v3/stage/assets/build/frames/unit.IR.isr/beauty/recover/d07_f00.png'
09:28.888  render           | Saved: '/Users/mohammedkalouti/Documents/Codex/2026-09-27/i/work/art/aircraft-final-production-v3/stage/assets/build/frames/unit.IR.isr/team/recover/d07_f00.png'
09:29.126  render           | Saved: '/var/folders/n4/43n_jxh10gg3s770b_8jbzb80000gn/T/fc-team-coverage-pzzhgeq3.png'
09:30.130  render           | Saved: '/Users/mohammedkalouti/Documents/Codex/2026-09-27/i/work/art/aircraft-final-production-v3/stage/assets/build/frames/unit.IR.isr/shadow/recover/d07_f00.png'
09:30.695  render           | Saved: '/Users/mohammedkalouti/Documents/Codex/2026-09-27/i/work/art/aircraft-final-production-v3/stage/assets/build/frames/unit.IR.isr/beauty/recover/d07_f01.png'
09:31.189  render           | Saved: '/Users/mohammedkalouti/Documents/Codex/2026-09-27/i/work/art/aircraft-final-production-v3/stage/assets/build/frames/unit.IR.isr/team/recover/d07_f01.png'
09:31.433  render           | Saved: '/var/folders/n4/43n_jxh10gg3s770b_8jbzb80000gn/T/fc-team-coverage-9u5nsuxs.png'
09:32.415  render           | Saved: '/Users/mohammedkalouti/Documents/Codex/2026-09-27/i/work/art/aircraft-final-production-v3/stage/assets/build/frames/unit.IR.isr/shadow/recover/d07_f01.png'
09:32.983  render           | Saved: '/Users/mohammedkalouti/Documents/Codex/2026-09-27/i/work/art/aircraft-final-production-v3/stage/assets/build/frames/unit.IR.isr/beauty/recover/d07_f02.png'
09:33.474  render           | Saved: '/Users/mohammedkalouti/Documents/Codex/2026-09-27/i/work/art/aircraft-final-production-v3/stage/assets/build/frames/unit.IR.isr/team/recover/d07_f02.png'
09:33.733  render           | Saved: '/var/folders/n4/43n_jxh10gg3s770b_8jbzb80000gn/T/fc-team-coverage-qpadlnpg.png'
09:34.709  render           | Saved: '/Users/mohammedkalouti/Documents/Codex/2026-09-27/i/work/art/aircraft-final-production-v3/stage/assets/build/frames/unit.IR.isr/shadow/recover/d07_f02.png'
09:35.298  render           | Saved: '/Users/mohammedkalouti/Documents/Codex/2026-09-27/i/work/art/aircraft-final-production-v3/stage/assets/build/frames/unit.IR.isr/beauty/recover/d07_f03.png'
09:35.788  render           | Saved: '/Users/mohammedkalouti/Documents/Codex/2026-09-27/i/work/art/aircraft-final-production-v3/stage/assets/build/frames/unit.IR.isr/team/recover/d07_f03.png'
09:36.032  render           | Saved: '/var/folders/n4/43n_jxh10gg3s770b_8jbzb80000gn/T/fc-team-coverage-6dyjr2gk.png'
09:36.994  render           | Saved: '/Users/mohammedkalouti/Documents/Codex/2026-09-27/i/work/art/aircraft-final-production-v3/stage/assets/build/frames/unit.IR.isr/shadow/recover/d07_f03.png'
09:37.543  render           | Saved: '/Users/mohammedkalouti/Documents/Codex/2026-09-27/i/work/art/aircraft-final-production-v3/stage/assets/build/frames/unit.IR.isr/beauty/recover/d08_f00.png'
09:38.048  render           | Saved: '/Users/mohammedkalouti/Documents/Codex/2026-09-27/i/work/art/aircraft-final-production-v3/stage/assets/build/frames/unit.IR.isr/team/recover/d08_f00.png'
09:38.319  render           | Saved: '/var/folders/n4/43n_jxh10gg3s770b_8jbzb80000gn/T/fc-team-coverage-fvvqhcrr.png'
09:39.278  render           | Saved: '/Users/mohammedkalouti/Documents/Codex/2026-09-27/i/work/art/aircraft-final-production-v3/stage/assets/build/frames/unit.IR.isr/shadow/recover/d08_f00.png'
09:39.832  render           | Saved: '/Users/mohammedkalouti/Documents/Codex/2026-09-27/i/work/art/aircraft-final-production-v3/stage/assets/build/frames/unit.IR.isr/beauty/recover/d08_f01.png'
09:40.332  render           | Saved: '/Users/mohammedkalouti/Documents/Codex/2026-09-27/i/work/art/aircraft-final-production-v3/stage/assets/build/frames/unit.IR.isr/team/recover/d08_f01.png'
09:40.599  render           | Saved: '/var/folders/n4/43n_jxh10gg3s770b_8jbzb80000gn/T/fc-team-coverage-5wptvt08.png'
09:41.564  render           | Saved: '/Users/mohammedkalouti/Documents/Codex/2026-09-27/i/work/art/aircraft-final-production-v3/stage/assets/build/frames/unit.IR.isr/shadow/recover/d08_f01.png'
09:42.130  render           | Saved: '/Users/mohammedkalouti/Documents/Codex/2026-09-27/i/work/art/aircraft-final-production-v3/stage/assets/build/frames/unit.IR.isr/beauty/recover/d08_f02.png'
09:42.620  render           | Saved: '/Users/mohammedkalouti/Documents/Codex/2026-09-27/i/work/art/aircraft-final-production-v3/stage/assets/build/frames/unit.IR.isr/team/recover/d08_f02.png'
09:42.872  render           | Saved: '/var/folders/n4/43n_jxh10gg3s770b_8jbzb80000gn/T/fc-team-coverage-el6o7_4s.png'
09:43.807  render           | Saved: '/Users/mohammedkalouti/Documents/Codex/2026-09-27/i/work/art/aircraft-final-production-v3/stage/assets/build/frames/unit.IR.isr/shadow/recover/d08_f02.png'
09:44.366  render           | Saved: '/Users/mohammedkalouti/Documents/Codex/2026-09-27/i/work/art/aircraft-final-production-v3/stage/assets/build/frames/unit.IR.isr/beauty/recover/d08_f03.png'
09:44.861  render           | Saved: '/Users/mohammedkalouti/Documents/Codex/2026-09-27/i/work/art/aircraft-final-production-v3/stage/assets/build/frames/unit.IR.isr/team/recover/d08_f03.png'
09:45.106  render           | Saved: '/var/folders/n4/43n_jxh10gg3s770b_8jbzb80000gn/T/fc-team-coverage-3e7_syu0.png'
09:46.101  render           | Saved: '/Users/mohammedkalouti/Documents/Codex/2026-09-27/i/work/art/aircraft-final-production-v3/stage/assets/build/frames/unit.IR.isr/shadow/recover/d08_f03.png'
09:46.645  render           | Saved: '/Users/mohammedkalouti/Documents/Codex/2026-09-27/i/work/art/aircraft-final-production-v3/stage/assets/build/frames/unit.IR.isr/beauty/recover/d09_f00.png'
09:47.147  render           | Saved: '/Users/mohammedkalouti/Documents/Codex/2026-09-27/i/work/art/aircraft-final-production-v3/stage/assets/build/frames/unit.IR.isr/team/recover/d09_f00.png'
09:47.399  render           | Saved: '/var/folders/n4/43n_jxh10gg3s770b_8jbzb80000gn/T/fc-team-coverage-wpr39euv.png'
09:48.361  render           | Saved: '/Users/mohammedkalouti/Documents/Codex/2026-09-27/i/work/art/aircraft-final-production-v3/stage/assets/build/frames/unit.IR.isr/shadow/recover/d09_f00.png'
09:48.919  render           | Saved: '/Users/mohammedkalouti/Documents/Codex/2026-09-27/i/work/art/aircraft-final-production-v3/stage/assets/build/frames/unit.IR.isr/beauty/recover/d09_f01.png'
09:49.403  render           | Saved: '/Users/mohammedkalouti/Documents/Codex/2026-09-27/i/work/art/aircraft-final-production-v3/stage/assets/build/frames/unit.IR.isr/team/recover/d09_f01.png'
09:49.641  render           | Saved: '/var/folders/n4/43n_jxh10gg3s770b_8jbzb80000gn/T/fc-team-coverage-9pjqi5io.png'
09:50.608  render           | Saved: '/Users/mohammedkalouti/Documents/Codex/2026-09-27/i/work/art/aircraft-final-production-v3/stage/assets/build/frames/unit.IR.isr/shadow/recover/d09_f01.png'
09:51.169  render           | Saved: '/Users/mohammedkalouti/Documents/Codex/2026-09-27/i/work/art/aircraft-final-production-v3/stage/assets/build/frames/unit.IR.isr/beauty/recover/d09_f02.png'
09:51.652  render           | Saved: '/Users/mohammedkalouti/Documents/Codex/2026-09-27/i/work/art/aircraft-final-production-v3/stage/assets/build/frames/unit.IR.isr/team/recover/d09_f02.png'
09:51.901  render           | Saved: '/var/folders/n4/43n_jxh10gg3s770b_8jbzb80000gn/T/fc-team-coverage-eridmhtc.png'
09:52.868  render           | Saved: '/Users/mohammedkalouti/Documents/Codex/2026-09-27/i/work/art/aircraft-final-production-v3/stage/assets/build/frames/unit.IR.isr/shadow/recover/d09_f02.png'
09:53.449  render           | Saved: '/Users/mohammedkalouti/Documents/Codex/2026-09-27/i/work/art/aircraft-final-production-v3/stage/assets/build/frames/unit.IR.isr/beauty/recover/d09_f03.png'
09:53.958  render           | Saved: '/Users/mohammedkalouti/Documents/Codex/2026-09-27/i/work/art/aircraft-final-production-v3/stage/assets/build/frames/unit.IR.isr/team/recover/d09_f03.png'
09:54.202  render           | Saved: '/var/folders/n4/43n_jxh10gg3s770b_8jbzb80000gn/T/fc-team-coverage-l6f7e9aw.png'
09:55.179  render           | Saved: '/Users/mohammedkalouti/Documents/Codex/2026-09-27/i/work/art/aircraft-final-production-v3/stage/assets/build/frames/unit.IR.isr/shadow/recover/d09_f03.png'
09:55.736  render           | Saved: '/Users/mohammedkalouti/Documents/Codex/2026-09-27/i/work/art/aircraft-final-production-v3/stage/assets/build/frames/unit.IR.isr/beauty/recover/d10_f00.png'
09:56.226  render           | Saved: '/Users/mohammedkalouti/Documents/Codex/2026-09-27/i/work/art/aircraft-final-production-v3/stage/assets/build/frames/unit.IR.isr/team/recover/d10_f00.png'
09:56.480  render           | Saved: '/var/folders/n4/43n_jxh10gg3s770b_8jbzb80000gn/T/fc-team-coverage-l7g_colz.png'
09:57.456  render           | Saved: '/Users/mohammedkalouti/Documents/Codex/2026-09-27/i/work/art/aircraft-final-production-v3/stage/assets/build/frames/unit.IR.isr/shadow/recover/d10_f00.png'
09:58.033  render           | Saved: '/Users/mohammedkalouti/Documents/Codex/2026-09-27/i/work/art/aircraft-final-production-v3/stage/assets/build/frames/unit.IR.isr/beauty/recover/d10_f01.png'
09:58.521  render           | Saved: '/Users/mohammedkalouti/Documents/Codex/2026-09-27/i/work/art/aircraft-final-production-v3/stage/assets/build/frames/unit.IR.isr/team/recover/d10_f01.png'
09:58.779  render           | Saved: '/var/folders/n4/43n_jxh10gg3s770b_8jbzb80000gn/T/fc-team-coverage-gae7tbu4.png'
09:59.732  render           | Saved: '/Users/mohammedkalouti/Documents/Codex/2026-09-27/i/work/art/aircraft-final-production-v3/stage/assets/build/frames/unit.IR.isr/shadow/recover/d10_f01.png'
10:00.294  render           | Saved: '/Users/mohammedkalouti/Documents/Codex/2026-09-27/i/work/art/aircraft-final-production-v3/stage/assets/build/frames/unit.IR.isr/beauty/recover/d10_f02.png'
10:00.791  render           | Saved: '/Users/mohammedkalouti/Documents/Codex/2026-09-27/i/work/art/aircraft-final-production-v3/stage/assets/build/frames/unit.IR.isr/team/recover/d10_f02.png'
10:01.032  render           | Saved: '/var/folders/n4/43n_jxh10gg3s770b_8jbzb80000gn/T/fc-team-coverage-zq787xgg.png'
10:01.977  render           | Saved: '/Users/mohammedkalouti/Documents/Codex/2026-09-27/i/work/art/aircraft-final-production-v3/stage/assets/build/frames/unit.IR.isr/shadow/recover/d10_f02.png'
10:02.524  render           | Saved: '/Users/mohammedkalouti/Documents/Codex/2026-09-27/i/work/art/aircraft-final-production-v3/stage/assets/build/frames/unit.IR.isr/beauty/recover/d10_f03.png'
10:03.010  render           | Saved: '/Users/mohammedkalouti/Documents/Codex/2026-09-27/i/work/art/aircraft-final-production-v3/stage/assets/build/frames/unit.IR.isr/team/recover/d10_f03.png'
10:03.269  render           | Saved: '/var/folders/n4/43n_jxh10gg3s770b_8jbzb80000gn/T/fc-team-coverage-50mtbf3a.png'
10:04.234  render           | Saved: '/Users/mohammedkalouti/Documents/Codex/2026-09-27/i/work/art/aircraft-final-production-v3/stage/assets/build/frames/unit.IR.isr/shadow/recover/d10_f03.png'
10:04.814  render           | Saved: '/Users/mohammedkalouti/Documents/Codex/2026-09-27/i/work/art/aircraft-final-production-v3/stage/assets/build/frames/unit.IR.isr/beauty/recover/d11_f00.png'
10:05.293  render           | Saved: '/Users/mohammedkalouti/Documents/Codex/2026-09-27/i/work/art/aircraft-final-production-v3/stage/assets/build/frames/unit.IR.isr/team/recover/d11_f00.png'
10:05.549  render           | Saved: '/var/folders/n4/43n_jxh10gg3s770b_8jbzb80000gn/T/fc-team-coverage-2mspj7me.png'
10:06.507  render           | Saved: '/Users/mohammedkalouti/Documents/Codex/2026-09-27/i/work/art/aircraft-final-production-v3/stage/assets/build/frames/unit.IR.isr/shadow/recover/d11_f00.png'
10:07.063  render           | Saved: '/Users/mohammedkalouti/Documents/Codex/2026-09-27/i/work/art/aircraft-final-production-v3/stage/assets/build/frames/unit.IR.isr/beauty/recover/d11_f01.png'
10:07.562  render           | Saved: '/Users/mohammedkalouti/Documents/Codex/2026-09-27/i/work/art/aircraft-final-production-v3/stage/assets/build/frames/unit.IR.isr/team/recover/d11_f01.png'
10:07.816  render           | Saved: '/var/folders/n4/43n_jxh10gg3s770b_8jbzb80000gn/T/fc-team-coverage-7mlkf_7v.png'
10:08.767  render           | Saved: '/Users/mohammedkalouti/Documents/Codex/2026-09-27/i/work/art/aircraft-final-production-v3/stage/assets/build/frames/unit.IR.isr/shadow/recover/d11_f01.png'
10:09.321  render           | Saved: '/Users/mohammedkalouti/Documents/Codex/2026-09-27/i/work/art/aircraft-final-production-v3/stage/assets/build/frames/unit.IR.isr/beauty/recover/d11_f02.png'
10:09.819  render           | Saved: '/Users/mohammedkalouti/Documents/Codex/2026-09-27/i/work/art/aircraft-final-production-v3/stage/assets/build/frames/unit.IR.isr/team/recover/d11_f02.png'
10:10.075  render           | Saved: '/var/folders/n4/43n_jxh10gg3s770b_8jbzb80000gn/T/fc-team-coverage-i_0oqd0u.png'
10:11.040  render           | Saved: '/Users/mohammedkalouti/Documents/Codex/2026-09-27/i/work/art/aircraft-final-production-v3/stage/assets/build/frames/unit.IR.isr/shadow/recover/d11_f02.png'
10:11.587  render           | Saved: '/Users/mohammedkalouti/Documents/Codex/2026-09-27/i/work/art/aircraft-final-production-v3/stage/assets/build/frames/unit.IR.isr/beauty/recover/d11_f03.png'
10:12.074  render           | Saved: '/Users/mohammedkalouti/Documents/Codex/2026-09-27/i/work/art/aircraft-final-production-v3/stage/assets/build/frames/unit.IR.isr/team/recover/d11_f03.png'
10:12.334  render           | Saved: '/var/folders/n4/43n_jxh10gg3s770b_8jbzb80000gn/T/fc-team-coverage-n_4c4xum.png'
10:13.300  render           | Saved: '/Users/mohammedkalouti/Documents/Codex/2026-09-27/i/work/art/aircraft-final-production-v3/stage/assets/build/frames/unit.IR.isr/shadow/recover/d11_f03.png'
10:13.854  render           | Saved: '/Users/mohammedkalouti/Documents/Codex/2026-09-27/i/work/art/aircraft-final-production-v3/stage/assets/build/frames/unit.IR.isr/beauty/recover/d12_f00.png'
10:14.335  render           | Saved: '/Users/mohammedkalouti/Documents/Codex/2026-09-27/i/work/art/aircraft-final-production-v3/stage/assets/build/frames/unit.IR.isr/team/recover/d12_f00.png'
10:14.575  render           | Saved: '/var/folders/n4/43n_jxh10gg3s770b_8jbzb80000gn/T/fc-team-coverage-pvd0n0i7.png'
10:15.554  render           | Saved: '/Users/mohammedkalouti/Documents/Codex/2026-09-27/i/work/art/aircraft-final-production-v3/stage/assets/build/frames/unit.IR.isr/shadow/recover/d12_f00.png'
10:16.125  render           | Saved: '/Users/mohammedkalouti/Documents/Codex/2026-09-27/i/work/art/aircraft-final-production-v3/stage/assets/build/frames/unit.IR.isr/beauty/recover/d12_f01.png'
10:16.607  render           | Saved: '/Users/mohammedkalouti/Documents/Codex/2026-09-27/i/work/art/aircraft-final-production-v3/stage/assets/build/frames/unit.IR.isr/team/recover/d12_f01.png'
10:16.862  render           | Saved: '/var/folders/n4/43n_jxh10gg3s770b_8jbzb80000gn/T/fc-team-coverage-09_3m8qt.png'
10:17.816  render           | Saved: '/Users/mohammedkalouti/Documents/Codex/2026-09-27/i/work/art/aircraft-final-production-v3/stage/assets/build/frames/unit.IR.isr/shadow/recover/d12_f01.png'
10:18.373  render           | Saved: '/Users/mohammedkalouti/Documents/Codex/2026-09-27/i/work/art/aircraft-final-production-v3/stage/assets/build/frames/unit.IR.isr/beauty/recover/d12_f02.png'
10:18.861  render           | Saved: '/Users/mohammedkalouti/Documents/Codex/2026-09-27/i/work/art/aircraft-final-production-v3/stage/assets/build/frames/unit.IR.isr/team/recover/d12_f02.png'
10:19.116  render           | Saved: '/var/folders/n4/43n_jxh10gg3s770b_8jbzb80000gn/T/fc-team-coverage-om8htagv.png'
10:20.065  render           | Saved: '/Users/mohammedkalouti/Documents/Codex/2026-09-27/i/work/art/aircraft-final-production-v3/stage/assets/build/frames/unit.IR.isr/shadow/recover/d12_f02.png'
10:20.615  render           | Saved: '/Users/mohammedkalouti/Documents/Codex/2026-09-27/i/work/art/aircraft-final-production-v3/stage/assets/build/frames/unit.IR.isr/beauty/recover/d12_f03.png'
10:21.117  render           | Saved: '/Users/mohammedkalouti/Documents/Codex/2026-09-27/i/work/art/aircraft-final-production-v3/stage/assets/build/frames/unit.IR.isr/team/recover/d12_f03.png'
10:21.375  render           | Saved: '/var/folders/n4/43n_jxh10gg3s770b_8jbzb80000gn/T/fc-team-coverage-su1ffs2x.png'
10:22.332  render           | Saved: '/Users/mohammedkalouti/Documents/Codex/2026-09-27/i/work/art/aircraft-final-production-v3/stage/assets/build/frames/unit.IR.isr/shadow/recover/d12_f03.png'
10:22.876  render           | Saved: '/Users/mohammedkalouti/Documents/Codex/2026-09-27/i/work/art/aircraft-final-production-v3/stage/assets/build/frames/unit.IR.isr/beauty/recover/d13_f00.png'
10:23.351  render           | Saved: '/Users/mohammedkalouti/Documents/Codex/2026-09-27/i/work/art/aircraft-final-production-v3/stage/assets/build/frames/unit.IR.isr/team/recover/d13_f00.png'
10:23.608  render           | Saved: '/var/folders/n4/43n_jxh10gg3s770b_8jbzb80000gn/T/fc-team-coverage-avscvf60.png'
10:24.554  render           | Saved: '/Users/mohammedkalouti/Documents/Codex/2026-09-27/i/work/art/aircraft-final-production-v3/stage/assets/build/frames/unit.IR.isr/shadow/recover/d13_f00.png'
10:25.117  render           | Saved: '/Users/mohammedkalouti/Documents/Codex/2026-09-27/i/work/art/aircraft-final-production-v3/stage/assets/build/frames/unit.IR.isr/beauty/recover/d13_f01.png'
10:25.604  render           | Saved: '/Users/mohammedkalouti/Documents/Codex/2026-09-27/i/work/art/aircraft-final-production-v3/stage/assets/build/frames/unit.IR.isr/team/recover/d13_f01.png'
10:25.883  render           | Saved: '/var/folders/n4/43n_jxh10gg3s770b_8jbzb80000gn/T/fc-team-coverage-3utjz8fc.png'
10:27.125  render           | Saved: '/Users/mohammedkalouti/Documents/Codex/2026-09-27/i/work/art/aircraft-final-production-v3/stage/assets/build/frames/unit.IR.isr/shadow/recover/d13_f01.png'
10:27.873  render           | Saved: '/Users/mohammedkalouti/Documents/Codex/2026-09-27/i/work/art/aircraft-final-production-v3/stage/assets/build/frames/unit.IR.isr/beauty/recover/d13_f02.png'
10:28.402  render           | Saved: '/Users/mohammedkalouti/Documents/Codex/2026-09-27/i/work/art/aircraft-final-production-v3/stage/assets/build/frames/unit.IR.isr/team/recover/d13_f02.png'
10:28.650  render           | Saved: '/var/folders/n4/43n_jxh10gg3s770b_8jbzb80000gn/T/fc-team-coverage-cx4pnwys.png'
10:29.659  render           | Saved: '/Users/mohammedkalouti/Documents/Codex/2026-09-27/i/work/art/aircraft-final-production-v3/stage/assets/build/frames/unit.IR.isr/shadow/recover/d13_f02.png'
10:30.221  render           | Saved: '/Users/mohammedkalouti/Documents/Codex/2026-09-27/i/work/art/aircraft-final-production-v3/stage/assets/build/frames/unit.IR.isr/beauty/recover/d13_f03.png'
10:30.705  render           | Saved: '/Users/mohammedkalouti/Documents/Codex/2026-09-27/i/work/art/aircraft-final-production-v3/stage/assets/build/frames/unit.IR.isr/team/recover/d13_f03.png'
10:30.949  render           | Saved: '/var/folders/n4/43n_jxh10gg3s770b_8jbzb80000gn/T/fc-team-coverage-w4ajv78d.png'
10:31.907  render           | Saved: '/Users/mohammedkalouti/Documents/Codex/2026-09-27/i/work/art/aircraft-final-production-v3/stage/assets/build/frames/unit.IR.isr/shadow/recover/d13_f03.png'
10:32.467  render           | Saved: '/Users/mohammedkalouti/Documents/Codex/2026-09-27/i/work/art/aircraft-final-production-v3/stage/assets/build/frames/unit.IR.isr/beauty/recover/d14_f00.png'
10:32.979  render           | Saved: '/Users/mohammedkalouti/Documents/Codex/2026-09-27/i/work/art/aircraft-final-production-v3/stage/assets/build/frames/unit.IR.isr/team/recover/d14_f00.png'
10:33.236  render           | Saved: '/var/folders/n4/43n_jxh10gg3s770b_8jbzb80000gn/T/fc-team-coverage-2az4trtx.png'
10:34.214  render           | Saved: '/Users/mohammedkalouti/Documents/Codex/2026-09-27/i/work/art/aircraft-final-production-v3/stage/assets/build/frames/unit.IR.isr/shadow/recover/d14_f00.png'
10:34.768  render           | Saved: '/Users/mohammedkalouti/Documents/Codex/2026-09-27/i/work/art/aircraft-final-production-v3/stage/assets/build/frames/unit.IR.isr/beauty/recover/d14_f01.png'
10:35.252  render           | Saved: '/Users/mohammedkalouti/Documents/Codex/2026-09-27/i/work/art/aircraft-final-production-v3/stage/assets/build/frames/unit.IR.isr/team/recover/d14_f01.png'
10:35.501  render           | Saved: '/var/folders/n4/43n_jxh10gg3s770b_8jbzb80000gn/T/fc-team-coverage-_ybpg04d.png'
10:36.486  render           | Saved: '/Users/mohammedkalouti/Documents/Codex/2026-09-27/i/work/art/aircraft-final-production-v3/stage/assets/build/frames/unit.IR.isr/shadow/recover/d14_f01.png'
10:37.049  render           | Saved: '/Users/mohammedkalouti/Documents/Codex/2026-09-27/i/work/art/aircraft-final-production-v3/stage/assets/build/frames/unit.IR.isr/beauty/recover/d14_f02.png'
10:37.555  render           | Saved: '/Users/mohammedkalouti/Documents/Codex/2026-09-27/i/work/art/aircraft-final-production-v3/stage/assets/build/frames/unit.IR.isr/team/recover/d14_f02.png'
10:37.810  render           | Saved: '/var/folders/n4/43n_jxh10gg3s770b_8jbzb80000gn/T/fc-team-coverage-w4k5b3a3.png'
10:38.812  render           | Saved: '/Users/mohammedkalouti/Documents/Codex/2026-09-27/i/work/art/aircraft-final-production-v3/stage/assets/build/frames/unit.IR.isr/shadow/recover/d14_f02.png'
10:39.398  render           | Saved: '/Users/mohammedkalouti/Documents/Codex/2026-09-27/i/work/art/aircraft-final-production-v3/stage/assets/build/frames/unit.IR.isr/beauty/recover/d14_f03.png'
10:39.888  render           | Saved: '/Users/mohammedkalouti/Documents/Codex/2026-09-27/i/work/art/aircraft-final-production-v3/stage/assets/build/frames/unit.IR.isr/team/recover/d14_f03.png'
10:40.123  render           | Saved: '/var/folders/n4/43n_jxh10gg3s770b_8jbzb80000gn/T/fc-team-coverage-nlhp4yhz.png'
10:41.087  render           | Saved: '/Users/mohammedkalouti/Documents/Codex/2026-09-27/i/work/art/aircraft-final-production-v3/stage/assets/build/frames/unit.IR.isr/shadow/recover/d14_f03.png'
10:41.646  render           | Saved: '/Users/mohammedkalouti/Documents/Codex/2026-09-27/i/work/art/aircraft-final-production-v3/stage/assets/build/frames/unit.IR.isr/beauty/recover/d15_f00.png'
10:42.153  render           | Saved: '/Users/mohammedkalouti/Documents/Codex/2026-09-27/i/work/art/aircraft-final-production-v3/stage/assets/build/frames/unit.IR.isr/team/recover/d15_f00.png'
10:42.395  render           | Saved: '/var/folders/n4/43n_jxh10gg3s770b_8jbzb80000gn/T/fc-team-coverage-wukab3p9.png'
10:43.364  render           | Saved: '/Users/mohammedkalouti/Documents/Codex/2026-09-27/i/work/art/aircraft-final-production-v3/stage/assets/build/frames/unit.IR.isr/shadow/recover/d15_f00.png'
10:43.944  render           | Saved: '/Users/mohammedkalouti/Documents/Codex/2026-09-27/i/work/art/aircraft-final-production-v3/stage/assets/build/frames/unit.IR.isr/beauty/recover/d15_f01.png'
10:44.457  render           | Saved: '/Users/mohammedkalouti/Documents/Codex/2026-09-27/i/work/art/aircraft-final-production-v3/stage/assets/build/frames/unit.IR.isr/team/recover/d15_f01.png'
10:44.715  render           | Saved: '/var/folders/n4/43n_jxh10gg3s770b_8jbzb80000gn/T/fc-team-coverage-hubzth47.png'
10:45.756  render           | Saved: '/Users/mohammedkalouti/Documents/Codex/2026-09-27/i/work/art/aircraft-final-production-v3/stage/assets/build/frames/unit.IR.isr/shadow/recover/d15_f01.png'
10:46.340  render           | Saved: '/Users/mohammedkalouti/Documents/Codex/2026-09-27/i/work/art/aircraft-final-production-v3/stage/assets/build/frames/unit.IR.isr/beauty/recover/d15_f02.png'
10:46.858  render           | Saved: '/Users/mohammedkalouti/Documents/Codex/2026-09-27/i/work/art/aircraft-final-production-v3/stage/assets/build/frames/unit.IR.isr/team/recover/d15_f02.png'
10:47.103  render           | Saved: '/var/folders/n4/43n_jxh10gg3s770b_8jbzb80000gn/T/fc-team-coverage-2lqcuqj2.png'
10:48.085  render           | Saved: '/Users/mohammedkalouti/Documents/Codex/2026-09-27/i/work/art/aircraft-final-production-v3/stage/assets/build/frames/unit.IR.isr/shadow/recover/d15_f02.png'
10:48.641  render           | Saved: '/Users/mohammedkalouti/Documents/Codex/2026-09-27/i/work/art/aircraft-final-production-v3/stage/assets/build/frames/unit.IR.isr/beauty/recover/d15_f03.png'
10:49.157  render           | Saved: '/Users/mohammedkalouti/Documents/Codex/2026-09-27/i/work/art/aircraft-final-production-v3/stage/assets/build/frames/unit.IR.isr/team/recover/d15_f03.png'
10:49.413  render           | Saved: '/var/folders/n4/43n_jxh10gg3s770b_8jbzb80000gn/T/fc-team-coverage-bua5aqf6.png'
10:50.391  render           | Saved: '/Users/mohammedkalouti/Documents/Codex/2026-09-27/i/work/art/aircraft-final-production-v3/stage/assets/build/frames/unit.IR.isr/shadow/recover/d15_f03.png'
10:50.967  render           | Saved: '/Users/mohammedkalouti/Documents/Codex/2026-09-27/i/work/art/aircraft-final-production-v3/stage/assets/build/frames/unit.IR.isr/beauty/damaged/d00_f00.png'
10:51.458  render           | Saved: '/Users/mohammedkalouti/Documents/Codex/2026-09-27/i/work/art/aircraft-final-production-v3/stage/assets/build/frames/unit.IR.isr/team/damaged/d00_f00.png'
10:51.704  render           | Saved: '/var/folders/n4/43n_jxh10gg3s770b_8jbzb80000gn/T/fc-team-coverage-h1prnw_7.png'
10:52.668  render           | Saved: '/Users/mohammedkalouti/Documents/Codex/2026-09-27/i/work/art/aircraft-final-production-v3/stage/assets/build/frames/unit.IR.isr/shadow/damaged/d00_f00.png'
10:53.302  render           | Saved: '/Users/mohammedkalouti/Documents/Codex/2026-09-27/i/work/art/aircraft-final-production-v3/stage/assets/build/frames/unit.IR.isr/beauty/damaged/d01_f00.png'
10:53.806  render           | Saved: '/Users/mohammedkalouti/Documents/Codex/2026-09-27/i/work/art/aircraft-final-production-v3/stage/assets/build/frames/unit.IR.isr/team/damaged/d01_f00.png'
10:54.055  render           | Saved: '/var/folders/n4/43n_jxh10gg3s770b_8jbzb80000gn/T/fc-team-coverage-yrasbwe0.png'
10:55.103  render           | Saved: '/Users/mohammedkalouti/Documents/Codex/2026-09-27/i/work/art/aircraft-final-production-v3/stage/assets/build/frames/unit.IR.isr/shadow/damaged/d01_f00.png'
10:55.670  render           | Saved: '/Users/mohammedkalouti/Documents/Codex/2026-09-27/i/work/art/aircraft-final-production-v3/stage/assets/build/frames/unit.IR.isr/beauty/damaged/d02_f00.png'
10:56.165  render           | Saved: '/Users/mohammedkalouti/Documents/Codex/2026-09-27/i/work/art/aircraft-final-production-v3/stage/assets/build/frames/unit.IR.isr/team/damaged/d02_f00.png'
10:56.418  render           | Saved: '/var/folders/n4/43n_jxh10gg3s770b_8jbzb80000gn/T/fc-team-coverage-gntmas2p.png'
10:57.373  render           | Saved: '/Users/mohammedkalouti/Documents/Codex/2026-09-27/i/work/art/aircraft-final-production-v3/stage/assets/build/frames/unit.IR.isr/shadow/damaged/d02_f00.png'
10:57.937  render           | Saved: '/Users/mohammedkalouti/Documents/Codex/2026-09-27/i/work/art/aircraft-final-production-v3/stage/assets/build/frames/unit.IR.isr/beauty/damaged/d03_f00.png'
10:58.441  render           | Saved: '/Users/mohammedkalouti/Documents/Codex/2026-09-27/i/work/art/aircraft-final-production-v3/stage/assets/build/frames/unit.IR.isr/team/damaged/d03_f00.png'
10:58.697  render           | Saved: '/var/folders/n4/43n_jxh10gg3s770b_8jbzb80000gn/T/fc-team-coverage-tnpj8pbq.png'
10:59.674  render           | Saved: '/Users/mohammedkalouti/Documents/Codex/2026-09-27/i/work/art/aircraft-final-production-v3/stage/assets/build/frames/unit.IR.isr/shadow/damaged/d03_f00.png'
11:00.227  render           | Saved: '/Users/mohammedkalouti/Documents/Codex/2026-09-27/i/work/art/aircraft-final-production-v3/stage/assets/build/frames/unit.IR.isr/beauty/damaged/d04_f00.png'
11:00.721  render           | Saved: '/Users/mohammedkalouti/Documents/Codex/2026-09-27/i/work/art/aircraft-final-production-v3/stage/assets/build/frames/unit.IR.isr/team/damaged/d04_f00.png'
11:00.973  render           | Saved: '/var/folders/n4/43n_jxh10gg3s770b_8jbzb80000gn/T/fc-team-coverage-jin5_ugn.png'
11:01.940  render           | Saved: '/Users/mohammedkalouti/Documents/Codex/2026-09-27/i/work/art/aircraft-final-production-v3/stage/assets/build/frames/unit.IR.isr/shadow/damaged/d04_f00.png'
11:02.500  render           | Saved: '/Users/mohammedkalouti/Documents/Codex/2026-09-27/i/work/art/aircraft-final-production-v3/stage/assets/build/frames/unit.IR.isr/beauty/damaged/d05_f00.png'
11:03.009  render           | Saved: '/Users/mohammedkalouti/Documents/Codex/2026-09-27/i/work/art/aircraft-final-production-v3/stage/assets/build/frames/unit.IR.isr/team/damaged/d05_f00.png'
11:03.271  render           | Saved: '/var/folders/n4/43n_jxh10gg3s770b_8jbzb80000gn/T/fc-team-coverage-ql255gpz.png'
11:04.232  render           | Saved: '/Users/mohammedkalouti/Documents/Codex/2026-09-27/i/work/art/aircraft-final-production-v3/stage/assets/build/frames/unit.IR.isr/shadow/damaged/d05_f00.png'
11:04.820  render           | Saved: '/Users/mohammedkalouti/Documents/Codex/2026-09-27/i/work/art/aircraft-final-production-v3/stage/assets/build/frames/unit.IR.isr/beauty/damaged/d06_f00.png'
11:05.317  render           | Saved: '/Users/mohammedkalouti/Documents/Codex/2026-09-27/i/work/art/aircraft-final-production-v3/stage/assets/build/frames/unit.IR.isr/team/damaged/d06_f00.png'
11:05.570  render           | Saved: '/var/folders/n4/43n_jxh10gg3s770b_8jbzb80000gn/T/fc-team-coverage-f_97yua5.png'
11:06.554  render           | Saved: '/Users/mohammedkalouti/Documents/Codex/2026-09-27/i/work/art/aircraft-final-production-v3/stage/assets/build/frames/unit.IR.isr/shadow/damaged/d06_f00.png'
11:07.119  render           | Saved: '/Users/mohammedkalouti/Documents/Codex/2026-09-27/i/work/art/aircraft-final-production-v3/stage/assets/build/frames/unit.IR.isr/beauty/damaged/d07_f00.png'
11:07.617  render           | Saved: '/Users/mohammedkalouti/Documents/Codex/2026-09-27/i/work/art/aircraft-final-production-v3/stage/assets/build/frames/unit.IR.isr/team/damaged/d07_f00.png'
11:07.872  render           | Saved: '/var/folders/n4/43n_jxh10gg3s770b_8jbzb80000gn/T/fc-team-coverage-k0ttwt3p.png'
11:08.821  render           | Saved: '/Users/mohammedkalouti/Documents/Codex/2026-09-27/i/work/art/aircraft-final-production-v3/stage/assets/build/frames/unit.IR.isr/shadow/damaged/d07_f00.png'
11:09.375  render           | Saved: '/Users/mohammedkalouti/Documents/Codex/2026-09-27/i/work/art/aircraft-final-production-v3/stage/assets/build/frames/unit.IR.isr/beauty/damaged/d08_f00.png'
11:09.865  render           | Saved: '/Users/mohammedkalouti/Documents/Codex/2026-09-27/i/work/art/aircraft-final-production-v3/stage/assets/build/frames/unit.IR.isr/team/damaged/d08_f00.png'
11:10.113  render           | Saved: '/var/folders/n4/43n_jxh10gg3s770b_8jbzb80000gn/T/fc-team-coverage-vst87q6e.png'
11:11.070  render           | Saved: '/Users/mohammedkalouti/Documents/Codex/2026-09-27/i/work/art/aircraft-final-production-v3/stage/assets/build/frames/unit.IR.isr/shadow/damaged/d08_f00.png'
11:11.630  render           | Saved: '/Users/mohammedkalouti/Documents/Codex/2026-09-27/i/work/art/aircraft-final-production-v3/stage/assets/build/frames/unit.IR.isr/beauty/damaged/d09_f00.png'
11:12.116  render           | Saved: '/Users/mohammedkalouti/Documents/Codex/2026-09-27/i/work/art/aircraft-final-production-v3/stage/assets/build/frames/unit.IR.isr/team/damaged/d09_f00.png'
11:12.371  render           | Saved: '/var/folders/n4/43n_jxh10gg3s770b_8jbzb80000gn/T/fc-team-coverage-fbts01b0.png'
11:13.335  render           | Saved: '/Users/mohammedkalouti/Documents/Codex/2026-09-27/i/work/art/aircraft-final-production-v3/stage/assets/build/frames/unit.IR.isr/shadow/damaged/d09_f00.png'
11:13.896  render           | Saved: '/Users/mohammedkalouti/Documents/Codex/2026-09-27/i/work/art/aircraft-final-production-v3/stage/assets/build/frames/unit.IR.isr/beauty/damaged/d10_f00.png'
11:14.386  render           | Saved: '/Users/mohammedkalouti/Documents/Codex/2026-09-27/i/work/art/aircraft-final-production-v3/stage/assets/build/frames/unit.IR.isr/team/damaged/d10_f00.png'
11:14.625  render           | Saved: '/var/folders/n4/43n_jxh10gg3s770b_8jbzb80000gn/T/fc-team-coverage-yf3dk6wo.png'
11:15.613  render           | Saved: '/Users/mohammedkalouti/Documents/Codex/2026-09-27/i/work/art/aircraft-final-production-v3/stage/assets/build/frames/unit.IR.isr/shadow/damaged/d10_f00.png'
11:16.173  render           | Saved: '/Users/mohammedkalouti/Documents/Codex/2026-09-27/i/work/art/aircraft-final-production-v3/stage/assets/build/frames/unit.IR.isr/beauty/damaged/d11_f00.png'
11:16.657  render           | Saved: '/Users/mohammedkalouti/Documents/Codex/2026-09-27/i/work/art/aircraft-final-production-v3/stage/assets/build/frames/unit.IR.isr/team/damaged/d11_f00.png'
11:16.895  render           | Saved: '/var/folders/n4/43n_jxh10gg3s770b_8jbzb80000gn/T/fc-team-coverage-ry2ws55s.png'
11:17.855  render           | Saved: '/Users/mohammedkalouti/Documents/Codex/2026-09-27/i/work/art/aircraft-final-production-v3/stage/assets/build/frames/unit.IR.isr/shadow/damaged/d11_f00.png'
11:18.409  render           | Saved: '/Users/mohammedkalouti/Documents/Codex/2026-09-27/i/work/art/aircraft-final-production-v3/stage/assets/build/frames/unit.IR.isr/beauty/damaged/d12_f00.png'
11:18.903  render           | Saved: '/Users/mohammedkalouti/Documents/Codex/2026-09-27/i/work/art/aircraft-final-production-v3/stage/assets/build/frames/unit.IR.isr/team/damaged/d12_f00.png'
11:19.154  render           | Saved: '/var/folders/n4/43n_jxh10gg3s770b_8jbzb80000gn/T/fc-team-coverage-bedzyrat.png'
11:20.128  render           | Saved: '/Users/mohammedkalouti/Documents/Codex/2026-09-27/i/work/art/aircraft-final-production-v3/stage/assets/build/frames/unit.IR.isr/shadow/damaged/d12_f00.png'
11:20.687  render           | Saved: '/Users/mohammedkalouti/Documents/Codex/2026-09-27/i/work/art/aircraft-final-production-v3/stage/assets/build/frames/unit.IR.isr/beauty/damaged/d13_f00.png'
11:21.193  render           | Saved: '/Users/mohammedkalouti/Documents/Codex/2026-09-27/i/work/art/aircraft-final-production-v3/stage/assets/build/frames/unit.IR.isr/team/damaged/d13_f00.png'
11:21.448  render           | Saved: '/var/folders/n4/43n_jxh10gg3s770b_8jbzb80000gn/T/fc-team-coverage-nidnpp8u.png'
11:22.417  render           | Saved: '/Users/mohammedkalouti/Documents/Codex/2026-09-27/i/work/art/aircraft-final-production-v3/stage/assets/build/frames/unit.IR.isr/shadow/damaged/d13_f00.png'
11:22.973  render           | Saved: '/Users/mohammedkalouti/Documents/Codex/2026-09-27/i/work/art/aircraft-final-production-v3/stage/assets/build/frames/unit.IR.isr/beauty/damaged/d14_f00.png'
11:23.475  render           | Saved: '/Users/mohammedkalouti/Documents/Codex/2026-09-27/i/work/art/aircraft-final-production-v3/stage/assets/build/frames/unit.IR.isr/team/damaged/d14_f00.png'
11:23.726  render           | Saved: '/var/folders/n4/43n_jxh10gg3s770b_8jbzb80000gn/T/fc-team-coverage-f4wqhv4a.png'
11:24.702  render           | Saved: '/Users/mohammedkalouti/Documents/Codex/2026-09-27/i/work/art/aircraft-final-production-v3/stage/assets/build/frames/unit.IR.isr/shadow/damaged/d14_f00.png'
11:25.269  render           | Saved: '/Users/mohammedkalouti/Documents/Codex/2026-09-27/i/work/art/aircraft-final-production-v3/stage/assets/build/frames/unit.IR.isr/beauty/damaged/d15_f00.png'
11:25.767  render           | Saved: '/Users/mohammedkalouti/Documents/Codex/2026-09-27/i/work/art/aircraft-final-production-v3/stage/assets/build/frames/unit.IR.isr/team/damaged/d15_f00.png'
11:26.016  render           | Saved: '/var/folders/n4/43n_jxh10gg3s770b_8jbzb80000gn/T/fc-team-coverage-9exgt2c2.png'
11:26.994  render           | Saved: '/Users/mohammedkalouti/Documents/Codex/2026-09-27/i/work/art/aircraft-final-production-v3/stage/assets/build/frames/unit.IR.isr/shadow/damaged/d15_f00.png'
11:27.597  render           | Saved: '/Users/mohammedkalouti/Documents/Codex/2026-09-27/i/work/art/aircraft-final-production-v3/stage/assets/build/frames/unit.IR.isr/beauty/crash/d00_f00.png'
11:28.624  render           | Saved: '/Users/mohammedkalouti/Documents/Codex/2026-09-27/i/work/art/aircraft-final-production-v3/stage/assets/build/frames/unit.IR.isr/shadow/crash/d00_f00.png'
11:29.314  render           | Saved: '/Users/mohammedkalouti/Documents/Codex/2026-09-27/i/work/art/aircraft-final-production-v3/stage/assets/build/frames/unit.IR.isr/beauty/crash/d00_f01.png'
11:30.469  render           | Saved: '/Users/mohammedkalouti/Documents/Codex/2026-09-27/i/work/art/aircraft-final-production-v3/stage/assets/build/frames/unit.IR.isr/shadow/crash/d00_f01.png'
11:31.136  render           | Saved: '/Users/mohammedkalouti/Documents/Codex/2026-09-27/i/work/art/aircraft-final-production-v3/stage/assets/build/frames/unit.IR.isr/beauty/crash/d00_f02.png'
11:32.020  render           | Saved: '/Users/mohammedkalouti/Documents/Codex/2026-09-27/i/work/art/aircraft-final-production-v3/stage/assets/build/frames/unit.IR.isr/shadow/crash/d00_f02.png'
11:32.679  render           | Saved: '/Users/mohammedkalouti/Documents/Codex/2026-09-27/i/work/art/aircraft-final-production-v3/stage/assets/build/frames/unit.IR.isr/beauty/crash/d00_f03.png'
11:33.519  render           | Saved: '/Users/mohammedkalouti/Documents/Codex/2026-09-27/i/work/art/aircraft-final-production-v3/stage/assets/build/frames/unit.IR.isr/shadow/crash/d00_f03.png'
11:34.070  render           | Saved: '/Users/mohammedkalouti/Documents/Codex/2026-09-27/i/work/art/aircraft-final-production-v3/stage/assets/build/frames/unit.IR.isr/beauty/crash/d01_f00.png'
11:34.902  render           | Saved: '/Users/mohammedkalouti/Documents/Codex/2026-09-27/i/work/art/aircraft-final-production-v3/stage/assets/build/frames/unit.IR.isr/shadow/crash/d01_f00.png'
11:35.518  render           | Saved: '/Users/mohammedkalouti/Documents/Codex/2026-09-27/i/work/art/aircraft-final-production-v3/stage/assets/build/frames/unit.IR.isr/beauty/crash/d01_f01.png'
11:36.375  render           | Saved: '/Users/mohammedkalouti/Documents/Codex/2026-09-27/i/work/art/aircraft-final-production-v3/stage/assets/build/frames/unit.IR.isr/shadow/crash/d01_f01.png'
11:36.941  render           | Saved: '/Users/mohammedkalouti/Documents/Codex/2026-09-27/i/work/art/aircraft-final-production-v3/stage/assets/build/frames/unit.IR.isr/beauty/crash/d01_f02.png'
11:37.771  render           | Saved: '/Users/mohammedkalouti/Documents/Codex/2026-09-27/i/work/art/aircraft-final-production-v3/stage/assets/build/frames/unit.IR.isr/shadow/crash/d01_f02.png'
11:38.303  render           | Saved: '/Users/mohammedkalouti/Documents/Codex/2026-09-27/i/work/art/aircraft-final-production-v3/stage/assets/build/frames/unit.IR.isr/beauty/crash/d01_f03.png'
11:39.144  render           | Saved: '/Users/mohammedkalouti/Documents/Codex/2026-09-27/i/work/art/aircraft-final-production-v3/stage/assets/build/frames/unit.IR.isr/shadow/crash/d01_f03.png'
11:39.686  render           | Saved: '/Users/mohammedkalouti/Documents/Codex/2026-09-27/i/work/art/aircraft-final-production-v3/stage/assets/build/frames/unit.IR.isr/beauty/crash/d02_f00.png'
11:40.511  render           | Saved: '/Users/mohammedkalouti/Documents/Codex/2026-09-27/i/work/art/aircraft-final-production-v3/stage/assets/build/frames/unit.IR.isr/shadow/crash/d02_f00.png'
11:41.071  render           | Saved: '/Users/mohammedkalouti/Documents/Codex/2026-09-27/i/work/art/aircraft-final-production-v3/stage/assets/build/frames/unit.IR.isr/beauty/crash/d02_f01.png'
11:41.902  render           | Saved: '/Users/mohammedkalouti/Documents/Codex/2026-09-27/i/work/art/aircraft-final-production-v3/stage/assets/build/frames/unit.IR.isr/shadow/crash/d02_f01.png'
11:42.442  render           | Saved: '/Users/mohammedkalouti/Documents/Codex/2026-09-27/i/work/art/aircraft-final-production-v3/stage/assets/build/frames/unit.IR.isr/beauty/crash/d02_f02.png'
11:43.280  render           | Saved: '/Users/mohammedkalouti/Documents/Codex/2026-09-27/i/work/art/aircraft-final-production-v3/stage/assets/build/frames/unit.IR.isr/shadow/crash/d02_f02.png'
11:43.857  render           | Saved: '/Users/mohammedkalouti/Documents/Codex/2026-09-27/i/work/art/aircraft-final-production-v3/stage/assets/build/frames/unit.IR.isr/beauty/crash/d02_f03.png'
11:44.670  render           | Saved: '/Users/mohammedkalouti/Documents/Codex/2026-09-27/i/work/art/aircraft-final-production-v3/stage/assets/build/frames/unit.IR.isr/shadow/crash/d02_f03.png'
11:45.260  render           | Saved: '/Users/mohammedkalouti/Documents/Codex/2026-09-27/i/work/art/aircraft-final-production-v3/stage/assets/build/frames/unit.IR.isr/beauty/crash/d03_f00.png'
11:46.083  render           | Saved: '/Users/mohammedkalouti/Documents/Codex/2026-09-27/i/work/art/aircraft-final-production-v3/stage/assets/build/frames/unit.IR.isr/shadow/crash/d03_f00.png'
11:46.625  render           | Saved: '/Users/mohammedkalouti/Documents/Codex/2026-09-27/i/work/art/aircraft-final-production-v3/stage/assets/build/frames/unit.IR.isr/beauty/crash/d03_f01.png'
11:47.473  render           | Saved: '/Users/mohammedkalouti/Documents/Codex/2026-09-27/i/work/art/aircraft-final-production-v3/stage/assets/build/frames/unit.IR.isr/shadow/crash/d03_f01.png'
11:48.017  render           | Saved: '/Users/mohammedkalouti/Documents/Codex/2026-09-27/i/work/art/aircraft-final-production-v3/stage/assets/build/frames/unit.IR.isr/beauty/crash/d03_f02.png'
11:48.851  render           | Saved: '/Users/mohammedkalouti/Documents/Codex/2026-09-27/i/work/art/aircraft-final-production-v3/stage/assets/build/frames/unit.IR.isr/shadow/crash/d03_f02.png'
11:49.389  render           | Saved: '/Users/mohammedkalouti/Documents/Codex/2026-09-27/i/work/art/aircraft-final-production-v3/stage/assets/build/frames/unit.IR.isr/beauty/crash/d03_f03.png'
11:50.223  render           | Saved: '/Users/mohammedkalouti/Documents/Codex/2026-09-27/i/work/art/aircraft-final-production-v3/stage/assets/build/frames/unit.IR.isr/shadow/crash/d03_f03.png'
11:50.772  render           | Saved: '/Users/mohammedkalouti/Documents/Codex/2026-09-27/i/work/art/aircraft-final-production-v3/stage/assets/build/frames/unit.IR.isr/beauty/crash/d04_f00.png'
11:51.586  render           | Saved: '/Users/mohammedkalouti/Documents/Codex/2026-09-27/i/work/art/aircraft-final-production-v3/stage/assets/build/frames/unit.IR.isr/shadow/crash/d04_f00.png'
11:52.132  render           | Saved: '/Users/mohammedkalouti/Documents/Codex/2026-09-27/i/work/art/aircraft-final-production-v3/stage/assets/build/frames/unit.IR.isr/beauty/crash/d04_f01.png'
11:52.957  render           | Saved: '/Users/mohammedkalouti/Documents/Codex/2026-09-27/i/work/art/aircraft-final-production-v3/stage/assets/build/frames/unit.IR.isr/shadow/crash/d04_f01.png'
11:53.542  render           | Saved: '/Users/mohammedkalouti/Documents/Codex/2026-09-27/i/work/art/aircraft-final-production-v3/stage/assets/build/frames/unit.IR.isr/beauty/crash/d04_f02.png'
11:54.383  render           | Saved: '/Users/mohammedkalouti/Documents/Codex/2026-09-27/i/work/art/aircraft-final-production-v3/stage/assets/build/frames/unit.IR.isr/shadow/crash/d04_f02.png'
11:54.946  render           | Saved: '/Users/mohammedkalouti/Documents/Codex/2026-09-27/i/work/art/aircraft-final-production-v3/stage/assets/build/frames/unit.IR.isr/beauty/crash/d04_f03.png'
11:55.774  render           | Saved: '/Users/mohammedkalouti/Documents/Codex/2026-09-27/i/work/art/aircraft-final-production-v3/stage/assets/build/frames/unit.IR.isr/shadow/crash/d04_f03.png'
11:56.310  render           | Saved: '/Users/mohammedkalouti/Documents/Codex/2026-09-27/i/work/art/aircraft-final-production-v3/stage/assets/build/frames/unit.IR.isr/beauty/crash/d05_f00.png'
11:57.135  render           | Saved: '/Users/mohammedkalouti/Documents/Codex/2026-09-27/i/work/art/aircraft-final-production-v3/stage/assets/build/frames/unit.IR.isr/shadow/crash/d05_f00.png'
11:57.698  render           | Saved: '/Users/mohammedkalouti/Documents/Codex/2026-09-27/i/work/art/aircraft-final-production-v3/stage/assets/build/frames/unit.IR.isr/beauty/crash/d05_f01.png'
11:58.510  render           | Saved: '/Users/mohammedkalouti/Documents/Codex/2026-09-27/i/work/art/aircraft-final-production-v3/stage/assets/build/frames/unit.IR.isr/shadow/crash/d05_f01.png'
11:59.057  render           | Saved: '/Users/mohammedkalouti/Documents/Codex/2026-09-27/i/work/art/aircraft-final-production-v3/stage/assets/build/frames/unit.IR.isr/beauty/crash/d05_f02.png'
11:59.884  render           | Saved: '/Users/mohammedkalouti/Documents/Codex/2026-09-27/i/work/art/aircraft-final-production-v3/stage/assets/build/frames/unit.IR.isr/shadow/crash/d05_f02.png'
12:00.426  render           | Saved: '/Users/mohammedkalouti/Documents/Codex/2026-09-27/i/work/art/aircraft-final-production-v3/stage/assets/build/frames/unit.IR.isr/beauty/crash/d05_f03.png'
12:01.234  render           | Saved: '/Users/mohammedkalouti/Documents/Codex/2026-09-27/i/work/art/aircraft-final-production-v3/stage/assets/build/frames/unit.IR.isr/shadow/crash/d05_f03.png'
12:01.765  render           | Saved: '/Users/mohammedkalouti/Documents/Codex/2026-09-27/i/work/art/aircraft-final-production-v3/stage/assets/build/frames/unit.IR.isr/beauty/crash/d06_f00.png'
12:02.583  render           | Saved: '/Users/mohammedkalouti/Documents/Codex/2026-09-27/i/work/art/aircraft-final-production-v3/stage/assets/build/frames/unit.IR.isr/shadow/crash/d06_f00.png'
12:03.114  render           | Saved: '/Users/mohammedkalouti/Documents/Codex/2026-09-27/i/work/art/aircraft-final-production-v3/stage/assets/build/frames/unit.IR.isr/beauty/crash/d06_f01.png'
12:03.919  render           | Saved: '/Users/mohammedkalouti/Documents/Codex/2026-09-27/i/work/art/aircraft-final-production-v3/stage/assets/build/frames/unit.IR.isr/shadow/crash/d06_f01.png'
12:04.463  render           | Saved: '/Users/mohammedkalouti/Documents/Codex/2026-09-27/i/work/art/aircraft-final-production-v3/stage/assets/build/frames/unit.IR.isr/beauty/crash/d06_f02.png'
12:05.286  render           | Saved: '/Users/mohammedkalouti/Documents/Codex/2026-09-27/i/work/art/aircraft-final-production-v3/stage/assets/build/frames/unit.IR.isr/shadow/crash/d06_f02.png'
12:05.836  render           | Saved: '/Users/mohammedkalouti/Documents/Codex/2026-09-27/i/work/art/aircraft-final-production-v3/stage/assets/build/frames/unit.IR.isr/beauty/crash/d06_f03.png'
12:06.660  render           | Saved: '/Users/mohammedkalouti/Documents/Codex/2026-09-27/i/work/art/aircraft-final-production-v3/stage/assets/build/frames/unit.IR.isr/shadow/crash/d06_f03.png'
12:07.205  render           | Saved: '/Users/mohammedkalouti/Documents/Codex/2026-09-27/i/work/art/aircraft-final-production-v3/stage/assets/build/frames/unit.IR.isr/beauty/crash/d07_f00.png'
12:08.015  render           | Saved: '/Users/mohammedkalouti/Documents/Codex/2026-09-27/i/work/art/aircraft-final-production-v3/stage/assets/build/frames/unit.IR.isr/shadow/crash/d07_f00.png'
12:08.550  render           | Saved: '/Users/mohammedkalouti/Documents/Codex/2026-09-27/i/work/art/aircraft-final-production-v3/stage/assets/build/frames/unit.IR.isr/beauty/crash/d07_f01.png'
12:09.365  render           | Saved: '/Users/mohammedkalouti/Documents/Codex/2026-09-27/i/work/art/aircraft-final-production-v3/stage/assets/build/frames/unit.IR.isr/shadow/crash/d07_f01.png'
12:09.897  render           | Saved: '/Users/mohammedkalouti/Documents/Codex/2026-09-27/i/work/art/aircraft-final-production-v3/stage/assets/build/frames/unit.IR.isr/beauty/crash/d07_f02.png'
12:10.709  render           | Saved: '/Users/mohammedkalouti/Documents/Codex/2026-09-27/i/work/art/aircraft-final-production-v3/stage/assets/build/frames/unit.IR.isr/shadow/crash/d07_f02.png'
12:11.259  render           | Saved: '/Users/mohammedkalouti/Documents/Codex/2026-09-27/i/work/art/aircraft-final-production-v3/stage/assets/build/frames/unit.IR.isr/beauty/crash/d07_f03.png'
12:12.082  render           | Saved: '/Users/mohammedkalouti/Documents/Codex/2026-09-27/i/work/art/aircraft-final-production-v3/stage/assets/build/frames/unit.IR.isr/shadow/crash/d07_f03.png'
12:12.629  render           | Saved: '/Users/mohammedkalouti/Documents/Codex/2026-09-27/i/work/art/aircraft-final-production-v3/stage/assets/build/frames/unit.IR.isr/beauty/crash/d08_f00.png'
12:13.445  render           | Saved: '/Users/mohammedkalouti/Documents/Codex/2026-09-27/i/work/art/aircraft-final-production-v3/stage/assets/build/frames/unit.IR.isr/shadow/crash/d08_f00.png'
12:13.987  render           | Saved: '/Users/mohammedkalouti/Documents/Codex/2026-09-27/i/work/art/aircraft-final-production-v3/stage/assets/build/frames/unit.IR.isr/beauty/crash/d08_f01.png'
12:14.789  render           | Saved: '/Users/mohammedkalouti/Documents/Codex/2026-09-27/i/work/art/aircraft-final-production-v3/stage/assets/build/frames/unit.IR.isr/shadow/crash/d08_f01.png'
12:15.330  render           | Saved: '/Users/mohammedkalouti/Documents/Codex/2026-09-27/i/work/art/aircraft-final-production-v3/stage/assets/build/frames/unit.IR.isr/beauty/crash/d08_f02.png'
12:16.153  render           | Saved: '/Users/mohammedkalouti/Documents/Codex/2026-09-27/i/work/art/aircraft-final-production-v3/stage/assets/build/frames/unit.IR.isr/shadow/crash/d08_f02.png'
12:16.691  render           | Saved: '/Users/mohammedkalouti/Documents/Codex/2026-09-27/i/work/art/aircraft-final-production-v3/stage/assets/build/frames/unit.IR.isr/beauty/crash/d08_f03.png'
12:17.521  render           | Saved: '/Users/mohammedkalouti/Documents/Codex/2026-09-27/i/work/art/aircraft-final-production-v3/stage/assets/build/frames/unit.IR.isr/shadow/crash/d08_f03.png'
12:18.061  render           | Saved: '/Users/mohammedkalouti/Documents/Codex/2026-09-27/i/work/art/aircraft-final-production-v3/stage/assets/build/frames/unit.IR.isr/beauty/crash/d09_f00.png'
12:18.888  render           | Saved: '/Users/mohammedkalouti/Documents/Codex/2026-09-27/i/work/art/aircraft-final-production-v3/stage/assets/build/frames/unit.IR.isr/shadow/crash/d09_f00.png'
12:19.432  render           | Saved: '/Users/mohammedkalouti/Documents/Codex/2026-09-27/i/work/art/aircraft-final-production-v3/stage/assets/build/frames/unit.IR.isr/beauty/crash/d09_f01.png'
12:20.260  render           | Saved: '/Users/mohammedkalouti/Documents/Codex/2026-09-27/i/work/art/aircraft-final-production-v3/stage/assets/build/frames/unit.IR.isr/shadow/crash/d09_f01.png'
12:20.798  render           | Saved: '/Users/mohammedkalouti/Documents/Codex/2026-09-27/i/work/art/aircraft-final-production-v3/stage/assets/build/frames/unit.IR.isr/beauty/crash/d09_f02.png'
12:21.602  render           | Saved: '/Users/mohammedkalouti/Documents/Codex/2026-09-27/i/work/art/aircraft-final-production-v3/stage/assets/build/frames/unit.IR.isr/shadow/crash/d09_f02.png'
12:22.141  render           | Saved: '/Users/mohammedkalouti/Documents/Codex/2026-09-27/i/work/art/aircraft-final-production-v3/stage/assets/build/frames/unit.IR.isr/beauty/crash/d09_f03.png'
12:22.974  render           | Saved: '/Users/mohammedkalouti/Documents/Codex/2026-09-27/i/work/art/aircraft-final-production-v3/stage/assets/build/frames/unit.IR.isr/shadow/crash/d09_f03.png'
12:23.510  render           | Saved: '/Users/mohammedkalouti/Documents/Codex/2026-09-27/i/work/art/aircraft-final-production-v3/stage/assets/build/frames/unit.IR.isr/beauty/crash/d10_f00.png'
12:24.340  render           | Saved: '/Users/mohammedkalouti/Documents/Codex/2026-09-27/i/work/art/aircraft-final-production-v3/stage/assets/build/frames/unit.IR.isr/shadow/crash/d10_f00.png'
12:24.894  render           | Saved: '/Users/mohammedkalouti/Documents/Codex/2026-09-27/i/work/art/aircraft-final-production-v3/stage/assets/build/frames/unit.IR.isr/beauty/crash/d10_f01.png'
12:25.715  render           | Saved: '/Users/mohammedkalouti/Documents/Codex/2026-09-27/i/work/art/aircraft-final-production-v3/stage/assets/build/frames/unit.IR.isr/shadow/crash/d10_f01.png'
12:26.250  render           | Saved: '/Users/mohammedkalouti/Documents/Codex/2026-09-27/i/work/art/aircraft-final-production-v3/stage/assets/build/frames/unit.IR.isr/beauty/crash/d10_f02.png'
12:27.055  render           | Saved: '/Users/mohammedkalouti/Documents/Codex/2026-09-27/i/work/art/aircraft-final-production-v3/stage/assets/build/frames/unit.IR.isr/shadow/crash/d10_f02.png'
12:27.586  render           | Saved: '/Users/mohammedkalouti/Documents/Codex/2026-09-27/i/work/art/aircraft-final-production-v3/stage/assets/build/frames/unit.IR.isr/beauty/crash/d10_f03.png'
12:28.381  render           | Saved: '/Users/mohammedkalouti/Documents/Codex/2026-09-27/i/work/art/aircraft-final-production-v3/stage/assets/build/frames/unit.IR.isr/shadow/crash/d10_f03.png'
12:28.906  render           | Saved: '/Users/mohammedkalouti/Documents/Codex/2026-09-27/i/work/art/aircraft-final-production-v3/stage/assets/build/frames/unit.IR.isr/beauty/crash/d11_f00.png'
12:29.717  render           | Saved: '/Users/mohammedkalouti/Documents/Codex/2026-09-27/i/work/art/aircraft-final-production-v3/stage/assets/build/frames/unit.IR.isr/shadow/crash/d11_f00.png'
12:30.255  render           | Saved: '/Users/mohammedkalouti/Documents/Codex/2026-09-27/i/work/art/aircraft-final-production-v3/stage/assets/build/frames/unit.IR.isr/beauty/crash/d11_f01.png'
12:31.081  render           | Saved: '/Users/mohammedkalouti/Documents/Codex/2026-09-27/i/work/art/aircraft-final-production-v3/stage/assets/build/frames/unit.IR.isr/shadow/crash/d11_f01.png'
12:31.613  render           | Saved: '/Users/mohammedkalouti/Documents/Codex/2026-09-27/i/work/art/aircraft-final-production-v3/stage/assets/build/frames/unit.IR.isr/beauty/crash/d11_f02.png'
12:32.447  render           | Saved: '/Users/mohammedkalouti/Documents/Codex/2026-09-27/i/work/art/aircraft-final-production-v3/stage/assets/build/frames/unit.IR.isr/shadow/crash/d11_f02.png'
12:32.976  render           | Saved: '/Users/mohammedkalouti/Documents/Codex/2026-09-27/i/work/art/aircraft-final-production-v3/stage/assets/build/frames/unit.IR.isr/beauty/crash/d11_f03.png'
12:33.785  render           | Saved: '/Users/mohammedkalouti/Documents/Codex/2026-09-27/i/work/art/aircraft-final-production-v3/stage/assets/build/frames/unit.IR.isr/shadow/crash/d11_f03.png'
12:34.317  render           | Saved: '/Users/mohammedkalouti/Documents/Codex/2026-09-27/i/work/art/aircraft-final-production-v3/stage/assets/build/frames/unit.IR.isr/beauty/crash/d12_f00.png'
12:35.134  render           | Saved: '/Users/mohammedkalouti/Documents/Codex/2026-09-27/i/work/art/aircraft-final-production-v3/stage/assets/build/frames/unit.IR.isr/shadow/crash/d12_f00.png'
12:35.675  render           | Saved: '/Users/mohammedkalouti/Documents/Codex/2026-09-27/i/work/art/aircraft-final-production-v3/stage/assets/build/frames/unit.IR.isr/beauty/crash/d12_f01.png'
12:36.512  render           | Saved: '/Users/mohammedkalouti/Documents/Codex/2026-09-27/i/work/art/aircraft-final-production-v3/stage/assets/build/frames/unit.IR.isr/shadow/crash/d12_f01.png'
12:37.057  render           | Saved: '/Users/mohammedkalouti/Documents/Codex/2026-09-27/i/work/art/aircraft-final-production-v3/stage/assets/build/frames/unit.IR.isr/beauty/crash/d12_f02.png'
12:37.876  render           | Saved: '/Users/mohammedkalouti/Documents/Codex/2026-09-27/i/work/art/aircraft-final-production-v3/stage/assets/build/frames/unit.IR.isr/shadow/crash/d12_f02.png'
12:38.408  render           | Saved: '/Users/mohammedkalouti/Documents/Codex/2026-09-27/i/work/art/aircraft-final-production-v3/stage/assets/build/frames/unit.IR.isr/beauty/crash/d12_f03.png'
12:39.237  render           | Saved: '/Users/mohammedkalouti/Documents/Codex/2026-09-27/i/work/art/aircraft-final-production-v3/stage/assets/build/frames/unit.IR.isr/shadow/crash/d12_f03.png'
12:39.793  render           | Saved: '/Users/mohammedkalouti/Documents/Codex/2026-09-27/i/work/art/aircraft-final-production-v3/stage/assets/build/frames/unit.IR.isr/beauty/crash/d13_f00.png'
12:40.670  render           | Saved: '/Users/mohammedkalouti/Documents/Codex/2026-09-27/i/work/art/aircraft-final-production-v3/stage/assets/build/frames/unit.IR.isr/shadow/crash/d13_f00.png'
12:41.212  render           | Saved: '/Users/mohammedkalouti/Documents/Codex/2026-09-27/i/work/art/aircraft-final-production-v3/stage/assets/build/frames/unit.IR.isr/beauty/crash/d13_f01.png'
12:42.058  render           | Saved: '/Users/mohammedkalouti/Documents/Codex/2026-09-27/i/work/art/aircraft-final-production-v3/stage/assets/build/frames/unit.IR.isr/shadow/crash/d13_f01.png'
12:42.599  render           | Saved: '/Users/mohammedkalouti/Documents/Codex/2026-09-27/i/work/art/aircraft-final-production-v3/stage/assets/build/frames/unit.IR.isr/beauty/crash/d13_f02.png'
12:43.427  render           | Saved: '/Users/mohammedkalouti/Documents/Codex/2026-09-27/i/work/art/aircraft-final-production-v3/stage/assets/build/frames/unit.IR.isr/shadow/crash/d13_f02.png'
12:43.986  render           | Saved: '/Users/mohammedkalouti/Documents/Codex/2026-09-27/i/work/art/aircraft-final-production-v3/stage/assets/build/frames/unit.IR.isr/beauty/crash/d13_f03.png'
12:44.814  render           | Saved: '/Users/mohammedkalouti/Documents/Codex/2026-09-27/i/work/art/aircraft-final-production-v3/stage/assets/build/frames/unit.IR.isr/shadow/crash/d13_f03.png'
12:45.362  render           | Saved: '/Users/mohammedkalouti/Documents/Codex/2026-09-27/i/work/art/aircraft-final-production-v3/stage/assets/build/frames/unit.IR.isr/beauty/crash/d14_f00.png'
12:46.174  render           | Saved: '/Users/mohammedkalouti/Documents/Codex/2026-09-27/i/work/art/aircraft-final-production-v3/stage/assets/build/frames/unit.IR.isr/shadow/crash/d14_f00.png'
12:46.706  render           | Saved: '/Users/mohammedkalouti/Documents/Codex/2026-09-27/i/work/art/aircraft-final-production-v3/stage/assets/build/frames/unit.IR.isr/beauty/crash/d14_f01.png'
12:47.553  render           | Saved: '/Users/mohammedkalouti/Documents/Codex/2026-09-27/i/work/art/aircraft-final-production-v3/stage/assets/build/frames/unit.IR.isr/shadow/crash/d14_f01.png'
12:48.099  render           | Saved: '/Users/mohammedkalouti/Documents/Codex/2026-09-27/i/work/art/aircraft-final-production-v3/stage/assets/build/frames/unit.IR.isr/beauty/crash/d14_f02.png'
12:48.908  render           | Saved: '/Users/mohammedkalouti/Documents/Codex/2026-09-27/i/work/art/aircraft-final-production-v3/stage/assets/build/frames/unit.IR.isr/shadow/crash/d14_f02.png'
12:49.445  render           | Saved: '/Users/mohammedkalouti/Documents/Codex/2026-09-27/i/work/art/aircraft-final-production-v3/stage/assets/build/frames/unit.IR.isr/beauty/crash/d14_f03.png'
12:50.266  render           | Saved: '/Users/mohammedkalouti/Documents/Codex/2026-09-27/i/work/art/aircraft-final-production-v3/stage/assets/build/frames/unit.IR.isr/shadow/crash/d14_f03.png'
12:50.802  render           | Saved: '/Users/mohammedkalouti/Documents/Codex/2026-09-27/i/work/art/aircraft-final-production-v3/stage/assets/build/frames/unit.IR.isr/beauty/crash/d15_f00.png'
12:51.617  render           | Saved: '/Users/mohammedkalouti/Documents/Codex/2026-09-27/i/work/art/aircraft-final-production-v3/stage/assets/build/frames/unit.IR.isr/shadow/crash/d15_f00.png'
12:52.159  render           | Saved: '/Users/mohammedkalouti/Documents/Codex/2026-09-27/i/work/art/aircraft-final-production-v3/stage/assets/build/frames/unit.IR.isr/beauty/crash/d15_f01.png'
12:52.988  render           | Saved: '/Users/mohammedkalouti/Documents/Codex/2026-09-27/i/work/art/aircraft-final-production-v3/stage/assets/build/frames/unit.IR.isr/shadow/crash/d15_f01.png'
12:53.554  render           | Saved: '/Users/mohammedkalouti/Documents/Codex/2026-09-27/i/work/art/aircraft-final-production-v3/stage/assets/build/frames/unit.IR.isr/beauty/crash/d15_f02.png'
12:54.386  render           | Saved: '/Users/mohammedkalouti/Documents/Codex/2026-09-27/i/work/art/aircraft-final-production-v3/stage/assets/build/frames/unit.IR.isr/shadow/crash/d15_f02.png'
12:54.939  render           | Saved: '/Users/mohammedkalouti/Documents/Codex/2026-09-27/i/work/art/aircraft-final-production-v3/stage/assets/build/frames/unit.IR.isr/beauty/crash/d15_f03.png'
12:55.743  render           | Saved: '/Users/mohammedkalouti/Documents/Codex/2026-09-27/i/work/art/aircraft-final-production-v3/stage/assets/build/frames/unit.IR.isr/shadow/crash/d15_f03.png'
12:56.322  render           | Saved: '/Users/mohammedkalouti/Documents/Codex/2026-09-27/i/work/art/aircraft-final-production-v3/stage/assets/build/frames/unit.IR.isr/beauty/orbit/d00_f00.png'
12:56.803  render           | Saved: '/Users/mohammedkalouti/Documents/Codex/2026-09-27/i/work/art/aircraft-final-production-v3/stage/assets/build/frames/unit.IR.isr/team/orbit/d00_f00.png'
12:57.062  render           | Saved: '/var/folders/n4/43n_jxh10gg3s770b_8jbzb80000gn/T/fc-team-coverage-rdgwlw6o.png'
12:58.039  render           | Saved: '/Users/mohammedkalouti/Documents/Codex/2026-09-27/i/work/art/aircraft-final-production-v3/stage/assets/build/frames/unit.IR.isr/shadow/orbit/d00_f00.png'
12:58.589  render           | Saved: '/Users/mohammedkalouti/Documents/Codex/2026-09-27/i/work/art/aircraft-final-production-v3/stage/assets/build/frames/unit.IR.isr/beauty/orbit/d00_f01.png'
12:59.079  render           | Saved: '/Users/mohammedkalouti/Documents/Codex/2026-09-27/i/work/art/aircraft-final-production-v3/stage/assets/build/frames/unit.IR.isr/team/orbit/d00_f01.png'
12:59.339  render           | Saved: '/var/folders/n4/43n_jxh10gg3s770b_8jbzb80000gn/T/fc-team-coverage-tq0p8i65.png'
13:00.294  render           | Saved: '/Users/mohammedkalouti/Documents/Codex/2026-09-27/i/work/art/aircraft-final-production-v3/stage/assets/build/frames/unit.IR.isr/shadow/orbit/d00_f01.png'
13:00.848  render           | Saved: '/Users/mohammedkalouti/Documents/Codex/2026-09-27/i/work/art/aircraft-final-production-v3/stage/assets/build/frames/unit.IR.isr/beauty/orbit/d00_f02.png'
13:01.327  render           | Saved: '/Users/mohammedkalouti/Documents/Codex/2026-09-27/i/work/art/aircraft-final-production-v3/stage/assets/build/frames/unit.IR.isr/team/orbit/d00_f02.png'
13:01.581  render           | Saved: '/var/folders/n4/43n_jxh10gg3s770b_8jbzb80000gn/T/fc-team-coverage-kkb65des.png'
13:02.543  render           | Saved: '/Users/mohammedkalouti/Documents/Codex/2026-09-27/i/work/art/aircraft-final-production-v3/stage/assets/build/frames/unit.IR.isr/shadow/orbit/d00_f02.png'
13:03.097  render           | Saved: '/Users/mohammedkalouti/Documents/Codex/2026-09-27/i/work/art/aircraft-final-production-v3/stage/assets/build/frames/unit.IR.isr/beauty/orbit/d01_f00.png'
13:03.597  render           | Saved: '/Users/mohammedkalouti/Documents/Codex/2026-09-27/i/work/art/aircraft-final-production-v3/stage/assets/build/frames/unit.IR.isr/team/orbit/d01_f00.png'
13:03.848  render           | Saved: '/var/folders/n4/43n_jxh10gg3s770b_8jbzb80000gn/T/fc-team-coverage-nmh6wjpa.png'
13:04.820  render           | Saved: '/Users/mohammedkalouti/Documents/Codex/2026-09-27/i/work/art/aircraft-final-production-v3/stage/assets/build/frames/unit.IR.isr/shadow/orbit/d01_f00.png'
13:05.386  render           | Saved: '/Users/mohammedkalouti/Documents/Codex/2026-09-27/i/work/art/aircraft-final-production-v3/stage/assets/build/frames/unit.IR.isr/beauty/orbit/d01_f01.png'
13:05.874  render           | Saved: '/Users/mohammedkalouti/Documents/Codex/2026-09-27/i/work/art/aircraft-final-production-v3/stage/assets/build/frames/unit.IR.isr/team/orbit/d01_f01.png'
13:06.118  render           | Saved: '/var/folders/n4/43n_jxh10gg3s770b_8jbzb80000gn/T/fc-team-coverage-gf6idabj.png'
13:07.090  render           | Saved: '/Users/mohammedkalouti/Documents/Codex/2026-09-27/i/work/art/aircraft-final-production-v3/stage/assets/build/frames/unit.IR.isr/shadow/orbit/d01_f01.png'
13:07.647  render           | Saved: '/Users/mohammedkalouti/Documents/Codex/2026-09-27/i/work/art/aircraft-final-production-v3/stage/assets/build/frames/unit.IR.isr/beauty/orbit/d01_f02.png'
13:08.155  render           | Saved: '/Users/mohammedkalouti/Documents/Codex/2026-09-27/i/work/art/aircraft-final-production-v3/stage/assets/build/frames/unit.IR.isr/team/orbit/d01_f02.png'
13:08.404  render           | Saved: '/var/folders/n4/43n_jxh10gg3s770b_8jbzb80000gn/T/fc-team-coverage-8r90az7e.png'
13:09.377  render           | Saved: '/Users/mohammedkalouti/Documents/Codex/2026-09-27/i/work/art/aircraft-final-production-v3/stage/assets/build/frames/unit.IR.isr/shadow/orbit/d01_f02.png'
13:09.938  render           | Saved: '/Users/mohammedkalouti/Documents/Codex/2026-09-27/i/work/art/aircraft-final-production-v3/stage/assets/build/frames/unit.IR.isr/beauty/orbit/d02_f00.png'
13:10.424  render           | Saved: '/Users/mohammedkalouti/Documents/Codex/2026-09-27/i/work/art/aircraft-final-production-v3/stage/assets/build/frames/unit.IR.isr/team/orbit/d02_f00.png'
13:10.682  render           | Saved: '/var/folders/n4/43n_jxh10gg3s770b_8jbzb80000gn/T/fc-team-coverage-gwv3c8vm.png'
13:11.638  render           | Saved: '/Users/mohammedkalouti/Documents/Codex/2026-09-27/i/work/art/aircraft-final-production-v3/stage/assets/build/frames/unit.IR.isr/shadow/orbit/d02_f00.png'
13:12.211  render           | Saved: '/Users/mohammedkalouti/Documents/Codex/2026-09-27/i/work/art/aircraft-final-production-v3/stage/assets/build/frames/unit.IR.isr/beauty/orbit/d02_f01.png'
13:12.703  render           | Saved: '/Users/mohammedkalouti/Documents/Codex/2026-09-27/i/work/art/aircraft-final-production-v3/stage/assets/build/frames/unit.IR.isr/team/orbit/d02_f01.png'
13:12.940  render           | Saved: '/var/folders/n4/43n_jxh10gg3s770b_8jbzb80000gn/T/fc-team-coverage-8xb7mnzk.png'
13:13.902  render           | Saved: '/Users/mohammedkalouti/Documents/Codex/2026-09-27/i/work/art/aircraft-final-production-v3/stage/assets/build/frames/unit.IR.isr/shadow/orbit/d02_f01.png'
13:14.462  render           | Saved: '/Users/mohammedkalouti/Documents/Codex/2026-09-27/i/work/art/aircraft-final-production-v3/stage/assets/build/frames/unit.IR.isr/beauty/orbit/d02_f02.png'
13:14.965  render           | Saved: '/Users/mohammedkalouti/Documents/Codex/2026-09-27/i/work/art/aircraft-final-production-v3/stage/assets/build/frames/unit.IR.isr/team/orbit/d02_f02.png'
13:15.221  render           | Saved: '/var/folders/n4/43n_jxh10gg3s770b_8jbzb80000gn/T/fc-team-coverage-dnl4hyj7.png'
13:16.180  render           | Saved: '/Users/mohammedkalouti/Documents/Codex/2026-09-27/i/work/art/aircraft-final-production-v3/stage/assets/build/frames/unit.IR.isr/shadow/orbit/d02_f02.png'
13:16.731  render           | Saved: '/Users/mohammedkalouti/Documents/Codex/2026-09-27/i/work/art/aircraft-final-production-v3/stage/assets/build/frames/unit.IR.isr/beauty/orbit/d03_f00.png'
13:17.233  render           | Saved: '/Users/mohammedkalouti/Documents/Codex/2026-09-27/i/work/art/aircraft-final-production-v3/stage/assets/build/frames/unit.IR.isr/team/orbit/d03_f00.png'
13:17.490  render           | Saved: '/var/folders/n4/43n_jxh10gg3s770b_8jbzb80000gn/T/fc-team-coverage-4ynjotqb.png'
13:18.441  render           | Saved: '/Users/mohammedkalouti/Documents/Codex/2026-09-27/i/work/art/aircraft-final-production-v3/stage/assets/build/frames/unit.IR.isr/shadow/orbit/d03_f00.png'
13:19.012  render           | Saved: '/Users/mohammedkalouti/Documents/Codex/2026-09-27/i/work/art/aircraft-final-production-v3/stage/assets/build/frames/unit.IR.isr/beauty/orbit/d03_f01.png'
13:19.505  render           | Saved: '/Users/mohammedkalouti/Documents/Codex/2026-09-27/i/work/art/aircraft-final-production-v3/stage/assets/build/frames/unit.IR.isr/team/orbit/d03_f01.png'
13:19.742  render           | Saved: '/var/folders/n4/43n_jxh10gg3s770b_8jbzb80000gn/T/fc-team-coverage-83gni1we.png'
13:20.704  render           | Saved: '/Users/mohammedkalouti/Documents/Codex/2026-09-27/i/work/art/aircraft-final-production-v3/stage/assets/build/frames/unit.IR.isr/shadow/orbit/d03_f01.png'
13:21.262  render           | Saved: '/Users/mohammedkalouti/Documents/Codex/2026-09-27/i/work/art/aircraft-final-production-v3/stage/assets/build/frames/unit.IR.isr/beauty/orbit/d03_f02.png'
13:21.757  render           | Saved: '/Users/mohammedkalouti/Documents/Codex/2026-09-27/i/work/art/aircraft-final-production-v3/stage/assets/build/frames/unit.IR.isr/team/orbit/d03_f02.png'
13:22.023  render           | Saved: '/var/folders/n4/43n_jxh10gg3s770b_8jbzb80000gn/T/fc-team-coverage-w6rm56h6.png'
13:23.000  render           | Saved: '/Users/mohammedkalouti/Documents/Codex/2026-09-27/i/work/art/aircraft-final-production-v3/stage/assets/build/frames/unit.IR.isr/shadow/orbit/d03_f02.png'
13:23.558  render           | Saved: '/Users/mohammedkalouti/Documents/Codex/2026-09-27/i/work/art/aircraft-final-production-v3/stage/assets/build/frames/unit.IR.isr/beauty/orbit/d04_f00.png'
13:24.054  render           | Saved: '/Users/mohammedkalouti/Documents/Codex/2026-09-27/i/work/art/aircraft-final-production-v3/stage/assets/build/frames/unit.IR.isr/team/orbit/d04_f00.png'
13:24.310  render           | Saved: '/var/folders/n4/43n_jxh10gg3s770b_8jbzb80000gn/T/fc-team-coverage-go60xlho.png'
13:25.294  render           | Saved: '/Users/mohammedkalouti/Documents/Codex/2026-09-27/i/work/art/aircraft-final-production-v3/stage/assets/build/frames/unit.IR.isr/shadow/orbit/d04_f00.png'
13:25.867  render           | Saved: '/Users/mohammedkalouti/Documents/Codex/2026-09-27/i/work/art/aircraft-final-production-v3/stage/assets/build/frames/unit.IR.isr/beauty/orbit/d04_f01.png'
13:26.359  render           | Saved: '/Users/mohammedkalouti/Documents/Codex/2026-09-27/i/work/art/aircraft-final-production-v3/stage/assets/build/frames/unit.IR.isr/team/orbit/d04_f01.png'
13:26.628  render           | Saved: '/var/folders/n4/43n_jxh10gg3s770b_8jbzb80000gn/T/fc-team-coverage-z56zbfm8.png'
13:27.592  render           | Saved: '/Users/mohammedkalouti/Documents/Codex/2026-09-27/i/work/art/aircraft-final-production-v3/stage/assets/build/frames/unit.IR.isr/shadow/orbit/d04_f01.png'
13:28.150  render           | Saved: '/Users/mohammedkalouti/Documents/Codex/2026-09-27/i/work/art/aircraft-final-production-v3/stage/assets/build/frames/unit.IR.isr/beauty/orbit/d04_f02.png'
13:28.658  render           | Saved: '/Users/mohammedkalouti/Documents/Codex/2026-09-27/i/work/art/aircraft-final-production-v3/stage/assets/build/frames/unit.IR.isr/team/orbit/d04_f02.png'
13:28.913  render           | Saved: '/var/folders/n4/43n_jxh10gg3s770b_8jbzb80000gn/T/fc-team-coverage-wytjzlw9.png'
13:29.888  render           | Saved: '/Users/mohammedkalouti/Documents/Codex/2026-09-27/i/work/art/aircraft-final-production-v3/stage/assets/build/frames/unit.IR.isr/shadow/orbit/d04_f02.png'
13:30.449  render           | Saved: '/Users/mohammedkalouti/Documents/Codex/2026-09-27/i/work/art/aircraft-final-production-v3/stage/assets/build/frames/unit.IR.isr/beauty/orbit/d05_f00.png'
13:30.940  render           | Saved: '/Users/mohammedkalouti/Documents/Codex/2026-09-27/i/work/art/aircraft-final-production-v3/stage/assets/build/frames/unit.IR.isr/team/orbit/d05_f00.png'
13:31.178  render           | Saved: '/var/folders/n4/43n_jxh10gg3s770b_8jbzb80000gn/T/fc-team-coverage-ui5aa3_m.png'
13:32.159  render           | Saved: '/Users/mohammedkalouti/Documents/Codex/2026-09-27/i/work/art/aircraft-final-production-v3/stage/assets/build/frames/unit.IR.isr/shadow/orbit/d05_f00.png'
13:32.721  render           | Saved: '/Users/mohammedkalouti/Documents/Codex/2026-09-27/i/work/art/aircraft-final-production-v3/stage/assets/build/frames/unit.IR.isr/beauty/orbit/d05_f01.png'
13:33.203  render           | Saved: '/Users/mohammedkalouti/Documents/Codex/2026-09-27/i/work/art/aircraft-final-production-v3/stage/assets/build/frames/unit.IR.isr/team/orbit/d05_f01.png'
13:33.450  render           | Saved: '/var/folders/n4/43n_jxh10gg3s770b_8jbzb80000gn/T/fc-team-coverage-arrc4skj.png'
13:34.421  render           | Saved: '/Users/mohammedkalouti/Documents/Codex/2026-09-27/i/work/art/aircraft-final-production-v3/stage/assets/build/frames/unit.IR.isr/shadow/orbit/d05_f01.png'
13:34.985  render           | Saved: '/Users/mohammedkalouti/Documents/Codex/2026-09-27/i/work/art/aircraft-final-production-v3/stage/assets/build/frames/unit.IR.isr/beauty/orbit/d05_f02.png'
13:35.462  render           | Saved: '/Users/mohammedkalouti/Documents/Codex/2026-09-27/i/work/art/aircraft-final-production-v3/stage/assets/build/frames/unit.IR.isr/team/orbit/d05_f02.png'
13:35.734  render           | Saved: '/var/folders/n4/43n_jxh10gg3s770b_8jbzb80000gn/T/fc-team-coverage-mwi0vjna.png'
13:36.760  render           | Saved: '/Users/mohammedkalouti/Documents/Codex/2026-09-27/i/work/art/aircraft-final-production-v3/stage/assets/build/frames/unit.IR.isr/shadow/orbit/d05_f02.png'
13:37.326  render           | Saved: '/Users/mohammedkalouti/Documents/Codex/2026-09-27/i/work/art/aircraft-final-production-v3/stage/assets/build/frames/unit.IR.isr/beauty/orbit/d06_f00.png'
13:37.849  render           | Saved: '/Users/mohammedkalouti/Documents/Codex/2026-09-27/i/work/art/aircraft-final-production-v3/stage/assets/build/frames/unit.IR.isr/team/orbit/d06_f00.png'
13:38.084  render           | Saved: '/var/folders/n4/43n_jxh10gg3s770b_8jbzb80000gn/T/fc-team-coverage-6227n19x.png'
13:39.067  render           | Saved: '/Users/mohammedkalouti/Documents/Codex/2026-09-27/i/work/art/aircraft-final-production-v3/stage/assets/build/frames/unit.IR.isr/shadow/orbit/d06_f00.png'
13:39.625  render           | Saved: '/Users/mohammedkalouti/Documents/Codex/2026-09-27/i/work/art/aircraft-final-production-v3/stage/assets/build/frames/unit.IR.isr/beauty/orbit/d06_f01.png'
13:40.125  render           | Saved: '/Users/mohammedkalouti/Documents/Codex/2026-09-27/i/work/art/aircraft-final-production-v3/stage/assets/build/frames/unit.IR.isr/team/orbit/d06_f01.png'
13:40.393  render           | Saved: '/var/folders/n4/43n_jxh10gg3s770b_8jbzb80000gn/T/fc-team-coverage-gv1asmfk.png'
13:41.362  render           | Saved: '/Users/mohammedkalouti/Documents/Codex/2026-09-27/i/work/art/aircraft-final-production-v3/stage/assets/build/frames/unit.IR.isr/shadow/orbit/d06_f01.png'
13:41.919  render           | Saved: '/Users/mohammedkalouti/Documents/Codex/2026-09-27/i/work/art/aircraft-final-production-v3/stage/assets/build/frames/unit.IR.isr/beauty/orbit/d06_f02.png'
13:42.419  render           | Saved: '/Users/mohammedkalouti/Documents/Codex/2026-09-27/i/work/art/aircraft-final-production-v3/stage/assets/build/frames/unit.IR.isr/team/orbit/d06_f02.png'
13:42.678  render           | Saved: '/var/folders/n4/43n_jxh10gg3s770b_8jbzb80000gn/T/fc-team-coverage-kbhl_k4y.png'
13:43.671  render           | Saved: '/Users/mohammedkalouti/Documents/Codex/2026-09-27/i/work/art/aircraft-final-production-v3/stage/assets/build/frames/unit.IR.isr/shadow/orbit/d06_f02.png'
13:44.237  render           | Saved: '/Users/mohammedkalouti/Documents/Codex/2026-09-27/i/work/art/aircraft-final-production-v3/stage/assets/build/frames/unit.IR.isr/beauty/orbit/d07_f00.png'
13:44.715  render           | Saved: '/Users/mohammedkalouti/Documents/Codex/2026-09-27/i/work/art/aircraft-final-production-v3/stage/assets/build/frames/unit.IR.isr/team/orbit/d07_f00.png'
13:44.989  render           | Saved: '/var/folders/n4/43n_jxh10gg3s770b_8jbzb80000gn/T/fc-team-coverage-nx827fpd.png'
13:45.982  render           | Saved: '/Users/mohammedkalouti/Documents/Codex/2026-09-27/i/work/art/aircraft-final-production-v3/stage/assets/build/frames/unit.IR.isr/shadow/orbit/d07_f00.png'
13:46.550  render           | Saved: '/Users/mohammedkalouti/Documents/Codex/2026-09-27/i/work/art/aircraft-final-production-v3/stage/assets/build/frames/unit.IR.isr/beauty/orbit/d07_f01.png'
13:47.068  render           | Saved: '/Users/mohammedkalouti/Documents/Codex/2026-09-27/i/work/art/aircraft-final-production-v3/stage/assets/build/frames/unit.IR.isr/team/orbit/d07_f01.png'
13:47.319  render           | Saved: '/var/folders/n4/43n_jxh10gg3s770b_8jbzb80000gn/T/fc-team-coverage-ed4w0zk5.png'
13:48.291  render           | Saved: '/Users/mohammedkalouti/Documents/Codex/2026-09-27/i/work/art/aircraft-final-production-v3/stage/assets/build/frames/unit.IR.isr/shadow/orbit/d07_f01.png'
13:48.863  render           | Saved: '/Users/mohammedkalouti/Documents/Codex/2026-09-27/i/work/art/aircraft-final-production-v3/stage/assets/build/frames/unit.IR.isr/beauty/orbit/d07_f02.png'
13:49.358  render           | Saved: '/Users/mohammedkalouti/Documents/Codex/2026-09-27/i/work/art/aircraft-final-production-v3/stage/assets/build/frames/unit.IR.isr/team/orbit/d07_f02.png'
13:49.621  render           | Saved: '/var/folders/n4/43n_jxh10gg3s770b_8jbzb80000gn/T/fc-team-coverage-q4retwub.png'
13:50.603  render           | Saved: '/Users/mohammedkalouti/Documents/Codex/2026-09-27/i/work/art/aircraft-final-production-v3/stage/assets/build/frames/unit.IR.isr/shadow/orbit/d07_f02.png'
13:51.173  render           | Saved: '/Users/mohammedkalouti/Documents/Codex/2026-09-27/i/work/art/aircraft-final-production-v3/stage/assets/build/frames/unit.IR.isr/beauty/orbit/d08_f00.png'
13:51.670  render           | Saved: '/Users/mohammedkalouti/Documents/Codex/2026-09-27/i/work/art/aircraft-final-production-v3/stage/assets/build/frames/unit.IR.isr/team/orbit/d08_f00.png'
13:51.922  render           | Saved: '/var/folders/n4/43n_jxh10gg3s770b_8jbzb80000gn/T/fc-team-coverage-lifa8mp8.png'
13:52.874  render           | Saved: '/Users/mohammedkalouti/Documents/Codex/2026-09-27/i/work/art/aircraft-final-production-v3/stage/assets/build/frames/unit.IR.isr/shadow/orbit/d08_f00.png'
13:53.458  render           | Saved: '/Users/mohammedkalouti/Documents/Codex/2026-09-27/i/work/art/aircraft-final-production-v3/stage/assets/build/frames/unit.IR.isr/beauty/orbit/d08_f01.png'
13:53.962  render           | Saved: '/Users/mohammedkalouti/Documents/Codex/2026-09-27/i/work/art/aircraft-final-production-v3/stage/assets/build/frames/unit.IR.isr/team/orbit/d08_f01.png'
13:54.235  render           | Saved: '/var/folders/n4/43n_jxh10gg3s770b_8jbzb80000gn/T/fc-team-coverage-hrirf2p_.png'
13:55.247  render           | Saved: '/Users/mohammedkalouti/Documents/Codex/2026-09-27/i/work/art/aircraft-final-production-v3/stage/assets/build/frames/unit.IR.isr/shadow/orbit/d08_f01.png'
13:55.828  render           | Saved: '/Users/mohammedkalouti/Documents/Codex/2026-09-27/i/work/art/aircraft-final-production-v3/stage/assets/build/frames/unit.IR.isr/beauty/orbit/d08_f02.png'
13:56.317  render           | Saved: '/Users/mohammedkalouti/Documents/Codex/2026-09-27/i/work/art/aircraft-final-production-v3/stage/assets/build/frames/unit.IR.isr/team/orbit/d08_f02.png'
13:56.557  render           | Saved: '/var/folders/n4/43n_jxh10gg3s770b_8jbzb80000gn/T/fc-team-coverage-tr_hx8sc.png'
13:57.514  render           | Saved: '/Users/mohammedkalouti/Documents/Codex/2026-09-27/i/work/art/aircraft-final-production-v3/stage/assets/build/frames/unit.IR.isr/shadow/orbit/d08_f02.png'
13:58.078  render           | Saved: '/Users/mohammedkalouti/Documents/Codex/2026-09-27/i/work/art/aircraft-final-production-v3/stage/assets/build/frames/unit.IR.isr/beauty/orbit/d09_f00.png'
13:58.575  render           | Saved: '/Users/mohammedkalouti/Documents/Codex/2026-09-27/i/work/art/aircraft-final-production-v3/stage/assets/build/frames/unit.IR.isr/team/orbit/d09_f00.png'
13:58.839  render           | Saved: '/var/folders/n4/43n_jxh10gg3s770b_8jbzb80000gn/T/fc-team-coverage-b7doi6rt.png'
13:59.782  render           | Saved: '/Users/mohammedkalouti/Documents/Codex/2026-09-27/i/work/art/aircraft-final-production-v3/stage/assets/build/frames/unit.IR.isr/shadow/orbit/d09_f00.png'
14:00.342  render           | Saved: '/Users/mohammedkalouti/Documents/Codex/2026-09-27/i/work/art/aircraft-final-production-v3/stage/assets/build/frames/unit.IR.isr/beauty/orbit/d09_f01.png'
14:00.833  render           | Saved: '/Users/mohammedkalouti/Documents/Codex/2026-09-27/i/work/art/aircraft-final-production-v3/stage/assets/build/frames/unit.IR.isr/team/orbit/d09_f01.png'
14:01.090  render           | Saved: '/var/folders/n4/43n_jxh10gg3s770b_8jbzb80000gn/T/fc-team-coverage-7xad7asg.png'
14:02.053  render           | Saved: '/Users/mohammedkalouti/Documents/Codex/2026-09-27/i/work/art/aircraft-final-production-v3/stage/assets/build/frames/unit.IR.isr/shadow/orbit/d09_f01.png'
14:02.595  render           | Saved: '/Users/mohammedkalouti/Documents/Codex/2026-09-27/i/work/art/aircraft-final-production-v3/stage/assets/build/frames/unit.IR.isr/beauty/orbit/d09_f02.png'
14:03.098  render           | Saved: '/Users/mohammedkalouti/Documents/Codex/2026-09-27/i/work/art/aircraft-final-production-v3/stage/assets/build/frames/unit.IR.isr/team/orbit/d09_f02.png'
14:03.346  render           | Saved: '/var/folders/n4/43n_jxh10gg3s770b_8jbzb80000gn/T/fc-team-coverage-kygpy5jy.png'
14:04.309  render           | Saved: '/Users/mohammedkalouti/Documents/Codex/2026-09-27/i/work/art/aircraft-final-production-v3/stage/assets/build/frames/unit.IR.isr/shadow/orbit/d09_f02.png'
14:04.863  render           | Saved: '/Users/mohammedkalouti/Documents/Codex/2026-09-27/i/work/art/aircraft-final-production-v3/stage/assets/build/frames/unit.IR.isr/beauty/orbit/d10_f00.png'
14:05.369  render           | Saved: '/Users/mohammedkalouti/Documents/Codex/2026-09-27/i/work/art/aircraft-final-production-v3/stage/assets/build/frames/unit.IR.isr/team/orbit/d10_f00.png'
14:05.615  render           | Saved: '/var/folders/n4/43n_jxh10gg3s770b_8jbzb80000gn/T/fc-team-coverage-s0iwjeni.png'
14:06.614  render           | Saved: '/Users/mohammedkalouti/Documents/Codex/2026-09-27/i/work/art/aircraft-final-production-v3/stage/assets/build/frames/unit.IR.isr/shadow/orbit/d10_f00.png'
14:07.191  render           | Saved: '/Users/mohammedkalouti/Documents/Codex/2026-09-27/i/work/art/aircraft-final-production-v3/stage/assets/build/frames/unit.IR.isr/beauty/orbit/d10_f01.png'
14:07.681  render           | Saved: '/Users/mohammedkalouti/Documents/Codex/2026-09-27/i/work/art/aircraft-final-production-v3/stage/assets/build/frames/unit.IR.isr/team/orbit/d10_f01.png'
14:07.948  render           | Saved: '/var/folders/n4/43n_jxh10gg3s770b_8jbzb80000gn/T/fc-team-coverage-7gol1w8t.png'
14:08.908  render           | Saved: '/Users/mohammedkalouti/Documents/Codex/2026-09-27/i/work/art/aircraft-final-production-v3/stage/assets/build/frames/unit.IR.isr/shadow/orbit/d10_f01.png'
14:09.463  render           | Saved: '/Users/mohammedkalouti/Documents/Codex/2026-09-27/i/work/art/aircraft-final-production-v3/stage/assets/build/frames/unit.IR.isr/beauty/orbit/d10_f02.png'
14:09.974  render           | Saved: '/Users/mohammedkalouti/Documents/Codex/2026-09-27/i/work/art/aircraft-final-production-v3/stage/assets/build/frames/unit.IR.isr/team/orbit/d10_f02.png'
14:10.218  render           | Saved: '/var/folders/n4/43n_jxh10gg3s770b_8jbzb80000gn/T/fc-team-coverage-ytv9evjp.png'
14:11.194  render           | Saved: '/Users/mohammedkalouti/Documents/Codex/2026-09-27/i/work/art/aircraft-final-production-v3/stage/assets/build/frames/unit.IR.isr/shadow/orbit/d10_f02.png'
14:11.746  render           | Saved: '/Users/mohammedkalouti/Documents/Codex/2026-09-27/i/work/art/aircraft-final-production-v3/stage/assets/build/frames/unit.IR.isr/beauty/orbit/d11_f00.png'
14:12.230  render           | Saved: '/Users/mohammedkalouti/Documents/Codex/2026-09-27/i/work/art/aircraft-final-production-v3/stage/assets/build/frames/unit.IR.isr/team/orbit/d11_f00.png'
14:12.490  render           | Saved: '/var/folders/n4/43n_jxh10gg3s770b_8jbzb80000gn/T/fc-team-coverage-gkrjwe0p.png'
14:13.471  render           | Saved: '/Users/mohammedkalouti/Documents/Codex/2026-09-27/i/work/art/aircraft-final-production-v3/stage/assets/build/frames/unit.IR.isr/shadow/orbit/d11_f00.png'
14:14.028  render           | Saved: '/Users/mohammedkalouti/Documents/Codex/2026-09-27/i/work/art/aircraft-final-production-v3/stage/assets/build/frames/unit.IR.isr/beauty/orbit/d11_f01.png'
14:14.513  render           | Saved: '/Users/mohammedkalouti/Documents/Codex/2026-09-27/i/work/art/aircraft-final-production-v3/stage/assets/build/frames/unit.IR.isr/team/orbit/d11_f01.png'
14:14.764  render           | Saved: '/var/folders/n4/43n_jxh10gg3s770b_8jbzb80000gn/T/fc-team-coverage-9s4zac2u.png'
14:15.742  render           | Saved: '/Users/mohammedkalouti/Documents/Codex/2026-09-27/i/work/art/aircraft-final-production-v3/stage/assets/build/frames/unit.IR.isr/shadow/orbit/d11_f01.png'
14:16.302  render           | Saved: '/Users/mohammedkalouti/Documents/Codex/2026-09-27/i/work/art/aircraft-final-production-v3/stage/assets/build/frames/unit.IR.isr/beauty/orbit/d11_f02.png'
14:16.790  render           | Saved: '/Users/mohammedkalouti/Documents/Codex/2026-09-27/i/work/art/aircraft-final-production-v3/stage/assets/build/frames/unit.IR.isr/team/orbit/d11_f02.png'
14:17.031  render           | Saved: '/var/folders/n4/43n_jxh10gg3s770b_8jbzb80000gn/T/fc-team-coverage-ant7_djk.png'
14:18.021  render           | Saved: '/Users/mohammedkalouti/Documents/Codex/2026-09-27/i/work/art/aircraft-final-production-v3/stage/assets/build/frames/unit.IR.isr/shadow/orbit/d11_f02.png'
14:18.587  render           | Saved: '/Users/mohammedkalouti/Documents/Codex/2026-09-27/i/work/art/aircraft-final-production-v3/stage/assets/build/frames/unit.IR.isr/beauty/orbit/d12_f00.png'
14:19.087  render           | Saved: '/Users/mohammedkalouti/Documents/Codex/2026-09-27/i/work/art/aircraft-final-production-v3/stage/assets/build/frames/unit.IR.isr/team/orbit/d12_f00.png'
14:19.343  render           | Saved: '/var/folders/n4/43n_jxh10gg3s770b_8jbzb80000gn/T/fc-team-coverage-qokgf_zx.png'
14:20.312  render           | Saved: '/Users/mohammedkalouti/Documents/Codex/2026-09-27/i/work/art/aircraft-final-production-v3/stage/assets/build/frames/unit.IR.isr/shadow/orbit/d12_f00.png'
14:20.855  render           | Saved: '/Users/mohammedkalouti/Documents/Codex/2026-09-27/i/work/art/aircraft-final-production-v3/stage/assets/build/frames/unit.IR.isr/beauty/orbit/d12_f01.png'
14:21.338  render           | Saved: '/Users/mohammedkalouti/Documents/Codex/2026-09-27/i/work/art/aircraft-final-production-v3/stage/assets/build/frames/unit.IR.isr/team/orbit/d12_f01.png'
14:21.610  render           | Saved: '/var/folders/n4/43n_jxh10gg3s770b_8jbzb80000gn/T/fc-team-coverage-oyy119xl.png'
14:22.561  render           | Saved: '/Users/mohammedkalouti/Documents/Codex/2026-09-27/i/work/art/aircraft-final-production-v3/stage/assets/build/frames/unit.IR.isr/shadow/orbit/d12_f01.png'
14:23.123  render           | Saved: '/Users/mohammedkalouti/Documents/Codex/2026-09-27/i/work/art/aircraft-final-production-v3/stage/assets/build/frames/unit.IR.isr/beauty/orbit/d12_f02.png'
14:23.634  render           | Saved: '/Users/mohammedkalouti/Documents/Codex/2026-09-27/i/work/art/aircraft-final-production-v3/stage/assets/build/frames/unit.IR.isr/team/orbit/d12_f02.png'
14:23.886  render           | Saved: '/var/folders/n4/43n_jxh10gg3s770b_8jbzb80000gn/T/fc-team-coverage-qensiwmb.png'
14:24.846  render           | Saved: '/Users/mohammedkalouti/Documents/Codex/2026-09-27/i/work/art/aircraft-final-production-v3/stage/assets/build/frames/unit.IR.isr/shadow/orbit/d12_f02.png'
14:25.411  render           | Saved: '/Users/mohammedkalouti/Documents/Codex/2026-09-27/i/work/art/aircraft-final-production-v3/stage/assets/build/frames/unit.IR.isr/beauty/orbit/d13_f00.png'
14:25.908  render           | Saved: '/Users/mohammedkalouti/Documents/Codex/2026-09-27/i/work/art/aircraft-final-production-v3/stage/assets/build/frames/unit.IR.isr/team/orbit/d13_f00.png'
14:26.152  render           | Saved: '/var/folders/n4/43n_jxh10gg3s770b_8jbzb80000gn/T/fc-team-coverage-d7m9lr62.png'
14:27.150  render           | Saved: '/Users/mohammedkalouti/Documents/Codex/2026-09-27/i/work/art/aircraft-final-production-v3/stage/assets/build/frames/unit.IR.isr/shadow/orbit/d13_f00.png'
14:27.702  render           | Saved: '/Users/mohammedkalouti/Documents/Codex/2026-09-27/i/work/art/aircraft-final-production-v3/stage/assets/build/frames/unit.IR.isr/beauty/orbit/d13_f01.png'
14:28.196  render           | Saved: '/Users/mohammedkalouti/Documents/Codex/2026-09-27/i/work/art/aircraft-final-production-v3/stage/assets/build/frames/unit.IR.isr/team/orbit/d13_f01.png'
14:28.449  render           | Saved: '/var/folders/n4/43n_jxh10gg3s770b_8jbzb80000gn/T/fc-team-coverage-0xlfye5s.png'
14:29.395  render           | Saved: '/Users/mohammedkalouti/Documents/Codex/2026-09-27/i/work/art/aircraft-final-production-v3/stage/assets/build/frames/unit.IR.isr/shadow/orbit/d13_f01.png'
14:29.958  render           | Saved: '/Users/mohammedkalouti/Documents/Codex/2026-09-27/i/work/art/aircraft-final-production-v3/stage/assets/build/frames/unit.IR.isr/beauty/orbit/d13_f02.png'
14:30.473  render           | Saved: '/Users/mohammedkalouti/Documents/Codex/2026-09-27/i/work/art/aircraft-final-production-v3/stage/assets/build/frames/unit.IR.isr/team/orbit/d13_f02.png'
14:30.721  render           | Saved: '/var/folders/n4/43n_jxh10gg3s770b_8jbzb80000gn/T/fc-team-coverage-10e5lqc6.png'
14:31.686  render           | Saved: '/Users/mohammedkalouti/Documents/Codex/2026-09-27/i/work/art/aircraft-final-production-v3/stage/assets/build/frames/unit.IR.isr/shadow/orbit/d13_f02.png'
14:32.255  render           | Saved: '/Users/mohammedkalouti/Documents/Codex/2026-09-27/i/work/art/aircraft-final-production-v3/stage/assets/build/frames/unit.IR.isr/beauty/orbit/d14_f00.png'
14:32.757  render           | Saved: '/Users/mohammedkalouti/Documents/Codex/2026-09-27/i/work/art/aircraft-final-production-v3/stage/assets/build/frames/unit.IR.isr/team/orbit/d14_f00.png'
14:32.989  render           | Saved: '/var/folders/n4/43n_jxh10gg3s770b_8jbzb80000gn/T/fc-team-coverage-rvprz07b.png'
14:33.966  render           | Saved: '/Users/mohammedkalouti/Documents/Codex/2026-09-27/i/work/art/aircraft-final-production-v3/stage/assets/build/frames/unit.IR.isr/shadow/orbit/d14_f00.png'
14:34.527  render           | Saved: '/Users/mohammedkalouti/Documents/Codex/2026-09-27/i/work/art/aircraft-final-production-v3/stage/assets/build/frames/unit.IR.isr/beauty/orbit/d14_f01.png'
14:35.046  render           | Saved: '/Users/mohammedkalouti/Documents/Codex/2026-09-27/i/work/art/aircraft-final-production-v3/stage/assets/build/frames/unit.IR.isr/team/orbit/d14_f01.png'
14:35.293  render           | Saved: '/var/folders/n4/43n_jxh10gg3s770b_8jbzb80000gn/T/fc-team-coverage-pjm3o_y6.png'
14:36.270  render           | Saved: '/Users/mohammedkalouti/Documents/Codex/2026-09-27/i/work/art/aircraft-final-production-v3/stage/assets/build/frames/unit.IR.isr/shadow/orbit/d14_f01.png'
14:36.806  render           | Saved: '/Users/mohammedkalouti/Documents/Codex/2026-09-27/i/work/art/aircraft-final-production-v3/stage/assets/build/frames/unit.IR.isr/beauty/orbit/d14_f02.png'
14:37.297  render           | Saved: '/Users/mohammedkalouti/Documents/Codex/2026-09-27/i/work/art/aircraft-final-production-v3/stage/assets/build/frames/unit.IR.isr/team/orbit/d14_f02.png'
14:37.549  render           | Saved: '/var/folders/n4/43n_jxh10gg3s770b_8jbzb80000gn/T/fc-team-coverage-sbdzy_lt.png'
14:38.515  render           | Saved: '/Users/mohammedkalouti/Documents/Codex/2026-09-27/i/work/art/aircraft-final-production-v3/stage/assets/build/frames/unit.IR.isr/shadow/orbit/d14_f02.png'
14:39.084  render           | Saved: '/Users/mohammedkalouti/Documents/Codex/2026-09-27/i/work/art/aircraft-final-production-v3/stage/assets/build/frames/unit.IR.isr/beauty/orbit/d15_f00.png'
14:39.589  render           | Saved: '/Users/mohammedkalouti/Documents/Codex/2026-09-27/i/work/art/aircraft-final-production-v3/stage/assets/build/frames/unit.IR.isr/team/orbit/d15_f00.png'
14:39.850  render           | Saved: '/var/folders/n4/43n_jxh10gg3s770b_8jbzb80000gn/T/fc-team-coverage-w5dn85a4.png'
14:40.821  render           | Saved: '/Users/mohammedkalouti/Documents/Codex/2026-09-27/i/work/art/aircraft-final-production-v3/stage/assets/build/frames/unit.IR.isr/shadow/orbit/d15_f00.png'
14:41.369  render           | Saved: '/Users/mohammedkalouti/Documents/Codex/2026-09-27/i/work/art/aircraft-final-production-v3/stage/assets/build/frames/unit.IR.isr/beauty/orbit/d15_f01.png'
14:41.854  render           | Saved: '/Users/mohammedkalouti/Documents/Codex/2026-09-27/i/work/art/aircraft-final-production-v3/stage/assets/build/frames/unit.IR.isr/team/orbit/d15_f01.png'
14:42.096  render           | Saved: '/var/folders/n4/43n_jxh10gg3s770b_8jbzb80000gn/T/fc-team-coverage-hxklkydo.png'
14:43.074  render           | Saved: '/Users/mohammedkalouti/Documents/Codex/2026-09-27/i/work/art/aircraft-final-production-v3/stage/assets/build/frames/unit.IR.isr/shadow/orbit/d15_f01.png'
14:43.655  render           | Saved: '/Users/mohammedkalouti/Documents/Codex/2026-09-27/i/work/art/aircraft-final-production-v3/stage/assets/build/frames/unit.IR.isr/beauty/orbit/d15_f02.png'
14:44.148  render           | Saved: '/Users/mohammedkalouti/Documents/Codex/2026-09-27/i/work/art/aircraft-final-production-v3/stage/assets/build/frames/unit.IR.isr/team/orbit/d15_f02.png'
14:44.394  render           | Saved: '/var/folders/n4/43n_jxh10gg3s770b_8jbzb80000gn/T/fc-team-coverage-4hktm_cc.png'
14:45.343  render           | Saved: '/Users/mohammedkalouti/Documents/Codex/2026-09-27/i/work/art/aircraft-final-production-v3/stage/assets/build/frames/unit.IR.isr/shadow/orbit/d15_f02.png'
14:45.901  render           | Saved: '/Users/mohammedkalouti/Documents/Codex/2026-09-27/i/work/art/aircraft-final-production-v3/stage/assets/build/frames/unit.IR.isr/beauty/rearm/d00_f00.png'
14:46.388  render           | Saved: '/Users/mohammedkalouti/Documents/Codex/2026-09-27/i/work/art/aircraft-final-production-v3/stage/assets/build/frames/unit.IR.isr/team/rearm/d00_f00.png'
14:47.307  render           | Saved: '/Users/mohammedkalouti/Documents/Codex/2026-09-27/i/work/art/aircraft-final-production-v3/stage/assets/build/frames/unit.IR.isr/shadow/rearm/d00_f00.png'
14:47.894  render           | Saved: '/Users/mohammedkalouti/Documents/Codex/2026-09-27/i/work/art/aircraft-final-production-v3/stage/assets/build/frames/unit.IR.isr/beauty/rearm/d00_f01.png'
14:48.384  render           | Saved: '/Users/mohammedkalouti/Documents/Codex/2026-09-27/i/work/art/aircraft-final-production-v3/stage/assets/build/frames/unit.IR.isr/team/rearm/d00_f01.png'
14:49.278  render           | Saved: '/Users/mohammedkalouti/Documents/Codex/2026-09-27/i/work/art/aircraft-final-production-v3/stage/assets/build/frames/unit.IR.isr/shadow/rearm/d00_f01.png'
14:49.809  render           | Saved: '/Users/mohammedkalouti/Documents/Codex/2026-09-27/i/work/art/aircraft-final-production-v3/stage/assets/build/frames/unit.IR.isr/beauty/rearm/d00_f02.png'
14:50.291  render           | Saved: '/Users/mohammedkalouti/Documents/Codex/2026-09-27/i/work/art/aircraft-final-production-v3/stage/assets/build/frames/unit.IR.isr/team/rearm/d00_f02.png'
14:51.210  render           | Saved: '/Users/mohammedkalouti/Documents/Codex/2026-09-27/i/work/art/aircraft-final-production-v3/stage/assets/build/frames/unit.IR.isr/shadow/rearm/d00_f02.png'
14:51.753  render           | Saved: '/Users/mohammedkalouti/Documents/Codex/2026-09-27/i/work/art/aircraft-final-production-v3/stage/assets/build/frames/unit.IR.isr/beauty/rearm/d00_f03.png'
14:52.227  render           | Saved: '/Users/mohammedkalouti/Documents/Codex/2026-09-27/i/work/art/aircraft-final-production-v3/stage/assets/build/frames/unit.IR.isr/team/rearm/d00_f03.png'
14:53.143  render           | Saved: '/Users/mohammedkalouti/Documents/Codex/2026-09-27/i/work/art/aircraft-final-production-v3/stage/assets/build/frames/unit.IR.isr/shadow/rearm/d00_f03.png'
14:53.688  render           | Saved: '/Users/mohammedkalouti/Documents/Codex/2026-09-27/i/work/art/aircraft-final-production-v3/stage/assets/build/frames/unit.IR.isr/beauty/rearm/d00_f04.png'
14:54.186  render           | Saved: '/Users/mohammedkalouti/Documents/Codex/2026-09-27/i/work/art/aircraft-final-production-v3/stage/assets/build/frames/unit.IR.isr/team/rearm/d00_f04.png'
14:55.081  render           | Saved: '/Users/mohammedkalouti/Documents/Codex/2026-09-27/i/work/art/aircraft-final-production-v3/stage/assets/build/frames/unit.IR.isr/shadow/rearm/d00_f04.png'
14:55.618  render           | Saved: '/Users/mohammedkalouti/Documents/Codex/2026-09-27/i/work/art/aircraft-final-production-v3/stage/assets/build/frames/unit.IR.isr/beauty/rearm/d00_f05.png'
14:56.099  render           | Saved: '/Users/mohammedkalouti/Documents/Codex/2026-09-27/i/work/art/aircraft-final-production-v3/stage/assets/build/frames/unit.IR.isr/team/rearm/d00_f05.png'
14:56.989  render           | Saved: '/Users/mohammedkalouti/Documents/Codex/2026-09-27/i/work/art/aircraft-final-production-v3/stage/assets/build/frames/unit.IR.isr/shadow/rearm/d00_f05.png'
14:57.527  render           | Saved: '/Users/mohammedkalouti/Documents/Codex/2026-09-27/i/work/art/aircraft-final-production-v3/stage/assets/build/frames/unit.IR.isr/beauty/rearm/d01_f00.png'
14:58.016  render           | Saved: '/Users/mohammedkalouti/Documents/Codex/2026-09-27/i/work/art/aircraft-final-production-v3/stage/assets/build/frames/unit.IR.isr/team/rearm/d01_f00.png'
14:58.936  render           | Saved: '/Users/mohammedkalouti/Documents/Codex/2026-09-27/i/work/art/aircraft-final-production-v3/stage/assets/build/frames/unit.IR.isr/shadow/rearm/d01_f00.png'
14:59.499  render           | Saved: '/Users/mohammedkalouti/Documents/Codex/2026-09-27/i/work/art/aircraft-final-production-v3/stage/assets/build/frames/unit.IR.isr/beauty/rearm/d01_f01.png'
14:59.990  render           | Saved: '/Users/mohammedkalouti/Documents/Codex/2026-09-27/i/work/art/aircraft-final-production-v3/stage/assets/build/frames/unit.IR.isr/team/rearm/d01_f01.png'
15:00.905  render           | Saved: '/Users/mohammedkalouti/Documents/Codex/2026-09-27/i/work/art/aircraft-final-production-v3/stage/assets/build/frames/unit.IR.isr/shadow/rearm/d01_f01.png'
15:01.450  render           | Saved: '/Users/mohammedkalouti/Documents/Codex/2026-09-27/i/work/art/aircraft-final-production-v3/stage/assets/build/frames/unit.IR.isr/beauty/rearm/d01_f02.png'
15:01.949  render           | Saved: '/Users/mohammedkalouti/Documents/Codex/2026-09-27/i/work/art/aircraft-final-production-v3/stage/assets/build/frames/unit.IR.isr/team/rearm/d01_f02.png'
15:02.856  render           | Saved: '/Users/mohammedkalouti/Documents/Codex/2026-09-27/i/work/art/aircraft-final-production-v3/stage/assets/build/frames/unit.IR.isr/shadow/rearm/d01_f02.png'
15:03.427  render           | Saved: '/Users/mohammedkalouti/Documents/Codex/2026-09-27/i/work/art/aircraft-final-production-v3/stage/assets/build/frames/unit.IR.isr/beauty/rearm/d01_f03.png'
15:03.921  render           | Saved: '/Users/mohammedkalouti/Documents/Codex/2026-09-27/i/work/art/aircraft-final-production-v3/stage/assets/build/frames/unit.IR.isr/team/rearm/d01_f03.png'
15:04.838  render           | Saved: '/Users/mohammedkalouti/Documents/Codex/2026-09-27/i/work/art/aircraft-final-production-v3/stage/assets/build/frames/unit.IR.isr/shadow/rearm/d01_f03.png'
15:05.390  render           | Saved: '/Users/mohammedkalouti/Documents/Codex/2026-09-27/i/work/art/aircraft-final-production-v3/stage/assets/build/frames/unit.IR.isr/beauty/rearm/d01_f04.png'
15:05.900  render           | Saved: '/Users/mohammedkalouti/Documents/Codex/2026-09-27/i/work/art/aircraft-final-production-v3/stage/assets/build/frames/unit.IR.isr/team/rearm/d01_f04.png'
15:06.816  render           | Saved: '/Users/mohammedkalouti/Documents/Codex/2026-09-27/i/work/art/aircraft-final-production-v3/stage/assets/build/frames/unit.IR.isr/shadow/rearm/d01_f04.png'
15:07.368  render           | Saved: '/Users/mohammedkalouti/Documents/Codex/2026-09-27/i/work/art/aircraft-final-production-v3/stage/assets/build/frames/unit.IR.isr/beauty/rearm/d01_f05.png'
15:07.842  render           | Saved: '/Users/mohammedkalouti/Documents/Codex/2026-09-27/i/work/art/aircraft-final-production-v3/stage/assets/build/frames/unit.IR.isr/team/rearm/d01_f05.png'
15:08.758  render           | Saved: '/Users/mohammedkalouti/Documents/Codex/2026-09-27/i/work/art/aircraft-final-production-v3/stage/assets/build/frames/unit.IR.isr/shadow/rearm/d01_f05.png'
15:09.316  render           | Saved: '/Users/mohammedkalouti/Documents/Codex/2026-09-27/i/work/art/aircraft-final-production-v3/stage/assets/build/frames/unit.IR.isr/beauty/rearm/d02_f00.png'
15:09.810  render           | Saved: '/Users/mohammedkalouti/Documents/Codex/2026-09-27/i/work/art/aircraft-final-production-v3/stage/assets/build/frames/unit.IR.isr/team/rearm/d02_f00.png'
15:10.728  render           | Saved: '/Users/mohammedkalouti/Documents/Codex/2026-09-27/i/work/art/aircraft-final-production-v3/stage/assets/build/frames/unit.IR.isr/shadow/rearm/d02_f00.png'
15:11.283  render           | Saved: '/Users/mohammedkalouti/Documents/Codex/2026-09-27/i/work/art/aircraft-final-production-v3/stage/assets/build/frames/unit.IR.isr/beauty/rearm/d02_f01.png'
15:11.779  render           | Saved: '/Users/mohammedkalouti/Documents/Codex/2026-09-27/i/work/art/aircraft-final-production-v3/stage/assets/build/frames/unit.IR.isr/team/rearm/d02_f01.png'
15:12.700  render           | Saved: '/Users/mohammedkalouti/Documents/Codex/2026-09-27/i/work/art/aircraft-final-production-v3/stage/assets/build/frames/unit.IR.isr/shadow/rearm/d02_f01.png'
15:13.248  render           | Saved: '/Users/mohammedkalouti/Documents/Codex/2026-09-27/i/work/art/aircraft-final-production-v3/stage/assets/build/frames/unit.IR.isr/beauty/rearm/d02_f02.png'
15:13.760  render           | Saved: '/Users/mohammedkalouti/Documents/Codex/2026-09-27/i/work/art/aircraft-final-production-v3/stage/assets/build/frames/unit.IR.isr/team/rearm/d02_f02.png'
15:14.642  render           | Saved: '/Users/mohammedkalouti/Documents/Codex/2026-09-27/i/work/art/aircraft-final-production-v3/stage/assets/build/frames/unit.IR.isr/shadow/rearm/d02_f02.png'
15:15.193  render           | Saved: '/Users/mohammedkalouti/Documents/Codex/2026-09-27/i/work/art/aircraft-final-production-v3/stage/assets/build/frames/unit.IR.isr/beauty/rearm/d02_f03.png'
15:15.678  render           | Saved: '/Users/mohammedkalouti/Documents/Codex/2026-09-27/i/work/art/aircraft-final-production-v3/stage/assets/build/frames/unit.IR.isr/team/rearm/d02_f03.png'
15:16.597  render           | Saved: '/Users/mohammedkalouti/Documents/Codex/2026-09-27/i/work/art/aircraft-final-production-v3/stage/assets/build/frames/unit.IR.isr/shadow/rearm/d02_f03.png'
15:17.155  render           | Saved: '/Users/mohammedkalouti/Documents/Codex/2026-09-27/i/work/art/aircraft-final-production-v3/stage/assets/build/frames/unit.IR.isr/beauty/rearm/d02_f04.png'
15:17.648  render           | Saved: '/Users/mohammedkalouti/Documents/Codex/2026-09-27/i/work/art/aircraft-final-production-v3/stage/assets/build/frames/unit.IR.isr/team/rearm/d02_f04.png'
15:18.560  render           | Saved: '/Users/mohammedkalouti/Documents/Codex/2026-09-27/i/work/art/aircraft-final-production-v3/stage/assets/build/frames/unit.IR.isr/shadow/rearm/d02_f04.png'
15:19.114  render           | Saved: '/Users/mohammedkalouti/Documents/Codex/2026-09-27/i/work/art/aircraft-final-production-v3/stage/assets/build/frames/unit.IR.isr/beauty/rearm/d02_f05.png'
15:19.596  render           | Saved: '/Users/mohammedkalouti/Documents/Codex/2026-09-27/i/work/art/aircraft-final-production-v3/stage/assets/build/frames/unit.IR.isr/team/rearm/d02_f05.png'
15:20.517  render           | Saved: '/Users/mohammedkalouti/Documents/Codex/2026-09-27/i/work/art/aircraft-final-production-v3/stage/assets/build/frames/unit.IR.isr/shadow/rearm/d02_f05.png'
15:21.061  render           | Saved: '/Users/mohammedkalouti/Documents/Codex/2026-09-27/i/work/art/aircraft-final-production-v3/stage/assets/build/frames/unit.IR.isr/beauty/rearm/d03_f00.png'
15:21.537  render           | Saved: '/Users/mohammedkalouti/Documents/Codex/2026-09-27/i/work/art/aircraft-final-production-v3/stage/assets/build/frames/unit.IR.isr/team/rearm/d03_f00.png'
15:22.439  render           | Saved: '/Users/mohammedkalouti/Documents/Codex/2026-09-27/i/work/art/aircraft-final-production-v3/stage/assets/build/frames/unit.IR.isr/shadow/rearm/d03_f00.png'
15:22.997  render           | Saved: '/Users/mohammedkalouti/Documents/Codex/2026-09-27/i/work/art/aircraft-final-production-v3/stage/assets/build/frames/unit.IR.isr/beauty/rearm/d03_f01.png'
15:23.475  render           | Saved: '/Users/mohammedkalouti/Documents/Codex/2026-09-27/i/work/art/aircraft-final-production-v3/stage/assets/build/frames/unit.IR.isr/team/rearm/d03_f01.png'
15:24.382  render           | Saved: '/Users/mohammedkalouti/Documents/Codex/2026-09-27/i/work/art/aircraft-final-production-v3/stage/assets/build/frames/unit.IR.isr/shadow/rearm/d03_f01.png'
15:24.918  render           | Saved: '/Users/mohammedkalouti/Documents/Codex/2026-09-27/i/work/art/aircraft-final-production-v3/stage/assets/build/frames/unit.IR.isr/beauty/rearm/d03_f02.png'
15:25.407  render           | Saved: '/Users/mohammedkalouti/Documents/Codex/2026-09-27/i/work/art/aircraft-final-production-v3/stage/assets/build/frames/unit.IR.isr/team/rearm/d03_f02.png'
15:26.329  render           | Saved: '/Users/mohammedkalouti/Documents/Codex/2026-09-27/i/work/art/aircraft-final-production-v3/stage/assets/build/frames/unit.IR.isr/shadow/rearm/d03_f02.png'
15:26.877  render           | Saved: '/Users/mohammedkalouti/Documents/Codex/2026-09-27/i/work/art/aircraft-final-production-v3/stage/assets/build/frames/unit.IR.isr/beauty/rearm/d03_f03.png'
15:27.358  render           | Saved: '/Users/mohammedkalouti/Documents/Codex/2026-09-27/i/work/art/aircraft-final-production-v3/stage/assets/build/frames/unit.IR.isr/team/rearm/d03_f03.png'
15:28.262  render           | Saved: '/Users/mohammedkalouti/Documents/Codex/2026-09-27/i/work/art/aircraft-final-production-v3/stage/assets/build/frames/unit.IR.isr/shadow/rearm/d03_f03.png'
15:28.803  render           | Saved: '/Users/mohammedkalouti/Documents/Codex/2026-09-27/i/work/art/aircraft-final-production-v3/stage/assets/build/frames/unit.IR.isr/beauty/rearm/d03_f04.png'
15:29.290  render           | Saved: '/Users/mohammedkalouti/Documents/Codex/2026-09-27/i/work/art/aircraft-final-production-v3/stage/assets/build/frames/unit.IR.isr/team/rearm/d03_f04.png'
15:30.215  render           | Saved: '/Users/mohammedkalouti/Documents/Codex/2026-09-27/i/work/art/aircraft-final-production-v3/stage/assets/build/frames/unit.IR.isr/shadow/rearm/d03_f04.png'
15:30.775  render           | Saved: '/Users/mohammedkalouti/Documents/Codex/2026-09-27/i/work/art/aircraft-final-production-v3/stage/assets/build/frames/unit.IR.isr/beauty/rearm/d03_f05.png'
15:31.267  render           | Saved: '/Users/mohammedkalouti/Documents/Codex/2026-09-27/i/work/art/aircraft-final-production-v3/stage/assets/build/frames/unit.IR.isr/team/rearm/d03_f05.png'
15:32.194  render           | Saved: '/Users/mohammedkalouti/Documents/Codex/2026-09-27/i/work/art/aircraft-final-production-v3/stage/assets/build/frames/unit.IR.isr/shadow/rearm/d03_f05.png'
15:32.734  render           | Saved: '/Users/mohammedkalouti/Documents/Codex/2026-09-27/i/work/art/aircraft-final-production-v3/stage/assets/build/frames/unit.IR.isr/beauty/rearm/d04_f00.png'
15:33.205  render           | Saved: '/Users/mohammedkalouti/Documents/Codex/2026-09-27/i/work/art/aircraft-final-production-v3/stage/assets/build/frames/unit.IR.isr/team/rearm/d04_f00.png'
15:34.130  render           | Saved: '/Users/mohammedkalouti/Documents/Codex/2026-09-27/i/work/art/aircraft-final-production-v3/stage/assets/build/frames/unit.IR.isr/shadow/rearm/d04_f00.png'
15:34.675  render           | Saved: '/Users/mohammedkalouti/Documents/Codex/2026-09-27/i/work/art/aircraft-final-production-v3/stage/assets/build/frames/unit.IR.isr/beauty/rearm/d04_f01.png'
15:35.157  render           | Saved: '/Users/mohammedkalouti/Documents/Codex/2026-09-27/i/work/art/aircraft-final-production-v3/stage/assets/build/frames/unit.IR.isr/team/rearm/d04_f01.png'
15:36.093  render           | Saved: '/Users/mohammedkalouti/Documents/Codex/2026-09-27/i/work/art/aircraft-final-production-v3/stage/assets/build/frames/unit.IR.isr/shadow/rearm/d04_f01.png'
15:36.629  render           | Saved: '/Users/mohammedkalouti/Documents/Codex/2026-09-27/i/work/art/aircraft-final-production-v3/stage/assets/build/frames/unit.IR.isr/beauty/rearm/d04_f02.png'
15:37.131  render           | Saved: '/Users/mohammedkalouti/Documents/Codex/2026-09-27/i/work/art/aircraft-final-production-v3/stage/assets/build/frames/unit.IR.isr/team/rearm/d04_f02.png'
15:38.051  render           | Saved: '/Users/mohammedkalouti/Documents/Codex/2026-09-27/i/work/art/aircraft-final-production-v3/stage/assets/build/frames/unit.IR.isr/shadow/rearm/d04_f02.png'
15:38.592  render           | Saved: '/Users/mohammedkalouti/Documents/Codex/2026-09-27/i/work/art/aircraft-final-production-v3/stage/assets/build/frames/unit.IR.isr/beauty/rearm/d04_f03.png'
15:39.078  render           | Saved: '/Users/mohammedkalouti/Documents/Codex/2026-09-27/i/work/art/aircraft-final-production-v3/stage/assets/build/frames/unit.IR.isr/team/rearm/d04_f03.png'
15:40.001  render           | Saved: '/Users/mohammedkalouti/Documents/Codex/2026-09-27/i/work/art/aircraft-final-production-v3/stage/assets/build/frames/unit.IR.isr/shadow/rearm/d04_f03.png'
15:40.536  render           | Saved: '/Users/mohammedkalouti/Documents/Codex/2026-09-27/i/work/art/aircraft-final-production-v3/stage/assets/build/frames/unit.IR.isr/beauty/rearm/d04_f04.png'
15:41.004  render           | Saved: '/Users/mohammedkalouti/Documents/Codex/2026-09-27/i/work/art/aircraft-final-production-v3/stage/assets/build/frames/unit.IR.isr/team/rearm/d04_f04.png'
15:41.935  render           | Saved: '/Users/mohammedkalouti/Documents/Codex/2026-09-27/i/work/art/aircraft-final-production-v3/stage/assets/build/frames/unit.IR.isr/shadow/rearm/d04_f04.png'
15:42.480  render           | Saved: '/Users/mohammedkalouti/Documents/Codex/2026-09-27/i/work/art/aircraft-final-production-v3/stage/assets/build/frames/unit.IR.isr/beauty/rearm/d04_f05.png'
15:42.984  render           | Saved: '/Users/mohammedkalouti/Documents/Codex/2026-09-27/i/work/art/aircraft-final-production-v3/stage/assets/build/frames/unit.IR.isr/team/rearm/d04_f05.png'
15:43.912  render           | Saved: '/Users/mohammedkalouti/Documents/Codex/2026-09-27/i/work/art/aircraft-final-production-v3/stage/assets/build/frames/unit.IR.isr/shadow/rearm/d04_f05.png'
15:44.448  render           | Saved: '/Users/mohammedkalouti/Documents/Codex/2026-09-27/i/work/art/aircraft-final-production-v3/stage/assets/build/frames/unit.IR.isr/beauty/rearm/d05_f00.png'
15:44.954  render           | Saved: '/Users/mohammedkalouti/Documents/Codex/2026-09-27/i/work/art/aircraft-final-production-v3/stage/assets/build/frames/unit.IR.isr/team/rearm/d05_f00.png'
15:45.868  render           | Saved: '/Users/mohammedkalouti/Documents/Codex/2026-09-27/i/work/art/aircraft-final-production-v3/stage/assets/build/frames/unit.IR.isr/shadow/rearm/d05_f00.png'
15:46.432  render           | Saved: '/Users/mohammedkalouti/Documents/Codex/2026-09-27/i/work/art/aircraft-final-production-v3/stage/assets/build/frames/unit.IR.isr/beauty/rearm/d05_f01.png'
15:46.931  render           | Saved: '/Users/mohammedkalouti/Documents/Codex/2026-09-27/i/work/art/aircraft-final-production-v3/stage/assets/build/frames/unit.IR.isr/team/rearm/d05_f01.png'
15:47.858  render           | Saved: '/Users/mohammedkalouti/Documents/Codex/2026-09-27/i/work/art/aircraft-final-production-v3/stage/assets/build/frames/unit.IR.isr/shadow/rearm/d05_f01.png'
15:48.433  render           | Saved: '/Users/mohammedkalouti/Documents/Codex/2026-09-27/i/work/art/aircraft-final-production-v3/stage/assets/build/frames/unit.IR.isr/beauty/rearm/d05_f02.png'
15:48.925  render           | Saved: '/Users/mohammedkalouti/Documents/Codex/2026-09-27/i/work/art/aircraft-final-production-v3/stage/assets/build/frames/unit.IR.isr/team/rearm/d05_f02.png'
15:49.820  render           | Saved: '/Users/mohammedkalouti/Documents/Codex/2026-09-27/i/work/art/aircraft-final-production-v3/stage/assets/build/frames/unit.IR.isr/shadow/rearm/d05_f02.png'
15:50.385  render           | Saved: '/Users/mohammedkalouti/Documents/Codex/2026-09-27/i/work/art/aircraft-final-production-v3/stage/assets/build/frames/unit.IR.isr/beauty/rearm/d05_f03.png'
15:50.884  render           | Saved: '/Users/mohammedkalouti/Documents/Codex/2026-09-27/i/work/art/aircraft-final-production-v3/stage/assets/build/frames/unit.IR.isr/team/rearm/d05_f03.png'
15:51.795  render           | Saved: '/Users/mohammedkalouti/Documents/Codex/2026-09-27/i/work/art/aircraft-final-production-v3/stage/assets/build/frames/unit.IR.isr/shadow/rearm/d05_f03.png'
15:52.361  render           | Saved: '/Users/mohammedkalouti/Documents/Codex/2026-09-27/i/work/art/aircraft-final-production-v3/stage/assets/build/frames/unit.IR.isr/beauty/rearm/d05_f04.png'
15:52.874  render           | Saved: '/Users/mohammedkalouti/Documents/Codex/2026-09-27/i/work/art/aircraft-final-production-v3/stage/assets/build/frames/unit.IR.isr/team/rearm/d05_f04.png'
15:53.803  render           | Saved: '/Users/mohammedkalouti/Documents/Codex/2026-09-27/i/work/art/aircraft-final-production-v3/stage/assets/build/frames/unit.IR.isr/shadow/rearm/d05_f04.png'
15:54.363  render           | Saved: '/Users/mohammedkalouti/Documents/Codex/2026-09-27/i/work/art/aircraft-final-production-v3/stage/assets/build/frames/unit.IR.isr/beauty/rearm/d05_f05.png'
15:54.858  render           | Saved: '/Users/mohammedkalouti/Documents/Codex/2026-09-27/i/work/art/aircraft-final-production-v3/stage/assets/build/frames/unit.IR.isr/team/rearm/d05_f05.png'
15:55.759  render           | Saved: '/Users/mohammedkalouti/Documents/Codex/2026-09-27/i/work/art/aircraft-final-production-v3/stage/assets/build/frames/unit.IR.isr/shadow/rearm/d05_f05.png'
15:56.300  render           | Saved: '/Users/mohammedkalouti/Documents/Codex/2026-09-27/i/work/art/aircraft-final-production-v3/stage/assets/build/frames/unit.IR.isr/beauty/rearm/d06_f00.png'
15:56.781  render           | Saved: '/Users/mohammedkalouti/Documents/Codex/2026-09-27/i/work/art/aircraft-final-production-v3/stage/assets/build/frames/unit.IR.isr/team/rearm/d06_f00.png'
15:57.681  render           | Saved: '/Users/mohammedkalouti/Documents/Codex/2026-09-27/i/work/art/aircraft-final-production-v3/stage/assets/build/frames/unit.IR.isr/shadow/rearm/d06_f00.png'
15:58.224  render           | Saved: '/Users/mohammedkalouti/Documents/Codex/2026-09-27/i/work/art/aircraft-final-production-v3/stage/assets/build/frames/unit.IR.isr/beauty/rearm/d06_f01.png'
15:58.719  render           | Saved: '/Users/mohammedkalouti/Documents/Codex/2026-09-27/i/work/art/aircraft-final-production-v3/stage/assets/build/frames/unit.IR.isr/team/rearm/d06_f01.png'
15:59.715  render           | Saved: '/Users/mohammedkalouti/Documents/Codex/2026-09-27/i/work/art/aircraft-final-production-v3/stage/assets/build/frames/unit.IR.isr/shadow/rearm/d06_f01.png'
16:00.299  render           | Saved: '/Users/mohammedkalouti/Documents/Codex/2026-09-27/i/work/art/aircraft-final-production-v3/stage/assets/build/frames/unit.IR.isr/beauty/rearm/d06_f02.png'
16:00.781  render           | Saved: '/Users/mohammedkalouti/Documents/Codex/2026-09-27/i/work/art/aircraft-final-production-v3/stage/assets/build/frames/unit.IR.isr/team/rearm/d06_f02.png'
16:01.684  render           | Saved: '/Users/mohammedkalouti/Documents/Codex/2026-09-27/i/work/art/aircraft-final-production-v3/stage/assets/build/frames/unit.IR.isr/shadow/rearm/d06_f02.png'
16:02.258  render           | Saved: '/Users/mohammedkalouti/Documents/Codex/2026-09-27/i/work/art/aircraft-final-production-v3/stage/assets/build/frames/unit.IR.isr/beauty/rearm/d06_f03.png'
16:02.735  render           | Saved: '/Users/mohammedkalouti/Documents/Codex/2026-09-27/i/work/art/aircraft-final-production-v3/stage/assets/build/frames/unit.IR.isr/team/rearm/d06_f03.png'
16:03.648  render           | Saved: '/Users/mohammedkalouti/Documents/Codex/2026-09-27/i/work/art/aircraft-final-production-v3/stage/assets/build/frames/unit.IR.isr/shadow/rearm/d06_f03.png'
16:04.199  render           | Saved: '/Users/mohammedkalouti/Documents/Codex/2026-09-27/i/work/art/aircraft-final-production-v3/stage/assets/build/frames/unit.IR.isr/beauty/rearm/d06_f04.png'
16:04.691  render           | Saved: '/Users/mohammedkalouti/Documents/Codex/2026-09-27/i/work/art/aircraft-final-production-v3/stage/assets/build/frames/unit.IR.isr/team/rearm/d06_f04.png'
16:05.623  render           | Saved: '/Users/mohammedkalouti/Documents/Codex/2026-09-27/i/work/art/aircraft-final-production-v3/stage/assets/build/frames/unit.IR.isr/shadow/rearm/d06_f04.png'
16:06.182  render           | Saved: '/Users/mohammedkalouti/Documents/Codex/2026-09-27/i/work/art/aircraft-final-production-v3/stage/assets/build/frames/unit.IR.isr/beauty/rearm/d06_f05.png'
16:06.662  render           | Saved: '/Users/mohammedkalouti/Documents/Codex/2026-09-27/i/work/art/aircraft-final-production-v3/stage/assets/build/frames/unit.IR.isr/team/rearm/d06_f05.png'
16:07.581  render           | Saved: '/Users/mohammedkalouti/Documents/Codex/2026-09-27/i/work/art/aircraft-final-production-v3/stage/assets/build/frames/unit.IR.isr/shadow/rearm/d06_f05.png'
16:08.124  render           | Saved: '/Users/mohammedkalouti/Documents/Codex/2026-09-27/i/work/art/aircraft-final-production-v3/stage/assets/build/frames/unit.IR.isr/beauty/rearm/d07_f00.png'
16:08.620  render           | Saved: '/Users/mohammedkalouti/Documents/Codex/2026-09-27/i/work/art/aircraft-final-production-v3/stage/assets/build/frames/unit.IR.isr/team/rearm/d07_f00.png'
16:09.527  render           | Saved: '/Users/mohammedkalouti/Documents/Codex/2026-09-27/i/work/art/aircraft-final-production-v3/stage/assets/build/frames/unit.IR.isr/shadow/rearm/d07_f00.png'
16:10.083  render           | Saved: '/Users/mohammedkalouti/Documents/Codex/2026-09-27/i/work/art/aircraft-final-production-v3/stage/assets/build/frames/unit.IR.isr/beauty/rearm/d07_f01.png'
16:10.603  render           | Saved: '/Users/mohammedkalouti/Documents/Codex/2026-09-27/i/work/art/aircraft-final-production-v3/stage/assets/build/frames/unit.IR.isr/team/rearm/d07_f01.png'
16:11.540  render           | Saved: '/Users/mohammedkalouti/Documents/Codex/2026-09-27/i/work/art/aircraft-final-production-v3/stage/assets/build/frames/unit.IR.isr/shadow/rearm/d07_f01.png'
16:12.144  render           | Saved: '/Users/mohammedkalouti/Documents/Codex/2026-09-27/i/work/art/aircraft-final-production-v3/stage/assets/build/frames/unit.IR.isr/beauty/rearm/d07_f02.png'
16:12.680  render           | Saved: '/Users/mohammedkalouti/Documents/Codex/2026-09-27/i/work/art/aircraft-final-production-v3/stage/assets/build/frames/unit.IR.isr/team/rearm/d07_f02.png'
16:13.643  render           | Saved: '/Users/mohammedkalouti/Documents/Codex/2026-09-27/i/work/art/aircraft-final-production-v3/stage/assets/build/frames/unit.IR.isr/shadow/rearm/d07_f02.png'
16:14.208  render           | Saved: '/Users/mohammedkalouti/Documents/Codex/2026-09-27/i/work/art/aircraft-final-production-v3/stage/assets/build/frames/unit.IR.isr/beauty/rearm/d07_f03.png'
16:14.716  render           | Saved: '/Users/mohammedkalouti/Documents/Codex/2026-09-27/i/work/art/aircraft-final-production-v3/stage/assets/build/frames/unit.IR.isr/team/rearm/d07_f03.png'
16:15.653  render           | Saved: '/Users/mohammedkalouti/Documents/Codex/2026-09-27/i/work/art/aircraft-final-production-v3/stage/assets/build/frames/unit.IR.isr/shadow/rearm/d07_f03.png'
16:16.213  render           | Saved: '/Users/mohammedkalouti/Documents/Codex/2026-09-27/i/work/art/aircraft-final-production-v3/stage/assets/build/frames/unit.IR.isr/beauty/rearm/d07_f04.png'
16:16.732  render           | Saved: '/Users/mohammedkalouti/Documents/Codex/2026-09-27/i/work/art/aircraft-final-production-v3/stage/assets/build/frames/unit.IR.isr/team/rearm/d07_f04.png'
16:17.756  render           | Saved: '/Users/mohammedkalouti/Documents/Codex/2026-09-27/i/work/art/aircraft-final-production-v3/stage/assets/build/frames/unit.IR.isr/shadow/rearm/d07_f04.png'
16:18.441  render           | Saved: '/Users/mohammedkalouti/Documents/Codex/2026-09-27/i/work/art/aircraft-final-production-v3/stage/assets/build/frames/unit.IR.isr/beauty/rearm/d07_f05.png'
16:19.070  render           | Saved: '/Users/mohammedkalouti/Documents/Codex/2026-09-27/i/work/art/aircraft-final-production-v3/stage/assets/build/frames/unit.IR.isr/team/rearm/d07_f05.png'
16:20.276  render           | Saved: '/Users/mohammedkalouti/Documents/Codex/2026-09-27/i/work/art/aircraft-final-production-v3/stage/assets/build/frames/unit.IR.isr/shadow/rearm/d07_f05.png'
16:20.912  render           | Saved: '/Users/mohammedkalouti/Documents/Codex/2026-09-27/i/work/art/aircraft-final-production-v3/stage/assets/build/frames/unit.IR.isr/beauty/rearm/d08_f00.png'
16:21.484  render           | Saved: '/Users/mohammedkalouti/Documents/Codex/2026-09-27/i/work/art/aircraft-final-production-v3/stage/assets/build/frames/unit.IR.isr/team/rearm/d08_f00.png'
16:22.534  render           | Saved: '/Users/mohammedkalouti/Documents/Codex/2026-09-27/i/work/art/aircraft-final-production-v3/stage/assets/build/frames/unit.IR.isr/shadow/rearm/d08_f00.png'
16:23.222  render           | Saved: '/Users/mohammedkalouti/Documents/Codex/2026-09-27/i/work/art/aircraft-final-production-v3/stage/assets/build/frames/unit.IR.isr/beauty/rearm/d08_f01.png'
16:23.802  render           | Saved: '/Users/mohammedkalouti/Documents/Codex/2026-09-27/i/work/art/aircraft-final-production-v3/stage/assets/build/frames/unit.IR.isr/team/rearm/d08_f01.png'
16:24.821  render           | Saved: '/Users/mohammedkalouti/Documents/Codex/2026-09-27/i/work/art/aircraft-final-production-v3/stage/assets/build/frames/unit.IR.isr/shadow/rearm/d08_f01.png'
16:25.431  render           | Saved: '/Users/mohammedkalouti/Documents/Codex/2026-09-27/i/work/art/aircraft-final-production-v3/stage/assets/build/frames/unit.IR.isr/beauty/rearm/d08_f02.png'
16:26.138  render           | Saved: '/Users/mohammedkalouti/Documents/Codex/2026-09-27/i/work/art/aircraft-final-production-v3/stage/assets/build/frames/unit.IR.isr/team/rearm/d08_f02.png'
16:27.238  render           | Saved: '/Users/mohammedkalouti/Documents/Codex/2026-09-27/i/work/art/aircraft-final-production-v3/stage/assets/build/frames/unit.IR.isr/shadow/rearm/d08_f02.png'
16:27.844  render           | Saved: '/Users/mohammedkalouti/Documents/Codex/2026-09-27/i/work/art/aircraft-final-production-v3/stage/assets/build/frames/unit.IR.isr/beauty/rearm/d08_f03.png'
16:28.403  render           | Saved: '/Users/mohammedkalouti/Documents/Codex/2026-09-27/i/work/art/aircraft-final-production-v3/stage/assets/build/frames/unit.IR.isr/team/rearm/d08_f03.png'
16:29.332  render           | Saved: '/Users/mohammedkalouti/Documents/Codex/2026-09-27/i/work/art/aircraft-final-production-v3/stage/assets/build/frames/unit.IR.isr/shadow/rearm/d08_f03.png'
16:29.875  render           | Saved: '/Users/mohammedkalouti/Documents/Codex/2026-09-27/i/work/art/aircraft-final-production-v3/stage/assets/build/frames/unit.IR.isr/beauty/rearm/d08_f04.png'
16:30.376  render           | Saved: '/Users/mohammedkalouti/Documents/Codex/2026-09-27/i/work/art/aircraft-final-production-v3/stage/assets/build/frames/unit.IR.isr/team/rearm/d08_f04.png'
16:31.326  render           | Saved: '/Users/mohammedkalouti/Documents/Codex/2026-09-27/i/work/art/aircraft-final-production-v3/stage/assets/build/frames/unit.IR.isr/shadow/rearm/d08_f04.png'
16:31.908  render           | Saved: '/Users/mohammedkalouti/Documents/Codex/2026-09-27/i/work/art/aircraft-final-production-v3/stage/assets/build/frames/unit.IR.isr/beauty/rearm/d08_f05.png'
16:32.423  render           | Saved: '/Users/mohammedkalouti/Documents/Codex/2026-09-27/i/work/art/aircraft-final-production-v3/stage/assets/build/frames/unit.IR.isr/team/rearm/d08_f05.png'
16:33.350  render           | Saved: '/Users/mohammedkalouti/Documents/Codex/2026-09-27/i/work/art/aircraft-final-production-v3/stage/assets/build/frames/unit.IR.isr/shadow/rearm/d08_f05.png'
16:33.904  render           | Saved: '/Users/mohammedkalouti/Documents/Codex/2026-09-27/i/work/art/aircraft-final-production-v3/stage/assets/build/frames/unit.IR.isr/beauty/rearm/d09_f00.png'
16:34.419  render           | Saved: '/Users/mohammedkalouti/Documents/Codex/2026-09-27/i/work/art/aircraft-final-production-v3/stage/assets/build/frames/unit.IR.isr/team/rearm/d09_f00.png'
16:35.357  render           | Saved: '/Users/mohammedkalouti/Documents/Codex/2026-09-27/i/work/art/aircraft-final-production-v3/stage/assets/build/frames/unit.IR.isr/shadow/rearm/d09_f00.png'
16:35.919  render           | Saved: '/Users/mohammedkalouti/Documents/Codex/2026-09-27/i/work/art/aircraft-final-production-v3/stage/assets/build/frames/unit.IR.isr/beauty/rearm/d09_f01.png'
16:36.416  render           | Saved: '/Users/mohammedkalouti/Documents/Codex/2026-09-27/i/work/art/aircraft-final-production-v3/stage/assets/build/frames/unit.IR.isr/team/rearm/d09_f01.png'
16:37.346  render           | Saved: '/Users/mohammedkalouti/Documents/Codex/2026-09-27/i/work/art/aircraft-final-production-v3/stage/assets/build/frames/unit.IR.isr/shadow/rearm/d09_f01.png'
16:37.896  render           | Saved: '/Users/mohammedkalouti/Documents/Codex/2026-09-27/i/work/art/aircraft-final-production-v3/stage/assets/build/frames/unit.IR.isr/beauty/rearm/d09_f02.png'
16:38.384  render           | Saved: '/Users/mohammedkalouti/Documents/Codex/2026-09-27/i/work/art/aircraft-final-production-v3/stage/assets/build/frames/unit.IR.isr/team/rearm/d09_f02.png'
16:39.301  render           | Saved: '/Users/mohammedkalouti/Documents/Codex/2026-09-27/i/work/art/aircraft-final-production-v3/stage/assets/build/frames/unit.IR.isr/shadow/rearm/d09_f02.png'
16:39.887  render           | Saved: '/Users/mohammedkalouti/Documents/Codex/2026-09-27/i/work/art/aircraft-final-production-v3/stage/assets/build/frames/unit.IR.isr/beauty/rearm/d09_f03.png'
16:40.363  render           | Saved: '/Users/mohammedkalouti/Documents/Codex/2026-09-27/i/work/art/aircraft-final-production-v3/stage/assets/build/frames/unit.IR.isr/team/rearm/d09_f03.png'
16:41.288  render           | Saved: '/Users/mohammedkalouti/Documents/Codex/2026-09-27/i/work/art/aircraft-final-production-v3/stage/assets/build/frames/unit.IR.isr/shadow/rearm/d09_f03.png'
16:41.872  render           | Saved: '/Users/mohammedkalouti/Documents/Codex/2026-09-27/i/work/art/aircraft-final-production-v3/stage/assets/build/frames/unit.IR.isr/beauty/rearm/d09_f04.png'
16:42.383  render           | Saved: '/Users/mohammedkalouti/Documents/Codex/2026-09-27/i/work/art/aircraft-final-production-v3/stage/assets/build/frames/unit.IR.isr/team/rearm/d09_f04.png'
16:43.317  render           | Saved: '/Users/mohammedkalouti/Documents/Codex/2026-09-27/i/work/art/aircraft-final-production-v3/stage/assets/build/frames/unit.IR.isr/shadow/rearm/d09_f04.png'
16:43.873  render           | Saved: '/Users/mohammedkalouti/Documents/Codex/2026-09-27/i/work/art/aircraft-final-production-v3/stage/assets/build/frames/unit.IR.isr/beauty/rearm/d09_f05.png'
16:44.364  render           | Saved: '/Users/mohammedkalouti/Documents/Codex/2026-09-27/i/work/art/aircraft-final-production-v3/stage/assets/build/frames/unit.IR.isr/team/rearm/d09_f05.png'
16:45.271  render           | Saved: '/Users/mohammedkalouti/Documents/Codex/2026-09-27/i/work/art/aircraft-final-production-v3/stage/assets/build/frames/unit.IR.isr/shadow/rearm/d09_f05.png'
16:45.824  render           | Saved: '/Users/mohammedkalouti/Documents/Codex/2026-09-27/i/work/art/aircraft-final-production-v3/stage/assets/build/frames/unit.IR.isr/beauty/rearm/d10_f00.png'
16:46.324  render           | Saved: '/Users/mohammedkalouti/Documents/Codex/2026-09-27/i/work/art/aircraft-final-production-v3/stage/assets/build/frames/unit.IR.isr/team/rearm/d10_f00.png'
16:47.257  render           | Saved: '/Users/mohammedkalouti/Documents/Codex/2026-09-27/i/work/art/aircraft-final-production-v3/stage/assets/build/frames/unit.IR.isr/shadow/rearm/d10_f00.png'
16:47.799  render           | Saved: '/Users/mohammedkalouti/Documents/Codex/2026-09-27/i/work/art/aircraft-final-production-v3/stage/assets/build/frames/unit.IR.isr/beauty/rearm/d10_f01.png'
16:48.293  render           | Saved: '/Users/mohammedkalouti/Documents/Codex/2026-09-27/i/work/art/aircraft-final-production-v3/stage/assets/build/frames/unit.IR.isr/team/rearm/d10_f01.png'
16:49.219  render           | Saved: '/Users/mohammedkalouti/Documents/Codex/2026-09-27/i/work/art/aircraft-final-production-v3/stage/assets/build/frames/unit.IR.isr/shadow/rearm/d10_f01.png'
16:49.760  render           | Saved: '/Users/mohammedkalouti/Documents/Codex/2026-09-27/i/work/art/aircraft-final-production-v3/stage/assets/build/frames/unit.IR.isr/beauty/rearm/d10_f02.png'
16:50.247  render           | Saved: '/Users/mohammedkalouti/Documents/Codex/2026-09-27/i/work/art/aircraft-final-production-v3/stage/assets/build/frames/unit.IR.isr/team/rearm/d10_f02.png'
16:51.144  render           | Saved: '/Users/mohammedkalouti/Documents/Codex/2026-09-27/i/work/art/aircraft-final-production-v3/stage/assets/build/frames/unit.IR.isr/shadow/rearm/d10_f02.png'
16:51.685  render           | Saved: '/Users/mohammedkalouti/Documents/Codex/2026-09-27/i/work/art/aircraft-final-production-v3/stage/assets/build/frames/unit.IR.isr/beauty/rearm/d10_f03.png'
16:52.170  render           | Saved: '/Users/mohammedkalouti/Documents/Codex/2026-09-27/i/work/art/aircraft-final-production-v3/stage/assets/build/frames/unit.IR.isr/team/rearm/d10_f03.png'
16:53.088  render           | Saved: '/Users/mohammedkalouti/Documents/Codex/2026-09-27/i/work/art/aircraft-final-production-v3/stage/assets/build/frames/unit.IR.isr/shadow/rearm/d10_f03.png'
16:53.651  render           | Saved: '/Users/mohammedkalouti/Documents/Codex/2026-09-27/i/work/art/aircraft-final-production-v3/stage/assets/build/frames/unit.IR.isr/beauty/rearm/d10_f04.png'
16:54.155  render           | Saved: '/Users/mohammedkalouti/Documents/Codex/2026-09-27/i/work/art/aircraft-final-production-v3/stage/assets/build/frames/unit.IR.isr/team/rearm/d10_f04.png'
16:55.086  render           | Saved: '/Users/mohammedkalouti/Documents/Codex/2026-09-27/i/work/art/aircraft-final-production-v3/stage/assets/build/frames/unit.IR.isr/shadow/rearm/d10_f04.png'
16:55.627  render           | Saved: '/Users/mohammedkalouti/Documents/Codex/2026-09-27/i/work/art/aircraft-final-production-v3/stage/assets/build/frames/unit.IR.isr/beauty/rearm/d10_f05.png'
16:56.135  render           | Saved: '/Users/mohammedkalouti/Documents/Codex/2026-09-27/i/work/art/aircraft-final-production-v3/stage/assets/build/frames/unit.IR.isr/team/rearm/d10_f05.png'
16:57.072  render           | Saved: '/Users/mohammedkalouti/Documents/Codex/2026-09-27/i/work/art/aircraft-final-production-v3/stage/assets/build/frames/unit.IR.isr/shadow/rearm/d10_f05.png'
16:57.609  render           | Saved: '/Users/mohammedkalouti/Documents/Codex/2026-09-27/i/work/art/aircraft-final-production-v3/stage/assets/build/frames/unit.IR.isr/beauty/rearm/d11_f00.png'
16:58.089  render           | Saved: '/Users/mohammedkalouti/Documents/Codex/2026-09-27/i/work/art/aircraft-final-production-v3/stage/assets/build/frames/unit.IR.isr/team/rearm/d11_f00.png'
16:59.002  render           | Saved: '/Users/mohammedkalouti/Documents/Codex/2026-09-27/i/work/art/aircraft-final-production-v3/stage/assets/build/frames/unit.IR.isr/shadow/rearm/d11_f00.png'
16:59.546  render           | Saved: '/Users/mohammedkalouti/Documents/Codex/2026-09-27/i/work/art/aircraft-final-production-v3/stage/assets/build/frames/unit.IR.isr/beauty/rearm/d11_f01.png'
17:00.031  render           | Saved: '/Users/mohammedkalouti/Documents/Codex/2026-09-27/i/work/art/aircraft-final-production-v3/stage/assets/build/frames/unit.IR.isr/team/rearm/d11_f01.png'
17:00.951  render           | Saved: '/Users/mohammedkalouti/Documents/Codex/2026-09-27/i/work/art/aircraft-final-production-v3/stage/assets/build/frames/unit.IR.isr/shadow/rearm/d11_f01.png'
17:01.489  render           | Saved: '/Users/mohammedkalouti/Documents/Codex/2026-09-27/i/work/art/aircraft-final-production-v3/stage/assets/build/frames/unit.IR.isr/beauty/rearm/d11_f02.png'
17:02.010  render           | Saved: '/Users/mohammedkalouti/Documents/Codex/2026-09-27/i/work/art/aircraft-final-production-v3/stage/assets/build/frames/unit.IR.isr/team/rearm/d11_f02.png'
17:02.932  render           | Saved: '/Users/mohammedkalouti/Documents/Codex/2026-09-27/i/work/art/aircraft-final-production-v3/stage/assets/build/frames/unit.IR.isr/shadow/rearm/d11_f02.png'
17:03.499  render           | Saved: '/Users/mohammedkalouti/Documents/Codex/2026-09-27/i/work/art/aircraft-final-production-v3/stage/assets/build/frames/unit.IR.isr/beauty/rearm/d11_f03.png'
17:03.994  render           | Saved: '/Users/mohammedkalouti/Documents/Codex/2026-09-27/i/work/art/aircraft-final-production-v3/stage/assets/build/frames/unit.IR.isr/team/rearm/d11_f03.png'
17:04.933  render           | Saved: '/Users/mohammedkalouti/Documents/Codex/2026-09-27/i/work/art/aircraft-final-production-v3/stage/assets/build/frames/unit.IR.isr/shadow/rearm/d11_f03.png'
17:05.488  render           | Saved: '/Users/mohammedkalouti/Documents/Codex/2026-09-27/i/work/art/aircraft-final-production-v3/stage/assets/build/frames/unit.IR.isr/beauty/rearm/d11_f04.png'
17:06.005  render           | Saved: '/Users/mohammedkalouti/Documents/Codex/2026-09-27/i/work/art/aircraft-final-production-v3/stage/assets/build/frames/unit.IR.isr/team/rearm/d11_f04.png'
17:06.913  render           | Saved: '/Users/mohammedkalouti/Documents/Codex/2026-09-27/i/work/art/aircraft-final-production-v3/stage/assets/build/frames/unit.IR.isr/shadow/rearm/d11_f04.png'
17:07.456  render           | Saved: '/Users/mohammedkalouti/Documents/Codex/2026-09-27/i/work/art/aircraft-final-production-v3/stage/assets/build/frames/unit.IR.isr/beauty/rearm/d11_f05.png'
17:07.956  render           | Saved: '/Users/mohammedkalouti/Documents/Codex/2026-09-27/i/work/art/aircraft-final-production-v3/stage/assets/build/frames/unit.IR.isr/team/rearm/d11_f05.png'
17:08.900  render           | Saved: '/Users/mohammedkalouti/Documents/Codex/2026-09-27/i/work/art/aircraft-final-production-v3/stage/assets/build/frames/unit.IR.isr/shadow/rearm/d11_f05.png'
17:09.441  render           | Saved: '/Users/mohammedkalouti/Documents/Codex/2026-09-27/i/work/art/aircraft-final-production-v3/stage/assets/build/frames/unit.IR.isr/beauty/rearm/d12_f00.png'
17:09.921  render           | Saved: '/Users/mohammedkalouti/Documents/Codex/2026-09-27/i/work/art/aircraft-final-production-v3/stage/assets/build/frames/unit.IR.isr/team/rearm/d12_f00.png'
17:10.842  render           | Saved: '/Users/mohammedkalouti/Documents/Codex/2026-09-27/i/work/art/aircraft-final-production-v3/stage/assets/build/frames/unit.IR.isr/shadow/rearm/d12_f00.png'
17:11.435  render           | Saved: '/Users/mohammedkalouti/Documents/Codex/2026-09-27/i/work/art/aircraft-final-production-v3/stage/assets/build/frames/unit.IR.isr/beauty/rearm/d12_f01.png'
17:11.913  render           | Saved: '/Users/mohammedkalouti/Documents/Codex/2026-09-27/i/work/art/aircraft-final-production-v3/stage/assets/build/frames/unit.IR.isr/team/rearm/d12_f01.png'
17:12.828  render           | Saved: '/Users/mohammedkalouti/Documents/Codex/2026-09-27/i/work/art/aircraft-final-production-v3/stage/assets/build/frames/unit.IR.isr/shadow/rearm/d12_f01.png'
17:13.376  render           | Saved: '/Users/mohammedkalouti/Documents/Codex/2026-09-27/i/work/art/aircraft-final-production-v3/stage/assets/build/frames/unit.IR.isr/beauty/rearm/d12_f02.png'
17:13.866  render           | Saved: '/Users/mohammedkalouti/Documents/Codex/2026-09-27/i/work/art/aircraft-final-production-v3/stage/assets/build/frames/unit.IR.isr/team/rearm/d12_f02.png'
17:14.765  render           | Saved: '/Users/mohammedkalouti/Documents/Codex/2026-09-27/i/work/art/aircraft-final-production-v3/stage/assets/build/frames/unit.IR.isr/shadow/rearm/d12_f02.png'
17:15.350  render           | Saved: '/Users/mohammedkalouti/Documents/Codex/2026-09-27/i/work/art/aircraft-final-production-v3/stage/assets/build/frames/unit.IR.isr/beauty/rearm/d12_f03.png'
17:15.842  render           | Saved: '/Users/mohammedkalouti/Documents/Codex/2026-09-27/i/work/art/aircraft-final-production-v3/stage/assets/build/frames/unit.IR.isr/team/rearm/d12_f03.png'
17:16.767  render           | Saved: '/Users/mohammedkalouti/Documents/Codex/2026-09-27/i/work/art/aircraft-final-production-v3/stage/assets/build/frames/unit.IR.isr/shadow/rearm/d12_f03.png'
17:17.321  render           | Saved: '/Users/mohammedkalouti/Documents/Codex/2026-09-27/i/work/art/aircraft-final-production-v3/stage/assets/build/frames/unit.IR.isr/beauty/rearm/d12_f04.png'
17:17.825  render           | Saved: '/Users/mohammedkalouti/Documents/Codex/2026-09-27/i/work/art/aircraft-final-production-v3/stage/assets/build/frames/unit.IR.isr/team/rearm/d12_f04.png'
17:18.723  render           | Saved: '/Users/mohammedkalouti/Documents/Codex/2026-09-27/i/work/art/aircraft-final-production-v3/stage/assets/build/frames/unit.IR.isr/shadow/rearm/d12_f04.png'
17:19.293  render           | Saved: '/Users/mohammedkalouti/Documents/Codex/2026-09-27/i/work/art/aircraft-final-production-v3/stage/assets/build/frames/unit.IR.isr/beauty/rearm/d12_f05.png'
17:19.803  render           | Saved: '/Users/mohammedkalouti/Documents/Codex/2026-09-27/i/work/art/aircraft-final-production-v3/stage/assets/build/frames/unit.IR.isr/team/rearm/d12_f05.png'
17:20.715  render           | Saved: '/Users/mohammedkalouti/Documents/Codex/2026-09-27/i/work/art/aircraft-final-production-v3/stage/assets/build/frames/unit.IR.isr/shadow/rearm/d12_f05.png'
17:21.255  render           | Saved: '/Users/mohammedkalouti/Documents/Codex/2026-09-27/i/work/art/aircraft-final-production-v3/stage/assets/build/frames/unit.IR.isr/beauty/rearm/d13_f00.png'
17:21.749  render           | Saved: '/Users/mohammedkalouti/Documents/Codex/2026-09-27/i/work/art/aircraft-final-production-v3/stage/assets/build/frames/unit.IR.isr/team/rearm/d13_f00.png'
17:22.646  render           | Saved: '/Users/mohammedkalouti/Documents/Codex/2026-09-27/i/work/art/aircraft-final-production-v3/stage/assets/build/frames/unit.IR.isr/shadow/rearm/d13_f00.png'
17:23.189  render           | Saved: '/Users/mohammedkalouti/Documents/Codex/2026-09-27/i/work/art/aircraft-final-production-v3/stage/assets/build/frames/unit.IR.isr/beauty/rearm/d13_f01.png'
17:23.669  render           | Saved: '/Users/mohammedkalouti/Documents/Codex/2026-09-27/i/work/art/aircraft-final-production-v3/stage/assets/build/frames/unit.IR.isr/team/rearm/d13_f01.png'
17:24.617  render           | Saved: '/Users/mohammedkalouti/Documents/Codex/2026-09-27/i/work/art/aircraft-final-production-v3/stage/assets/build/frames/unit.IR.isr/shadow/rearm/d13_f01.png'
17:25.168  render           | Saved: '/Users/mohammedkalouti/Documents/Codex/2026-09-27/i/work/art/aircraft-final-production-v3/stage/assets/build/frames/unit.IR.isr/beauty/rearm/d13_f02.png'
17:25.668  render           | Saved: '/Users/mohammedkalouti/Documents/Codex/2026-09-27/i/work/art/aircraft-final-production-v3/stage/assets/build/frames/unit.IR.isr/team/rearm/d13_f02.png'
17:26.608  render           | Saved: '/Users/mohammedkalouti/Documents/Codex/2026-09-27/i/work/art/aircraft-final-production-v3/stage/assets/build/frames/unit.IR.isr/shadow/rearm/d13_f02.png'
17:27.161  render           | Saved: '/Users/mohammedkalouti/Documents/Codex/2026-09-27/i/work/art/aircraft-final-production-v3/stage/assets/build/frames/unit.IR.isr/beauty/rearm/d13_f03.png'
17:27.644  render           | Saved: '/Users/mohammedkalouti/Documents/Codex/2026-09-27/i/work/art/aircraft-final-production-v3/stage/assets/build/frames/unit.IR.isr/team/rearm/d13_f03.png'
17:28.569  render           | Saved: '/Users/mohammedkalouti/Documents/Codex/2026-09-27/i/work/art/aircraft-final-production-v3/stage/assets/build/frames/unit.IR.isr/shadow/rearm/d13_f03.png'
17:29.131  render           | Saved: '/Users/mohammedkalouti/Documents/Codex/2026-09-27/i/work/art/aircraft-final-production-v3/stage/assets/build/frames/unit.IR.isr/beauty/rearm/d13_f04.png'
17:29.636  render           | Saved: '/Users/mohammedkalouti/Documents/Codex/2026-09-27/i/work/art/aircraft-final-production-v3/stage/assets/build/frames/unit.IR.isr/team/rearm/d13_f04.png'
17:30.535  render           | Saved: '/Users/mohammedkalouti/Documents/Codex/2026-09-27/i/work/art/aircraft-final-production-v3/stage/assets/build/frames/unit.IR.isr/shadow/rearm/d13_f04.png'
17:31.107  render           | Saved: '/Users/mohammedkalouti/Documents/Codex/2026-09-27/i/work/art/aircraft-final-production-v3/stage/assets/build/frames/unit.IR.isr/beauty/rearm/d13_f05.png'
17:31.636  render           | Saved: '/Users/mohammedkalouti/Documents/Codex/2026-09-27/i/work/art/aircraft-final-production-v3/stage/assets/build/frames/unit.IR.isr/team/rearm/d13_f05.png'
17:32.598  render           | Saved: '/Users/mohammedkalouti/Documents/Codex/2026-09-27/i/work/art/aircraft-final-production-v3/stage/assets/build/frames/unit.IR.isr/shadow/rearm/d13_f05.png'
17:33.199  render           | Saved: '/Users/mohammedkalouti/Documents/Codex/2026-09-27/i/work/art/aircraft-final-production-v3/stage/assets/build/frames/unit.IR.isr/beauty/rearm/d14_f00.png'
17:33.719  render           | Saved: '/Users/mohammedkalouti/Documents/Codex/2026-09-27/i/work/art/aircraft-final-production-v3/stage/assets/build/frames/unit.IR.isr/team/rearm/d14_f00.png'
17:34.732  render           | Saved: '/Users/mohammedkalouti/Documents/Codex/2026-09-27/i/work/art/aircraft-final-production-v3/stage/assets/build/frames/unit.IR.isr/shadow/rearm/d14_f00.png'
17:35.348  render           | Saved: '/Users/mohammedkalouti/Documents/Codex/2026-09-27/i/work/art/aircraft-final-production-v3/stage/assets/build/frames/unit.IR.isr/beauty/rearm/d14_f01.png'
17:35.852  render           | Saved: '/Users/mohammedkalouti/Documents/Codex/2026-09-27/i/work/art/aircraft-final-production-v3/stage/assets/build/frames/unit.IR.isr/team/rearm/d14_f01.png'
17:36.760  render           | Saved: '/Users/mohammedkalouti/Documents/Codex/2026-09-27/i/work/art/aircraft-final-production-v3/stage/assets/build/frames/unit.IR.isr/shadow/rearm/d14_f01.png'
17:37.333  render           | Saved: '/Users/mohammedkalouti/Documents/Codex/2026-09-27/i/work/art/aircraft-final-production-v3/stage/assets/build/frames/unit.IR.isr/beauty/rearm/d14_f02.png'
17:37.833  render           | Saved: '/Users/mohammedkalouti/Documents/Codex/2026-09-27/i/work/art/aircraft-final-production-v3/stage/assets/build/frames/unit.IR.isr/team/rearm/d14_f02.png'
17:38.744  render           | Saved: '/Users/mohammedkalouti/Documents/Codex/2026-09-27/i/work/art/aircraft-final-production-v3/stage/assets/build/frames/unit.IR.isr/shadow/rearm/d14_f02.png'
17:39.321  render           | Saved: '/Users/mohammedkalouti/Documents/Codex/2026-09-27/i/work/art/aircraft-final-production-v3/stage/assets/build/frames/unit.IR.isr/beauty/rearm/d14_f03.png'
17:39.802  render           | Saved: '/Users/mohammedkalouti/Documents/Codex/2026-09-27/i/work/art/aircraft-final-production-v3/stage/assets/build/frames/unit.IR.isr/team/rearm/d14_f03.png'
17:40.691  render           | Saved: '/Users/mohammedkalouti/Documents/Codex/2026-09-27/i/work/art/aircraft-final-production-v3/stage/assets/build/frames/unit.IR.isr/shadow/rearm/d14_f03.png'
17:41.282  render           | Saved: '/Users/mohammedkalouti/Documents/Codex/2026-09-27/i/work/art/aircraft-final-production-v3/stage/assets/build/frames/unit.IR.isr/beauty/rearm/d14_f04.png'
17:41.784  render           | Saved: '/Users/mohammedkalouti/Documents/Codex/2026-09-27/i/work/art/aircraft-final-production-v3/stage/assets/build/frames/unit.IR.isr/team/rearm/d14_f04.png'
17:42.702  render           | Saved: '/Users/mohammedkalouti/Documents/Codex/2026-09-27/i/work/art/aircraft-final-production-v3/stage/assets/build/frames/unit.IR.isr/shadow/rearm/d14_f04.png'
17:43.254  render           | Saved: '/Users/mohammedkalouti/Documents/Codex/2026-09-27/i/work/art/aircraft-final-production-v3/stage/assets/build/frames/unit.IR.isr/beauty/rearm/d14_f05.png'
17:43.774  render           | Saved: '/Users/mohammedkalouti/Documents/Codex/2026-09-27/i/work/art/aircraft-final-production-v3/stage/assets/build/frames/unit.IR.isr/team/rearm/d14_f05.png'
17:44.709  render           | Saved: '/Users/mohammedkalouti/Documents/Codex/2026-09-27/i/work/art/aircraft-final-production-v3/stage/assets/build/frames/unit.IR.isr/shadow/rearm/d14_f05.png'
17:45.256  render           | Saved: '/Users/mohammedkalouti/Documents/Codex/2026-09-27/i/work/art/aircraft-final-production-v3/stage/assets/build/frames/unit.IR.isr/beauty/rearm/d15_f00.png'
17:45.741  render           | Saved: '/Users/mohammedkalouti/Documents/Codex/2026-09-27/i/work/art/aircraft-final-production-v3/stage/assets/build/frames/unit.IR.isr/team/rearm/d15_f00.png'
17:46.664  render           | Saved: '/Users/mohammedkalouti/Documents/Codex/2026-09-27/i/work/art/aircraft-final-production-v3/stage/assets/build/frames/unit.IR.isr/shadow/rearm/d15_f00.png'
17:47.206  render           | Saved: '/Users/mohammedkalouti/Documents/Codex/2026-09-27/i/work/art/aircraft-final-production-v3/stage/assets/build/frames/unit.IR.isr/beauty/rearm/d15_f01.png'
17:47.683  render           | Saved: '/Users/mohammedkalouti/Documents/Codex/2026-09-27/i/work/art/aircraft-final-production-v3/stage/assets/build/frames/unit.IR.isr/team/rearm/d15_f01.png'
17:48.612  render           | Saved: '/Users/mohammedkalouti/Documents/Codex/2026-09-27/i/work/art/aircraft-final-production-v3/stage/assets/build/frames/unit.IR.isr/shadow/rearm/d15_f01.png'
17:49.176  render           | Saved: '/Users/mohammedkalouti/Documents/Codex/2026-09-27/i/work/art/aircraft-final-production-v3/stage/assets/build/frames/unit.IR.isr/beauty/rearm/d15_f02.png'
17:49.650  render           | Saved: '/Users/mohammedkalouti/Documents/Codex/2026-09-27/i/work/art/aircraft-final-production-v3/stage/assets/build/frames/unit.IR.isr/team/rearm/d15_f02.png'
17:50.551  render           | Saved: '/Users/mohammedkalouti/Documents/Codex/2026-09-27/i/work/art/aircraft-final-production-v3/stage/assets/build/frames/unit.IR.isr/shadow/rearm/d15_f02.png'
17:51.090  render           | Saved: '/Users/mohammedkalouti/Documents/Codex/2026-09-27/i/work/art/aircraft-final-production-v3/stage/assets/build/frames/unit.IR.isr/beauty/rearm/d15_f03.png'
17:51.571  render           | Saved: '/Users/mohammedkalouti/Documents/Codex/2026-09-27/i/work/art/aircraft-final-production-v3/stage/assets/build/frames/unit.IR.isr/team/rearm/d15_f03.png'
17:52.479  render           | Saved: '/Users/mohammedkalouti/Documents/Codex/2026-09-27/i/work/art/aircraft-final-production-v3/stage/assets/build/frames/unit.IR.isr/shadow/rearm/d15_f03.png'
17:53.022  render           | Saved: '/Users/mohammedkalouti/Documents/Codex/2026-09-27/i/work/art/aircraft-final-production-v3/stage/assets/build/frames/unit.IR.isr/beauty/rearm/d15_f04.png'
17:53.503  render           | Saved: '/Users/mohammedkalouti/Documents/Codex/2026-09-27/i/work/art/aircraft-final-production-v3/stage/assets/build/frames/unit.IR.isr/team/rearm/d15_f04.png'
17:54.482  render           | Saved: '/Users/mohammedkalouti/Documents/Codex/2026-09-27/i/work/art/aircraft-final-production-v3/stage/assets/build/frames/unit.IR.isr/shadow/rearm/d15_f04.png'
17:55.056  render           | Saved: '/Users/mohammedkalouti/Documents/Codex/2026-09-27/i/work/art/aircraft-final-production-v3/stage/assets/build/frames/unit.IR.isr/beauty/rearm/d15_f05.png'
17:55.580  render           | Saved: '/Users/mohammedkalouti/Documents/Codex/2026-09-27/i/work/art/aircraft-final-production-v3/stage/assets/build/frames/unit.IR.isr/team/rearm/d15_f05.png'
17:56.513  render           | Saved: '/Users/mohammedkalouti/Documents/Codex/2026-09-27/i/work/art/aircraft-final-production-v3/stage/assets/build/frames/unit.IR.isr/shadow/rearm/d15_f05.png'
Info: Saved as "unit.IR.isr.blend"
FC_REUSED_POSES unit.IR.isr poses=0
FC_RENDER_DONE unit.IR.isr poses=512 seconds=1076.2
Blender 5.2.2 LTS (hash d13f752e3b9c built 2026-09-15 01:49:19)

Blender quit
