00:01.156  render           | Saved: '/Users/mohammedkalouti/Documents/Codex/2026-09-27/i/work/art/aircraft-final-production-v3/stage/assets/build/frames/unit.SA.gunship/beauty/hover/d00_f00.png'
00:01.712  render           | Saved: '/Users/mohammedkalouti/Documents/Codex/2026-09-27/i/work/art/aircraft-final-production-v3/stage/assets/build/frames/unit.SA.gunship/team/hover/d00_f00.png'
00:02.024  render           | Saved: '/var/folders/n4/43n_jxh10gg3s770b_8jbzb80000gn/T/fc-team-coverage-xau6ol8u.png'
00:03.156  render           | Saved: '/Users/mohammedkalouti/Documents/Codex/2026-09-27/i/work/art/aircraft-final-production-v3/stage/assets/build/frames/unit.SA.gunship/shadow/hover/d00_f00.png'
00:03.854  render           | Saved: '/Users/mohammedkalouti/Documents/Codex/2026-09-27/i/work/art/aircraft-final-production-v3/stage/assets/build/frames/unit.SA.gunship/beauty/hover/d00_f01.png'
00:04.540  render           | Saved: '/Users/mohammedkalouti/Documents/Codex/2026-09-27/i/work/art/aircraft-final-production-v3/stage/assets/build/frames/unit.SA.gunship/team/hover/d00_f01.png'
00:04.887  render           | Saved: '/var/folders/n4/43n_jxh10gg3s770b_8jbzb80000gn/T/fc-team-coverage-t_ozydmx.png'
00:06.060  render           | Saved: '/Users/mohammedkalouti/Documents/Codex/2026-09-27/i/work/art/aircraft-final-production-v3/stage/assets/build/frames/unit.SA.gunship/shadow/hover/d00_f01.png'
00:06.777  render           | Saved: '/Users/mohammedkalouti/Documents/Codex/2026-09-27/i/work/art/aircraft-final-production-v3/stage/assets/build/frames/unit.SA.gunship/beauty/hover/d00_f02.png'
00:07.344  render           | Saved: '/Users/mohammedkalouti/Documents/Codex/2026-09-27/i/work/art/aircraft-final-production-v3/stage/assets/build/frames/unit.SA.gunship/team/hover/d00_f02.png'
00:07.659  render           | Saved: '/var/folders/n4/43n_jxh10gg3s770b_8jbzb80000gn/T/fc-team-coverage-4l6ziuv9.png'
00:09.012  render           | Saved: '/Users/mohammedkalouti/Documents/Codex/2026-09-27/i/work/art/aircraft-final-production-v3/stage/assets/build/frames/unit.SA.gunship/shadow/hover/d00_f02.png'
00:09.778  render           | Saved: '/Users/mohammedkalouti/Documents/Codex/2026-09-27/i/work/art/aircraft-final-production-v3/stage/assets/build/frames/unit.SA.gunship/beauty/hover/d00_f03.png'
00:10.363  render           | Saved: '/Users/mohammedkalouti/Documents/Codex/2026-09-27/i/work/art/aircraft-final-production-v3/stage/assets/build/frames/unit.SA.gunship/team/hover/d00_f03.png'
00:10.654  render           | Saved: '/var/folders/n4/43n_jxh10gg3s770b_8jbzb80000gn/T/fc-team-coverage-b95coddc.png'
00:11.743  render           | Saved: '/Users/mohammedkalouti/Documents/Codex/2026-09-27/i/work/art/aircraft-final-production-v3/stage/assets/build/frames/unit.SA.gunship/shadow/hover/d00_f03.png'
00:12.443  render           | Saved: '/Users/mohammedkalouti/Documents/Codex/2026-09-27/i/work/art/aircraft-final-production-v3/stage/assets/build/frames/unit.SA.gunship/beauty/hover/d01_f00.png'
00:12.982  render           | Saved: '/Users/mohammedkalouti/Documents/Codex/2026-09-27/i/work/art/aircraft-final-production-v3/stage/assets/build/frames/unit.SA.gunship/team/hover/d01_f00.png'
00:13.261  render           | Saved: '/var/folders/n4/43n_jxh10gg3s770b_8jbzb80000gn/T/fc-team-coverage-rd1qza8v.png'
00:14.552  render           | Saved: '/Users/mohammedkalouti/Documents/Codex/2026-09-27/i/work/art/aircraft-final-production-v3/stage/assets/build/frames/unit.SA.gunship/shadow/hover/d01_f00.png'
00:15.441  render           | Saved: '/Users/mohammedkalouti/Documents/Codex/2026-09-27/i/work/art/aircraft-final-production-v3/stage/assets/build/frames/unit.SA.gunship/beauty/hover/d01_f01.png'
00:16.193  render           | Saved: '/Users/mohammedkalouti/Documents/Codex/2026-09-27/i/work/art/aircraft-final-production-v3/stage/assets/build/frames/unit.SA.gunship/team/hover/d01_f01.png'
00:16.585  render           | Saved: '/var/folders/n4/43n_jxh10gg3s770b_8jbzb80000gn/T/fc-team-coverage-qsznabf2.png'
00:17.703  render           | Saved: '/Users/mohammedkalouti/Documents/Codex/2026-09-27/i/work/art/aircraft-final-production-v3/stage/assets/build/frames/unit.SA.gunship/shadow/hover/d01_f01.png'
00:18.437  render           | Saved: '/Users/mohammedkalouti/Documents/Codex/2026-09-27/i/work/art/aircraft-final-production-v3/stage/assets/build/frames/unit.SA.gunship/beauty/hover/d01_f02.png'
00:18.998  render           | Saved: '/Users/mohammedkalouti/Documents/Codex/2026-09-27/i/work/art/aircraft-final-production-v3/stage/assets/build/frames/unit.SA.gunship/team/hover/d01_f02.png'
00:19.286  render           | Saved: '/var/folders/n4/43n_jxh10gg3s770b_8jbzb80000gn/T/fc-team-coverage-biddhk9x.png'
00:20.318  render           | Saved: '/Users/mohammedkalouti/Documents/Codex/2026-09-27/i/work/art/aircraft-final-production-v3/stage/assets/build/frames/unit.SA.gunship/shadow/hover/d01_f02.png'
00:21.026  render           | Saved: '/Users/mohammedkalouti/Documents/Codex/2026-09-27/i/work/art/aircraft-final-production-v3/stage/assets/build/frames/unit.SA.gunship/beauty/hover/d01_f03.png'
00:21.562  render           | Saved: '/Users/mohammedkalouti/Documents/Codex/2026-09-27/i/work/art/aircraft-final-production-v3/stage/assets/build/frames/unit.SA.gunship/team/hover/d01_f03.png'
00:21.841  render           | Saved: '/var/folders/n4/43n_jxh10gg3s770b_8jbzb80000gn/T/fc-team-coverage-a81xgmbg.png'
00:22.831  render           | Saved: '/Users/mohammedkalouti/Documents/Codex/2026-09-27/i/work/art/aircraft-final-production-v3/stage/assets/build/frames/unit.SA.gunship/shadow/hover/d01_f03.png'
00:23.529  render           | Saved: '/Users/mohammedkalouti/Documents/Codex/2026-09-27/i/work/art/aircraft-final-production-v3/stage/assets/build/frames/unit.SA.gunship/beauty/hover/d02_f00.png'
00:24.074  render           | Saved: '/Users/mohammedkalouti/Documents/Codex/2026-09-27/i/work/art/aircraft-final-production-v3/stage/assets/build/frames/unit.SA.gunship/team/hover/d02_f00.png'
00:24.339  render           | Saved: '/var/folders/n4/43n_jxh10gg3s770b_8jbzb80000gn/T/fc-team-coverage-soo6u_dt.png'
00:25.340  render           | Saved: '/Users/mohammedkalouti/Documents/Codex/2026-09-27/i/work/art/aircraft-final-production-v3/stage/assets/build/frames/unit.SA.gunship/shadow/hover/d02_f00.png'
00:26.053  render           | Saved: '/Users/mohammedkalouti/Documents/Codex/2026-09-27/i/work/art/aircraft-final-production-v3/stage/assets/build/frames/unit.SA.gunship/beauty/hover/d02_f01.png'
00:26.591  render           | Saved: '/Users/mohammedkalouti/Documents/Codex/2026-09-27/i/work/art/aircraft-final-production-v3/stage/assets/build/frames/unit.SA.gunship/team/hover/d02_f01.png'
00:26.860  render           | Saved: '/var/folders/n4/43n_jxh10gg3s770b_8jbzb80000gn/T/fc-team-coverage-bzdnwt7x.png'
00:27.859  render           | Saved: '/Users/mohammedkalouti/Documents/Codex/2026-09-27/i/work/art/aircraft-final-production-v3/stage/assets/build/frames/unit.SA.gunship/shadow/hover/d02_f01.png'
00:28.565  render           | Saved: '/Users/mohammedkalouti/Documents/Codex/2026-09-27/i/work/art/aircraft-final-production-v3/stage/assets/build/frames/unit.SA.gunship/beauty/hover/d02_f02.png'
00:29.102  render           | Saved: '/Users/mohammedkalouti/Documents/Codex/2026-09-27/i/work/art/aircraft-final-production-v3/stage/assets/build/frames/unit.SA.gunship/team/hover/d02_f02.png'
00:29.353  render           | Saved: '/var/folders/n4/43n_jxh10gg3s770b_8jbzb80000gn/T/fc-team-coverage-2zmj8x2i.png'
00:30.339  render           | Saved: '/Users/mohammedkalouti/Documents/Codex/2026-09-27/i/work/art/aircraft-final-production-v3/stage/assets/build/frames/unit.SA.gunship/shadow/hover/d02_f02.png'
00:31.039  render           | Saved: '/Users/mohammedkalouti/Documents/Codex/2026-09-27/i/work/art/aircraft-final-production-v3/stage/assets/build/frames/unit.SA.gunship/beauty/hover/d02_f03.png'
00:31.565  render           | Saved: '/Users/mohammedkalouti/Documents/Codex/2026-09-27/i/work/art/aircraft-final-production-v3/stage/assets/build/frames/unit.SA.gunship/team/hover/d02_f03.png'
00:31.836  render           | Saved: '/var/folders/n4/43n_jxh10gg3s770b_8jbzb80000gn/T/fc-team-coverage-y5p5znyt.png'
00:32.824  render           | Saved: '/Users/mohammedkalouti/Documents/Codex/2026-09-27/i/work/art/aircraft-final-production-v3/stage/assets/build/frames/unit.SA.gunship/shadow/hover/d02_f03.png'
00:33.541  render           | Saved: '/Users/mohammedkalouti/Documents/Codex/2026-09-27/i/work/art/aircraft-final-production-v3/stage/assets/build/frames/unit.SA.gunship/beauty/hover/d03_f00.png'
00:34.077  render           | Saved: '/Users/mohammedkalouti/Documents/Codex/2026-09-27/i/work/art/aircraft-final-production-v3/stage/assets/build/frames/unit.SA.gunship/team/hover/d03_f00.png'
00:34.349  render           | Saved: '/var/folders/n4/43n_jxh10gg3s770b_8jbzb80000gn/T/fc-team-coverage-ytrlkyur.png'
00:35.404  render           | Saved: '/Users/mohammedkalouti/Documents/Codex/2026-09-27/i/work/art/aircraft-final-production-v3/stage/assets/build/frames/unit.SA.gunship/shadow/hover/d03_f00.png'
00:36.134  render           | Saved: '/Users/mohammedkalouti/Documents/Codex/2026-09-27/i/work/art/aircraft-final-production-v3/stage/assets/build/frames/unit.SA.gunship/beauty/hover/d03_f01.png'
00:36.669  render           | Saved: '/Users/mohammedkalouti/Documents/Codex/2026-09-27/i/work/art/aircraft-final-production-v3/stage/assets/build/frames/unit.SA.gunship/team/hover/d03_f01.png'
00:36.943  render           | Saved: '/var/folders/n4/43n_jxh10gg3s770b_8jbzb80000gn/T/fc-team-coverage-y9sfboda.png'
00:37.986  render           | Saved: '/Users/mohammedkalouti/Documents/Codex/2026-09-27/i/work/art/aircraft-final-production-v3/stage/assets/build/frames/unit.SA.gunship/shadow/hover/d03_f01.png'
00:38.779  render           | Saved: '/Users/mohammedkalouti/Documents/Codex/2026-09-27/i/work/art/aircraft-final-production-v3/stage/assets/build/frames/unit.SA.gunship/beauty/hover/d03_f02.png'
00:39.318  render           | Saved: '/Users/mohammedkalouti/Documents/Codex/2026-09-27/i/work/art/aircraft-final-production-v3/stage/assets/build/frames/unit.SA.gunship/team/hover/d03_f02.png'
00:39.631  render           | Saved: '/var/folders/n4/43n_jxh10gg3s770b_8jbzb80000gn/T/fc-team-coverage-zlv91owe.png'
00:40.567  render           | Saved: '/Users/mohammedkalouti/Documents/Codex/2026-09-27/i/work/art/aircraft-final-production-v3/stage/assets/build/frames/unit.SA.gunship/shadow/hover/d03_f02.png'
00:41.230  render           | Saved: '/Users/mohammedkalouti/Documents/Codex/2026-09-27/i/work/art/aircraft-final-production-v3/stage/assets/build/frames/unit.SA.gunship/beauty/hover/d03_f03.png'
00:41.735  render           | Saved: '/Users/mohammedkalouti/Documents/Codex/2026-09-27/i/work/art/aircraft-final-production-v3/stage/assets/build/frames/unit.SA.gunship/team/hover/d03_f03.png'
00:42.008  render           | Saved: '/var/folders/n4/43n_jxh10gg3s770b_8jbzb80000gn/T/fc-team-coverage-sw8ac3fp.png'
00:42.927  render           | Saved: '/Users/mohammedkalouti/Documents/Codex/2026-09-27/i/work/art/aircraft-final-production-v3/stage/assets/build/frames/unit.SA.gunship/shadow/hover/d03_f03.png'
00:43.588  render           | Saved: '/Users/mohammedkalouti/Documents/Codex/2026-09-27/i/work/art/aircraft-final-production-v3/stage/assets/build/frames/unit.SA.gunship/beauty/hover/d04_f00.png'
00:44.096  render           | Saved: '/Users/mohammedkalouti/Documents/Codex/2026-09-27/i/work/art/aircraft-final-production-v3/stage/assets/build/frames/unit.SA.gunship/team/hover/d04_f00.png'
00:44.365  render           | Saved: '/var/folders/n4/43n_jxh10gg3s770b_8jbzb80000gn/T/fc-team-coverage-3jhef2kk.png'
00:45.308  render           | Saved: '/Users/mohammedkalouti/Documents/Codex/2026-09-27/i/work/art/aircraft-final-production-v3/stage/assets/build/frames/unit.SA.gunship/shadow/hover/d04_f00.png'
00:45.971  render           | Saved: '/Users/mohammedkalouti/Documents/Codex/2026-09-27/i/work/art/aircraft-final-production-v3/stage/assets/build/frames/unit.SA.gunship/beauty/hover/d04_f01.png'
00:46.505  render           | Saved: '/Users/mohammedkalouti/Documents/Codex/2026-09-27/i/work/art/aircraft-final-production-v3/stage/assets/build/frames/unit.SA.gunship/team/hover/d04_f01.png'
00:46.775  render           | Saved: '/var/folders/n4/43n_jxh10gg3s770b_8jbzb80000gn/T/fc-team-coverage-dy8d3mo4.png'
00:47.694  render           | Saved: '/Users/mohammedkalouti/Documents/Codex/2026-09-27/i/work/art/aircraft-final-production-v3/stage/assets/build/frames/unit.SA.gunship/shadow/hover/d04_f01.png'
00:48.374  render           | Saved: '/Users/mohammedkalouti/Documents/Codex/2026-09-27/i/work/art/aircraft-final-production-v3/stage/assets/build/frames/unit.SA.gunship/beauty/hover/d04_f02.png'
00:48.868  render           | Saved: '/Users/mohammedkalouti/Documents/Codex/2026-09-27/i/work/art/aircraft-final-production-v3/stage/assets/build/frames/unit.SA.gunship/team/hover/d04_f02.png'
00:49.136  render           | Saved: '/var/folders/n4/43n_jxh10gg3s770b_8jbzb80000gn/T/fc-team-coverage-4oryxdbq.png'
00:50.060  render           | Saved: '/Users/mohammedkalouti/Documents/Codex/2026-09-27/i/work/art/aircraft-final-production-v3/stage/assets/build/frames/unit.SA.gunship/shadow/hover/d04_f02.png'
00:50.756  render           | Saved: '/Users/mohammedkalouti/Documents/Codex/2026-09-27/i/work/art/aircraft-final-production-v3/stage/assets/build/frames/unit.SA.gunship/beauty/hover/d04_f03.png'
00:51.256  render           | Saved: '/Users/mohammedkalouti/Documents/Codex/2026-09-27/i/work/art/aircraft-final-production-v3/stage/assets/build/frames/unit.SA.gunship/team/hover/d04_f03.png'
00:51.523  render           | Saved: '/var/folders/n4/43n_jxh10gg3s770b_8jbzb80000gn/T/fc-team-coverage-d0ske34c.png'
00:52.429  render           | Saved: '/Users/mohammedkalouti/Documents/Codex/2026-09-27/i/work/art/aircraft-final-production-v3/stage/assets/build/frames/unit.SA.gunship/shadow/hover/d04_f03.png'
00:53.096  render           | Saved: '/Users/mohammedkalouti/Documents/Codex/2026-09-27/i/work/art/aircraft-final-production-v3/stage/assets/build/frames/unit.SA.gunship/beauty/hover/d05_f00.png'
00:53.610  render           | Saved: '/Users/mohammedkalouti/Documents/Codex/2026-09-27/i/work/art/aircraft-final-production-v3/stage/assets/build/frames/unit.SA.gunship/team/hover/d05_f00.png'
00:53.875  render           | Saved: '/var/folders/n4/43n_jxh10gg3s770b_8jbzb80000gn/T/fc-team-coverage-n_rtzo07.png'
00:54.794  render           | Saved: '/Users/mohammedkalouti/Documents/Codex/2026-09-27/i/work/art/aircraft-final-production-v3/stage/assets/build/frames/unit.SA.gunship/shadow/hover/d05_f00.png'
00:55.468  render           | Saved: '/Users/mohammedkalouti/Documents/Codex/2026-09-27/i/work/art/aircraft-final-production-v3/stage/assets/build/frames/unit.SA.gunship/beauty/hover/d05_f01.png'
00:55.976  render           | Saved: '/Users/mohammedkalouti/Documents/Codex/2026-09-27/i/work/art/aircraft-final-production-v3/stage/assets/build/frames/unit.SA.gunship/team/hover/d05_f01.png'
00:56.241  render           | Saved: '/var/folders/n4/43n_jxh10gg3s770b_8jbzb80000gn/T/fc-team-coverage-ifka23hw.png'
00:57.143  render           | Saved: '/Users/mohammedkalouti/Documents/Codex/2026-09-27/i/work/art/aircraft-final-production-v3/stage/assets/build/frames/unit.SA.gunship/shadow/hover/d05_f01.png'
00:57.809  render           | Saved: '/Users/mohammedkalouti/Documents/Codex/2026-09-27/i/work/art/aircraft-final-production-v3/stage/assets/build/frames/unit.SA.gunship/beauty/hover/d05_f02.png'
00:58.330  render           | Saved: '/Users/mohammedkalouti/Documents/Codex/2026-09-27/i/work/art/aircraft-final-production-v3/stage/assets/build/frames/unit.SA.gunship/team/hover/d05_f02.png'
00:58.610  render           | Saved: '/var/folders/n4/43n_jxh10gg3s770b_8jbzb80000gn/T/fc-team-coverage-q9d_zle4.png'
00:59.519  render           | Saved: '/Users/mohammedkalouti/Documents/Codex/2026-09-27/i/work/art/aircraft-final-production-v3/stage/assets/build/frames/unit.SA.gunship/shadow/hover/d05_f02.png'
01:00.213  render           | Saved: '/Users/mohammedkalouti/Documents/Codex/2026-09-27/i/work/art/aircraft-final-production-v3/stage/assets/build/frames/unit.SA.gunship/beauty/hover/d05_f03.png'
01:00.715  render           | Saved: '/Users/mohammedkalouti/Documents/Codex/2026-09-27/i/work/art/aircraft-final-production-v3/stage/assets/build/frames/unit.SA.gunship/team/hover/d05_f03.png'
01:01.001  render           | Saved: '/var/folders/n4/43n_jxh10gg3s770b_8jbzb80000gn/T/fc-team-coverage-4cj3fnaf.png'
01:01.896  render           | Saved: '/Users/mohammedkalouti/Documents/Codex/2026-09-27/i/work/art/aircraft-final-production-v3/stage/assets/build/frames/unit.SA.gunship/shadow/hover/d05_f03.png'
01:02.568  render           | Saved: '/Users/mohammedkalouti/Documents/Codex/2026-09-27/i/work/art/aircraft-final-production-v3/stage/assets/build/frames/unit.SA.gunship/beauty/hover/d06_f00.png'
01:03.068  render           | Saved: '/Users/mohammedkalouti/Documents/Codex/2026-09-27/i/work/art/aircraft-final-production-v3/stage/assets/build/frames/unit.SA.gunship/team/hover/d06_f00.png'
01:03.332  render           | Saved: '/var/folders/n4/43n_jxh10gg3s770b_8jbzb80000gn/T/fc-team-coverage-r8v4kaba.png'
01:04.246  render           | Saved: '/Users/mohammedkalouti/Documents/Codex/2026-09-27/i/work/art/aircraft-final-production-v3/stage/assets/build/frames/unit.SA.gunship/shadow/hover/d06_f00.png'
01:04.903  render           | Saved: '/Users/mohammedkalouti/Documents/Codex/2026-09-27/i/work/art/aircraft-final-production-v3/stage/assets/build/frames/unit.SA.gunship/beauty/hover/d06_f01.png'
01:05.421  render           | Saved: '/Users/mohammedkalouti/Documents/Codex/2026-09-27/i/work/art/aircraft-final-production-v3/stage/assets/build/frames/unit.SA.gunship/team/hover/d06_f01.png'
01:05.686  render           | Saved: '/var/folders/n4/43n_jxh10gg3s770b_8jbzb80000gn/T/fc-team-coverage-bbueksnt.png'
01:06.601  render           | Saved: '/Users/mohammedkalouti/Documents/Codex/2026-09-27/i/work/art/aircraft-final-production-v3/stage/assets/build/frames/unit.SA.gunship/shadow/hover/d06_f01.png'
01:07.267  render           | Saved: '/Users/mohammedkalouti/Documents/Codex/2026-09-27/i/work/art/aircraft-final-production-v3/stage/assets/build/frames/unit.SA.gunship/beauty/hover/d06_f02.png'
01:07.754  render           | Saved: '/Users/mohammedkalouti/Documents/Codex/2026-09-27/i/work/art/aircraft-final-production-v3/stage/assets/build/frames/unit.SA.gunship/team/hover/d06_f02.png'
01:08.014  render           | Saved: '/var/folders/n4/43n_jxh10gg3s770b_8jbzb80000gn/T/fc-team-coverage-5l90o98m.png'
01:08.932  render           | Saved: '/Users/mohammedkalouti/Documents/Codex/2026-09-27/i/work/art/aircraft-final-production-v3/stage/assets/build/frames/unit.SA.gunship/shadow/hover/d06_f02.png'
01:09.612  render           | Saved: '/Users/mohammedkalouti/Documents/Codex/2026-09-27/i/work/art/aircraft-final-production-v3/stage/assets/build/frames/unit.SA.gunship/beauty/hover/d06_f03.png'
01:10.110  render           | Saved: '/Users/mohammedkalouti/Documents/Codex/2026-09-27/i/work/art/aircraft-final-production-v3/stage/assets/build/frames/unit.SA.gunship/team/hover/d06_f03.png'
01:10.373  render           | Saved: '/var/folders/n4/43n_jxh10gg3s770b_8jbzb80000gn/T/fc-team-coverage-a45663zz.png'
01:11.463  render           | Saved: '/Users/mohammedkalouti/Documents/Codex/2026-09-27/i/work/art/aircraft-final-production-v3/stage/assets/build/frames/unit.SA.gunship/shadow/hover/d06_f03.png'
01:12.179  render           | Saved: '/Users/mohammedkalouti/Documents/Codex/2026-09-27/i/work/art/aircraft-final-production-v3/stage/assets/build/frames/unit.SA.gunship/beauty/hover/d07_f00.png'
01:12.680  render           | Saved: '/Users/mohammedkalouti/Documents/Codex/2026-09-27/i/work/art/aircraft-final-production-v3/stage/assets/build/frames/unit.SA.gunship/team/hover/d07_f00.png'
01:12.955  render           | Saved: '/var/folders/n4/43n_jxh10gg3s770b_8jbzb80000gn/T/fc-team-coverage-u0pauyjz.png'
01:13.857  render           | Saved: '/Users/mohammedkalouti/Documents/Codex/2026-09-27/i/work/art/aircraft-final-production-v3/stage/assets/build/frames/unit.SA.gunship/shadow/hover/d07_f00.png'
01:14.522  render           | Saved: '/Users/mohammedkalouti/Documents/Codex/2026-09-27/i/work/art/aircraft-final-production-v3/stage/assets/build/frames/unit.SA.gunship/beauty/hover/d07_f01.png'
01:15.015  render           | Saved: '/Users/mohammedkalouti/Documents/Codex/2026-09-27/i/work/art/aircraft-final-production-v3/stage/assets/build/frames/unit.SA.gunship/team/hover/d07_f01.png'
01:15.282  render           | Saved: '/var/folders/n4/43n_jxh10gg3s770b_8jbzb80000gn/T/fc-team-coverage-jscuz0p3.png'
01:16.182  render           | Saved: '/Users/mohammedkalouti/Documents/Codex/2026-09-27/i/work/art/aircraft-final-production-v3/stage/assets/build/frames/unit.SA.gunship/shadow/hover/d07_f01.png'
01:16.831  render           | Saved: '/Users/mohammedkalouti/Documents/Codex/2026-09-27/i/work/art/aircraft-final-production-v3/stage/assets/build/frames/unit.SA.gunship/beauty/hover/d07_f02.png'
01:17.331  render           | Saved: '/Users/mohammedkalouti/Documents/Codex/2026-09-27/i/work/art/aircraft-final-production-v3/stage/assets/build/frames/unit.SA.gunship/team/hover/d07_f02.png'
01:17.602  render           | Saved: '/var/folders/n4/43n_jxh10gg3s770b_8jbzb80000gn/T/fc-team-coverage-9ko0jlxp.png'
01:18.515  render           | Saved: '/Users/mohammedkalouti/Documents/Codex/2026-09-27/i/work/art/aircraft-final-production-v3/stage/assets/build/frames/unit.SA.gunship/shadow/hover/d07_f02.png'
01:19.209  render           | Saved: '/Users/mohammedkalouti/Documents/Codex/2026-09-27/i/work/art/aircraft-final-production-v3/stage/assets/build/frames/unit.SA.gunship/beauty/hover/d07_f03.png'
01:19.706  render           | Saved: '/Users/mohammedkalouti/Documents/Codex/2026-09-27/i/work/art/aircraft-final-production-v3/stage/assets/build/frames/unit.SA.gunship/team/hover/d07_f03.png'
01:19.972  render           | Saved: '/var/folders/n4/43n_jxh10gg3s770b_8jbzb80000gn/T/fc-team-coverage-bmy1sh5y.png'
01:20.895  render           | Saved: '/Users/mohammedkalouti/Documents/Codex/2026-09-27/i/work/art/aircraft-final-production-v3/stage/assets/build/frames/unit.SA.gunship/shadow/hover/d07_f03.png'
01:21.569  render           | Saved: '/Users/mohammedkalouti/Documents/Codex/2026-09-27/i/work/art/aircraft-final-production-v3/stage/assets/build/frames/unit.SA.gunship/beauty/hover/d08_f00.png'
01:22.063  render           | Saved: '/Users/mohammedkalouti/Documents/Codex/2026-09-27/i/work/art/aircraft-final-production-v3/stage/assets/build/frames/unit.SA.gunship/team/hover/d08_f00.png'
01:22.332  render           | Saved: '/var/folders/n4/43n_jxh10gg3s770b_8jbzb80000gn/T/fc-team-coverage-h3ernfh2.png'
01:23.235  render           | Saved: '/Users/mohammedkalouti/Documents/Codex/2026-09-27/i/work/art/aircraft-final-production-v3/stage/assets/build/frames/unit.SA.gunship/shadow/hover/d08_f00.png'
01:23.889  render           | Saved: '/Users/mohammedkalouti/Documents/Codex/2026-09-27/i/work/art/aircraft-final-production-v3/stage/assets/build/frames/unit.SA.gunship/beauty/hover/d08_f01.png'
01:24.396  render           | Saved: '/Users/mohammedkalouti/Documents/Codex/2026-09-27/i/work/art/aircraft-final-production-v3/stage/assets/build/frames/unit.SA.gunship/team/hover/d08_f01.png'
AGX: exceeded compiled variants footprint limit
01:24.668  render           | Saved: '/var/folders/n4/43n_jxh10gg3s770b_8jbzb80000gn/T/fc-team-coverage-6aeomkko.png'
01:25.570  render           | Saved: '/Users/mohammedkalouti/Documents/Codex/2026-09-27/i/work/art/aircraft-final-production-v3/stage/assets/build/frames/unit.SA.gunship/shadow/hover/d08_f01.png'
01:26.220  render           | Saved: '/Users/mohammedkalouti/Documents/Codex/2026-09-27/i/work/art/aircraft-final-production-v3/stage/assets/build/frames/unit.SA.gunship/beauty/hover/d08_f02.png'
01:26.711  render           | Saved: '/Users/mohammedkalouti/Documents/Codex/2026-09-27/i/work/art/aircraft-final-production-v3/stage/assets/build/frames/unit.SA.gunship/team/hover/d08_f02.png'
01:26.971  render           | Saved: '/var/folders/n4/43n_jxh10gg3s770b_8jbzb80000gn/T/fc-team-coverage-9ek8rs8r.png'
01:27.875  render           | Saved: '/Users/mohammedkalouti/Documents/Codex/2026-09-27/i/work/art/aircraft-final-production-v3/stage/assets/build/frames/unit.SA.gunship/shadow/hover/d08_f02.png'
01:28.525  render           | Saved: '/Users/mohammedkalouti/Documents/Codex/2026-09-27/i/work/art/aircraft-final-production-v3/stage/assets/build/frames/unit.SA.gunship/beauty/hover/d08_f03.png'
01:29.036  render           | Saved: '/Users/mohammedkalouti/Documents/Codex/2026-09-27/i/work/art/aircraft-final-production-v3/stage/assets/build/frames/unit.SA.gunship/team/hover/d08_f03.png'
01:29.309  render           | Saved: '/var/folders/n4/43n_jxh10gg3s770b_8jbzb80000gn/T/fc-team-coverage-v4ys0nmv.png'
01:30.203  render           | Saved: '/Users/mohammedkalouti/Documents/Codex/2026-09-27/i/work/art/aircraft-final-production-v3/stage/assets/build/frames/unit.SA.gunship/shadow/hover/d08_f03.png'
01:30.850  render           | Saved: '/Users/mohammedkalouti/Documents/Codex/2026-09-27/i/work/art/aircraft-final-production-v3/stage/assets/build/frames/unit.SA.gunship/beauty/hover/d09_f00.png'
01:31.360  render           | Saved: '/Users/mohammedkalouti/Documents/Codex/2026-09-27/i/work/art/aircraft-final-production-v3/stage/assets/build/frames/unit.SA.gunship/team/hover/d09_f00.png'
01:31.648  render           | Saved: '/var/folders/n4/43n_jxh10gg3s770b_8jbzb80000gn/T/fc-team-coverage-0s_ny7o5.png'
01:32.543  render           | Saved: '/Users/mohammedkalouti/Documents/Codex/2026-09-27/i/work/art/aircraft-final-production-v3/stage/assets/build/frames/unit.SA.gunship/shadow/hover/d09_f00.png'
01:33.205  render           | Saved: '/Users/mohammedkalouti/Documents/Codex/2026-09-27/i/work/art/aircraft-final-production-v3/stage/assets/build/frames/unit.SA.gunship/beauty/hover/d09_f01.png'
01:33.703  render           | Saved: '/Users/mohammedkalouti/Documents/Codex/2026-09-27/i/work/art/aircraft-final-production-v3/stage/assets/build/frames/unit.SA.gunship/team/hover/d09_f01.png'
01:33.980  render           | Saved: '/var/folders/n4/43n_jxh10gg3s770b_8jbzb80000gn/T/fc-team-coverage-fzd8_rn_.png'
01:34.891  render           | Saved: '/Users/mohammedkalouti/Documents/Codex/2026-09-27/i/work/art/aircraft-final-production-v3/stage/assets/build/frames/unit.SA.gunship/shadow/hover/d09_f01.png'
01:35.551  render           | Saved: '/Users/mohammedkalouti/Documents/Codex/2026-09-27/i/work/art/aircraft-final-production-v3/stage/assets/build/frames/unit.SA.gunship/beauty/hover/d09_f02.png'
01:36.055  render           | Saved: '/Users/mohammedkalouti/Documents/Codex/2026-09-27/i/work/art/aircraft-final-production-v3/stage/assets/build/frames/unit.SA.gunship/team/hover/d09_f02.png'
01:36.321  render           | Saved: '/var/folders/n4/43n_jxh10gg3s770b_8jbzb80000gn/T/fc-team-coverage-0qxlh39h.png'
01:37.287  render           | Saved: '/Users/mohammedkalouti/Documents/Codex/2026-09-27/i/work/art/aircraft-final-production-v3/stage/assets/build/frames/unit.SA.gunship/shadow/hover/d09_f02.png'
01:37.986  render           | Saved: '/Users/mohammedkalouti/Documents/Codex/2026-09-27/i/work/art/aircraft-final-production-v3/stage/assets/build/frames/unit.SA.gunship/beauty/hover/d09_f03.png'
01:38.500  render           | Saved: '/Users/mohammedkalouti/Documents/Codex/2026-09-27/i/work/art/aircraft-final-production-v3/stage/assets/build/frames/unit.SA.gunship/team/hover/d09_f03.png'
01:38.775  render           | Saved: '/var/folders/n4/43n_jxh10gg3s770b_8jbzb80000gn/T/fc-team-coverage-g0w3dewz.png'
01:39.687  render           | Saved: '/Users/mohammedkalouti/Documents/Codex/2026-09-27/i/work/art/aircraft-final-production-v3/stage/assets/build/frames/unit.SA.gunship/shadow/hover/d09_f03.png'
01:40.344  render           | Saved: '/Users/mohammedkalouti/Documents/Codex/2026-09-27/i/work/art/aircraft-final-production-v3/stage/assets/build/frames/unit.SA.gunship/beauty/hover/d10_f00.png'
01:40.890  render           | Saved: '/Users/mohammedkalouti/Documents/Codex/2026-09-27/i/work/art/aircraft-final-production-v3/stage/assets/build/frames/unit.SA.gunship/team/hover/d10_f00.png'
01:41.182  render           | Saved: '/var/folders/n4/43n_jxh10gg3s770b_8jbzb80000gn/T/fc-team-coverage-5zm3yvo7.png'
01:42.171  render           | Saved: '/Users/mohammedkalouti/Documents/Codex/2026-09-27/i/work/art/aircraft-final-production-v3/stage/assets/build/frames/unit.SA.gunship/shadow/hover/d10_f00.png'
01:42.871  render           | Saved: '/Users/mohammedkalouti/Documents/Codex/2026-09-27/i/work/art/aircraft-final-production-v3/stage/assets/build/frames/unit.SA.gunship/beauty/hover/d10_f01.png'
01:43.402  render           | Saved: '/Users/mohammedkalouti/Documents/Codex/2026-09-27/i/work/art/aircraft-final-production-v3/stage/assets/build/frames/unit.SA.gunship/team/hover/d10_f01.png'
01:43.672  render           | Saved: '/var/folders/n4/43n_jxh10gg3s770b_8jbzb80000gn/T/fc-team-coverage-rtecy_22.png'
01:44.640  render           | Saved: '/Users/mohammedkalouti/Documents/Codex/2026-09-27/i/work/art/aircraft-final-production-v3/stage/assets/build/frames/unit.SA.gunship/shadow/hover/d10_f01.png'
01:45.308  render           | Saved: '/Users/mohammedkalouti/Documents/Codex/2026-09-27/i/work/art/aircraft-final-production-v3/stage/assets/build/frames/unit.SA.gunship/beauty/hover/d10_f02.png'
01:45.810  render           | Saved: '/Users/mohammedkalouti/Documents/Codex/2026-09-27/i/work/art/aircraft-final-production-v3/stage/assets/build/frames/unit.SA.gunship/team/hover/d10_f02.png'
01:46.068  render           | Saved: '/var/folders/n4/43n_jxh10gg3s770b_8jbzb80000gn/T/fc-team-coverage-a87fyhnm.png'
01:47.079  render           | Saved: '/Users/mohammedkalouti/Documents/Codex/2026-09-27/i/work/art/aircraft-final-production-v3/stage/assets/build/frames/unit.SA.gunship/shadow/hover/d10_f02.png'
01:47.722  render           | Saved: '/Users/mohammedkalouti/Documents/Codex/2026-09-27/i/work/art/aircraft-final-production-v3/stage/assets/build/frames/unit.SA.gunship/beauty/hover/d10_f03.png'
01:48.222  render           | Saved: '/Users/mohammedkalouti/Documents/Codex/2026-09-27/i/work/art/aircraft-final-production-v3/stage/assets/build/frames/unit.SA.gunship/team/hover/d10_f03.png'
01:48.491  render           | Saved: '/var/folders/n4/43n_jxh10gg3s770b_8jbzb80000gn/T/fc-team-coverage-dahyvl5d.png'
01:49.398  render           | Saved: '/Users/mohammedkalouti/Documents/Codex/2026-09-27/i/work/art/aircraft-final-production-v3/stage/assets/build/frames/unit.SA.gunship/shadow/hover/d10_f03.png'
01:50.060  render           | Saved: '/Users/mohammedkalouti/Documents/Codex/2026-09-27/i/work/art/aircraft-final-production-v3/stage/assets/build/frames/unit.SA.gunship/beauty/hover/d11_f00.png'
01:50.571  render           | Saved: '/Users/mohammedkalouti/Documents/Codex/2026-09-27/i/work/art/aircraft-final-production-v3/stage/assets/build/frames/unit.SA.gunship/team/hover/d11_f00.png'
01:50.838  render           | Saved: '/var/folders/n4/43n_jxh10gg3s770b_8jbzb80000gn/T/fc-team-coverage-f6gdhwk0.png'
01:51.750  render           | Saved: '/Users/mohammedkalouti/Documents/Codex/2026-09-27/i/work/art/aircraft-final-production-v3/stage/assets/build/frames/unit.SA.gunship/shadow/hover/d11_f00.png'
01:52.413  render           | Saved: '/Users/mohammedkalouti/Documents/Codex/2026-09-27/i/work/art/aircraft-final-production-v3/stage/assets/build/frames/unit.SA.gunship/beauty/hover/d11_f01.png'
01:52.932  render           | Saved: '/Users/mohammedkalouti/Documents/Codex/2026-09-27/i/work/art/aircraft-final-production-v3/stage/assets/build/frames/unit.SA.gunship/team/hover/d11_f01.png'
01:53.202  render           | Saved: '/var/folders/n4/43n_jxh10gg3s770b_8jbzb80000gn/T/fc-team-coverage-mloakoq8.png'
01:54.126  render           | Saved: '/Users/mohammedkalouti/Documents/Codex/2026-09-27/i/work/art/aircraft-final-production-v3/stage/assets/build/frames/unit.SA.gunship/shadow/hover/d11_f01.png'
01:54.790  render           | Saved: '/Users/mohammedkalouti/Documents/Codex/2026-09-27/i/work/art/aircraft-final-production-v3/stage/assets/build/frames/unit.SA.gunship/beauty/hover/d11_f02.png'
01:55.297  render           | Saved: '/Users/mohammedkalouti/Documents/Codex/2026-09-27/i/work/art/aircraft-final-production-v3/stage/assets/build/frames/unit.SA.gunship/team/hover/d11_f02.png'
01:55.569  render           | Saved: '/var/folders/n4/43n_jxh10gg3s770b_8jbzb80000gn/T/fc-team-coverage-r0ns_1dm.png'
01:56.483  render           | Saved: '/Users/mohammedkalouti/Documents/Codex/2026-09-27/i/work/art/aircraft-final-production-v3/stage/assets/build/frames/unit.SA.gunship/shadow/hover/d11_f02.png'
01:57.130  render           | Saved: '/Users/mohammedkalouti/Documents/Codex/2026-09-27/i/work/art/aircraft-final-production-v3/stage/assets/build/frames/unit.SA.gunship/beauty/hover/d11_f03.png'
01:57.646  render           | Saved: '/Users/mohammedkalouti/Documents/Codex/2026-09-27/i/work/art/aircraft-final-production-v3/stage/assets/build/frames/unit.SA.gunship/team/hover/d11_f03.png'
01:57.915  render           | Saved: '/var/folders/n4/43n_jxh10gg3s770b_8jbzb80000gn/T/fc-team-coverage-6e5p8a0d.png'
01:58.815  render           | Saved: '/Users/mohammedkalouti/Documents/Codex/2026-09-27/i/work/art/aircraft-final-production-v3/stage/assets/build/frames/unit.SA.gunship/shadow/hover/d11_f03.png'
01:59.468  render           | Saved: '/Users/mohammedkalouti/Documents/Codex/2026-09-27/i/work/art/aircraft-final-production-v3/stage/assets/build/frames/unit.SA.gunship/beauty/hover/d12_f00.png'
01:59.957  render           | Saved: '/Users/mohammedkalouti/Documents/Codex/2026-09-27/i/work/art/aircraft-final-production-v3/stage/assets/build/frames/unit.SA.gunship/team/hover/d12_f00.png'
02:00.225  render           | Saved: '/var/folders/n4/43n_jxh10gg3s770b_8jbzb80000gn/T/fc-team-coverage-ix9thux9.png'
02:01.188  render           | Saved: '/Users/mohammedkalouti/Documents/Codex/2026-09-27/i/work/art/aircraft-final-production-v3/stage/assets/build/frames/unit.SA.gunship/shadow/hover/d12_f00.png'
02:01.827  render           | Saved: '/Users/mohammedkalouti/Documents/Codex/2026-09-27/i/work/art/aircraft-final-production-v3/stage/assets/build/frames/unit.SA.gunship/beauty/hover/d12_f01.png'
02:02.331  render           | Saved: '/Users/mohammedkalouti/Documents/Codex/2026-09-27/i/work/art/aircraft-final-production-v3/stage/assets/build/frames/unit.SA.gunship/team/hover/d12_f01.png'
02:02.603  render           | Saved: '/var/folders/n4/43n_jxh10gg3s770b_8jbzb80000gn/T/fc-team-coverage-u1it6hr5.png'
02:03.495  render           | Saved: '/Users/mohammedkalouti/Documents/Codex/2026-09-27/i/work/art/aircraft-final-production-v3/stage/assets/build/frames/unit.SA.gunship/shadow/hover/d12_f01.png'
02:04.204  render           | Saved: '/Users/mohammedkalouti/Documents/Codex/2026-09-27/i/work/art/aircraft-final-production-v3/stage/assets/build/frames/unit.SA.gunship/beauty/hover/d12_f02.png'
02:04.824  render           | Saved: '/Users/mohammedkalouti/Documents/Codex/2026-09-27/i/work/art/aircraft-final-production-v3/stage/assets/build/frames/unit.SA.gunship/team/hover/d12_f02.png'
02:05.129  render           | Saved: '/var/folders/n4/43n_jxh10gg3s770b_8jbzb80000gn/T/fc-team-coverage-e5h7v683.png'
02:06.122  render           | Saved: '/Users/mohammedkalouti/Documents/Codex/2026-09-27/i/work/art/aircraft-final-production-v3/stage/assets/build/frames/unit.SA.gunship/shadow/hover/d12_f02.png'
02:06.785  render           | Saved: '/Users/mohammedkalouti/Documents/Codex/2026-09-27/i/work/art/aircraft-final-production-v3/stage/assets/build/frames/unit.SA.gunship/beauty/hover/d12_f03.png'
02:07.296  render           | Saved: '/Users/mohammedkalouti/Documents/Codex/2026-09-27/i/work/art/aircraft-final-production-v3/stage/assets/build/frames/unit.SA.gunship/team/hover/d12_f03.png'
02:07.572  render           | Saved: '/var/folders/n4/43n_jxh10gg3s770b_8jbzb80000gn/T/fc-team-coverage-od_zr849.png'
02:08.487  render           | Saved: '/Users/mohammedkalouti/Documents/Codex/2026-09-27/i/work/art/aircraft-final-production-v3/stage/assets/build/frames/unit.SA.gunship/shadow/hover/d12_f03.png'
02:09.152  render           | Saved: '/Users/mohammedkalouti/Documents/Codex/2026-09-27/i/work/art/aircraft-final-production-v3/stage/assets/build/frames/unit.SA.gunship/beauty/hover/d13_f00.png'
02:09.643  render           | Saved: '/Users/mohammedkalouti/Documents/Codex/2026-09-27/i/work/art/aircraft-final-production-v3/stage/assets/build/frames/unit.SA.gunship/team/hover/d13_f00.png'
02:09.920  render           | Saved: '/var/folders/n4/43n_jxh10gg3s770b_8jbzb80000gn/T/fc-team-coverage-ldkbzlgl.png'
02:10.835  render           | Saved: '/Users/mohammedkalouti/Documents/Codex/2026-09-27/i/work/art/aircraft-final-production-v3/stage/assets/build/frames/unit.SA.gunship/shadow/hover/d13_f00.png'
02:11.522  render           | Saved: '/Users/mohammedkalouti/Documents/Codex/2026-09-27/i/work/art/aircraft-final-production-v3/stage/assets/build/frames/unit.SA.gunship/beauty/hover/d13_f01.png'
02:12.028  render           | Saved: '/Users/mohammedkalouti/Documents/Codex/2026-09-27/i/work/art/aircraft-final-production-v3/stage/assets/build/frames/unit.SA.gunship/team/hover/d13_f01.png'
02:12.294  render           | Saved: '/var/folders/n4/43n_jxh10gg3s770b_8jbzb80000gn/T/fc-team-coverage-me2ca4v4.png'
02:13.210  render           | Saved: '/Users/mohammedkalouti/Documents/Codex/2026-09-27/i/work/art/aircraft-final-production-v3/stage/assets/build/frames/unit.SA.gunship/shadow/hover/d13_f01.png'
02:13.876  render           | Saved: '/Users/mohammedkalouti/Documents/Codex/2026-09-27/i/work/art/aircraft-final-production-v3/stage/assets/build/frames/unit.SA.gunship/beauty/hover/d13_f02.png'
02:14.391  render           | Saved: '/Users/mohammedkalouti/Documents/Codex/2026-09-27/i/work/art/aircraft-final-production-v3/stage/assets/build/frames/unit.SA.gunship/team/hover/d13_f02.png'
02:14.664  render           | Saved: '/var/folders/n4/43n_jxh10gg3s770b_8jbzb80000gn/T/fc-team-coverage-79vtpzxr.png'
02:15.586  render           | Saved: '/Users/mohammedkalouti/Documents/Codex/2026-09-27/i/work/art/aircraft-final-production-v3/stage/assets/build/frames/unit.SA.gunship/shadow/hover/d13_f02.png'
02:16.277  render           | Saved: '/Users/mohammedkalouti/Documents/Codex/2026-09-27/i/work/art/aircraft-final-production-v3/stage/assets/build/frames/unit.SA.gunship/beauty/hover/d13_f03.png'
02:16.826  render           | Saved: '/Users/mohammedkalouti/Documents/Codex/2026-09-27/i/work/art/aircraft-final-production-v3/stage/assets/build/frames/unit.SA.gunship/team/hover/d13_f03.png'
02:17.104  render           | Saved: '/var/folders/n4/43n_jxh10gg3s770b_8jbzb80000gn/T/fc-team-coverage-qx5og78x.png'
02:18.037  render           | Saved: '/Users/mohammedkalouti/Documents/Codex/2026-09-27/i/work/art/aircraft-final-production-v3/stage/assets/build/frames/unit.SA.gunship/shadow/hover/d13_f03.png'
02:18.730  render           | Saved: '/Users/mohammedkalouti/Documents/Codex/2026-09-27/i/work/art/aircraft-final-production-v3/stage/assets/build/frames/unit.SA.gunship/beauty/hover/d14_f00.png'
02:19.241  render           | Saved: '/Users/mohammedkalouti/Documents/Codex/2026-09-27/i/work/art/aircraft-final-production-v3/stage/assets/build/frames/unit.SA.gunship/team/hover/d14_f00.png'
02:19.521  render           | Saved: '/var/folders/n4/43n_jxh10gg3s770b_8jbzb80000gn/T/fc-team-coverage-267e89w9.png'
02:20.450  render           | Saved: '/Users/mohammedkalouti/Documents/Codex/2026-09-27/i/work/art/aircraft-final-production-v3/stage/assets/build/frames/unit.SA.gunship/shadow/hover/d14_f00.png'
02:21.147  render           | Saved: '/Users/mohammedkalouti/Documents/Codex/2026-09-27/i/work/art/aircraft-final-production-v3/stage/assets/build/frames/unit.SA.gunship/beauty/hover/d14_f01.png'
02:21.644  render           | Saved: '/Users/mohammedkalouti/Documents/Codex/2026-09-27/i/work/art/aircraft-final-production-v3/stage/assets/build/frames/unit.SA.gunship/team/hover/d14_f01.png'
02:21.907  render           | Saved: '/var/folders/n4/43n_jxh10gg3s770b_8jbzb80000gn/T/fc-team-coverage-kyucos02.png'
02:22.831  render           | Saved: '/Users/mohammedkalouti/Documents/Codex/2026-09-27/i/work/art/aircraft-final-production-v3/stage/assets/build/frames/unit.SA.gunship/shadow/hover/d14_f01.png'
02:23.520  render           | Saved: '/Users/mohammedkalouti/Documents/Codex/2026-09-27/i/work/art/aircraft-final-production-v3/stage/assets/build/frames/unit.SA.gunship/beauty/hover/d14_f02.png'
02:24.020  render           | Saved: '/Users/mohammedkalouti/Documents/Codex/2026-09-27/i/work/art/aircraft-final-production-v3/stage/assets/build/frames/unit.SA.gunship/team/hover/d14_f02.png'
02:24.296  render           | Saved: '/var/folders/n4/43n_jxh10gg3s770b_8jbzb80000gn/T/fc-team-coverage-eteppd79.png'
02:25.220  render           | Saved: '/Users/mohammedkalouti/Documents/Codex/2026-09-27/i/work/art/aircraft-final-production-v3/stage/assets/build/frames/unit.SA.gunship/shadow/hover/d14_f02.png'
02:25.884  render           | Saved: '/Users/mohammedkalouti/Documents/Codex/2026-09-27/i/work/art/aircraft-final-production-v3/stage/assets/build/frames/unit.SA.gunship/beauty/hover/d14_f03.png'
02:26.378  render           | Saved: '/Users/mohammedkalouti/Documents/Codex/2026-09-27/i/work/art/aircraft-final-production-v3/stage/assets/build/frames/unit.SA.gunship/team/hover/d14_f03.png'
02:26.656  render           | Saved: '/var/folders/n4/43n_jxh10gg3s770b_8jbzb80000gn/T/fc-team-coverage-0kjg9u9l.png'
02:27.567  render           | Saved: '/Users/mohammedkalouti/Documents/Codex/2026-09-27/i/work/art/aircraft-final-production-v3/stage/assets/build/frames/unit.SA.gunship/shadow/hover/d14_f03.png'
02:28.352  render           | Saved: '/Users/mohammedkalouti/Documents/Codex/2026-09-27/i/work/art/aircraft-final-production-v3/stage/assets/build/frames/unit.SA.gunship/beauty/hover/d15_f00.png'
02:28.833  render           | Saved: '/Users/mohammedkalouti/Documents/Codex/2026-09-27/i/work/art/aircraft-final-production-v3/stage/assets/build/frames/unit.SA.gunship/team/hover/d15_f00.png'
02:29.105  render           | Saved: '/var/folders/n4/43n_jxh10gg3s770b_8jbzb80000gn/T/fc-team-coverage-k3vstsps.png'
02:30.010  render           | Saved: '/Users/mohammedkalouti/Documents/Codex/2026-09-27/i/work/art/aircraft-final-production-v3/stage/assets/build/frames/unit.SA.gunship/shadow/hover/d15_f00.png'
02:30.655  render           | Saved: '/Users/mohammedkalouti/Documents/Codex/2026-09-27/i/work/art/aircraft-final-production-v3/stage/assets/build/frames/unit.SA.gunship/beauty/hover/d15_f01.png'
02:31.166  render           | Saved: '/Users/mohammedkalouti/Documents/Codex/2026-09-27/i/work/art/aircraft-final-production-v3/stage/assets/build/frames/unit.SA.gunship/team/hover/d15_f01.png'
02:31.429  render           | Saved: '/var/folders/n4/43n_jxh10gg3s770b_8jbzb80000gn/T/fc-team-coverage-8i0kzcif.png'
02:32.374  render           | Saved: '/Users/mohammedkalouti/Documents/Codex/2026-09-27/i/work/art/aircraft-final-production-v3/stage/assets/build/frames/unit.SA.gunship/shadow/hover/d15_f01.png'
02:33.336  render           | Saved: '/Users/mohammedkalouti/Documents/Codex/2026-09-27/i/work/art/aircraft-final-production-v3/stage/assets/build/frames/unit.SA.gunship/beauty/hover/d15_f02.png'
02:33.980  render           | Saved: '/Users/mohammedkalouti/Documents/Codex/2026-09-27/i/work/art/aircraft-final-production-v3/stage/assets/build/frames/unit.SA.gunship/team/hover/d15_f02.png'
02:34.312  render           | Saved: '/var/folders/n4/43n_jxh10gg3s770b_8jbzb80000gn/T/fc-team-coverage-q27bmfv1.png'
02:35.322  render           | Saved: '/Users/mohammedkalouti/Documents/Codex/2026-09-27/i/work/art/aircraft-final-production-v3/stage/assets/build/frames/unit.SA.gunship/shadow/hover/d15_f02.png'
02:36.256  render           | Saved: '/Users/mohammedkalouti/Documents/Codex/2026-09-27/i/work/art/aircraft-final-production-v3/stage/assets/build/frames/unit.SA.gunship/beauty/hover/d15_f03.png'
02:36.960  render           | Saved: '/Users/mohammedkalouti/Documents/Codex/2026-09-27/i/work/art/aircraft-final-production-v3/stage/assets/build/frames/unit.SA.gunship/team/hover/d15_f03.png'
02:37.260  render           | Saved: '/var/folders/n4/43n_jxh10gg3s770b_8jbzb80000gn/T/fc-team-coverage-qc0pai17.png'
02:38.259  render           | Saved: '/Users/mohammedkalouti/Documents/Codex/2026-09-27/i/work/art/aircraft-final-production-v3/stage/assets/build/frames/unit.SA.gunship/shadow/hover/d15_f03.png'
02:39.008  render           | Saved: '/Users/mohammedkalouti/Documents/Codex/2026-09-27/i/work/art/aircraft-final-production-v3/stage/assets/build/frames/unit.SA.gunship/beauty/move/d00_f00.png'
02:39.651  render           | Saved: '/Users/mohammedkalouti/Documents/Codex/2026-09-27/i/work/art/aircraft-final-production-v3/stage/assets/build/frames/unit.SA.gunship/team/move/d00_f00.png'
02:39.991  render           | Saved: '/var/folders/n4/43n_jxh10gg3s770b_8jbzb80000gn/T/fc-team-coverage-vucv7459.png'
02:41.370  render           | Saved: '/Users/mohammedkalouti/Documents/Codex/2026-09-27/i/work/art/aircraft-final-production-v3/stage/assets/build/frames/unit.SA.gunship/shadow/move/d00_f00.png'
02:42.191  render           | Saved: '/Users/mohammedkalouti/Documents/Codex/2026-09-27/i/work/art/aircraft-final-production-v3/stage/assets/build/frames/unit.SA.gunship/beauty/move/d00_f01.png'
02:42.780  render           | Saved: '/Users/mohammedkalouti/Documents/Codex/2026-09-27/i/work/art/aircraft-final-production-v3/stage/assets/build/frames/unit.SA.gunship/team/move/d00_f01.png'
02:43.073  render           | Saved: '/var/folders/n4/43n_jxh10gg3s770b_8jbzb80000gn/T/fc-team-coverage-e531z3j2.png'
02:44.291  render           | Saved: '/Users/mohammedkalouti/Documents/Codex/2026-09-27/i/work/art/aircraft-final-production-v3/stage/assets/build/frames/unit.SA.gunship/shadow/move/d00_f01.png'
02:45.085  render           | Saved: '/Users/mohammedkalouti/Documents/Codex/2026-09-27/i/work/art/aircraft-final-production-v3/stage/assets/build/frames/unit.SA.gunship/beauty/move/d00_f02.png'
02:45.677  render           | Saved: '/Users/mohammedkalouti/Documents/Codex/2026-09-27/i/work/art/aircraft-final-production-v3/stage/assets/build/frames/unit.SA.gunship/team/move/d00_f02.png'
02:45.979  render           | Saved: '/var/folders/n4/43n_jxh10gg3s770b_8jbzb80000gn/T/fc-team-coverage-0oagwn0l.png'
02:46.989  render           | Saved: '/Users/mohammedkalouti/Documents/Codex/2026-09-27/i/work/art/aircraft-final-production-v3/stage/assets/build/frames/unit.SA.gunship/shadow/move/d00_f02.png'
02:47.732  render           | Saved: '/Users/mohammedkalouti/Documents/Codex/2026-09-27/i/work/art/aircraft-final-production-v3/stage/assets/build/frames/unit.SA.gunship/beauty/move/d00_f03.png'
02:48.331  render           | Saved: '/Users/mohammedkalouti/Documents/Codex/2026-09-27/i/work/art/aircraft-final-production-v3/stage/assets/build/frames/unit.SA.gunship/team/move/d00_f03.png'
02:48.703  render           | Saved: '/var/folders/n4/43n_jxh10gg3s770b_8jbzb80000gn/T/fc-team-coverage-0kwck6iu.png'
02:49.745  render           | Saved: '/Users/mohammedkalouti/Documents/Codex/2026-09-27/i/work/art/aircraft-final-production-v3/stage/assets/build/frames/unit.SA.gunship/shadow/move/d00_f03.png'
02:50.503  render           | Saved: '/Users/mohammedkalouti/Documents/Codex/2026-09-27/i/work/art/aircraft-final-production-v3/stage/assets/build/frames/unit.SA.gunship/beauty/move/d01_f00.png'
02:51.044  render           | Saved: '/Users/mohammedkalouti/Documents/Codex/2026-09-27/i/work/art/aircraft-final-production-v3/stage/assets/build/frames/unit.SA.gunship/team/move/d01_f00.png'
02:51.350  render           | Saved: '/var/folders/n4/43n_jxh10gg3s770b_8jbzb80000gn/T/fc-team-coverage-y7avtkwk.png'
02:52.338  render           | Saved: '/Users/mohammedkalouti/Documents/Codex/2026-09-27/i/work/art/aircraft-final-production-v3/stage/assets/build/frames/unit.SA.gunship/shadow/move/d01_f00.png'
02:53.104  render           | Saved: '/Users/mohammedkalouti/Documents/Codex/2026-09-27/i/work/art/aircraft-final-production-v3/stage/assets/build/frames/unit.SA.gunship/beauty/move/d01_f01.png'
02:53.749  render           | Saved: '/Users/mohammedkalouti/Documents/Codex/2026-09-27/i/work/art/aircraft-final-production-v3/stage/assets/build/frames/unit.SA.gunship/team/move/d01_f01.png'
02:54.048  render           | Saved: '/var/folders/n4/43n_jxh10gg3s770b_8jbzb80000gn/T/fc-team-coverage-6sq5js7z.png'
02:55.138  render           | Saved: '/Users/mohammedkalouti/Documents/Codex/2026-09-27/i/work/art/aircraft-final-production-v3/stage/assets/build/frames/unit.SA.gunship/shadow/move/d01_f01.png'
02:55.904  render           | Saved: '/Users/mohammedkalouti/Documents/Codex/2026-09-27/i/work/art/aircraft-final-production-v3/stage/assets/build/frames/unit.SA.gunship/beauty/move/d01_f02.png'
02:56.570  render           | Saved: '/Users/mohammedkalouti/Documents/Codex/2026-09-27/i/work/art/aircraft-final-production-v3/stage/assets/build/frames/unit.SA.gunship/team/move/d01_f02.png'
02:56.882  render           | Saved: '/var/folders/n4/43n_jxh10gg3s770b_8jbzb80000gn/T/fc-team-coverage-paixwy4a.png'
02:57.944  render           | Saved: '/Users/mohammedkalouti/Documents/Codex/2026-09-27/i/work/art/aircraft-final-production-v3/stage/assets/build/frames/unit.SA.gunship/shadow/move/d01_f02.png'
02:58.745  render           | Saved: '/Users/mohammedkalouti/Documents/Codex/2026-09-27/i/work/art/aircraft-final-production-v3/stage/assets/build/frames/unit.SA.gunship/beauty/move/d01_f03.png'
02:59.275  render           | Saved: '/Users/mohammedkalouti/Documents/Codex/2026-09-27/i/work/art/aircraft-final-production-v3/stage/assets/build/frames/unit.SA.gunship/team/move/d01_f03.png'
02:59.579  render           | Saved: '/var/folders/n4/43n_jxh10gg3s770b_8jbzb80000gn/T/fc-team-coverage-i_g594nw.png'
03:00.604  render           | Saved: '/Users/mohammedkalouti/Documents/Codex/2026-09-27/i/work/art/aircraft-final-production-v3/stage/assets/build/frames/unit.SA.gunship/shadow/move/d01_f03.png'
03:01.353  render           | Saved: '/Users/mohammedkalouti/Documents/Codex/2026-09-27/i/work/art/aircraft-final-production-v3/stage/assets/build/frames/unit.SA.gunship/beauty/move/d02_f00.png'
03:01.867  render           | Saved: '/Users/mohammedkalouti/Documents/Codex/2026-09-27/i/work/art/aircraft-final-production-v3/stage/assets/build/frames/unit.SA.gunship/team/move/d02_f00.png'
03:02.156  render           | Saved: '/var/folders/n4/43n_jxh10gg3s770b_8jbzb80000gn/T/fc-team-coverage-gx_vl1wm.png'
03:03.201  render           | Saved: '/Users/mohammedkalouti/Documents/Codex/2026-09-27/i/work/art/aircraft-final-production-v3/stage/assets/build/frames/unit.SA.gunship/shadow/move/d02_f00.png'
03:03.924  render           | Saved: '/Users/mohammedkalouti/Documents/Codex/2026-09-27/i/work/art/aircraft-final-production-v3/stage/assets/build/frames/unit.SA.gunship/beauty/move/d02_f01.png'
03:04.437  render           | Saved: '/Users/mohammedkalouti/Documents/Codex/2026-09-27/i/work/art/aircraft-final-production-v3/stage/assets/build/frames/unit.SA.gunship/team/move/d02_f01.png'
03:04.720  render           | Saved: '/var/folders/n4/43n_jxh10gg3s770b_8jbzb80000gn/T/fc-team-coverage-_kf13fx4.png'
03:05.739  render           | Saved: '/Users/mohammedkalouti/Documents/Codex/2026-09-27/i/work/art/aircraft-final-production-v3/stage/assets/build/frames/unit.SA.gunship/shadow/move/d02_f01.png'
03:06.544  render           | Saved: '/Users/mohammedkalouti/Documents/Codex/2026-09-27/i/work/art/aircraft-final-production-v3/stage/assets/build/frames/unit.SA.gunship/beauty/move/d02_f02.png'
03:07.061  render           | Saved: '/Users/mohammedkalouti/Documents/Codex/2026-09-27/i/work/art/aircraft-final-production-v3/stage/assets/build/frames/unit.SA.gunship/team/move/d02_f02.png'
03:07.355  render           | Saved: '/var/folders/n4/43n_jxh10gg3s770b_8jbzb80000gn/T/fc-team-coverage-rokxj4x2.png'
03:08.423  render           | Saved: '/Users/mohammedkalouti/Documents/Codex/2026-09-27/i/work/art/aircraft-final-production-v3/stage/assets/build/frames/unit.SA.gunship/shadow/move/d02_f02.png'
03:09.215  render           | Saved: '/Users/mohammedkalouti/Documents/Codex/2026-09-27/i/work/art/aircraft-final-production-v3/stage/assets/build/frames/unit.SA.gunship/beauty/move/d02_f03.png'
03:09.737  render           | Saved: '/Users/mohammedkalouti/Documents/Codex/2026-09-27/i/work/art/aircraft-final-production-v3/stage/assets/build/frames/unit.SA.gunship/team/move/d02_f03.png'
03:10.028  render           | Saved: '/var/folders/n4/43n_jxh10gg3s770b_8jbzb80000gn/T/fc-team-coverage-97rofj4q.png'
03:11.096  render           | Saved: '/Users/mohammedkalouti/Documents/Codex/2026-09-27/i/work/art/aircraft-final-production-v3/stage/assets/build/frames/unit.SA.gunship/shadow/move/d02_f03.png'
03:11.854  render           | Saved: '/Users/mohammedkalouti/Documents/Codex/2026-09-27/i/work/art/aircraft-final-production-v3/stage/assets/build/frames/unit.SA.gunship/beauty/move/d03_f00.png'
03:12.400  render           | Saved: '/Users/mohammedkalouti/Documents/Codex/2026-09-27/i/work/art/aircraft-final-production-v3/stage/assets/build/frames/unit.SA.gunship/team/move/d03_f00.png'
03:12.695  render           | Saved: '/var/folders/n4/43n_jxh10gg3s770b_8jbzb80000gn/T/fc-team-coverage-6bligazf.png'
03:13.803  render           | Saved: '/Users/mohammedkalouti/Documents/Codex/2026-09-27/i/work/art/aircraft-final-production-v3/stage/assets/build/frames/unit.SA.gunship/shadow/move/d03_f00.png'
03:14.621  render           | Saved: '/Users/mohammedkalouti/Documents/Codex/2026-09-27/i/work/art/aircraft-final-production-v3/stage/assets/build/frames/unit.SA.gunship/beauty/move/d03_f01.png'
03:15.136  render           | Saved: '/Users/mohammedkalouti/Documents/Codex/2026-09-27/i/work/art/aircraft-final-production-v3/stage/assets/build/frames/unit.SA.gunship/team/move/d03_f01.png'
03:15.426  render           | Saved: '/var/folders/n4/43n_jxh10gg3s770b_8jbzb80000gn/T/fc-team-coverage-rsn1wz67.png'
03:16.433  render           | Saved: '/Users/mohammedkalouti/Documents/Codex/2026-09-27/i/work/art/aircraft-final-production-v3/stage/assets/build/frames/unit.SA.gunship/shadow/move/d03_f01.png'
03:17.162  render           | Saved: '/Users/mohammedkalouti/Documents/Codex/2026-09-27/i/work/art/aircraft-final-production-v3/stage/assets/build/frames/unit.SA.gunship/beauty/move/d03_f02.png'
03:17.677  render           | Saved: '/Users/mohammedkalouti/Documents/Codex/2026-09-27/i/work/art/aircraft-final-production-v3/stage/assets/build/frames/unit.SA.gunship/team/move/d03_f02.png'
03:17.980  render           | Saved: '/var/folders/n4/43n_jxh10gg3s770b_8jbzb80000gn/T/fc-team-coverage-c_jjigvl.png'
03:19.035  render           | Saved: '/Users/mohammedkalouti/Documents/Codex/2026-09-27/i/work/art/aircraft-final-production-v3/stage/assets/build/frames/unit.SA.gunship/shadow/move/d03_f02.png'
03:19.824  render           | Saved: '/Users/mohammedkalouti/Documents/Codex/2026-09-27/i/work/art/aircraft-final-production-v3/stage/assets/build/frames/unit.SA.gunship/beauty/move/d03_f03.png'
03:20.360  render           | Saved: '/Users/mohammedkalouti/Documents/Codex/2026-09-27/i/work/art/aircraft-final-production-v3/stage/assets/build/frames/unit.SA.gunship/team/move/d03_f03.png'
03:20.708  render           | Saved: '/var/folders/n4/43n_jxh10gg3s770b_8jbzb80000gn/T/fc-team-coverage-qxvk7_8c.png'
03:21.710  render           | Saved: '/Users/mohammedkalouti/Documents/Codex/2026-09-27/i/work/art/aircraft-final-production-v3/stage/assets/build/frames/unit.SA.gunship/shadow/move/d03_f03.png'
03:22.491  render           | Saved: '/Users/mohammedkalouti/Documents/Codex/2026-09-27/i/work/art/aircraft-final-production-v3/stage/assets/build/frames/unit.SA.gunship/beauty/move/d04_f00.png'
03:23.052  render           | Saved: '/Users/mohammedkalouti/Documents/Codex/2026-09-27/i/work/art/aircraft-final-production-v3/stage/assets/build/frames/unit.SA.gunship/team/move/d04_f00.png'
03:23.429  render           | Saved: '/var/folders/n4/43n_jxh10gg3s770b_8jbzb80000gn/T/fc-team-coverage-fcwt4q4n.png'
03:24.569  render           | Saved: '/Users/mohammedkalouti/Documents/Codex/2026-09-27/i/work/art/aircraft-final-production-v3/stage/assets/build/frames/unit.SA.gunship/shadow/move/d04_f00.png'
03:25.405  render           | Saved: '/Users/mohammedkalouti/Documents/Codex/2026-09-27/i/work/art/aircraft-final-production-v3/stage/assets/build/frames/unit.SA.gunship/beauty/move/d04_f01.png'
03:25.931  render           | Saved: '/Users/mohammedkalouti/Documents/Codex/2026-09-27/i/work/art/aircraft-final-production-v3/stage/assets/build/frames/unit.SA.gunship/team/move/d04_f01.png'
03:26.228  render           | Saved: '/var/folders/n4/43n_jxh10gg3s770b_8jbzb80000gn/T/fc-team-coverage-d31fy_7l.png'
03:27.299  render           | Saved: '/Users/mohammedkalouti/Documents/Codex/2026-09-27/i/work/art/aircraft-final-production-v3/stage/assets/build/frames/unit.SA.gunship/shadow/move/d04_f01.png'
03:28.095  render           | Saved: '/Users/mohammedkalouti/Documents/Codex/2026-09-27/i/work/art/aircraft-final-production-v3/stage/assets/build/frames/unit.SA.gunship/beauty/move/d04_f02.png'
03:28.617  render           | Saved: '/Users/mohammedkalouti/Documents/Codex/2026-09-27/i/work/art/aircraft-final-production-v3/stage/assets/build/frames/unit.SA.gunship/team/move/d04_f02.png'
03:28.922  render           | Saved: '/var/folders/n4/43n_jxh10gg3s770b_8jbzb80000gn/T/fc-team-coverage-apuih32y.png'
03:29.977  render           | Saved: '/Users/mohammedkalouti/Documents/Codex/2026-09-27/i/work/art/aircraft-final-production-v3/stage/assets/build/frames/unit.SA.gunship/shadow/move/d04_f02.png'
03:30.702  render           | Saved: '/Users/mohammedkalouti/Documents/Codex/2026-09-27/i/work/art/aircraft-final-production-v3/stage/assets/build/frames/unit.SA.gunship/beauty/move/d04_f03.png'
03:31.235  render           | Saved: '/Users/mohammedkalouti/Documents/Codex/2026-09-27/i/work/art/aircraft-final-production-v3/stage/assets/build/frames/unit.SA.gunship/team/move/d04_f03.png'
03:31.527  render           | Saved: '/var/folders/n4/43n_jxh10gg3s770b_8jbzb80000gn/T/fc-team-coverage-n1o1fxwc.png'
03:32.625  render           | Saved: '/Users/mohammedkalouti/Documents/Codex/2026-09-27/i/work/art/aircraft-final-production-v3/stage/assets/build/frames/unit.SA.gunship/shadow/move/d04_f03.png'
03:33.417  render           | Saved: '/Users/mohammedkalouti/Documents/Codex/2026-09-27/i/work/art/aircraft-final-production-v3/stage/assets/build/frames/unit.SA.gunship/beauty/move/d05_f00.png'
03:33.966  render           | Saved: '/Users/mohammedkalouti/Documents/Codex/2026-09-27/i/work/art/aircraft-final-production-v3/stage/assets/build/frames/unit.SA.gunship/team/move/d05_f00.png'
03:34.282  render           | Saved: '/var/folders/n4/43n_jxh10gg3s770b_8jbzb80000gn/T/fc-team-coverage-ziomi7mv.png'
03:35.364  render           | Saved: '/Users/mohammedkalouti/Documents/Codex/2026-09-27/i/work/art/aircraft-final-production-v3/stage/assets/build/frames/unit.SA.gunship/shadow/move/d05_f00.png'
03:36.447  render           | Saved: '/Users/mohammedkalouti/Documents/Codex/2026-09-27/i/work/art/aircraft-final-production-v3/stage/assets/build/frames/unit.SA.gunship/beauty/move/d05_f01.png'
03:37.035  render           | Saved: '/Users/mohammedkalouti/Documents/Codex/2026-09-27/i/work/art/aircraft-final-production-v3/stage/assets/build/frames/unit.SA.gunship/team/move/d05_f01.png'
03:37.347  render           | Saved: '/var/folders/n4/43n_jxh10gg3s770b_8jbzb80000gn/T/fc-team-coverage-y5_pqh5c.png'
03:38.366  render           | Saved: '/Users/mohammedkalouti/Documents/Codex/2026-09-27/i/work/art/aircraft-final-production-v3/stage/assets/build/frames/unit.SA.gunship/shadow/move/d05_f01.png'
03:39.130  render           | Saved: '/Users/mohammedkalouti/Documents/Codex/2026-09-27/i/work/art/aircraft-final-production-v3/stage/assets/build/frames/unit.SA.gunship/beauty/move/d05_f02.png'
03:39.685  render           | Saved: '/Users/mohammedkalouti/Documents/Codex/2026-09-27/i/work/art/aircraft-final-production-v3/stage/assets/build/frames/unit.SA.gunship/team/move/d05_f02.png'
03:39.980  render           | Saved: '/var/folders/n4/43n_jxh10gg3s770b_8jbzb80000gn/T/fc-team-coverage-i719i9x_.png'
03:40.981  render           | Saved: '/Users/mohammedkalouti/Documents/Codex/2026-09-27/i/work/art/aircraft-final-production-v3/stage/assets/build/frames/unit.SA.gunship/shadow/move/d05_f02.png'
03:41.738  render           | Saved: '/Users/mohammedkalouti/Documents/Codex/2026-09-27/i/work/art/aircraft-final-production-v3/stage/assets/build/frames/unit.SA.gunship/beauty/move/d05_f03.png'
03:42.265  render           | Saved: '/Users/mohammedkalouti/Documents/Codex/2026-09-27/i/work/art/aircraft-final-production-v3/stage/assets/build/frames/unit.SA.gunship/team/move/d05_f03.png'
03:42.554  render           | Saved: '/var/folders/n4/43n_jxh10gg3s770b_8jbzb80000gn/T/fc-team-coverage-k17ld86m.png'
03:43.589  render           | Saved: '/Users/mohammedkalouti/Documents/Codex/2026-09-27/i/work/art/aircraft-final-production-v3/stage/assets/build/frames/unit.SA.gunship/shadow/move/d05_f03.png'
03:44.386  render           | Saved: '/Users/mohammedkalouti/Documents/Codex/2026-09-27/i/work/art/aircraft-final-production-v3/stage/assets/build/frames/unit.SA.gunship/beauty/move/d06_f00.png'
03:44.971  render           | Saved: '/Users/mohammedkalouti/Documents/Codex/2026-09-27/i/work/art/aircraft-final-production-v3/stage/assets/build/frames/unit.SA.gunship/team/move/d06_f00.png'
03:45.251  render           | Saved: '/var/folders/n4/43n_jxh10gg3s770b_8jbzb80000gn/T/fc-team-coverage-977iybqu.png'
03:46.296  render           | Saved: '/Users/mohammedkalouti/Documents/Codex/2026-09-27/i/work/art/aircraft-final-production-v3/stage/assets/build/frames/unit.SA.gunship/shadow/move/d06_f00.png'
03:47.092  render           | Saved: '/Users/mohammedkalouti/Documents/Codex/2026-09-27/i/work/art/aircraft-final-production-v3/stage/assets/build/frames/unit.SA.gunship/beauty/move/d06_f01.png'
03:47.631  render           | Saved: '/Users/mohammedkalouti/Documents/Codex/2026-09-27/i/work/art/aircraft-final-production-v3/stage/assets/build/frames/unit.SA.gunship/team/move/d06_f01.png'
03:47.942  render           | Saved: '/var/folders/n4/43n_jxh10gg3s770b_8jbzb80000gn/T/fc-team-coverage-kior33lu.png'
03:48.967  render           | Saved: '/Users/mohammedkalouti/Documents/Codex/2026-09-27/i/work/art/aircraft-final-production-v3/stage/assets/build/frames/unit.SA.gunship/shadow/move/d06_f01.png'
03:49.739  render           | Saved: '/Users/mohammedkalouti/Documents/Codex/2026-09-27/i/work/art/aircraft-final-production-v3/stage/assets/build/frames/unit.SA.gunship/beauty/move/d06_f02.png'
03:50.287  render           | Saved: '/Users/mohammedkalouti/Documents/Codex/2026-09-27/i/work/art/aircraft-final-production-v3/stage/assets/build/frames/unit.SA.gunship/team/move/d06_f02.png'
03:50.565  render           | Saved: '/var/folders/n4/43n_jxh10gg3s770b_8jbzb80000gn/T/fc-team-coverage-g3ntu3k_.png'
03:51.648  render           | Saved: '/Users/mohammedkalouti/Documents/Codex/2026-09-27/i/work/art/aircraft-final-production-v3/stage/assets/build/frames/unit.SA.gunship/shadow/move/d06_f02.png'
03:52.377  render           | Saved: '/Users/mohammedkalouti/Documents/Codex/2026-09-27/i/work/art/aircraft-final-production-v3/stage/assets/build/frames/unit.SA.gunship/beauty/move/d06_f03.png'
03:52.911  render           | Saved: '/Users/mohammedkalouti/Documents/Codex/2026-09-27/i/work/art/aircraft-final-production-v3/stage/assets/build/frames/unit.SA.gunship/team/move/d06_f03.png'
03:53.231  render           | Saved: '/var/folders/n4/43n_jxh10gg3s770b_8jbzb80000gn/T/fc-team-coverage-e_d4407o.png'
03:54.264  render           | Saved: '/Users/mohammedkalouti/Documents/Codex/2026-09-27/i/work/art/aircraft-final-production-v3/stage/assets/build/frames/unit.SA.gunship/shadow/move/d06_f03.png'
03:54.994  render           | Saved: '/Users/mohammedkalouti/Documents/Codex/2026-09-27/i/work/art/aircraft-final-production-v3/stage/assets/build/frames/unit.SA.gunship/beauty/move/d07_f00.png'
03:55.530  render           | Saved: '/Users/mohammedkalouti/Documents/Codex/2026-09-27/i/work/art/aircraft-final-production-v3/stage/assets/build/frames/unit.SA.gunship/team/move/d07_f00.png'
03:55.824  render           | Saved: '/var/folders/n4/43n_jxh10gg3s770b_8jbzb80000gn/T/fc-team-coverage-ns04dc87.png'
03:56.793  render           | Saved: '/Users/mohammedkalouti/Documents/Codex/2026-09-27/i/work/art/aircraft-final-production-v3/stage/assets/build/frames/unit.SA.gunship/shadow/move/d07_f00.png'
03:57.479  render           | Saved: '/Users/mohammedkalouti/Documents/Codex/2026-09-27/i/work/art/aircraft-final-production-v3/stage/assets/build/frames/unit.SA.gunship/beauty/move/d07_f01.png'
03:57.991  render           | Saved: '/Users/mohammedkalouti/Documents/Codex/2026-09-27/i/work/art/aircraft-final-production-v3/stage/assets/build/frames/unit.SA.gunship/team/move/d07_f01.png'
03:58.262  render           | Saved: '/var/folders/n4/43n_jxh10gg3s770b_8jbzb80000gn/T/fc-team-coverage-az4cy7k0.png'
03:59.176  render           | Saved: '/Users/mohammedkalouti/Documents/Codex/2026-09-27/i/work/art/aircraft-final-production-v3/stage/assets/build/frames/unit.SA.gunship/shadow/move/d07_f01.png'
03:59.857  render           | Saved: '/Users/mohammedkalouti/Documents/Codex/2026-09-27/i/work/art/aircraft-final-production-v3/stage/assets/build/frames/unit.SA.gunship/beauty/move/d07_f02.png'
04:00.366  render           | Saved: '/Users/mohammedkalouti/Documents/Codex/2026-09-27/i/work/art/aircraft-final-production-v3/stage/assets/build/frames/unit.SA.gunship/team/move/d07_f02.png'
04:00.647  render           | Saved: '/var/folders/n4/43n_jxh10gg3s770b_8jbzb80000gn/T/fc-team-coverage-iy2ccvys.png'
04:01.698  render           | Saved: '/Users/mohammedkalouti/Documents/Codex/2026-09-27/i/work/art/aircraft-final-production-v3/stage/assets/build/frames/unit.SA.gunship/shadow/move/d07_f02.png'
04:02.369  render           | Saved: '/Users/mohammedkalouti/Documents/Codex/2026-09-27/i/work/art/aircraft-final-production-v3/stage/assets/build/frames/unit.SA.gunship/beauty/move/d07_f03.png'
04:02.873  render           | Saved: '/Users/mohammedkalouti/Documents/Codex/2026-09-27/i/work/art/aircraft-final-production-v3/stage/assets/build/frames/unit.SA.gunship/team/move/d07_f03.png'
04:03.139  render           | Saved: '/var/folders/n4/43n_jxh10gg3s770b_8jbzb80000gn/T/fc-team-coverage-ax0pe29p.png'
04:04.062  render           | Saved: '/Users/mohammedkalouti/Documents/Codex/2026-09-27/i/work/art/aircraft-final-production-v3/stage/assets/build/frames/unit.SA.gunship/shadow/move/d07_f03.png'
04:04.740  render           | Saved: '/Users/mohammedkalouti/Documents/Codex/2026-09-27/i/work/art/aircraft-final-production-v3/stage/assets/build/frames/unit.SA.gunship/beauty/move/d08_f00.png'
04:05.278  render           | Saved: '/Users/mohammedkalouti/Documents/Codex/2026-09-27/i/work/art/aircraft-final-production-v3/stage/assets/build/frames/unit.SA.gunship/team/move/d08_f00.png'
04:05.556  render           | Saved: '/var/folders/n4/43n_jxh10gg3s770b_8jbzb80000gn/T/fc-team-coverage-4tmmappj.png'
04:06.470  render           | Saved: '/Users/mohammedkalouti/Documents/Codex/2026-09-27/i/work/art/aircraft-final-production-v3/stage/assets/build/frames/unit.SA.gunship/shadow/move/d08_f00.png'
04:07.137  render           | Saved: '/Users/mohammedkalouti/Documents/Codex/2026-09-27/i/work/art/aircraft-final-production-v3/stage/assets/build/frames/unit.SA.gunship/beauty/move/d08_f01.png'
04:07.659  render           | Saved: '/Users/mohammedkalouti/Documents/Codex/2026-09-27/i/work/art/aircraft-final-production-v3/stage/assets/build/frames/unit.SA.gunship/team/move/d08_f01.png'
04:07.945  render           | Saved: '/var/folders/n4/43n_jxh10gg3s770b_8jbzb80000gn/T/fc-team-coverage-4ge5d_ao.png'
04:08.863  render           | Saved: '/Users/mohammedkalouti/Documents/Codex/2026-09-27/i/work/art/aircraft-final-production-v3/stage/assets/build/frames/unit.SA.gunship/shadow/move/d08_f01.png'
04:09.558  render           | Saved: '/Users/mohammedkalouti/Documents/Codex/2026-09-27/i/work/art/aircraft-final-production-v3/stage/assets/build/frames/unit.SA.gunship/beauty/move/d08_f02.png'
04:10.067  render           | Saved: '/Users/mohammedkalouti/Documents/Codex/2026-09-27/i/work/art/aircraft-final-production-v3/stage/assets/build/frames/unit.SA.gunship/team/move/d08_f02.png'
04:10.333  render           | Saved: '/var/folders/n4/43n_jxh10gg3s770b_8jbzb80000gn/T/fc-team-coverage-7ir1eacc.png'
04:11.229  render           | Saved: '/Users/mohammedkalouti/Documents/Codex/2026-09-27/i/work/art/aircraft-final-production-v3/stage/assets/build/frames/unit.SA.gunship/shadow/move/d08_f02.png'
04:11.889  render           | Saved: '/Users/mohammedkalouti/Documents/Codex/2026-09-27/i/work/art/aircraft-final-production-v3/stage/assets/build/frames/unit.SA.gunship/beauty/move/d08_f03.png'
04:12.406  render           | Saved: '/Users/mohammedkalouti/Documents/Codex/2026-09-27/i/work/art/aircraft-final-production-v3/stage/assets/build/frames/unit.SA.gunship/team/move/d08_f03.png'
04:12.666  render           | Saved: '/var/folders/n4/43n_jxh10gg3s770b_8jbzb80000gn/T/fc-team-coverage-tox_19td.png'
04:13.605  render           | Saved: '/Users/mohammedkalouti/Documents/Codex/2026-09-27/i/work/art/aircraft-final-production-v3/stage/assets/build/frames/unit.SA.gunship/shadow/move/d08_f03.png'
04:14.270  render           | Saved: '/Users/mohammedkalouti/Documents/Codex/2026-09-27/i/work/art/aircraft-final-production-v3/stage/assets/build/frames/unit.SA.gunship/beauty/move/d09_f00.png'
04:14.800  render           | Saved: '/Users/mohammedkalouti/Documents/Codex/2026-09-27/i/work/art/aircraft-final-production-v3/stage/assets/build/frames/unit.SA.gunship/team/move/d09_f00.png'
04:15.086  render           | Saved: '/var/folders/n4/43n_jxh10gg3s770b_8jbzb80000gn/T/fc-team-coverage-rtdzj6aw.png'
04:16.200  render           | Saved: '/Users/mohammedkalouti/Documents/Codex/2026-09-27/i/work/art/aircraft-final-production-v3/stage/assets/build/frames/unit.SA.gunship/shadow/move/d09_f00.png'
04:16.929  render           | Saved: '/Users/mohammedkalouti/Documents/Codex/2026-09-27/i/work/art/aircraft-final-production-v3/stage/assets/build/frames/unit.SA.gunship/beauty/move/d09_f01.png'
04:17.441  render           | Saved: '/Users/mohammedkalouti/Documents/Codex/2026-09-27/i/work/art/aircraft-final-production-v3/stage/assets/build/frames/unit.SA.gunship/team/move/d09_f01.png'
04:17.716  render           | Saved: '/var/folders/n4/43n_jxh10gg3s770b_8jbzb80000gn/T/fc-team-coverage-_fvsclr8.png'
04:18.724  render           | Saved: '/Users/mohammedkalouti/Documents/Codex/2026-09-27/i/work/art/aircraft-final-production-v3/stage/assets/build/frames/unit.SA.gunship/shadow/move/d09_f01.png'
04:19.369  render           | Saved: '/Users/mohammedkalouti/Documents/Codex/2026-09-27/i/work/art/aircraft-final-production-v3/stage/assets/build/frames/unit.SA.gunship/beauty/move/d09_f02.png'
04:19.866  render           | Saved: '/Users/mohammedkalouti/Documents/Codex/2026-09-27/i/work/art/aircraft-final-production-v3/stage/assets/build/frames/unit.SA.gunship/team/move/d09_f02.png'
04:20.135  render           | Saved: '/var/folders/n4/43n_jxh10gg3s770b_8jbzb80000gn/T/fc-team-coverage-ps6w8twm.png'
04:21.054  render           | Saved: '/Users/mohammedkalouti/Documents/Codex/2026-09-27/i/work/art/aircraft-final-production-v3/stage/assets/build/frames/unit.SA.gunship/shadow/move/d09_f02.png'
04:21.709  render           | Saved: '/Users/mohammedkalouti/Documents/Codex/2026-09-27/i/work/art/aircraft-final-production-v3/stage/assets/build/frames/unit.SA.gunship/beauty/move/d09_f03.png'
04:22.209  render           | Saved: '/Users/mohammedkalouti/Documents/Codex/2026-09-27/i/work/art/aircraft-final-production-v3/stage/assets/build/frames/unit.SA.gunship/team/move/d09_f03.png'
04:22.485  render           | Saved: '/var/folders/n4/43n_jxh10gg3s770b_8jbzb80000gn/T/fc-team-coverage-ucotjgvo.png'
04:23.392  render           | Saved: '/Users/mohammedkalouti/Documents/Codex/2026-09-27/i/work/art/aircraft-final-production-v3/stage/assets/build/frames/unit.SA.gunship/shadow/move/d09_f03.png'
04:24.041  render           | Saved: '/Users/mohammedkalouti/Documents/Codex/2026-09-27/i/work/art/aircraft-final-production-v3/stage/assets/build/frames/unit.SA.gunship/beauty/move/d10_f00.png'
04:24.538  render           | Saved: '/Users/mohammedkalouti/Documents/Codex/2026-09-27/i/work/art/aircraft-final-production-v3/stage/assets/build/frames/unit.SA.gunship/team/move/d10_f00.png'
04:24.802  render           | Saved: '/var/folders/n4/43n_jxh10gg3s770b_8jbzb80000gn/T/fc-team-coverage-5zknxpd2.png'
04:25.715  render           | Saved: '/Users/mohammedkalouti/Documents/Codex/2026-09-27/i/work/art/aircraft-final-production-v3/stage/assets/build/frames/unit.SA.gunship/shadow/move/d10_f00.png'
04:26.374  render           | Saved: '/Users/mohammedkalouti/Documents/Codex/2026-09-27/i/work/art/aircraft-final-production-v3/stage/assets/build/frames/unit.SA.gunship/beauty/move/d10_f01.png'
04:26.875  render           | Saved: '/Users/mohammedkalouti/Documents/Codex/2026-09-27/i/work/art/aircraft-final-production-v3/stage/assets/build/frames/unit.SA.gunship/team/move/d10_f01.png'
04:27.145  render           | Saved: '/var/folders/n4/43n_jxh10gg3s770b_8jbzb80000gn/T/fc-team-coverage-yqsagqnj.png'
04:28.063  render           | Saved: '/Users/mohammedkalouti/Documents/Codex/2026-09-27/i/work/art/aircraft-final-production-v3/stage/assets/build/frames/unit.SA.gunship/shadow/move/d10_f01.png'
04:28.707  render           | Saved: '/Users/mohammedkalouti/Documents/Codex/2026-09-27/i/work/art/aircraft-final-production-v3/stage/assets/build/frames/unit.SA.gunship/beauty/move/d10_f02.png'
04:29.209  render           | Saved: '/Users/mohammedkalouti/Documents/Codex/2026-09-27/i/work/art/aircraft-final-production-v3/stage/assets/build/frames/unit.SA.gunship/team/move/d10_f02.png'
04:29.484  render           | Saved: '/var/folders/n4/43n_jxh10gg3s770b_8jbzb80000gn/T/fc-team-coverage-23tcokyb.png'
04:30.394  render           | Saved: '/Users/mohammedkalouti/Documents/Codex/2026-09-27/i/work/art/aircraft-final-production-v3/stage/assets/build/frames/unit.SA.gunship/shadow/move/d10_f02.png'
04:31.051  render           | Saved: '/Users/mohammedkalouti/Documents/Codex/2026-09-27/i/work/art/aircraft-final-production-v3/stage/assets/build/frames/unit.SA.gunship/beauty/move/d10_f03.png'
04:31.552  render           | Saved: '/Users/mohammedkalouti/Documents/Codex/2026-09-27/i/work/art/aircraft-final-production-v3/stage/assets/build/frames/unit.SA.gunship/team/move/d10_f03.png'
04:31.838  render           | Saved: '/var/folders/n4/43n_jxh10gg3s770b_8jbzb80000gn/T/fc-team-coverage-gx0xlwx9.png'
04:32.755  render           | Saved: '/Users/mohammedkalouti/Documents/Codex/2026-09-27/i/work/art/aircraft-final-production-v3/stage/assets/build/frames/unit.SA.gunship/shadow/move/d10_f03.png'
04:33.410  render           | Saved: '/Users/mohammedkalouti/Documents/Codex/2026-09-27/i/work/art/aircraft-final-production-v3/stage/assets/build/frames/unit.SA.gunship/beauty/move/d11_f00.png'
04:33.930  render           | Saved: '/Users/mohammedkalouti/Documents/Codex/2026-09-27/i/work/art/aircraft-final-production-v3/stage/assets/build/frames/unit.SA.gunship/team/move/d11_f00.png'
04:34.203  render           | Saved: '/var/folders/n4/43n_jxh10gg3s770b_8jbzb80000gn/T/fc-team-coverage-js2s_b27.png'
04:35.130  render           | Saved: '/Users/mohammedkalouti/Documents/Codex/2026-09-27/i/work/art/aircraft-final-production-v3/stage/assets/build/frames/unit.SA.gunship/shadow/move/d11_f00.png'
04:35.804  render           | Saved: '/Users/mohammedkalouti/Documents/Codex/2026-09-27/i/work/art/aircraft-final-production-v3/stage/assets/build/frames/unit.SA.gunship/beauty/move/d11_f01.png'
04:36.311  render           | Saved: '/Users/mohammedkalouti/Documents/Codex/2026-09-27/i/work/art/aircraft-final-production-v3/stage/assets/build/frames/unit.SA.gunship/team/move/d11_f01.png'
04:36.577  render           | Saved: '/var/folders/n4/43n_jxh10gg3s770b_8jbzb80000gn/T/fc-team-coverage-hv01amem.png'
04:37.493  render           | Saved: '/Users/mohammedkalouti/Documents/Codex/2026-09-27/i/work/art/aircraft-final-production-v3/stage/assets/build/frames/unit.SA.gunship/shadow/move/d11_f01.png'
04:38.143  render           | Saved: '/Users/mohammedkalouti/Documents/Codex/2026-09-27/i/work/art/aircraft-final-production-v3/stage/assets/build/frames/unit.SA.gunship/beauty/move/d11_f02.png'
04:38.676  render           | Saved: '/Users/mohammedkalouti/Documents/Codex/2026-09-27/i/work/art/aircraft-final-production-v3/stage/assets/build/frames/unit.SA.gunship/team/move/d11_f02.png'
04:38.951  render           | Saved: '/var/folders/n4/43n_jxh10gg3s770b_8jbzb80000gn/T/fc-team-coverage-ab2wsyny.png'
04:39.953  render           | Saved: '/Users/mohammedkalouti/Documents/Codex/2026-09-27/i/work/art/aircraft-final-production-v3/stage/assets/build/frames/unit.SA.gunship/shadow/move/d11_f02.png'
04:40.615  render           | Saved: '/Users/mohammedkalouti/Documents/Codex/2026-09-27/i/work/art/aircraft-final-production-v3/stage/assets/build/frames/unit.SA.gunship/beauty/move/d11_f03.png'
04:41.118  render           | Saved: '/Users/mohammedkalouti/Documents/Codex/2026-09-27/i/work/art/aircraft-final-production-v3/stage/assets/build/frames/unit.SA.gunship/team/move/d11_f03.png'
04:41.385  render           | Saved: '/var/folders/n4/43n_jxh10gg3s770b_8jbzb80000gn/T/fc-team-coverage-x8rvij68.png'
04:42.295  render           | Saved: '/Users/mohammedkalouti/Documents/Codex/2026-09-27/i/work/art/aircraft-final-production-v3/stage/assets/build/frames/unit.SA.gunship/shadow/move/d11_f03.png'
04:42.950  render           | Saved: '/Users/mohammedkalouti/Documents/Codex/2026-09-27/i/work/art/aircraft-final-production-v3/stage/assets/build/frames/unit.SA.gunship/beauty/move/d12_f00.png'
04:43.460  render           | Saved: '/Users/mohammedkalouti/Documents/Codex/2026-09-27/i/work/art/aircraft-final-production-v3/stage/assets/build/frames/unit.SA.gunship/team/move/d12_f00.png'
04:43.729  render           | Saved: '/var/folders/n4/43n_jxh10gg3s770b_8jbzb80000gn/T/fc-team-coverage-n7iam2rt.png'
04:44.632  render           | Saved: '/Users/mohammedkalouti/Documents/Codex/2026-09-27/i/work/art/aircraft-final-production-v3/stage/assets/build/frames/unit.SA.gunship/shadow/move/d12_f00.png'
04:45.286  render           | Saved: '/Users/mohammedkalouti/Documents/Codex/2026-09-27/i/work/art/aircraft-final-production-v3/stage/assets/build/frames/unit.SA.gunship/beauty/move/d12_f01.png'
04:45.787  render           | Saved: '/Users/mohammedkalouti/Documents/Codex/2026-09-27/i/work/art/aircraft-final-production-v3/stage/assets/build/frames/unit.SA.gunship/team/move/d12_f01.png'
04:46.053  render           | Saved: '/var/folders/n4/43n_jxh10gg3s770b_8jbzb80000gn/T/fc-team-coverage-5ogwo5xt.png'
04:46.947  render           | Saved: '/Users/mohammedkalouti/Documents/Codex/2026-09-27/i/work/art/aircraft-final-production-v3/stage/assets/build/frames/unit.SA.gunship/shadow/move/d12_f01.png'
04:47.598  render           | Saved: '/Users/mohammedkalouti/Documents/Codex/2026-09-27/i/work/art/aircraft-final-production-v3/stage/assets/build/frames/unit.SA.gunship/beauty/move/d12_f02.png'
04:48.102  render           | Saved: '/Users/mohammedkalouti/Documents/Codex/2026-09-27/i/work/art/aircraft-final-production-v3/stage/assets/build/frames/unit.SA.gunship/team/move/d12_f02.png'
04:48.371  render           | Saved: '/var/folders/n4/43n_jxh10gg3s770b_8jbzb80000gn/T/fc-team-coverage-3ldqe43r.png'
04:49.276  render           | Saved: '/Users/mohammedkalouti/Documents/Codex/2026-09-27/i/work/art/aircraft-final-production-v3/stage/assets/build/frames/unit.SA.gunship/shadow/move/d12_f02.png'
04:49.933  render           | Saved: '/Users/mohammedkalouti/Documents/Codex/2026-09-27/i/work/art/aircraft-final-production-v3/stage/assets/build/frames/unit.SA.gunship/beauty/move/d12_f03.png'
04:50.430  render           | Saved: '/Users/mohammedkalouti/Documents/Codex/2026-09-27/i/work/art/aircraft-final-production-v3/stage/assets/build/frames/unit.SA.gunship/team/move/d12_f03.png'
04:50.701  render           | Saved: '/var/folders/n4/43n_jxh10gg3s770b_8jbzb80000gn/T/fc-team-coverage-owruu234.png'
04:51.599  render           | Saved: '/Users/mohammedkalouti/Documents/Codex/2026-09-27/i/work/art/aircraft-final-production-v3/stage/assets/build/frames/unit.SA.gunship/shadow/move/d12_f03.png'
04:52.258  render           | Saved: '/Users/mohammedkalouti/Documents/Codex/2026-09-27/i/work/art/aircraft-final-production-v3/stage/assets/build/frames/unit.SA.gunship/beauty/move/d13_f00.png'
04:52.757  render           | Saved: '/Users/mohammedkalouti/Documents/Codex/2026-09-27/i/work/art/aircraft-final-production-v3/stage/assets/build/frames/unit.SA.gunship/team/move/d13_f00.png'
04:53.036  render           | Saved: '/var/folders/n4/43n_jxh10gg3s770b_8jbzb80000gn/T/fc-team-coverage-qsyu5h6k.png'
04:53.952  render           | Saved: '/Users/mohammedkalouti/Documents/Codex/2026-09-27/i/work/art/aircraft-final-production-v3/stage/assets/build/frames/unit.SA.gunship/shadow/move/d13_f00.png'
04:54.632  render           | Saved: '/Users/mohammedkalouti/Documents/Codex/2026-09-27/i/work/art/aircraft-final-production-v3/stage/assets/build/frames/unit.SA.gunship/beauty/move/d13_f01.png'
04:55.144  render           | Saved: '/Users/mohammedkalouti/Documents/Codex/2026-09-27/i/work/art/aircraft-final-production-v3/stage/assets/build/frames/unit.SA.gunship/team/move/d13_f01.png'
04:55.417  render           | Saved: '/var/folders/n4/43n_jxh10gg3s770b_8jbzb80000gn/T/fc-team-coverage-wth0oofv.png'
04:56.329  render           | Saved: '/Users/mohammedkalouti/Documents/Codex/2026-09-27/i/work/art/aircraft-final-production-v3/stage/assets/build/frames/unit.SA.gunship/shadow/move/d13_f01.png'
04:57.022  render           | Saved: '/Users/mohammedkalouti/Documents/Codex/2026-09-27/i/work/art/aircraft-final-production-v3/stage/assets/build/frames/unit.SA.gunship/beauty/move/d13_f02.png'
04:57.556  render           | Saved: '/Users/mohammedkalouti/Documents/Codex/2026-09-27/i/work/art/aircraft-final-production-v3/stage/assets/build/frames/unit.SA.gunship/team/move/d13_f02.png'
04:57.853  render           | Saved: '/var/folders/n4/43n_jxh10gg3s770b_8jbzb80000gn/T/fc-team-coverage-wgfy7kim.png'
04:58.774  render           | Saved: '/Users/mohammedkalouti/Documents/Codex/2026-09-27/i/work/art/aircraft-final-production-v3/stage/assets/build/frames/unit.SA.gunship/shadow/move/d13_f02.png'
04:59.436  render           | Saved: '/Users/mohammedkalouti/Documents/Codex/2026-09-27/i/work/art/aircraft-final-production-v3/stage/assets/build/frames/unit.SA.gunship/beauty/move/d13_f03.png'
04:59.939  render           | Saved: '/Users/mohammedkalouti/Documents/Codex/2026-09-27/i/work/art/aircraft-final-production-v3/stage/assets/build/frames/unit.SA.gunship/team/move/d13_f03.png'
05:00.204  render           | Saved: '/var/folders/n4/43n_jxh10gg3s770b_8jbzb80000gn/T/fc-team-coverage-qp9rgtyx.png'
05:01.118  render           | Saved: '/Users/mohammedkalouti/Documents/Codex/2026-09-27/i/work/art/aircraft-final-production-v3/stage/assets/build/frames/unit.SA.gunship/shadow/move/d13_f03.png'
05:01.803  render           | Saved: '/Users/mohammedkalouti/Documents/Codex/2026-09-27/i/work/art/aircraft-final-production-v3/stage/assets/build/frames/unit.SA.gunship/beauty/move/d14_f00.png'
05:02.293  render           | Saved: '/Users/mohammedkalouti/Documents/Codex/2026-09-27/i/work/art/aircraft-final-production-v3/stage/assets/build/frames/unit.SA.gunship/team/move/d14_f00.png'
05:02.566  render           | Saved: '/var/folders/n4/43n_jxh10gg3s770b_8jbzb80000gn/T/fc-team-coverage-gybr1gs_.png'
05:03.481  render           | Saved: '/Users/mohammedkalouti/Documents/Codex/2026-09-27/i/work/art/aircraft-final-production-v3/stage/assets/build/frames/unit.SA.gunship/shadow/move/d14_f00.png'
05:04.171  render           | Saved: '/Users/mohammedkalouti/Documents/Codex/2026-09-27/i/work/art/aircraft-final-production-v3/stage/assets/build/frames/unit.SA.gunship/beauty/move/d14_f01.png'
05:04.670  render           | Saved: '/Users/mohammedkalouti/Documents/Codex/2026-09-27/i/work/art/aircraft-final-production-v3/stage/assets/build/frames/unit.SA.gunship/team/move/d14_f01.png'
05:04.934  render           | Saved: '/var/folders/n4/43n_jxh10gg3s770b_8jbzb80000gn/T/fc-team-coverage-33za2pnd.png'
05:05.875  render           | Saved: '/Users/mohammedkalouti/Documents/Codex/2026-09-27/i/work/art/aircraft-final-production-v3/stage/assets/build/frames/unit.SA.gunship/shadow/move/d14_f01.png'
05:06.565  render           | Saved: '/Users/mohammedkalouti/Documents/Codex/2026-09-27/i/work/art/aircraft-final-production-v3/stage/assets/build/frames/unit.SA.gunship/beauty/move/d14_f02.png'
05:07.083  render           | Saved: '/Users/mohammedkalouti/Documents/Codex/2026-09-27/i/work/art/aircraft-final-production-v3/stage/assets/build/frames/unit.SA.gunship/team/move/d14_f02.png'
05:07.355  render           | Saved: '/var/folders/n4/43n_jxh10gg3s770b_8jbzb80000gn/T/fc-team-coverage-64ik84zk.png'
05:08.264  render           | Saved: '/Users/mohammedkalouti/Documents/Codex/2026-09-27/i/work/art/aircraft-final-production-v3/stage/assets/build/frames/unit.SA.gunship/shadow/move/d14_f02.png'
05:08.943  render           | Saved: '/Users/mohammedkalouti/Documents/Codex/2026-09-27/i/work/art/aircraft-final-production-v3/stage/assets/build/frames/unit.SA.gunship/beauty/move/d14_f03.png'
05:09.439  render           | Saved: '/Users/mohammedkalouti/Documents/Codex/2026-09-27/i/work/art/aircraft-final-production-v3/stage/assets/build/frames/unit.SA.gunship/team/move/d14_f03.png'
05:09.704  render           | Saved: '/var/folders/n4/43n_jxh10gg3s770b_8jbzb80000gn/T/fc-team-coverage-06vvuw_d.png'
05:10.619  render           | Saved: '/Users/mohammedkalouti/Documents/Codex/2026-09-27/i/work/art/aircraft-final-production-v3/stage/assets/build/frames/unit.SA.gunship/shadow/move/d14_f03.png'
05:11.306  render           | Saved: '/Users/mohammedkalouti/Documents/Codex/2026-09-27/i/work/art/aircraft-final-production-v3/stage/assets/build/frames/unit.SA.gunship/beauty/move/d15_f00.png'
05:11.801  render           | Saved: '/Users/mohammedkalouti/Documents/Codex/2026-09-27/i/work/art/aircraft-final-production-v3/stage/assets/build/frames/unit.SA.gunship/team/move/d15_f00.png'
05:12.072  render           | Saved: '/var/folders/n4/43n_jxh10gg3s770b_8jbzb80000gn/T/fc-team-coverage-ezz8tc2_.png'
05:12.976  render           | Saved: '/Users/mohammedkalouti/Documents/Codex/2026-09-27/i/work/art/aircraft-final-production-v3/stage/assets/build/frames/unit.SA.gunship/shadow/move/d15_f00.png'
05:13.659  render           | Saved: '/Users/mohammedkalouti/Documents/Codex/2026-09-27/i/work/art/aircraft-final-production-v3/stage/assets/build/frames/unit.SA.gunship/beauty/move/d15_f01.png'
05:14.155  render           | Saved: '/Users/mohammedkalouti/Documents/Codex/2026-09-27/i/work/art/aircraft-final-production-v3/stage/assets/build/frames/unit.SA.gunship/team/move/d15_f01.png'
05:14.425  render           | Saved: '/var/folders/n4/43n_jxh10gg3s770b_8jbzb80000gn/T/fc-team-coverage-lx4e6e29.png'
05:15.347  render           | Saved: '/Users/mohammedkalouti/Documents/Codex/2026-09-27/i/work/art/aircraft-final-production-v3/stage/assets/build/frames/unit.SA.gunship/shadow/move/d15_f01.png'
05:16.038  render           | Saved: '/Users/mohammedkalouti/Documents/Codex/2026-09-27/i/work/art/aircraft-final-production-v3/stage/assets/build/frames/unit.SA.gunship/beauty/move/d15_f02.png'
05:16.541  render           | Saved: '/Users/mohammedkalouti/Documents/Codex/2026-09-27/i/work/art/aircraft-final-production-v3/stage/assets/build/frames/unit.SA.gunship/team/move/d15_f02.png'
05:16.803  render           | Saved: '/var/folders/n4/43n_jxh10gg3s770b_8jbzb80000gn/T/fc-team-coverage-yiia2zhg.png'
05:17.792  render           | Saved: '/Users/mohammedkalouti/Documents/Codex/2026-09-27/i/work/art/aircraft-final-production-v3/stage/assets/build/frames/unit.SA.gunship/shadow/move/d15_f02.png'
05:18.519  render           | Saved: '/Users/mohammedkalouti/Documents/Codex/2026-09-27/i/work/art/aircraft-final-production-v3/stage/assets/build/frames/unit.SA.gunship/beauty/move/d15_f03.png'
05:19.041  render           | Saved: '/Users/mohammedkalouti/Documents/Codex/2026-09-27/i/work/art/aircraft-final-production-v3/stage/assets/build/frames/unit.SA.gunship/team/move/d15_f03.png'
05:19.323  render           | Saved: '/var/folders/n4/43n_jxh10gg3s770b_8jbzb80000gn/T/fc-team-coverage-my87xyyl.png'
05:20.259  render           | Saved: '/Users/mohammedkalouti/Documents/Codex/2026-09-27/i/work/art/aircraft-final-production-v3/stage/assets/build/frames/unit.SA.gunship/shadow/move/d15_f03.png'
05:20.993  render           | Saved: '/Users/mohammedkalouti/Documents/Codex/2026-09-27/i/work/art/aircraft-final-production-v3/stage/assets/build/frames/unit.SA.gunship/beauty/fire/d00_f00.png'
05:21.501  render           | Saved: '/Users/mohammedkalouti/Documents/Codex/2026-09-27/i/work/art/aircraft-final-production-v3/stage/assets/build/frames/unit.SA.gunship/team/fire/d00_f00.png'
05:21.790  render           | Saved: '/var/folders/n4/43n_jxh10gg3s770b_8jbzb80000gn/T/fc-team-coverage-6z7rycxu.png'
05:22.732  render           | Saved: '/Users/mohammedkalouti/Documents/Codex/2026-09-27/i/work/art/aircraft-final-production-v3/stage/assets/build/frames/unit.SA.gunship/shadow/fire/d00_f00.png'
05:23.437  render           | Saved: '/Users/mohammedkalouti/Documents/Codex/2026-09-27/i/work/art/aircraft-final-production-v3/stage/assets/build/frames/unit.SA.gunship/beauty/fire/d00_f01.png'
05:23.978  render           | Saved: '/Users/mohammedkalouti/Documents/Codex/2026-09-27/i/work/art/aircraft-final-production-v3/stage/assets/build/frames/unit.SA.gunship/team/fire/d00_f01.png'
05:24.266  render           | Saved: '/var/folders/n4/43n_jxh10gg3s770b_8jbzb80000gn/T/fc-team-coverage-lkd3b432.png'
05:25.199  render           | Saved: '/Users/mohammedkalouti/Documents/Codex/2026-09-27/i/work/art/aircraft-final-production-v3/stage/assets/build/frames/unit.SA.gunship/shadow/fire/d00_f01.png'
05:25.891  render           | Saved: '/Users/mohammedkalouti/Documents/Codex/2026-09-27/i/work/art/aircraft-final-production-v3/stage/assets/build/frames/unit.SA.gunship/beauty/fire/d00_f02.png'
05:26.405  render           | Saved: '/Users/mohammedkalouti/Documents/Codex/2026-09-27/i/work/art/aircraft-final-production-v3/stage/assets/build/frames/unit.SA.gunship/team/fire/d00_f02.png'
05:26.669  render           | Saved: '/var/folders/n4/43n_jxh10gg3s770b_8jbzb80000gn/T/fc-team-coverage-_ixd7gw5.png'
05:27.577  render           | Saved: '/Users/mohammedkalouti/Documents/Codex/2026-09-27/i/work/art/aircraft-final-production-v3/stage/assets/build/frames/unit.SA.gunship/shadow/fire/d00_f02.png'
05:28.256  render           | Saved: '/Users/mohammedkalouti/Documents/Codex/2026-09-27/i/work/art/aircraft-final-production-v3/stage/assets/build/frames/unit.SA.gunship/beauty/fire/d01_f00.png'
05:28.774  render           | Saved: '/Users/mohammedkalouti/Documents/Codex/2026-09-27/i/work/art/aircraft-final-production-v3/stage/assets/build/frames/unit.SA.gunship/team/fire/d01_f00.png'
05:29.056  render           | Saved: '/var/folders/n4/43n_jxh10gg3s770b_8jbzb80000gn/T/fc-team-coverage-_86qx7oi.png'
05:29.986  render           | Saved: '/Users/mohammedkalouti/Documents/Codex/2026-09-27/i/work/art/aircraft-final-production-v3/stage/assets/build/frames/unit.SA.gunship/shadow/fire/d01_f00.png'
05:30.676  render           | Saved: '/Users/mohammedkalouti/Documents/Codex/2026-09-27/i/work/art/aircraft-final-production-v3/stage/assets/build/frames/unit.SA.gunship/beauty/fire/d01_f01.png'
05:31.181  render           | Saved: '/Users/mohammedkalouti/Documents/Codex/2026-09-27/i/work/art/aircraft-final-production-v3/stage/assets/build/frames/unit.SA.gunship/team/fire/d01_f01.png'
05:31.455  render           | Saved: '/var/folders/n4/43n_jxh10gg3s770b_8jbzb80000gn/T/fc-team-coverage-6jf5jemk.png'
05:32.391  render           | Saved: '/Users/mohammedkalouti/Documents/Codex/2026-09-27/i/work/art/aircraft-final-production-v3/stage/assets/build/frames/unit.SA.gunship/shadow/fire/d01_f01.png'
05:33.164  render           | Saved: '/Users/mohammedkalouti/Documents/Codex/2026-09-27/i/work/art/aircraft-final-production-v3/stage/assets/build/frames/unit.SA.gunship/beauty/fire/d01_f02.png'
05:33.696  render           | Saved: '/Users/mohammedkalouti/Documents/Codex/2026-09-27/i/work/art/aircraft-final-production-v3/stage/assets/build/frames/unit.SA.gunship/team/fire/d01_f02.png'
05:33.994  render           | Saved: '/var/folders/n4/43n_jxh10gg3s770b_8jbzb80000gn/T/fc-team-coverage-4x2uvies.png'
05:34.970  render           | Saved: '/Users/mohammedkalouti/Documents/Codex/2026-09-27/i/work/art/aircraft-final-production-v3/stage/assets/build/frames/unit.SA.gunship/shadow/fire/d01_f02.png'
05:35.709  render           | Saved: '/Users/mohammedkalouti/Documents/Codex/2026-09-27/i/work/art/aircraft-final-production-v3/stage/assets/build/frames/unit.SA.gunship/beauty/fire/d02_f00.png'
05:36.239  render           | Saved: '/Users/mohammedkalouti/Documents/Codex/2026-09-27/i/work/art/aircraft-final-production-v3/stage/assets/build/frames/unit.SA.gunship/team/fire/d02_f00.png'
05:36.523  render           | Saved: '/var/folders/n4/43n_jxh10gg3s770b_8jbzb80000gn/T/fc-team-coverage-cqmv1a_q.png'
05:37.527  render           | Saved: '/Users/mohammedkalouti/Documents/Codex/2026-09-27/i/work/art/aircraft-final-production-v3/stage/assets/build/frames/unit.SA.gunship/shadow/fire/d02_f00.png'
05:38.239  render           | Saved: '/Users/mohammedkalouti/Documents/Codex/2026-09-27/i/work/art/aircraft-final-production-v3/stage/assets/build/frames/unit.SA.gunship/beauty/fire/d02_f01.png'
05:38.746  render           | Saved: '/Users/mohammedkalouti/Documents/Codex/2026-09-27/i/work/art/aircraft-final-production-v3/stage/assets/build/frames/unit.SA.gunship/team/fire/d02_f01.png'
05:39.025  render           | Saved: '/var/folders/n4/43n_jxh10gg3s770b_8jbzb80000gn/T/fc-team-coverage-5zc9com5.png'
05:39.964  render           | Saved: '/Users/mohammedkalouti/Documents/Codex/2026-09-27/i/work/art/aircraft-final-production-v3/stage/assets/build/frames/unit.SA.gunship/shadow/fire/d02_f01.png'
05:40.643  render           | Saved: '/Users/mohammedkalouti/Documents/Codex/2026-09-27/i/work/art/aircraft-final-production-v3/stage/assets/build/frames/unit.SA.gunship/beauty/fire/d02_f02.png'
05:41.143  render           | Saved: '/Users/mohammedkalouti/Documents/Codex/2026-09-27/i/work/art/aircraft-final-production-v3/stage/assets/build/frames/unit.SA.gunship/team/fire/d02_f02.png'
05:41.416  render           | Saved: '/var/folders/n4/43n_jxh10gg3s770b_8jbzb80000gn/T/fc-team-coverage-7uqq4rr_.png'
05:42.353  render           | Saved: '/Users/mohammedkalouti/Documents/Codex/2026-09-27/i/work/art/aircraft-final-production-v3/stage/assets/build/frames/unit.SA.gunship/shadow/fire/d02_f02.png'
05:43.098  render           | Saved: '/Users/mohammedkalouti/Documents/Codex/2026-09-27/i/work/art/aircraft-final-production-v3/stage/assets/build/frames/unit.SA.gunship/beauty/fire/d03_f00.png'
05:43.628  render           | Saved: '/Users/mohammedkalouti/Documents/Codex/2026-09-27/i/work/art/aircraft-final-production-v3/stage/assets/build/frames/unit.SA.gunship/team/fire/d03_f00.png'
05:43.916  render           | Saved: '/var/folders/n4/43n_jxh10gg3s770b_8jbzb80000gn/T/fc-team-coverage-3qb63v6z.png'
05:44.959  render           | Saved: '/Users/mohammedkalouti/Documents/Codex/2026-09-27/i/work/art/aircraft-final-production-v3/stage/assets/build/frames/unit.SA.gunship/shadow/fire/d03_f00.png'
05:45.657  render           | Saved: '/Users/mohammedkalouti/Documents/Codex/2026-09-27/i/work/art/aircraft-final-production-v3/stage/assets/build/frames/unit.SA.gunship/beauty/fire/d03_f01.png'
05:46.157  render           | Saved: '/Users/mohammedkalouti/Documents/Codex/2026-09-27/i/work/art/aircraft-final-production-v3/stage/assets/build/frames/unit.SA.gunship/team/fire/d03_f01.png'
05:46.437  render           | Saved: '/var/folders/n4/43n_jxh10gg3s770b_8jbzb80000gn/T/fc-team-coverage-xh2qppkk.png'
05:47.373  render           | Saved: '/Users/mohammedkalouti/Documents/Codex/2026-09-27/i/work/art/aircraft-final-production-v3/stage/assets/build/frames/unit.SA.gunship/shadow/fire/d03_f01.png'
05:48.070  render           | Saved: '/Users/mohammedkalouti/Documents/Codex/2026-09-27/i/work/art/aircraft-final-production-v3/stage/assets/build/frames/unit.SA.gunship/beauty/fire/d03_f02.png'
05:48.577  render           | Saved: '/Users/mohammedkalouti/Documents/Codex/2026-09-27/i/work/art/aircraft-final-production-v3/stage/assets/build/frames/unit.SA.gunship/team/fire/d03_f02.png'
05:48.854  render           | Saved: '/var/folders/n4/43n_jxh10gg3s770b_8jbzb80000gn/T/fc-team-coverage-qffut4e3.png'
05:49.785  render           | Saved: '/Users/mohammedkalouti/Documents/Codex/2026-09-27/i/work/art/aircraft-final-production-v3/stage/assets/build/frames/unit.SA.gunship/shadow/fire/d03_f02.png'
05:50.490  render           | Saved: '/Users/mohammedkalouti/Documents/Codex/2026-09-27/i/work/art/aircraft-final-production-v3/stage/assets/build/frames/unit.SA.gunship/beauty/fire/d04_f00.png'
05:51.018  render           | Saved: '/Users/mohammedkalouti/Documents/Codex/2026-09-27/i/work/art/aircraft-final-production-v3/stage/assets/build/frames/unit.SA.gunship/team/fire/d04_f00.png'
05:51.308  render           | Saved: '/var/folders/n4/43n_jxh10gg3s770b_8jbzb80000gn/T/fc-team-coverage-i745kkbq.png'
05:52.248  render           | Saved: '/Users/mohammedkalouti/Documents/Codex/2026-09-27/i/work/art/aircraft-final-production-v3/stage/assets/build/frames/unit.SA.gunship/shadow/fire/d04_f00.png'
05:52.948  render           | Saved: '/Users/mohammedkalouti/Documents/Codex/2026-09-27/i/work/art/aircraft-final-production-v3/stage/assets/build/frames/unit.SA.gunship/beauty/fire/d04_f01.png'
05:53.448  render           | Saved: '/Users/mohammedkalouti/Documents/Codex/2026-09-27/i/work/art/aircraft-final-production-v3/stage/assets/build/frames/unit.SA.gunship/team/fire/d04_f01.png'
05:53.721  render           | Saved: '/var/folders/n4/43n_jxh10gg3s770b_8jbzb80000gn/T/fc-team-coverage-v2lldbkh.png'
05:54.640  render           | Saved: '/Users/mohammedkalouti/Documents/Codex/2026-09-27/i/work/art/aircraft-final-production-v3/stage/assets/build/frames/unit.SA.gunship/shadow/fire/d04_f01.png'
05:55.366  render           | Saved: '/Users/mohammedkalouti/Documents/Codex/2026-09-27/i/work/art/aircraft-final-production-v3/stage/assets/build/frames/unit.SA.gunship/beauty/fire/d04_f02.png'
05:55.879  render           | Saved: '/Users/mohammedkalouti/Documents/Codex/2026-09-27/i/work/art/aircraft-final-production-v3/stage/assets/build/frames/unit.SA.gunship/team/fire/d04_f02.png'
05:56.158  render           | Saved: '/var/folders/n4/43n_jxh10gg3s770b_8jbzb80000gn/T/fc-team-coverage-1ik38spi.png'
05:57.078  render           | Saved: '/Users/mohammedkalouti/Documents/Codex/2026-09-27/i/work/art/aircraft-final-production-v3/stage/assets/build/frames/unit.SA.gunship/shadow/fire/d04_f02.png'
05:57.796  render           | Saved: '/Users/mohammedkalouti/Documents/Codex/2026-09-27/i/work/art/aircraft-final-production-v3/stage/assets/build/frames/unit.SA.gunship/beauty/fire/d05_f00.png'
05:58.325  render           | Saved: '/Users/mohammedkalouti/Documents/Codex/2026-09-27/i/work/art/aircraft-final-production-v3/stage/assets/build/frames/unit.SA.gunship/team/fire/d05_f00.png'
05:58.613  render           | Saved: '/var/folders/n4/43n_jxh10gg3s770b_8jbzb80000gn/T/fc-team-coverage-w75wz9v3.png'
05:59.572  render           | Saved: '/Users/mohammedkalouti/Documents/Codex/2026-09-27/i/work/art/aircraft-final-production-v3/stage/assets/build/frames/unit.SA.gunship/shadow/fire/d05_f00.png'
06:00.287  render           | Saved: '/Users/mohammedkalouti/Documents/Codex/2026-09-27/i/work/art/aircraft-final-production-v3/stage/assets/build/frames/unit.SA.gunship/beauty/fire/d05_f01.png'
06:00.806  render           | Saved: '/Users/mohammedkalouti/Documents/Codex/2026-09-27/i/work/art/aircraft-final-production-v3/stage/assets/build/frames/unit.SA.gunship/team/fire/d05_f01.png'
06:01.088  render           | Saved: '/var/folders/n4/43n_jxh10gg3s770b_8jbzb80000gn/T/fc-team-coverage-ugpk9box.png'
06:02.032  render           | Saved: '/Users/mohammedkalouti/Documents/Codex/2026-09-27/i/work/art/aircraft-final-production-v3/stage/assets/build/frames/unit.SA.gunship/shadow/fire/d05_f01.png'
06:02.745  render           | Saved: '/Users/mohammedkalouti/Documents/Codex/2026-09-27/i/work/art/aircraft-final-production-v3/stage/assets/build/frames/unit.SA.gunship/beauty/fire/d05_f02.png'
06:03.246  render           | Saved: '/Users/mohammedkalouti/Documents/Codex/2026-09-27/i/work/art/aircraft-final-production-v3/stage/assets/build/frames/unit.SA.gunship/team/fire/d05_f02.png'
06:03.514  render           | Saved: '/var/folders/n4/43n_jxh10gg3s770b_8jbzb80000gn/T/fc-team-coverage-axb4gxiw.png'
06:04.419  render           | Saved: '/Users/mohammedkalouti/Documents/Codex/2026-09-27/i/work/art/aircraft-final-production-v3/stage/assets/build/frames/unit.SA.gunship/shadow/fire/d05_f02.png'
06:05.144  render           | Saved: '/Users/mohammedkalouti/Documents/Codex/2026-09-27/i/work/art/aircraft-final-production-v3/stage/assets/build/frames/unit.SA.gunship/beauty/fire/d06_f00.png'
06:05.661  render           | Saved: '/Users/mohammedkalouti/Documents/Codex/2026-09-27/i/work/art/aircraft-final-production-v3/stage/assets/build/frames/unit.SA.gunship/team/fire/d06_f00.png'
06:05.934  render           | Saved: '/var/folders/n4/43n_jxh10gg3s770b_8jbzb80000gn/T/fc-team-coverage-oh6pl0p_.png'
06:06.929  render           | Saved: '/Users/mohammedkalouti/Documents/Codex/2026-09-27/i/work/art/aircraft-final-production-v3/stage/assets/build/frames/unit.SA.gunship/shadow/fire/d06_f00.png'
06:07.654  render           | Saved: '/Users/mohammedkalouti/Documents/Codex/2026-09-27/i/work/art/aircraft-final-production-v3/stage/assets/build/frames/unit.SA.gunship/beauty/fire/d06_f01.png'
06:08.166  render           | Saved: '/Users/mohammedkalouti/Documents/Codex/2026-09-27/i/work/art/aircraft-final-production-v3/stage/assets/build/frames/unit.SA.gunship/team/fire/d06_f01.png'
06:08.428  render           | Saved: '/var/folders/n4/43n_jxh10gg3s770b_8jbzb80000gn/T/fc-team-coverage-6decfun0.png'
06:09.383  render           | Saved: '/Users/mohammedkalouti/Documents/Codex/2026-09-27/i/work/art/aircraft-final-production-v3/stage/assets/build/frames/unit.SA.gunship/shadow/fire/d06_f01.png'
06:10.080  render           | Saved: '/Users/mohammedkalouti/Documents/Codex/2026-09-27/i/work/art/aircraft-final-production-v3/stage/assets/build/frames/unit.SA.gunship/beauty/fire/d06_f02.png'
06:10.608  render           | Saved: '/Users/mohammedkalouti/Documents/Codex/2026-09-27/i/work/art/aircraft-final-production-v3/stage/assets/build/frames/unit.SA.gunship/team/fire/d06_f02.png'
06:10.884  render           | Saved: '/var/folders/n4/43n_jxh10gg3s770b_8jbzb80000gn/T/fc-team-coverage-nd8bpp14.png'
06:11.830  render           | Saved: '/Users/mohammedkalouti/Documents/Codex/2026-09-27/i/work/art/aircraft-final-production-v3/stage/assets/build/frames/unit.SA.gunship/shadow/fire/d06_f02.png'
06:12.554  render           | Saved: '/Users/mohammedkalouti/Documents/Codex/2026-09-27/i/work/art/aircraft-final-production-v3/stage/assets/build/frames/unit.SA.gunship/beauty/fire/d07_f00.png'
06:13.073  render           | Saved: '/Users/mohammedkalouti/Documents/Codex/2026-09-27/i/work/art/aircraft-final-production-v3/stage/assets/build/frames/unit.SA.gunship/team/fire/d07_f00.png'
06:13.348  render           | Saved: '/var/folders/n4/43n_jxh10gg3s770b_8jbzb80000gn/T/fc-team-coverage-vi_w85i4.png'
06:14.338  render           | Saved: '/Users/mohammedkalouti/Documents/Codex/2026-09-27/i/work/art/aircraft-final-production-v3/stage/assets/build/frames/unit.SA.gunship/shadow/fire/d07_f00.png'
06:15.054  render           | Saved: '/Users/mohammedkalouti/Documents/Codex/2026-09-27/i/work/art/aircraft-final-production-v3/stage/assets/build/frames/unit.SA.gunship/beauty/fire/d07_f01.png'
06:15.572  render           | Saved: '/Users/mohammedkalouti/Documents/Codex/2026-09-27/i/work/art/aircraft-final-production-v3/stage/assets/build/frames/unit.SA.gunship/team/fire/d07_f01.png'
06:15.837  render           | Saved: '/var/folders/n4/43n_jxh10gg3s770b_8jbzb80000gn/T/fc-team-coverage-qibtaf5e.png'
06:16.804  render           | Saved: '/Users/mohammedkalouti/Documents/Codex/2026-09-27/i/work/art/aircraft-final-production-v3/stage/assets/build/frames/unit.SA.gunship/shadow/fire/d07_f01.png'
06:17.530  render           | Saved: '/Users/mohammedkalouti/Documents/Codex/2026-09-27/i/work/art/aircraft-final-production-v3/stage/assets/build/frames/unit.SA.gunship/beauty/fire/d07_f02.png'
06:18.049  render           | Saved: '/Users/mohammedkalouti/Documents/Codex/2026-09-27/i/work/art/aircraft-final-production-v3/stage/assets/build/frames/unit.SA.gunship/team/fire/d07_f02.png'
06:18.313  render           | Saved: '/var/folders/n4/43n_jxh10gg3s770b_8jbzb80000gn/T/fc-team-coverage-0ctp66tm.png'
06:19.241  render           | Saved: '/Users/mohammedkalouti/Documents/Codex/2026-09-27/i/work/art/aircraft-final-production-v3/stage/assets/build/frames/unit.SA.gunship/shadow/fire/d07_f02.png'
06:19.960  render           | Saved: '/Users/mohammedkalouti/Documents/Codex/2026-09-27/i/work/art/aircraft-final-production-v3/stage/assets/build/frames/unit.SA.gunship/beauty/fire/d08_f00.png'
06:20.489  render           | Saved: '/Users/mohammedkalouti/Documents/Codex/2026-09-27/i/work/art/aircraft-final-production-v3/stage/assets/build/frames/unit.SA.gunship/team/fire/d08_f00.png'
06:20.779  render           | Saved: '/var/folders/n4/43n_jxh10gg3s770b_8jbzb80000gn/T/fc-team-coverage-ojb8vrhl.png'
06:21.689  render           | Saved: '/Users/mohammedkalouti/Documents/Codex/2026-09-27/i/work/art/aircraft-final-production-v3/stage/assets/build/frames/unit.SA.gunship/shadow/fire/d08_f00.png'
06:22.376  render           | Saved: '/Users/mohammedkalouti/Documents/Codex/2026-09-27/i/work/art/aircraft-final-production-v3/stage/assets/build/frames/unit.SA.gunship/beauty/fire/d08_f01.png'
06:22.887  render           | Saved: '/Users/mohammedkalouti/Documents/Codex/2026-09-27/i/work/art/aircraft-final-production-v3/stage/assets/build/frames/unit.SA.gunship/team/fire/d08_f01.png'
06:23.178  render           | Saved: '/var/folders/n4/43n_jxh10gg3s770b_8jbzb80000gn/T/fc-team-coverage-djixbrei.png'
06:24.110  render           | Saved: '/Users/mohammedkalouti/Documents/Codex/2026-09-27/i/work/art/aircraft-final-production-v3/stage/assets/build/frames/unit.SA.gunship/shadow/fire/d08_f01.png'
06:24.819  render           | Saved: '/Users/mohammedkalouti/Documents/Codex/2026-09-27/i/work/art/aircraft-final-production-v3/stage/assets/build/frames/unit.SA.gunship/beauty/fire/d08_f02.png'
06:25.394  render           | Saved: '/Users/mohammedkalouti/Documents/Codex/2026-09-27/i/work/art/aircraft-final-production-v3/stage/assets/build/frames/unit.SA.gunship/team/fire/d08_f02.png'
06:25.683  render           | Saved: '/var/folders/n4/43n_jxh10gg3s770b_8jbzb80000gn/T/fc-team-coverage-ieleseiy.png'
06:26.666  render           | Saved: '/Users/mohammedkalouti/Documents/Codex/2026-09-27/i/work/art/aircraft-final-production-v3/stage/assets/build/frames/unit.SA.gunship/shadow/fire/d08_f02.png'
06:27.369  render           | Saved: '/Users/mohammedkalouti/Documents/Codex/2026-09-27/i/work/art/aircraft-final-production-v3/stage/assets/build/frames/unit.SA.gunship/beauty/fire/d09_f00.png'
06:27.900  render           | Saved: '/Users/mohammedkalouti/Documents/Codex/2026-09-27/i/work/art/aircraft-final-production-v3/stage/assets/build/frames/unit.SA.gunship/team/fire/d09_f00.png'
06:28.192  render           | Saved: '/var/folders/n4/43n_jxh10gg3s770b_8jbzb80000gn/T/fc-team-coverage-yo7ktk95.png'
06:29.128  render           | Saved: '/Users/mohammedkalouti/Documents/Codex/2026-09-27/i/work/art/aircraft-final-production-v3/stage/assets/build/frames/unit.SA.gunship/shadow/fire/d09_f00.png'
06:29.817  render           | Saved: '/Users/mohammedkalouti/Documents/Codex/2026-09-27/i/work/art/aircraft-final-production-v3/stage/assets/build/frames/unit.SA.gunship/beauty/fire/d09_f01.png'
06:30.349  render           | Saved: '/Users/mohammedkalouti/Documents/Codex/2026-09-27/i/work/art/aircraft-final-production-v3/stage/assets/build/frames/unit.SA.gunship/team/fire/d09_f01.png'
06:30.650  render           | Saved: '/var/folders/n4/43n_jxh10gg3s770b_8jbzb80000gn/T/fc-team-coverage-kkp1i88b.png'
06:31.615  render           | Saved: '/Users/mohammedkalouti/Documents/Codex/2026-09-27/i/work/art/aircraft-final-production-v3/stage/assets/build/frames/unit.SA.gunship/shadow/fire/d09_f01.png'
06:32.315  render           | Saved: '/Users/mohammedkalouti/Documents/Codex/2026-09-27/i/work/art/aircraft-final-production-v3/stage/assets/build/frames/unit.SA.gunship/beauty/fire/d09_f02.png'
06:32.857  render           | Saved: '/Users/mohammedkalouti/Documents/Codex/2026-09-27/i/work/art/aircraft-final-production-v3/stage/assets/build/frames/unit.SA.gunship/team/fire/d09_f02.png'
06:33.140  render           | Saved: '/var/folders/n4/43n_jxh10gg3s770b_8jbzb80000gn/T/fc-team-coverage-ywugzcxx.png'
06:34.080  render           | Saved: '/Users/mohammedkalouti/Documents/Codex/2026-09-27/i/work/art/aircraft-final-production-v3/stage/assets/build/frames/unit.SA.gunship/shadow/fire/d09_f02.png'
06:34.836  render           | Saved: '/Users/mohammedkalouti/Documents/Codex/2026-09-27/i/work/art/aircraft-final-production-v3/stage/assets/build/frames/unit.SA.gunship/beauty/fire/d10_f00.png'
06:35.379  render           | Saved: '/Users/mohammedkalouti/Documents/Codex/2026-09-27/i/work/art/aircraft-final-production-v3/stage/assets/build/frames/unit.SA.gunship/team/fire/d10_f00.png'
06:35.671  render           | Saved: '/var/folders/n4/43n_jxh10gg3s770b_8jbzb80000gn/T/fc-team-coverage-ltmh6yqw.png'
06:36.750  render           | Saved: '/Users/mohammedkalouti/Documents/Codex/2026-09-27/i/work/art/aircraft-final-production-v3/stage/assets/build/frames/unit.SA.gunship/shadow/fire/d10_f00.png'
06:37.502  render           | Saved: '/Users/mohammedkalouti/Documents/Codex/2026-09-27/i/work/art/aircraft-final-production-v3/stage/assets/build/frames/unit.SA.gunship/beauty/fire/d10_f01.png'
06:38.044  render           | Saved: '/Users/mohammedkalouti/Documents/Codex/2026-09-27/i/work/art/aircraft-final-production-v3/stage/assets/build/frames/unit.SA.gunship/team/fire/d10_f01.png'
06:38.347  render           | Saved: '/var/folders/n4/43n_jxh10gg3s770b_8jbzb80000gn/T/fc-team-coverage-8vlmrwyc.png'
06:39.493  render           | Saved: '/Users/mohammedkalouti/Documents/Codex/2026-09-27/i/work/art/aircraft-final-production-v3/stage/assets/build/frames/unit.SA.gunship/shadow/fire/d10_f01.png'
06:40.221  render           | Saved: '/Users/mohammedkalouti/Documents/Codex/2026-09-27/i/work/art/aircraft-final-production-v3/stage/assets/build/frames/unit.SA.gunship/beauty/fire/d10_f02.png'
06:40.767  render           | Saved: '/Users/mohammedkalouti/Documents/Codex/2026-09-27/i/work/art/aircraft-final-production-v3/stage/assets/build/frames/unit.SA.gunship/team/fire/d10_f02.png'
06:41.064  render           | Saved: '/var/folders/n4/43n_jxh10gg3s770b_8jbzb80000gn/T/fc-team-coverage-v4zzay3l.png'
06:41.999  render           | Saved: '/Users/mohammedkalouti/Documents/Codex/2026-09-27/i/work/art/aircraft-final-production-v3/stage/assets/build/frames/unit.SA.gunship/shadow/fire/d10_f02.png'
06:42.768  render           | Saved: '/Users/mohammedkalouti/Documents/Codex/2026-09-27/i/work/art/aircraft-final-production-v3/stage/assets/build/frames/unit.SA.gunship/beauty/fire/d11_f00.png'
06:43.312  render           | Saved: '/Users/mohammedkalouti/Documents/Codex/2026-09-27/i/work/art/aircraft-final-production-v3/stage/assets/build/frames/unit.SA.gunship/team/fire/d11_f00.png'
06:43.612  render           | Saved: '/var/folders/n4/43n_jxh10gg3s770b_8jbzb80000gn/T/fc-team-coverage-5pp6jv12.png'
06:44.645  render           | Saved: '/Users/mohammedkalouti/Documents/Codex/2026-09-27/i/work/art/aircraft-final-production-v3/stage/assets/build/frames/unit.SA.gunship/shadow/fire/d11_f00.png'
06:45.385  render           | Saved: '/Users/mohammedkalouti/Documents/Codex/2026-09-27/i/work/art/aircraft-final-production-v3/stage/assets/build/frames/unit.SA.gunship/beauty/fire/d11_f01.png'
06:45.928  render           | Saved: '/Users/mohammedkalouti/Documents/Codex/2026-09-27/i/work/art/aircraft-final-production-v3/stage/assets/build/frames/unit.SA.gunship/team/fire/d11_f01.png'
06:46.210  render           | Saved: '/var/folders/n4/43n_jxh10gg3s770b_8jbzb80000gn/T/fc-team-coverage-6090_h5i.png'
06:47.293  render           | Saved: '/Users/mohammedkalouti/Documents/Codex/2026-09-27/i/work/art/aircraft-final-production-v3/stage/assets/build/frames/unit.SA.gunship/shadow/fire/d11_f01.png'
06:48.060  render           | Saved: '/Users/mohammedkalouti/Documents/Codex/2026-09-27/i/work/art/aircraft-final-production-v3/stage/assets/build/frames/unit.SA.gunship/beauty/fire/d11_f02.png'
06:48.641  render           | Saved: '/Users/mohammedkalouti/Documents/Codex/2026-09-27/i/work/art/aircraft-final-production-v3/stage/assets/build/frames/unit.SA.gunship/team/fire/d11_f02.png'
06:48.919  render           | Saved: '/var/folders/n4/43n_jxh10gg3s770b_8jbzb80000gn/T/fc-team-coverage-w8r16fn5.png'
06:49.854  render           | Saved: '/Users/mohammedkalouti/Documents/Codex/2026-09-27/i/work/art/aircraft-final-production-v3/stage/assets/build/frames/unit.SA.gunship/shadow/fire/d11_f02.png'
06:50.547  render           | Saved: '/Users/mohammedkalouti/Documents/Codex/2026-09-27/i/work/art/aircraft-final-production-v3/stage/assets/build/frames/unit.SA.gunship/beauty/fire/d12_f00.png'
06:51.065  render           | Saved: '/Users/mohammedkalouti/Documents/Codex/2026-09-27/i/work/art/aircraft-final-production-v3/stage/assets/build/frames/unit.SA.gunship/team/fire/d12_f00.png'
06:51.340  render           | Saved: '/var/folders/n4/43n_jxh10gg3s770b_8jbzb80000gn/T/fc-team-coverage-7mkv69z0.png'
06:52.281  render           | Saved: '/Users/mohammedkalouti/Documents/Codex/2026-09-27/i/work/art/aircraft-final-production-v3/stage/assets/build/frames/unit.SA.gunship/shadow/fire/d12_f00.png'
06:52.984  render           | Saved: '/Users/mohammedkalouti/Documents/Codex/2026-09-27/i/work/art/aircraft-final-production-v3/stage/assets/build/frames/unit.SA.gunship/beauty/fire/d12_f01.png'
06:53.525  render           | Saved: '/Users/mohammedkalouti/Documents/Codex/2026-09-27/i/work/art/aircraft-final-production-v3/stage/assets/build/frames/unit.SA.gunship/team/fire/d12_f01.png'
06:53.811  render           | Saved: '/var/folders/n4/43n_jxh10gg3s770b_8jbzb80000gn/T/fc-team-coverage-zpdj9nyz.png'
06:54.740  render           | Saved: '/Users/mohammedkalouti/Documents/Codex/2026-09-27/i/work/art/aircraft-final-production-v3/stage/assets/build/frames/unit.SA.gunship/shadow/fire/d12_f01.png'
06:55.425  render           | Saved: '/Users/mohammedkalouti/Documents/Codex/2026-09-27/i/work/art/aircraft-final-production-v3/stage/assets/build/frames/unit.SA.gunship/beauty/fire/d12_f02.png'
06:55.942  render           | Saved: '/Users/mohammedkalouti/Documents/Codex/2026-09-27/i/work/art/aircraft-final-production-v3/stage/assets/build/frames/unit.SA.gunship/team/fire/d12_f02.png'
06:56.222  render           | Saved: '/var/folders/n4/43n_jxh10gg3s770b_8jbzb80000gn/T/fc-team-coverage-96jg_ezu.png'
06:57.137  render           | Saved: '/Users/mohammedkalouti/Documents/Codex/2026-09-27/i/work/art/aircraft-final-production-v3/stage/assets/build/frames/unit.SA.gunship/shadow/fire/d12_f02.png'
06:57.838  render           | Saved: '/Users/mohammedkalouti/Documents/Codex/2026-09-27/i/work/art/aircraft-final-production-v3/stage/assets/build/frames/unit.SA.gunship/beauty/fire/d13_f00.png'
06:58.526  render           | Saved: '/Users/mohammedkalouti/Documents/Codex/2026-09-27/i/work/art/aircraft-final-production-v3/stage/assets/build/frames/unit.SA.gunship/team/fire/d13_f00.png'
06:58.845  render           | Saved: '/var/folders/n4/43n_jxh10gg3s770b_8jbzb80000gn/T/fc-team-coverage-242ta5pz.png'
06:59.871  render           | Saved: '/Users/mohammedkalouti/Documents/Codex/2026-09-27/i/work/art/aircraft-final-production-v3/stage/assets/build/frames/unit.SA.gunship/shadow/fire/d13_f00.png'
07:00.595  render           | Saved: '/Users/mohammedkalouti/Documents/Codex/2026-09-27/i/work/art/aircraft-final-production-v3/stage/assets/build/frames/unit.SA.gunship/beauty/fire/d13_f01.png'
07:01.143  render           | Saved: '/Users/mohammedkalouti/Documents/Codex/2026-09-27/i/work/art/aircraft-final-production-v3/stage/assets/build/frames/unit.SA.gunship/team/fire/d13_f01.png'
07:01.437  render           | Saved: '/var/folders/n4/43n_jxh10gg3s770b_8jbzb80000gn/T/fc-team-coverage-05tuptrh.png'
07:02.402  render           | Saved: '/Users/mohammedkalouti/Documents/Codex/2026-09-27/i/work/art/aircraft-final-production-v3/stage/assets/build/frames/unit.SA.gunship/shadow/fire/d13_f01.png'
07:03.129  render           | Saved: '/Users/mohammedkalouti/Documents/Codex/2026-09-27/i/work/art/aircraft-final-production-v3/stage/assets/build/frames/unit.SA.gunship/beauty/fire/d13_f02.png'
07:03.656  render           | Saved: '/Users/mohammedkalouti/Documents/Codex/2026-09-27/i/work/art/aircraft-final-production-v3/stage/assets/build/frames/unit.SA.gunship/team/fire/d13_f02.png'
07:03.940  render           | Saved: '/var/folders/n4/43n_jxh10gg3s770b_8jbzb80000gn/T/fc-team-coverage-bw2d_qs3.png'
07:04.912  render           | Saved: '/Users/mohammedkalouti/Documents/Codex/2026-09-27/i/work/art/aircraft-final-production-v3/stage/assets/build/frames/unit.SA.gunship/shadow/fire/d13_f02.png'
07:05.607  render           | Saved: '/Users/mohammedkalouti/Documents/Codex/2026-09-27/i/work/art/aircraft-final-production-v3/stage/assets/build/frames/unit.SA.gunship/beauty/fire/d14_f00.png'
07:06.124  render           | Saved: '/Users/mohammedkalouti/Documents/Codex/2026-09-27/i/work/art/aircraft-final-production-v3/stage/assets/build/frames/unit.SA.gunship/team/fire/d14_f00.png'
07:06.406  render           | Saved: '/var/folders/n4/43n_jxh10gg3s770b_8jbzb80000gn/T/fc-team-coverage-zmgcz5s_.png'
07:07.352  render           | Saved: '/Users/mohammedkalouti/Documents/Codex/2026-09-27/i/work/art/aircraft-final-production-v3/stage/assets/build/frames/unit.SA.gunship/shadow/fire/d14_f00.png'
07:08.064  render           | Saved: '/Users/mohammedkalouti/Documents/Codex/2026-09-27/i/work/art/aircraft-final-production-v3/stage/assets/build/frames/unit.SA.gunship/beauty/fire/d14_f01.png'
07:08.582  render           | Saved: '/Users/mohammedkalouti/Documents/Codex/2026-09-27/i/work/art/aircraft-final-production-v3/stage/assets/build/frames/unit.SA.gunship/team/fire/d14_f01.png'
07:08.879  render           | Saved: '/var/folders/n4/43n_jxh10gg3s770b_8jbzb80000gn/T/fc-team-coverage-tzkg2hbr.png'
07:09.868  render           | Saved: '/Users/mohammedkalouti/Documents/Codex/2026-09-27/i/work/art/aircraft-final-production-v3/stage/assets/build/frames/unit.SA.gunship/shadow/fire/d14_f01.png'
07:10.585  render           | Saved: '/Users/mohammedkalouti/Documents/Codex/2026-09-27/i/work/art/aircraft-final-production-v3/stage/assets/build/frames/unit.SA.gunship/beauty/fire/d14_f02.png'
07:11.107  render           | Saved: '/Users/mohammedkalouti/Documents/Codex/2026-09-27/i/work/art/aircraft-final-production-v3/stage/assets/build/frames/unit.SA.gunship/team/fire/d14_f02.png'
07:11.384  render           | Saved: '/var/folders/n4/43n_jxh10gg3s770b_8jbzb80000gn/T/fc-team-coverage-n468lf8k.png'
07:12.476  render           | Saved: '/Users/mohammedkalouti/Documents/Codex/2026-09-27/i/work/art/aircraft-final-production-v3/stage/assets/build/frames/unit.SA.gunship/shadow/fire/d14_f02.png'
07:13.198  render           | Saved: '/Users/mohammedkalouti/Documents/Codex/2026-09-27/i/work/art/aircraft-final-production-v3/stage/assets/build/frames/unit.SA.gunship/beauty/fire/d15_f00.png'
07:13.711  render           | Saved: '/Users/mohammedkalouti/Documents/Codex/2026-09-27/i/work/art/aircraft-final-production-v3/stage/assets/build/frames/unit.SA.gunship/team/fire/d15_f00.png'
07:13.995  render           | Saved: '/var/folders/n4/43n_jxh10gg3s770b_8jbzb80000gn/T/fc-team-coverage-r3evk4gg.png'
07:14.943  render           | Saved: '/Users/mohammedkalouti/Documents/Codex/2026-09-27/i/work/art/aircraft-final-production-v3/stage/assets/build/frames/unit.SA.gunship/shadow/fire/d15_f00.png'
07:15.695  render           | Saved: '/Users/mohammedkalouti/Documents/Codex/2026-09-27/i/work/art/aircraft-final-production-v3/stage/assets/build/frames/unit.SA.gunship/beauty/fire/d15_f01.png'
07:16.204  render           | Saved: '/Users/mohammedkalouti/Documents/Codex/2026-09-27/i/work/art/aircraft-final-production-v3/stage/assets/build/frames/unit.SA.gunship/team/fire/d15_f01.png'
07:16.476  render           | Saved: '/var/folders/n4/43n_jxh10gg3s770b_8jbzb80000gn/T/fc-team-coverage-pvovmnc4.png'
07:17.429  render           | Saved: '/Users/mohammedkalouti/Documents/Codex/2026-09-27/i/work/art/aircraft-final-production-v3/stage/assets/build/frames/unit.SA.gunship/shadow/fire/d15_f01.png'
07:18.130  render           | Saved: '/Users/mohammedkalouti/Documents/Codex/2026-09-27/i/work/art/aircraft-final-production-v3/stage/assets/build/frames/unit.SA.gunship/beauty/fire/d15_f02.png'
07:18.653  render           | Saved: '/Users/mohammedkalouti/Documents/Codex/2026-09-27/i/work/art/aircraft-final-production-v3/stage/assets/build/frames/unit.SA.gunship/team/fire/d15_f02.png'
07:18.928  render           | Saved: '/var/folders/n4/43n_jxh10gg3s770b_8jbzb80000gn/T/fc-team-coverage-c_ar2qc1.png'
07:19.853  render           | Saved: '/Users/mohammedkalouti/Documents/Codex/2026-09-27/i/work/art/aircraft-final-production-v3/stage/assets/build/frames/unit.SA.gunship/shadow/fire/d15_f02.png'
07:20.617  render           | Saved: '/Users/mohammedkalouti/Documents/Codex/2026-09-27/i/work/art/aircraft-final-production-v3/stage/assets/build/frames/unit.SA.gunship/beauty/parked/d00_f00.png'
07:21.274  render           | Saved: '/Users/mohammedkalouti/Documents/Codex/2026-09-27/i/work/art/aircraft-final-production-v3/stage/assets/build/frames/unit.SA.gunship/team/parked/d00_f00.png'
07:22.604  render           | Saved: '/Users/mohammedkalouti/Documents/Codex/2026-09-27/i/work/art/aircraft-final-production-v3/stage/assets/build/frames/unit.SA.gunship/shadow/parked/d00_f00.png'
07:23.365  render           | Saved: '/Users/mohammedkalouti/Documents/Codex/2026-09-27/i/work/art/aircraft-final-production-v3/stage/assets/build/frames/unit.SA.gunship/beauty/parked/d01_f00.png'
07:23.959  render           | Saved: '/Users/mohammedkalouti/Documents/Codex/2026-09-27/i/work/art/aircraft-final-production-v3/stage/assets/build/frames/unit.SA.gunship/team/parked/d01_f00.png'
07:24.877  render           | Saved: '/Users/mohammedkalouti/Documents/Codex/2026-09-27/i/work/art/aircraft-final-production-v3/stage/assets/build/frames/unit.SA.gunship/shadow/parked/d01_f00.png'
07:25.495  render           | Saved: '/Users/mohammedkalouti/Documents/Codex/2026-09-27/i/work/art/aircraft-final-production-v3/stage/assets/build/frames/unit.SA.gunship/beauty/parked/d02_f00.png'
07:26.027  render           | Saved: '/Users/mohammedkalouti/Documents/Codex/2026-09-27/i/work/art/aircraft-final-production-v3/stage/assets/build/frames/unit.SA.gunship/team/parked/d02_f00.png'
07:26.936  render           | Saved: '/Users/mohammedkalouti/Documents/Codex/2026-09-27/i/work/art/aircraft-final-production-v3/stage/assets/build/frames/unit.SA.gunship/shadow/parked/d02_f00.png'
07:27.560  render           | Saved: '/Users/mohammedkalouti/Documents/Codex/2026-09-27/i/work/art/aircraft-final-production-v3/stage/assets/build/frames/unit.SA.gunship/beauty/parked/d04_f00.png'
07:28.102  render           | Saved: '/Users/mohammedkalouti/Documents/Codex/2026-09-27/i/work/art/aircraft-final-production-v3/stage/assets/build/frames/unit.SA.gunship/team/parked/d04_f00.png'
07:28.993  render           | Saved: '/Users/mohammedkalouti/Documents/Codex/2026-09-27/i/work/art/aircraft-final-production-v3/stage/assets/build/frames/unit.SA.gunship/shadow/parked/d04_f00.png'
07:29.609  render           | Saved: '/Users/mohammedkalouti/Documents/Codex/2026-09-27/i/work/art/aircraft-final-production-v3/stage/assets/build/frames/unit.SA.gunship/beauty/parked/d05_f00.png'
07:30.123  render           | Saved: '/Users/mohammedkalouti/Documents/Codex/2026-09-27/i/work/art/aircraft-final-production-v3/stage/assets/build/frames/unit.SA.gunship/team/parked/d05_f00.png'
07:30.992  render           | Saved: '/Users/mohammedkalouti/Documents/Codex/2026-09-27/i/work/art/aircraft-final-production-v3/stage/assets/build/frames/unit.SA.gunship/shadow/parked/d05_f00.png'
07:31.590  render           | Saved: '/Users/mohammedkalouti/Documents/Codex/2026-09-27/i/work/art/aircraft-final-production-v3/stage/assets/build/frames/unit.SA.gunship/beauty/parked/d06_f00.png'
07:32.102  render           | Saved: '/Users/mohammedkalouti/Documents/Codex/2026-09-27/i/work/art/aircraft-final-production-v3/stage/assets/build/frames/unit.SA.gunship/team/parked/d06_f00.png'
07:32.947  render           | Saved: '/Users/mohammedkalouti/Documents/Codex/2026-09-27/i/work/art/aircraft-final-production-v3/stage/assets/build/frames/unit.SA.gunship/shadow/parked/d06_f00.png'
07:33.563  render           | Saved: '/Users/mohammedkalouti/Documents/Codex/2026-09-27/i/work/art/aircraft-final-production-v3/stage/assets/build/frames/unit.SA.gunship/beauty/parked/d08_f00.png'
07:34.082  render           | Saved: '/Users/mohammedkalouti/Documents/Codex/2026-09-27/i/work/art/aircraft-final-production-v3/stage/assets/build/frames/unit.SA.gunship/team/parked/d08_f00.png'
07:34.962  render           | Saved: '/Users/mohammedkalouti/Documents/Codex/2026-09-27/i/work/art/aircraft-final-production-v3/stage/assets/build/frames/unit.SA.gunship/shadow/parked/d08_f00.png'
07:35.547  render           | Saved: '/Users/mohammedkalouti/Documents/Codex/2026-09-27/i/work/art/aircraft-final-production-v3/stage/assets/build/frames/unit.SA.gunship/beauty/parked/d09_f00.png'
07:36.057  render           | Saved: '/Users/mohammedkalouti/Documents/Codex/2026-09-27/i/work/art/aircraft-final-production-v3/stage/assets/build/frames/unit.SA.gunship/team/parked/d09_f00.png'
07:36.904  render           | Saved: '/Users/mohammedkalouti/Documents/Codex/2026-09-27/i/work/art/aircraft-final-production-v3/stage/assets/build/frames/unit.SA.gunship/shadow/parked/d09_f00.png'
07:37.505  render           | Saved: '/Users/mohammedkalouti/Documents/Codex/2026-09-27/i/work/art/aircraft-final-production-v3/stage/assets/build/frames/unit.SA.gunship/beauty/parked/d10_f00.png'
07:38.023  render           | Saved: '/Users/mohammedkalouti/Documents/Codex/2026-09-27/i/work/art/aircraft-final-production-v3/stage/assets/build/frames/unit.SA.gunship/team/parked/d10_f00.png'
07:38.918  render           | Saved: '/Users/mohammedkalouti/Documents/Codex/2026-09-27/i/work/art/aircraft-final-production-v3/stage/assets/build/frames/unit.SA.gunship/shadow/parked/d10_f00.png'
07:39.543  render           | Saved: '/Users/mohammedkalouti/Documents/Codex/2026-09-27/i/work/art/aircraft-final-production-v3/stage/assets/build/frames/unit.SA.gunship/beauty/parked/d12_f00.png'
07:40.090  render           | Saved: '/Users/mohammedkalouti/Documents/Codex/2026-09-27/i/work/art/aircraft-final-production-v3/stage/assets/build/frames/unit.SA.gunship/team/parked/d12_f00.png'
07:41.150  render           | Saved: '/Users/mohammedkalouti/Documents/Codex/2026-09-27/i/work/art/aircraft-final-production-v3/stage/assets/build/frames/unit.SA.gunship/shadow/parked/d12_f00.png'
07:41.824  render           | Saved: '/Users/mohammedkalouti/Documents/Codex/2026-09-27/i/work/art/aircraft-final-production-v3/stage/assets/build/frames/unit.SA.gunship/beauty/parked/d13_f00.png'
07:42.366  render           | Saved: '/Users/mohammedkalouti/Documents/Codex/2026-09-27/i/work/art/aircraft-final-production-v3/stage/assets/build/frames/unit.SA.gunship/team/parked/d13_f00.png'
07:43.467  render           | Saved: '/Users/mohammedkalouti/Documents/Codex/2026-09-27/i/work/art/aircraft-final-production-v3/stage/assets/build/frames/unit.SA.gunship/shadow/parked/d13_f00.png'
07:44.248  render           | Saved: '/Users/mohammedkalouti/Documents/Codex/2026-09-27/i/work/art/aircraft-final-production-v3/stage/assets/build/frames/unit.SA.gunship/beauty/parked/d14_f00.png'
07:44.821  render           | Saved: '/Users/mohammedkalouti/Documents/Codex/2026-09-27/i/work/art/aircraft-final-production-v3/stage/assets/build/frames/unit.SA.gunship/team/parked/d14_f00.png'
07:45.781  render           | Saved: '/Users/mohammedkalouti/Documents/Codex/2026-09-27/i/work/art/aircraft-final-production-v3/stage/assets/build/frames/unit.SA.gunship/shadow/parked/d14_f00.png'
07:46.646  render           | Saved: '/Users/mohammedkalouti/Documents/Codex/2026-09-27/i/work/art/aircraft-final-production-v3/stage/assets/build/frames/unit.SA.gunship/beauty/takeoff/d00_f00.png'
07:47.274  render           | Saved: '/Users/mohammedkalouti/Documents/Codex/2026-09-27/i/work/art/aircraft-final-production-v3/stage/assets/build/frames/unit.SA.gunship/team/takeoff/d00_f00.png'
07:47.742  render           | Saved: '/var/folders/n4/43n_jxh10gg3s770b_8jbzb80000gn/T/fc-team-coverage-jup7trij.png'
07:49.063  render           | Saved: '/Users/mohammedkalouti/Documents/Codex/2026-09-27/i/work/art/aircraft-final-production-v3/stage/assets/build/frames/unit.SA.gunship/shadow/takeoff/d00_f00.png'
07:49.861  render           | Saved: '/Users/mohammedkalouti/Documents/Codex/2026-09-27/i/work/art/aircraft-final-production-v3/stage/assets/build/frames/unit.SA.gunship/beauty/takeoff/d00_f01.png'
07:50.481  render           | Saved: '/Users/mohammedkalouti/Documents/Codex/2026-09-27/i/work/art/aircraft-final-production-v3/stage/assets/build/frames/unit.SA.gunship/team/takeoff/d00_f01.png'
07:50.790  render           | Saved: '/var/folders/n4/43n_jxh10gg3s770b_8jbzb80000gn/T/fc-team-coverage-n_suyick.png'
07:51.986  render           | Saved: '/Users/mohammedkalouti/Documents/Codex/2026-09-27/i/work/art/aircraft-final-production-v3/stage/assets/build/frames/unit.SA.gunship/shadow/takeoff/d00_f01.png'
07:52.837  render           | Saved: '/Users/mohammedkalouti/Documents/Codex/2026-09-27/i/work/art/aircraft-final-production-v3/stage/assets/build/frames/unit.SA.gunship/beauty/takeoff/d00_f02.png'
07:53.453  render           | Saved: '/Users/mohammedkalouti/Documents/Codex/2026-09-27/i/work/art/aircraft-final-production-v3/stage/assets/build/frames/unit.SA.gunship/team/takeoff/d00_f02.png'
07:53.787  render           | Saved: '/var/folders/n4/43n_jxh10gg3s770b_8jbzb80000gn/T/fc-team-coverage-ba_vmyx8.png'
07:54.961  render           | Saved: '/Users/mohammedkalouti/Documents/Codex/2026-09-27/i/work/art/aircraft-final-production-v3/stage/assets/build/frames/unit.SA.gunship/shadow/takeoff/d00_f02.png'
07:55.896  render           | Saved: '/Users/mohammedkalouti/Documents/Codex/2026-09-27/i/work/art/aircraft-final-production-v3/stage/assets/build/frames/unit.SA.gunship/beauty/takeoff/d00_f03.png'
07:56.586  render           | Saved: '/Users/mohammedkalouti/Documents/Codex/2026-09-27/i/work/art/aircraft-final-production-v3/stage/assets/build/frames/unit.SA.gunship/team/takeoff/d00_f03.png'
07:56.917  render           | Saved: '/var/folders/n4/43n_jxh10gg3s770b_8jbzb80000gn/T/fc-team-coverage-3tlb8p0w.png'
07:57.997  render           | Saved: '/Users/mohammedkalouti/Documents/Codex/2026-09-27/i/work/art/aircraft-final-production-v3/stage/assets/build/frames/unit.SA.gunship/shadow/takeoff/d00_f03.png'
07:58.796  render           | Saved: '/Users/mohammedkalouti/Documents/Codex/2026-09-27/i/work/art/aircraft-final-production-v3/stage/assets/build/frames/unit.SA.gunship/beauty/takeoff/d00_f04.png'
07:59.373  render           | Saved: '/Users/mohammedkalouti/Documents/Codex/2026-09-27/i/work/art/aircraft-final-production-v3/stage/assets/build/frames/unit.SA.gunship/team/takeoff/d00_f04.png'
07:59.699  render           | Saved: '/var/folders/n4/43n_jxh10gg3s770b_8jbzb80000gn/T/fc-team-coverage-mb72t8rc.png'
08:00.977  render           | Saved: '/Users/mohammedkalouti/Documents/Codex/2026-09-27/i/work/art/aircraft-final-production-v3/stage/assets/build/frames/unit.SA.gunship/shadow/takeoff/d00_f04.png'
08:01.791  render           | Saved: '/Users/mohammedkalouti/Documents/Codex/2026-09-27/i/work/art/aircraft-final-production-v3/stage/assets/build/frames/unit.SA.gunship/beauty/takeoff/d00_f05.png'
08:02.407  render           | Saved: '/Users/mohammedkalouti/Documents/Codex/2026-09-27/i/work/art/aircraft-final-production-v3/stage/assets/build/frames/unit.SA.gunship/team/takeoff/d00_f05.png'
08:02.735  render           | Saved: '/var/folders/n4/43n_jxh10gg3s770b_8jbzb80000gn/T/fc-team-coverage-bid4ucyf.png'
08:03.834  render           | Saved: '/Users/mohammedkalouti/Documents/Codex/2026-09-27/i/work/art/aircraft-final-production-v3/stage/assets/build/frames/unit.SA.gunship/shadow/takeoff/d00_f05.png'
08:04.644  render           | Saved: '/Users/mohammedkalouti/Documents/Codex/2026-09-27/i/work/art/aircraft-final-production-v3/stage/assets/build/frames/unit.SA.gunship/beauty/takeoff/d01_f00.png'
08:05.274  render           | Saved: '/Users/mohammedkalouti/Documents/Codex/2026-09-27/i/work/art/aircraft-final-production-v3/stage/assets/build/frames/unit.SA.gunship/team/takeoff/d01_f00.png'
08:05.582  render           | Saved: '/var/folders/n4/43n_jxh10gg3s770b_8jbzb80000gn/T/fc-team-coverage-avsus45d.png'
08:06.700  render           | Saved: '/Users/mohammedkalouti/Documents/Codex/2026-09-27/i/work/art/aircraft-final-production-v3/stage/assets/build/frames/unit.SA.gunship/shadow/takeoff/d01_f00.png'
08:07.546  render           | Saved: '/Users/mohammedkalouti/Documents/Codex/2026-09-27/i/work/art/aircraft-final-production-v3/stage/assets/build/frames/unit.SA.gunship/beauty/takeoff/d01_f01.png'
08:08.172  render           | Saved: '/Users/mohammedkalouti/Documents/Codex/2026-09-27/i/work/art/aircraft-final-production-v3/stage/assets/build/frames/unit.SA.gunship/team/takeoff/d01_f01.png'
08:08.477  render           | Saved: '/var/folders/n4/43n_jxh10gg3s770b_8jbzb80000gn/T/fc-team-coverage-wbhsktnz.png'
08:09.566  render           | Saved: '/Users/mohammedkalouti/Documents/Codex/2026-09-27/i/work/art/aircraft-final-production-v3/stage/assets/build/frames/unit.SA.gunship/shadow/takeoff/d01_f01.png'
08:10.361  render           | Saved: '/Users/mohammedkalouti/Documents/Codex/2026-09-27/i/work/art/aircraft-final-production-v3/stage/assets/build/frames/unit.SA.gunship/beauty/takeoff/d01_f02.png'
08:11.052  render           | Saved: '/Users/mohammedkalouti/Documents/Codex/2026-09-27/i/work/art/aircraft-final-production-v3/stage/assets/build/frames/unit.SA.gunship/team/takeoff/d01_f02.png'
08:11.377  render           | Saved: '/var/folders/n4/43n_jxh10gg3s770b_8jbzb80000gn/T/fc-team-coverage-o2dvs3zg.png'
08:12.484  render           | Saved: '/Users/mohammedkalouti/Documents/Codex/2026-09-27/i/work/art/aircraft-final-production-v3/stage/assets/build/frames/unit.SA.gunship/shadow/takeoff/d01_f02.png'
08:13.279  render           | Saved: '/Users/mohammedkalouti/Documents/Codex/2026-09-27/i/work/art/aircraft-final-production-v3/stage/assets/build/frames/unit.SA.gunship/beauty/takeoff/d01_f03.png'
08:13.910  render           | Saved: '/Users/mohammedkalouti/Documents/Codex/2026-09-27/i/work/art/aircraft-final-production-v3/stage/assets/build/frames/unit.SA.gunship/team/takeoff/d01_f03.png'
08:14.254  render           | Saved: '/var/folders/n4/43n_jxh10gg3s770b_8jbzb80000gn/T/fc-team-coverage-0fwnnd47.png'
08:15.381  render           | Saved: '/Users/mohammedkalouti/Documents/Codex/2026-09-27/i/work/art/aircraft-final-production-v3/stage/assets/build/frames/unit.SA.gunship/shadow/takeoff/d01_f03.png'
08:16.259  render           | Saved: '/Users/mohammedkalouti/Documents/Codex/2026-09-27/i/work/art/aircraft-final-production-v3/stage/assets/build/frames/unit.SA.gunship/beauty/takeoff/d01_f04.png'
08:16.891  render           | Saved: '/Users/mohammedkalouti/Documents/Codex/2026-09-27/i/work/art/aircraft-final-production-v3/stage/assets/build/frames/unit.SA.gunship/team/takeoff/d01_f04.png'
08:17.209  render           | Saved: '/var/folders/n4/43n_jxh10gg3s770b_8jbzb80000gn/T/fc-team-coverage-g_m6gh1l.png'
08:18.551  render           | Saved: '/Users/mohammedkalouti/Documents/Codex/2026-09-27/i/work/art/aircraft-final-production-v3/stage/assets/build/frames/unit.SA.gunship/shadow/takeoff/d01_f04.png'
08:19.304  render           | Saved: '/Users/mohammedkalouti/Documents/Codex/2026-09-27/i/work/art/aircraft-final-production-v3/stage/assets/build/frames/unit.SA.gunship/beauty/takeoff/d01_f05.png'
08:19.867  render           | Saved: '/Users/mohammedkalouti/Documents/Codex/2026-09-27/i/work/art/aircraft-final-production-v3/stage/assets/build/frames/unit.SA.gunship/team/takeoff/d01_f05.png'
08:20.189  render           | Saved: '/var/folders/n4/43n_jxh10gg3s770b_8jbzb80000gn/T/fc-team-coverage-2tm2iyr5.png'
08:21.199  render           | Saved: '/Users/mohammedkalouti/Documents/Codex/2026-09-27/i/work/art/aircraft-final-production-v3/stage/assets/build/frames/unit.SA.gunship/shadow/takeoff/d01_f05.png'
08:21.958  render           | Saved: '/Users/mohammedkalouti/Documents/Codex/2026-09-27/i/work/art/aircraft-final-production-v3/stage/assets/build/frames/unit.SA.gunship/beauty/takeoff/d02_f00.png'
08:22.528  render           | Saved: '/Users/mohammedkalouti/Documents/Codex/2026-09-27/i/work/art/aircraft-final-production-v3/stage/assets/build/frames/unit.SA.gunship/team/takeoff/d02_f00.png'
08:22.826  render           | Saved: '/var/folders/n4/43n_jxh10gg3s770b_8jbzb80000gn/T/fc-team-coverage-15gj_wks.png'
08:23.827  render           | Saved: '/Users/mohammedkalouti/Documents/Codex/2026-09-27/i/work/art/aircraft-final-production-v3/stage/assets/build/frames/unit.SA.gunship/shadow/takeoff/d02_f00.png'
08:24.546  render           | Saved: '/Users/mohammedkalouti/Documents/Codex/2026-09-27/i/work/art/aircraft-final-production-v3/stage/assets/build/frames/unit.SA.gunship/beauty/takeoff/d02_f01.png'
08:25.123  render           | Saved: '/Users/mohammedkalouti/Documents/Codex/2026-09-27/i/work/art/aircraft-final-production-v3/stage/assets/build/frames/unit.SA.gunship/team/takeoff/d02_f01.png'
08:25.428  render           | Saved: '/var/folders/n4/43n_jxh10gg3s770b_8jbzb80000gn/T/fc-team-coverage-vquqrfk8.png'
08:26.505  render           | Saved: '/Users/mohammedkalouti/Documents/Codex/2026-09-27/i/work/art/aircraft-final-production-v3/stage/assets/build/frames/unit.SA.gunship/shadow/takeoff/d02_f01.png'
08:27.210  render           | Saved: '/Users/mohammedkalouti/Documents/Codex/2026-09-27/i/work/art/aircraft-final-production-v3/stage/assets/build/frames/unit.SA.gunship/beauty/takeoff/d02_f02.png'
08:27.784  render           | Saved: '/Users/mohammedkalouti/Documents/Codex/2026-09-27/i/work/art/aircraft-final-production-v3/stage/assets/build/frames/unit.SA.gunship/team/takeoff/d02_f02.png'
08:28.082  render           | Saved: '/var/folders/n4/43n_jxh10gg3s770b_8jbzb80000gn/T/fc-team-coverage-_3ct5tvn.png'
08:29.083  render           | Saved: '/Users/mohammedkalouti/Documents/Codex/2026-09-27/i/work/art/aircraft-final-production-v3/stage/assets/build/frames/unit.SA.gunship/shadow/takeoff/d02_f02.png'
08:29.784  render           | Saved: '/Users/mohammedkalouti/Documents/Codex/2026-09-27/i/work/art/aircraft-final-production-v3/stage/assets/build/frames/unit.SA.gunship/beauty/takeoff/d02_f03.png'
08:30.325  render           | Saved: '/Users/mohammedkalouti/Documents/Codex/2026-09-27/i/work/art/aircraft-final-production-v3/stage/assets/build/frames/unit.SA.gunship/team/takeoff/d02_f03.png'
08:30.608  render           | Saved: '/var/folders/n4/43n_jxh10gg3s770b_8jbzb80000gn/T/fc-team-coverage-bd_u0lv_.png'
08:31.586  render           | Saved: '/Users/mohammedkalouti/Documents/Codex/2026-09-27/i/work/art/aircraft-final-production-v3/stage/assets/build/frames/unit.SA.gunship/shadow/takeoff/d02_f03.png'
08:32.287  render           | Saved: '/Users/mohammedkalouti/Documents/Codex/2026-09-27/i/work/art/aircraft-final-production-v3/stage/assets/build/frames/unit.SA.gunship/beauty/takeoff/d02_f04.png'
08:32.833  render           | Saved: '/Users/mohammedkalouti/Documents/Codex/2026-09-27/i/work/art/aircraft-final-production-v3/stage/assets/build/frames/unit.SA.gunship/team/takeoff/d02_f04.png'
08:33.143  render           | Saved: '/var/folders/n4/43n_jxh10gg3s770b_8jbzb80000gn/T/fc-team-coverage-fsf58rif.png'
08:34.100  render           | Saved: '/Users/mohammedkalouti/Documents/Codex/2026-09-27/i/work/art/aircraft-final-production-v3/stage/assets/build/frames/unit.SA.gunship/shadow/takeoff/d02_f04.png'
08:34.825  render           | Saved: '/Users/mohammedkalouti/Documents/Codex/2026-09-27/i/work/art/aircraft-final-production-v3/stage/assets/build/frames/unit.SA.gunship/beauty/takeoff/d02_f05.png'
08:35.390  render           | Saved: '/Users/mohammedkalouti/Documents/Codex/2026-09-27/i/work/art/aircraft-final-production-v3/stage/assets/build/frames/unit.SA.gunship/team/takeoff/d02_f05.png'
08:35.671  render           | Saved: '/var/folders/n4/43n_jxh10gg3s770b_8jbzb80000gn/T/fc-team-coverage-tathp51p.png'
08:36.680  render           | Saved: '/Users/mohammedkalouti/Documents/Codex/2026-09-27/i/work/art/aircraft-final-production-v3/stage/assets/build/frames/unit.SA.gunship/shadow/takeoff/d02_f05.png'
08:37.411  render           | Saved: '/Users/mohammedkalouti/Documents/Codex/2026-09-27/i/work/art/aircraft-final-production-v3/stage/assets/build/frames/unit.SA.gunship/beauty/takeoff/d03_f00.png'
08:37.983  render           | Saved: '/Users/mohammedkalouti/Documents/Codex/2026-09-27/i/work/art/aircraft-final-production-v3/stage/assets/build/frames/unit.SA.gunship/team/takeoff/d03_f00.png'
08:38.282  render           | Saved: '/var/folders/n4/43n_jxh10gg3s770b_8jbzb80000gn/T/fc-team-coverage-7g4n_j_d.png'
08:39.249  render           | Saved: '/Users/mohammedkalouti/Documents/Codex/2026-09-27/i/work/art/aircraft-final-production-v3/stage/assets/build/frames/unit.SA.gunship/shadow/takeoff/d03_f00.png'
08:39.930  render           | Saved: '/Users/mohammedkalouti/Documents/Codex/2026-09-27/i/work/art/aircraft-final-production-v3/stage/assets/build/frames/unit.SA.gunship/beauty/takeoff/d03_f01.png'
08:40.454  render           | Saved: '/Users/mohammedkalouti/Documents/Codex/2026-09-27/i/work/art/aircraft-final-production-v3/stage/assets/build/frames/unit.SA.gunship/team/takeoff/d03_f01.png'
08:40.738  render           | Saved: '/var/folders/n4/43n_jxh10gg3s770b_8jbzb80000gn/T/fc-team-coverage-8f2gm8mc.png'
08:41.679  render           | Saved: '/Users/mohammedkalouti/Documents/Codex/2026-09-27/i/work/art/aircraft-final-production-v3/stage/assets/build/frames/unit.SA.gunship/shadow/takeoff/d03_f01.png'
08:42.379  render           | Saved: '/Users/mohammedkalouti/Documents/Codex/2026-09-27/i/work/art/aircraft-final-production-v3/stage/assets/build/frames/unit.SA.gunship/beauty/takeoff/d03_f02.png'
08:42.899  render           | Saved: '/Users/mohammedkalouti/Documents/Codex/2026-09-27/i/work/art/aircraft-final-production-v3/stage/assets/build/frames/unit.SA.gunship/team/takeoff/d03_f02.png'
08:43.180  render           | Saved: '/var/folders/n4/43n_jxh10gg3s770b_8jbzb80000gn/T/fc-team-coverage-cudrajfj.png'
08:44.118  render           | Saved: '/Users/mohammedkalouti/Documents/Codex/2026-09-27/i/work/art/aircraft-final-production-v3/stage/assets/build/frames/unit.SA.gunship/shadow/takeoff/d03_f02.png'
08:44.811  render           | Saved: '/Users/mohammedkalouti/Documents/Codex/2026-09-27/i/work/art/aircraft-final-production-v3/stage/assets/build/frames/unit.SA.gunship/beauty/takeoff/d03_f03.png'
08:45.344  render           | Saved: '/Users/mohammedkalouti/Documents/Codex/2026-09-27/i/work/art/aircraft-final-production-v3/stage/assets/build/frames/unit.SA.gunship/team/takeoff/d03_f03.png'
08:45.636  render           | Saved: '/var/folders/n4/43n_jxh10gg3s770b_8jbzb80000gn/T/fc-team-coverage-c4fvi1qs.png'
08:46.605  render           | Saved: '/Users/mohammedkalouti/Documents/Codex/2026-09-27/i/work/art/aircraft-final-production-v3/stage/assets/build/frames/unit.SA.gunship/shadow/takeoff/d03_f03.png'
08:47.310  render           | Saved: '/Users/mohammedkalouti/Documents/Codex/2026-09-27/i/work/art/aircraft-final-production-v3/stage/assets/build/frames/unit.SA.gunship/beauty/takeoff/d03_f04.png'
08:47.856  render           | Saved: '/Users/mohammedkalouti/Documents/Codex/2026-09-27/i/work/art/aircraft-final-production-v3/stage/assets/build/frames/unit.SA.gunship/team/takeoff/d03_f04.png'
08:48.146  render           | Saved: '/var/folders/n4/43n_jxh10gg3s770b_8jbzb80000gn/T/fc-team-coverage-ro7ddbac.png'
08:49.073  render           | Saved: '/Users/mohammedkalouti/Documents/Codex/2026-09-27/i/work/art/aircraft-final-production-v3/stage/assets/build/frames/unit.SA.gunship/shadow/takeoff/d03_f04.png'
08:49.751  render           | Saved: '/Users/mohammedkalouti/Documents/Codex/2026-09-27/i/work/art/aircraft-final-production-v3/stage/assets/build/frames/unit.SA.gunship/beauty/takeoff/d03_f05.png'
08:50.274  render           | Saved: '/Users/mohammedkalouti/Documents/Codex/2026-09-27/i/work/art/aircraft-final-production-v3/stage/assets/build/frames/unit.SA.gunship/team/takeoff/d03_f05.png'
08:50.556  render           | Saved: '/var/folders/n4/43n_jxh10gg3s770b_8jbzb80000gn/T/fc-team-coverage-csujmiiu.png'
08:51.484  render           | Saved: '/Users/mohammedkalouti/Documents/Codex/2026-09-27/i/work/art/aircraft-final-production-v3/stage/assets/build/frames/unit.SA.gunship/shadow/takeoff/d03_f05.png'
08:52.158  render           | Saved: '/Users/mohammedkalouti/Documents/Codex/2026-09-27/i/work/art/aircraft-final-production-v3/stage/assets/build/frames/unit.SA.gunship/beauty/takeoff/d04_f00.png'
08:52.697  render           | Saved: '/Users/mohammedkalouti/Documents/Codex/2026-09-27/i/work/art/aircraft-final-production-v3/stage/assets/build/frames/unit.SA.gunship/team/takeoff/d04_f00.png'
08:53.002  render           | Saved: '/var/folders/n4/43n_jxh10gg3s770b_8jbzb80000gn/T/fc-team-coverage-vux51h0v.png'
08:53.953  render           | Saved: '/Users/mohammedkalouti/Documents/Codex/2026-09-27/i/work/art/aircraft-final-production-v3/stage/assets/build/frames/unit.SA.gunship/shadow/takeoff/d04_f00.png'
08:54.673  render           | Saved: '/Users/mohammedkalouti/Documents/Codex/2026-09-27/i/work/art/aircraft-final-production-v3/stage/assets/build/frames/unit.SA.gunship/beauty/takeoff/d04_f01.png'
08:55.216  render           | Saved: '/Users/mohammedkalouti/Documents/Codex/2026-09-27/i/work/art/aircraft-final-production-v3/stage/assets/build/frames/unit.SA.gunship/team/takeoff/d04_f01.png'
08:55.498  render           | Saved: '/var/folders/n4/43n_jxh10gg3s770b_8jbzb80000gn/T/fc-team-coverage-gin_q3_0.png'
08:56.510  render           | Saved: '/Users/mohammedkalouti/Documents/Codex/2026-09-27/i/work/art/aircraft-final-production-v3/stage/assets/build/frames/unit.SA.gunship/shadow/takeoff/d04_f01.png'
08:57.266  render           | Saved: '/Users/mohammedkalouti/Documents/Codex/2026-09-27/i/work/art/aircraft-final-production-v3/stage/assets/build/frames/unit.SA.gunship/beauty/takeoff/d04_f02.png'
08:57.816  render           | Saved: '/Users/mohammedkalouti/Documents/Codex/2026-09-27/i/work/art/aircraft-final-production-v3/stage/assets/build/frames/unit.SA.gunship/team/takeoff/d04_f02.png'
08:58.104  render           | Saved: '/var/folders/n4/43n_jxh10gg3s770b_8jbzb80000gn/T/fc-team-coverage-_gdwrk8f.png'
08:59.046  render           | Saved: '/Users/mohammedkalouti/Documents/Codex/2026-09-27/i/work/art/aircraft-final-production-v3/stage/assets/build/frames/unit.SA.gunship/shadow/takeoff/d04_f02.png'
08:59.748  render           | Saved: '/Users/mohammedkalouti/Documents/Codex/2026-09-27/i/work/art/aircraft-final-production-v3/stage/assets/build/frames/unit.SA.gunship/beauty/takeoff/d04_f03.png'
09:00.275  render           | Saved: '/Users/mohammedkalouti/Documents/Codex/2026-09-27/i/work/art/aircraft-final-production-v3/stage/assets/build/frames/unit.SA.gunship/team/takeoff/d04_f03.png'
09:00.562  render           | Saved: '/var/folders/n4/43n_jxh10gg3s770b_8jbzb80000gn/T/fc-team-coverage-kvfhpquj.png'
09:01.491  render           | Saved: '/Users/mohammedkalouti/Documents/Codex/2026-09-27/i/work/art/aircraft-final-production-v3/stage/assets/build/frames/unit.SA.gunship/shadow/takeoff/d04_f03.png'
09:02.175  render           | Saved: '/Users/mohammedkalouti/Documents/Codex/2026-09-27/i/work/art/aircraft-final-production-v3/stage/assets/build/frames/unit.SA.gunship/beauty/takeoff/d04_f04.png'
09:02.713  render           | Saved: '/Users/mohammedkalouti/Documents/Codex/2026-09-27/i/work/art/aircraft-final-production-v3/stage/assets/build/frames/unit.SA.gunship/team/takeoff/d04_f04.png'
09:02.998  render           | Saved: '/var/folders/n4/43n_jxh10gg3s770b_8jbzb80000gn/T/fc-team-coverage-evvrndcr.png'
09:03.942  render           | Saved: '/Users/mohammedkalouti/Documents/Codex/2026-09-27/i/work/art/aircraft-final-production-v3/stage/assets/build/frames/unit.SA.gunship/shadow/takeoff/d04_f04.png'
09:04.615  render           | Saved: '/Users/mohammedkalouti/Documents/Codex/2026-09-27/i/work/art/aircraft-final-production-v3/stage/assets/build/frames/unit.SA.gunship/beauty/takeoff/d04_f05.png'
09:05.141  render           | Saved: '/Users/mohammedkalouti/Documents/Codex/2026-09-27/i/work/art/aircraft-final-production-v3/stage/assets/build/frames/unit.SA.gunship/team/takeoff/d04_f05.png'
09:05.442  render           | Saved: '/var/folders/n4/43n_jxh10gg3s770b_8jbzb80000gn/T/fc-team-coverage-8vqj9x71.png'
09:06.358  render           | Saved: '/Users/mohammedkalouti/Documents/Codex/2026-09-27/i/work/art/aircraft-final-production-v3/stage/assets/build/frames/unit.SA.gunship/shadow/takeoff/d04_f05.png'
09:07.061  render           | Saved: '/Users/mohammedkalouti/Documents/Codex/2026-09-27/i/work/art/aircraft-final-production-v3/stage/assets/build/frames/unit.SA.gunship/beauty/takeoff/d05_f00.png'
09:07.584  render           | Saved: '/Users/mohammedkalouti/Documents/Codex/2026-09-27/i/work/art/aircraft-final-production-v3/stage/assets/build/frames/unit.SA.gunship/team/takeoff/d05_f00.png'
09:07.886  render           | Saved: '/var/folders/n4/43n_jxh10gg3s770b_8jbzb80000gn/T/fc-team-coverage-w229y1ma.png'
09:08.859  render           | Saved: '/Users/mohammedkalouti/Documents/Codex/2026-09-27/i/work/art/aircraft-final-production-v3/stage/assets/build/frames/unit.SA.gunship/shadow/takeoff/d05_f00.png'
09:09.548  render           | Saved: '/Users/mohammedkalouti/Documents/Codex/2026-09-27/i/work/art/aircraft-final-production-v3/stage/assets/build/frames/unit.SA.gunship/beauty/takeoff/d05_f01.png'
09:10.093  render           | Saved: '/Users/mohammedkalouti/Documents/Codex/2026-09-27/i/work/art/aircraft-final-production-v3/stage/assets/build/frames/unit.SA.gunship/team/takeoff/d05_f01.png'
09:10.381  render           | Saved: '/var/folders/n4/43n_jxh10gg3s770b_8jbzb80000gn/T/fc-team-coverage-2z7dkiu3.png'
09:11.308  render           | Saved: '/Users/mohammedkalouti/Documents/Codex/2026-09-27/i/work/art/aircraft-final-production-v3/stage/assets/build/frames/unit.SA.gunship/shadow/takeoff/d05_f01.png'
09:12.018  render           | Saved: '/Users/mohammedkalouti/Documents/Codex/2026-09-27/i/work/art/aircraft-final-production-v3/stage/assets/build/frames/unit.SA.gunship/beauty/takeoff/d05_f02.png'
09:12.539  render           | Saved: '/Users/mohammedkalouti/Documents/Codex/2026-09-27/i/work/art/aircraft-final-production-v3/stage/assets/build/frames/unit.SA.gunship/team/takeoff/d05_f02.png'
09:12.827  render           | Saved: '/var/folders/n4/43n_jxh10gg3s770b_8jbzb80000gn/T/fc-team-coverage-amvv5jgo.png'
09:13.774  render           | Saved: '/Users/mohammedkalouti/Documents/Codex/2026-09-27/i/work/art/aircraft-final-production-v3/stage/assets/build/frames/unit.SA.gunship/shadow/takeoff/d05_f02.png'
09:14.488  render           | Saved: '/Users/mohammedkalouti/Documents/Codex/2026-09-27/i/work/art/aircraft-final-production-v3/stage/assets/build/frames/unit.SA.gunship/beauty/takeoff/d05_f03.png'
09:15.035  render           | Saved: '/Users/mohammedkalouti/Documents/Codex/2026-09-27/i/work/art/aircraft-final-production-v3/stage/assets/build/frames/unit.SA.gunship/team/takeoff/d05_f03.png'
09:15.406  render           | Saved: '/var/folders/n4/43n_jxh10gg3s770b_8jbzb80000gn/T/fc-team-coverage-kbetfn_x.png'
09:16.536  render           | Saved: '/Users/mohammedkalouti/Documents/Codex/2026-09-27/i/work/art/aircraft-final-production-v3/stage/assets/build/frames/unit.SA.gunship/shadow/takeoff/d05_f03.png'
09:17.253  render           | Saved: '/Users/mohammedkalouti/Documents/Codex/2026-09-27/i/work/art/aircraft-final-production-v3/stage/assets/build/frames/unit.SA.gunship/beauty/takeoff/d05_f04.png'
09:17.758  render           | Saved: '/Users/mohammedkalouti/Documents/Codex/2026-09-27/i/work/art/aircraft-final-production-v3/stage/assets/build/frames/unit.SA.gunship/team/takeoff/d05_f04.png'
09:18.049  render           | Saved: '/var/folders/n4/43n_jxh10gg3s770b_8jbzb80000gn/T/fc-team-coverage-ezajisnj.png'
09:18.999  render           | Saved: '/Users/mohammedkalouti/Documents/Codex/2026-09-27/i/work/art/aircraft-final-production-v3/stage/assets/build/frames/unit.SA.gunship/shadow/takeoff/d05_f04.png'
09:19.727  render           | Saved: '/Users/mohammedkalouti/Documents/Codex/2026-09-27/i/work/art/aircraft-final-production-v3/stage/assets/build/frames/unit.SA.gunship/beauty/takeoff/d05_f05.png'
09:20.286  render           | Saved: '/Users/mohammedkalouti/Documents/Codex/2026-09-27/i/work/art/aircraft-final-production-v3/stage/assets/build/frames/unit.SA.gunship/team/takeoff/d05_f05.png'
09:20.572  render           | Saved: '/var/folders/n4/43n_jxh10gg3s770b_8jbzb80000gn/T/fc-team-coverage-i5q4w6kh.png'
09:21.659  render           | Saved: '/Users/mohammedkalouti/Documents/Codex/2026-09-27/i/work/art/aircraft-final-production-v3/stage/assets/build/frames/unit.SA.gunship/shadow/takeoff/d05_f05.png'
09:22.414  render           | Saved: '/Users/mohammedkalouti/Documents/Codex/2026-09-27/i/work/art/aircraft-final-production-v3/stage/assets/build/frames/unit.SA.gunship/beauty/takeoff/d06_f00.png'
09:22.953  render           | Saved: '/Users/mohammedkalouti/Documents/Codex/2026-09-27/i/work/art/aircraft-final-production-v3/stage/assets/build/frames/unit.SA.gunship/team/takeoff/d06_f00.png'
09:23.235  render           | Saved: '/var/folders/n4/43n_jxh10gg3s770b_8jbzb80000gn/T/fc-team-coverage-j2jxeazw.png'
09:24.229  render           | Saved: '/Users/mohammedkalouti/Documents/Codex/2026-09-27/i/work/art/aircraft-final-production-v3/stage/assets/build/frames/unit.SA.gunship/shadow/takeoff/d06_f00.png'
09:24.987  render           | Saved: '/Users/mohammedkalouti/Documents/Codex/2026-09-27/i/work/art/aircraft-final-production-v3/stage/assets/build/frames/unit.SA.gunship/beauty/takeoff/d06_f01.png'
09:25.523  render           | Saved: '/Users/mohammedkalouti/Documents/Codex/2026-09-27/i/work/art/aircraft-final-production-v3/stage/assets/build/frames/unit.SA.gunship/team/takeoff/d06_f01.png'
09:25.798  render           | Saved: '/var/folders/n4/43n_jxh10gg3s770b_8jbzb80000gn/T/fc-team-coverage-zbzmtokb.png'
09:26.731  render           | Saved: '/Users/mohammedkalouti/Documents/Codex/2026-09-27/i/work/art/aircraft-final-production-v3/stage/assets/build/frames/unit.SA.gunship/shadow/takeoff/d06_f01.png'
09:27.438  render           | Saved: '/Users/mohammedkalouti/Documents/Codex/2026-09-27/i/work/art/aircraft-final-production-v3/stage/assets/build/frames/unit.SA.gunship/beauty/takeoff/d06_f02.png'
09:27.970  render           | Saved: '/Users/mohammedkalouti/Documents/Codex/2026-09-27/i/work/art/aircraft-final-production-v3/stage/assets/build/frames/unit.SA.gunship/team/takeoff/d06_f02.png'
09:28.257  render           | Saved: '/var/folders/n4/43n_jxh10gg3s770b_8jbzb80000gn/T/fc-team-coverage-tpztgnhy.png'
09:29.197  render           | Saved: '/Users/mohammedkalouti/Documents/Codex/2026-09-27/i/work/art/aircraft-final-production-v3/stage/assets/build/frames/unit.SA.gunship/shadow/takeoff/d06_f02.png'
09:29.929  render           | Saved: '/Users/mohammedkalouti/Documents/Codex/2026-09-27/i/work/art/aircraft-final-production-v3/stage/assets/build/frames/unit.SA.gunship/beauty/takeoff/d06_f03.png'
09:30.453  render           | Saved: '/Users/mohammedkalouti/Documents/Codex/2026-09-27/i/work/art/aircraft-final-production-v3/stage/assets/build/frames/unit.SA.gunship/team/takeoff/d06_f03.png'
09:30.716  render           | Saved: '/var/folders/n4/43n_jxh10gg3s770b_8jbzb80000gn/T/fc-team-coverage-x_y0fhrv.png'
09:31.644  render           | Saved: '/Users/mohammedkalouti/Documents/Codex/2026-09-27/i/work/art/aircraft-final-production-v3/stage/assets/build/frames/unit.SA.gunship/shadow/takeoff/d06_f03.png'
09:32.327  render           | Saved: '/Users/mohammedkalouti/Documents/Codex/2026-09-27/i/work/art/aircraft-final-production-v3/stage/assets/build/frames/unit.SA.gunship/beauty/takeoff/d06_f04.png'
09:32.860  render           | Saved: '/Users/mohammedkalouti/Documents/Codex/2026-09-27/i/work/art/aircraft-final-production-v3/stage/assets/build/frames/unit.SA.gunship/team/takeoff/d06_f04.png'
09:33.142  render           | Saved: '/var/folders/n4/43n_jxh10gg3s770b_8jbzb80000gn/T/fc-team-coverage-0_cp2jmd.png'
09:34.294  render           | Saved: '/Users/mohammedkalouti/Documents/Codex/2026-09-27/i/work/art/aircraft-final-production-v3/stage/assets/build/frames/unit.SA.gunship/shadow/takeoff/d06_f04.png'
09:35.058  render           | Saved: '/Users/mohammedkalouti/Documents/Codex/2026-09-27/i/work/art/aircraft-final-production-v3/stage/assets/build/frames/unit.SA.gunship/beauty/takeoff/d06_f05.png'
09:35.716  render           | Saved: '/Users/mohammedkalouti/Documents/Codex/2026-09-27/i/work/art/aircraft-final-production-v3/stage/assets/build/frames/unit.SA.gunship/team/takeoff/d06_f05.png'
09:36.008  render           | Saved: '/var/folders/n4/43n_jxh10gg3s770b_8jbzb80000gn/T/fc-team-coverage-0fhii3l8.png'
09:36.999  render           | Saved: '/Users/mohammedkalouti/Documents/Codex/2026-09-27/i/work/art/aircraft-final-production-v3/stage/assets/build/frames/unit.SA.gunship/shadow/takeoff/d06_f05.png'
09:37.705  render           | Saved: '/Users/mohammedkalouti/Documents/Codex/2026-09-27/i/work/art/aircraft-final-production-v3/stage/assets/build/frames/unit.SA.gunship/beauty/takeoff/d07_f00.png'
09:38.239  render           | Saved: '/Users/mohammedkalouti/Documents/Codex/2026-09-27/i/work/art/aircraft-final-production-v3/stage/assets/build/frames/unit.SA.gunship/team/takeoff/d07_f00.png'
09:38.522  render           | Saved: '/var/folders/n4/43n_jxh10gg3s770b_8jbzb80000gn/T/fc-team-coverage-9m0rtm3n.png'
09:39.516  render           | Saved: '/Users/mohammedkalouti/Documents/Codex/2026-09-27/i/work/art/aircraft-final-production-v3/stage/assets/build/frames/unit.SA.gunship/shadow/takeoff/d07_f00.png'
09:40.220  render           | Saved: '/Users/mohammedkalouti/Documents/Codex/2026-09-27/i/work/art/aircraft-final-production-v3/stage/assets/build/frames/unit.SA.gunship/beauty/takeoff/d07_f01.png'
09:40.728  render           | Saved: '/Users/mohammedkalouti/Documents/Codex/2026-09-27/i/work/art/aircraft-final-production-v3/stage/assets/build/frames/unit.SA.gunship/team/takeoff/d07_f01.png'
09:40.999  render           | Saved: '/var/folders/n4/43n_jxh10gg3s770b_8jbzb80000gn/T/fc-team-coverage-rxfodeyl.png'
09:41.927  render           | Saved: '/Users/mohammedkalouti/Documents/Codex/2026-09-27/i/work/art/aircraft-final-production-v3/stage/assets/build/frames/unit.SA.gunship/shadow/takeoff/d07_f01.png'
09:42.641  render           | Saved: '/Users/mohammedkalouti/Documents/Codex/2026-09-27/i/work/art/aircraft-final-production-v3/stage/assets/build/frames/unit.SA.gunship/beauty/takeoff/d07_f02.png'
09:43.145  render           | Saved: '/Users/mohammedkalouti/Documents/Codex/2026-09-27/i/work/art/aircraft-final-production-v3/stage/assets/build/frames/unit.SA.gunship/team/takeoff/d07_f02.png'
09:43.416  render           | Saved: '/var/folders/n4/43n_jxh10gg3s770b_8jbzb80000gn/T/fc-team-coverage-jankhr27.png'
09:44.325  render           | Saved: '/Users/mohammedkalouti/Documents/Codex/2026-09-27/i/work/art/aircraft-final-production-v3/stage/assets/build/frames/unit.SA.gunship/shadow/takeoff/d07_f02.png'
09:45.072  render           | Saved: '/Users/mohammedkalouti/Documents/Codex/2026-09-27/i/work/art/aircraft-final-production-v3/stage/assets/build/frames/unit.SA.gunship/beauty/takeoff/d07_f03.png'
09:45.635  render           | Saved: '/Users/mohammedkalouti/Documents/Codex/2026-09-27/i/work/art/aircraft-final-production-v3/stage/assets/build/frames/unit.SA.gunship/team/takeoff/d07_f03.png'
09:45.918  render           | Saved: '/var/folders/n4/43n_jxh10gg3s770b_8jbzb80000gn/T/fc-team-coverage-nhdh7dde.png'
09:46.856  render           | Saved: '/Users/mohammedkalouti/Documents/Codex/2026-09-27/i/work/art/aircraft-final-production-v3/stage/assets/build/frames/unit.SA.gunship/shadow/takeoff/d07_f03.png'
09:47.540  render           | Saved: '/Users/mohammedkalouti/Documents/Codex/2026-09-27/i/work/art/aircraft-final-production-v3/stage/assets/build/frames/unit.SA.gunship/beauty/takeoff/d07_f04.png'
09:48.083  render           | Saved: '/Users/mohammedkalouti/Documents/Codex/2026-09-27/i/work/art/aircraft-final-production-v3/stage/assets/build/frames/unit.SA.gunship/team/takeoff/d07_f04.png'
09:48.367  render           | Saved: '/var/folders/n4/43n_jxh10gg3s770b_8jbzb80000gn/T/fc-team-coverage-b3qrvj_x.png'
09:49.307  render           | Saved: '/Users/mohammedkalouti/Documents/Codex/2026-09-27/i/work/art/aircraft-final-production-v3/stage/assets/build/frames/unit.SA.gunship/shadow/takeoff/d07_f04.png'
09:50.001  render           | Saved: '/Users/mohammedkalouti/Documents/Codex/2026-09-27/i/work/art/aircraft-final-production-v3/stage/assets/build/frames/unit.SA.gunship/beauty/takeoff/d07_f05.png'
09:50.522  render           | Saved: '/Users/mohammedkalouti/Documents/Codex/2026-09-27/i/work/art/aircraft-final-production-v3/stage/assets/build/frames/unit.SA.gunship/team/takeoff/d07_f05.png'
09:50.816  render           | Saved: '/var/folders/n4/43n_jxh10gg3s770b_8jbzb80000gn/T/fc-team-coverage-ji2y1o0i.png'
09:51.726  render           | Saved: '/Users/mohammedkalouti/Documents/Codex/2026-09-27/i/work/art/aircraft-final-production-v3/stage/assets/build/frames/unit.SA.gunship/shadow/takeoff/d07_f05.png'
09:52.396  render           | Saved: '/Users/mohammedkalouti/Documents/Codex/2026-09-27/i/work/art/aircraft-final-production-v3/stage/assets/build/frames/unit.SA.gunship/beauty/takeoff/d08_f00.png'
09:52.909  render           | Saved: '/Users/mohammedkalouti/Documents/Codex/2026-09-27/i/work/art/aircraft-final-production-v3/stage/assets/build/frames/unit.SA.gunship/team/takeoff/d08_f00.png'
09:53.194  render           | Saved: '/var/folders/n4/43n_jxh10gg3s770b_8jbzb80000gn/T/fc-team-coverage-xna7ob7a.png'
09:54.115  render           | Saved: '/Users/mohammedkalouti/Documents/Codex/2026-09-27/i/work/art/aircraft-final-production-v3/stage/assets/build/frames/unit.SA.gunship/shadow/takeoff/d08_f00.png'
09:54.795  render           | Saved: '/Users/mohammedkalouti/Documents/Codex/2026-09-27/i/work/art/aircraft-final-production-v3/stage/assets/build/frames/unit.SA.gunship/beauty/takeoff/d08_f01.png'
09:55.316  render           | Saved: '/Users/mohammedkalouti/Documents/Codex/2026-09-27/i/work/art/aircraft-final-production-v3/stage/assets/build/frames/unit.SA.gunship/team/takeoff/d08_f01.png'
09:55.604  render           | Saved: '/var/folders/n4/43n_jxh10gg3s770b_8jbzb80000gn/T/fc-team-coverage-qdcawat5.png'
09:56.585  render           | Saved: '/Users/mohammedkalouti/Documents/Codex/2026-09-27/i/work/art/aircraft-final-production-v3/stage/assets/build/frames/unit.SA.gunship/shadow/takeoff/d08_f01.png'
09:57.280  render           | Saved: '/Users/mohammedkalouti/Documents/Codex/2026-09-27/i/work/art/aircraft-final-production-v3/stage/assets/build/frames/unit.SA.gunship/beauty/takeoff/d08_f02.png'
09:57.824  render           | Saved: '/Users/mohammedkalouti/Documents/Codex/2026-09-27/i/work/art/aircraft-final-production-v3/stage/assets/build/frames/unit.SA.gunship/team/takeoff/d08_f02.png'
09:58.119  render           | Saved: '/var/folders/n4/43n_jxh10gg3s770b_8jbzb80000gn/T/fc-team-coverage-mga9ewep.png'
09:59.044  render           | Saved: '/Users/mohammedkalouti/Documents/Codex/2026-09-27/i/work/art/aircraft-final-production-v3/stage/assets/build/frames/unit.SA.gunship/shadow/takeoff/d08_f02.png'
09:59.744  render           | Saved: '/Users/mohammedkalouti/Documents/Codex/2026-09-27/i/work/art/aircraft-final-production-v3/stage/assets/build/frames/unit.SA.gunship/beauty/takeoff/d08_f03.png'
10:00.263  render           | Saved: '/Users/mohammedkalouti/Documents/Codex/2026-09-27/i/work/art/aircraft-final-production-v3/stage/assets/build/frames/unit.SA.gunship/team/takeoff/d08_f03.png'
10:00.536  render           | Saved: '/var/folders/n4/43n_jxh10gg3s770b_8jbzb80000gn/T/fc-team-coverage-2tyurvk8.png'
10:01.506  render           | Saved: '/Users/mohammedkalouti/Documents/Codex/2026-09-27/i/work/art/aircraft-final-production-v3/stage/assets/build/frames/unit.SA.gunship/shadow/takeoff/d08_f03.png'
10:02.198  render           | Saved: '/Users/mohammedkalouti/Documents/Codex/2026-09-27/i/work/art/aircraft-final-production-v3/stage/assets/build/frames/unit.SA.gunship/beauty/takeoff/d08_f04.png'
10:02.720  render           | Saved: '/Users/mohammedkalouti/Documents/Codex/2026-09-27/i/work/art/aircraft-final-production-v3/stage/assets/build/frames/unit.SA.gunship/team/takeoff/d08_f04.png'
10:03.006  render           | Saved: '/var/folders/n4/43n_jxh10gg3s770b_8jbzb80000gn/T/fc-team-coverage-ci7r6myn.png'
10:03.935  render           | Saved: '/Users/mohammedkalouti/Documents/Codex/2026-09-27/i/work/art/aircraft-final-production-v3/stage/assets/build/frames/unit.SA.gunship/shadow/takeoff/d08_f04.png'
10:04.626  render           | Saved: '/Users/mohammedkalouti/Documents/Codex/2026-09-27/i/work/art/aircraft-final-production-v3/stage/assets/build/frames/unit.SA.gunship/beauty/takeoff/d08_f05.png'
10:05.139  render           | Saved: '/Users/mohammedkalouti/Documents/Codex/2026-09-27/i/work/art/aircraft-final-production-v3/stage/assets/build/frames/unit.SA.gunship/team/takeoff/d08_f05.png'
10:05.412  render           | Saved: '/var/folders/n4/43n_jxh10gg3s770b_8jbzb80000gn/T/fc-team-coverage-_01r5w9r.png'
10:06.338  render           | Saved: '/Users/mohammedkalouti/Documents/Codex/2026-09-27/i/work/art/aircraft-final-production-v3/stage/assets/build/frames/unit.SA.gunship/shadow/takeoff/d08_f05.png'
10:07.013  render           | Saved: '/Users/mohammedkalouti/Documents/Codex/2026-09-27/i/work/art/aircraft-final-production-v3/stage/assets/build/frames/unit.SA.gunship/beauty/takeoff/d09_f00.png'
10:07.526  render           | Saved: '/Users/mohammedkalouti/Documents/Codex/2026-09-27/i/work/art/aircraft-final-production-v3/stage/assets/build/frames/unit.SA.gunship/team/takeoff/d09_f00.png'
10:07.813  render           | Saved: '/var/folders/n4/43n_jxh10gg3s770b_8jbzb80000gn/T/fc-team-coverage-bcsdnrmi.png'
10:08.800  render           | Saved: '/Users/mohammedkalouti/Documents/Codex/2026-09-27/i/work/art/aircraft-final-production-v3/stage/assets/build/frames/unit.SA.gunship/shadow/takeoff/d09_f00.png'
10:09.491  render           | Saved: '/Users/mohammedkalouti/Documents/Codex/2026-09-27/i/work/art/aircraft-final-production-v3/stage/assets/build/frames/unit.SA.gunship/beauty/takeoff/d09_f01.png'
10:10.008  render           | Saved: '/Users/mohammedkalouti/Documents/Codex/2026-09-27/i/work/art/aircraft-final-production-v3/stage/assets/build/frames/unit.SA.gunship/team/takeoff/d09_f01.png'
10:10.285  render           | Saved: '/var/folders/n4/43n_jxh10gg3s770b_8jbzb80000gn/T/fc-team-coverage-bswfw3ak.png'
10:11.215  render           | Saved: '/Users/mohammedkalouti/Documents/Codex/2026-09-27/i/work/art/aircraft-final-production-v3/stage/assets/build/frames/unit.SA.gunship/shadow/takeoff/d09_f01.png'
10:11.912  render           | Saved: '/Users/mohammedkalouti/Documents/Codex/2026-09-27/i/work/art/aircraft-final-production-v3/stage/assets/build/frames/unit.SA.gunship/beauty/takeoff/d09_f02.png'
10:12.422  render           | Saved: '/Users/mohammedkalouti/Documents/Codex/2026-09-27/i/work/art/aircraft-final-production-v3/stage/assets/build/frames/unit.SA.gunship/team/takeoff/d09_f02.png'
10:12.701  render           | Saved: '/var/folders/n4/43n_jxh10gg3s770b_8jbzb80000gn/T/fc-team-coverage-a82qr8su.png'
10:13.617  render           | Saved: '/Users/mohammedkalouti/Documents/Codex/2026-09-27/i/work/art/aircraft-final-production-v3/stage/assets/build/frames/unit.SA.gunship/shadow/takeoff/d09_f02.png'
10:14.324  render           | Saved: '/Users/mohammedkalouti/Documents/Codex/2026-09-27/i/work/art/aircraft-final-production-v3/stage/assets/build/frames/unit.SA.gunship/beauty/takeoff/d09_f03.png'
10:14.834  render           | Saved: '/Users/mohammedkalouti/Documents/Codex/2026-09-27/i/work/art/aircraft-final-production-v3/stage/assets/build/frames/unit.SA.gunship/team/takeoff/d09_f03.png'
10:15.126  render           | Saved: '/var/folders/n4/43n_jxh10gg3s770b_8jbzb80000gn/T/fc-team-coverage-p3h24aei.png'
10:16.057  render           | Saved: '/Users/mohammedkalouti/Documents/Codex/2026-09-27/i/work/art/aircraft-final-production-v3/stage/assets/build/frames/unit.SA.gunship/shadow/takeoff/d09_f03.png'
10:17.012  render           | Saved: '/Users/mohammedkalouti/Documents/Codex/2026-09-27/i/work/art/aircraft-final-production-v3/stage/assets/build/frames/unit.SA.gunship/beauty/takeoff/d09_f04.png'
10:17.579  render           | Saved: '/Users/mohammedkalouti/Documents/Codex/2026-09-27/i/work/art/aircraft-final-production-v3/stage/assets/build/frames/unit.SA.gunship/team/takeoff/d09_f04.png'
10:17.873  render           | Saved: '/var/folders/n4/43n_jxh10gg3s770b_8jbzb80000gn/T/fc-team-coverage-3_mhlbld.png'
10:18.992  render           | Saved: '/Users/mohammedkalouti/Documents/Codex/2026-09-27/i/work/art/aircraft-final-production-v3/stage/assets/build/frames/unit.SA.gunship/shadow/takeoff/d09_f04.png'
10:19.655  render           | Saved: '/Users/mohammedkalouti/Documents/Codex/2026-09-27/i/work/art/aircraft-final-production-v3/stage/assets/build/frames/unit.SA.gunship/beauty/takeoff/d09_f05.png'
10:20.170  render           | Saved: '/Users/mohammedkalouti/Documents/Codex/2026-09-27/i/work/art/aircraft-final-production-v3/stage/assets/build/frames/unit.SA.gunship/team/takeoff/d09_f05.png'
10:20.454  render           | Saved: '/var/folders/n4/43n_jxh10gg3s770b_8jbzb80000gn/T/fc-team-coverage-76q63jac.png'
10:21.382  render           | Saved: '/Users/mohammedkalouti/Documents/Codex/2026-09-27/i/work/art/aircraft-final-production-v3/stage/assets/build/frames/unit.SA.gunship/shadow/takeoff/d09_f05.png'
10:22.057  render           | Saved: '/Users/mohammedkalouti/Documents/Codex/2026-09-27/i/work/art/aircraft-final-production-v3/stage/assets/build/frames/unit.SA.gunship/beauty/takeoff/d10_f00.png'
10:22.566  render           | Saved: '/Users/mohammedkalouti/Documents/Codex/2026-09-27/i/work/art/aircraft-final-production-v3/stage/assets/build/frames/unit.SA.gunship/team/takeoff/d10_f00.png'
10:22.858  render           | Saved: '/var/folders/n4/43n_jxh10gg3s770b_8jbzb80000gn/T/fc-team-coverage-ekkfr5ar.png'
10:23.799  render           | Saved: '/Users/mohammedkalouti/Documents/Codex/2026-09-27/i/work/art/aircraft-final-production-v3/stage/assets/build/frames/unit.SA.gunship/shadow/takeoff/d10_f00.png'
10:24.493  render           | Saved: '/Users/mohammedkalouti/Documents/Codex/2026-09-27/i/work/art/aircraft-final-production-v3/stage/assets/build/frames/unit.SA.gunship/beauty/takeoff/d10_f01.png'
10:25.025  render           | Saved: '/Users/mohammedkalouti/Documents/Codex/2026-09-27/i/work/art/aircraft-final-production-v3/stage/assets/build/frames/unit.SA.gunship/team/takeoff/d10_f01.png'
10:25.299  render           | Saved: '/var/folders/n4/43n_jxh10gg3s770b_8jbzb80000gn/T/fc-team-coverage-9ztx4u1o.png'
10:26.239  render           | Saved: '/Users/mohammedkalouti/Documents/Codex/2026-09-27/i/work/art/aircraft-final-production-v3/stage/assets/build/frames/unit.SA.gunship/shadow/takeoff/d10_f01.png'
10:26.918  render           | Saved: '/Users/mohammedkalouti/Documents/Codex/2026-09-27/i/work/art/aircraft-final-production-v3/stage/assets/build/frames/unit.SA.gunship/beauty/takeoff/d10_f02.png'
10:27.431  render           | Saved: '/Users/mohammedkalouti/Documents/Codex/2026-09-27/i/work/art/aircraft-final-production-v3/stage/assets/build/frames/unit.SA.gunship/team/takeoff/d10_f02.png'
10:27.729  render           | Saved: '/var/folders/n4/43n_jxh10gg3s770b_8jbzb80000gn/T/fc-team-coverage-yjpkvouj.png'
10:28.679  render           | Saved: '/Users/mohammedkalouti/Documents/Codex/2026-09-27/i/work/art/aircraft-final-production-v3/stage/assets/build/frames/unit.SA.gunship/shadow/takeoff/d10_f02.png'
10:29.362  render           | Saved: '/Users/mohammedkalouti/Documents/Codex/2026-09-27/i/work/art/aircraft-final-production-v3/stage/assets/build/frames/unit.SA.gunship/beauty/takeoff/d10_f03.png'
10:29.867  render           | Saved: '/Users/mohammedkalouti/Documents/Codex/2026-09-27/i/work/art/aircraft-final-production-v3/stage/assets/build/frames/unit.SA.gunship/team/takeoff/d10_f03.png'
10:30.135  render           | Saved: '/var/folders/n4/43n_jxh10gg3s770b_8jbzb80000gn/T/fc-team-coverage-s81rjs9g.png'
10:31.081  render           | Saved: '/Users/mohammedkalouti/Documents/Codex/2026-09-27/i/work/art/aircraft-final-production-v3/stage/assets/build/frames/unit.SA.gunship/shadow/takeoff/d10_f03.png'
10:31.762  render           | Saved: '/Users/mohammedkalouti/Documents/Codex/2026-09-27/i/work/art/aircraft-final-production-v3/stage/assets/build/frames/unit.SA.gunship/beauty/takeoff/d10_f04.png'
10:32.283  render           | Saved: '/Users/mohammedkalouti/Documents/Codex/2026-09-27/i/work/art/aircraft-final-production-v3/stage/assets/build/frames/unit.SA.gunship/team/takeoff/d10_f04.png'
10:32.553  render           | Saved: '/var/folders/n4/43n_jxh10gg3s770b_8jbzb80000gn/T/fc-team-coverage-kpazgepc.png'
10:33.505  render           | Saved: '/Users/mohammedkalouti/Documents/Codex/2026-09-27/i/work/art/aircraft-final-production-v3/stage/assets/build/frames/unit.SA.gunship/shadow/takeoff/d10_f04.png'
10:34.168  render           | Saved: '/Users/mohammedkalouti/Documents/Codex/2026-09-27/i/work/art/aircraft-final-production-v3/stage/assets/build/frames/unit.SA.gunship/beauty/takeoff/d10_f05.png'
10:34.673  render           | Saved: '/Users/mohammedkalouti/Documents/Codex/2026-09-27/i/work/art/aircraft-final-production-v3/stage/assets/build/frames/unit.SA.gunship/team/takeoff/d10_f05.png'
10:34.946  render           | Saved: '/var/folders/n4/43n_jxh10gg3s770b_8jbzb80000gn/T/fc-team-coverage-6qq2477i.png'
10:35.888  render           | Saved: '/Users/mohammedkalouti/Documents/Codex/2026-09-27/i/work/art/aircraft-final-production-v3/stage/assets/build/frames/unit.SA.gunship/shadow/takeoff/d10_f05.png'
10:36.594  render           | Saved: '/Users/mohammedkalouti/Documents/Codex/2026-09-27/i/work/art/aircraft-final-production-v3/stage/assets/build/frames/unit.SA.gunship/beauty/takeoff/d11_f00.png'
10:37.104  render           | Saved: '/Users/mohammedkalouti/Documents/Codex/2026-09-27/i/work/art/aircraft-final-production-v3/stage/assets/build/frames/unit.SA.gunship/team/takeoff/d11_f00.png'
10:37.383  render           | Saved: '/var/folders/n4/43n_jxh10gg3s770b_8jbzb80000gn/T/fc-team-coverage-ta0ago04.png'
10:38.324  render           | Saved: '/Users/mohammedkalouti/Documents/Codex/2026-09-27/i/work/art/aircraft-final-production-v3/stage/assets/build/frames/unit.SA.gunship/shadow/takeoff/d11_f00.png'
10:39.039  render           | Saved: '/Users/mohammedkalouti/Documents/Codex/2026-09-27/i/work/art/aircraft-final-production-v3/stage/assets/build/frames/unit.SA.gunship/beauty/takeoff/d11_f01.png'
10:39.606  render           | Saved: '/Users/mohammedkalouti/Documents/Codex/2026-09-27/i/work/art/aircraft-final-production-v3/stage/assets/build/frames/unit.SA.gunship/team/takeoff/d11_f01.png'
10:39.897  render           | Saved: '/var/folders/n4/43n_jxh10gg3s770b_8jbzb80000gn/T/fc-team-coverage-xxqly3hg.png'
10:40.951  render           | Saved: '/Users/mohammedkalouti/Documents/Codex/2026-09-27/i/work/art/aircraft-final-production-v3/stage/assets/build/frames/unit.SA.gunship/shadow/takeoff/d11_f01.png'
10:41.645  render           | Saved: '/Users/mohammedkalouti/Documents/Codex/2026-09-27/i/work/art/aircraft-final-production-v3/stage/assets/build/frames/unit.SA.gunship/beauty/takeoff/d11_f02.png'
10:42.167  render           | Saved: '/Users/mohammedkalouti/Documents/Codex/2026-09-27/i/work/art/aircraft-final-production-v3/stage/assets/build/frames/unit.SA.gunship/team/takeoff/d11_f02.png'
10:42.454  render           | Saved: '/var/folders/n4/43n_jxh10gg3s770b_8jbzb80000gn/T/fc-team-coverage-5_vdrzpa.png'
10:43.403  render           | Saved: '/Users/mohammedkalouti/Documents/Codex/2026-09-27/i/work/art/aircraft-final-production-v3/stage/assets/build/frames/unit.SA.gunship/shadow/takeoff/d11_f02.png'
10:44.095  render           | Saved: '/Users/mohammedkalouti/Documents/Codex/2026-09-27/i/work/art/aircraft-final-production-v3/stage/assets/build/frames/unit.SA.gunship/beauty/takeoff/d11_f03.png'
10:44.631  render           | Saved: '/Users/mohammedkalouti/Documents/Codex/2026-09-27/i/work/art/aircraft-final-production-v3/stage/assets/build/frames/unit.SA.gunship/team/takeoff/d11_f03.png'
10:44.911  render           | Saved: '/var/folders/n4/43n_jxh10gg3s770b_8jbzb80000gn/T/fc-team-coverage-vg9psxov.png'
10:45.865  render           | Saved: '/Users/mohammedkalouti/Documents/Codex/2026-09-27/i/work/art/aircraft-final-production-v3/stage/assets/build/frames/unit.SA.gunship/shadow/takeoff/d11_f03.png'
10:46.565  render           | Saved: '/Users/mohammedkalouti/Documents/Codex/2026-09-27/i/work/art/aircraft-final-production-v3/stage/assets/build/frames/unit.SA.gunship/beauty/takeoff/d11_f04.png'
10:47.086  render           | Saved: '/Users/mohammedkalouti/Documents/Codex/2026-09-27/i/work/art/aircraft-final-production-v3/stage/assets/build/frames/unit.SA.gunship/team/takeoff/d11_f04.png'
10:47.370  render           | Saved: '/var/folders/n4/43n_jxh10gg3s770b_8jbzb80000gn/T/fc-team-coverage-ch0sfv_d.png'
10:48.390  render           | Saved: '/Users/mohammedkalouti/Documents/Codex/2026-09-27/i/work/art/aircraft-final-production-v3/stage/assets/build/frames/unit.SA.gunship/shadow/takeoff/d11_f04.png'
10:49.082  render           | Saved: '/Users/mohammedkalouti/Documents/Codex/2026-09-27/i/work/art/aircraft-final-production-v3/stage/assets/build/frames/unit.SA.gunship/beauty/takeoff/d11_f05.png'
10:49.611  render           | Saved: '/Users/mohammedkalouti/Documents/Codex/2026-09-27/i/work/art/aircraft-final-production-v3/stage/assets/build/frames/unit.SA.gunship/team/takeoff/d11_f05.png'
10:49.885  render           | Saved: '/var/folders/n4/43n_jxh10gg3s770b_8jbzb80000gn/T/fc-team-coverage-fvuzsjhm.png'
10:50.815  render           | Saved: '/Users/mohammedkalouti/Documents/Codex/2026-09-27/i/work/art/aircraft-final-production-v3/stage/assets/build/frames/unit.SA.gunship/shadow/takeoff/d11_f05.png'
10:51.504  render           | Saved: '/Users/mohammedkalouti/Documents/Codex/2026-09-27/i/work/art/aircraft-final-production-v3/stage/assets/build/frames/unit.SA.gunship/beauty/takeoff/d12_f00.png'
10:52.021  render           | Saved: '/Users/mohammedkalouti/Documents/Codex/2026-09-27/i/work/art/aircraft-final-production-v3/stage/assets/build/frames/unit.SA.gunship/team/takeoff/d12_f00.png'
10:52.305  render           | Saved: '/var/folders/n4/43n_jxh10gg3s770b_8jbzb80000gn/T/fc-team-coverage-ebzulf_i.png'
10:53.221  render           | Saved: '/Users/mohammedkalouti/Documents/Codex/2026-09-27/i/work/art/aircraft-final-production-v3/stage/assets/build/frames/unit.SA.gunship/shadow/takeoff/d12_f00.png'
10:53.908  render           | Saved: '/Users/mohammedkalouti/Documents/Codex/2026-09-27/i/work/art/aircraft-final-production-v3/stage/assets/build/frames/unit.SA.gunship/beauty/takeoff/d12_f01.png'
10:54.424  render           | Saved: '/Users/mohammedkalouti/Documents/Codex/2026-09-27/i/work/art/aircraft-final-production-v3/stage/assets/build/frames/unit.SA.gunship/team/takeoff/d12_f01.png'
10:54.697  render           | Saved: '/var/folders/n4/43n_jxh10gg3s770b_8jbzb80000gn/T/fc-team-coverage-1skmd6pl.png'
10:55.748  render           | Saved: '/Users/mohammedkalouti/Documents/Codex/2026-09-27/i/work/art/aircraft-final-production-v3/stage/assets/build/frames/unit.SA.gunship/shadow/takeoff/d12_f01.png'
10:56.459  render           | Saved: '/Users/mohammedkalouti/Documents/Codex/2026-09-27/i/work/art/aircraft-final-production-v3/stage/assets/build/frames/unit.SA.gunship/beauty/takeoff/d12_f02.png'
10:56.985  render           | Saved: '/Users/mohammedkalouti/Documents/Codex/2026-09-27/i/work/art/aircraft-final-production-v3/stage/assets/build/frames/unit.SA.gunship/team/takeoff/d12_f02.png'
10:57.265  render           | Saved: '/var/folders/n4/43n_jxh10gg3s770b_8jbzb80000gn/T/fc-team-coverage-cv2034jp.png'
10:58.241  render           | Saved: '/Users/mohammedkalouti/Documents/Codex/2026-09-27/i/work/art/aircraft-final-production-v3/stage/assets/build/frames/unit.SA.gunship/shadow/takeoff/d12_f02.png'
10:58.949  render           | Saved: '/Users/mohammedkalouti/Documents/Codex/2026-09-27/i/work/art/aircraft-final-production-v3/stage/assets/build/frames/unit.SA.gunship/beauty/takeoff/d12_f03.png'
10:59.477  render           | Saved: '/Users/mohammedkalouti/Documents/Codex/2026-09-27/i/work/art/aircraft-final-production-v3/stage/assets/build/frames/unit.SA.gunship/team/takeoff/d12_f03.png'
10:59.752  render           | Saved: '/var/folders/n4/43n_jxh10gg3s770b_8jbzb80000gn/T/fc-team-coverage-k3lpsrk3.png'
11:00.665  render           | Saved: '/Users/mohammedkalouti/Documents/Codex/2026-09-27/i/work/art/aircraft-final-production-v3/stage/assets/build/frames/unit.SA.gunship/shadow/takeoff/d12_f03.png'
11:01.355  render           | Saved: '/Users/mohammedkalouti/Documents/Codex/2026-09-27/i/work/art/aircraft-final-production-v3/stage/assets/build/frames/unit.SA.gunship/beauty/takeoff/d12_f04.png'
11:01.892  render           | Saved: '/Users/mohammedkalouti/Documents/Codex/2026-09-27/i/work/art/aircraft-final-production-v3/stage/assets/build/frames/unit.SA.gunship/team/takeoff/d12_f04.png'
11:02.182  render           | Saved: '/var/folders/n4/43n_jxh10gg3s770b_8jbzb80000gn/T/fc-team-coverage-q5q1i2ub.png'
11:03.187  render           | Saved: '/Users/mohammedkalouti/Documents/Codex/2026-09-27/i/work/art/aircraft-final-production-v3/stage/assets/build/frames/unit.SA.gunship/shadow/takeoff/d12_f04.png'
11:03.856  render           | Saved: '/Users/mohammedkalouti/Documents/Codex/2026-09-27/i/work/art/aircraft-final-production-v3/stage/assets/build/frames/unit.SA.gunship/beauty/takeoff/d12_f05.png'
11:04.383  render           | Saved: '/Users/mohammedkalouti/Documents/Codex/2026-09-27/i/work/art/aircraft-final-production-v3/stage/assets/build/frames/unit.SA.gunship/team/takeoff/d12_f05.png'
11:04.669  render           | Saved: '/var/folders/n4/43n_jxh10gg3s770b_8jbzb80000gn/T/fc-team-coverage-vh6_smcd.png'
11:05.598  render           | Saved: '/Users/mohammedkalouti/Documents/Codex/2026-09-27/i/work/art/aircraft-final-production-v3/stage/assets/build/frames/unit.SA.gunship/shadow/takeoff/d12_f05.png'
11:06.280  render           | Saved: '/Users/mohammedkalouti/Documents/Codex/2026-09-27/i/work/art/aircraft-final-production-v3/stage/assets/build/frames/unit.SA.gunship/beauty/takeoff/d13_f00.png'
11:06.777  render           | Saved: '/Users/mohammedkalouti/Documents/Codex/2026-09-27/i/work/art/aircraft-final-production-v3/stage/assets/build/frames/unit.SA.gunship/team/takeoff/d13_f00.png'
11:07.058  render           | Saved: '/var/folders/n4/43n_jxh10gg3s770b_8jbzb80000gn/T/fc-team-coverage-3eq7rwxw.png'
11:07.990  render           | Saved: '/Users/mohammedkalouti/Documents/Codex/2026-09-27/i/work/art/aircraft-final-production-v3/stage/assets/build/frames/unit.SA.gunship/shadow/takeoff/d13_f00.png'
11:08.686  render           | Saved: '/Users/mohammedkalouti/Documents/Codex/2026-09-27/i/work/art/aircraft-final-production-v3/stage/assets/build/frames/unit.SA.gunship/beauty/takeoff/d13_f01.png'
11:09.189  render           | Saved: '/Users/mohammedkalouti/Documents/Codex/2026-09-27/i/work/art/aircraft-final-production-v3/stage/assets/build/frames/unit.SA.gunship/team/takeoff/d13_f01.png'
11:09.468  render           | Saved: '/var/folders/n4/43n_jxh10gg3s770b_8jbzb80000gn/T/fc-team-coverage-i123ab34.png'
11:10.381  render           | Saved: '/Users/mohammedkalouti/Documents/Codex/2026-09-27/i/work/art/aircraft-final-production-v3/stage/assets/build/frames/unit.SA.gunship/shadow/takeoff/d13_f01.png'
11:11.090  render           | Saved: '/Users/mohammedkalouti/Documents/Codex/2026-09-27/i/work/art/aircraft-final-production-v3/stage/assets/build/frames/unit.SA.gunship/beauty/takeoff/d13_f02.png'
11:11.842  render           | Saved: '/Users/mohammedkalouti/Documents/Codex/2026-09-27/i/work/art/aircraft-final-production-v3/stage/assets/build/frames/unit.SA.gunship/team/takeoff/d13_f02.png'
11:12.144  render           | Saved: '/var/folders/n4/43n_jxh10gg3s770b_8jbzb80000gn/T/fc-team-coverage-eqa6lsg6.png'
11:13.216  render           | Saved: '/Users/mohammedkalouti/Documents/Codex/2026-09-27/i/work/art/aircraft-final-production-v3/stage/assets/build/frames/unit.SA.gunship/shadow/takeoff/d13_f02.png'
11:13.903  render           | Saved: '/Users/mohammedkalouti/Documents/Codex/2026-09-27/i/work/art/aircraft-final-production-v3/stage/assets/build/frames/unit.SA.gunship/beauty/takeoff/d13_f03.png'
11:14.432  render           | Saved: '/Users/mohammedkalouti/Documents/Codex/2026-09-27/i/work/art/aircraft-final-production-v3/stage/assets/build/frames/unit.SA.gunship/team/takeoff/d13_f03.png'
11:14.733  render           | Saved: '/var/folders/n4/43n_jxh10gg3s770b_8jbzb80000gn/T/fc-team-coverage-a0od4o0v.png'
11:15.707  render           | Saved: '/Users/mohammedkalouti/Documents/Codex/2026-09-27/i/work/art/aircraft-final-production-v3/stage/assets/build/frames/unit.SA.gunship/shadow/takeoff/d13_f03.png'
11:16.404  render           | Saved: '/Users/mohammedkalouti/Documents/Codex/2026-09-27/i/work/art/aircraft-final-production-v3/stage/assets/build/frames/unit.SA.gunship/beauty/takeoff/d13_f04.png'
11:16.907  render           | Saved: '/Users/mohammedkalouti/Documents/Codex/2026-09-27/i/work/art/aircraft-final-production-v3/stage/assets/build/frames/unit.SA.gunship/team/takeoff/d13_f04.png'
11:17.191  render           | Saved: '/var/folders/n4/43n_jxh10gg3s770b_8jbzb80000gn/T/fc-team-coverage-oro8d59q.png'
11:18.111  render           | Saved: '/Users/mohammedkalouti/Documents/Codex/2026-09-27/i/work/art/aircraft-final-production-v3/stage/assets/build/frames/unit.SA.gunship/shadow/takeoff/d13_f04.png'
11:18.823  render           | Saved: '/Users/mohammedkalouti/Documents/Codex/2026-09-27/i/work/art/aircraft-final-production-v3/stage/assets/build/frames/unit.SA.gunship/beauty/takeoff/d13_f05.png'
11:19.348  render           | Saved: '/Users/mohammedkalouti/Documents/Codex/2026-09-27/i/work/art/aircraft-final-production-v3/stage/assets/build/frames/unit.SA.gunship/team/takeoff/d13_f05.png'
11:19.621  render           | Saved: '/var/folders/n4/43n_jxh10gg3s770b_8jbzb80000gn/T/fc-team-coverage-h8yet3g7.png'
11:20.551  render           | Saved: '/Users/mohammedkalouti/Documents/Codex/2026-09-27/i/work/art/aircraft-final-production-v3/stage/assets/build/frames/unit.SA.gunship/shadow/takeoff/d13_f05.png'
11:21.248  render           | Saved: '/Users/mohammedkalouti/Documents/Codex/2026-09-27/i/work/art/aircraft-final-production-v3/stage/assets/build/frames/unit.SA.gunship/beauty/takeoff/d14_f00.png'
11:21.758  render           | Saved: '/Users/mohammedkalouti/Documents/Codex/2026-09-27/i/work/art/aircraft-final-production-v3/stage/assets/build/frames/unit.SA.gunship/team/takeoff/d14_f00.png'
11:22.033  render           | Saved: '/var/folders/n4/43n_jxh10gg3s770b_8jbzb80000gn/T/fc-team-coverage-xut3vkaf.png'
11:22.972  render           | Saved: '/Users/mohammedkalouti/Documents/Codex/2026-09-27/i/work/art/aircraft-final-production-v3/stage/assets/build/frames/unit.SA.gunship/shadow/takeoff/d14_f00.png'
11:23.687  render           | Saved: '/Users/mohammedkalouti/Documents/Codex/2026-09-27/i/work/art/aircraft-final-production-v3/stage/assets/build/frames/unit.SA.gunship/beauty/takeoff/d14_f01.png'
11:24.221  render           | Saved: '/Users/mohammedkalouti/Documents/Codex/2026-09-27/i/work/art/aircraft-final-production-v3/stage/assets/build/frames/unit.SA.gunship/team/takeoff/d14_f01.png'
11:24.501  render           | Saved: '/var/folders/n4/43n_jxh10gg3s770b_8jbzb80000gn/T/fc-team-coverage-bkyitbes.png'
11:25.436  render           | Saved: '/Users/mohammedkalouti/Documents/Codex/2026-09-27/i/work/art/aircraft-final-production-v3/stage/assets/build/frames/unit.SA.gunship/shadow/takeoff/d14_f01.png'
11:26.133  render           | Saved: '/Users/mohammedkalouti/Documents/Codex/2026-09-27/i/work/art/aircraft-final-production-v3/stage/assets/build/frames/unit.SA.gunship/beauty/takeoff/d14_f02.png'
11:26.699  render           | Saved: '/Users/mohammedkalouti/Documents/Codex/2026-09-27/i/work/art/aircraft-final-production-v3/stage/assets/build/frames/unit.SA.gunship/team/takeoff/d14_f02.png'
11:26.972  render           | Saved: '/var/folders/n4/43n_jxh10gg3s770b_8jbzb80000gn/T/fc-team-coverage-qnnlxhx6.png'
11:27.914  render           | Saved: '/Users/mohammedkalouti/Documents/Codex/2026-09-27/i/work/art/aircraft-final-production-v3/stage/assets/build/frames/unit.SA.gunship/shadow/takeoff/d14_f02.png'
11:28.587  render           | Saved: '/Users/mohammedkalouti/Documents/Codex/2026-09-27/i/work/art/aircraft-final-production-v3/stage/assets/build/frames/unit.SA.gunship/beauty/takeoff/d14_f03.png'
11:29.103  render           | Saved: '/Users/mohammedkalouti/Documents/Codex/2026-09-27/i/work/art/aircraft-final-production-v3/stage/assets/build/frames/unit.SA.gunship/team/takeoff/d14_f03.png'
11:29.368  render           | Saved: '/var/folders/n4/43n_jxh10gg3s770b_8jbzb80000gn/T/fc-team-coverage-2f8e73t4.png'
11:30.306  render           | Saved: '/Users/mohammedkalouti/Documents/Codex/2026-09-27/i/work/art/aircraft-final-production-v3/stage/assets/build/frames/unit.SA.gunship/shadow/takeoff/d14_f03.png'
11:30.990  render           | Saved: '/Users/mohammedkalouti/Documents/Codex/2026-09-27/i/work/art/aircraft-final-production-v3/stage/assets/build/frames/unit.SA.gunship/beauty/takeoff/d14_f04.png'
11:31.498  render           | Saved: '/Users/mohammedkalouti/Documents/Codex/2026-09-27/i/work/art/aircraft-final-production-v3/stage/assets/build/frames/unit.SA.gunship/team/takeoff/d14_f04.png'
11:31.774  render           | Saved: '/var/folders/n4/43n_jxh10gg3s770b_8jbzb80000gn/T/fc-team-coverage-jkoarzls.png'
11:32.705  render           | Saved: '/Users/mohammedkalouti/Documents/Codex/2026-09-27/i/work/art/aircraft-final-production-v3/stage/assets/build/frames/unit.SA.gunship/shadow/takeoff/d14_f04.png'
11:33.402  render           | Saved: '/Users/mohammedkalouti/Documents/Codex/2026-09-27/i/work/art/aircraft-final-production-v3/stage/assets/build/frames/unit.SA.gunship/beauty/takeoff/d14_f05.png'
11:33.909  render           | Saved: '/Users/mohammedkalouti/Documents/Codex/2026-09-27/i/work/art/aircraft-final-production-v3/stage/assets/build/frames/unit.SA.gunship/team/takeoff/d14_f05.png'
11:34.181  render           | Saved: '/var/folders/n4/43n_jxh10gg3s770b_8jbzb80000gn/T/fc-team-coverage-6f9wrt6e.png'
11:35.104  render           | Saved: '/Users/mohammedkalouti/Documents/Codex/2026-09-27/i/work/art/aircraft-final-production-v3/stage/assets/build/frames/unit.SA.gunship/shadow/takeoff/d14_f05.png'
11:35.799  render           | Saved: '/Users/mohammedkalouti/Documents/Codex/2026-09-27/i/work/art/aircraft-final-production-v3/stage/assets/build/frames/unit.SA.gunship/beauty/takeoff/d15_f00.png'
11:36.319  render           | Saved: '/Users/mohammedkalouti/Documents/Codex/2026-09-27/i/work/art/aircraft-final-production-v3/stage/assets/build/frames/unit.SA.gunship/team/takeoff/d15_f00.png'
11:36.612  render           | Saved: '/var/folders/n4/43n_jxh10gg3s770b_8jbzb80000gn/T/fc-team-coverage-setyc4gc.png'
11:37.546  render           | Saved: '/Users/mohammedkalouti/Documents/Codex/2026-09-27/i/work/art/aircraft-final-production-v3/stage/assets/build/frames/unit.SA.gunship/shadow/takeoff/d15_f00.png'
11:38.232  render           | Saved: '/Users/mohammedkalouti/Documents/Codex/2026-09-27/i/work/art/aircraft-final-production-v3/stage/assets/build/frames/unit.SA.gunship/beauty/takeoff/d15_f01.png'
11:38.731  render           | Saved: '/Users/mohammedkalouti/Documents/Codex/2026-09-27/i/work/art/aircraft-final-production-v3/stage/assets/build/frames/unit.SA.gunship/team/takeoff/d15_f01.png'
11:39.008  render           | Saved: '/var/folders/n4/43n_jxh10gg3s770b_8jbzb80000gn/T/fc-team-coverage-04s_58nt.png'
11:39.927  render           | Saved: '/Users/mohammedkalouti/Documents/Codex/2026-09-27/i/work/art/aircraft-final-production-v3/stage/assets/build/frames/unit.SA.gunship/shadow/takeoff/d15_f01.png'
11:40.602  render           | Saved: '/Users/mohammedkalouti/Documents/Codex/2026-09-27/i/work/art/aircraft-final-production-v3/stage/assets/build/frames/unit.SA.gunship/beauty/takeoff/d15_f02.png'
11:41.109  render           | Saved: '/Users/mohammedkalouti/Documents/Codex/2026-09-27/i/work/art/aircraft-final-production-v3/stage/assets/build/frames/unit.SA.gunship/team/takeoff/d15_f02.png'
11:41.382  render           | Saved: '/var/folders/n4/43n_jxh10gg3s770b_8jbzb80000gn/T/fc-team-coverage-0k2sfhy0.png'
11:42.340  render           | Saved: '/Users/mohammedkalouti/Documents/Codex/2026-09-27/i/work/art/aircraft-final-production-v3/stage/assets/build/frames/unit.SA.gunship/shadow/takeoff/d15_f02.png'
11:43.129  render           | Saved: '/Users/mohammedkalouti/Documents/Codex/2026-09-27/i/work/art/aircraft-final-production-v3/stage/assets/build/frames/unit.SA.gunship/beauty/takeoff/d15_f03.png'
11:43.693  render           | Saved: '/Users/mohammedkalouti/Documents/Codex/2026-09-27/i/work/art/aircraft-final-production-v3/stage/assets/build/frames/unit.SA.gunship/team/takeoff/d15_f03.png'
11:43.999  render           | Saved: '/var/folders/n4/43n_jxh10gg3s770b_8jbzb80000gn/T/fc-team-coverage-rpcv9kb3.png'
11:45.007  render           | Saved: '/Users/mohammedkalouti/Documents/Codex/2026-09-27/i/work/art/aircraft-final-production-v3/stage/assets/build/frames/unit.SA.gunship/shadow/takeoff/d15_f03.png'
11:45.740  render           | Saved: '/Users/mohammedkalouti/Documents/Codex/2026-09-27/i/work/art/aircraft-final-production-v3/stage/assets/build/frames/unit.SA.gunship/beauty/takeoff/d15_f04.png'
11:46.292  render           | Saved: '/Users/mohammedkalouti/Documents/Codex/2026-09-27/i/work/art/aircraft-final-production-v3/stage/assets/build/frames/unit.SA.gunship/team/takeoff/d15_f04.png'
11:46.581  render           | Saved: '/var/folders/n4/43n_jxh10gg3s770b_8jbzb80000gn/T/fc-team-coverage-r0c4mj1y.png'
11:47.553  render           | Saved: '/Users/mohammedkalouti/Documents/Codex/2026-09-27/i/work/art/aircraft-final-production-v3/stage/assets/build/frames/unit.SA.gunship/shadow/takeoff/d15_f04.png'
11:48.252  render           | Saved: '/Users/mohammedkalouti/Documents/Codex/2026-09-27/i/work/art/aircraft-final-production-v3/stage/assets/build/frames/unit.SA.gunship/beauty/takeoff/d15_f05.png'
11:48.797  render           | Saved: '/Users/mohammedkalouti/Documents/Codex/2026-09-27/i/work/art/aircraft-final-production-v3/stage/assets/build/frames/unit.SA.gunship/team/takeoff/d15_f05.png'
11:49.110  render           | Saved: '/var/folders/n4/43n_jxh10gg3s770b_8jbzb80000gn/T/fc-team-coverage-m7synjfz.png'
11:50.085  render           | Saved: '/Users/mohammedkalouti/Documents/Codex/2026-09-27/i/work/art/aircraft-final-production-v3/stage/assets/build/frames/unit.SA.gunship/shadow/takeoff/d15_f05.png'
11:50.794  render           | Saved: '/Users/mohammedkalouti/Documents/Codex/2026-09-27/i/work/art/aircraft-final-production-v3/stage/assets/build/frames/unit.SA.gunship/beauty/landing/d00_f00.png'
11:51.351  render           | Saved: '/Users/mohammedkalouti/Documents/Codex/2026-09-27/i/work/art/aircraft-final-production-v3/stage/assets/build/frames/unit.SA.gunship/team/landing/d00_f00.png'
11:51.643  render           | Saved: '/var/folders/n4/43n_jxh10gg3s770b_8jbzb80000gn/T/fc-team-coverage-ayn99k7w.png'
11:52.595  render           | Saved: '/Users/mohammedkalouti/Documents/Codex/2026-09-27/i/work/art/aircraft-final-production-v3/stage/assets/build/frames/unit.SA.gunship/shadow/landing/d00_f00.png'
11:53.311  render           | Saved: '/Users/mohammedkalouti/Documents/Codex/2026-09-27/i/work/art/aircraft-final-production-v3/stage/assets/build/frames/unit.SA.gunship/beauty/landing/d00_f01.png'
11:53.881  render           | Saved: '/Users/mohammedkalouti/Documents/Codex/2026-09-27/i/work/art/aircraft-final-production-v3/stage/assets/build/frames/unit.SA.gunship/team/landing/d00_f01.png'
11:54.189  render           | Saved: '/var/folders/n4/43n_jxh10gg3s770b_8jbzb80000gn/T/fc-team-coverage-exj1npki.png'
11:55.178  render           | Saved: '/Users/mohammedkalouti/Documents/Codex/2026-09-27/i/work/art/aircraft-final-production-v3/stage/assets/build/frames/unit.SA.gunship/shadow/landing/d00_f01.png'
11:55.861  render           | Saved: '/Users/mohammedkalouti/Documents/Codex/2026-09-27/i/work/art/aircraft-final-production-v3/stage/assets/build/frames/unit.SA.gunship/beauty/landing/d00_f02.png'
11:56.409  render           | Saved: '/Users/mohammedkalouti/Documents/Codex/2026-09-27/i/work/art/aircraft-final-production-v3/stage/assets/build/frames/unit.SA.gunship/team/landing/d00_f02.png'
11:56.714  render           | Saved: '/var/folders/n4/43n_jxh10gg3s770b_8jbzb80000gn/T/fc-team-coverage-dorciakr.png'
11:57.676  render           | Saved: '/Users/mohammedkalouti/Documents/Codex/2026-09-27/i/work/art/aircraft-final-production-v3/stage/assets/build/frames/unit.SA.gunship/shadow/landing/d00_f02.png'
11:58.372  render           | Saved: '/Users/mohammedkalouti/Documents/Codex/2026-09-27/i/work/art/aircraft-final-production-v3/stage/assets/build/frames/unit.SA.gunship/beauty/landing/d00_f03.png'
11:58.888  render           | Saved: '/Users/mohammedkalouti/Documents/Codex/2026-09-27/i/work/art/aircraft-final-production-v3/stage/assets/build/frames/unit.SA.gunship/team/landing/d00_f03.png'
11:59.161  render           | Saved: '/var/folders/n4/43n_jxh10gg3s770b_8jbzb80000gn/T/fc-team-coverage-iwfy13vr.png'
12:00.082  render           | Saved: '/Users/mohammedkalouti/Documents/Codex/2026-09-27/i/work/art/aircraft-final-production-v3/stage/assets/build/frames/unit.SA.gunship/shadow/landing/d00_f03.png'
12:00.781  render           | Saved: '/Users/mohammedkalouti/Documents/Codex/2026-09-27/i/work/art/aircraft-final-production-v3/stage/assets/build/frames/unit.SA.gunship/beauty/landing/d00_f04.png'
12:01.283  render           | Saved: '/Users/mohammedkalouti/Documents/Codex/2026-09-27/i/work/art/aircraft-final-production-v3/stage/assets/build/frames/unit.SA.gunship/team/landing/d00_f04.png'
12:01.560  render           | Saved: '/var/folders/n4/43n_jxh10gg3s770b_8jbzb80000gn/T/fc-team-coverage-83en047u.png'
12:02.511  render           | Saved: '/Users/mohammedkalouti/Documents/Codex/2026-09-27/i/work/art/aircraft-final-production-v3/stage/assets/build/frames/unit.SA.gunship/shadow/landing/d00_f04.png'
12:03.237  render           | Saved: '/Users/mohammedkalouti/Documents/Codex/2026-09-27/i/work/art/aircraft-final-production-v3/stage/assets/build/frames/unit.SA.gunship/beauty/landing/d00_f05.png'
12:03.764  render           | Saved: '/Users/mohammedkalouti/Documents/Codex/2026-09-27/i/work/art/aircraft-final-production-v3/stage/assets/build/frames/unit.SA.gunship/team/landing/d00_f05.png'
12:04.054  render           | Saved: '/var/folders/n4/43n_jxh10gg3s770b_8jbzb80000gn/T/fc-team-coverage-ch9l1oo3.png'
12:04.983  render           | Saved: '/Users/mohammedkalouti/Documents/Codex/2026-09-27/i/work/art/aircraft-final-production-v3/stage/assets/build/frames/unit.SA.gunship/shadow/landing/d00_f05.png'
12:05.686  render           | Saved: '/Users/mohammedkalouti/Documents/Codex/2026-09-27/i/work/art/aircraft-final-production-v3/stage/assets/build/frames/unit.SA.gunship/beauty/landing/d01_f00.png'
12:06.203  render           | Saved: '/Users/mohammedkalouti/Documents/Codex/2026-09-27/i/work/art/aircraft-final-production-v3/stage/assets/build/frames/unit.SA.gunship/team/landing/d01_f00.png'
12:06.488  render           | Saved: '/var/folders/n4/43n_jxh10gg3s770b_8jbzb80000gn/T/fc-team-coverage-34g1wp10.png'
12:07.404  render           | Saved: '/Users/mohammedkalouti/Documents/Codex/2026-09-27/i/work/art/aircraft-final-production-v3/stage/assets/build/frames/unit.SA.gunship/shadow/landing/d01_f00.png'
12:08.079  render           | Saved: '/Users/mohammedkalouti/Documents/Codex/2026-09-27/i/work/art/aircraft-final-production-v3/stage/assets/build/frames/unit.SA.gunship/beauty/landing/d01_f01.png'
12:08.594  render           | Saved: '/Users/mohammedkalouti/Documents/Codex/2026-09-27/i/work/art/aircraft-final-production-v3/stage/assets/build/frames/unit.SA.gunship/team/landing/d01_f01.png'
12:08.879  render           | Saved: '/var/folders/n4/43n_jxh10gg3s770b_8jbzb80000gn/T/fc-team-coverage-kwnobdtf.png'
12:09.818  render           | Saved: '/Users/mohammedkalouti/Documents/Codex/2026-09-27/i/work/art/aircraft-final-production-v3/stage/assets/build/frames/unit.SA.gunship/shadow/landing/d01_f01.png'
12:10.497  render           | Saved: '/Users/mohammedkalouti/Documents/Codex/2026-09-27/i/work/art/aircraft-final-production-v3/stage/assets/build/frames/unit.SA.gunship/beauty/landing/d01_f02.png'
12:11.015  render           | Saved: '/Users/mohammedkalouti/Documents/Codex/2026-09-27/i/work/art/aircraft-final-production-v3/stage/assets/build/frames/unit.SA.gunship/team/landing/d01_f02.png'
12:11.323  render           | Saved: '/var/folders/n4/43n_jxh10gg3s770b_8jbzb80000gn/T/fc-team-coverage-a7nvws72.png'
12:12.244  render           | Saved: '/Users/mohammedkalouti/Documents/Codex/2026-09-27/i/work/art/aircraft-final-production-v3/stage/assets/build/frames/unit.SA.gunship/shadow/landing/d01_f02.png'
12:12.920  render           | Saved: '/Users/mohammedkalouti/Documents/Codex/2026-09-27/i/work/art/aircraft-final-production-v3/stage/assets/build/frames/unit.SA.gunship/beauty/landing/d01_f03.png'
12:13.448  render           | Saved: '/Users/mohammedkalouti/Documents/Codex/2026-09-27/i/work/art/aircraft-final-production-v3/stage/assets/build/frames/unit.SA.gunship/team/landing/d01_f03.png'
12:13.756  render           | Saved: '/var/folders/n4/43n_jxh10gg3s770b_8jbzb80000gn/T/fc-team-coverage-xred949f.png'
12:14.689  render           | Saved: '/Users/mohammedkalouti/Documents/Codex/2026-09-27/i/work/art/aircraft-final-production-v3/stage/assets/build/frames/unit.SA.gunship/shadow/landing/d01_f03.png'
12:15.357  render           | Saved: '/Users/mohammedkalouti/Documents/Codex/2026-09-27/i/work/art/aircraft-final-production-v3/stage/assets/build/frames/unit.SA.gunship/beauty/landing/d01_f04.png'
12:15.864  render           | Saved: '/Users/mohammedkalouti/Documents/Codex/2026-09-27/i/work/art/aircraft-final-production-v3/stage/assets/build/frames/unit.SA.gunship/team/landing/d01_f04.png'
12:16.146  render           | Saved: '/var/folders/n4/43n_jxh10gg3s770b_8jbzb80000gn/T/fc-team-coverage-hd_nqhe5.png'
12:17.182  render           | Saved: '/Users/mohammedkalouti/Documents/Codex/2026-09-27/i/work/art/aircraft-final-production-v3/stage/assets/build/frames/unit.SA.gunship/shadow/landing/d01_f04.png'
12:17.893  render           | Saved: '/Users/mohammedkalouti/Documents/Codex/2026-09-27/i/work/art/aircraft-final-production-v3/stage/assets/build/frames/unit.SA.gunship/beauty/landing/d01_f05.png'
12:18.419  render           | Saved: '/Users/mohammedkalouti/Documents/Codex/2026-09-27/i/work/art/aircraft-final-production-v3/stage/assets/build/frames/unit.SA.gunship/team/landing/d01_f05.png'
12:18.704  render           | Saved: '/var/folders/n4/43n_jxh10gg3s770b_8jbzb80000gn/T/fc-team-coverage-jcatprgq.png'
12:19.637  render           | Saved: '/Users/mohammedkalouti/Documents/Codex/2026-09-27/i/work/art/aircraft-final-production-v3/stage/assets/build/frames/unit.SA.gunship/shadow/landing/d01_f05.png'
12:20.317  render           | Saved: '/Users/mohammedkalouti/Documents/Codex/2026-09-27/i/work/art/aircraft-final-production-v3/stage/assets/build/frames/unit.SA.gunship/beauty/landing/d02_f00.png'
12:20.855  render           | Saved: '/Users/mohammedkalouti/Documents/Codex/2026-09-27/i/work/art/aircraft-final-production-v3/stage/assets/build/frames/unit.SA.gunship/team/landing/d02_f00.png'
12:21.135  render           | Saved: '/var/folders/n4/43n_jxh10gg3s770b_8jbzb80000gn/T/fc-team-coverage-ktgwgmjl.png'
12:22.048  render           | Saved: '/Users/mohammedkalouti/Documents/Codex/2026-09-27/i/work/art/aircraft-final-production-v3/stage/assets/build/frames/unit.SA.gunship/shadow/landing/d02_f00.png'
12:22.720  render           | Saved: '/Users/mohammedkalouti/Documents/Codex/2026-09-27/i/work/art/aircraft-final-production-v3/stage/assets/build/frames/unit.SA.gunship/beauty/landing/d02_f01.png'
12:23.241  render           | Saved: '/Users/mohammedkalouti/Documents/Codex/2026-09-27/i/work/art/aircraft-final-production-v3/stage/assets/build/frames/unit.SA.gunship/team/landing/d02_f01.png'
12:23.515  render           | Saved: '/var/folders/n4/43n_jxh10gg3s770b_8jbzb80000gn/T/fc-team-coverage-lk78vgi0.png'
12:24.481  render           | Saved: '/Users/mohammedkalouti/Documents/Codex/2026-09-27/i/work/art/aircraft-final-production-v3/stage/assets/build/frames/unit.SA.gunship/shadow/landing/d02_f01.png'
12:25.156  render           | Saved: '/Users/mohammedkalouti/Documents/Codex/2026-09-27/i/work/art/aircraft-final-production-v3/stage/assets/build/frames/unit.SA.gunship/beauty/landing/d02_f02.png'
12:25.680  render           | Saved: '/Users/mohammedkalouti/Documents/Codex/2026-09-27/i/work/art/aircraft-final-production-v3/stage/assets/build/frames/unit.SA.gunship/team/landing/d02_f02.png'
12:25.952  render           | Saved: '/var/folders/n4/43n_jxh10gg3s770b_8jbzb80000gn/T/fc-team-coverage-8wg_051d.png'
12:27.036  render           | Saved: '/Users/mohammedkalouti/Documents/Codex/2026-09-27/i/work/art/aircraft-final-production-v3/stage/assets/build/frames/unit.SA.gunship/shadow/landing/d02_f02.png'
12:27.725  render           | Saved: '/Users/mohammedkalouti/Documents/Codex/2026-09-27/i/work/art/aircraft-final-production-v3/stage/assets/build/frames/unit.SA.gunship/beauty/landing/d02_f03.png'
12:28.246  render           | Saved: '/Users/mohammedkalouti/Documents/Codex/2026-09-27/i/work/art/aircraft-final-production-v3/stage/assets/build/frames/unit.SA.gunship/team/landing/d02_f03.png'
12:28.519  render           | Saved: '/var/folders/n4/43n_jxh10gg3s770b_8jbzb80000gn/T/fc-team-coverage-0k4zy6td.png'
12:29.461  render           | Saved: '/Users/mohammedkalouti/Documents/Codex/2026-09-27/i/work/art/aircraft-final-production-v3/stage/assets/build/frames/unit.SA.gunship/shadow/landing/d02_f03.png'
12:30.142  render           | Saved: '/Users/mohammedkalouti/Documents/Codex/2026-09-27/i/work/art/aircraft-final-production-v3/stage/assets/build/frames/unit.SA.gunship/beauty/landing/d02_f04.png'
12:30.660  render           | Saved: '/Users/mohammedkalouti/Documents/Codex/2026-09-27/i/work/art/aircraft-final-production-v3/stage/assets/build/frames/unit.SA.gunship/team/landing/d02_f04.png'
12:30.937  render           | Saved: '/var/folders/n4/43n_jxh10gg3s770b_8jbzb80000gn/T/fc-team-coverage-ogeej4bv.png'
12:31.879  render           | Saved: '/Users/mohammedkalouti/Documents/Codex/2026-09-27/i/work/art/aircraft-final-production-v3/stage/assets/build/frames/unit.SA.gunship/shadow/landing/d02_f04.png'
12:32.570  render           | Saved: '/Users/mohammedkalouti/Documents/Codex/2026-09-27/i/work/art/aircraft-final-production-v3/stage/assets/build/frames/unit.SA.gunship/beauty/landing/d02_f05.png'
12:33.082  render           | Saved: '/Users/mohammedkalouti/Documents/Codex/2026-09-27/i/work/art/aircraft-final-production-v3/stage/assets/build/frames/unit.SA.gunship/team/landing/d02_f05.png'
12:33.353  render           | Saved: '/var/folders/n4/43n_jxh10gg3s770b_8jbzb80000gn/T/fc-team-coverage-4qbiozsd.png'
12:34.288  render           | Saved: '/Users/mohammedkalouti/Documents/Codex/2026-09-27/i/work/art/aircraft-final-production-v3/stage/assets/build/frames/unit.SA.gunship/shadow/landing/d02_f05.png'
12:34.954  render           | Saved: '/Users/mohammedkalouti/Documents/Codex/2026-09-27/i/work/art/aircraft-final-production-v3/stage/assets/build/frames/unit.SA.gunship/beauty/landing/d03_f00.png'
12:35.463  render           | Saved: '/Users/mohammedkalouti/Documents/Codex/2026-09-27/i/work/art/aircraft-final-production-v3/stage/assets/build/frames/unit.SA.gunship/team/landing/d03_f00.png'
12:35.757  render           | Saved: '/var/folders/n4/43n_jxh10gg3s770b_8jbzb80000gn/T/fc-team-coverage-9iv8m42a.png'
12:36.709  render           | Saved: '/Users/mohammedkalouti/Documents/Codex/2026-09-27/i/work/art/aircraft-final-production-v3/stage/assets/build/frames/unit.SA.gunship/shadow/landing/d03_f00.png'
12:37.419  render           | Saved: '/Users/mohammedkalouti/Documents/Codex/2026-09-27/i/work/art/aircraft-final-production-v3/stage/assets/build/frames/unit.SA.gunship/beauty/landing/d03_f01.png'
12:37.935  render           | Saved: '/Users/mohammedkalouti/Documents/Codex/2026-09-27/i/work/art/aircraft-final-production-v3/stage/assets/build/frames/unit.SA.gunship/team/landing/d03_f01.png'
12:38.207  render           | Saved: '/var/folders/n4/43n_jxh10gg3s770b_8jbzb80000gn/T/fc-team-coverage-tsp4ek67.png'
12:39.120  render           | Saved: '/Users/mohammedkalouti/Documents/Codex/2026-09-27/i/work/art/aircraft-final-production-v3/stage/assets/build/frames/unit.SA.gunship/shadow/landing/d03_f01.png'
12:39.789  render           | Saved: '/Users/mohammedkalouti/Documents/Codex/2026-09-27/i/work/art/aircraft-final-production-v3/stage/assets/build/frames/unit.SA.gunship/beauty/landing/d03_f02.png'
12:40.293  render           | Saved: '/Users/mohammedkalouti/Documents/Codex/2026-09-27/i/work/art/aircraft-final-production-v3/stage/assets/build/frames/unit.SA.gunship/team/landing/d03_f02.png'
12:40.572  render           | Saved: '/var/folders/n4/43n_jxh10gg3s770b_8jbzb80000gn/T/fc-team-coverage-c98nu0e9.png'
12:41.528  render           | Saved: '/Users/mohammedkalouti/Documents/Codex/2026-09-27/i/work/art/aircraft-final-production-v3/stage/assets/build/frames/unit.SA.gunship/shadow/landing/d03_f02.png'
12:42.202  render           | Saved: '/Users/mohammedkalouti/Documents/Codex/2026-09-27/i/work/art/aircraft-final-production-v3/stage/assets/build/frames/unit.SA.gunship/beauty/landing/d03_f03.png'
12:42.725  render           | Saved: '/Users/mohammedkalouti/Documents/Codex/2026-09-27/i/work/art/aircraft-final-production-v3/stage/assets/build/frames/unit.SA.gunship/team/landing/d03_f03.png'
12:43.011  render           | Saved: '/var/folders/n4/43n_jxh10gg3s770b_8jbzb80000gn/T/fc-team-coverage-9onmmmzp.png'
12:43.951  render           | Saved: '/Users/mohammedkalouti/Documents/Codex/2026-09-27/i/work/art/aircraft-final-production-v3/stage/assets/build/frames/unit.SA.gunship/shadow/landing/d03_f03.png'
12:44.643  render           | Saved: '/Users/mohammedkalouti/Documents/Codex/2026-09-27/i/work/art/aircraft-final-production-v3/stage/assets/build/frames/unit.SA.gunship/beauty/landing/d03_f04.png'
12:45.167  render           | Saved: '/Users/mohammedkalouti/Documents/Codex/2026-09-27/i/work/art/aircraft-final-production-v3/stage/assets/build/frames/unit.SA.gunship/team/landing/d03_f04.png'
12:45.453  render           | Saved: '/var/folders/n4/43n_jxh10gg3s770b_8jbzb80000gn/T/fc-team-coverage-895hgd0d.png'
12:46.376  render           | Saved: '/Users/mohammedkalouti/Documents/Codex/2026-09-27/i/work/art/aircraft-final-production-v3/stage/assets/build/frames/unit.SA.gunship/shadow/landing/d03_f04.png'
12:47.051  render           | Saved: '/Users/mohammedkalouti/Documents/Codex/2026-09-27/i/work/art/aircraft-final-production-v3/stage/assets/build/frames/unit.SA.gunship/beauty/landing/d03_f05.png'
12:47.560  render           | Saved: '/Users/mohammedkalouti/Documents/Codex/2026-09-27/i/work/art/aircraft-final-production-v3/stage/assets/build/frames/unit.SA.gunship/team/landing/d03_f05.png'
12:47.843  render           | Saved: '/var/folders/n4/43n_jxh10gg3s770b_8jbzb80000gn/T/fc-team-coverage-eobvp3vt.png'
12:48.764  render           | Saved: '/Users/mohammedkalouti/Documents/Codex/2026-09-27/i/work/art/aircraft-final-production-v3/stage/assets/build/frames/unit.SA.gunship/shadow/landing/d03_f05.png'
12:49.446  render           | Saved: '/Users/mohammedkalouti/Documents/Codex/2026-09-27/i/work/art/aircraft-final-production-v3/stage/assets/build/frames/unit.SA.gunship/beauty/landing/d04_f00.png'
12:49.951  render           | Saved: '/Users/mohammedkalouti/Documents/Codex/2026-09-27/i/work/art/aircraft-final-production-v3/stage/assets/build/frames/unit.SA.gunship/team/landing/d04_f00.png'
12:50.224  render           | Saved: '/var/folders/n4/43n_jxh10gg3s770b_8jbzb80000gn/T/fc-team-coverage-gwxzi63s.png'
12:51.158  render           | Saved: '/Users/mohammedkalouti/Documents/Codex/2026-09-27/i/work/art/aircraft-final-production-v3/stage/assets/build/frames/unit.SA.gunship/shadow/landing/d04_f00.png'
12:51.828  render           | Saved: '/Users/mohammedkalouti/Documents/Codex/2026-09-27/i/work/art/aircraft-final-production-v3/stage/assets/build/frames/unit.SA.gunship/beauty/landing/d04_f01.png'
12:52.370  render           | Saved: '/Users/mohammedkalouti/Documents/Codex/2026-09-27/i/work/art/aircraft-final-production-v3/stage/assets/build/frames/unit.SA.gunship/team/landing/d04_f01.png'
12:52.656  render           | Saved: '/var/folders/n4/43n_jxh10gg3s770b_8jbzb80000gn/T/fc-team-coverage-i5ds7h1o.png'
12:53.559  render           | Saved: '/Users/mohammedkalouti/Documents/Codex/2026-09-27/i/work/art/aircraft-final-production-v3/stage/assets/build/frames/unit.SA.gunship/shadow/landing/d04_f01.png'
12:54.220  render           | Saved: '/Users/mohammedkalouti/Documents/Codex/2026-09-27/i/work/art/aircraft-final-production-v3/stage/assets/build/frames/unit.SA.gunship/beauty/landing/d04_f02.png'
12:54.746  render           | Saved: '/Users/mohammedkalouti/Documents/Codex/2026-09-27/i/work/art/aircraft-final-production-v3/stage/assets/build/frames/unit.SA.gunship/team/landing/d04_f02.png'
12:55.026  render           | Saved: '/var/folders/n4/43n_jxh10gg3s770b_8jbzb80000gn/T/fc-team-coverage-kvjrl7pf.png'
12:55.944  render           | Saved: '/Users/mohammedkalouti/Documents/Codex/2026-09-27/i/work/art/aircraft-final-production-v3/stage/assets/build/frames/unit.SA.gunship/shadow/landing/d04_f02.png'
12:56.617  render           | Saved: '/Users/mohammedkalouti/Documents/Codex/2026-09-27/i/work/art/aircraft-final-production-v3/stage/assets/build/frames/unit.SA.gunship/beauty/landing/d04_f03.png'
12:57.127  render           | Saved: '/Users/mohammedkalouti/Documents/Codex/2026-09-27/i/work/art/aircraft-final-production-v3/stage/assets/build/frames/unit.SA.gunship/team/landing/d04_f03.png'
12:57.404  render           | Saved: '/var/folders/n4/43n_jxh10gg3s770b_8jbzb80000gn/T/fc-team-coverage-yc0wqgt4.png'
12:58.315  render           | Saved: '/Users/mohammedkalouti/Documents/Codex/2026-09-27/i/work/art/aircraft-final-production-v3/stage/assets/build/frames/unit.SA.gunship/shadow/landing/d04_f03.png'
12:58.980  render           | Saved: '/Users/mohammedkalouti/Documents/Codex/2026-09-27/i/work/art/aircraft-final-production-v3/stage/assets/build/frames/unit.SA.gunship/beauty/landing/d04_f04.png'
12:59.502  render           | Saved: '/Users/mohammedkalouti/Documents/Codex/2026-09-27/i/work/art/aircraft-final-production-v3/stage/assets/build/frames/unit.SA.gunship/team/landing/d04_f04.png'
12:59.791  render           | Saved: '/var/folders/n4/43n_jxh10gg3s770b_8jbzb80000gn/T/fc-team-coverage-hjmowvbg.png'
13:00.715  render           | Saved: '/Users/mohammedkalouti/Documents/Codex/2026-09-27/i/work/art/aircraft-final-production-v3/stage/assets/build/frames/unit.SA.gunship/shadow/landing/d04_f04.png'
13:01.385  render           | Saved: '/Users/mohammedkalouti/Documents/Codex/2026-09-27/i/work/art/aircraft-final-production-v3/stage/assets/build/frames/unit.SA.gunship/beauty/landing/d04_f05.png'
13:01.888  render           | Saved: '/Users/mohammedkalouti/Documents/Codex/2026-09-27/i/work/art/aircraft-final-production-v3/stage/assets/build/frames/unit.SA.gunship/team/landing/d04_f05.png'
13:02.167  render           | Saved: '/var/folders/n4/43n_jxh10gg3s770b_8jbzb80000gn/T/fc-team-coverage-d_3m2mac.png'
13:03.073  render           | Saved: '/Users/mohammedkalouti/Documents/Codex/2026-09-27/i/work/art/aircraft-final-production-v3/stage/assets/build/frames/unit.SA.gunship/shadow/landing/d04_f05.png'
13:03.738  render           | Saved: '/Users/mohammedkalouti/Documents/Codex/2026-09-27/i/work/art/aircraft-final-production-v3/stage/assets/build/frames/unit.SA.gunship/beauty/landing/d05_f00.png'
13:04.238  render           | Saved: '/Users/mohammedkalouti/Documents/Codex/2026-09-27/i/work/art/aircraft-final-production-v3/stage/assets/build/frames/unit.SA.gunship/team/landing/d05_f00.png'
13:04.520  render           | Saved: '/var/folders/n4/43n_jxh10gg3s770b_8jbzb80000gn/T/fc-team-coverage-gim6ics0.png'
13:05.440  render           | Saved: '/Users/mohammedkalouti/Documents/Codex/2026-09-27/i/work/art/aircraft-final-production-v3/stage/assets/build/frames/unit.SA.gunship/shadow/landing/d05_f00.png'
13:06.108  render           | Saved: '/Users/mohammedkalouti/Documents/Codex/2026-09-27/i/work/art/aircraft-final-production-v3/stage/assets/build/frames/unit.SA.gunship/beauty/landing/d05_f01.png'
13:06.616  render           | Saved: '/Users/mohammedkalouti/Documents/Codex/2026-09-27/i/work/art/aircraft-final-production-v3/stage/assets/build/frames/unit.SA.gunship/team/landing/d05_f01.png'
13:06.890  render           | Saved: '/var/folders/n4/43n_jxh10gg3s770b_8jbzb80000gn/T/fc-team-coverage-k_gz52el.png'
13:07.786  render           | Saved: '/Users/mohammedkalouti/Documents/Codex/2026-09-27/i/work/art/aircraft-final-production-v3/stage/assets/build/frames/unit.SA.gunship/shadow/landing/d05_f01.png'
13:08.474  render           | Saved: '/Users/mohammedkalouti/Documents/Codex/2026-09-27/i/work/art/aircraft-final-production-v3/stage/assets/build/frames/unit.SA.gunship/beauty/landing/d05_f02.png'
13:08.991  render           | Saved: '/Users/mohammedkalouti/Documents/Codex/2026-09-27/i/work/art/aircraft-final-production-v3/stage/assets/build/frames/unit.SA.gunship/team/landing/d05_f02.png'
13:09.302  render           | Saved: '/var/folders/n4/43n_jxh10gg3s770b_8jbzb80000gn/T/fc-team-coverage-rbc5iw5q.png'
13:10.223  render           | Saved: '/Users/mohammedkalouti/Documents/Codex/2026-09-27/i/work/art/aircraft-final-production-v3/stage/assets/build/frames/unit.SA.gunship/shadow/landing/d05_f02.png'
13:10.895  render           | Saved: '/Users/mohammedkalouti/Documents/Codex/2026-09-27/i/work/art/aircraft-final-production-v3/stage/assets/build/frames/unit.SA.gunship/beauty/landing/d05_f03.png'
13:11.401  render           | Saved: '/Users/mohammedkalouti/Documents/Codex/2026-09-27/i/work/art/aircraft-final-production-v3/stage/assets/build/frames/unit.SA.gunship/team/landing/d05_f03.png'
13:11.671  render           | Saved: '/var/folders/n4/43n_jxh10gg3s770b_8jbzb80000gn/T/fc-team-coverage-eqr849yt.png'
13:12.594  render           | Saved: '/Users/mohammedkalouti/Documents/Codex/2026-09-27/i/work/art/aircraft-final-production-v3/stage/assets/build/frames/unit.SA.gunship/shadow/landing/d05_f03.png'
13:13.282  render           | Saved: '/Users/mohammedkalouti/Documents/Codex/2026-09-27/i/work/art/aircraft-final-production-v3/stage/assets/build/frames/unit.SA.gunship/beauty/landing/d05_f04.png'
13:13.788  render           | Saved: '/Users/mohammedkalouti/Documents/Codex/2026-09-27/i/work/art/aircraft-final-production-v3/stage/assets/build/frames/unit.SA.gunship/team/landing/d05_f04.png'
13:14.067  render           | Saved: '/var/folders/n4/43n_jxh10gg3s770b_8jbzb80000gn/T/fc-team-coverage-zol0_oz_.png'
13:14.995  render           | Saved: '/Users/mohammedkalouti/Documents/Codex/2026-09-27/i/work/art/aircraft-final-production-v3/stage/assets/build/frames/unit.SA.gunship/shadow/landing/d05_f04.png'
13:15.679  render           | Saved: '/Users/mohammedkalouti/Documents/Codex/2026-09-27/i/work/art/aircraft-final-production-v3/stage/assets/build/frames/unit.SA.gunship/beauty/landing/d05_f05.png'
13:16.179  render           | Saved: '/Users/mohammedkalouti/Documents/Codex/2026-09-27/i/work/art/aircraft-final-production-v3/stage/assets/build/frames/unit.SA.gunship/team/landing/d05_f05.png'
13:16.454  render           | Saved: '/var/folders/n4/43n_jxh10gg3s770b_8jbzb80000gn/T/fc-team-coverage-2h5dphrk.png'
13:17.374  render           | Saved: '/Users/mohammedkalouti/Documents/Codex/2026-09-27/i/work/art/aircraft-final-production-v3/stage/assets/build/frames/unit.SA.gunship/shadow/landing/d05_f05.png'
13:18.072  render           | Saved: '/Users/mohammedkalouti/Documents/Codex/2026-09-27/i/work/art/aircraft-final-production-v3/stage/assets/build/frames/unit.SA.gunship/beauty/landing/d06_f00.png'
13:18.586  render           | Saved: '/Users/mohammedkalouti/Documents/Codex/2026-09-27/i/work/art/aircraft-final-production-v3/stage/assets/build/frames/unit.SA.gunship/team/landing/d06_f00.png'
13:18.856  render           | Saved: '/var/folders/n4/43n_jxh10gg3s770b_8jbzb80000gn/T/fc-team-coverage-08_f9gqt.png'
13:19.774  render           | Saved: '/Users/mohammedkalouti/Documents/Codex/2026-09-27/i/work/art/aircraft-final-production-v3/stage/assets/build/frames/unit.SA.gunship/shadow/landing/d06_f00.png'
13:20.451  render           | Saved: '/Users/mohammedkalouti/Documents/Codex/2026-09-27/i/work/art/aircraft-final-production-v3/stage/assets/build/frames/unit.SA.gunship/beauty/landing/d06_f01.png'
13:20.980  render           | Saved: '/Users/mohammedkalouti/Documents/Codex/2026-09-27/i/work/art/aircraft-final-production-v3/stage/assets/build/frames/unit.SA.gunship/team/landing/d06_f01.png'
13:21.364  render           | Saved: '/var/folders/n4/43n_jxh10gg3s770b_8jbzb80000gn/T/fc-team-coverage-gqm6i0gy.png'
13:22.445  render           | Saved: '/Users/mohammedkalouti/Documents/Codex/2026-09-27/i/work/art/aircraft-final-production-v3/stage/assets/build/frames/unit.SA.gunship/shadow/landing/d06_f01.png'
13:23.180  render           | Saved: '/Users/mohammedkalouti/Documents/Codex/2026-09-27/i/work/art/aircraft-final-production-v3/stage/assets/build/frames/unit.SA.gunship/beauty/landing/d06_f02.png'
13:23.726  render           | Saved: '/Users/mohammedkalouti/Documents/Codex/2026-09-27/i/work/art/aircraft-final-production-v3/stage/assets/build/frames/unit.SA.gunship/team/landing/d06_f02.png'
13:24.009  render           | Saved: '/var/folders/n4/43n_jxh10gg3s770b_8jbzb80000gn/T/fc-team-coverage-2pzb91_b.png'
13:24.940  render           | Saved: '/Users/mohammedkalouti/Documents/Codex/2026-09-27/i/work/art/aircraft-final-production-v3/stage/assets/build/frames/unit.SA.gunship/shadow/landing/d06_f02.png'
13:25.617  render           | Saved: '/Users/mohammedkalouti/Documents/Codex/2026-09-27/i/work/art/aircraft-final-production-v3/stage/assets/build/frames/unit.SA.gunship/beauty/landing/d06_f03.png'
13:26.123  render           | Saved: '/Users/mohammedkalouti/Documents/Codex/2026-09-27/i/work/art/aircraft-final-production-v3/stage/assets/build/frames/unit.SA.gunship/team/landing/d06_f03.png'
13:26.397  render           | Saved: '/var/folders/n4/43n_jxh10gg3s770b_8jbzb80000gn/T/fc-team-coverage-dbkeaxgu.png'
13:27.313  render           | Saved: '/Users/mohammedkalouti/Documents/Codex/2026-09-27/i/work/art/aircraft-final-production-v3/stage/assets/build/frames/unit.SA.gunship/shadow/landing/d06_f03.png'
13:27.989  render           | Saved: '/Users/mohammedkalouti/Documents/Codex/2026-09-27/i/work/art/aircraft-final-production-v3/stage/assets/build/frames/unit.SA.gunship/beauty/landing/d06_f04.png'
13:28.493  render           | Saved: '/Users/mohammedkalouti/Documents/Codex/2026-09-27/i/work/art/aircraft-final-production-v3/stage/assets/build/frames/unit.SA.gunship/team/landing/d06_f04.png'
13:28.764  render           | Saved: '/var/folders/n4/43n_jxh10gg3s770b_8jbzb80000gn/T/fc-team-coverage-cjzkaxkb.png'
13:29.693  render           | Saved: '/Users/mohammedkalouti/Documents/Codex/2026-09-27/i/work/art/aircraft-final-production-v3/stage/assets/build/frames/unit.SA.gunship/shadow/landing/d06_f04.png'
13:30.383  render           | Saved: '/Users/mohammedkalouti/Documents/Codex/2026-09-27/i/work/art/aircraft-final-production-v3/stage/assets/build/frames/unit.SA.gunship/beauty/landing/d06_f05.png'
13:30.893  render           | Saved: '/Users/mohammedkalouti/Documents/Codex/2026-09-27/i/work/art/aircraft-final-production-v3/stage/assets/build/frames/unit.SA.gunship/team/landing/d06_f05.png'
13:31.171  render           | Saved: '/var/folders/n4/43n_jxh10gg3s770b_8jbzb80000gn/T/fc-team-coverage-ceghubf3.png'
13:32.111  render           | Saved: '/Users/mohammedkalouti/Documents/Codex/2026-09-27/i/work/art/aircraft-final-production-v3/stage/assets/build/frames/unit.SA.gunship/shadow/landing/d06_f05.png'
13:32.809  render           | Saved: '/Users/mohammedkalouti/Documents/Codex/2026-09-27/i/work/art/aircraft-final-production-v3/stage/assets/build/frames/unit.SA.gunship/beauty/landing/d07_f00.png'
13:33.349  render           | Saved: '/Users/mohammedkalouti/Documents/Codex/2026-09-27/i/work/art/aircraft-final-production-v3/stage/assets/build/frames/unit.SA.gunship/team/landing/d07_f00.png'
13:33.631  render           | Saved: '/var/folders/n4/43n_jxh10gg3s770b_8jbzb80000gn/T/fc-team-coverage-1mzuywoj.png'
13:34.567  render           | Saved: '/Users/mohammedkalouti/Documents/Codex/2026-09-27/i/work/art/aircraft-final-production-v3/stage/assets/build/frames/unit.SA.gunship/shadow/landing/d07_f00.png'
13:35.265  render           | Saved: '/Users/mohammedkalouti/Documents/Codex/2026-09-27/i/work/art/aircraft-final-production-v3/stage/assets/build/frames/unit.SA.gunship/beauty/landing/d07_f01.png'
13:35.785  render           | Saved: '/Users/mohammedkalouti/Documents/Codex/2026-09-27/i/work/art/aircraft-final-production-v3/stage/assets/build/frames/unit.SA.gunship/team/landing/d07_f01.png'
13:36.050  render           | Saved: '/var/folders/n4/43n_jxh10gg3s770b_8jbzb80000gn/T/fc-team-coverage-1trbm440.png'
13:36.962  render           | Saved: '/Users/mohammedkalouti/Documents/Codex/2026-09-27/i/work/art/aircraft-final-production-v3/stage/assets/build/frames/unit.SA.gunship/shadow/landing/d07_f01.png'
13:37.647  render           | Saved: '/Users/mohammedkalouti/Documents/Codex/2026-09-27/i/work/art/aircraft-final-production-v3/stage/assets/build/frames/unit.SA.gunship/beauty/landing/d07_f02.png'
13:38.372  render           | Saved: '/Users/mohammedkalouti/Documents/Codex/2026-09-27/i/work/art/aircraft-final-production-v3/stage/assets/build/frames/unit.SA.gunship/team/landing/d07_f02.png'
13:38.648  render           | Saved: '/var/folders/n4/43n_jxh10gg3s770b_8jbzb80000gn/T/fc-team-coverage-mmk93kiq.png'
13:39.560  render           | Saved: '/Users/mohammedkalouti/Documents/Codex/2026-09-27/i/work/art/aircraft-final-production-v3/stage/assets/build/frames/unit.SA.gunship/shadow/landing/d07_f02.png'
13:40.225  render           | Saved: '/Users/mohammedkalouti/Documents/Codex/2026-09-27/i/work/art/aircraft-final-production-v3/stage/assets/build/frames/unit.SA.gunship/beauty/landing/d07_f03.png'
13:40.738  render           | Saved: '/Users/mohammedkalouti/Documents/Codex/2026-09-27/i/work/art/aircraft-final-production-v3/stage/assets/build/frames/unit.SA.gunship/team/landing/d07_f03.png'
13:41.013  render           | Saved: '/var/folders/n4/43n_jxh10gg3s770b_8jbzb80000gn/T/fc-team-coverage-trhypt8b.png'
13:41.948  render           | Saved: '/Users/mohammedkalouti/Documents/Codex/2026-09-27/i/work/art/aircraft-final-production-v3/stage/assets/build/frames/unit.SA.gunship/shadow/landing/d07_f03.png'
13:42.640  render           | Saved: '/Users/mohammedkalouti/Documents/Codex/2026-09-27/i/work/art/aircraft-final-production-v3/stage/assets/build/frames/unit.SA.gunship/beauty/landing/d07_f04.png'
13:43.150  render           | Saved: '/Users/mohammedkalouti/Documents/Codex/2026-09-27/i/work/art/aircraft-final-production-v3/stage/assets/build/frames/unit.SA.gunship/team/landing/d07_f04.png'
13:43.439  render           | Saved: '/var/folders/n4/43n_jxh10gg3s770b_8jbzb80000gn/T/fc-team-coverage-9rfh0qwy.png'
13:44.359  render           | Saved: '/Users/mohammedkalouti/Documents/Codex/2026-09-27/i/work/art/aircraft-final-production-v3/stage/assets/build/frames/unit.SA.gunship/shadow/landing/d07_f04.png'
13:45.039  render           | Saved: '/Users/mohammedkalouti/Documents/Codex/2026-09-27/i/work/art/aircraft-final-production-v3/stage/assets/build/frames/unit.SA.gunship/beauty/landing/d07_f05.png'
13:45.571  render           | Saved: '/Users/mohammedkalouti/Documents/Codex/2026-09-27/i/work/art/aircraft-final-production-v3/stage/assets/build/frames/unit.SA.gunship/team/landing/d07_f05.png'
13:45.845  render           | Saved: '/var/folders/n4/43n_jxh10gg3s770b_8jbzb80000gn/T/fc-team-coverage-avqnrxp5.png'
13:46.768  render           | Saved: '/Users/mohammedkalouti/Documents/Codex/2026-09-27/i/work/art/aircraft-final-production-v3/stage/assets/build/frames/unit.SA.gunship/shadow/landing/d07_f05.png'
13:47.445  render           | Saved: '/Users/mohammedkalouti/Documents/Codex/2026-09-27/i/work/art/aircraft-final-production-v3/stage/assets/build/frames/unit.SA.gunship/beauty/landing/d08_f00.png'
13:47.952  render           | Saved: '/Users/mohammedkalouti/Documents/Codex/2026-09-27/i/work/art/aircraft-final-production-v3/stage/assets/build/frames/unit.SA.gunship/team/landing/d08_f00.png'
13:48.232  render           | Saved: '/var/folders/n4/43n_jxh10gg3s770b_8jbzb80000gn/T/fc-team-coverage-y_nrl5l8.png'
13:49.156  render           | Saved: '/Users/mohammedkalouti/Documents/Codex/2026-09-27/i/work/art/aircraft-final-production-v3/stage/assets/build/frames/unit.SA.gunship/shadow/landing/d08_f00.png'
13:49.828  render           | Saved: '/Users/mohammedkalouti/Documents/Codex/2026-09-27/i/work/art/aircraft-final-production-v3/stage/assets/build/frames/unit.SA.gunship/beauty/landing/d08_f01.png'
13:50.341  render           | Saved: '/Users/mohammedkalouti/Documents/Codex/2026-09-27/i/work/art/aircraft-final-production-v3/stage/assets/build/frames/unit.SA.gunship/team/landing/d08_f01.png'
13:50.617  render           | Saved: '/var/folders/n4/43n_jxh10gg3s770b_8jbzb80000gn/T/fc-team-coverage-g4whctpo.png'
13:51.532  render           | Saved: '/Users/mohammedkalouti/Documents/Codex/2026-09-27/i/work/art/aircraft-final-production-v3/stage/assets/build/frames/unit.SA.gunship/shadow/landing/d08_f01.png'
13:52.211  render           | Saved: '/Users/mohammedkalouti/Documents/Codex/2026-09-27/i/work/art/aircraft-final-production-v3/stage/assets/build/frames/unit.SA.gunship/beauty/landing/d08_f02.png'
13:52.722  render           | Saved: '/Users/mohammedkalouti/Documents/Codex/2026-09-27/i/work/art/aircraft-final-production-v3/stage/assets/build/frames/unit.SA.gunship/team/landing/d08_f02.png'
13:53.007  render           | Saved: '/var/folders/n4/43n_jxh10gg3s770b_8jbzb80000gn/T/fc-team-coverage-ufdp9_3t.png'
13:53.944  render           | Saved: '/Users/mohammedkalouti/Documents/Codex/2026-09-27/i/work/art/aircraft-final-production-v3/stage/assets/build/frames/unit.SA.gunship/shadow/landing/d08_f02.png'
13:54.606  render           | Saved: '/Users/mohammedkalouti/Documents/Codex/2026-09-27/i/work/art/aircraft-final-production-v3/stage/assets/build/frames/unit.SA.gunship/beauty/landing/d08_f03.png'
13:55.114  render           | Saved: '/Users/mohammedkalouti/Documents/Codex/2026-09-27/i/work/art/aircraft-final-production-v3/stage/assets/build/frames/unit.SA.gunship/team/landing/d08_f03.png'
13:55.379  render           | Saved: '/var/folders/n4/43n_jxh10gg3s770b_8jbzb80000gn/T/fc-team-coverage-aa1wtz7w.png'
13:56.287  render           | Saved: '/Users/mohammedkalouti/Documents/Codex/2026-09-27/i/work/art/aircraft-final-production-v3/stage/assets/build/frames/unit.SA.gunship/shadow/landing/d08_f03.png'
13:56.958  render           | Saved: '/Users/mohammedkalouti/Documents/Codex/2026-09-27/i/work/art/aircraft-final-production-v3/stage/assets/build/frames/unit.SA.gunship/beauty/landing/d08_f04.png'
13:57.462  render           | Saved: '/Users/mohammedkalouti/Documents/Codex/2026-09-27/i/work/art/aircraft-final-production-v3/stage/assets/build/frames/unit.SA.gunship/team/landing/d08_f04.png'
13:57.730  render           | Saved: '/var/folders/n4/43n_jxh10gg3s770b_8jbzb80000gn/T/fc-team-coverage-85u04qpk.png'
13:58.682  render           | Saved: '/Users/mohammedkalouti/Documents/Codex/2026-09-27/i/work/art/aircraft-final-production-v3/stage/assets/build/frames/unit.SA.gunship/shadow/landing/d08_f04.png'
13:59.375  render           | Saved: '/Users/mohammedkalouti/Documents/Codex/2026-09-27/i/work/art/aircraft-final-production-v3/stage/assets/build/frames/unit.SA.gunship/beauty/landing/d08_f05.png'
13:59.885  render           | Saved: '/Users/mohammedkalouti/Documents/Codex/2026-09-27/i/work/art/aircraft-final-production-v3/stage/assets/build/frames/unit.SA.gunship/team/landing/d08_f05.png'
14:00.151  render           | Saved: '/var/folders/n4/43n_jxh10gg3s770b_8jbzb80000gn/T/fc-team-coverage-_soanbng.png'
14:01.048  render           | Saved: '/Users/mohammedkalouti/Documents/Codex/2026-09-27/i/work/art/aircraft-final-production-v3/stage/assets/build/frames/unit.SA.gunship/shadow/landing/d08_f05.png'
14:01.734  render           | Saved: '/Users/mohammedkalouti/Documents/Codex/2026-09-27/i/work/art/aircraft-final-production-v3/stage/assets/build/frames/unit.SA.gunship/beauty/landing/d09_f00.png'
14:02.239  render           | Saved: '/Users/mohammedkalouti/Documents/Codex/2026-09-27/i/work/art/aircraft-final-production-v3/stage/assets/build/frames/unit.SA.gunship/team/landing/d09_f00.png'
14:02.513  render           | Saved: '/var/folders/n4/43n_jxh10gg3s770b_8jbzb80000gn/T/fc-team-coverage-p9i8v3b_.png'
14:03.430  render           | Saved: '/Users/mohammedkalouti/Documents/Codex/2026-09-27/i/work/art/aircraft-final-production-v3/stage/assets/build/frames/unit.SA.gunship/shadow/landing/d09_f00.png'
14:04.101  render           | Saved: '/Users/mohammedkalouti/Documents/Codex/2026-09-27/i/work/art/aircraft-final-production-v3/stage/assets/build/frames/unit.SA.gunship/beauty/landing/d09_f01.png'
14:04.606  render           | Saved: '/Users/mohammedkalouti/Documents/Codex/2026-09-27/i/work/art/aircraft-final-production-v3/stage/assets/build/frames/unit.SA.gunship/team/landing/d09_f01.png'
14:04.881  render           | Saved: '/var/folders/n4/43n_jxh10gg3s770b_8jbzb80000gn/T/fc-team-coverage-n9vffmgj.png'
14:05.802  render           | Saved: '/Users/mohammedkalouti/Documents/Codex/2026-09-27/i/work/art/aircraft-final-production-v3/stage/assets/build/frames/unit.SA.gunship/shadow/landing/d09_f01.png'
14:06.487  render           | Saved: '/Users/mohammedkalouti/Documents/Codex/2026-09-27/i/work/art/aircraft-final-production-v3/stage/assets/build/frames/unit.SA.gunship/beauty/landing/d09_f02.png'
14:06.992  render           | Saved: '/Users/mohammedkalouti/Documents/Codex/2026-09-27/i/work/art/aircraft-final-production-v3/stage/assets/build/frames/unit.SA.gunship/team/landing/d09_f02.png'
14:07.263  render           | Saved: '/var/folders/n4/43n_jxh10gg3s770b_8jbzb80000gn/T/fc-team-coverage-_fi1rl_1.png'
14:08.185  render           | Saved: '/Users/mohammedkalouti/Documents/Codex/2026-09-27/i/work/art/aircraft-final-production-v3/stage/assets/build/frames/unit.SA.gunship/shadow/landing/d09_f02.png'
14:08.894  render           | Saved: '/Users/mohammedkalouti/Documents/Codex/2026-09-27/i/work/art/aircraft-final-production-v3/stage/assets/build/frames/unit.SA.gunship/beauty/landing/d09_f03.png'
14:09.405  render           | Saved: '/Users/mohammedkalouti/Documents/Codex/2026-09-27/i/work/art/aircraft-final-production-v3/stage/assets/build/frames/unit.SA.gunship/team/landing/d09_f03.png'
14:09.694  render           | Saved: '/var/folders/n4/43n_jxh10gg3s770b_8jbzb80000gn/T/fc-team-coverage-yfa4sq7q.png'
14:10.621  render           | Saved: '/Users/mohammedkalouti/Documents/Codex/2026-09-27/i/work/art/aircraft-final-production-v3/stage/assets/build/frames/unit.SA.gunship/shadow/landing/d09_f03.png'
14:11.291  render           | Saved: '/Users/mohammedkalouti/Documents/Codex/2026-09-27/i/work/art/aircraft-final-production-v3/stage/assets/build/frames/unit.SA.gunship/beauty/landing/d09_f04.png'
14:11.798  render           | Saved: '/Users/mohammedkalouti/Documents/Codex/2026-09-27/i/work/art/aircraft-final-production-v3/stage/assets/build/frames/unit.SA.gunship/team/landing/d09_f04.png'
14:12.065  render           | Saved: '/var/folders/n4/43n_jxh10gg3s770b_8jbzb80000gn/T/fc-team-coverage-rukrw4dk.png'
14:12.990  render           | Saved: '/Users/mohammedkalouti/Documents/Codex/2026-09-27/i/work/art/aircraft-final-production-v3/stage/assets/build/frames/unit.SA.gunship/shadow/landing/d09_f04.png'
14:13.682  render           | Saved: '/Users/mohammedkalouti/Documents/Codex/2026-09-27/i/work/art/aircraft-final-production-v3/stage/assets/build/frames/unit.SA.gunship/beauty/landing/d09_f05.png'
14:14.199  render           | Saved: '/Users/mohammedkalouti/Documents/Codex/2026-09-27/i/work/art/aircraft-final-production-v3/stage/assets/build/frames/unit.SA.gunship/team/landing/d09_f05.png'
14:14.481  render           | Saved: '/var/folders/n4/43n_jxh10gg3s770b_8jbzb80000gn/T/fc-team-coverage-og_ik6ly.png'
14:15.417  render           | Saved: '/Users/mohammedkalouti/Documents/Codex/2026-09-27/i/work/art/aircraft-final-production-v3/stage/assets/build/frames/unit.SA.gunship/shadow/landing/d09_f05.png'
14:16.085  render           | Saved: '/Users/mohammedkalouti/Documents/Codex/2026-09-27/i/work/art/aircraft-final-production-v3/stage/assets/build/frames/unit.SA.gunship/beauty/landing/d10_f00.png'
14:16.607  render           | Saved: '/Users/mohammedkalouti/Documents/Codex/2026-09-27/i/work/art/aircraft-final-production-v3/stage/assets/build/frames/unit.SA.gunship/team/landing/d10_f00.png'
14:16.889  render           | Saved: '/var/folders/n4/43n_jxh10gg3s770b_8jbzb80000gn/T/fc-team-coverage-vz8zao3u.png'
14:17.870  render           | Saved: '/Users/mohammedkalouti/Documents/Codex/2026-09-27/i/work/art/aircraft-final-production-v3/stage/assets/build/frames/unit.SA.gunship/shadow/landing/d10_f00.png'
14:18.564  render           | Saved: '/Users/mohammedkalouti/Documents/Codex/2026-09-27/i/work/art/aircraft-final-production-v3/stage/assets/build/frames/unit.SA.gunship/beauty/landing/d10_f01.png'
14:19.109  render           | Saved: '/Users/mohammedkalouti/Documents/Codex/2026-09-27/i/work/art/aircraft-final-production-v3/stage/assets/build/frames/unit.SA.gunship/team/landing/d10_f01.png'
14:19.392  render           | Saved: '/var/folders/n4/43n_jxh10gg3s770b_8jbzb80000gn/T/fc-team-coverage-0nr96f0_.png'
14:20.312  render           | Saved: '/Users/mohammedkalouti/Documents/Codex/2026-09-27/i/work/art/aircraft-final-production-v3/stage/assets/build/frames/unit.SA.gunship/shadow/landing/d10_f01.png'
14:20.991  render           | Saved: '/Users/mohammedkalouti/Documents/Codex/2026-09-27/i/work/art/aircraft-final-production-v3/stage/assets/build/frames/unit.SA.gunship/beauty/landing/d10_f02.png'
14:21.503  render           | Saved: '/Users/mohammedkalouti/Documents/Codex/2026-09-27/i/work/art/aircraft-final-production-v3/stage/assets/build/frames/unit.SA.gunship/team/landing/d10_f02.png'
14:21.845  render           | Saved: '/var/folders/n4/43n_jxh10gg3s770b_8jbzb80000gn/T/fc-team-coverage-pnjpozmv.png'
14:22.860  render           | Saved: '/Users/mohammedkalouti/Documents/Codex/2026-09-27/i/work/art/aircraft-final-production-v3/stage/assets/build/frames/unit.SA.gunship/shadow/landing/d10_f02.png'
14:23.550  render           | Saved: '/Users/mohammedkalouti/Documents/Codex/2026-09-27/i/work/art/aircraft-final-production-v3/stage/assets/build/frames/unit.SA.gunship/beauty/landing/d10_f03.png'
14:24.066  render           | Saved: '/Users/mohammedkalouti/Documents/Codex/2026-09-27/i/work/art/aircraft-final-production-v3/stage/assets/build/frames/unit.SA.gunship/team/landing/d10_f03.png'
14:24.342  render           | Saved: '/var/folders/n4/43n_jxh10gg3s770b_8jbzb80000gn/T/fc-team-coverage-m687fdib.png'
14:25.273  render           | Saved: '/Users/mohammedkalouti/Documents/Codex/2026-09-27/i/work/art/aircraft-final-production-v3/stage/assets/build/frames/unit.SA.gunship/shadow/landing/d10_f03.png'
14:25.946  render           | Saved: '/Users/mohammedkalouti/Documents/Codex/2026-09-27/i/work/art/aircraft-final-production-v3/stage/assets/build/frames/unit.SA.gunship/beauty/landing/d10_f04.png'
14:26.464  render           | Saved: '/Users/mohammedkalouti/Documents/Codex/2026-09-27/i/work/art/aircraft-final-production-v3/stage/assets/build/frames/unit.SA.gunship/team/landing/d10_f04.png'
14:26.751  render           | Saved: '/var/folders/n4/43n_jxh10gg3s770b_8jbzb80000gn/T/fc-team-coverage-so280g1a.png'
14:27.733  render           | Saved: '/Users/mohammedkalouti/Documents/Codex/2026-09-27/i/work/art/aircraft-final-production-v3/stage/assets/build/frames/unit.SA.gunship/shadow/landing/d10_f04.png'
14:28.415  render           | Saved: '/Users/mohammedkalouti/Documents/Codex/2026-09-27/i/work/art/aircraft-final-production-v3/stage/assets/build/frames/unit.SA.gunship/beauty/landing/d10_f05.png'
14:28.942  render           | Saved: '/Users/mohammedkalouti/Documents/Codex/2026-09-27/i/work/art/aircraft-final-production-v3/stage/assets/build/frames/unit.SA.gunship/team/landing/d10_f05.png'
14:29.225  render           | Saved: '/var/folders/n4/43n_jxh10gg3s770b_8jbzb80000gn/T/fc-team-coverage-qbo6iiga.png'
14:30.153  render           | Saved: '/Users/mohammedkalouti/Documents/Codex/2026-09-27/i/work/art/aircraft-final-production-v3/stage/assets/build/frames/unit.SA.gunship/shadow/landing/d10_f05.png'
14:30.820  render           | Saved: '/Users/mohammedkalouti/Documents/Codex/2026-09-27/i/work/art/aircraft-final-production-v3/stage/assets/build/frames/unit.SA.gunship/beauty/landing/d11_f00.png'
14:31.321  render           | Saved: '/Users/mohammedkalouti/Documents/Codex/2026-09-27/i/work/art/aircraft-final-production-v3/stage/assets/build/frames/unit.SA.gunship/team/landing/d11_f00.png'
14:31.596  render           | Saved: '/var/folders/n4/43n_jxh10gg3s770b_8jbzb80000gn/T/fc-team-coverage-mmge4_k1.png'
14:32.515  render           | Saved: '/Users/mohammedkalouti/Documents/Codex/2026-09-27/i/work/art/aircraft-final-production-v3/stage/assets/build/frames/unit.SA.gunship/shadow/landing/d11_f00.png'
14:33.183  render           | Saved: '/Users/mohammedkalouti/Documents/Codex/2026-09-27/i/work/art/aircraft-final-production-v3/stage/assets/build/frames/unit.SA.gunship/beauty/landing/d11_f01.png'
14:33.689  render           | Saved: '/Users/mohammedkalouti/Documents/Codex/2026-09-27/i/work/art/aircraft-final-production-v3/stage/assets/build/frames/unit.SA.gunship/team/landing/d11_f01.png'
14:33.963  render           | Saved: '/var/folders/n4/43n_jxh10gg3s770b_8jbzb80000gn/T/fc-team-coverage-jbjpvtft.png'
14:34.913  render           | Saved: '/Users/mohammedkalouti/Documents/Codex/2026-09-27/i/work/art/aircraft-final-production-v3/stage/assets/build/frames/unit.SA.gunship/shadow/landing/d11_f01.png'
14:35.598  render           | Saved: '/Users/mohammedkalouti/Documents/Codex/2026-09-27/i/work/art/aircraft-final-production-v3/stage/assets/build/frames/unit.SA.gunship/beauty/landing/d11_f02.png'
14:36.103  render           | Saved: '/Users/mohammedkalouti/Documents/Codex/2026-09-27/i/work/art/aircraft-final-production-v3/stage/assets/build/frames/unit.SA.gunship/team/landing/d11_f02.png'
14:36.382  render           | Saved: '/var/folders/n4/43n_jxh10gg3s770b_8jbzb80000gn/T/fc-team-coverage-wcj863cy.png'
14:37.300  render           | Saved: '/Users/mohammedkalouti/Documents/Codex/2026-09-27/i/work/art/aircraft-final-production-v3/stage/assets/build/frames/unit.SA.gunship/shadow/landing/d11_f02.png'
14:37.972  render           | Saved: '/Users/mohammedkalouti/Documents/Codex/2026-09-27/i/work/art/aircraft-final-production-v3/stage/assets/build/frames/unit.SA.gunship/beauty/landing/d11_f03.png'
14:38.494  render           | Saved: '/Users/mohammedkalouti/Documents/Codex/2026-09-27/i/work/art/aircraft-final-production-v3/stage/assets/build/frames/unit.SA.gunship/team/landing/d11_f03.png'
14:38.785  render           | Saved: '/var/folders/n4/43n_jxh10gg3s770b_8jbzb80000gn/T/fc-team-coverage-byt7kk62.png'
14:39.687  render           | Saved: '/Users/mohammedkalouti/Documents/Codex/2026-09-27/i/work/art/aircraft-final-production-v3/stage/assets/build/frames/unit.SA.gunship/shadow/landing/d11_f03.png'
14:40.354  render           | Saved: '/Users/mohammedkalouti/Documents/Codex/2026-09-27/i/work/art/aircraft-final-production-v3/stage/assets/build/frames/unit.SA.gunship/beauty/landing/d11_f04.png'
14:40.870  render           | Saved: '/Users/mohammedkalouti/Documents/Codex/2026-09-27/i/work/art/aircraft-final-production-v3/stage/assets/build/frames/unit.SA.gunship/team/landing/d11_f04.png'
14:41.151  render           | Saved: '/var/folders/n4/43n_jxh10gg3s770b_8jbzb80000gn/T/fc-team-coverage-lbxi10vf.png'
14:42.070  render           | Saved: '/Users/mohammedkalouti/Documents/Codex/2026-09-27/i/work/art/aircraft-final-production-v3/stage/assets/build/frames/unit.SA.gunship/shadow/landing/d11_f04.png'
14:42.783  render           | Saved: '/Users/mohammedkalouti/Documents/Codex/2026-09-27/i/work/art/aircraft-final-production-v3/stage/assets/build/frames/unit.SA.gunship/beauty/landing/d11_f05.png'
14:43.306  render           | Saved: '/Users/mohammedkalouti/Documents/Codex/2026-09-27/i/work/art/aircraft-final-production-v3/stage/assets/build/frames/unit.SA.gunship/team/landing/d11_f05.png'
14:43.584  render           | Saved: '/var/folders/n4/43n_jxh10gg3s770b_8jbzb80000gn/T/fc-team-coverage-qc4y4ijo.png'
14:44.510  render           | Saved: '/Users/mohammedkalouti/Documents/Codex/2026-09-27/i/work/art/aircraft-final-production-v3/stage/assets/build/frames/unit.SA.gunship/shadow/landing/d11_f05.png'
14:45.217  render           | Saved: '/Users/mohammedkalouti/Documents/Codex/2026-09-27/i/work/art/aircraft-final-production-v3/stage/assets/build/frames/unit.SA.gunship/beauty/landing/d12_f00.png'
14:45.731  render           | Saved: '/Users/mohammedkalouti/Documents/Codex/2026-09-27/i/work/art/aircraft-final-production-v3/stage/assets/build/frames/unit.SA.gunship/team/landing/d12_f00.png'
14:46.000  render           | Saved: '/var/folders/n4/43n_jxh10gg3s770b_8jbzb80000gn/T/fc-team-coverage-42f8hw73.png'
14:46.935  render           | Saved: '/Users/mohammedkalouti/Documents/Codex/2026-09-27/i/work/art/aircraft-final-production-v3/stage/assets/build/frames/unit.SA.gunship/shadow/landing/d12_f00.png'
14:47.611  render           | Saved: '/Users/mohammedkalouti/Documents/Codex/2026-09-27/i/work/art/aircraft-final-production-v3/stage/assets/build/frames/unit.SA.gunship/beauty/landing/d12_f01.png'
14:48.139  render           | Saved: '/Users/mohammedkalouti/Documents/Codex/2026-09-27/i/work/art/aircraft-final-production-v3/stage/assets/build/frames/unit.SA.gunship/team/landing/d12_f01.png'
14:48.419  render           | Saved: '/var/folders/n4/43n_jxh10gg3s770b_8jbzb80000gn/T/fc-team-coverage-011oe3wv.png'
14:49.338  render           | Saved: '/Users/mohammedkalouti/Documents/Codex/2026-09-27/i/work/art/aircraft-final-production-v3/stage/assets/build/frames/unit.SA.gunship/shadow/landing/d12_f01.png'
14:50.056  render           | Saved: '/Users/mohammedkalouti/Documents/Codex/2026-09-27/i/work/art/aircraft-final-production-v3/stage/assets/build/frames/unit.SA.gunship/beauty/landing/d12_f02.png'
14:50.564  render           | Saved: '/Users/mohammedkalouti/Documents/Codex/2026-09-27/i/work/art/aircraft-final-production-v3/stage/assets/build/frames/unit.SA.gunship/team/landing/d12_f02.png'
14:50.859  render           | Saved: '/var/folders/n4/43n_jxh10gg3s770b_8jbzb80000gn/T/fc-team-coverage-0wdoqnwk.png'
14:51.775  render           | Saved: '/Users/mohammedkalouti/Documents/Codex/2026-09-27/i/work/art/aircraft-final-production-v3/stage/assets/build/frames/unit.SA.gunship/shadow/landing/d12_f02.png'
14:52.441  render           | Saved: '/Users/mohammedkalouti/Documents/Codex/2026-09-27/i/work/art/aircraft-final-production-v3/stage/assets/build/frames/unit.SA.gunship/beauty/landing/d12_f03.png'
14:52.955  render           | Saved: '/Users/mohammedkalouti/Documents/Codex/2026-09-27/i/work/art/aircraft-final-production-v3/stage/assets/build/frames/unit.SA.gunship/team/landing/d12_f03.png'
14:53.230  render           | Saved: '/var/folders/n4/43n_jxh10gg3s770b_8jbzb80000gn/T/fc-team-coverage-3n654kbx.png'
14:54.140  render           | Saved: '/Users/mohammedkalouti/Documents/Codex/2026-09-27/i/work/art/aircraft-final-production-v3/stage/assets/build/frames/unit.SA.gunship/shadow/landing/d12_f03.png'
14:54.831  render           | Saved: '/Users/mohammedkalouti/Documents/Codex/2026-09-27/i/work/art/aircraft-final-production-v3/stage/assets/build/frames/unit.SA.gunship/beauty/landing/d12_f04.png'
14:55.354  render           | Saved: '/Users/mohammedkalouti/Documents/Codex/2026-09-27/i/work/art/aircraft-final-production-v3/stage/assets/build/frames/unit.SA.gunship/team/landing/d12_f04.png'
14:55.639  render           | Saved: '/var/folders/n4/43n_jxh10gg3s770b_8jbzb80000gn/T/fc-team-coverage-1g0sxybp.png'
14:56.558  render           | Saved: '/Users/mohammedkalouti/Documents/Codex/2026-09-27/i/work/art/aircraft-final-production-v3/stage/assets/build/frames/unit.SA.gunship/shadow/landing/d12_f04.png'
14:57.222  render           | Saved: '/Users/mohammedkalouti/Documents/Codex/2026-09-27/i/work/art/aircraft-final-production-v3/stage/assets/build/frames/unit.SA.gunship/beauty/landing/d12_f05.png'
14:57.744  render           | Saved: '/Users/mohammedkalouti/Documents/Codex/2026-09-27/i/work/art/aircraft-final-production-v3/stage/assets/build/frames/unit.SA.gunship/team/landing/d12_f05.png'
14:58.039  render           | Saved: '/var/folders/n4/43n_jxh10gg3s770b_8jbzb80000gn/T/fc-team-coverage-w96hh5ms.png'
14:58.966  render           | Saved: '/Users/mohammedkalouti/Documents/Codex/2026-09-27/i/work/art/aircraft-final-production-v3/stage/assets/build/frames/unit.SA.gunship/shadow/landing/d12_f05.png'
14:59.647  render           | Saved: '/Users/mohammedkalouti/Documents/Codex/2026-09-27/i/work/art/aircraft-final-production-v3/stage/assets/build/frames/unit.SA.gunship/beauty/landing/d13_f00.png'
15:00.145  render           | Saved: '/Users/mohammedkalouti/Documents/Codex/2026-09-27/i/work/art/aircraft-final-production-v3/stage/assets/build/frames/unit.SA.gunship/team/landing/d13_f00.png'
15:00.428  render           | Saved: '/var/folders/n4/43n_jxh10gg3s770b_8jbzb80000gn/T/fc-team-coverage-1eqfebhx.png'
15:01.349  render           | Saved: '/Users/mohammedkalouti/Documents/Codex/2026-09-27/i/work/art/aircraft-final-production-v3/stage/assets/build/frames/unit.SA.gunship/shadow/landing/d13_f00.png'
15:02.057  render           | Saved: '/Users/mohammedkalouti/Documents/Codex/2026-09-27/i/work/art/aircraft-final-production-v3/stage/assets/build/frames/unit.SA.gunship/beauty/landing/d13_f01.png'
15:02.574  render           | Saved: '/Users/mohammedkalouti/Documents/Codex/2026-09-27/i/work/art/aircraft-final-production-v3/stage/assets/build/frames/unit.SA.gunship/team/landing/d13_f01.png'
15:02.855  render           | Saved: '/var/folders/n4/43n_jxh10gg3s770b_8jbzb80000gn/T/fc-team-coverage-pt1gz82p.png'
15:03.782  render           | Saved: '/Users/mohammedkalouti/Documents/Codex/2026-09-27/i/work/art/aircraft-final-production-v3/stage/assets/build/frames/unit.SA.gunship/shadow/landing/d13_f01.png'
15:04.483  render           | Saved: '/Users/mohammedkalouti/Documents/Codex/2026-09-27/i/work/art/aircraft-final-production-v3/stage/assets/build/frames/unit.SA.gunship/beauty/landing/d13_f02.png'
15:05.012  render           | Saved: '/Users/mohammedkalouti/Documents/Codex/2026-09-27/i/work/art/aircraft-final-production-v3/stage/assets/build/frames/unit.SA.gunship/team/landing/d13_f02.png'
15:05.298  render           | Saved: '/var/folders/n4/43n_jxh10gg3s770b_8jbzb80000gn/T/fc-team-coverage-vqdjscg3.png'
15:06.228  render           | Saved: '/Users/mohammedkalouti/Documents/Codex/2026-09-27/i/work/art/aircraft-final-production-v3/stage/assets/build/frames/unit.SA.gunship/shadow/landing/d13_f02.png'
15:06.916  render           | Saved: '/Users/mohammedkalouti/Documents/Codex/2026-09-27/i/work/art/aircraft-final-production-v3/stage/assets/build/frames/unit.SA.gunship/beauty/landing/d13_f03.png'
15:07.464  render           | Saved: '/Users/mohammedkalouti/Documents/Codex/2026-09-27/i/work/art/aircraft-final-production-v3/stage/assets/build/frames/unit.SA.gunship/team/landing/d13_f03.png'
15:07.757  render           | Saved: '/var/folders/n4/43n_jxh10gg3s770b_8jbzb80000gn/T/fc-team-coverage-erygi3xc.png'
15:08.666  render           | Saved: '/Users/mohammedkalouti/Documents/Codex/2026-09-27/i/work/art/aircraft-final-production-v3/stage/assets/build/frames/unit.SA.gunship/shadow/landing/d13_f03.png'
15:09.354  render           | Saved: '/Users/mohammedkalouti/Documents/Codex/2026-09-27/i/work/art/aircraft-final-production-v3/stage/assets/build/frames/unit.SA.gunship/beauty/landing/d13_f04.png'
15:09.869  render           | Saved: '/Users/mohammedkalouti/Documents/Codex/2026-09-27/i/work/art/aircraft-final-production-v3/stage/assets/build/frames/unit.SA.gunship/team/landing/d13_f04.png'
15:10.146  render           | Saved: '/var/folders/n4/43n_jxh10gg3s770b_8jbzb80000gn/T/fc-team-coverage-bomzar_x.png'
15:11.074  render           | Saved: '/Users/mohammedkalouti/Documents/Codex/2026-09-27/i/work/art/aircraft-final-production-v3/stage/assets/build/frames/unit.SA.gunship/shadow/landing/d13_f04.png'
15:11.747  render           | Saved: '/Users/mohammedkalouti/Documents/Codex/2026-09-27/i/work/art/aircraft-final-production-v3/stage/assets/build/frames/unit.SA.gunship/beauty/landing/d13_f05.png'
15:12.257  render           | Saved: '/Users/mohammedkalouti/Documents/Codex/2026-09-27/i/work/art/aircraft-final-production-v3/stage/assets/build/frames/unit.SA.gunship/team/landing/d13_f05.png'
15:12.534  render           | Saved: '/var/folders/n4/43n_jxh10gg3s770b_8jbzb80000gn/T/fc-team-coverage-h60gizgx.png'
15:13.455  render           | Saved: '/Users/mohammedkalouti/Documents/Codex/2026-09-27/i/work/art/aircraft-final-production-v3/stage/assets/build/frames/unit.SA.gunship/shadow/landing/d13_f05.png'
15:14.140  render           | Saved: '/Users/mohammedkalouti/Documents/Codex/2026-09-27/i/work/art/aircraft-final-production-v3/stage/assets/build/frames/unit.SA.gunship/beauty/landing/d14_f00.png'
15:14.655  render           | Saved: '/Users/mohammedkalouti/Documents/Codex/2026-09-27/i/work/art/aircraft-final-production-v3/stage/assets/build/frames/unit.SA.gunship/team/landing/d14_f00.png'
15:14.940  render           | Saved: '/var/folders/n4/43n_jxh10gg3s770b_8jbzb80000gn/T/fc-team-coverage-cct9mi1q.png'
15:15.887  render           | Saved: '/Users/mohammedkalouti/Documents/Codex/2026-09-27/i/work/art/aircraft-final-production-v3/stage/assets/build/frames/unit.SA.gunship/shadow/landing/d14_f00.png'
15:16.579  render           | Saved: '/Users/mohammedkalouti/Documents/Codex/2026-09-27/i/work/art/aircraft-final-production-v3/stage/assets/build/frames/unit.SA.gunship/beauty/landing/d14_f01.png'
15:17.088  render           | Saved: '/Users/mohammedkalouti/Documents/Codex/2026-09-27/i/work/art/aircraft-final-production-v3/stage/assets/build/frames/unit.SA.gunship/team/landing/d14_f01.png'
15:17.365  render           | Saved: '/var/folders/n4/43n_jxh10gg3s770b_8jbzb80000gn/T/fc-team-coverage-oqpb5cl2.png'
15:18.285  render           | Saved: '/Users/mohammedkalouti/Documents/Codex/2026-09-27/i/work/art/aircraft-final-production-v3/stage/assets/build/frames/unit.SA.gunship/shadow/landing/d14_f01.png'
15:18.976  render           | Saved: '/Users/mohammedkalouti/Documents/Codex/2026-09-27/i/work/art/aircraft-final-production-v3/stage/assets/build/frames/unit.SA.gunship/beauty/landing/d14_f02.png'
15:19.490  render           | Saved: '/Users/mohammedkalouti/Documents/Codex/2026-09-27/i/work/art/aircraft-final-production-v3/stage/assets/build/frames/unit.SA.gunship/team/landing/d14_f02.png'
15:19.763  render           | Saved: '/var/folders/n4/43n_jxh10gg3s770b_8jbzb80000gn/T/fc-team-coverage-_7w20z8c.png'
15:20.693  render           | Saved: '/Users/mohammedkalouti/Documents/Codex/2026-09-27/i/work/art/aircraft-final-production-v3/stage/assets/build/frames/unit.SA.gunship/shadow/landing/d14_f02.png'
15:21.362  render           | Saved: '/Users/mohammedkalouti/Documents/Codex/2026-09-27/i/work/art/aircraft-final-production-v3/stage/assets/build/frames/unit.SA.gunship/beauty/landing/d14_f03.png'
15:21.882  render           | Saved: '/Users/mohammedkalouti/Documents/Codex/2026-09-27/i/work/art/aircraft-final-production-v3/stage/assets/build/frames/unit.SA.gunship/team/landing/d14_f03.png'
15:22.163  render           | Saved: '/var/folders/n4/43n_jxh10gg3s770b_8jbzb80000gn/T/fc-team-coverage-_hsnsgcm.png'
15:23.079  render           | Saved: '/Users/mohammedkalouti/Documents/Codex/2026-09-27/i/work/art/aircraft-final-production-v3/stage/assets/build/frames/unit.SA.gunship/shadow/landing/d14_f03.png'
15:23.766  render           | Saved: '/Users/mohammedkalouti/Documents/Codex/2026-09-27/i/work/art/aircraft-final-production-v3/stage/assets/build/frames/unit.SA.gunship/beauty/landing/d14_f04.png'
15:24.281  render           | Saved: '/Users/mohammedkalouti/Documents/Codex/2026-09-27/i/work/art/aircraft-final-production-v3/stage/assets/build/frames/unit.SA.gunship/team/landing/d14_f04.png'
15:24.579  render           | Saved: '/var/folders/n4/43n_jxh10gg3s770b_8jbzb80000gn/T/fc-team-coverage-3ic68jjb.png'
15:25.536  render           | Saved: '/Users/mohammedkalouti/Documents/Codex/2026-09-27/i/work/art/aircraft-final-production-v3/stage/assets/build/frames/unit.SA.gunship/shadow/landing/d14_f04.png'
15:26.222  render           | Saved: '/Users/mohammedkalouti/Documents/Codex/2026-09-27/i/work/art/aircraft-final-production-v3/stage/assets/build/frames/unit.SA.gunship/beauty/landing/d14_f05.png'
15:26.739  render           | Saved: '/Users/mohammedkalouti/Documents/Codex/2026-09-27/i/work/art/aircraft-final-production-v3/stage/assets/build/frames/unit.SA.gunship/team/landing/d14_f05.png'
15:27.032  render           | Saved: '/var/folders/n4/43n_jxh10gg3s770b_8jbzb80000gn/T/fc-team-coverage-pxanrgt3.png'
15:28.294  render           | Saved: '/Users/mohammedkalouti/Documents/Codex/2026-09-27/i/work/art/aircraft-final-production-v3/stage/assets/build/frames/unit.SA.gunship/shadow/landing/d14_f05.png'
15:29.123  render           | Saved: '/Users/mohammedkalouti/Documents/Codex/2026-09-27/i/work/art/aircraft-final-production-v3/stage/assets/build/frames/unit.SA.gunship/beauty/landing/d15_f00.png'
15:29.705  render           | Saved: '/Users/mohammedkalouti/Documents/Codex/2026-09-27/i/work/art/aircraft-final-production-v3/stage/assets/build/frames/unit.SA.gunship/team/landing/d15_f00.png'
15:30.000  render           | Saved: '/var/folders/n4/43n_jxh10gg3s770b_8jbzb80000gn/T/fc-team-coverage-v1k550n7.png'
15:31.066  render           | Saved: '/Users/mohammedkalouti/Documents/Codex/2026-09-27/i/work/art/aircraft-final-production-v3/stage/assets/build/frames/unit.SA.gunship/shadow/landing/d15_f00.png'
15:31.801  render           | Saved: '/Users/mohammedkalouti/Documents/Codex/2026-09-27/i/work/art/aircraft-final-production-v3/stage/assets/build/frames/unit.SA.gunship/beauty/landing/d15_f01.png'
15:32.348  render           | Saved: '/Users/mohammedkalouti/Documents/Codex/2026-09-27/i/work/art/aircraft-final-production-v3/stage/assets/build/frames/unit.SA.gunship/team/landing/d15_f01.png'
15:32.644  render           | Saved: '/var/folders/n4/43n_jxh10gg3s770b_8jbzb80000gn/T/fc-team-coverage-t3pt4n5e.png'
15:33.674  render           | Saved: '/Users/mohammedkalouti/Documents/Codex/2026-09-27/i/work/art/aircraft-final-production-v3/stage/assets/build/frames/unit.SA.gunship/shadow/landing/d15_f01.png'
15:34.420  render           | Saved: '/Users/mohammedkalouti/Documents/Codex/2026-09-27/i/work/art/aircraft-final-production-v3/stage/assets/build/frames/unit.SA.gunship/beauty/landing/d15_f02.png'
15:34.967  render           | Saved: '/Users/mohammedkalouti/Documents/Codex/2026-09-27/i/work/art/aircraft-final-production-v3/stage/assets/build/frames/unit.SA.gunship/team/landing/d15_f02.png'
15:35.265  render           | Saved: '/var/folders/n4/43n_jxh10gg3s770b_8jbzb80000gn/T/fc-team-coverage-e_by7lih.png'
15:36.220  render           | Saved: '/Users/mohammedkalouti/Documents/Codex/2026-09-27/i/work/art/aircraft-final-production-v3/stage/assets/build/frames/unit.SA.gunship/shadow/landing/d15_f02.png'
15:36.925  render           | Saved: '/Users/mohammedkalouti/Documents/Codex/2026-09-27/i/work/art/aircraft-final-production-v3/stage/assets/build/frames/unit.SA.gunship/beauty/landing/d15_f03.png'
15:37.465  render           | Saved: '/Users/mohammedkalouti/Documents/Codex/2026-09-27/i/work/art/aircraft-final-production-v3/stage/assets/build/frames/unit.SA.gunship/team/landing/d15_f03.png'
15:37.764  render           | Saved: '/var/folders/n4/43n_jxh10gg3s770b_8jbzb80000gn/T/fc-team-coverage-bfv2005p.png'
15:38.710  render           | Saved: '/Users/mohammedkalouti/Documents/Codex/2026-09-27/i/work/art/aircraft-final-production-v3/stage/assets/build/frames/unit.SA.gunship/shadow/landing/d15_f03.png'
15:39.422  render           | Saved: '/Users/mohammedkalouti/Documents/Codex/2026-09-27/i/work/art/aircraft-final-production-v3/stage/assets/build/frames/unit.SA.gunship/beauty/landing/d15_f04.png'
15:39.960  render           | Saved: '/Users/mohammedkalouti/Documents/Codex/2026-09-27/i/work/art/aircraft-final-production-v3/stage/assets/build/frames/unit.SA.gunship/team/landing/d15_f04.png'
15:40.262  render           | Saved: '/var/folders/n4/43n_jxh10gg3s770b_8jbzb80000gn/T/fc-team-coverage-rh7bkxrj.png'
15:41.309  render           | Saved: '/Users/mohammedkalouti/Documents/Codex/2026-09-27/i/work/art/aircraft-final-production-v3/stage/assets/build/frames/unit.SA.gunship/shadow/landing/d15_f04.png'
15:42.008  render           | Saved: '/Users/mohammedkalouti/Documents/Codex/2026-09-27/i/work/art/aircraft-final-production-v3/stage/assets/build/frames/unit.SA.gunship/beauty/landing/d15_f05.png'
15:42.550  render           | Saved: '/Users/mohammedkalouti/Documents/Codex/2026-09-27/i/work/art/aircraft-final-production-v3/stage/assets/build/frames/unit.SA.gunship/team/landing/d15_f05.png'
15:42.850  render           | Saved: '/var/folders/n4/43n_jxh10gg3s770b_8jbzb80000gn/T/fc-team-coverage-9tyc0oy0.png'
15:43.797  render           | Saved: '/Users/mohammedkalouti/Documents/Codex/2026-09-27/i/work/art/aircraft-final-production-v3/stage/assets/build/frames/unit.SA.gunship/shadow/landing/d15_f05.png'
15:44.498  render           | Saved: '/Users/mohammedkalouti/Documents/Codex/2026-09-27/i/work/art/aircraft-final-production-v3/stage/assets/build/frames/unit.SA.gunship/beauty/damaged/d00_f00.png'
15:45.026  render           | Saved: '/Users/mohammedkalouti/Documents/Codex/2026-09-27/i/work/art/aircraft-final-production-v3/stage/assets/build/frames/unit.SA.gunship/team/damaged/d00_f00.png'
15:45.339  render           | Saved: '/var/folders/n4/43n_jxh10gg3s770b_8jbzb80000gn/T/fc-team-coverage-35v3jd2r.png'
15:46.270  render           | Saved: '/Users/mohammedkalouti/Documents/Codex/2026-09-27/i/work/art/aircraft-final-production-v3/stage/assets/build/frames/unit.SA.gunship/shadow/damaged/d00_f00.png'
15:46.965  render           | Saved: '/Users/mohammedkalouti/Documents/Codex/2026-09-27/i/work/art/aircraft-final-production-v3/stage/assets/build/frames/unit.SA.gunship/beauty/damaged/d00_f01.png'
15:47.477  render           | Saved: '/Users/mohammedkalouti/Documents/Codex/2026-09-27/i/work/art/aircraft-final-production-v3/stage/assets/build/frames/unit.SA.gunship/team/damaged/d00_f01.png'
15:47.779  render           | Saved: '/var/folders/n4/43n_jxh10gg3s770b_8jbzb80000gn/T/fc-team-coverage-xccozowx.png'
15:48.746  render           | Saved: '/Users/mohammedkalouti/Documents/Codex/2026-09-27/i/work/art/aircraft-final-production-v3/stage/assets/build/frames/unit.SA.gunship/shadow/damaged/d00_f01.png'
15:49.445  render           | Saved: '/Users/mohammedkalouti/Documents/Codex/2026-09-27/i/work/art/aircraft-final-production-v3/stage/assets/build/frames/unit.SA.gunship/beauty/damaged/d00_f02.png'
15:49.981  render           | Saved: '/Users/mohammedkalouti/Documents/Codex/2026-09-27/i/work/art/aircraft-final-production-v3/stage/assets/build/frames/unit.SA.gunship/team/damaged/d00_f02.png'
15:50.285  render           | Saved: '/var/folders/n4/43n_jxh10gg3s770b_8jbzb80000gn/T/fc-team-coverage-yfc8b61i.png'
15:51.222  render           | Saved: '/Users/mohammedkalouti/Documents/Codex/2026-09-27/i/work/art/aircraft-final-production-v3/stage/assets/build/frames/unit.SA.gunship/shadow/damaged/d00_f02.png'
15:51.949  render           | Saved: '/Users/mohammedkalouti/Documents/Codex/2026-09-27/i/work/art/aircraft-final-production-v3/stage/assets/build/frames/unit.SA.gunship/beauty/damaged/d00_f03.png'
15:52.539  render           | Saved: '/Users/mohammedkalouti/Documents/Codex/2026-09-27/i/work/art/aircraft-final-production-v3/stage/assets/build/frames/unit.SA.gunship/team/damaged/d00_f03.png'
15:52.821  render           | Saved: '/var/folders/n4/43n_jxh10gg3s770b_8jbzb80000gn/T/fc-team-coverage-64vdcimy.png'
15:53.745  render           | Saved: '/Users/mohammedkalouti/Documents/Codex/2026-09-27/i/work/art/aircraft-final-production-v3/stage/assets/build/frames/unit.SA.gunship/shadow/damaged/d00_f03.png'
15:54.430  render           | Saved: '/Users/mohammedkalouti/Documents/Codex/2026-09-27/i/work/art/aircraft-final-production-v3/stage/assets/build/frames/unit.SA.gunship/beauty/damaged/d01_f00.png'
15:54.950  render           | Saved: '/Users/mohammedkalouti/Documents/Codex/2026-09-27/i/work/art/aircraft-final-production-v3/stage/assets/build/frames/unit.SA.gunship/team/damaged/d01_f00.png'
15:55.238  render           | Saved: '/var/folders/n4/43n_jxh10gg3s770b_8jbzb80000gn/T/fc-team-coverage-t6d1yicp.png'
15:56.192  render           | Saved: '/Users/mohammedkalouti/Documents/Codex/2026-09-27/i/work/art/aircraft-final-production-v3/stage/assets/build/frames/unit.SA.gunship/shadow/damaged/d01_f00.png'
15:56.876  render           | Saved: '/Users/mohammedkalouti/Documents/Codex/2026-09-27/i/work/art/aircraft-final-production-v3/stage/assets/build/frames/unit.SA.gunship/beauty/damaged/d01_f01.png'
15:57.400  render           | Saved: '/Users/mohammedkalouti/Documents/Codex/2026-09-27/i/work/art/aircraft-final-production-v3/stage/assets/build/frames/unit.SA.gunship/team/damaged/d01_f01.png'
15:57.727  render           | Saved: '/var/folders/n4/43n_jxh10gg3s770b_8jbzb80000gn/T/fc-team-coverage-wa3y94uv.png'
15:58.678  render           | Saved: '/Users/mohammedkalouti/Documents/Codex/2026-09-27/i/work/art/aircraft-final-production-v3/stage/assets/build/frames/unit.SA.gunship/shadow/damaged/d01_f01.png'
15:59.378  render           | Saved: '/Users/mohammedkalouti/Documents/Codex/2026-09-27/i/work/art/aircraft-final-production-v3/stage/assets/build/frames/unit.SA.gunship/beauty/damaged/d01_f02.png'
15:59.893  render           | Saved: '/Users/mohammedkalouti/Documents/Codex/2026-09-27/i/work/art/aircraft-final-production-v3/stage/assets/build/frames/unit.SA.gunship/team/damaged/d01_f02.png'
16:00.173  render           | Saved: '/var/folders/n4/43n_jxh10gg3s770b_8jbzb80000gn/T/fc-team-coverage-8f76n6zb.png'
16:01.107  render           | Saved: '/Users/mohammedkalouti/Documents/Codex/2026-09-27/i/work/art/aircraft-final-production-v3/stage/assets/build/frames/unit.SA.gunship/shadow/damaged/d01_f02.png'
16:01.789  render           | Saved: '/Users/mohammedkalouti/Documents/Codex/2026-09-27/i/work/art/aircraft-final-production-v3/stage/assets/build/frames/unit.SA.gunship/beauty/damaged/d01_f03.png'
16:02.343  render           | Saved: '/Users/mohammedkalouti/Documents/Codex/2026-09-27/i/work/art/aircraft-final-production-v3/stage/assets/build/frames/unit.SA.gunship/team/damaged/d01_f03.png'
16:02.626  render           | Saved: '/var/folders/n4/43n_jxh10gg3s770b_8jbzb80000gn/T/fc-team-coverage-utw_1v9p.png'
16:03.586  render           | Saved: '/Users/mohammedkalouti/Documents/Codex/2026-09-27/i/work/art/aircraft-final-production-v3/stage/assets/build/frames/unit.SA.gunship/shadow/damaged/d01_f03.png'
16:04.266  render           | Saved: '/Users/mohammedkalouti/Documents/Codex/2026-09-27/i/work/art/aircraft-final-production-v3/stage/assets/build/frames/unit.SA.gunship/beauty/damaged/d02_f00.png'
16:04.800  render           | Saved: '/Users/mohammedkalouti/Documents/Codex/2026-09-27/i/work/art/aircraft-final-production-v3/stage/assets/build/frames/unit.SA.gunship/team/damaged/d02_f00.png'
16:05.077  render           | Saved: '/var/folders/n4/43n_jxh10gg3s770b_8jbzb80000gn/T/fc-team-coverage-vcwyyh1s.png'
16:06.004  render           | Saved: '/Users/mohammedkalouti/Documents/Codex/2026-09-27/i/work/art/aircraft-final-production-v3/stage/assets/build/frames/unit.SA.gunship/shadow/damaged/d02_f00.png'
16:06.688  render           | Saved: '/Users/mohammedkalouti/Documents/Codex/2026-09-27/i/work/art/aircraft-final-production-v3/stage/assets/build/frames/unit.SA.gunship/beauty/damaged/d02_f01.png'
16:07.207  render           | Saved: '/Users/mohammedkalouti/Documents/Codex/2026-09-27/i/work/art/aircraft-final-production-v3/stage/assets/build/frames/unit.SA.gunship/team/damaged/d02_f01.png'
16:07.478  render           | Saved: '/var/folders/n4/43n_jxh10gg3s770b_8jbzb80000gn/T/fc-team-coverage-5ok7ixd_.png'
16:08.441  render           | Saved: '/Users/mohammedkalouti/Documents/Codex/2026-09-27/i/work/art/aircraft-final-production-v3/stage/assets/build/frames/unit.SA.gunship/shadow/damaged/d02_f01.png'
16:09.153  render           | Saved: '/Users/mohammedkalouti/Documents/Codex/2026-09-27/i/work/art/aircraft-final-production-v3/stage/assets/build/frames/unit.SA.gunship/beauty/damaged/d02_f02.png'
16:09.674  render           | Saved: '/Users/mohammedkalouti/Documents/Codex/2026-09-27/i/work/art/aircraft-final-production-v3/stage/assets/build/frames/unit.SA.gunship/team/damaged/d02_f02.png'
16:09.948  render           | Saved: '/var/folders/n4/43n_jxh10gg3s770b_8jbzb80000gn/T/fc-team-coverage-3fdaz107.png'
16:10.926  render           | Saved: '/Users/mohammedkalouti/Documents/Codex/2026-09-27/i/work/art/aircraft-final-production-v3/stage/assets/build/frames/unit.SA.gunship/shadow/damaged/d02_f02.png'
16:11.723  render           | Saved: '/Users/mohammedkalouti/Documents/Codex/2026-09-27/i/work/art/aircraft-final-production-v3/stage/assets/build/frames/unit.SA.gunship/beauty/damaged/d02_f03.png'
16:12.268  render           | Saved: '/Users/mohammedkalouti/Documents/Codex/2026-09-27/i/work/art/aircraft-final-production-v3/stage/assets/build/frames/unit.SA.gunship/team/damaged/d02_f03.png'
16:12.573  render           | Saved: '/var/folders/n4/43n_jxh10gg3s770b_8jbzb80000gn/T/fc-team-coverage-1pm5xrwz.png'
16:13.675  render           | Saved: '/Users/mohammedkalouti/Documents/Codex/2026-09-27/i/work/art/aircraft-final-production-v3/stage/assets/build/frames/unit.SA.gunship/shadow/damaged/d02_f03.png'
16:14.539  render           | Saved: '/Users/mohammedkalouti/Documents/Codex/2026-09-27/i/work/art/aircraft-final-production-v3/stage/assets/build/frames/unit.SA.gunship/beauty/damaged/d03_f00.png'
16:15.091  render           | Saved: '/Users/mohammedkalouti/Documents/Codex/2026-09-27/i/work/art/aircraft-final-production-v3/stage/assets/build/frames/unit.SA.gunship/team/damaged/d03_f00.png'
16:15.386  render           | Saved: '/var/folders/n4/43n_jxh10gg3s770b_8jbzb80000gn/T/fc-team-coverage-4ty83iyv.png'
16:16.354  render           | Saved: '/Users/mohammedkalouti/Documents/Codex/2026-09-27/i/work/art/aircraft-final-production-v3/stage/assets/build/frames/unit.SA.gunship/shadow/damaged/d03_f00.png'
16:17.191  render           | Saved: '/Users/mohammedkalouti/Documents/Codex/2026-09-27/i/work/art/aircraft-final-production-v3/stage/assets/build/frames/unit.SA.gunship/beauty/damaged/d03_f01.png'
16:17.724  render           | Saved: '/Users/mohammedkalouti/Documents/Codex/2026-09-27/i/work/art/aircraft-final-production-v3/stage/assets/build/frames/unit.SA.gunship/team/damaged/d03_f01.png'
16:18.023  render           | Saved: '/var/folders/n4/43n_jxh10gg3s770b_8jbzb80000gn/T/fc-team-coverage-hoxjgb0s.png'
16:19.132  render           | Saved: '/Users/mohammedkalouti/Documents/Codex/2026-09-27/i/work/art/aircraft-final-production-v3/stage/assets/build/frames/unit.SA.gunship/shadow/damaged/d03_f01.png'
16:19.961  render           | Saved: '/Users/mohammedkalouti/Documents/Codex/2026-09-27/i/work/art/aircraft-final-production-v3/stage/assets/build/frames/unit.SA.gunship/beauty/damaged/d03_f02.png'
16:20.526  render           | Saved: '/Users/mohammedkalouti/Documents/Codex/2026-09-27/i/work/art/aircraft-final-production-v3/stage/assets/build/frames/unit.SA.gunship/team/damaged/d03_f02.png'
16:20.805  render           | Saved: '/var/folders/n4/43n_jxh10gg3s770b_8jbzb80000gn/T/fc-team-coverage-1i0l4a7m.png'
16:21.844  render           | Saved: '/Users/mohammedkalouti/Documents/Codex/2026-09-27/i/work/art/aircraft-final-production-v3/stage/assets/build/frames/unit.SA.gunship/shadow/damaged/d03_f02.png'
16:22.547  render           | Saved: '/Users/mohammedkalouti/Documents/Codex/2026-09-27/i/work/art/aircraft-final-production-v3/stage/assets/build/frames/unit.SA.gunship/beauty/damaged/d03_f03.png'
16:23.094  render           | Saved: '/Users/mohammedkalouti/Documents/Codex/2026-09-27/i/work/art/aircraft-final-production-v3/stage/assets/build/frames/unit.SA.gunship/team/damaged/d03_f03.png'
16:23.392  render           | Saved: '/var/folders/n4/43n_jxh10gg3s770b_8jbzb80000gn/T/fc-team-coverage-pnyof_y5.png'
16:24.367  render           | Saved: '/Users/mohammedkalouti/Documents/Codex/2026-09-27/i/work/art/aircraft-final-production-v3/stage/assets/build/frames/unit.SA.gunship/shadow/damaged/d03_f03.png'
16:25.069  render           | Saved: '/Users/mohammedkalouti/Documents/Codex/2026-09-27/i/work/art/aircraft-final-production-v3/stage/assets/build/frames/unit.SA.gunship/beauty/damaged/d04_f00.png'
16:25.596  render           | Saved: '/Users/mohammedkalouti/Documents/Codex/2026-09-27/i/work/art/aircraft-final-production-v3/stage/assets/build/frames/unit.SA.gunship/team/damaged/d04_f00.png'
16:25.887  render           | Saved: '/var/folders/n4/43n_jxh10gg3s770b_8jbzb80000gn/T/fc-team-coverage-hwao94yb.png'
16:26.805  render           | Saved: '/Users/mohammedkalouti/Documents/Codex/2026-09-27/i/work/art/aircraft-final-production-v3/stage/assets/build/frames/unit.SA.gunship/shadow/damaged/d04_f00.png'
16:27.512  render           | Saved: '/Users/mohammedkalouti/Documents/Codex/2026-09-27/i/work/art/aircraft-final-production-v3/stage/assets/build/frames/unit.SA.gunship/beauty/damaged/d04_f01.png'
16:28.028  render           | Saved: '/Users/mohammedkalouti/Documents/Codex/2026-09-27/i/work/art/aircraft-final-production-v3/stage/assets/build/frames/unit.SA.gunship/team/damaged/d04_f01.png'
16:28.305  render           | Saved: '/var/folders/n4/43n_jxh10gg3s770b_8jbzb80000gn/T/fc-team-coverage-ivf2h8g0.png'
16:29.346  render           | Saved: '/Users/mohammedkalouti/Documents/Codex/2026-09-27/i/work/art/aircraft-final-production-v3/stage/assets/build/frames/unit.SA.gunship/shadow/damaged/d04_f01.png'
16:30.202  render           | Saved: '/Users/mohammedkalouti/Documents/Codex/2026-09-27/i/work/art/aircraft-final-production-v3/stage/assets/build/frames/unit.SA.gunship/beauty/damaged/d04_f02.png'
16:30.931  render           | Saved: '/Users/mohammedkalouti/Documents/Codex/2026-09-27/i/work/art/aircraft-final-production-v3/stage/assets/build/frames/unit.SA.gunship/team/damaged/d04_f02.png'
16:31.265  render           | Saved: '/var/folders/n4/43n_jxh10gg3s770b_8jbzb80000gn/T/fc-team-coverage-hakhzw04.png'
16:32.505  render           | Saved: '/Users/mohammedkalouti/Documents/Codex/2026-09-27/i/work/art/aircraft-final-production-v3/stage/assets/build/frames/unit.SA.gunship/shadow/damaged/d04_f02.png'
16:33.279  render           | Saved: '/Users/mohammedkalouti/Documents/Codex/2026-09-27/i/work/art/aircraft-final-production-v3/stage/assets/build/frames/unit.SA.gunship/beauty/damaged/d04_f03.png'
16:33.911  render           | Saved: '/Users/mohammedkalouti/Documents/Codex/2026-09-27/i/work/art/aircraft-final-production-v3/stage/assets/build/frames/unit.SA.gunship/team/damaged/d04_f03.png'
16:34.211  render           | Saved: '/var/folders/n4/43n_jxh10gg3s770b_8jbzb80000gn/T/fc-team-coverage-90weve9m.png'
16:35.424  render           | Saved: '/Users/mohammedkalouti/Documents/Codex/2026-09-27/i/work/art/aircraft-final-production-v3/stage/assets/build/frames/unit.SA.gunship/shadow/damaged/d04_f03.png'
16:36.262  render           | Saved: '/Users/mohammedkalouti/Documents/Codex/2026-09-27/i/work/art/aircraft-final-production-v3/stage/assets/build/frames/unit.SA.gunship/beauty/damaged/d05_f00.png'
16:36.921  render           | Saved: '/Users/mohammedkalouti/Documents/Codex/2026-09-27/i/work/art/aircraft-final-production-v3/stage/assets/build/frames/unit.SA.gunship/team/damaged/d05_f00.png'
16:37.239  render           | Saved: '/var/folders/n4/43n_jxh10gg3s770b_8jbzb80000gn/T/fc-team-coverage-sq4372yp.png'
16:38.299  render           | Saved: '/Users/mohammedkalouti/Documents/Codex/2026-09-27/i/work/art/aircraft-final-production-v3/stage/assets/build/frames/unit.SA.gunship/shadow/damaged/d05_f00.png'
16:39.092  render           | Saved: '/Users/mohammedkalouti/Documents/Codex/2026-09-27/i/work/art/aircraft-final-production-v3/stage/assets/build/frames/unit.SA.gunship/beauty/damaged/d05_f01.png'
16:39.659  render           | Saved: '/Users/mohammedkalouti/Documents/Codex/2026-09-27/i/work/art/aircraft-final-production-v3/stage/assets/build/frames/unit.SA.gunship/team/damaged/d05_f01.png'
16:39.978  render           | Saved: '/var/folders/n4/43n_jxh10gg3s770b_8jbzb80000gn/T/fc-team-coverage-0s8zgops.png'
16:41.094  render           | Saved: '/Users/mohammedkalouti/Documents/Codex/2026-09-27/i/work/art/aircraft-final-production-v3/stage/assets/build/frames/unit.SA.gunship/shadow/damaged/d05_f01.png'
16:41.872  render           | Saved: '/Users/mohammedkalouti/Documents/Codex/2026-09-27/i/work/art/aircraft-final-production-v3/stage/assets/build/frames/unit.SA.gunship/beauty/damaged/d05_f02.png'
16:42.451  render           | Saved: '/Users/mohammedkalouti/Documents/Codex/2026-09-27/i/work/art/aircraft-final-production-v3/stage/assets/build/frames/unit.SA.gunship/team/damaged/d05_f02.png'
16:42.733  render           | Saved: '/var/folders/n4/43n_jxh10gg3s770b_8jbzb80000gn/T/fc-team-coverage-dgn2g1pc.png'
16:43.871  render           | Saved: '/Users/mohammedkalouti/Documents/Codex/2026-09-27/i/work/art/aircraft-final-production-v3/stage/assets/build/frames/unit.SA.gunship/shadow/damaged/d05_f02.png'
16:44.629  render           | Saved: '/Users/mohammedkalouti/Documents/Codex/2026-09-27/i/work/art/aircraft-final-production-v3/stage/assets/build/frames/unit.SA.gunship/beauty/damaged/d05_f03.png'
16:45.193  render           | Saved: '/Users/mohammedkalouti/Documents/Codex/2026-09-27/i/work/art/aircraft-final-production-v3/stage/assets/build/frames/unit.SA.gunship/team/damaged/d05_f03.png'
16:45.500  render           | Saved: '/var/folders/n4/43n_jxh10gg3s770b_8jbzb80000gn/T/fc-team-coverage-7_8gyve9.png'
16:46.523  render           | Saved: '/Users/mohammedkalouti/Documents/Codex/2026-09-27/i/work/art/aircraft-final-production-v3/stage/assets/build/frames/unit.SA.gunship/shadow/damaged/d05_f03.png'
16:47.268  render           | Saved: '/Users/mohammedkalouti/Documents/Codex/2026-09-27/i/work/art/aircraft-final-production-v3/stage/assets/build/frames/unit.SA.gunship/beauty/damaged/d06_f00.png'
16:47.822  render           | Saved: '/Users/mohammedkalouti/Documents/Codex/2026-09-27/i/work/art/aircraft-final-production-v3/stage/assets/build/frames/unit.SA.gunship/team/damaged/d06_f00.png'
16:48.126  render           | Saved: '/var/folders/n4/43n_jxh10gg3s770b_8jbzb80000gn/T/fc-team-coverage-7vwebmcy.png'
16:49.155  render           | Saved: '/Users/mohammedkalouti/Documents/Codex/2026-09-27/i/work/art/aircraft-final-production-v3/stage/assets/build/frames/unit.SA.gunship/shadow/damaged/d06_f00.png'
16:49.926  render           | Saved: '/Users/mohammedkalouti/Documents/Codex/2026-09-27/i/work/art/aircraft-final-production-v3/stage/assets/build/frames/unit.SA.gunship/beauty/damaged/d06_f01.png'
16:50.488  render           | Saved: '/Users/mohammedkalouti/Documents/Codex/2026-09-27/i/work/art/aircraft-final-production-v3/stage/assets/build/frames/unit.SA.gunship/team/damaged/d06_f01.png'
16:50.771  render           | Saved: '/var/folders/n4/43n_jxh10gg3s770b_8jbzb80000gn/T/fc-team-coverage-lr7e123p.png'
16:51.763  render           | Saved: '/Users/mohammedkalouti/Documents/Codex/2026-09-27/i/work/art/aircraft-final-production-v3/stage/assets/build/frames/unit.SA.gunship/shadow/damaged/d06_f01.png'
16:52.470  render           | Saved: '/Users/mohammedkalouti/Documents/Codex/2026-09-27/i/work/art/aircraft-final-production-v3/stage/assets/build/frames/unit.SA.gunship/beauty/damaged/d06_f02.png'
16:52.995  render           | Saved: '/Users/mohammedkalouti/Documents/Codex/2026-09-27/i/work/art/aircraft-final-production-v3/stage/assets/build/frames/unit.SA.gunship/team/damaged/d06_f02.png'
16:53.299  render           | Saved: '/var/folders/n4/43n_jxh10gg3s770b_8jbzb80000gn/T/fc-team-coverage-56uhtk42.png'
16:54.252  render           | Saved: '/Users/mohammedkalouti/Documents/Codex/2026-09-27/i/work/art/aircraft-final-production-v3/stage/assets/build/frames/unit.SA.gunship/shadow/damaged/d06_f02.png'
16:54.955  render           | Saved: '/Users/mohammedkalouti/Documents/Codex/2026-09-27/i/work/art/aircraft-final-production-v3/stage/assets/build/frames/unit.SA.gunship/beauty/damaged/d06_f03.png'
16:55.486  render           | Saved: '/Users/mohammedkalouti/Documents/Codex/2026-09-27/i/work/art/aircraft-final-production-v3/stage/assets/build/frames/unit.SA.gunship/team/damaged/d06_f03.png'
16:55.761  render           | Saved: '/var/folders/n4/43n_jxh10gg3s770b_8jbzb80000gn/T/fc-team-coverage-dim8ezmz.png'
16:56.682  render           | Saved: '/Users/mohammedkalouti/Documents/Codex/2026-09-27/i/work/art/aircraft-final-production-v3/stage/assets/build/frames/unit.SA.gunship/shadow/damaged/d06_f03.png'
16:57.375  render           | Saved: '/Users/mohammedkalouti/Documents/Codex/2026-09-27/i/work/art/aircraft-final-production-v3/stage/assets/build/frames/unit.SA.gunship/beauty/damaged/d07_f00.png'
16:57.926  render           | Saved: '/Users/mohammedkalouti/Documents/Codex/2026-09-27/i/work/art/aircraft-final-production-v3/stage/assets/build/frames/unit.SA.gunship/team/damaged/d07_f00.png'
16:58.199  render           | Saved: '/var/folders/n4/43n_jxh10gg3s770b_8jbzb80000gn/T/fc-team-coverage-io_ym2uw.png'
16:59.156  render           | Saved: '/Users/mohammedkalouti/Documents/Codex/2026-09-27/i/work/art/aircraft-final-production-v3/stage/assets/build/frames/unit.SA.gunship/shadow/damaged/d07_f00.png'
16:59.854  render           | Saved: '/Users/mohammedkalouti/Documents/Codex/2026-09-27/i/work/art/aircraft-final-production-v3/stage/assets/build/frames/unit.SA.gunship/beauty/damaged/d07_f01.png'
17:00.418  render           | Saved: '/Users/mohammedkalouti/Documents/Codex/2026-09-27/i/work/art/aircraft-final-production-v3/stage/assets/build/frames/unit.SA.gunship/team/damaged/d07_f01.png'
17:00.696  render           | Saved: '/var/folders/n4/43n_jxh10gg3s770b_8jbzb80000gn/T/fc-team-coverage-5vtqb5p4.png'
17:01.636  render           | Saved: '/Users/mohammedkalouti/Documents/Codex/2026-09-27/i/work/art/aircraft-final-production-v3/stage/assets/build/frames/unit.SA.gunship/shadow/damaged/d07_f01.png'
17:02.343  render           | Saved: '/Users/mohammedkalouti/Documents/Codex/2026-09-27/i/work/art/aircraft-final-production-v3/stage/assets/build/frames/unit.SA.gunship/beauty/damaged/d07_f02.png'
17:02.860  render           | Saved: '/Users/mohammedkalouti/Documents/Codex/2026-09-27/i/work/art/aircraft-final-production-v3/stage/assets/build/frames/unit.SA.gunship/team/damaged/d07_f02.png'
17:03.155  render           | Saved: '/var/folders/n4/43n_jxh10gg3s770b_8jbzb80000gn/T/fc-team-coverage-wvjtylec.png'
17:04.084  render           | Saved: '/Users/mohammedkalouti/Documents/Codex/2026-09-27/i/work/art/aircraft-final-production-v3/stage/assets/build/frames/unit.SA.gunship/shadow/damaged/d07_f02.png'
17:04.765  render           | Saved: '/Users/mohammedkalouti/Documents/Codex/2026-09-27/i/work/art/aircraft-final-production-v3/stage/assets/build/frames/unit.SA.gunship/beauty/damaged/d07_f03.png'
17:05.287  render           | Saved: '/Users/mohammedkalouti/Documents/Codex/2026-09-27/i/work/art/aircraft-final-production-v3/stage/assets/build/frames/unit.SA.gunship/team/damaged/d07_f03.png'
17:05.561  render           | Saved: '/var/folders/n4/43n_jxh10gg3s770b_8jbzb80000gn/T/fc-team-coverage-3ttapqog.png'
17:06.485  render           | Saved: '/Users/mohammedkalouti/Documents/Codex/2026-09-27/i/work/art/aircraft-final-production-v3/stage/assets/build/frames/unit.SA.gunship/shadow/damaged/d07_f03.png'
17:07.154  render           | Saved: '/Users/mohammedkalouti/Documents/Codex/2026-09-27/i/work/art/aircraft-final-production-v3/stage/assets/build/frames/unit.SA.gunship/beauty/damaged/d08_f00.png'
17:07.669  render           | Saved: '/Users/mohammedkalouti/Documents/Codex/2026-09-27/i/work/art/aircraft-final-production-v3/stage/assets/build/frames/unit.SA.gunship/team/damaged/d08_f00.png'
17:07.946  render           | Saved: '/var/folders/n4/43n_jxh10gg3s770b_8jbzb80000gn/T/fc-team-coverage-y47w87zb.png'
17:08.851  render           | Saved: '/Users/mohammedkalouti/Documents/Codex/2026-09-27/i/work/art/aircraft-final-production-v3/stage/assets/build/frames/unit.SA.gunship/shadow/damaged/d08_f00.png'
17:09.519  render           | Saved: '/Users/mohammedkalouti/Documents/Codex/2026-09-27/i/work/art/aircraft-final-production-v3/stage/assets/build/frames/unit.SA.gunship/beauty/damaged/d08_f01.png'
17:10.041  render           | Saved: '/Users/mohammedkalouti/Documents/Codex/2026-09-27/i/work/art/aircraft-final-production-v3/stage/assets/build/frames/unit.SA.gunship/team/damaged/d08_f01.png'
17:10.312  render           | Saved: '/var/folders/n4/43n_jxh10gg3s770b_8jbzb80000gn/T/fc-team-coverage-fo_8enmn.png'
17:11.358  render           | Saved: '/Users/mohammedkalouti/Documents/Codex/2026-09-27/i/work/art/aircraft-final-production-v3/stage/assets/build/frames/unit.SA.gunship/shadow/damaged/d08_f01.png'
17:12.074  render           | Saved: '/Users/mohammedkalouti/Documents/Codex/2026-09-27/i/work/art/aircraft-final-production-v3/stage/assets/build/frames/unit.SA.gunship/beauty/damaged/d08_f02.png'
17:12.587  render           | Saved: '/Users/mohammedkalouti/Documents/Codex/2026-09-27/i/work/art/aircraft-final-production-v3/stage/assets/build/frames/unit.SA.gunship/team/damaged/d08_f02.png'
17:12.862  render           | Saved: '/var/folders/n4/43n_jxh10gg3s770b_8jbzb80000gn/T/fc-team-coverage-pwv7gjxh.png'
17:13.801  render           | Saved: '/Users/mohammedkalouti/Documents/Codex/2026-09-27/i/work/art/aircraft-final-production-v3/stage/assets/build/frames/unit.SA.gunship/shadow/damaged/d08_f02.png'
17:14.527  render           | Saved: '/Users/mohammedkalouti/Documents/Codex/2026-09-27/i/work/art/aircraft-final-production-v3/stage/assets/build/frames/unit.SA.gunship/beauty/damaged/d08_f03.png'
17:15.055  render           | Saved: '/Users/mohammedkalouti/Documents/Codex/2026-09-27/i/work/art/aircraft-final-production-v3/stage/assets/build/frames/unit.SA.gunship/team/damaged/d08_f03.png'
17:15.330  render           | Saved: '/var/folders/n4/43n_jxh10gg3s770b_8jbzb80000gn/T/fc-team-coverage-8pu8_wsb.png'
17:16.270  render           | Saved: '/Users/mohammedkalouti/Documents/Codex/2026-09-27/i/work/art/aircraft-final-production-v3/stage/assets/build/frames/unit.SA.gunship/shadow/damaged/d08_f03.png'
17:16.981  render           | Saved: '/Users/mohammedkalouti/Documents/Codex/2026-09-27/i/work/art/aircraft-final-production-v3/stage/assets/build/frames/unit.SA.gunship/beauty/damaged/d09_f00.png'
17:17.491  render           | Saved: '/Users/mohammedkalouti/Documents/Codex/2026-09-27/i/work/art/aircraft-final-production-v3/stage/assets/build/frames/unit.SA.gunship/team/damaged/d09_f00.png'
17:17.762  render           | Saved: '/var/folders/n4/43n_jxh10gg3s770b_8jbzb80000gn/T/fc-team-coverage-n4w7w49z.png'
17:18.722  render           | Saved: '/Users/mohammedkalouti/Documents/Codex/2026-09-27/i/work/art/aircraft-final-production-v3/stage/assets/build/frames/unit.SA.gunship/shadow/damaged/d09_f00.png'
17:19.412  render           | Saved: '/Users/mohammedkalouti/Documents/Codex/2026-09-27/i/work/art/aircraft-final-production-v3/stage/assets/build/frames/unit.SA.gunship/beauty/damaged/d09_f01.png'
17:19.930  render           | Saved: '/Users/mohammedkalouti/Documents/Codex/2026-09-27/i/work/art/aircraft-final-production-v3/stage/assets/build/frames/unit.SA.gunship/team/damaged/d09_f01.png'
17:20.216  render           | Saved: '/var/folders/n4/43n_jxh10gg3s770b_8jbzb80000gn/T/fc-team-coverage-phenxtpu.png'
17:21.153  render           | Saved: '/Users/mohammedkalouti/Documents/Codex/2026-09-27/i/work/art/aircraft-final-production-v3/stage/assets/build/frames/unit.SA.gunship/shadow/damaged/d09_f01.png'
17:21.826  render           | Saved: '/Users/mohammedkalouti/Documents/Codex/2026-09-27/i/work/art/aircraft-final-production-v3/stage/assets/build/frames/unit.SA.gunship/beauty/damaged/d09_f02.png'
17:22.346  render           | Saved: '/Users/mohammedkalouti/Documents/Codex/2026-09-27/i/work/art/aircraft-final-production-v3/stage/assets/build/frames/unit.SA.gunship/team/damaged/d09_f02.png'
17:22.643  render           | Saved: '/var/folders/n4/43n_jxh10gg3s770b_8jbzb80000gn/T/fc-team-coverage-lhxido4c.png'
17:23.563  render           | Saved: '/Users/mohammedkalouti/Documents/Codex/2026-09-27/i/work/art/aircraft-final-production-v3/stage/assets/build/frames/unit.SA.gunship/shadow/damaged/d09_f02.png'
17:24.237  render           | Saved: '/Users/mohammedkalouti/Documents/Codex/2026-09-27/i/work/art/aircraft-final-production-v3/stage/assets/build/frames/unit.SA.gunship/beauty/damaged/d09_f03.png'
17:24.740  render           | Saved: '/Users/mohammedkalouti/Documents/Codex/2026-09-27/i/work/art/aircraft-final-production-v3/stage/assets/build/frames/unit.SA.gunship/team/damaged/d09_f03.png'
17:25.014  render           | Saved: '/var/folders/n4/43n_jxh10gg3s770b_8jbzb80000gn/T/fc-team-coverage-euliwy1d.png'
17:26.035  render           | Saved: '/Users/mohammedkalouti/Documents/Codex/2026-09-27/i/work/art/aircraft-final-production-v3/stage/assets/build/frames/unit.SA.gunship/shadow/damaged/d09_f03.png'
17:26.773  render           | Saved: '/Users/mohammedkalouti/Documents/Codex/2026-09-27/i/work/art/aircraft-final-production-v3/stage/assets/build/frames/unit.SA.gunship/beauty/damaged/d10_f00.png'
17:27.301  render           | Saved: '/Users/mohammedkalouti/Documents/Codex/2026-09-27/i/work/art/aircraft-final-production-v3/stage/assets/build/frames/unit.SA.gunship/team/damaged/d10_f00.png'
17:27.581  render           | Saved: '/var/folders/n4/43n_jxh10gg3s770b_8jbzb80000gn/T/fc-team-coverage-45s4j5md.png'
17:28.531  render           | Saved: '/Users/mohammedkalouti/Documents/Codex/2026-09-27/i/work/art/aircraft-final-production-v3/stage/assets/build/frames/unit.SA.gunship/shadow/damaged/d10_f00.png'
17:29.212  render           | Saved: '/Users/mohammedkalouti/Documents/Codex/2026-09-27/i/work/art/aircraft-final-production-v3/stage/assets/build/frames/unit.SA.gunship/beauty/damaged/d10_f01.png'
17:29.721  render           | Saved: '/Users/mohammedkalouti/Documents/Codex/2026-09-27/i/work/art/aircraft-final-production-v3/stage/assets/build/frames/unit.SA.gunship/team/damaged/d10_f01.png'
17:29.996  render           | Saved: '/var/folders/n4/43n_jxh10gg3s770b_8jbzb80000gn/T/fc-team-coverage-6udxy3_t.png'
17:30.925  render           | Saved: '/Users/mohammedkalouti/Documents/Codex/2026-09-27/i/work/art/aircraft-final-production-v3/stage/assets/build/frames/unit.SA.gunship/shadow/damaged/d10_f01.png'
17:31.608  render           | Saved: '/Users/mohammedkalouti/Documents/Codex/2026-09-27/i/work/art/aircraft-final-production-v3/stage/assets/build/frames/unit.SA.gunship/beauty/damaged/d10_f02.png'
17:32.113  render           | Saved: '/Users/mohammedkalouti/Documents/Codex/2026-09-27/i/work/art/aircraft-final-production-v3/stage/assets/build/frames/unit.SA.gunship/team/damaged/d10_f02.png'
17:32.382  render           | Saved: '/var/folders/n4/43n_jxh10gg3s770b_8jbzb80000gn/T/fc-team-coverage-q7fyrbyz.png'
17:33.323  render           | Saved: '/Users/mohammedkalouti/Documents/Codex/2026-09-27/i/work/art/aircraft-final-production-v3/stage/assets/build/frames/unit.SA.gunship/shadow/damaged/d10_f02.png'
17:33.997  render           | Saved: '/Users/mohammedkalouti/Documents/Codex/2026-09-27/i/work/art/aircraft-final-production-v3/stage/assets/build/frames/unit.SA.gunship/beauty/damaged/d10_f03.png'
17:34.511  render           | Saved: '/Users/mohammedkalouti/Documents/Codex/2026-09-27/i/work/art/aircraft-final-production-v3/stage/assets/build/frames/unit.SA.gunship/team/damaged/d10_f03.png'
17:34.809  render           | Saved: '/var/folders/n4/43n_jxh10gg3s770b_8jbzb80000gn/T/fc-team-coverage-22fu7sen.png'
17:35.744  render           | Saved: '/Users/mohammedkalouti/Documents/Codex/2026-09-27/i/work/art/aircraft-final-production-v3/stage/assets/build/frames/unit.SA.gunship/shadow/damaged/d10_f03.png'
17:36.424  render           | Saved: '/Users/mohammedkalouti/Documents/Codex/2026-09-27/i/work/art/aircraft-final-production-v3/stage/assets/build/frames/unit.SA.gunship/beauty/damaged/d11_f00.png'
17:36.941  render           | Saved: '/Users/mohammedkalouti/Documents/Codex/2026-09-27/i/work/art/aircraft-final-production-v3/stage/assets/build/frames/unit.SA.gunship/team/damaged/d11_f00.png'
17:37.211  render           | Saved: '/var/folders/n4/43n_jxh10gg3s770b_8jbzb80000gn/T/fc-team-coverage-kdtmg59x.png'
17:38.164  render           | Saved: '/Users/mohammedkalouti/Documents/Codex/2026-09-27/i/work/art/aircraft-final-production-v3/stage/assets/build/frames/unit.SA.gunship/shadow/damaged/d11_f00.png'
17:38.872  render           | Saved: '/Users/mohammedkalouti/Documents/Codex/2026-09-27/i/work/art/aircraft-final-production-v3/stage/assets/build/frames/unit.SA.gunship/beauty/damaged/d11_f01.png'
17:39.392  render           | Saved: '/Users/mohammedkalouti/Documents/Codex/2026-09-27/i/work/art/aircraft-final-production-v3/stage/assets/build/frames/unit.SA.gunship/team/damaged/d11_f01.png'
17:39.664  render           | Saved: '/var/folders/n4/43n_jxh10gg3s770b_8jbzb80000gn/T/fc-team-coverage-ehl_eq_w.png'
17:40.652  render           | Saved: '/Users/mohammedkalouti/Documents/Codex/2026-09-27/i/work/art/aircraft-final-production-v3/stage/assets/build/frames/unit.SA.gunship/shadow/damaged/d11_f01.png'
17:41.413  render           | Saved: '/Users/mohammedkalouti/Documents/Codex/2026-09-27/i/work/art/aircraft-final-production-v3/stage/assets/build/frames/unit.SA.gunship/beauty/damaged/d11_f02.png'
17:41.913  render           | Saved: '/Users/mohammedkalouti/Documents/Codex/2026-09-27/i/work/art/aircraft-final-production-v3/stage/assets/build/frames/unit.SA.gunship/team/damaged/d11_f02.png'
17:42.191  render           | Saved: '/var/folders/n4/43n_jxh10gg3s770b_8jbzb80000gn/T/fc-team-coverage-fah9nag9.png'
17:43.125  render           | Saved: '/Users/mohammedkalouti/Documents/Codex/2026-09-27/i/work/art/aircraft-final-production-v3/stage/assets/build/frames/unit.SA.gunship/shadow/damaged/d11_f02.png'
17:43.807  render           | Saved: '/Users/mohammedkalouti/Documents/Codex/2026-09-27/i/work/art/aircraft-final-production-v3/stage/assets/build/frames/unit.SA.gunship/beauty/damaged/d11_f03.png'
17:44.341  render           | Saved: '/Users/mohammedkalouti/Documents/Codex/2026-09-27/i/work/art/aircraft-final-production-v3/stage/assets/build/frames/unit.SA.gunship/team/damaged/d11_f03.png'
17:44.611  render           | Saved: '/var/folders/n4/43n_jxh10gg3s770b_8jbzb80000gn/T/fc-team-coverage-5kcbmmjx.png'
17:45.587  render           | Saved: '/Users/mohammedkalouti/Documents/Codex/2026-09-27/i/work/art/aircraft-final-production-v3/stage/assets/build/frames/unit.SA.gunship/shadow/damaged/d11_f03.png'
17:46.274  render           | Saved: '/Users/mohammedkalouti/Documents/Codex/2026-09-27/i/work/art/aircraft-final-production-v3/stage/assets/build/frames/unit.SA.gunship/beauty/damaged/d12_f00.png'
17:46.791  render           | Saved: '/Users/mohammedkalouti/Documents/Codex/2026-09-27/i/work/art/aircraft-final-production-v3/stage/assets/build/frames/unit.SA.gunship/team/damaged/d12_f00.png'
17:47.065  render           | Saved: '/var/folders/n4/43n_jxh10gg3s770b_8jbzb80000gn/T/fc-team-coverage-vb7b3lio.png'
17:47.984  render           | Saved: '/Users/mohammedkalouti/Documents/Codex/2026-09-27/i/work/art/aircraft-final-production-v3/stage/assets/build/frames/unit.SA.gunship/shadow/damaged/d12_f00.png'
17:48.670  render           | Saved: '/Users/mohammedkalouti/Documents/Codex/2026-09-27/i/work/art/aircraft-final-production-v3/stage/assets/build/frames/unit.SA.gunship/beauty/damaged/d12_f01.png'
17:49.194  render           | Saved: '/Users/mohammedkalouti/Documents/Codex/2026-09-27/i/work/art/aircraft-final-production-v3/stage/assets/build/frames/unit.SA.gunship/team/damaged/d12_f01.png'
17:49.485  render           | Saved: '/var/folders/n4/43n_jxh10gg3s770b_8jbzb80000gn/T/fc-team-coverage-kvqg60p9.png'
17:50.405  render           | Saved: '/Users/mohammedkalouti/Documents/Codex/2026-09-27/i/work/art/aircraft-final-production-v3/stage/assets/build/frames/unit.SA.gunship/shadow/damaged/d12_f01.png'
17:51.077  render           | Saved: '/Users/mohammedkalouti/Documents/Codex/2026-09-27/i/work/art/aircraft-final-production-v3/stage/assets/build/frames/unit.SA.gunship/beauty/damaged/d12_f02.png'
17:51.582  render           | Saved: '/Users/mohammedkalouti/Documents/Codex/2026-09-27/i/work/art/aircraft-final-production-v3/stage/assets/build/frames/unit.SA.gunship/team/damaged/d12_f02.png'
17:51.852  render           | Saved: '/var/folders/n4/43n_jxh10gg3s770b_8jbzb80000gn/T/fc-team-coverage-dknfxxze.png'
17:52.779  render           | Saved: '/Users/mohammedkalouti/Documents/Codex/2026-09-27/i/work/art/aircraft-final-production-v3/stage/assets/build/frames/unit.SA.gunship/shadow/damaged/d12_f02.png'
17:53.449  render           | Saved: '/Users/mohammedkalouti/Documents/Codex/2026-09-27/i/work/art/aircraft-final-production-v3/stage/assets/build/frames/unit.SA.gunship/beauty/damaged/d12_f03.png'
17:53.953  render           | Saved: '/Users/mohammedkalouti/Documents/Codex/2026-09-27/i/work/art/aircraft-final-production-v3/stage/assets/build/frames/unit.SA.gunship/team/damaged/d12_f03.png'
17:54.223  render           | Saved: '/var/folders/n4/43n_jxh10gg3s770b_8jbzb80000gn/T/fc-team-coverage-rmo0stj7.png'
17:55.145  render           | Saved: '/Users/mohammedkalouti/Documents/Codex/2026-09-27/i/work/art/aircraft-final-production-v3/stage/assets/build/frames/unit.SA.gunship/shadow/damaged/d12_f03.png'
17:55.857  render           | Saved: '/Users/mohammedkalouti/Documents/Codex/2026-09-27/i/work/art/aircraft-final-production-v3/stage/assets/build/frames/unit.SA.gunship/beauty/damaged/d13_f00.png'
17:56.370  render           | Saved: '/Users/mohammedkalouti/Documents/Codex/2026-09-27/i/work/art/aircraft-final-production-v3/stage/assets/build/frames/unit.SA.gunship/team/damaged/d13_f00.png'
17:56.646  render           | Saved: '/var/folders/n4/43n_jxh10gg3s770b_8jbzb80000gn/T/fc-team-coverage-pjswie1k.png'
17:57.579  render           | Saved: '/Users/mohammedkalouti/Documents/Codex/2026-09-27/i/work/art/aircraft-final-production-v3/stage/assets/build/frames/unit.SA.gunship/shadow/damaged/d13_f00.png'
17:58.349  render           | Saved: '/Users/mohammedkalouti/Documents/Codex/2026-09-27/i/work/art/aircraft-final-production-v3/stage/assets/build/frames/unit.SA.gunship/beauty/damaged/d13_f01.png'
17:59.003  render           | Saved: '/Users/mohammedkalouti/Documents/Codex/2026-09-27/i/work/art/aircraft-final-production-v3/stage/assets/build/frames/unit.SA.gunship/team/damaged/d13_f01.png'
17:59.278  render           | Saved: '/var/folders/n4/43n_jxh10gg3s770b_8jbzb80000gn/T/fc-team-coverage-ileax13k.png'
18:00.307  render           | Saved: '/Users/mohammedkalouti/Documents/Codex/2026-09-27/i/work/art/aircraft-final-production-v3/stage/assets/build/frames/unit.SA.gunship/shadow/damaged/d13_f01.png'
18:01.071  render           | Saved: '/Users/mohammedkalouti/Documents/Codex/2026-09-27/i/work/art/aircraft-final-production-v3/stage/assets/build/frames/unit.SA.gunship/beauty/damaged/d13_f02.png'
18:01.639  render           | Saved: '/Users/mohammedkalouti/Documents/Codex/2026-09-27/i/work/art/aircraft-final-production-v3/stage/assets/build/frames/unit.SA.gunship/team/damaged/d13_f02.png'
18:01.922  render           | Saved: '/var/folders/n4/43n_jxh10gg3s770b_8jbzb80000gn/T/fc-team-coverage-64wdgfol.png'
18:02.915  render           | Saved: '/Users/mohammedkalouti/Documents/Codex/2026-09-27/i/work/art/aircraft-final-production-v3/stage/assets/build/frames/unit.SA.gunship/shadow/damaged/d13_f02.png'
18:03.635  render           | Saved: '/Users/mohammedkalouti/Documents/Codex/2026-09-27/i/work/art/aircraft-final-production-v3/stage/assets/build/frames/unit.SA.gunship/beauty/damaged/d13_f03.png'
18:04.182  render           | Saved: '/Users/mohammedkalouti/Documents/Codex/2026-09-27/i/work/art/aircraft-final-production-v3/stage/assets/build/frames/unit.SA.gunship/team/damaged/d13_f03.png'
18:04.500  render           | Saved: '/var/folders/n4/43n_jxh10gg3s770b_8jbzb80000gn/T/fc-team-coverage-qf58s4qg.png'
18:05.449  render           | Saved: '/Users/mohammedkalouti/Documents/Codex/2026-09-27/i/work/art/aircraft-final-production-v3/stage/assets/build/frames/unit.SA.gunship/shadow/damaged/d13_f03.png'
18:06.151  render           | Saved: '/Users/mohammedkalouti/Documents/Codex/2026-09-27/i/work/art/aircraft-final-production-v3/stage/assets/build/frames/unit.SA.gunship/beauty/damaged/d14_f00.png'
18:06.685  render           | Saved: '/Users/mohammedkalouti/Documents/Codex/2026-09-27/i/work/art/aircraft-final-production-v3/stage/assets/build/frames/unit.SA.gunship/team/damaged/d14_f00.png'
18:06.994  render           | Saved: '/var/folders/n4/43n_jxh10gg3s770b_8jbzb80000gn/T/fc-team-coverage-ucxm820b.png'
18:07.963  render           | Saved: '/Users/mohammedkalouti/Documents/Codex/2026-09-27/i/work/art/aircraft-final-production-v3/stage/assets/build/frames/unit.SA.gunship/shadow/damaged/d14_f00.png'
18:08.665  render           | Saved: '/Users/mohammedkalouti/Documents/Codex/2026-09-27/i/work/art/aircraft-final-production-v3/stage/assets/build/frames/unit.SA.gunship/beauty/damaged/d14_f01.png'
18:09.206  render           | Saved: '/Users/mohammedkalouti/Documents/Codex/2026-09-27/i/work/art/aircraft-final-production-v3/stage/assets/build/frames/unit.SA.gunship/team/damaged/d14_f01.png'
18:09.497  render           | Saved: '/var/folders/n4/43n_jxh10gg3s770b_8jbzb80000gn/T/fc-team-coverage-dodki88v.png'
18:10.425  render           | Saved: '/Users/mohammedkalouti/Documents/Codex/2026-09-27/i/work/art/aircraft-final-production-v3/stage/assets/build/frames/unit.SA.gunship/shadow/damaged/d14_f01.png'
18:11.111  render           | Saved: '/Users/mohammedkalouti/Documents/Codex/2026-09-27/i/work/art/aircraft-final-production-v3/stage/assets/build/frames/unit.SA.gunship/beauty/damaged/d14_f02.png'
18:11.620  render           | Saved: '/Users/mohammedkalouti/Documents/Codex/2026-09-27/i/work/art/aircraft-final-production-v3/stage/assets/build/frames/unit.SA.gunship/team/damaged/d14_f02.png'
18:11.897  render           | Saved: '/var/folders/n4/43n_jxh10gg3s770b_8jbzb80000gn/T/fc-team-coverage-fd9j0bs5.png'
18:13.017  render           | Saved: '/Users/mohammedkalouti/Documents/Codex/2026-09-27/i/work/art/aircraft-final-production-v3/stage/assets/build/frames/unit.SA.gunship/shadow/damaged/d14_f02.png'
18:13.804  render           | Saved: '/Users/mohammedkalouti/Documents/Codex/2026-09-27/i/work/art/aircraft-final-production-v3/stage/assets/build/frames/unit.SA.gunship/beauty/damaged/d14_f03.png'
18:14.334  render           | Saved: '/Users/mohammedkalouti/Documents/Codex/2026-09-27/i/work/art/aircraft-final-production-v3/stage/assets/build/frames/unit.SA.gunship/team/damaged/d14_f03.png'
18:14.622  render           | Saved: '/var/folders/n4/43n_jxh10gg3s770b_8jbzb80000gn/T/fc-team-coverage-ki1y95n4.png'
18:15.587  render           | Saved: '/Users/mohammedkalouti/Documents/Codex/2026-09-27/i/work/art/aircraft-final-production-v3/stage/assets/build/frames/unit.SA.gunship/shadow/damaged/d14_f03.png'
18:16.326  render           | Saved: '/Users/mohammedkalouti/Documents/Codex/2026-09-27/i/work/art/aircraft-final-production-v3/stage/assets/build/frames/unit.SA.gunship/beauty/damaged/d15_f00.png'
18:16.880  render           | Saved: '/Users/mohammedkalouti/Documents/Codex/2026-09-27/i/work/art/aircraft-final-production-v3/stage/assets/build/frames/unit.SA.gunship/team/damaged/d15_f00.png'
18:17.164  render           | Saved: '/var/folders/n4/43n_jxh10gg3s770b_8jbzb80000gn/T/fc-team-coverage-k51sq37a.png'
18:18.227  render           | Saved: '/Users/mohammedkalouti/Documents/Codex/2026-09-27/i/work/art/aircraft-final-production-v3/stage/assets/build/frames/unit.SA.gunship/shadow/damaged/d15_f00.png'
18:18.981  render           | Saved: '/Users/mohammedkalouti/Documents/Codex/2026-09-27/i/work/art/aircraft-final-production-v3/stage/assets/build/frames/unit.SA.gunship/beauty/damaged/d15_f01.png'
18:19.546  render           | Saved: '/Users/mohammedkalouti/Documents/Codex/2026-09-27/i/work/art/aircraft-final-production-v3/stage/assets/build/frames/unit.SA.gunship/team/damaged/d15_f01.png'
18:19.840  render           | Saved: '/var/folders/n4/43n_jxh10gg3s770b_8jbzb80000gn/T/fc-team-coverage-jjgepfxt.png'
18:20.863  render           | Saved: '/Users/mohammedkalouti/Documents/Codex/2026-09-27/i/work/art/aircraft-final-production-v3/stage/assets/build/frames/unit.SA.gunship/shadow/damaged/d15_f01.png'
18:21.638  render           | Saved: '/Users/mohammedkalouti/Documents/Codex/2026-09-27/i/work/art/aircraft-final-production-v3/stage/assets/build/frames/unit.SA.gunship/beauty/damaged/d15_f02.png'
18:22.175  render           | Saved: '/Users/mohammedkalouti/Documents/Codex/2026-09-27/i/work/art/aircraft-final-production-v3/stage/assets/build/frames/unit.SA.gunship/team/damaged/d15_f02.png'
18:22.450  render           | Saved: '/var/folders/n4/43n_jxh10gg3s770b_8jbzb80000gn/T/fc-team-coverage-h9nl8uua.png'
18:23.407  render           | Saved: '/Users/mohammedkalouti/Documents/Codex/2026-09-27/i/work/art/aircraft-final-production-v3/stage/assets/build/frames/unit.SA.gunship/shadow/damaged/d15_f02.png'
18:24.124  render           | Saved: '/Users/mohammedkalouti/Documents/Codex/2026-09-27/i/work/art/aircraft-final-production-v3/stage/assets/build/frames/unit.SA.gunship/beauty/damaged/d15_f03.png'
18:24.657  render           | Saved: '/Users/mohammedkalouti/Documents/Codex/2026-09-27/i/work/art/aircraft-final-production-v3/stage/assets/build/frames/unit.SA.gunship/team/damaged/d15_f03.png'
18:24.953  render           | Saved: '/var/folders/n4/43n_jxh10gg3s770b_8jbzb80000gn/T/fc-team-coverage-k6cr4oyo.png'
18:25.889  render           | Saved: '/Users/mohammedkalouti/Documents/Codex/2026-09-27/i/work/art/aircraft-final-production-v3/stage/assets/build/frames/unit.SA.gunship/shadow/damaged/d15_f03.png'
18:26.545  render           | Saved: '/Users/mohammedkalouti/Documents/Codex/2026-09-27/i/work/art/aircraft-final-production-v3/stage/assets/build/frames/unit.SA.gunship/beauty/crash/d00_f00.png'
18:27.427  render           | Saved: '/Users/mohammedkalouti/Documents/Codex/2026-09-27/i/work/art/aircraft-final-production-v3/stage/assets/build/frames/unit.SA.gunship/shadow/crash/d00_f00.png'
18:28.038  render           | Saved: '/Users/mohammedkalouti/Documents/Codex/2026-09-27/i/work/art/aircraft-final-production-v3/stage/assets/build/frames/unit.SA.gunship/beauty/crash/d00_f01.png'
18:28.903  render           | Saved: '/Users/mohammedkalouti/Documents/Codex/2026-09-27/i/work/art/aircraft-final-production-v3/stage/assets/build/frames/unit.SA.gunship/shadow/crash/d00_f01.png'
18:29.501  render           | Saved: '/Users/mohammedkalouti/Documents/Codex/2026-09-27/i/work/art/aircraft-final-production-v3/stage/assets/build/frames/unit.SA.gunship/beauty/crash/d00_f02.png'
18:30.394  render           | Saved: '/Users/mohammedkalouti/Documents/Codex/2026-09-27/i/work/art/aircraft-final-production-v3/stage/assets/build/frames/unit.SA.gunship/shadow/crash/d00_f02.png'
18:30.996  render           | Saved: '/Users/mohammedkalouti/Documents/Codex/2026-09-27/i/work/art/aircraft-final-production-v3/stage/assets/build/frames/unit.SA.gunship/beauty/crash/d00_f03.png'
18:31.863  render           | Saved: '/Users/mohammedkalouti/Documents/Codex/2026-09-27/i/work/art/aircraft-final-production-v3/stage/assets/build/frames/unit.SA.gunship/shadow/crash/d00_f03.png'
18:32.445  render           | Saved: '/Users/mohammedkalouti/Documents/Codex/2026-09-27/i/work/art/aircraft-final-production-v3/stage/assets/build/frames/unit.SA.gunship/beauty/crash/d00_f04.png'
18:33.318  render           | Saved: '/Users/mohammedkalouti/Documents/Codex/2026-09-27/i/work/art/aircraft-final-production-v3/stage/assets/build/frames/unit.SA.gunship/shadow/crash/d00_f04.png'
18:33.923  render           | Saved: '/Users/mohammedkalouti/Documents/Codex/2026-09-27/i/work/art/aircraft-final-production-v3/stage/assets/build/frames/unit.SA.gunship/beauty/crash/d00_f05.png'
18:34.789  render           | Saved: '/Users/mohammedkalouti/Documents/Codex/2026-09-27/i/work/art/aircraft-final-production-v3/stage/assets/build/frames/unit.SA.gunship/shadow/crash/d00_f05.png'
18:35.388  render           | Saved: '/Users/mohammedkalouti/Documents/Codex/2026-09-27/i/work/art/aircraft-final-production-v3/stage/assets/build/frames/unit.SA.gunship/beauty/crash/d01_f00.png'
18:36.236  render           | Saved: '/Users/mohammedkalouti/Documents/Codex/2026-09-27/i/work/art/aircraft-final-production-v3/stage/assets/build/frames/unit.SA.gunship/shadow/crash/d01_f00.png'
18:36.820  render           | Saved: '/Users/mohammedkalouti/Documents/Codex/2026-09-27/i/work/art/aircraft-final-production-v3/stage/assets/build/frames/unit.SA.gunship/beauty/crash/d01_f01.png'
18:37.680  render           | Saved: '/Users/mohammedkalouti/Documents/Codex/2026-09-27/i/work/art/aircraft-final-production-v3/stage/assets/build/frames/unit.SA.gunship/shadow/crash/d01_f01.png'
18:38.276  render           | Saved: '/Users/mohammedkalouti/Documents/Codex/2026-09-27/i/work/art/aircraft-final-production-v3/stage/assets/build/frames/unit.SA.gunship/beauty/crash/d01_f02.png'
18:39.148  render           | Saved: '/Users/mohammedkalouti/Documents/Codex/2026-09-27/i/work/art/aircraft-final-production-v3/stage/assets/build/frames/unit.SA.gunship/shadow/crash/d01_f02.png'
18:39.743  render           | Saved: '/Users/mohammedkalouti/Documents/Codex/2026-09-27/i/work/art/aircraft-final-production-v3/stage/assets/build/frames/unit.SA.gunship/beauty/crash/d01_f03.png'
18:40.615  render           | Saved: '/Users/mohammedkalouti/Documents/Codex/2026-09-27/i/work/art/aircraft-final-production-v3/stage/assets/build/frames/unit.SA.gunship/shadow/crash/d01_f03.png'
18:41.215  render           | Saved: '/Users/mohammedkalouti/Documents/Codex/2026-09-27/i/work/art/aircraft-final-production-v3/stage/assets/build/frames/unit.SA.gunship/beauty/crash/d01_f04.png'
18:42.077  render           | Saved: '/Users/mohammedkalouti/Documents/Codex/2026-09-27/i/work/art/aircraft-final-production-v3/stage/assets/build/frames/unit.SA.gunship/shadow/crash/d01_f04.png'
18:42.678  render           | Saved: '/Users/mohammedkalouti/Documents/Codex/2026-09-27/i/work/art/aircraft-final-production-v3/stage/assets/build/frames/unit.SA.gunship/beauty/crash/d01_f05.png'
18:43.542  render           | Saved: '/Users/mohammedkalouti/Documents/Codex/2026-09-27/i/work/art/aircraft-final-production-v3/stage/assets/build/frames/unit.SA.gunship/shadow/crash/d01_f05.png'
18:44.133  render           | Saved: '/Users/mohammedkalouti/Documents/Codex/2026-09-27/i/work/art/aircraft-final-production-v3/stage/assets/build/frames/unit.SA.gunship/beauty/crash/d02_f00.png'
18:44.981  render           | Saved: '/Users/mohammedkalouti/Documents/Codex/2026-09-27/i/work/art/aircraft-final-production-v3/stage/assets/build/frames/unit.SA.gunship/shadow/crash/d02_f00.png'
18:45.564  render           | Saved: '/Users/mohammedkalouti/Documents/Codex/2026-09-27/i/work/art/aircraft-final-production-v3/stage/assets/build/frames/unit.SA.gunship/beauty/crash/d02_f01.png'
18:46.424  render           | Saved: '/Users/mohammedkalouti/Documents/Codex/2026-09-27/i/work/art/aircraft-final-production-v3/stage/assets/build/frames/unit.SA.gunship/shadow/crash/d02_f01.png'
18:47.029  render           | Saved: '/Users/mohammedkalouti/Documents/Codex/2026-09-27/i/work/art/aircraft-final-production-v3/stage/assets/build/frames/unit.SA.gunship/beauty/crash/d02_f02.png'
18:47.856  render           | Saved: '/Users/mohammedkalouti/Documents/Codex/2026-09-27/i/work/art/aircraft-final-production-v3/stage/assets/build/frames/unit.SA.gunship/shadow/crash/d02_f02.png'
18:48.440  render           | Saved: '/Users/mohammedkalouti/Documents/Codex/2026-09-27/i/work/art/aircraft-final-production-v3/stage/assets/build/frames/unit.SA.gunship/beauty/crash/d02_f03.png'
18:49.290  render           | Saved: '/Users/mohammedkalouti/Documents/Codex/2026-09-27/i/work/art/aircraft-final-production-v3/stage/assets/build/frames/unit.SA.gunship/shadow/crash/d02_f03.png'
18:49.875  render           | Saved: '/Users/mohammedkalouti/Documents/Codex/2026-09-27/i/work/art/aircraft-final-production-v3/stage/assets/build/frames/unit.SA.gunship/beauty/crash/d02_f04.png'
18:50.729  render           | Saved: '/Users/mohammedkalouti/Documents/Codex/2026-09-27/i/work/art/aircraft-final-production-v3/stage/assets/build/frames/unit.SA.gunship/shadow/crash/d02_f04.png'
18:51.306  render           | Saved: '/Users/mohammedkalouti/Documents/Codex/2026-09-27/i/work/art/aircraft-final-production-v3/stage/assets/build/frames/unit.SA.gunship/beauty/crash/d02_f05.png'
18:52.190  render           | Saved: '/Users/mohammedkalouti/Documents/Codex/2026-09-27/i/work/art/aircraft-final-production-v3/stage/assets/build/frames/unit.SA.gunship/shadow/crash/d02_f05.png'
18:52.777  render           | Saved: '/Users/mohammedkalouti/Documents/Codex/2026-09-27/i/work/art/aircraft-final-production-v3/stage/assets/build/frames/unit.SA.gunship/beauty/crash/d03_f00.png'
18:53.638  render           | Saved: '/Users/mohammedkalouti/Documents/Codex/2026-09-27/i/work/art/aircraft-final-production-v3/stage/assets/build/frames/unit.SA.gunship/shadow/crash/d03_f00.png'
18:54.239  render           | Saved: '/Users/mohammedkalouti/Documents/Codex/2026-09-27/i/work/art/aircraft-final-production-v3/stage/assets/build/frames/unit.SA.gunship/beauty/crash/d03_f01.png'
18:55.087  render           | Saved: '/Users/mohammedkalouti/Documents/Codex/2026-09-27/i/work/art/aircraft-final-production-v3/stage/assets/build/frames/unit.SA.gunship/shadow/crash/d03_f01.png'
18:55.702  render           | Saved: '/Users/mohammedkalouti/Documents/Codex/2026-09-27/i/work/art/aircraft-final-production-v3/stage/assets/build/frames/unit.SA.gunship/beauty/crash/d03_f02.png'
18:56.564  render           | Saved: '/Users/mohammedkalouti/Documents/Codex/2026-09-27/i/work/art/aircraft-final-production-v3/stage/assets/build/frames/unit.SA.gunship/shadow/crash/d03_f02.png'
18:57.149  render           | Saved: '/Users/mohammedkalouti/Documents/Codex/2026-09-27/i/work/art/aircraft-final-production-v3/stage/assets/build/frames/unit.SA.gunship/beauty/crash/d03_f03.png'
18:58.018  render           | Saved: '/Users/mohammedkalouti/Documents/Codex/2026-09-27/i/work/art/aircraft-final-production-v3/stage/assets/build/frames/unit.SA.gunship/shadow/crash/d03_f03.png'
18:58.611  render           | Saved: '/Users/mohammedkalouti/Documents/Codex/2026-09-27/i/work/art/aircraft-final-production-v3/stage/assets/build/frames/unit.SA.gunship/beauty/crash/d03_f04.png'
18:59.462  render           | Saved: '/Users/mohammedkalouti/Documents/Codex/2026-09-27/i/work/art/aircraft-final-production-v3/stage/assets/build/frames/unit.SA.gunship/shadow/crash/d03_f04.png'
19:00.056  render           | Saved: '/Users/mohammedkalouti/Documents/Codex/2026-09-27/i/work/art/aircraft-final-production-v3/stage/assets/build/frames/unit.SA.gunship/beauty/crash/d03_f05.png'
19:00.929  render           | Saved: '/Users/mohammedkalouti/Documents/Codex/2026-09-27/i/work/art/aircraft-final-production-v3/stage/assets/build/frames/unit.SA.gunship/shadow/crash/d03_f05.png'
19:01.517  render           | Saved: '/Users/mohammedkalouti/Documents/Codex/2026-09-27/i/work/art/aircraft-final-production-v3/stage/assets/build/frames/unit.SA.gunship/beauty/crash/d04_f00.png'
19:02.373  render           | Saved: '/Users/mohammedkalouti/Documents/Codex/2026-09-27/i/work/art/aircraft-final-production-v3/stage/assets/build/frames/unit.SA.gunship/shadow/crash/d04_f00.png'
19:02.962  render           | Saved: '/Users/mohammedkalouti/Documents/Codex/2026-09-27/i/work/art/aircraft-final-production-v3/stage/assets/build/frames/unit.SA.gunship/beauty/crash/d04_f01.png'
19:03.827  render           | Saved: '/Users/mohammedkalouti/Documents/Codex/2026-09-27/i/work/art/aircraft-final-production-v3/stage/assets/build/frames/unit.SA.gunship/shadow/crash/d04_f01.png'
19:04.420  render           | Saved: '/Users/mohammedkalouti/Documents/Codex/2026-09-27/i/work/art/aircraft-final-production-v3/stage/assets/build/frames/unit.SA.gunship/beauty/crash/d04_f02.png'
19:05.280  render           | Saved: '/Users/mohammedkalouti/Documents/Codex/2026-09-27/i/work/art/aircraft-final-production-v3/stage/assets/build/frames/unit.SA.gunship/shadow/crash/d04_f02.png'
19:05.865  render           | Saved: '/Users/mohammedkalouti/Documents/Codex/2026-09-27/i/work/art/aircraft-final-production-v3/stage/assets/build/frames/unit.SA.gunship/beauty/crash/d04_f03.png'
19:06.725  render           | Saved: '/Users/mohammedkalouti/Documents/Codex/2026-09-27/i/work/art/aircraft-final-production-v3/stage/assets/build/frames/unit.SA.gunship/shadow/crash/d04_f03.png'
19:07.314  render           | Saved: '/Users/mohammedkalouti/Documents/Codex/2026-09-27/i/work/art/aircraft-final-production-v3/stage/assets/build/frames/unit.SA.gunship/beauty/crash/d04_f04.png'
19:08.182  render           | Saved: '/Users/mohammedkalouti/Documents/Codex/2026-09-27/i/work/art/aircraft-final-production-v3/stage/assets/build/frames/unit.SA.gunship/shadow/crash/d04_f04.png'
19:08.771  render           | Saved: '/Users/mohammedkalouti/Documents/Codex/2026-09-27/i/work/art/aircraft-final-production-v3/stage/assets/build/frames/unit.SA.gunship/beauty/crash/d04_f05.png'
19:09.627  render           | Saved: '/Users/mohammedkalouti/Documents/Codex/2026-09-27/i/work/art/aircraft-final-production-v3/stage/assets/build/frames/unit.SA.gunship/shadow/crash/d04_f05.png'
19:10.226  render           | Saved: '/Users/mohammedkalouti/Documents/Codex/2026-09-27/i/work/art/aircraft-final-production-v3/stage/assets/build/frames/unit.SA.gunship/beauty/crash/d05_f00.png'
19:11.082  render           | Saved: '/Users/mohammedkalouti/Documents/Codex/2026-09-27/i/work/art/aircraft-final-production-v3/stage/assets/build/frames/unit.SA.gunship/shadow/crash/d05_f00.png'
19:11.689  render           | Saved: '/Users/mohammedkalouti/Documents/Codex/2026-09-27/i/work/art/aircraft-final-production-v3/stage/assets/build/frames/unit.SA.gunship/beauty/crash/d05_f01.png'
19:12.544  render           | Saved: '/Users/mohammedkalouti/Documents/Codex/2026-09-27/i/work/art/aircraft-final-production-v3/stage/assets/build/frames/unit.SA.gunship/shadow/crash/d05_f01.png'
19:13.125  render           | Saved: '/Users/mohammedkalouti/Documents/Codex/2026-09-27/i/work/art/aircraft-final-production-v3/stage/assets/build/frames/unit.SA.gunship/beauty/crash/d05_f02.png'
19:13.979  render           | Saved: '/Users/mohammedkalouti/Documents/Codex/2026-09-27/i/work/art/aircraft-final-production-v3/stage/assets/build/frames/unit.SA.gunship/shadow/crash/d05_f02.png'
19:14.577  render           | Saved: '/Users/mohammedkalouti/Documents/Codex/2026-09-27/i/work/art/aircraft-final-production-v3/stage/assets/build/frames/unit.SA.gunship/beauty/crash/d05_f03.png'
19:15.447  render           | Saved: '/Users/mohammedkalouti/Documents/Codex/2026-09-27/i/work/art/aircraft-final-production-v3/stage/assets/build/frames/unit.SA.gunship/shadow/crash/d05_f03.png'
19:16.047  render           | Saved: '/Users/mohammedkalouti/Documents/Codex/2026-09-27/i/work/art/aircraft-final-production-v3/stage/assets/build/frames/unit.SA.gunship/beauty/crash/d05_f04.png'
19:16.907  render           | Saved: '/Users/mohammedkalouti/Documents/Codex/2026-09-27/i/work/art/aircraft-final-production-v3/stage/assets/build/frames/unit.SA.gunship/shadow/crash/d05_f04.png'
19:17.507  render           | Saved: '/Users/mohammedkalouti/Documents/Codex/2026-09-27/i/work/art/aircraft-final-production-v3/stage/assets/build/frames/unit.SA.gunship/beauty/crash/d05_f05.png'
19:18.376  render           | Saved: '/Users/mohammedkalouti/Documents/Codex/2026-09-27/i/work/art/aircraft-final-production-v3/stage/assets/build/frames/unit.SA.gunship/shadow/crash/d05_f05.png'
19:18.973  render           | Saved: '/Users/mohammedkalouti/Documents/Codex/2026-09-27/i/work/art/aircraft-final-production-v3/stage/assets/build/frames/unit.SA.gunship/beauty/crash/d06_f00.png'
19:19.832  render           | Saved: '/Users/mohammedkalouti/Documents/Codex/2026-09-27/i/work/art/aircraft-final-production-v3/stage/assets/build/frames/unit.SA.gunship/shadow/crash/d06_f00.png'
19:20.419  render           | Saved: '/Users/mohammedkalouti/Documents/Codex/2026-09-27/i/work/art/aircraft-final-production-v3/stage/assets/build/frames/unit.SA.gunship/beauty/crash/d06_f01.png'
19:21.279  render           | Saved: '/Users/mohammedkalouti/Documents/Codex/2026-09-27/i/work/art/aircraft-final-production-v3/stage/assets/build/frames/unit.SA.gunship/shadow/crash/d06_f01.png'
19:21.900  render           | Saved: '/Users/mohammedkalouti/Documents/Codex/2026-09-27/i/work/art/aircraft-final-production-v3/stage/assets/build/frames/unit.SA.gunship/beauty/crash/d06_f02.png'
19:22.757  render           | Saved: '/Users/mohammedkalouti/Documents/Codex/2026-09-27/i/work/art/aircraft-final-production-v3/stage/assets/build/frames/unit.SA.gunship/shadow/crash/d06_f02.png'
19:23.341  render           | Saved: '/Users/mohammedkalouti/Documents/Codex/2026-09-27/i/work/art/aircraft-final-production-v3/stage/assets/build/frames/unit.SA.gunship/beauty/crash/d06_f03.png'
19:24.212  render           | Saved: '/Users/mohammedkalouti/Documents/Codex/2026-09-27/i/work/art/aircraft-final-production-v3/stage/assets/build/frames/unit.SA.gunship/shadow/crash/d06_f03.png'
19:24.795  render           | Saved: '/Users/mohammedkalouti/Documents/Codex/2026-09-27/i/work/art/aircraft-final-production-v3/stage/assets/build/frames/unit.SA.gunship/beauty/crash/d06_f04.png'
19:25.655  render           | Saved: '/Users/mohammedkalouti/Documents/Codex/2026-09-27/i/work/art/aircraft-final-production-v3/stage/assets/build/frames/unit.SA.gunship/shadow/crash/d06_f04.png'
19:26.242  render           | Saved: '/Users/mohammedkalouti/Documents/Codex/2026-09-27/i/work/art/aircraft-final-production-v3/stage/assets/build/frames/unit.SA.gunship/beauty/crash/d06_f05.png'
19:27.088  render           | Saved: '/Users/mohammedkalouti/Documents/Codex/2026-09-27/i/work/art/aircraft-final-production-v3/stage/assets/build/frames/unit.SA.gunship/shadow/crash/d06_f05.png'
19:27.683  render           | Saved: '/Users/mohammedkalouti/Documents/Codex/2026-09-27/i/work/art/aircraft-final-production-v3/stage/assets/build/frames/unit.SA.gunship/beauty/crash/d07_f00.png'
19:28.556  render           | Saved: '/Users/mohammedkalouti/Documents/Codex/2026-09-27/i/work/art/aircraft-final-production-v3/stage/assets/build/frames/unit.SA.gunship/shadow/crash/d07_f00.png'
19:29.151  render           | Saved: '/Users/mohammedkalouti/Documents/Codex/2026-09-27/i/work/art/aircraft-final-production-v3/stage/assets/build/frames/unit.SA.gunship/beauty/crash/d07_f01.png'
19:29.993  render           | Saved: '/Users/mohammedkalouti/Documents/Codex/2026-09-27/i/work/art/aircraft-final-production-v3/stage/assets/build/frames/unit.SA.gunship/shadow/crash/d07_f01.png'
19:30.604  render           | Saved: '/Users/mohammedkalouti/Documents/Codex/2026-09-27/i/work/art/aircraft-final-production-v3/stage/assets/build/frames/unit.SA.gunship/beauty/crash/d07_f02.png'
19:31.475  render           | Saved: '/Users/mohammedkalouti/Documents/Codex/2026-09-27/i/work/art/aircraft-final-production-v3/stage/assets/build/frames/unit.SA.gunship/shadow/crash/d07_f02.png'
19:32.075  render           | Saved: '/Users/mohammedkalouti/Documents/Codex/2026-09-27/i/work/art/aircraft-final-production-v3/stage/assets/build/frames/unit.SA.gunship/beauty/crash/d07_f03.png'
19:32.953  render           | Saved: '/Users/mohammedkalouti/Documents/Codex/2026-09-27/i/work/art/aircraft-final-production-v3/stage/assets/build/frames/unit.SA.gunship/shadow/crash/d07_f03.png'
19:33.558  render           | Saved: '/Users/mohammedkalouti/Documents/Codex/2026-09-27/i/work/art/aircraft-final-production-v3/stage/assets/build/frames/unit.SA.gunship/beauty/crash/d07_f04.png'
19:34.419  render           | Saved: '/Users/mohammedkalouti/Documents/Codex/2026-09-27/i/work/art/aircraft-final-production-v3/stage/assets/build/frames/unit.SA.gunship/shadow/crash/d07_f04.png'
19:34.991  render           | Saved: '/Users/mohammedkalouti/Documents/Codex/2026-09-27/i/work/art/aircraft-final-production-v3/stage/assets/build/frames/unit.SA.gunship/beauty/crash/d07_f05.png'
19:35.848  render           | Saved: '/Users/mohammedkalouti/Documents/Codex/2026-09-27/i/work/art/aircraft-final-production-v3/stage/assets/build/frames/unit.SA.gunship/shadow/crash/d07_f05.png'
19:36.450  render           | Saved: '/Users/mohammedkalouti/Documents/Codex/2026-09-27/i/work/art/aircraft-final-production-v3/stage/assets/build/frames/unit.SA.gunship/beauty/crash/d08_f00.png'
19:37.296  render           | Saved: '/Users/mohammedkalouti/Documents/Codex/2026-09-27/i/work/art/aircraft-final-production-v3/stage/assets/build/frames/unit.SA.gunship/shadow/crash/d08_f00.png'
19:37.889  render           | Saved: '/Users/mohammedkalouti/Documents/Codex/2026-09-27/i/work/art/aircraft-final-production-v3/stage/assets/build/frames/unit.SA.gunship/beauty/crash/d08_f01.png'
19:38.750  render           | Saved: '/Users/mohammedkalouti/Documents/Codex/2026-09-27/i/work/art/aircraft-final-production-v3/stage/assets/build/frames/unit.SA.gunship/shadow/crash/d08_f01.png'
19:39.351  render           | Saved: '/Users/mohammedkalouti/Documents/Codex/2026-09-27/i/work/art/aircraft-final-production-v3/stage/assets/build/frames/unit.SA.gunship/beauty/crash/d08_f02.png'
19:40.197  render           | Saved: '/Users/mohammedkalouti/Documents/Codex/2026-09-27/i/work/art/aircraft-final-production-v3/stage/assets/build/frames/unit.SA.gunship/shadow/crash/d08_f02.png'
19:40.805  render           | Saved: '/Users/mohammedkalouti/Documents/Codex/2026-09-27/i/work/art/aircraft-final-production-v3/stage/assets/build/frames/unit.SA.gunship/beauty/crash/d08_f03.png'
19:41.651  render           | Saved: '/Users/mohammedkalouti/Documents/Codex/2026-09-27/i/work/art/aircraft-final-production-v3/stage/assets/build/frames/unit.SA.gunship/shadow/crash/d08_f03.png'
19:42.261  render           | Saved: '/Users/mohammedkalouti/Documents/Codex/2026-09-27/i/work/art/aircraft-final-production-v3/stage/assets/build/frames/unit.SA.gunship/beauty/crash/d08_f04.png'
19:43.137  render           | Saved: '/Users/mohammedkalouti/Documents/Codex/2026-09-27/i/work/art/aircraft-final-production-v3/stage/assets/build/frames/unit.SA.gunship/shadow/crash/d08_f04.png'
19:43.732  render           | Saved: '/Users/mohammedkalouti/Documents/Codex/2026-09-27/i/work/art/aircraft-final-production-v3/stage/assets/build/frames/unit.SA.gunship/beauty/crash/d08_f05.png'
19:44.601  render           | Saved: '/Users/mohammedkalouti/Documents/Codex/2026-09-27/i/work/art/aircraft-final-production-v3/stage/assets/build/frames/unit.SA.gunship/shadow/crash/d08_f05.png'
19:45.198  render           | Saved: '/Users/mohammedkalouti/Documents/Codex/2026-09-27/i/work/art/aircraft-final-production-v3/stage/assets/build/frames/unit.SA.gunship/beauty/crash/d09_f00.png'
19:46.048  render           | Saved: '/Users/mohammedkalouti/Documents/Codex/2026-09-27/i/work/art/aircraft-final-production-v3/stage/assets/build/frames/unit.SA.gunship/shadow/crash/d09_f00.png'
19:46.666  render           | Saved: '/Users/mohammedkalouti/Documents/Codex/2026-09-27/i/work/art/aircraft-final-production-v3/stage/assets/build/frames/unit.SA.gunship/beauty/crash/d09_f01.png'
19:47.528  render           | Saved: '/Users/mohammedkalouti/Documents/Codex/2026-09-27/i/work/art/aircraft-final-production-v3/stage/assets/build/frames/unit.SA.gunship/shadow/crash/d09_f01.png'
19:48.102  render           | Saved: '/Users/mohammedkalouti/Documents/Codex/2026-09-27/i/work/art/aircraft-final-production-v3/stage/assets/build/frames/unit.SA.gunship/beauty/crash/d09_f02.png'
19:48.960  render           | Saved: '/Users/mohammedkalouti/Documents/Codex/2026-09-27/i/work/art/aircraft-final-production-v3/stage/assets/build/frames/unit.SA.gunship/shadow/crash/d09_f02.png'
19:49.538  render           | Saved: '/Users/mohammedkalouti/Documents/Codex/2026-09-27/i/work/art/aircraft-final-production-v3/stage/assets/build/frames/unit.SA.gunship/beauty/crash/d09_f03.png'
19:50.387  render           | Saved: '/Users/mohammedkalouti/Documents/Codex/2026-09-27/i/work/art/aircraft-final-production-v3/stage/assets/build/frames/unit.SA.gunship/shadow/crash/d09_f03.png'
19:50.972  render           | Saved: '/Users/mohammedkalouti/Documents/Codex/2026-09-27/i/work/art/aircraft-final-production-v3/stage/assets/build/frames/unit.SA.gunship/beauty/crash/d09_f04.png'
19:51.804  render           | Saved: '/Users/mohammedkalouti/Documents/Codex/2026-09-27/i/work/art/aircraft-final-production-v3/stage/assets/build/frames/unit.SA.gunship/shadow/crash/d09_f04.png'
19:52.390  render           | Saved: '/Users/mohammedkalouti/Documents/Codex/2026-09-27/i/work/art/aircraft-final-production-v3/stage/assets/build/frames/unit.SA.gunship/beauty/crash/d09_f05.png'
19:53.253  render           | Saved: '/Users/mohammedkalouti/Documents/Codex/2026-09-27/i/work/art/aircraft-final-production-v3/stage/assets/build/frames/unit.SA.gunship/shadow/crash/d09_f05.png'
19:53.828  render           | Saved: '/Users/mohammedkalouti/Documents/Codex/2026-09-27/i/work/art/aircraft-final-production-v3/stage/assets/build/frames/unit.SA.gunship/beauty/crash/d10_f00.png'
19:54.667  render           | Saved: '/Users/mohammedkalouti/Documents/Codex/2026-09-27/i/work/art/aircraft-final-production-v3/stage/assets/build/frames/unit.SA.gunship/shadow/crash/d10_f00.png'
19:55.252  render           | Saved: '/Users/mohammedkalouti/Documents/Codex/2026-09-27/i/work/art/aircraft-final-production-v3/stage/assets/build/frames/unit.SA.gunship/beauty/crash/d10_f01.png'
19:56.104  render           | Saved: '/Users/mohammedkalouti/Documents/Codex/2026-09-27/i/work/art/aircraft-final-production-v3/stage/assets/build/frames/unit.SA.gunship/shadow/crash/d10_f01.png'
19:56.719  render           | Saved: '/Users/mohammedkalouti/Documents/Codex/2026-09-27/i/work/art/aircraft-final-production-v3/stage/assets/build/frames/unit.SA.gunship/beauty/crash/d10_f02.png'
19:57.575  render           | Saved: '/Users/mohammedkalouti/Documents/Codex/2026-09-27/i/work/art/aircraft-final-production-v3/stage/assets/build/frames/unit.SA.gunship/shadow/crash/d10_f02.png'
19:58.168  render           | Saved: '/Users/mohammedkalouti/Documents/Codex/2026-09-27/i/work/art/aircraft-final-production-v3/stage/assets/build/frames/unit.SA.gunship/beauty/crash/d10_f03.png'
19:59.033  render           | Saved: '/Users/mohammedkalouti/Documents/Codex/2026-09-27/i/work/art/aircraft-final-production-v3/stage/assets/build/frames/unit.SA.gunship/shadow/crash/d10_f03.png'
19:59.603  render           | Saved: '/Users/mohammedkalouti/Documents/Codex/2026-09-27/i/work/art/aircraft-final-production-v3/stage/assets/build/frames/unit.SA.gunship/beauty/crash/d10_f04.png'
20:00.522  render           | Saved: '/Users/mohammedkalouti/Documents/Codex/2026-09-27/i/work/art/aircraft-final-production-v3/stage/assets/build/frames/unit.SA.gunship/shadow/crash/d10_f04.png'
20:01.137  render           | Saved: '/Users/mohammedkalouti/Documents/Codex/2026-09-27/i/work/art/aircraft-final-production-v3/stage/assets/build/frames/unit.SA.gunship/beauty/crash/d10_f05.png'
20:02.004  render           | Saved: '/Users/mohammedkalouti/Documents/Codex/2026-09-27/i/work/art/aircraft-final-production-v3/stage/assets/build/frames/unit.SA.gunship/shadow/crash/d10_f05.png'
20:02.593  render           | Saved: '/Users/mohammedkalouti/Documents/Codex/2026-09-27/i/work/art/aircraft-final-production-v3/stage/assets/build/frames/unit.SA.gunship/beauty/crash/d11_f00.png'
20:03.447  render           | Saved: '/Users/mohammedkalouti/Documents/Codex/2026-09-27/i/work/art/aircraft-final-production-v3/stage/assets/build/frames/unit.SA.gunship/shadow/crash/d11_f00.png'
20:04.019  render           | Saved: '/Users/mohammedkalouti/Documents/Codex/2026-09-27/i/work/art/aircraft-final-production-v3/stage/assets/build/frames/unit.SA.gunship/beauty/crash/d11_f01.png'
20:04.884  render           | Saved: '/Users/mohammedkalouti/Documents/Codex/2026-09-27/i/work/art/aircraft-final-production-v3/stage/assets/build/frames/unit.SA.gunship/shadow/crash/d11_f01.png'
20:05.472  render           | Saved: '/Users/mohammedkalouti/Documents/Codex/2026-09-27/i/work/art/aircraft-final-production-v3/stage/assets/build/frames/unit.SA.gunship/beauty/crash/d11_f02.png'
20:06.378  render           | Saved: '/Users/mohammedkalouti/Documents/Codex/2026-09-27/i/work/art/aircraft-final-production-v3/stage/assets/build/frames/unit.SA.gunship/shadow/crash/d11_f02.png'
20:06.957  render           | Saved: '/Users/mohammedkalouti/Documents/Codex/2026-09-27/i/work/art/aircraft-final-production-v3/stage/assets/build/frames/unit.SA.gunship/beauty/crash/d11_f03.png'
20:07.807  render           | Saved: '/Users/mohammedkalouti/Documents/Codex/2026-09-27/i/work/art/aircraft-final-production-v3/stage/assets/build/frames/unit.SA.gunship/shadow/crash/d11_f03.png'
20:08.397  render           | Saved: '/Users/mohammedkalouti/Documents/Codex/2026-09-27/i/work/art/aircraft-final-production-v3/stage/assets/build/frames/unit.SA.gunship/beauty/crash/d11_f04.png'
20:09.254  render           | Saved: '/Users/mohammedkalouti/Documents/Codex/2026-09-27/i/work/art/aircraft-final-production-v3/stage/assets/build/frames/unit.SA.gunship/shadow/crash/d11_f04.png'
20:09.862  render           | Saved: '/Users/mohammedkalouti/Documents/Codex/2026-09-27/i/work/art/aircraft-final-production-v3/stage/assets/build/frames/unit.SA.gunship/beauty/crash/d11_f05.png'
20:10.720  render           | Saved: '/Users/mohammedkalouti/Documents/Codex/2026-09-27/i/work/art/aircraft-final-production-v3/stage/assets/build/frames/unit.SA.gunship/shadow/crash/d11_f05.png'
20:11.308  render           | Saved: '/Users/mohammedkalouti/Documents/Codex/2026-09-27/i/work/art/aircraft-final-production-v3/stage/assets/build/frames/unit.SA.gunship/beauty/crash/d12_f00.png'
20:12.322  render           | Saved: '/Users/mohammedkalouti/Documents/Codex/2026-09-27/i/work/art/aircraft-final-production-v3/stage/assets/build/frames/unit.SA.gunship/shadow/crash/d12_f00.png'
20:12.930  render           | Saved: '/Users/mohammedkalouti/Documents/Codex/2026-09-27/i/work/art/aircraft-final-production-v3/stage/assets/build/frames/unit.SA.gunship/beauty/crash/d12_f01.png'
20:13.790  render           | Saved: '/Users/mohammedkalouti/Documents/Codex/2026-09-27/i/work/art/aircraft-final-production-v3/stage/assets/build/frames/unit.SA.gunship/shadow/crash/d12_f01.png'
20:14.358  render           | Saved: '/Users/mohammedkalouti/Documents/Codex/2026-09-27/i/work/art/aircraft-final-production-v3/stage/assets/build/frames/unit.SA.gunship/beauty/crash/d12_f02.png'
20:15.212  render           | Saved: '/Users/mohammedkalouti/Documents/Codex/2026-09-27/i/work/art/aircraft-final-production-v3/stage/assets/build/frames/unit.SA.gunship/shadow/crash/d12_f02.png'
20:15.859  render           | Saved: '/Users/mohammedkalouti/Documents/Codex/2026-09-27/i/work/art/aircraft-final-production-v3/stage/assets/build/frames/unit.SA.gunship/beauty/crash/d12_f03.png'
20:16.957  render           | Saved: '/Users/mohammedkalouti/Documents/Codex/2026-09-27/i/work/art/aircraft-final-production-v3/stage/assets/build/frames/unit.SA.gunship/shadow/crash/d12_f03.png'
20:17.569  render           | Saved: '/Users/mohammedkalouti/Documents/Codex/2026-09-27/i/work/art/aircraft-final-production-v3/stage/assets/build/frames/unit.SA.gunship/beauty/crash/d12_f04.png'
20:18.546  render           | Saved: '/Users/mohammedkalouti/Documents/Codex/2026-09-27/i/work/art/aircraft-final-production-v3/stage/assets/build/frames/unit.SA.gunship/shadow/crash/d12_f04.png'
20:19.140  render           | Saved: '/Users/mohammedkalouti/Documents/Codex/2026-09-27/i/work/art/aircraft-final-production-v3/stage/assets/build/frames/unit.SA.gunship/beauty/crash/d12_f05.png'
20:20.010  render           | Saved: '/Users/mohammedkalouti/Documents/Codex/2026-09-27/i/work/art/aircraft-final-production-v3/stage/assets/build/frames/unit.SA.gunship/shadow/crash/d12_f05.png'
20:20.605  render           | Saved: '/Users/mohammedkalouti/Documents/Codex/2026-09-27/i/work/art/aircraft-final-production-v3/stage/assets/build/frames/unit.SA.gunship/beauty/crash/d13_f00.png'
20:21.526  render           | Saved: '/Users/mohammedkalouti/Documents/Codex/2026-09-27/i/work/art/aircraft-final-production-v3/stage/assets/build/frames/unit.SA.gunship/shadow/crash/d13_f00.png'
20:22.111  render           | Saved: '/Users/mohammedkalouti/Documents/Codex/2026-09-27/i/work/art/aircraft-final-production-v3/stage/assets/build/frames/unit.SA.gunship/beauty/crash/d13_f01.png'
20:22.998  render           | Saved: '/Users/mohammedkalouti/Documents/Codex/2026-09-27/i/work/art/aircraft-final-production-v3/stage/assets/build/frames/unit.SA.gunship/shadow/crash/d13_f01.png'
20:23.588  render           | Saved: '/Users/mohammedkalouti/Documents/Codex/2026-09-27/i/work/art/aircraft-final-production-v3/stage/assets/build/frames/unit.SA.gunship/beauty/crash/d13_f02.png'
20:24.474  render           | Saved: '/Users/mohammedkalouti/Documents/Codex/2026-09-27/i/work/art/aircraft-final-production-v3/stage/assets/build/frames/unit.SA.gunship/shadow/crash/d13_f02.png'
20:25.037  render           | Saved: '/Users/mohammedkalouti/Documents/Codex/2026-09-27/i/work/art/aircraft-final-production-v3/stage/assets/build/frames/unit.SA.gunship/beauty/crash/d13_f03.png'
20:25.886  render           | Saved: '/Users/mohammedkalouti/Documents/Codex/2026-09-27/i/work/art/aircraft-final-production-v3/stage/assets/build/frames/unit.SA.gunship/shadow/crash/d13_f03.png'
20:26.463  render           | Saved: '/Users/mohammedkalouti/Documents/Codex/2026-09-27/i/work/art/aircraft-final-production-v3/stage/assets/build/frames/unit.SA.gunship/beauty/crash/d13_f04.png'
20:27.332  render           | Saved: '/Users/mohammedkalouti/Documents/Codex/2026-09-27/i/work/art/aircraft-final-production-v3/stage/assets/build/frames/unit.SA.gunship/shadow/crash/d13_f04.png'
20:27.937  render           | Saved: '/Users/mohammedkalouti/Documents/Codex/2026-09-27/i/work/art/aircraft-final-production-v3/stage/assets/build/frames/unit.SA.gunship/beauty/crash/d13_f05.png'
20:28.815  render           | Saved: '/Users/mohammedkalouti/Documents/Codex/2026-09-27/i/work/art/aircraft-final-production-v3/stage/assets/build/frames/unit.SA.gunship/shadow/crash/d13_f05.png'
20:29.434  render           | Saved: '/Users/mohammedkalouti/Documents/Codex/2026-09-27/i/work/art/aircraft-final-production-v3/stage/assets/build/frames/unit.SA.gunship/beauty/crash/d14_f00.png'
20:30.300  render           | Saved: '/Users/mohammedkalouti/Documents/Codex/2026-09-27/i/work/art/aircraft-final-production-v3/stage/assets/build/frames/unit.SA.gunship/shadow/crash/d14_f00.png'
20:30.898  render           | Saved: '/Users/mohammedkalouti/Documents/Codex/2026-09-27/i/work/art/aircraft-final-production-v3/stage/assets/build/frames/unit.SA.gunship/beauty/crash/d14_f01.png'
20:31.833  render           | Saved: '/Users/mohammedkalouti/Documents/Codex/2026-09-27/i/work/art/aircraft-final-production-v3/stage/assets/build/frames/unit.SA.gunship/shadow/crash/d14_f01.png'
20:32.460  render           | Saved: '/Users/mohammedkalouti/Documents/Codex/2026-09-27/i/work/art/aircraft-final-production-v3/stage/assets/build/frames/unit.SA.gunship/beauty/crash/d14_f02.png'
20:33.344  render           | Saved: '/Users/mohammedkalouti/Documents/Codex/2026-09-27/i/work/art/aircraft-final-production-v3/stage/assets/build/frames/unit.SA.gunship/shadow/crash/d14_f02.png'
20:33.967  render           | Saved: '/Users/mohammedkalouti/Documents/Codex/2026-09-27/i/work/art/aircraft-final-production-v3/stage/assets/build/frames/unit.SA.gunship/beauty/crash/d14_f03.png'
20:34.836  render           | Saved: '/Users/mohammedkalouti/Documents/Codex/2026-09-27/i/work/art/aircraft-final-production-v3/stage/assets/build/frames/unit.SA.gunship/shadow/crash/d14_f03.png'
20:35.445  render           | Saved: '/Users/mohammedkalouti/Documents/Codex/2026-09-27/i/work/art/aircraft-final-production-v3/stage/assets/build/frames/unit.SA.gunship/beauty/crash/d14_f04.png'
20:36.313  render           | Saved: '/Users/mohammedkalouti/Documents/Codex/2026-09-27/i/work/art/aircraft-final-production-v3/stage/assets/build/frames/unit.SA.gunship/shadow/crash/d14_f04.png'
20:36.941  render           | Saved: '/Users/mohammedkalouti/Documents/Codex/2026-09-27/i/work/art/aircraft-final-production-v3/stage/assets/build/frames/unit.SA.gunship/beauty/crash/d14_f05.png'
20:37.815  render           | Saved: '/Users/mohammedkalouti/Documents/Codex/2026-09-27/i/work/art/aircraft-final-production-v3/stage/assets/build/frames/unit.SA.gunship/shadow/crash/d14_f05.png'
20:38.432  render           | Saved: '/Users/mohammedkalouti/Documents/Codex/2026-09-27/i/work/art/aircraft-final-production-v3/stage/assets/build/frames/unit.SA.gunship/beauty/crash/d15_f00.png'
20:39.306  render           | Saved: '/Users/mohammedkalouti/Documents/Codex/2026-09-27/i/work/art/aircraft-final-production-v3/stage/assets/build/frames/unit.SA.gunship/shadow/crash/d15_f00.png'
20:39.913  render           | Saved: '/Users/mohammedkalouti/Documents/Codex/2026-09-27/i/work/art/aircraft-final-production-v3/stage/assets/build/frames/unit.SA.gunship/beauty/crash/d15_f01.png'
20:40.761  render           | Saved: '/Users/mohammedkalouti/Documents/Codex/2026-09-27/i/work/art/aircraft-final-production-v3/stage/assets/build/frames/unit.SA.gunship/shadow/crash/d15_f01.png'
20:41.371  render           | Saved: '/Users/mohammedkalouti/Documents/Codex/2026-09-27/i/work/art/aircraft-final-production-v3/stage/assets/build/frames/unit.SA.gunship/beauty/crash/d15_f02.png'
20:42.214  render           | Saved: '/Users/mohammedkalouti/Documents/Codex/2026-09-27/i/work/art/aircraft-final-production-v3/stage/assets/build/frames/unit.SA.gunship/shadow/crash/d15_f02.png'
20:42.826  render           | Saved: '/Users/mohammedkalouti/Documents/Codex/2026-09-27/i/work/art/aircraft-final-production-v3/stage/assets/build/frames/unit.SA.gunship/beauty/crash/d15_f03.png'
20:43.674  render           | Saved: '/Users/mohammedkalouti/Documents/Codex/2026-09-27/i/work/art/aircraft-final-production-v3/stage/assets/build/frames/unit.SA.gunship/shadow/crash/d15_f03.png'
20:44.296  render           | Saved: '/Users/mohammedkalouti/Documents/Codex/2026-09-27/i/work/art/aircraft-final-production-v3/stage/assets/build/frames/unit.SA.gunship/beauty/crash/d15_f04.png'
20:45.134  render           | Saved: '/Users/mohammedkalouti/Documents/Codex/2026-09-27/i/work/art/aircraft-final-production-v3/stage/assets/build/frames/unit.SA.gunship/shadow/crash/d15_f04.png'
20:45.748  render           | Saved: '/Users/mohammedkalouti/Documents/Codex/2026-09-27/i/work/art/aircraft-final-production-v3/stage/assets/build/frames/unit.SA.gunship/beauty/crash/d15_f05.png'
20:46.610  render           | Saved: '/Users/mohammedkalouti/Documents/Codex/2026-09-27/i/work/art/aircraft-final-production-v3/stage/assets/build/frames/unit.SA.gunship/shadow/crash/d15_f05.png'
20:47.375  render           | Saved: '/Users/mohammedkalouti/Documents/Codex/2026-09-27/i/work/art/aircraft-final-production-v3/stage/assets/build/frames/unit.SA.gunship/beauty/rearm/d00_f00.png'
20:48.011  render           | Saved: '/Users/mohammedkalouti/Documents/Codex/2026-09-27/i/work/art/aircraft-final-production-v3/stage/assets/build/frames/unit.SA.gunship/team/rearm/d00_f00.png'
20:49.271  render           | Saved: '/Users/mohammedkalouti/Documents/Codex/2026-09-27/i/work/art/aircraft-final-production-v3/stage/assets/build/frames/unit.SA.gunship/shadow/rearm/d00_f00.png'
20:50.000  render           | Saved: '/Users/mohammedkalouti/Documents/Codex/2026-09-27/i/work/art/aircraft-final-production-v3/stage/assets/build/frames/unit.SA.gunship/beauty/rearm/d00_f01.png'
20:50.659  render           | Saved: '/Users/mohammedkalouti/Documents/Codex/2026-09-27/i/work/art/aircraft-final-production-v3/stage/assets/build/frames/unit.SA.gunship/team/rearm/d00_f01.png'
20:51.948  render           | Saved: '/Users/mohammedkalouti/Documents/Codex/2026-09-27/i/work/art/aircraft-final-production-v3/stage/assets/build/frames/unit.SA.gunship/shadow/rearm/d00_f01.png'
20:52.629  render           | Saved: '/Users/mohammedkalouti/Documents/Codex/2026-09-27/i/work/art/aircraft-final-production-v3/stage/assets/build/frames/unit.SA.gunship/beauty/rearm/d00_f02.png'
20:53.206  render           | Saved: '/Users/mohammedkalouti/Documents/Codex/2026-09-27/i/work/art/aircraft-final-production-v3/stage/assets/build/frames/unit.SA.gunship/team/rearm/d00_f02.png'
20:54.269  render           | Saved: '/Users/mohammedkalouti/Documents/Codex/2026-09-27/i/work/art/aircraft-final-production-v3/stage/assets/build/frames/unit.SA.gunship/shadow/rearm/d00_f02.png'
20:54.897  render           | Saved: '/Users/mohammedkalouti/Documents/Codex/2026-09-27/i/work/art/aircraft-final-production-v3/stage/assets/build/frames/unit.SA.gunship/beauty/rearm/d00_f03.png'
20:55.471  render           | Saved: '/Users/mohammedkalouti/Documents/Codex/2026-09-27/i/work/art/aircraft-final-production-v3/stage/assets/build/frames/unit.SA.gunship/team/rearm/d00_f03.png'
20:56.822  render           | Saved: '/Users/mohammedkalouti/Documents/Codex/2026-09-27/i/work/art/aircraft-final-production-v3/stage/assets/build/frames/unit.SA.gunship/shadow/rearm/d00_f03.png'
20:57.638  render           | Saved: '/Users/mohammedkalouti/Documents/Codex/2026-09-27/i/work/art/aircraft-final-production-v3/stage/assets/build/frames/unit.SA.gunship/beauty/rearm/d00_f04.png'
20:58.286  render           | Saved: '/Users/mohammedkalouti/Documents/Codex/2026-09-27/i/work/art/aircraft-final-production-v3/stage/assets/build/frames/unit.SA.gunship/team/rearm/d00_f04.png'
20:59.404  render           | Saved: '/Users/mohammedkalouti/Documents/Codex/2026-09-27/i/work/art/aircraft-final-production-v3/stage/assets/build/frames/unit.SA.gunship/shadow/rearm/d00_f04.png'
21:00.038  render           | Saved: '/Users/mohammedkalouti/Documents/Codex/2026-09-27/i/work/art/aircraft-final-production-v3/stage/assets/build/frames/unit.SA.gunship/beauty/rearm/d00_f05.png'
21:00.620  render           | Saved: '/Users/mohammedkalouti/Documents/Codex/2026-09-27/i/work/art/aircraft-final-production-v3/stage/assets/build/frames/unit.SA.gunship/team/rearm/d00_f05.png'
21:01.589  render           | Saved: '/Users/mohammedkalouti/Documents/Codex/2026-09-27/i/work/art/aircraft-final-production-v3/stage/assets/build/frames/unit.SA.gunship/shadow/rearm/d00_f05.png'
21:02.249  render           | Saved: '/Users/mohammedkalouti/Documents/Codex/2026-09-27/i/work/art/aircraft-final-production-v3/stage/assets/build/frames/unit.SA.gunship/beauty/rearm/d01_f00.png'
21:02.791  render           | Saved: '/Users/mohammedkalouti/Documents/Codex/2026-09-27/i/work/art/aircraft-final-production-v3/stage/assets/build/frames/unit.SA.gunship/team/rearm/d01_f00.png'
21:03.778  render           | Saved: '/Users/mohammedkalouti/Documents/Codex/2026-09-27/i/work/art/aircraft-final-production-v3/stage/assets/build/frames/unit.SA.gunship/shadow/rearm/d01_f00.png'
21:04.411  render           | Saved: '/Users/mohammedkalouti/Documents/Codex/2026-09-27/i/work/art/aircraft-final-production-v3/stage/assets/build/frames/unit.SA.gunship/beauty/rearm/d01_f01.png'
21:04.950  render           | Saved: '/Users/mohammedkalouti/Documents/Codex/2026-09-27/i/work/art/aircraft-final-production-v3/stage/assets/build/frames/unit.SA.gunship/team/rearm/d01_f01.png'
21:05.920  render           | Saved: '/Users/mohammedkalouti/Documents/Codex/2026-09-27/i/work/art/aircraft-final-production-v3/stage/assets/build/frames/unit.SA.gunship/shadow/rearm/d01_f01.png'
21:06.554  render           | Saved: '/Users/mohammedkalouti/Documents/Codex/2026-09-27/i/work/art/aircraft-final-production-v3/stage/assets/build/frames/unit.SA.gunship/beauty/rearm/d01_f02.png'
21:07.099  render           | Saved: '/Users/mohammedkalouti/Documents/Codex/2026-09-27/i/work/art/aircraft-final-production-v3/stage/assets/build/frames/unit.SA.gunship/team/rearm/d01_f02.png'
21:08.061  render           | Saved: '/Users/mohammedkalouti/Documents/Codex/2026-09-27/i/work/art/aircraft-final-production-v3/stage/assets/build/frames/unit.SA.gunship/shadow/rearm/d01_f02.png'
21:08.728  render           | Saved: '/Users/mohammedkalouti/Documents/Codex/2026-09-27/i/work/art/aircraft-final-production-v3/stage/assets/build/frames/unit.SA.gunship/beauty/rearm/d01_f03.png'
21:09.260  render           | Saved: '/Users/mohammedkalouti/Documents/Codex/2026-09-27/i/work/art/aircraft-final-production-v3/stage/assets/build/frames/unit.SA.gunship/team/rearm/d01_f03.png'
21:10.227  render           | Saved: '/Users/mohammedkalouti/Documents/Codex/2026-09-27/i/work/art/aircraft-final-production-v3/stage/assets/build/frames/unit.SA.gunship/shadow/rearm/d01_f03.png'
21:10.859  render           | Saved: '/Users/mohammedkalouti/Documents/Codex/2026-09-27/i/work/art/aircraft-final-production-v3/stage/assets/build/frames/unit.SA.gunship/beauty/rearm/d01_f04.png'
21:11.396  render           | Saved: '/Users/mohammedkalouti/Documents/Codex/2026-09-27/i/work/art/aircraft-final-production-v3/stage/assets/build/frames/unit.SA.gunship/team/rearm/d01_f04.png'
21:12.383  render           | Saved: '/Users/mohammedkalouti/Documents/Codex/2026-09-27/i/work/art/aircraft-final-production-v3/stage/assets/build/frames/unit.SA.gunship/shadow/rearm/d01_f04.png'
21:12.997  render           | Saved: '/Users/mohammedkalouti/Documents/Codex/2026-09-27/i/work/art/aircraft-final-production-v3/stage/assets/build/frames/unit.SA.gunship/beauty/rearm/d01_f05.png'
21:13.529  render           | Saved: '/Users/mohammedkalouti/Documents/Codex/2026-09-27/i/work/art/aircraft-final-production-v3/stage/assets/build/frames/unit.SA.gunship/team/rearm/d01_f05.png'
21:14.503  render           | Saved: '/Users/mohammedkalouti/Documents/Codex/2026-09-27/i/work/art/aircraft-final-production-v3/stage/assets/build/frames/unit.SA.gunship/shadow/rearm/d01_f05.png'
21:15.135  render           | Saved: '/Users/mohammedkalouti/Documents/Codex/2026-09-27/i/work/art/aircraft-final-production-v3/stage/assets/build/frames/unit.SA.gunship/beauty/rearm/d02_f00.png'
21:15.656  render           | Saved: '/Users/mohammedkalouti/Documents/Codex/2026-09-27/i/work/art/aircraft-final-production-v3/stage/assets/build/frames/unit.SA.gunship/team/rearm/d02_f00.png'
21:16.630  render           | Saved: '/Users/mohammedkalouti/Documents/Codex/2026-09-27/i/work/art/aircraft-final-production-v3/stage/assets/build/frames/unit.SA.gunship/shadow/rearm/d02_f00.png'
21:17.258  render           | Saved: '/Users/mohammedkalouti/Documents/Codex/2026-09-27/i/work/art/aircraft-final-production-v3/stage/assets/build/frames/unit.SA.gunship/beauty/rearm/d02_f01.png'
21:17.788  render           | Saved: '/Users/mohammedkalouti/Documents/Codex/2026-09-27/i/work/art/aircraft-final-production-v3/stage/assets/build/frames/unit.SA.gunship/team/rearm/d02_f01.png'
21:18.769  render           | Saved: '/Users/mohammedkalouti/Documents/Codex/2026-09-27/i/work/art/aircraft-final-production-v3/stage/assets/build/frames/unit.SA.gunship/shadow/rearm/d02_f01.png'
21:19.393  render           | Saved: '/Users/mohammedkalouti/Documents/Codex/2026-09-27/i/work/art/aircraft-final-production-v3/stage/assets/build/frames/unit.SA.gunship/beauty/rearm/d02_f02.png'
21:19.925  render           | Saved: '/Users/mohammedkalouti/Documents/Codex/2026-09-27/i/work/art/aircraft-final-production-v3/stage/assets/build/frames/unit.SA.gunship/team/rearm/d02_f02.png'
21:20.899  render           | Saved: '/Users/mohammedkalouti/Documents/Codex/2026-09-27/i/work/art/aircraft-final-production-v3/stage/assets/build/frames/unit.SA.gunship/shadow/rearm/d02_f02.png'
21:21.518  render           | Saved: '/Users/mohammedkalouti/Documents/Codex/2026-09-27/i/work/art/aircraft-final-production-v3/stage/assets/build/frames/unit.SA.gunship/beauty/rearm/d02_f03.png'
21:22.046  render           | Saved: '/Users/mohammedkalouti/Documents/Codex/2026-09-27/i/work/art/aircraft-final-production-v3/stage/assets/build/frames/unit.SA.gunship/team/rearm/d02_f03.png'
21:23.041  render           | Saved: '/Users/mohammedkalouti/Documents/Codex/2026-09-27/i/work/art/aircraft-final-production-v3/stage/assets/build/frames/unit.SA.gunship/shadow/rearm/d02_f03.png'
21:23.709  render           | Saved: '/Users/mohammedkalouti/Documents/Codex/2026-09-27/i/work/art/aircraft-final-production-v3/stage/assets/build/frames/unit.SA.gunship/beauty/rearm/d02_f04.png'
21:24.244  render           | Saved: '/Users/mohammedkalouti/Documents/Codex/2026-09-27/i/work/art/aircraft-final-production-v3/stage/assets/build/frames/unit.SA.gunship/team/rearm/d02_f04.png'
21:25.222  render           | Saved: '/Users/mohammedkalouti/Documents/Codex/2026-09-27/i/work/art/aircraft-final-production-v3/stage/assets/build/frames/unit.SA.gunship/shadow/rearm/d02_f04.png'
21:25.840  render           | Saved: '/Users/mohammedkalouti/Documents/Codex/2026-09-27/i/work/art/aircraft-final-production-v3/stage/assets/build/frames/unit.SA.gunship/beauty/rearm/d02_f05.png'
21:26.365  render           | Saved: '/Users/mohammedkalouti/Documents/Codex/2026-09-27/i/work/art/aircraft-final-production-v3/stage/assets/build/frames/unit.SA.gunship/team/rearm/d02_f05.png'
21:27.325  render           | Saved: '/Users/mohammedkalouti/Documents/Codex/2026-09-27/i/work/art/aircraft-final-production-v3/stage/assets/build/frames/unit.SA.gunship/shadow/rearm/d02_f05.png'
21:27.979  render           | Saved: '/Users/mohammedkalouti/Documents/Codex/2026-09-27/i/work/art/aircraft-final-production-v3/stage/assets/build/frames/unit.SA.gunship/beauty/rearm/d04_f00.png'
21:28.502  render           | Saved: '/Users/mohammedkalouti/Documents/Codex/2026-09-27/i/work/art/aircraft-final-production-v3/stage/assets/build/frames/unit.SA.gunship/team/rearm/d04_f00.png'
21:29.469  render           | Saved: '/Users/mohammedkalouti/Documents/Codex/2026-09-27/i/work/art/aircraft-final-production-v3/stage/assets/build/frames/unit.SA.gunship/shadow/rearm/d04_f00.png'
21:30.108  render           | Saved: '/Users/mohammedkalouti/Documents/Codex/2026-09-27/i/work/art/aircraft-final-production-v3/stage/assets/build/frames/unit.SA.gunship/beauty/rearm/d04_f01.png'
21:30.645  render           | Saved: '/Users/mohammedkalouti/Documents/Codex/2026-09-27/i/work/art/aircraft-final-production-v3/stage/assets/build/frames/unit.SA.gunship/team/rearm/d04_f01.png'
21:31.605  render           | Saved: '/Users/mohammedkalouti/Documents/Codex/2026-09-27/i/work/art/aircraft-final-production-v3/stage/assets/build/frames/unit.SA.gunship/shadow/rearm/d04_f01.png'
21:32.210  render           | Saved: '/Users/mohammedkalouti/Documents/Codex/2026-09-27/i/work/art/aircraft-final-production-v3/stage/assets/build/frames/unit.SA.gunship/beauty/rearm/d04_f02.png'
21:32.714  render           | Saved: '/Users/mohammedkalouti/Documents/Codex/2026-09-27/i/work/art/aircraft-final-production-v3/stage/assets/build/frames/unit.SA.gunship/team/rearm/d04_f02.png'
21:33.677  render           | Saved: '/Users/mohammedkalouti/Documents/Codex/2026-09-27/i/work/art/aircraft-final-production-v3/stage/assets/build/frames/unit.SA.gunship/shadow/rearm/d04_f02.png'
21:34.306  render           | Saved: '/Users/mohammedkalouti/Documents/Codex/2026-09-27/i/work/art/aircraft-final-production-v3/stage/assets/build/frames/unit.SA.gunship/beauty/rearm/d04_f03.png'
21:34.845  render           | Saved: '/Users/mohammedkalouti/Documents/Codex/2026-09-27/i/work/art/aircraft-final-production-v3/stage/assets/build/frames/unit.SA.gunship/team/rearm/d04_f03.png'
21:35.803  render           | Saved: '/Users/mohammedkalouti/Documents/Codex/2026-09-27/i/work/art/aircraft-final-production-v3/stage/assets/build/frames/unit.SA.gunship/shadow/rearm/d04_f03.png'
21:36.411  render           | Saved: '/Users/mohammedkalouti/Documents/Codex/2026-09-27/i/work/art/aircraft-final-production-v3/stage/assets/build/frames/unit.SA.gunship/beauty/rearm/d04_f04.png'
21:36.938  render           | Saved: '/Users/mohammedkalouti/Documents/Codex/2026-09-27/i/work/art/aircraft-final-production-v3/stage/assets/build/frames/unit.SA.gunship/team/rearm/d04_f04.png'
21:37.865  render           | Saved: '/Users/mohammedkalouti/Documents/Codex/2026-09-27/i/work/art/aircraft-final-production-v3/stage/assets/build/frames/unit.SA.gunship/shadow/rearm/d04_f04.png'
21:38.482  render           | Saved: '/Users/mohammedkalouti/Documents/Codex/2026-09-27/i/work/art/aircraft-final-production-v3/stage/assets/build/frames/unit.SA.gunship/beauty/rearm/d04_f05.png'
21:39.009  render           | Saved: '/Users/mohammedkalouti/Documents/Codex/2026-09-27/i/work/art/aircraft-final-production-v3/stage/assets/build/frames/unit.SA.gunship/team/rearm/d04_f05.png'
21:39.967  render           | Saved: '/Users/mohammedkalouti/Documents/Codex/2026-09-27/i/work/art/aircraft-final-production-v3/stage/assets/build/frames/unit.SA.gunship/shadow/rearm/d04_f05.png'
21:40.568  render           | Saved: '/Users/mohammedkalouti/Documents/Codex/2026-09-27/i/work/art/aircraft-final-production-v3/stage/assets/build/frames/unit.SA.gunship/beauty/rearm/d05_f00.png'
21:41.094  render           | Saved: '/Users/mohammedkalouti/Documents/Codex/2026-09-27/i/work/art/aircraft-final-production-v3/stage/assets/build/frames/unit.SA.gunship/team/rearm/d05_f00.png'
21:42.038  render           | Saved: '/Users/mohammedkalouti/Documents/Codex/2026-09-27/i/work/art/aircraft-final-production-v3/stage/assets/build/frames/unit.SA.gunship/shadow/rearm/d05_f00.png'
21:42.670  render           | Saved: '/Users/mohammedkalouti/Documents/Codex/2026-09-27/i/work/art/aircraft-final-production-v3/stage/assets/build/frames/unit.SA.gunship/beauty/rearm/d05_f01.png'
21:43.255  render           | Saved: '/Users/mohammedkalouti/Documents/Codex/2026-09-27/i/work/art/aircraft-final-production-v3/stage/assets/build/frames/unit.SA.gunship/team/rearm/d05_f01.png'
21:44.329  render           | Saved: '/Users/mohammedkalouti/Documents/Codex/2026-09-27/i/work/art/aircraft-final-production-v3/stage/assets/build/frames/unit.SA.gunship/shadow/rearm/d05_f01.png'
21:45.190  render           | Saved: '/Users/mohammedkalouti/Documents/Codex/2026-09-27/i/work/art/aircraft-final-production-v3/stage/assets/build/frames/unit.SA.gunship/beauty/rearm/d05_f02.png'
21:45.755  render           | Saved: '/Users/mohammedkalouti/Documents/Codex/2026-09-27/i/work/art/aircraft-final-production-v3/stage/assets/build/frames/unit.SA.gunship/team/rearm/d05_f02.png'
21:46.724  render           | Saved: '/Users/mohammedkalouti/Documents/Codex/2026-09-27/i/work/art/aircraft-final-production-v3/stage/assets/build/frames/unit.SA.gunship/shadow/rearm/d05_f02.png'
21:47.345  render           | Saved: '/Users/mohammedkalouti/Documents/Codex/2026-09-27/i/work/art/aircraft-final-production-v3/stage/assets/build/frames/unit.SA.gunship/beauty/rearm/d05_f03.png'
21:47.886  render           | Saved: '/Users/mohammedkalouti/Documents/Codex/2026-09-27/i/work/art/aircraft-final-production-v3/stage/assets/build/frames/unit.SA.gunship/team/rearm/d05_f03.png'
21:48.862  render           | Saved: '/Users/mohammedkalouti/Documents/Codex/2026-09-27/i/work/art/aircraft-final-production-v3/stage/assets/build/frames/unit.SA.gunship/shadow/rearm/d05_f03.png'
21:49.493  render           | Saved: '/Users/mohammedkalouti/Documents/Codex/2026-09-27/i/work/art/aircraft-final-production-v3/stage/assets/build/frames/unit.SA.gunship/beauty/rearm/d05_f04.png'
21:50.058  render           | Saved: '/Users/mohammedkalouti/Documents/Codex/2026-09-27/i/work/art/aircraft-final-production-v3/stage/assets/build/frames/unit.SA.gunship/team/rearm/d05_f04.png'
21:51.021  render           | Saved: '/Users/mohammedkalouti/Documents/Codex/2026-09-27/i/work/art/aircraft-final-production-v3/stage/assets/build/frames/unit.SA.gunship/shadow/rearm/d05_f04.png'
21:51.654  render           | Saved: '/Users/mohammedkalouti/Documents/Codex/2026-09-27/i/work/art/aircraft-final-production-v3/stage/assets/build/frames/unit.SA.gunship/beauty/rearm/d05_f05.png'
21:52.216  render           | Saved: '/Users/mohammedkalouti/Documents/Codex/2026-09-27/i/work/art/aircraft-final-production-v3/stage/assets/build/frames/unit.SA.gunship/team/rearm/d05_f05.png'
21:53.181  render           | Saved: '/Users/mohammedkalouti/Documents/Codex/2026-09-27/i/work/art/aircraft-final-production-v3/stage/assets/build/frames/unit.SA.gunship/shadow/rearm/d05_f05.png'
21:53.813  render           | Saved: '/Users/mohammedkalouti/Documents/Codex/2026-09-27/i/work/art/aircraft-final-production-v3/stage/assets/build/frames/unit.SA.gunship/beauty/rearm/d06_f00.png'
21:54.332  render           | Saved: '/Users/mohammedkalouti/Documents/Codex/2026-09-27/i/work/art/aircraft-final-production-v3/stage/assets/build/frames/unit.SA.gunship/team/rearm/d06_f00.png'
21:55.320  render           | Saved: '/Users/mohammedkalouti/Documents/Codex/2026-09-27/i/work/art/aircraft-final-production-v3/stage/assets/build/frames/unit.SA.gunship/shadow/rearm/d06_f00.png'
21:55.957  render           | Saved: '/Users/mohammedkalouti/Documents/Codex/2026-09-27/i/work/art/aircraft-final-production-v3/stage/assets/build/frames/unit.SA.gunship/beauty/rearm/d06_f01.png'
21:56.474  render           | Saved: '/Users/mohammedkalouti/Documents/Codex/2026-09-27/i/work/art/aircraft-final-production-v3/stage/assets/build/frames/unit.SA.gunship/team/rearm/d06_f01.png'
21:57.438  render           | Saved: '/Users/mohammedkalouti/Documents/Codex/2026-09-27/i/work/art/aircraft-final-production-v3/stage/assets/build/frames/unit.SA.gunship/shadow/rearm/d06_f01.png'
21:58.070  render           | Saved: '/Users/mohammedkalouti/Documents/Codex/2026-09-27/i/work/art/aircraft-final-production-v3/stage/assets/build/frames/unit.SA.gunship/beauty/rearm/d06_f02.png'
21:58.598  render           | Saved: '/Users/mohammedkalouti/Documents/Codex/2026-09-27/i/work/art/aircraft-final-production-v3/stage/assets/build/frames/unit.SA.gunship/team/rearm/d06_f02.png'
21:59.558  render           | Saved: '/Users/mohammedkalouti/Documents/Codex/2026-09-27/i/work/art/aircraft-final-production-v3/stage/assets/build/frames/unit.SA.gunship/shadow/rearm/d06_f02.png'
22:00.205  render           | Saved: '/Users/mohammedkalouti/Documents/Codex/2026-09-27/i/work/art/aircraft-final-production-v3/stage/assets/build/frames/unit.SA.gunship/beauty/rearm/d06_f03.png'
22:00.758  render           | Saved: '/Users/mohammedkalouti/Documents/Codex/2026-09-27/i/work/art/aircraft-final-production-v3/stage/assets/build/frames/unit.SA.gunship/team/rearm/d06_f03.png'
22:01.717  render           | Saved: '/Users/mohammedkalouti/Documents/Codex/2026-09-27/i/work/art/aircraft-final-production-v3/stage/assets/build/frames/unit.SA.gunship/shadow/rearm/d06_f03.png'
22:02.321  render           | Saved: '/Users/mohammedkalouti/Documents/Codex/2026-09-27/i/work/art/aircraft-final-production-v3/stage/assets/build/frames/unit.SA.gunship/beauty/rearm/d06_f04.png'
22:02.834  render           | Saved: '/Users/mohammedkalouti/Documents/Codex/2026-09-27/i/work/art/aircraft-final-production-v3/stage/assets/build/frames/unit.SA.gunship/team/rearm/d06_f04.png'
22:03.789  render           | Saved: '/Users/mohammedkalouti/Documents/Codex/2026-09-27/i/work/art/aircraft-final-production-v3/stage/assets/build/frames/unit.SA.gunship/shadow/rearm/d06_f04.png'
22:04.394  render           | Saved: '/Users/mohammedkalouti/Documents/Codex/2026-09-27/i/work/art/aircraft-final-production-v3/stage/assets/build/frames/unit.SA.gunship/beauty/rearm/d06_f05.png'
22:04.934  render           | Saved: '/Users/mohammedkalouti/Documents/Codex/2026-09-27/i/work/art/aircraft-final-production-v3/stage/assets/build/frames/unit.SA.gunship/team/rearm/d06_f05.png'
22:05.886  render           | Saved: '/Users/mohammedkalouti/Documents/Codex/2026-09-27/i/work/art/aircraft-final-production-v3/stage/assets/build/frames/unit.SA.gunship/shadow/rearm/d06_f05.png'
22:06.515  render           | Saved: '/Users/mohammedkalouti/Documents/Codex/2026-09-27/i/work/art/aircraft-final-production-v3/stage/assets/build/frames/unit.SA.gunship/beauty/rearm/d08_f00.png'
22:07.058  render           | Saved: '/Users/mohammedkalouti/Documents/Codex/2026-09-27/i/work/art/aircraft-final-production-v3/stage/assets/build/frames/unit.SA.gunship/team/rearm/d08_f00.png'
22:08.098  render           | Saved: '/Users/mohammedkalouti/Documents/Codex/2026-09-27/i/work/art/aircraft-final-production-v3/stage/assets/build/frames/unit.SA.gunship/shadow/rearm/d08_f00.png'
22:08.869  render           | Saved: '/Users/mohammedkalouti/Documents/Codex/2026-09-27/i/work/art/aircraft-final-production-v3/stage/assets/build/frames/unit.SA.gunship/beauty/rearm/d08_f01.png'
22:09.490  render           | Saved: '/Users/mohammedkalouti/Documents/Codex/2026-09-27/i/work/art/aircraft-final-production-v3/stage/assets/build/frames/unit.SA.gunship/team/rearm/d08_f01.png'
22:10.488  render           | Saved: '/Users/mohammedkalouti/Documents/Codex/2026-09-27/i/work/art/aircraft-final-production-v3/stage/assets/build/frames/unit.SA.gunship/shadow/rearm/d08_f01.png'
22:11.191  render           | Saved: '/Users/mohammedkalouti/Documents/Codex/2026-09-27/i/work/art/aircraft-final-production-v3/stage/assets/build/frames/unit.SA.gunship/beauty/rearm/d08_f02.png'
22:11.750  render           | Saved: '/Users/mohammedkalouti/Documents/Codex/2026-09-27/i/work/art/aircraft-final-production-v3/stage/assets/build/frames/unit.SA.gunship/team/rearm/d08_f02.png'
22:12.776  render           | Saved: '/Users/mohammedkalouti/Documents/Codex/2026-09-27/i/work/art/aircraft-final-production-v3/stage/assets/build/frames/unit.SA.gunship/shadow/rearm/d08_f02.png'
22:13.422  render           | Saved: '/Users/mohammedkalouti/Documents/Codex/2026-09-27/i/work/art/aircraft-final-production-v3/stage/assets/build/frames/unit.SA.gunship/beauty/rearm/d08_f03.png'
22:14.086  render           | Saved: '/Users/mohammedkalouti/Documents/Codex/2026-09-27/i/work/art/aircraft-final-production-v3/stage/assets/build/frames/unit.SA.gunship/team/rearm/d08_f03.png'
22:15.675  render           | Saved: '/Users/mohammedkalouti/Documents/Codex/2026-09-27/i/work/art/aircraft-final-production-v3/stage/assets/build/frames/unit.SA.gunship/shadow/rearm/d08_f03.png'
22:16.736  render           | Saved: '/Users/mohammedkalouti/Documents/Codex/2026-09-27/i/work/art/aircraft-final-production-v3/stage/assets/build/frames/unit.SA.gunship/beauty/rearm/d08_f04.png'
22:17.467  render           | Saved: '/Users/mohammedkalouti/Documents/Codex/2026-09-27/i/work/art/aircraft-final-production-v3/stage/assets/build/frames/unit.SA.gunship/team/rearm/d08_f04.png'
22:18.619  render           | Saved: '/Users/mohammedkalouti/Documents/Codex/2026-09-27/i/work/art/aircraft-final-production-v3/stage/assets/build/frames/unit.SA.gunship/shadow/rearm/d08_f04.png'
22:19.428  render           | Saved: '/Users/mohammedkalouti/Documents/Codex/2026-09-27/i/work/art/aircraft-final-production-v3/stage/assets/build/frames/unit.SA.gunship/beauty/rearm/d08_f05.png'
22:20.113  render           | Saved: '/Users/mohammedkalouti/Documents/Codex/2026-09-27/i/work/art/aircraft-final-production-v3/stage/assets/build/frames/unit.SA.gunship/team/rearm/d08_f05.png'
22:21.294  render           | Saved: '/Users/mohammedkalouti/Documents/Codex/2026-09-27/i/work/art/aircraft-final-production-v3/stage/assets/build/frames/unit.SA.gunship/shadow/rearm/d08_f05.png'
22:21.998  render           | Saved: '/Users/mohammedkalouti/Documents/Codex/2026-09-27/i/work/art/aircraft-final-production-v3/stage/assets/build/frames/unit.SA.gunship/beauty/rearm/d09_f00.png'
22:22.584  render           | Saved: '/Users/mohammedkalouti/Documents/Codex/2026-09-27/i/work/art/aircraft-final-production-v3/stage/assets/build/frames/unit.SA.gunship/team/rearm/d09_f00.png'
22:23.673  render           | Saved: '/Users/mohammedkalouti/Documents/Codex/2026-09-27/i/work/art/aircraft-final-production-v3/stage/assets/build/frames/unit.SA.gunship/shadow/rearm/d09_f00.png'
22:24.340  render           | Saved: '/Users/mohammedkalouti/Documents/Codex/2026-09-27/i/work/art/aircraft-final-production-v3/stage/assets/build/frames/unit.SA.gunship/beauty/rearm/d09_f01.png'
22:24.893  render           | Saved: '/Users/mohammedkalouti/Documents/Codex/2026-09-27/i/work/art/aircraft-final-production-v3/stage/assets/build/frames/unit.SA.gunship/team/rearm/d09_f01.png'
22:25.929  render           | Saved: '/Users/mohammedkalouti/Documents/Codex/2026-09-27/i/work/art/aircraft-final-production-v3/stage/assets/build/frames/unit.SA.gunship/shadow/rearm/d09_f01.png'
22:26.696  render           | Saved: '/Users/mohammedkalouti/Documents/Codex/2026-09-27/i/work/art/aircraft-final-production-v3/stage/assets/build/frames/unit.SA.gunship/beauty/rearm/d09_f02.png'
22:27.275  render           | Saved: '/Users/mohammedkalouti/Documents/Codex/2026-09-27/i/work/art/aircraft-final-production-v3/stage/assets/build/frames/unit.SA.gunship/team/rearm/d09_f02.png'
22:28.322  render           | Saved: '/Users/mohammedkalouti/Documents/Codex/2026-09-27/i/work/art/aircraft-final-production-v3/stage/assets/build/frames/unit.SA.gunship/shadow/rearm/d09_f02.png'
22:28.996  render           | Saved: '/Users/mohammedkalouti/Documents/Codex/2026-09-27/i/work/art/aircraft-final-production-v3/stage/assets/build/frames/unit.SA.gunship/beauty/rearm/d09_f03.png'
22:29.553  render           | Saved: '/Users/mohammedkalouti/Documents/Codex/2026-09-27/i/work/art/aircraft-final-production-v3/stage/assets/build/frames/unit.SA.gunship/team/rearm/d09_f03.png'
22:30.597  render           | Saved: '/Users/mohammedkalouti/Documents/Codex/2026-09-27/i/work/art/aircraft-final-production-v3/stage/assets/build/frames/unit.SA.gunship/shadow/rearm/d09_f03.png'
22:31.367  render           | Saved: '/Users/mohammedkalouti/Documents/Codex/2026-09-27/i/work/art/aircraft-final-production-v3/stage/assets/build/frames/unit.SA.gunship/beauty/rearm/d09_f04.png'
22:31.978  render           | Saved: '/Users/mohammedkalouti/Documents/Codex/2026-09-27/i/work/art/aircraft-final-production-v3/stage/assets/build/frames/unit.SA.gunship/team/rearm/d09_f04.png'
22:33.053  render           | Saved: '/Users/mohammedkalouti/Documents/Codex/2026-09-27/i/work/art/aircraft-final-production-v3/stage/assets/build/frames/unit.SA.gunship/shadow/rearm/d09_f04.png'
22:33.709  render           | Saved: '/Users/mohammedkalouti/Documents/Codex/2026-09-27/i/work/art/aircraft-final-production-v3/stage/assets/build/frames/unit.SA.gunship/beauty/rearm/d09_f05.png'
22:34.270  render           | Saved: '/Users/mohammedkalouti/Documents/Codex/2026-09-27/i/work/art/aircraft-final-production-v3/stage/assets/build/frames/unit.SA.gunship/team/rearm/d09_f05.png'
22:35.186  render           | Saved: '/Users/mohammedkalouti/Documents/Codex/2026-09-27/i/work/art/aircraft-final-production-v3/stage/assets/build/frames/unit.SA.gunship/shadow/rearm/d09_f05.png'
22:35.782  render           | Saved: '/Users/mohammedkalouti/Documents/Codex/2026-09-27/i/work/art/aircraft-final-production-v3/stage/assets/build/frames/unit.SA.gunship/beauty/rearm/d10_f00.png'
22:36.294  render           | Saved: '/Users/mohammedkalouti/Documents/Codex/2026-09-27/i/work/art/aircraft-final-production-v3/stage/assets/build/frames/unit.SA.gunship/team/rearm/d10_f00.png'
22:37.244  render           | Saved: '/Users/mohammedkalouti/Documents/Codex/2026-09-27/i/work/art/aircraft-final-production-v3/stage/assets/build/frames/unit.SA.gunship/shadow/rearm/d10_f00.png'
22:37.829  render           | Saved: '/Users/mohammedkalouti/Documents/Codex/2026-09-27/i/work/art/aircraft-final-production-v3/stage/assets/build/frames/unit.SA.gunship/beauty/rearm/d10_f01.png'
22:38.337  render           | Saved: '/Users/mohammedkalouti/Documents/Codex/2026-09-27/i/work/art/aircraft-final-production-v3/stage/assets/build/frames/unit.SA.gunship/team/rearm/d10_f01.png'
22:39.258  render           | Saved: '/Users/mohammedkalouti/Documents/Codex/2026-09-27/i/work/art/aircraft-final-production-v3/stage/assets/build/frames/unit.SA.gunship/shadow/rearm/d10_f01.png'
22:39.844  render           | Saved: '/Users/mohammedkalouti/Documents/Codex/2026-09-27/i/work/art/aircraft-final-production-v3/stage/assets/build/frames/unit.SA.gunship/beauty/rearm/d10_f02.png'
22:40.349  render           | Saved: '/Users/mohammedkalouti/Documents/Codex/2026-09-27/i/work/art/aircraft-final-production-v3/stage/assets/build/frames/unit.SA.gunship/team/rearm/d10_f02.png'
22:41.281  render           | Saved: '/Users/mohammedkalouti/Documents/Codex/2026-09-27/i/work/art/aircraft-final-production-v3/stage/assets/build/frames/unit.SA.gunship/shadow/rearm/d10_f02.png'
22:41.870  render           | Saved: '/Users/mohammedkalouti/Documents/Codex/2026-09-27/i/work/art/aircraft-final-production-v3/stage/assets/build/frames/unit.SA.gunship/beauty/rearm/d10_f03.png'
22:42.403  render           | Saved: '/Users/mohammedkalouti/Documents/Codex/2026-09-27/i/work/art/aircraft-final-production-v3/stage/assets/build/frames/unit.SA.gunship/team/rearm/d10_f03.png'
22:43.337  render           | Saved: '/Users/mohammedkalouti/Documents/Codex/2026-09-27/i/work/art/aircraft-final-production-v3/stage/assets/build/frames/unit.SA.gunship/shadow/rearm/d10_f03.png'
22:43.921  render           | Saved: '/Users/mohammedkalouti/Documents/Codex/2026-09-27/i/work/art/aircraft-final-production-v3/stage/assets/build/frames/unit.SA.gunship/beauty/rearm/d10_f04.png'
22:44.470  render           | Saved: '/Users/mohammedkalouti/Documents/Codex/2026-09-27/i/work/art/aircraft-final-production-v3/stage/assets/build/frames/unit.SA.gunship/team/rearm/d10_f04.png'
22:45.438  render           | Saved: '/Users/mohammedkalouti/Documents/Codex/2026-09-27/i/work/art/aircraft-final-production-v3/stage/assets/build/frames/unit.SA.gunship/shadow/rearm/d10_f04.png'
22:46.052  render           | Saved: '/Users/mohammedkalouti/Documents/Codex/2026-09-27/i/work/art/aircraft-final-production-v3/stage/assets/build/frames/unit.SA.gunship/beauty/rearm/d10_f05.png'
22:46.575  render           | Saved: '/Users/mohammedkalouti/Documents/Codex/2026-09-27/i/work/art/aircraft-final-production-v3/stage/assets/build/frames/unit.SA.gunship/team/rearm/d10_f05.png'
22:47.491  render           | Saved: '/Users/mohammedkalouti/Documents/Codex/2026-09-27/i/work/art/aircraft-final-production-v3/stage/assets/build/frames/unit.SA.gunship/shadow/rearm/d10_f05.png'
22:48.103  render           | Saved: '/Users/mohammedkalouti/Documents/Codex/2026-09-27/i/work/art/aircraft-final-production-v3/stage/assets/build/frames/unit.SA.gunship/beauty/rearm/d12_f00.png'
22:48.609  render           | Saved: '/Users/mohammedkalouti/Documents/Codex/2026-09-27/i/work/art/aircraft-final-production-v3/stage/assets/build/frames/unit.SA.gunship/team/rearm/d12_f00.png'
22:49.533  render           | Saved: '/Users/mohammedkalouti/Documents/Codex/2026-09-27/i/work/art/aircraft-final-production-v3/stage/assets/build/frames/unit.SA.gunship/shadow/rearm/d12_f00.png'
22:50.107  render           | Saved: '/Users/mohammedkalouti/Documents/Codex/2026-09-27/i/work/art/aircraft-final-production-v3/stage/assets/build/frames/unit.SA.gunship/beauty/rearm/d12_f01.png'
22:50.606  render           | Saved: '/Users/mohammedkalouti/Documents/Codex/2026-09-27/i/work/art/aircraft-final-production-v3/stage/assets/build/frames/unit.SA.gunship/team/rearm/d12_f01.png'
22:51.516  render           | Saved: '/Users/mohammedkalouti/Documents/Codex/2026-09-27/i/work/art/aircraft-final-production-v3/stage/assets/build/frames/unit.SA.gunship/shadow/rearm/d12_f01.png'
22:52.111  render           | Saved: '/Users/mohammedkalouti/Documents/Codex/2026-09-27/i/work/art/aircraft-final-production-v3/stage/assets/build/frames/unit.SA.gunship/beauty/rearm/d12_f02.png'
22:52.616  render           | Saved: '/Users/mohammedkalouti/Documents/Codex/2026-09-27/i/work/art/aircraft-final-production-v3/stage/assets/build/frames/unit.SA.gunship/team/rearm/d12_f02.png'
22:53.522  render           | Saved: '/Users/mohammedkalouti/Documents/Codex/2026-09-27/i/work/art/aircraft-final-production-v3/stage/assets/build/frames/unit.SA.gunship/shadow/rearm/d12_f02.png'
22:54.116  render           | Saved: '/Users/mohammedkalouti/Documents/Codex/2026-09-27/i/work/art/aircraft-final-production-v3/stage/assets/build/frames/unit.SA.gunship/beauty/rearm/d12_f03.png'
22:54.621  render           | Saved: '/Users/mohammedkalouti/Documents/Codex/2026-09-27/i/work/art/aircraft-final-production-v3/stage/assets/build/frames/unit.SA.gunship/team/rearm/d12_f03.png'
22:55.528  render           | Saved: '/Users/mohammedkalouti/Documents/Codex/2026-09-27/i/work/art/aircraft-final-production-v3/stage/assets/build/frames/unit.SA.gunship/shadow/rearm/d12_f03.png'
22:56.121  render           | Saved: '/Users/mohammedkalouti/Documents/Codex/2026-09-27/i/work/art/aircraft-final-production-v3/stage/assets/build/frames/unit.SA.gunship/beauty/rearm/d12_f04.png'
22:56.652  render           | Saved: '/Users/mohammedkalouti/Documents/Codex/2026-09-27/i/work/art/aircraft-final-production-v3/stage/assets/build/frames/unit.SA.gunship/team/rearm/d12_f04.png'
22:57.572  render           | Saved: '/Users/mohammedkalouti/Documents/Codex/2026-09-27/i/work/art/aircraft-final-production-v3/stage/assets/build/frames/unit.SA.gunship/shadow/rearm/d12_f04.png'
22:58.168  render           | Saved: '/Users/mohammedkalouti/Documents/Codex/2026-09-27/i/work/art/aircraft-final-production-v3/stage/assets/build/frames/unit.SA.gunship/beauty/rearm/d12_f05.png'
22:58.682  render           | Saved: '/Users/mohammedkalouti/Documents/Codex/2026-09-27/i/work/art/aircraft-final-production-v3/stage/assets/build/frames/unit.SA.gunship/team/rearm/d12_f05.png'
22:59.589  render           | Saved: '/Users/mohammedkalouti/Documents/Codex/2026-09-27/i/work/art/aircraft-final-production-v3/stage/assets/build/frames/unit.SA.gunship/shadow/rearm/d12_f05.png'
23:00.201  render           | Saved: '/Users/mohammedkalouti/Documents/Codex/2026-09-27/i/work/art/aircraft-final-production-v3/stage/assets/build/frames/unit.SA.gunship/beauty/rearm/d13_f00.png'
23:00.701  render           | Saved: '/Users/mohammedkalouti/Documents/Codex/2026-09-27/i/work/art/aircraft-final-production-v3/stage/assets/build/frames/unit.SA.gunship/team/rearm/d13_f00.png'
23:01.601  render           | Saved: '/Users/mohammedkalouti/Documents/Codex/2026-09-27/i/work/art/aircraft-final-production-v3/stage/assets/build/frames/unit.SA.gunship/shadow/rearm/d13_f00.png'
23:02.187  render           | Saved: '/Users/mohammedkalouti/Documents/Codex/2026-09-27/i/work/art/aircraft-final-production-v3/stage/assets/build/frames/unit.SA.gunship/beauty/rearm/d13_f01.png'
23:02.703  render           | Saved: '/Users/mohammedkalouti/Documents/Codex/2026-09-27/i/work/art/aircraft-final-production-v3/stage/assets/build/frames/unit.SA.gunship/team/rearm/d13_f01.png'
23:03.623  render           | Saved: '/Users/mohammedkalouti/Documents/Codex/2026-09-27/i/work/art/aircraft-final-production-v3/stage/assets/build/frames/unit.SA.gunship/shadow/rearm/d13_f01.png'
23:04.223  render           | Saved: '/Users/mohammedkalouti/Documents/Codex/2026-09-27/i/work/art/aircraft-final-production-v3/stage/assets/build/frames/unit.SA.gunship/beauty/rearm/d13_f02.png'
23:04.728  render           | Saved: '/Users/mohammedkalouti/Documents/Codex/2026-09-27/i/work/art/aircraft-final-production-v3/stage/assets/build/frames/unit.SA.gunship/team/rearm/d13_f02.png'
23:05.645  render           | Saved: '/Users/mohammedkalouti/Documents/Codex/2026-09-27/i/work/art/aircraft-final-production-v3/stage/assets/build/frames/unit.SA.gunship/shadow/rearm/d13_f02.png'
23:06.237  render           | Saved: '/Users/mohammedkalouti/Documents/Codex/2026-09-27/i/work/art/aircraft-final-production-v3/stage/assets/build/frames/unit.SA.gunship/beauty/rearm/d13_f03.png'
23:06.757  render           | Saved: '/Users/mohammedkalouti/Documents/Codex/2026-09-27/i/work/art/aircraft-final-production-v3/stage/assets/build/frames/unit.SA.gunship/team/rearm/d13_f03.png'
23:07.669  render           | Saved: '/Users/mohammedkalouti/Documents/Codex/2026-09-27/i/work/art/aircraft-final-production-v3/stage/assets/build/frames/unit.SA.gunship/shadow/rearm/d13_f03.png'
23:08.256  render           | Saved: '/Users/mohammedkalouti/Documents/Codex/2026-09-27/i/work/art/aircraft-final-production-v3/stage/assets/build/frames/unit.SA.gunship/beauty/rearm/d13_f04.png'
23:08.746  render           | Saved: '/Users/mohammedkalouti/Documents/Codex/2026-09-27/i/work/art/aircraft-final-production-v3/stage/assets/build/frames/unit.SA.gunship/team/rearm/d13_f04.png'
23:09.645  render           | Saved: '/Users/mohammedkalouti/Documents/Codex/2026-09-27/i/work/art/aircraft-final-production-v3/stage/assets/build/frames/unit.SA.gunship/shadow/rearm/d13_f04.png'
23:10.230  render           | Saved: '/Users/mohammedkalouti/Documents/Codex/2026-09-27/i/work/art/aircraft-final-production-v3/stage/assets/build/frames/unit.SA.gunship/beauty/rearm/d13_f05.png'
23:10.733  render           | Saved: '/Users/mohammedkalouti/Documents/Codex/2026-09-27/i/work/art/aircraft-final-production-v3/stage/assets/build/frames/unit.SA.gunship/team/rearm/d13_f05.png'
23:11.634  render           | Saved: '/Users/mohammedkalouti/Documents/Codex/2026-09-27/i/work/art/aircraft-final-production-v3/stage/assets/build/frames/unit.SA.gunship/shadow/rearm/d13_f05.png'
23:12.228  render           | Saved: '/Users/mohammedkalouti/Documents/Codex/2026-09-27/i/work/art/aircraft-final-production-v3/stage/assets/build/frames/unit.SA.gunship/beauty/rearm/d14_f00.png'
23:12.730  render           | Saved: '/Users/mohammedkalouti/Documents/Codex/2026-09-27/i/work/art/aircraft-final-production-v3/stage/assets/build/frames/unit.SA.gunship/team/rearm/d14_f00.png'
23:13.655  render           | Saved: '/Users/mohammedkalouti/Documents/Codex/2026-09-27/i/work/art/aircraft-final-production-v3/stage/assets/build/frames/unit.SA.gunship/shadow/rearm/d14_f00.png'
23:14.247  render           | Saved: '/Users/mohammedkalouti/Documents/Codex/2026-09-27/i/work/art/aircraft-final-production-v3/stage/assets/build/frames/unit.SA.gunship/beauty/rearm/d14_f01.png'
23:14.758  render           | Saved: '/Users/mohammedkalouti/Documents/Codex/2026-09-27/i/work/art/aircraft-final-production-v3/stage/assets/build/frames/unit.SA.gunship/team/rearm/d14_f01.png'
23:15.659  render           | Saved: '/Users/mohammedkalouti/Documents/Codex/2026-09-27/i/work/art/aircraft-final-production-v3/stage/assets/build/frames/unit.SA.gunship/shadow/rearm/d14_f01.png'
23:16.261  render           | Saved: '/Users/mohammedkalouti/Documents/Codex/2026-09-27/i/work/art/aircraft-final-production-v3/stage/assets/build/frames/unit.SA.gunship/beauty/rearm/d14_f02.png'
23:16.783  render           | Saved: '/Users/mohammedkalouti/Documents/Codex/2026-09-27/i/work/art/aircraft-final-production-v3/stage/assets/build/frames/unit.SA.gunship/team/rearm/d14_f02.png'
23:17.709  render           | Saved: '/Users/mohammedkalouti/Documents/Codex/2026-09-27/i/work/art/aircraft-final-production-v3/stage/assets/build/frames/unit.SA.gunship/shadow/rearm/d14_f02.png'
23:18.308  render           | Saved: '/Users/mohammedkalouti/Documents/Codex/2026-09-27/i/work/art/aircraft-final-production-v3/stage/assets/build/frames/unit.SA.gunship/beauty/rearm/d14_f03.png'
23:18.809  render           | Saved: '/Users/mohammedkalouti/Documents/Codex/2026-09-27/i/work/art/aircraft-final-production-v3/stage/assets/build/frames/unit.SA.gunship/team/rearm/d14_f03.png'
23:19.734  render           | Saved: '/Users/mohammedkalouti/Documents/Codex/2026-09-27/i/work/art/aircraft-final-production-v3/stage/assets/build/frames/unit.SA.gunship/shadow/rearm/d14_f03.png'
23:20.323  render           | Saved: '/Users/mohammedkalouti/Documents/Codex/2026-09-27/i/work/art/aircraft-final-production-v3/stage/assets/build/frames/unit.SA.gunship/beauty/rearm/d14_f04.png'
23:20.812  render           | Saved: '/Users/mohammedkalouti/Documents/Codex/2026-09-27/i/work/art/aircraft-final-production-v3/stage/assets/build/frames/unit.SA.gunship/team/rearm/d14_f04.png'
23:21.720  render           | Saved: '/Users/mohammedkalouti/Documents/Codex/2026-09-27/i/work/art/aircraft-final-production-v3/stage/assets/build/frames/unit.SA.gunship/shadow/rearm/d14_f04.png'
23:22.300  render           | Saved: '/Users/mohammedkalouti/Documents/Codex/2026-09-27/i/work/art/aircraft-final-production-v3/stage/assets/build/frames/unit.SA.gunship/beauty/rearm/d14_f05.png'
23:22.808  render           | Saved: '/Users/mohammedkalouti/Documents/Codex/2026-09-27/i/work/art/aircraft-final-production-v3/stage/assets/build/frames/unit.SA.gunship/team/rearm/d14_f05.png'
23:23.717  render           | Saved: '/Users/mohammedkalouti/Documents/Codex/2026-09-27/i/work/art/aircraft-final-production-v3/stage/assets/build/frames/unit.SA.gunship/shadow/rearm/d14_f05.png'
23:24.409  render           | Saved: '/Users/mohammedkalouti/Documents/Codex/2026-09-27/i/work/art/aircraft-final-production-v3/stage/assets/build/frames/unit.SA.gunship/beauty/empty/d00_f00.png'
23:24.902  render           | Saved: '/Users/mohammedkalouti/Documents/Codex/2026-09-27/i/work/art/aircraft-final-production-v3/stage/assets/build/frames/unit.SA.gunship/team/empty/d00_f00.png'
23:25.206  render           | Saved: '/var/folders/n4/43n_jxh10gg3s770b_8jbzb80000gn/T/fc-team-coverage-zxo08qlk.png'
23:26.381  render           | Saved: '/Users/mohammedkalouti/Documents/Codex/2026-09-27/i/work/art/aircraft-final-production-v3/stage/assets/build/frames/unit.SA.gunship/shadow/empty/d00_f00.png'
23:27.104  render           | Saved: '/Users/mohammedkalouti/Documents/Codex/2026-09-27/i/work/art/aircraft-final-production-v3/stage/assets/build/frames/unit.SA.gunship/beauty/empty/d00_f01.png'
23:27.640  render           | Saved: '/Users/mohammedkalouti/Documents/Codex/2026-09-27/i/work/art/aircraft-final-production-v3/stage/assets/build/frames/unit.SA.gunship/team/empty/d00_f01.png'
23:27.909  render           | Saved: '/var/folders/n4/43n_jxh10gg3s770b_8jbzb80000gn/T/fc-team-coverage-qcxgoxjq.png'
23:28.971  render           | Saved: '/Users/mohammedkalouti/Documents/Codex/2026-09-27/i/work/art/aircraft-final-production-v3/stage/assets/build/frames/unit.SA.gunship/shadow/empty/d00_f01.png'
23:29.623  render           | Saved: '/Users/mohammedkalouti/Documents/Codex/2026-09-27/i/work/art/aircraft-final-production-v3/stage/assets/build/frames/unit.SA.gunship/beauty/empty/d00_f02.png'
23:30.121  render           | Saved: '/Users/mohammedkalouti/Documents/Codex/2026-09-27/i/work/art/aircraft-final-production-v3/stage/assets/build/frames/unit.SA.gunship/team/empty/d00_f02.png'
23:30.385  render           | Saved: '/var/folders/n4/43n_jxh10gg3s770b_8jbzb80000gn/T/fc-team-coverage-l3iasmo5.png'
23:31.266  render           | Saved: '/Users/mohammedkalouti/Documents/Codex/2026-09-27/i/work/art/aircraft-final-production-v3/stage/assets/build/frames/unit.SA.gunship/shadow/empty/d00_f02.png'
23:31.894  render           | Saved: '/Users/mohammedkalouti/Documents/Codex/2026-09-27/i/work/art/aircraft-final-production-v3/stage/assets/build/frames/unit.SA.gunship/beauty/empty/d00_f03.png'
23:32.387  render           | Saved: '/Users/mohammedkalouti/Documents/Codex/2026-09-27/i/work/art/aircraft-final-production-v3/stage/assets/build/frames/unit.SA.gunship/team/empty/d00_f03.png'
23:32.644  render           | Saved: '/var/folders/n4/43n_jxh10gg3s770b_8jbzb80000gn/T/fc-team-coverage-4bx72em8.png'
23:33.528  render           | Saved: '/Users/mohammedkalouti/Documents/Codex/2026-09-27/i/work/art/aircraft-final-production-v3/stage/assets/build/frames/unit.SA.gunship/shadow/empty/d00_f03.png'
23:34.204  render           | Saved: '/Users/mohammedkalouti/Documents/Codex/2026-09-27/i/work/art/aircraft-final-production-v3/stage/assets/build/frames/unit.SA.gunship/beauty/empty/d01_f00.png'
23:34.697  render           | Saved: '/Users/mohammedkalouti/Documents/Codex/2026-09-27/i/work/art/aircraft-final-production-v3/stage/assets/build/frames/unit.SA.gunship/team/empty/d01_f00.png'
23:34.963  render           | Saved: '/var/folders/n4/43n_jxh10gg3s770b_8jbzb80000gn/T/fc-team-coverage-hg0lhcc4.png'
23:35.847  render           | Saved: '/Users/mohammedkalouti/Documents/Codex/2026-09-27/i/work/art/aircraft-final-production-v3/stage/assets/build/frames/unit.SA.gunship/shadow/empty/d01_f00.png'
23:36.499  render           | Saved: '/Users/mohammedkalouti/Documents/Codex/2026-09-27/i/work/art/aircraft-final-production-v3/stage/assets/build/frames/unit.SA.gunship/beauty/empty/d01_f01.png'
23:36.999  render           | Saved: '/Users/mohammedkalouti/Documents/Codex/2026-09-27/i/work/art/aircraft-final-production-v3/stage/assets/build/frames/unit.SA.gunship/team/empty/d01_f01.png'
23:37.264  render           | Saved: '/var/folders/n4/43n_jxh10gg3s770b_8jbzb80000gn/T/fc-team-coverage-5e8g6a6c.png'
23:38.158  render           | Saved: '/Users/mohammedkalouti/Documents/Codex/2026-09-27/i/work/art/aircraft-final-production-v3/stage/assets/build/frames/unit.SA.gunship/shadow/empty/d01_f01.png'
23:38.799  render           | Saved: '/Users/mohammedkalouti/Documents/Codex/2026-09-27/i/work/art/aircraft-final-production-v3/stage/assets/build/frames/unit.SA.gunship/beauty/empty/d01_f02.png'
23:39.293  render           | Saved: '/Users/mohammedkalouti/Documents/Codex/2026-09-27/i/work/art/aircraft-final-production-v3/stage/assets/build/frames/unit.SA.gunship/team/empty/d01_f02.png'
23:39.557  render           | Saved: '/var/folders/n4/43n_jxh10gg3s770b_8jbzb80000gn/T/fc-team-coverage-y413flhn.png'
23:40.439  render           | Saved: '/Users/mohammedkalouti/Documents/Codex/2026-09-27/i/work/art/aircraft-final-production-v3/stage/assets/build/frames/unit.SA.gunship/shadow/empty/d01_f02.png'
23:41.071  render           | Saved: '/Users/mohammedkalouti/Documents/Codex/2026-09-27/i/work/art/aircraft-final-production-v3/stage/assets/build/frames/unit.SA.gunship/beauty/empty/d01_f03.png'
23:41.557  render           | Saved: '/Users/mohammedkalouti/Documents/Codex/2026-09-27/i/work/art/aircraft-final-production-v3/stage/assets/build/frames/unit.SA.gunship/team/empty/d01_f03.png'
23:41.817  render           | Saved: '/var/folders/n4/43n_jxh10gg3s770b_8jbzb80000gn/T/fc-team-coverage-0f66i177.png'
23:42.696  render           | Saved: '/Users/mohammedkalouti/Documents/Codex/2026-09-27/i/work/art/aircraft-final-production-v3/stage/assets/build/frames/unit.SA.gunship/shadow/empty/d01_f03.png'
23:43.325  render           | Saved: '/Users/mohammedkalouti/Documents/Codex/2026-09-27/i/work/art/aircraft-final-production-v3/stage/assets/build/frames/unit.SA.gunship/beauty/empty/d02_f00.png'
23:43.819  render           | Saved: '/Users/mohammedkalouti/Documents/Codex/2026-09-27/i/work/art/aircraft-final-production-v3/stage/assets/build/frames/unit.SA.gunship/team/empty/d02_f00.png'
23:44.076  render           | Saved: '/var/folders/n4/43n_jxh10gg3s770b_8jbzb80000gn/T/fc-team-coverage-0h5n7oxv.png'
23:44.973  render           | Saved: '/Users/mohammedkalouti/Documents/Codex/2026-09-27/i/work/art/aircraft-final-production-v3/stage/assets/build/frames/unit.SA.gunship/shadow/empty/d02_f00.png'
23:45.642  render           | Saved: '/Users/mohammedkalouti/Documents/Codex/2026-09-27/i/work/art/aircraft-final-production-v3/stage/assets/build/frames/unit.SA.gunship/beauty/empty/d02_f01.png'
23:46.185  render           | Saved: '/Users/mohammedkalouti/Documents/Codex/2026-09-27/i/work/art/aircraft-final-production-v3/stage/assets/build/frames/unit.SA.gunship/team/empty/d02_f01.png'
23:46.472  render           | Saved: '/var/folders/n4/43n_jxh10gg3s770b_8jbzb80000gn/T/fc-team-coverage-xayva5hg.png'
23:47.383  render           | Saved: '/Users/mohammedkalouti/Documents/Codex/2026-09-27/i/work/art/aircraft-final-production-v3/stage/assets/build/frames/unit.SA.gunship/shadow/empty/d02_f01.png'
23:48.008  render           | Saved: '/Users/mohammedkalouti/Documents/Codex/2026-09-27/i/work/art/aircraft-final-production-v3/stage/assets/build/frames/unit.SA.gunship/beauty/empty/d02_f02.png'
23:48.502  render           | Saved: '/Users/mohammedkalouti/Documents/Codex/2026-09-27/i/work/art/aircraft-final-production-v3/stage/assets/build/frames/unit.SA.gunship/team/empty/d02_f02.png'
23:48.755  render           | Saved: '/var/folders/n4/43n_jxh10gg3s770b_8jbzb80000gn/T/fc-team-coverage-hw8oyq4y.png'
23:49.648  render           | Saved: '/Users/mohammedkalouti/Documents/Codex/2026-09-27/i/work/art/aircraft-final-production-v3/stage/assets/build/frames/unit.SA.gunship/shadow/empty/d02_f02.png'
23:50.293  render           | Saved: '/Users/mohammedkalouti/Documents/Codex/2026-09-27/i/work/art/aircraft-final-production-v3/stage/assets/build/frames/unit.SA.gunship/beauty/empty/d02_f03.png'
23:50.783  render           | Saved: '/Users/mohammedkalouti/Documents/Codex/2026-09-27/i/work/art/aircraft-final-production-v3/stage/assets/build/frames/unit.SA.gunship/team/empty/d02_f03.png'
23:51.041  render           | Saved: '/var/folders/n4/43n_jxh10gg3s770b_8jbzb80000gn/T/fc-team-coverage-pkqjdig0.png'
23:51.936  render           | Saved: '/Users/mohammedkalouti/Documents/Codex/2026-09-27/i/work/art/aircraft-final-production-v3/stage/assets/build/frames/unit.SA.gunship/shadow/empty/d02_f03.png'
23:52.571  render           | Saved: '/Users/mohammedkalouti/Documents/Codex/2026-09-27/i/work/art/aircraft-final-production-v3/stage/assets/build/frames/unit.SA.gunship/beauty/empty/d03_f00.png'
23:53.063  render           | Saved: '/Users/mohammedkalouti/Documents/Codex/2026-09-27/i/work/art/aircraft-final-production-v3/stage/assets/build/frames/unit.SA.gunship/team/empty/d03_f00.png'
23:53.328  render           | Saved: '/var/folders/n4/43n_jxh10gg3s770b_8jbzb80000gn/T/fc-team-coverage-z8tfomts.png'
23:54.217  render           | Saved: '/Users/mohammedkalouti/Documents/Codex/2026-09-27/i/work/art/aircraft-final-production-v3/stage/assets/build/frames/unit.SA.gunship/shadow/empty/d03_f00.png'
23:54.845  render           | Saved: '/Users/mohammedkalouti/Documents/Codex/2026-09-27/i/work/art/aircraft-final-production-v3/stage/assets/build/frames/unit.SA.gunship/beauty/empty/d03_f01.png'
23:55.335  render           | Saved: '/Users/mohammedkalouti/Documents/Codex/2026-09-27/i/work/art/aircraft-final-production-v3/stage/assets/build/frames/unit.SA.gunship/team/empty/d03_f01.png'
23:55.596  render           | Saved: '/var/folders/n4/43n_jxh10gg3s770b_8jbzb80000gn/T/fc-team-coverage-b4gml3ny.png'
23:56.485  render           | Saved: '/Users/mohammedkalouti/Documents/Codex/2026-09-27/i/work/art/aircraft-final-production-v3/stage/assets/build/frames/unit.SA.gunship/shadow/empty/d03_f01.png'
23:57.118  render           | Saved: '/Users/mohammedkalouti/Documents/Codex/2026-09-27/i/work/art/aircraft-final-production-v3/stage/assets/build/frames/unit.SA.gunship/beauty/empty/d03_f02.png'
23:57.615  render           | Saved: '/Users/mohammedkalouti/Documents/Codex/2026-09-27/i/work/art/aircraft-final-production-v3/stage/assets/build/frames/unit.SA.gunship/team/empty/d03_f02.png'
23:57.878  render           | Saved: '/var/folders/n4/43n_jxh10gg3s770b_8jbzb80000gn/T/fc-team-coverage-zzxw8j6i.png'
23:58.776  render           | Saved: '/Users/mohammedkalouti/Documents/Codex/2026-09-27/i/work/art/aircraft-final-production-v3/stage/assets/build/frames/unit.SA.gunship/shadow/empty/d03_f02.png'
23:59.415  render           | Saved: '/Users/mohammedkalouti/Documents/Codex/2026-09-27/i/work/art/aircraft-final-production-v3/stage/assets/build/frames/unit.SA.gunship/beauty/empty/d03_f03.png'
23:59.908  render           | Saved: '/Users/mohammedkalouti/Documents/Codex/2026-09-27/i/work/art/aircraft-final-production-v3/stage/assets/build/frames/unit.SA.gunship/team/empty/d03_f03.png'
24:00.168  render           | Saved: '/var/folders/n4/43n_jxh10gg3s770b_8jbzb80000gn/T/fc-team-coverage-pg6z3m9m.png'
24:01.049  render           | Saved: '/Users/mohammedkalouti/Documents/Codex/2026-09-27/i/work/art/aircraft-final-production-v3/stage/assets/build/frames/unit.SA.gunship/shadow/empty/d03_f03.png'
24:01.671  render           | Saved: '/Users/mohammedkalouti/Documents/Codex/2026-09-27/i/work/art/aircraft-final-production-v3/stage/assets/build/frames/unit.SA.gunship/beauty/empty/d04_f00.png'
24:02.160  render           | Saved: '/Users/mohammedkalouti/Documents/Codex/2026-09-27/i/work/art/aircraft-final-production-v3/stage/assets/build/frames/unit.SA.gunship/team/empty/d04_f00.png'
24:02.426  render           | Saved: '/var/folders/n4/43n_jxh10gg3s770b_8jbzb80000gn/T/fc-team-coverage-n9ym4ccw.png'
24:03.304  render           | Saved: '/Users/mohammedkalouti/Documents/Codex/2026-09-27/i/work/art/aircraft-final-production-v3/stage/assets/build/frames/unit.SA.gunship/shadow/empty/d04_f00.png'
24:03.954  render           | Saved: '/Users/mohammedkalouti/Documents/Codex/2026-09-27/i/work/art/aircraft-final-production-v3/stage/assets/build/frames/unit.SA.gunship/beauty/empty/d04_f01.png'
24:04.442  render           | Saved: '/Users/mohammedkalouti/Documents/Codex/2026-09-27/i/work/art/aircraft-final-production-v3/stage/assets/build/frames/unit.SA.gunship/team/empty/d04_f01.png'
24:04.691  render           | Saved: '/var/folders/n4/43n_jxh10gg3s770b_8jbzb80000gn/T/fc-team-coverage-mn5y178v.png'
24:05.559  render           | Saved: '/Users/mohammedkalouti/Documents/Codex/2026-09-27/i/work/art/aircraft-final-production-v3/stage/assets/build/frames/unit.SA.gunship/shadow/empty/d04_f01.png'
24:06.185  render           | Saved: '/Users/mohammedkalouti/Documents/Codex/2026-09-27/i/work/art/aircraft-final-production-v3/stage/assets/build/frames/unit.SA.gunship/beauty/empty/d04_f02.png'
24:06.679  render           | Saved: '/Users/mohammedkalouti/Documents/Codex/2026-09-27/i/work/art/aircraft-final-production-v3/stage/assets/build/frames/unit.SA.gunship/team/empty/d04_f02.png'
24:06.939  render           | Saved: '/var/folders/n4/43n_jxh10gg3s770b_8jbzb80000gn/T/fc-team-coverage-k045uqez.png'
24:07.817  render           | Saved: '/Users/mohammedkalouti/Documents/Codex/2026-09-27/i/work/art/aircraft-final-production-v3/stage/assets/build/frames/unit.SA.gunship/shadow/empty/d04_f02.png'
24:08.454  render           | Saved: '/Users/mohammedkalouti/Documents/Codex/2026-09-27/i/work/art/aircraft-final-production-v3/stage/assets/build/frames/unit.SA.gunship/beauty/empty/d04_f03.png'
24:08.950  render           | Saved: '/Users/mohammedkalouti/Documents/Codex/2026-09-27/i/work/art/aircraft-final-production-v3/stage/assets/build/frames/unit.SA.gunship/team/empty/d04_f03.png'
24:09.211  render           | Saved: '/var/folders/n4/43n_jxh10gg3s770b_8jbzb80000gn/T/fc-team-coverage-3gt4jhzu.png'
24:10.092  render           | Saved: '/Users/mohammedkalouti/Documents/Codex/2026-09-27/i/work/art/aircraft-final-production-v3/stage/assets/build/frames/unit.SA.gunship/shadow/empty/d04_f03.png'
24:10.757  render           | Saved: '/Users/mohammedkalouti/Documents/Codex/2026-09-27/i/work/art/aircraft-final-production-v3/stage/assets/build/frames/unit.SA.gunship/beauty/empty/d05_f00.png'
24:11.242  render           | Saved: '/Users/mohammedkalouti/Documents/Codex/2026-09-27/i/work/art/aircraft-final-production-v3/stage/assets/build/frames/unit.SA.gunship/team/empty/d05_f00.png'
24:11.494  render           | Saved: '/var/folders/n4/43n_jxh10gg3s770b_8jbzb80000gn/T/fc-team-coverage-3xs4jt_t.png'
24:12.361  render           | Saved: '/Users/mohammedkalouti/Documents/Codex/2026-09-27/i/work/art/aircraft-final-production-v3/stage/assets/build/frames/unit.SA.gunship/shadow/empty/d05_f00.png'
24:13.004  render           | Saved: '/Users/mohammedkalouti/Documents/Codex/2026-09-27/i/work/art/aircraft-final-production-v3/stage/assets/build/frames/unit.SA.gunship/beauty/empty/d05_f01.png'
24:13.489  render           | Saved: '/Users/mohammedkalouti/Documents/Codex/2026-09-27/i/work/art/aircraft-final-production-v3/stage/assets/build/frames/unit.SA.gunship/team/empty/d05_f01.png'
24:13.749  render           | Saved: '/var/folders/n4/43n_jxh10gg3s770b_8jbzb80000gn/T/fc-team-coverage-rb3ydwar.png'
24:14.626  render           | Saved: '/Users/mohammedkalouti/Documents/Codex/2026-09-27/i/work/art/aircraft-final-production-v3/stage/assets/build/frames/unit.SA.gunship/shadow/empty/d05_f01.png'
24:15.263  render           | Saved: '/Users/mohammedkalouti/Documents/Codex/2026-09-27/i/work/art/aircraft-final-production-v3/stage/assets/build/frames/unit.SA.gunship/beauty/empty/d05_f02.png'
24:15.750  render           | Saved: '/Users/mohammedkalouti/Documents/Codex/2026-09-27/i/work/art/aircraft-final-production-v3/stage/assets/build/frames/unit.SA.gunship/team/empty/d05_f02.png'
24:16.008  render           | Saved: '/var/folders/n4/43n_jxh10gg3s770b_8jbzb80000gn/T/fc-team-coverage-kt_uc5ok.png'
24:16.903  render           | Saved: '/Users/mohammedkalouti/Documents/Codex/2026-09-27/i/work/art/aircraft-final-production-v3/stage/assets/build/frames/unit.SA.gunship/shadow/empty/d05_f02.png'
24:17.532  render           | Saved: '/Users/mohammedkalouti/Documents/Codex/2026-09-27/i/work/art/aircraft-final-production-v3/stage/assets/build/frames/unit.SA.gunship/beauty/empty/d05_f03.png'
24:18.025  render           | Saved: '/Users/mohammedkalouti/Documents/Codex/2026-09-27/i/work/art/aircraft-final-production-v3/stage/assets/build/frames/unit.SA.gunship/team/empty/d05_f03.png'
24:18.274  render           | Saved: '/var/folders/n4/43n_jxh10gg3s770b_8jbzb80000gn/T/fc-team-coverage-mr5wwx57.png'
24:19.150  render           | Saved: '/Users/mohammedkalouti/Documents/Codex/2026-09-27/i/work/art/aircraft-final-production-v3/stage/assets/build/frames/unit.SA.gunship/shadow/empty/d05_f03.png'
24:19.794  render           | Saved: '/Users/mohammedkalouti/Documents/Codex/2026-09-27/i/work/art/aircraft-final-production-v3/stage/assets/build/frames/unit.SA.gunship/beauty/empty/d06_f00.png'
24:20.282  render           | Saved: '/Users/mohammedkalouti/Documents/Codex/2026-09-27/i/work/art/aircraft-final-production-v3/stage/assets/build/frames/unit.SA.gunship/team/empty/d06_f00.png'
24:20.538  render           | Saved: '/var/folders/n4/43n_jxh10gg3s770b_8jbzb80000gn/T/fc-team-coverage-vhudao50.png'
24:21.424  render           | Saved: '/Users/mohammedkalouti/Documents/Codex/2026-09-27/i/work/art/aircraft-final-production-v3/stage/assets/build/frames/unit.SA.gunship/shadow/empty/d06_f00.png'
24:22.065  render           | Saved: '/Users/mohammedkalouti/Documents/Codex/2026-09-27/i/work/art/aircraft-final-production-v3/stage/assets/build/frames/unit.SA.gunship/beauty/empty/d06_f01.png'
24:22.550  render           | Saved: '/Users/mohammedkalouti/Documents/Codex/2026-09-27/i/work/art/aircraft-final-production-v3/stage/assets/build/frames/unit.SA.gunship/team/empty/d06_f01.png'
24:22.806  render           | Saved: '/var/folders/n4/43n_jxh10gg3s770b_8jbzb80000gn/T/fc-team-coverage-8iilxc85.png'
24:23.693  render           | Saved: '/Users/mohammedkalouti/Documents/Codex/2026-09-27/i/work/art/aircraft-final-production-v3/stage/assets/build/frames/unit.SA.gunship/shadow/empty/d06_f01.png'
24:24.343  render           | Saved: '/Users/mohammedkalouti/Documents/Codex/2026-09-27/i/work/art/aircraft-final-production-v3/stage/assets/build/frames/unit.SA.gunship/beauty/empty/d06_f02.png'
24:24.832  render           | Saved: '/Users/mohammedkalouti/Documents/Codex/2026-09-27/i/work/art/aircraft-final-production-v3/stage/assets/build/frames/unit.SA.gunship/team/empty/d06_f02.png'
24:25.089  render           | Saved: '/var/folders/n4/43n_jxh10gg3s770b_8jbzb80000gn/T/fc-team-coverage-zps63mim.png'
24:25.996  render           | Saved: '/Users/mohammedkalouti/Documents/Codex/2026-09-27/i/work/art/aircraft-final-production-v3/stage/assets/build/frames/unit.SA.gunship/shadow/empty/d06_f02.png'
24:26.749  render           | Saved: '/Users/mohammedkalouti/Documents/Codex/2026-09-27/i/work/art/aircraft-final-production-v3/stage/assets/build/frames/unit.SA.gunship/beauty/empty/d06_f03.png'
24:27.252  render           | Saved: '/Users/mohammedkalouti/Documents/Codex/2026-09-27/i/work/art/aircraft-final-production-v3/stage/assets/build/frames/unit.SA.gunship/team/empty/d06_f03.png'
24:27.507  render           | Saved: '/var/folders/n4/43n_jxh10gg3s770b_8jbzb80000gn/T/fc-team-coverage-1w0do5ry.png'
24:28.384  render           | Saved: '/Users/mohammedkalouti/Documents/Codex/2026-09-27/i/work/art/aircraft-final-production-v3/stage/assets/build/frames/unit.SA.gunship/shadow/empty/d06_f03.png'
24:29.037  render           | Saved: '/Users/mohammedkalouti/Documents/Codex/2026-09-27/i/work/art/aircraft-final-production-v3/stage/assets/build/frames/unit.SA.gunship/beauty/empty/d07_f00.png'
24:29.526  render           | Saved: '/Users/mohammedkalouti/Documents/Codex/2026-09-27/i/work/art/aircraft-final-production-v3/stage/assets/build/frames/unit.SA.gunship/team/empty/d07_f00.png'
24:29.782  render           | Saved: '/var/folders/n4/43n_jxh10gg3s770b_8jbzb80000gn/T/fc-team-coverage-59of39zs.png'
24:30.651  render           | Saved: '/Users/mohammedkalouti/Documents/Codex/2026-09-27/i/work/art/aircraft-final-production-v3/stage/assets/build/frames/unit.SA.gunship/shadow/empty/d07_f00.png'
24:31.294  render           | Saved: '/Users/mohammedkalouti/Documents/Codex/2026-09-27/i/work/art/aircraft-final-production-v3/stage/assets/build/frames/unit.SA.gunship/beauty/empty/d07_f01.png'
24:31.788  render           | Saved: '/Users/mohammedkalouti/Documents/Codex/2026-09-27/i/work/art/aircraft-final-production-v3/stage/assets/build/frames/unit.SA.gunship/team/empty/d07_f01.png'
24:32.040  render           | Saved: '/var/folders/n4/43n_jxh10gg3s770b_8jbzb80000gn/T/fc-team-coverage-6wwtkafv.png'
24:32.925  render           | Saved: '/Users/mohammedkalouti/Documents/Codex/2026-09-27/i/work/art/aircraft-final-production-v3/stage/assets/build/frames/unit.SA.gunship/shadow/empty/d07_f01.png'
24:33.575  render           | Saved: '/Users/mohammedkalouti/Documents/Codex/2026-09-27/i/work/art/aircraft-final-production-v3/stage/assets/build/frames/unit.SA.gunship/beauty/empty/d07_f02.png'
24:34.063  render           | Saved: '/Users/mohammedkalouti/Documents/Codex/2026-09-27/i/work/art/aircraft-final-production-v3/stage/assets/build/frames/unit.SA.gunship/team/empty/d07_f02.png'
24:34.316  render           | Saved: '/var/folders/n4/43n_jxh10gg3s770b_8jbzb80000gn/T/fc-team-coverage-y4dfbkff.png'
24:35.203  render           | Saved: '/Users/mohammedkalouti/Documents/Codex/2026-09-27/i/work/art/aircraft-final-production-v3/stage/assets/build/frames/unit.SA.gunship/shadow/empty/d07_f02.png'
24:35.953  render           | Saved: '/Users/mohammedkalouti/Documents/Codex/2026-09-27/i/work/art/aircraft-final-production-v3/stage/assets/build/frames/unit.SA.gunship/beauty/empty/d07_f03.png'
24:36.470  render           | Saved: '/Users/mohammedkalouti/Documents/Codex/2026-09-27/i/work/art/aircraft-final-production-v3/stage/assets/build/frames/unit.SA.gunship/team/empty/d07_f03.png'
24:36.724  render           | Saved: '/var/folders/n4/43n_jxh10gg3s770b_8jbzb80000gn/T/fc-team-coverage-wg3g5ar3.png'
24:37.614  render           | Saved: '/Users/mohammedkalouti/Documents/Codex/2026-09-27/i/work/art/aircraft-final-production-v3/stage/assets/build/frames/unit.SA.gunship/shadow/empty/d07_f03.png'
24:38.245  render           | Saved: '/Users/mohammedkalouti/Documents/Codex/2026-09-27/i/work/art/aircraft-final-production-v3/stage/assets/build/frames/unit.SA.gunship/beauty/empty/d08_f00.png'
24:38.727  render           | Saved: '/Users/mohammedkalouti/Documents/Codex/2026-09-27/i/work/art/aircraft-final-production-v3/stage/assets/build/frames/unit.SA.gunship/team/empty/d08_f00.png'
24:38.977  render           | Saved: '/var/folders/n4/43n_jxh10gg3s770b_8jbzb80000gn/T/fc-team-coverage-rmz_lmxr.png'
24:39.840  render           | Saved: '/Users/mohammedkalouti/Documents/Codex/2026-09-27/i/work/art/aircraft-final-production-v3/stage/assets/build/frames/unit.SA.gunship/shadow/empty/d08_f00.png'
24:40.467  render           | Saved: '/Users/mohammedkalouti/Documents/Codex/2026-09-27/i/work/art/aircraft-final-production-v3/stage/assets/build/frames/unit.SA.gunship/beauty/empty/d08_f01.png'
24:40.950  render           | Saved: '/Users/mohammedkalouti/Documents/Codex/2026-09-27/i/work/art/aircraft-final-production-v3/stage/assets/build/frames/unit.SA.gunship/team/empty/d08_f01.png'
24:41.203  render           | Saved: '/var/folders/n4/43n_jxh10gg3s770b_8jbzb80000gn/T/fc-team-coverage-k86e6vdr.png'
24:42.076  render           | Saved: '/Users/mohammedkalouti/Documents/Codex/2026-09-27/i/work/art/aircraft-final-production-v3/stage/assets/build/frames/unit.SA.gunship/shadow/empty/d08_f01.png'
24:42.701  render           | Saved: '/Users/mohammedkalouti/Documents/Codex/2026-09-27/i/work/art/aircraft-final-production-v3/stage/assets/build/frames/unit.SA.gunship/beauty/empty/d08_f02.png'
24:43.195  render           | Saved: '/Users/mohammedkalouti/Documents/Codex/2026-09-27/i/work/art/aircraft-final-production-v3/stage/assets/build/frames/unit.SA.gunship/team/empty/d08_f02.png'
24:43.449  render           | Saved: '/var/folders/n4/43n_jxh10gg3s770b_8jbzb80000gn/T/fc-team-coverage-1m8awxod.png'
24:44.316  render           | Saved: '/Users/mohammedkalouti/Documents/Codex/2026-09-27/i/work/art/aircraft-final-production-v3/stage/assets/build/frames/unit.SA.gunship/shadow/empty/d08_f02.png'
24:44.950  render           | Saved: '/Users/mohammedkalouti/Documents/Codex/2026-09-27/i/work/art/aircraft-final-production-v3/stage/assets/build/frames/unit.SA.gunship/beauty/empty/d08_f03.png'
24:45.436  render           | Saved: '/Users/mohammedkalouti/Documents/Codex/2026-09-27/i/work/art/aircraft-final-production-v3/stage/assets/build/frames/unit.SA.gunship/team/empty/d08_f03.png'
24:45.685  render           | Saved: '/var/folders/n4/43n_jxh10gg3s770b_8jbzb80000gn/T/fc-team-coverage-ns_q0ehf.png'
24:46.583  render           | Saved: '/Users/mohammedkalouti/Documents/Codex/2026-09-27/i/work/art/aircraft-final-production-v3/stage/assets/build/frames/unit.SA.gunship/shadow/empty/d08_f03.png'
24:47.230  render           | Saved: '/Users/mohammedkalouti/Documents/Codex/2026-09-27/i/work/art/aircraft-final-production-v3/stage/assets/build/frames/unit.SA.gunship/beauty/empty/d09_f00.png'
24:47.728  render           | Saved: '/Users/mohammedkalouti/Documents/Codex/2026-09-27/i/work/art/aircraft-final-production-v3/stage/assets/build/frames/unit.SA.gunship/team/empty/d09_f00.png'
24:47.988  render           | Saved: '/var/folders/n4/43n_jxh10gg3s770b_8jbzb80000gn/T/fc-team-coverage-z72f1h3y.png'
24:49.011  render           | Saved: '/Users/mohammedkalouti/Documents/Codex/2026-09-27/i/work/art/aircraft-final-production-v3/stage/assets/build/frames/unit.SA.gunship/shadow/empty/d09_f00.png'
24:49.679  render           | Saved: '/Users/mohammedkalouti/Documents/Codex/2026-09-27/i/work/art/aircraft-final-production-v3/stage/assets/build/frames/unit.SA.gunship/beauty/empty/d09_f01.png'
24:50.209  render           | Saved: '/Users/mohammedkalouti/Documents/Codex/2026-09-27/i/work/art/aircraft-final-production-v3/stage/assets/build/frames/unit.SA.gunship/team/empty/d09_f01.png'
24:50.464  render           | Saved: '/var/folders/n4/43n_jxh10gg3s770b_8jbzb80000gn/T/fc-team-coverage-lv4amhk_.png'
24:51.423  render           | Saved: '/Users/mohammedkalouti/Documents/Codex/2026-09-27/i/work/art/aircraft-final-production-v3/stage/assets/build/frames/unit.SA.gunship/shadow/empty/d09_f01.png'
24:52.069  render           | Saved: '/Users/mohammedkalouti/Documents/Codex/2026-09-27/i/work/art/aircraft-final-production-v3/stage/assets/build/frames/unit.SA.gunship/beauty/empty/d09_f02.png'
24:52.566  render           | Saved: '/Users/mohammedkalouti/Documents/Codex/2026-09-27/i/work/art/aircraft-final-production-v3/stage/assets/build/frames/unit.SA.gunship/team/empty/d09_f02.png'
24:52.815  render           | Saved: '/var/folders/n4/43n_jxh10gg3s770b_8jbzb80000gn/T/fc-team-coverage-94ab0t6c.png'
24:53.706  render           | Saved: '/Users/mohammedkalouti/Documents/Codex/2026-09-27/i/work/art/aircraft-final-production-v3/stage/assets/build/frames/unit.SA.gunship/shadow/empty/d09_f02.png'
24:54.352  render           | Saved: '/Users/mohammedkalouti/Documents/Codex/2026-09-27/i/work/art/aircraft-final-production-v3/stage/assets/build/frames/unit.SA.gunship/beauty/empty/d09_f03.png'
24:54.851  render           | Saved: '/Users/mohammedkalouti/Documents/Codex/2026-09-27/i/work/art/aircraft-final-production-v3/stage/assets/build/frames/unit.SA.gunship/team/empty/d09_f03.png'
24:55.107  render           | Saved: '/var/folders/n4/43n_jxh10gg3s770b_8jbzb80000gn/T/fc-team-coverage-kfq5f6mk.png'
24:55.989  render           | Saved: '/Users/mohammedkalouti/Documents/Codex/2026-09-27/i/work/art/aircraft-final-production-v3/stage/assets/build/frames/unit.SA.gunship/shadow/empty/d09_f03.png'
24:56.631  render           | Saved: '/Users/mohammedkalouti/Documents/Codex/2026-09-27/i/work/art/aircraft-final-production-v3/stage/assets/build/frames/unit.SA.gunship/beauty/empty/d10_f00.png'
24:57.130  render           | Saved: '/Users/mohammedkalouti/Documents/Codex/2026-09-27/i/work/art/aircraft-final-production-v3/stage/assets/build/frames/unit.SA.gunship/team/empty/d10_f00.png'
24:57.397  render           | Saved: '/var/folders/n4/43n_jxh10gg3s770b_8jbzb80000gn/T/fc-team-coverage-om9bi6xd.png'
24:58.313  render           | Saved: '/Users/mohammedkalouti/Documents/Codex/2026-09-27/i/work/art/aircraft-final-production-v3/stage/assets/build/frames/unit.SA.gunship/shadow/empty/d10_f00.png'
24:58.956  render           | Saved: '/Users/mohammedkalouti/Documents/Codex/2026-09-27/i/work/art/aircraft-final-production-v3/stage/assets/build/frames/unit.SA.gunship/beauty/empty/d10_f01.png'
24:59.459  render           | Saved: '/Users/mohammedkalouti/Documents/Codex/2026-09-27/i/work/art/aircraft-final-production-v3/stage/assets/build/frames/unit.SA.gunship/team/empty/d10_f01.png'
24:59.719  render           | Saved: '/var/folders/n4/43n_jxh10gg3s770b_8jbzb80000gn/T/fc-team-coverage-bec543yo.png'
25:00.626  render           | Saved: '/Users/mohammedkalouti/Documents/Codex/2026-09-27/i/work/art/aircraft-final-production-v3/stage/assets/build/frames/unit.SA.gunship/shadow/empty/d10_f01.png'
25:01.257  render           | Saved: '/Users/mohammedkalouti/Documents/Codex/2026-09-27/i/work/art/aircraft-final-production-v3/stage/assets/build/frames/unit.SA.gunship/beauty/empty/d10_f02.png'
25:01.754  render           | Saved: '/Users/mohammedkalouti/Documents/Codex/2026-09-27/i/work/art/aircraft-final-production-v3/stage/assets/build/frames/unit.SA.gunship/team/empty/d10_f02.png'
25:02.009  render           | Saved: '/var/folders/n4/43n_jxh10gg3s770b_8jbzb80000gn/T/fc-team-coverage-vcypbi2c.png'
25:02.892  render           | Saved: '/Users/mohammedkalouti/Documents/Codex/2026-09-27/i/work/art/aircraft-final-production-v3/stage/assets/build/frames/unit.SA.gunship/shadow/empty/d10_f02.png'
25:03.521  render           | Saved: '/Users/mohammedkalouti/Documents/Codex/2026-09-27/i/work/art/aircraft-final-production-v3/stage/assets/build/frames/unit.SA.gunship/beauty/empty/d10_f03.png'
25:04.004  render           | Saved: '/Users/mohammedkalouti/Documents/Codex/2026-09-27/i/work/art/aircraft-final-production-v3/stage/assets/build/frames/unit.SA.gunship/team/empty/d10_f03.png'
25:04.259  render           | Saved: '/var/folders/n4/43n_jxh10gg3s770b_8jbzb80000gn/T/fc-team-coverage-mzez_a5m.png'
25:05.154  render           | Saved: '/Users/mohammedkalouti/Documents/Codex/2026-09-27/i/work/art/aircraft-final-production-v3/stage/assets/build/frames/unit.SA.gunship/shadow/empty/d10_f03.png'
25:05.803  render           | Saved: '/Users/mohammedkalouti/Documents/Codex/2026-09-27/i/work/art/aircraft-final-production-v3/stage/assets/build/frames/unit.SA.gunship/beauty/empty/d11_f00.png'
25:06.312  render           | Saved: '/Users/mohammedkalouti/Documents/Codex/2026-09-27/i/work/art/aircraft-final-production-v3/stage/assets/build/frames/unit.SA.gunship/team/empty/d11_f00.png'
25:06.576  render           | Saved: '/var/folders/n4/43n_jxh10gg3s770b_8jbzb80000gn/T/fc-team-coverage-na4q3d6r.png'
25:07.460  render           | Saved: '/Users/mohammedkalouti/Documents/Codex/2026-09-27/i/work/art/aircraft-final-production-v3/stage/assets/build/frames/unit.SA.gunship/shadow/empty/d11_f00.png'
25:08.091  render           | Saved: '/Users/mohammedkalouti/Documents/Codex/2026-09-27/i/work/art/aircraft-final-production-v3/stage/assets/build/frames/unit.SA.gunship/beauty/empty/d11_f01.png'
25:08.585  render           | Saved: '/Users/mohammedkalouti/Documents/Codex/2026-09-27/i/work/art/aircraft-final-production-v3/stage/assets/build/frames/unit.SA.gunship/team/empty/d11_f01.png'
25:08.847  render           | Saved: '/var/folders/n4/43n_jxh10gg3s770b_8jbzb80000gn/T/fc-team-coverage-koonc7hi.png'
25:09.728  render           | Saved: '/Users/mohammedkalouti/Documents/Codex/2026-09-27/i/work/art/aircraft-final-production-v3/stage/assets/build/frames/unit.SA.gunship/shadow/empty/d11_f01.png'
25:10.378  render           | Saved: '/Users/mohammedkalouti/Documents/Codex/2026-09-27/i/work/art/aircraft-final-production-v3/stage/assets/build/frames/unit.SA.gunship/beauty/empty/d11_f02.png'
25:10.920  render           | Saved: '/Users/mohammedkalouti/Documents/Codex/2026-09-27/i/work/art/aircraft-final-production-v3/stage/assets/build/frames/unit.SA.gunship/team/empty/d11_f02.png'
25:11.216  render           | Saved: '/var/folders/n4/43n_jxh10gg3s770b_8jbzb80000gn/T/fc-team-coverage-2i0_6ekl.png'
25:12.153  render           | Saved: '/Users/mohammedkalouti/Documents/Codex/2026-09-27/i/work/art/aircraft-final-production-v3/stage/assets/build/frames/unit.SA.gunship/shadow/empty/d11_f02.png'
25:12.788  render           | Saved: '/Users/mohammedkalouti/Documents/Codex/2026-09-27/i/work/art/aircraft-final-production-v3/stage/assets/build/frames/unit.SA.gunship/beauty/empty/d11_f03.png'
25:13.282  render           | Saved: '/Users/mohammedkalouti/Documents/Codex/2026-09-27/i/work/art/aircraft-final-production-v3/stage/assets/build/frames/unit.SA.gunship/team/empty/d11_f03.png'
25:13.535  render           | Saved: '/var/folders/n4/43n_jxh10gg3s770b_8jbzb80000gn/T/fc-team-coverage-itnclb42.png'
25:14.446  render           | Saved: '/Users/mohammedkalouti/Documents/Codex/2026-09-27/i/work/art/aircraft-final-production-v3/stage/assets/build/frames/unit.SA.gunship/shadow/empty/d11_f03.png'
25:15.090  render           | Saved: '/Users/mohammedkalouti/Documents/Codex/2026-09-27/i/work/art/aircraft-final-production-v3/stage/assets/build/frames/unit.SA.gunship/beauty/empty/d12_f00.png'
25:15.579  render           | Saved: '/Users/mohammedkalouti/Documents/Codex/2026-09-27/i/work/art/aircraft-final-production-v3/stage/assets/build/frames/unit.SA.gunship/team/empty/d12_f00.png'
25:15.836  render           | Saved: '/var/folders/n4/43n_jxh10gg3s770b_8jbzb80000gn/T/fc-team-coverage-p6u89mlc.png'
25:16.716  render           | Saved: '/Users/mohammedkalouti/Documents/Codex/2026-09-27/i/work/art/aircraft-final-production-v3/stage/assets/build/frames/unit.SA.gunship/shadow/empty/d12_f00.png'
25:17.353  render           | Saved: '/Users/mohammedkalouti/Documents/Codex/2026-09-27/i/work/art/aircraft-final-production-v3/stage/assets/build/frames/unit.SA.gunship/beauty/empty/d12_f01.png'
25:17.851  render           | Saved: '/Users/mohammedkalouti/Documents/Codex/2026-09-27/i/work/art/aircraft-final-production-v3/stage/assets/build/frames/unit.SA.gunship/team/empty/d12_f01.png'
25:18.105  render           | Saved: '/var/folders/n4/43n_jxh10gg3s770b_8jbzb80000gn/T/fc-team-coverage-jwgumqa0.png'
25:19.004  render           | Saved: '/Users/mohammedkalouti/Documents/Codex/2026-09-27/i/work/art/aircraft-final-production-v3/stage/assets/build/frames/unit.SA.gunship/shadow/empty/d12_f01.png'
25:19.642  render           | Saved: '/Users/mohammedkalouti/Documents/Codex/2026-09-27/i/work/art/aircraft-final-production-v3/stage/assets/build/frames/unit.SA.gunship/beauty/empty/d12_f02.png'
25:20.144  render           | Saved: '/Users/mohammedkalouti/Documents/Codex/2026-09-27/i/work/art/aircraft-final-production-v3/stage/assets/build/frames/unit.SA.gunship/team/empty/d12_f02.png'
25:20.403  render           | Saved: '/var/folders/n4/43n_jxh10gg3s770b_8jbzb80000gn/T/fc-team-coverage-97rs4i4v.png'
25:21.296  render           | Saved: '/Users/mohammedkalouti/Documents/Codex/2026-09-27/i/work/art/aircraft-final-production-v3/stage/assets/build/frames/unit.SA.gunship/shadow/empty/d12_f02.png'
25:21.927  render           | Saved: '/Users/mohammedkalouti/Documents/Codex/2026-09-27/i/work/art/aircraft-final-production-v3/stage/assets/build/frames/unit.SA.gunship/beauty/empty/d12_f03.png'
25:22.437  render           | Saved: '/Users/mohammedkalouti/Documents/Codex/2026-09-27/i/work/art/aircraft-final-production-v3/stage/assets/build/frames/unit.SA.gunship/team/empty/d12_f03.png'
25:22.707  render           | Saved: '/var/folders/n4/43n_jxh10gg3s770b_8jbzb80000gn/T/fc-team-coverage-ceqtjshe.png'
25:23.587  render           | Saved: '/Users/mohammedkalouti/Documents/Codex/2026-09-27/i/work/art/aircraft-final-production-v3/stage/assets/build/frames/unit.SA.gunship/shadow/empty/d12_f03.png'
25:24.227  render           | Saved: '/Users/mohammedkalouti/Documents/Codex/2026-09-27/i/work/art/aircraft-final-production-v3/stage/assets/build/frames/unit.SA.gunship/beauty/empty/d13_f00.png'
25:24.721  render           | Saved: '/Users/mohammedkalouti/Documents/Codex/2026-09-27/i/work/art/aircraft-final-production-v3/stage/assets/build/frames/unit.SA.gunship/team/empty/d13_f00.png'
25:24.979  render           | Saved: '/var/folders/n4/43n_jxh10gg3s770b_8jbzb80000gn/T/fc-team-coverage-8pohnp0o.png'
25:25.872  render           | Saved: '/Users/mohammedkalouti/Documents/Codex/2026-09-27/i/work/art/aircraft-final-production-v3/stage/assets/build/frames/unit.SA.gunship/shadow/empty/d13_f00.png'
25:26.519  render           | Saved: '/Users/mohammedkalouti/Documents/Codex/2026-09-27/i/work/art/aircraft-final-production-v3/stage/assets/build/frames/unit.SA.gunship/beauty/empty/d13_f01.png'
25:27.012  render           | Saved: '/Users/mohammedkalouti/Documents/Codex/2026-09-27/i/work/art/aircraft-final-production-v3/stage/assets/build/frames/unit.SA.gunship/team/empty/d13_f01.png'
25:27.277  render           | Saved: '/var/folders/n4/43n_jxh10gg3s770b_8jbzb80000gn/T/fc-team-coverage-1u4aly9e.png'
25:28.165  render           | Saved: '/Users/mohammedkalouti/Documents/Codex/2026-09-27/i/work/art/aircraft-final-production-v3/stage/assets/build/frames/unit.SA.gunship/shadow/empty/d13_f01.png'
25:28.828  render           | Saved: '/Users/mohammedkalouti/Documents/Codex/2026-09-27/i/work/art/aircraft-final-production-v3/stage/assets/build/frames/unit.SA.gunship/beauty/empty/d13_f02.png'
25:29.323  render           | Saved: '/Users/mohammedkalouti/Documents/Codex/2026-09-27/i/work/art/aircraft-final-production-v3/stage/assets/build/frames/unit.SA.gunship/team/empty/d13_f02.png'
25:29.592  render           | Saved: '/var/folders/n4/43n_jxh10gg3s770b_8jbzb80000gn/T/fc-team-coverage-6zttc7si.png'
25:30.483  render           | Saved: '/Users/mohammedkalouti/Documents/Codex/2026-09-27/i/work/art/aircraft-final-production-v3/stage/assets/build/frames/unit.SA.gunship/shadow/empty/d13_f02.png'
25:31.132  render           | Saved: '/Users/mohammedkalouti/Documents/Codex/2026-09-27/i/work/art/aircraft-final-production-v3/stage/assets/build/frames/unit.SA.gunship/beauty/empty/d13_f03.png'
25:31.623  render           | Saved: '/Users/mohammedkalouti/Documents/Codex/2026-09-27/i/work/art/aircraft-final-production-v3/stage/assets/build/frames/unit.SA.gunship/team/empty/d13_f03.png'
25:31.887  render           | Saved: '/var/folders/n4/43n_jxh10gg3s770b_8jbzb80000gn/T/fc-team-coverage-3y5_tbi8.png'
25:32.768  render           | Saved: '/Users/mohammedkalouti/Documents/Codex/2026-09-27/i/work/art/aircraft-final-production-v3/stage/assets/build/frames/unit.SA.gunship/shadow/empty/d13_f03.png'
25:33.423  render           | Saved: '/Users/mohammedkalouti/Documents/Codex/2026-09-27/i/work/art/aircraft-final-production-v3/stage/assets/build/frames/unit.SA.gunship/beauty/empty/d14_f00.png'
25:33.911  render           | Saved: '/Users/mohammedkalouti/Documents/Codex/2026-09-27/i/work/art/aircraft-final-production-v3/stage/assets/build/frames/unit.SA.gunship/team/empty/d14_f00.png'
25:34.177  render           | Saved: '/var/folders/n4/43n_jxh10gg3s770b_8jbzb80000gn/T/fc-team-coverage-681r1722.png'
25:35.063  render           | Saved: '/Users/mohammedkalouti/Documents/Codex/2026-09-27/i/work/art/aircraft-final-production-v3/stage/assets/build/frames/unit.SA.gunship/shadow/empty/d14_f00.png'
25:35.709  render           | Saved: '/Users/mohammedkalouti/Documents/Codex/2026-09-27/i/work/art/aircraft-final-production-v3/stage/assets/build/frames/unit.SA.gunship/beauty/empty/d14_f01.png'
25:36.202  render           | Saved: '/Users/mohammedkalouti/Documents/Codex/2026-09-27/i/work/art/aircraft-final-production-v3/stage/assets/build/frames/unit.SA.gunship/team/empty/d14_f01.png'
25:36.459  render           | Saved: '/var/folders/n4/43n_jxh10gg3s770b_8jbzb80000gn/T/fc-team-coverage-o7swea3d.png'
25:37.371  render           | Saved: '/Users/mohammedkalouti/Documents/Codex/2026-09-27/i/work/art/aircraft-final-production-v3/stage/assets/build/frames/unit.SA.gunship/shadow/empty/d14_f01.png'
25:38.028  render           | Saved: '/Users/mohammedkalouti/Documents/Codex/2026-09-27/i/work/art/aircraft-final-production-v3/stage/assets/build/frames/unit.SA.gunship/beauty/empty/d14_f02.png'
25:38.547  render           | Saved: '/Users/mohammedkalouti/Documents/Codex/2026-09-27/i/work/art/aircraft-final-production-v3/stage/assets/build/frames/unit.SA.gunship/team/empty/d14_f02.png'
25:38.806  render           | Saved: '/var/folders/n4/43n_jxh10gg3s770b_8jbzb80000gn/T/fc-team-coverage-ws5s0spg.png'
25:39.692  render           | Saved: '/Users/mohammedkalouti/Documents/Codex/2026-09-27/i/work/art/aircraft-final-production-v3/stage/assets/build/frames/unit.SA.gunship/shadow/empty/d14_f02.png'
25:40.341  render           | Saved: '/Users/mohammedkalouti/Documents/Codex/2026-09-27/i/work/art/aircraft-final-production-v3/stage/assets/build/frames/unit.SA.gunship/beauty/empty/d14_f03.png'
25:40.830  render           | Saved: '/Users/mohammedkalouti/Documents/Codex/2026-09-27/i/work/art/aircraft-final-production-v3/stage/assets/build/frames/unit.SA.gunship/team/empty/d14_f03.png'
25:41.087  render           | Saved: '/var/folders/n4/43n_jxh10gg3s770b_8jbzb80000gn/T/fc-team-coverage-td3foh5g.png'
25:41.961  render           | Saved: '/Users/mohammedkalouti/Documents/Codex/2026-09-27/i/work/art/aircraft-final-production-v3/stage/assets/build/frames/unit.SA.gunship/shadow/empty/d14_f03.png'
25:42.609  render           | Saved: '/Users/mohammedkalouti/Documents/Codex/2026-09-27/i/work/art/aircraft-final-production-v3/stage/assets/build/frames/unit.SA.gunship/beauty/empty/d15_f00.png'
25:43.119  render           | Saved: '/Users/mohammedkalouti/Documents/Codex/2026-09-27/i/work/art/aircraft-final-production-v3/stage/assets/build/frames/unit.SA.gunship/team/empty/d15_f00.png'
25:43.373  render           | Saved: '/var/folders/n4/43n_jxh10gg3s770b_8jbzb80000gn/T/fc-team-coverage-5ho3qes7.png'
25:44.376  render           | Saved: '/Users/mohammedkalouti/Documents/Codex/2026-09-27/i/work/art/aircraft-final-production-v3/stage/assets/build/frames/unit.SA.gunship/shadow/empty/d15_f00.png'
25:45.106  render           | Saved: '/Users/mohammedkalouti/Documents/Codex/2026-09-27/i/work/art/aircraft-final-production-v3/stage/assets/build/frames/unit.SA.gunship/beauty/empty/d15_f01.png'
25:45.602  render           | Saved: '/Users/mohammedkalouti/Documents/Codex/2026-09-27/i/work/art/aircraft-final-production-v3/stage/assets/build/frames/unit.SA.gunship/team/empty/d15_f01.png'
25:45.878  render           | Saved: '/var/folders/n4/43n_jxh10gg3s770b_8jbzb80000gn/T/fc-team-coverage-vran53tm.png'
25:46.789  render           | Saved: '/Users/mohammedkalouti/Documents/Codex/2026-09-27/i/work/art/aircraft-final-production-v3/stage/assets/build/frames/unit.SA.gunship/shadow/empty/d15_f01.png'
25:47.446  render           | Saved: '/Users/mohammedkalouti/Documents/Codex/2026-09-27/i/work/art/aircraft-final-production-v3/stage/assets/build/frames/unit.SA.gunship/beauty/empty/d15_f02.png'
25:47.960  render           | Saved: '/Users/mohammedkalouti/Documents/Codex/2026-09-27/i/work/art/aircraft-final-production-v3/stage/assets/build/frames/unit.SA.gunship/team/empty/d15_f02.png'
25:48.221  render           | Saved: '/var/folders/n4/43n_jxh10gg3s770b_8jbzb80000gn/T/fc-team-coverage-282o3dim.png'
25:49.117  render           | Saved: '/Users/mohammedkalouti/Documents/Codex/2026-09-27/i/work/art/aircraft-final-production-v3/stage/assets/build/frames/unit.SA.gunship/shadow/empty/d15_f02.png'
25:49.773  render           | Saved: '/Users/mohammedkalouti/Documents/Codex/2026-09-27/i/work/art/aircraft-final-production-v3/stage/assets/build/frames/unit.SA.gunship/beauty/empty/d15_f03.png'
25:50.263  render           | Saved: '/Users/mohammedkalouti/Documents/Codex/2026-09-27/i/work/art/aircraft-final-production-v3/stage/assets/build/frames/unit.SA.gunship/team/empty/d15_f03.png'
25:50.517  render           | Saved: '/var/folders/n4/43n_jxh10gg3s770b_8jbzb80000gn/T/fc-team-coverage-6akz68pd.png'
25:51.408  render           | Saved: '/Users/mohammedkalouti/Documents/Codex/2026-09-27/i/work/art/aircraft-final-production-v3/stage/assets/build/frames/unit.SA.gunship/shadow/empty/d15_f03.png'
25:52.084  render           | Saved: '/Users/mohammedkalouti/Documents/Codex/2026-09-27/i/work/art/aircraft-final-production-v3/stage/assets/build/frames/unit.SA.gunship/beauty/fire_empty/d00_f00.png'
25:52.597  render           | Saved: '/Users/mohammedkalouti/Documents/Codex/2026-09-27/i/work/art/aircraft-final-production-v3/stage/assets/build/frames/unit.SA.gunship/team/fire_empty/d00_f00.png'
25:52.862  render           | Saved: '/var/folders/n4/43n_jxh10gg3s770b_8jbzb80000gn/T/fc-team-coverage-c0ud1teb.png'
25:53.745  render           | Saved: '/Users/mohammedkalouti/Documents/Codex/2026-09-27/i/work/art/aircraft-final-production-v3/stage/assets/build/frames/unit.SA.gunship/shadow/fire_empty/d00_f00.png'
25:54.426  render           | Saved: '/Users/mohammedkalouti/Documents/Codex/2026-09-27/i/work/art/aircraft-final-production-v3/stage/assets/build/frames/unit.SA.gunship/beauty/fire_empty/d00_f01.png'
25:54.918  render           | Saved: '/Users/mohammedkalouti/Documents/Codex/2026-09-27/i/work/art/aircraft-final-production-v3/stage/assets/build/frames/unit.SA.gunship/team/fire_empty/d00_f01.png'
25:55.176  render           | Saved: '/var/folders/n4/43n_jxh10gg3s770b_8jbzb80000gn/T/fc-team-coverage-2w38lbss.png'
25:56.050  render           | Saved: '/Users/mohammedkalouti/Documents/Codex/2026-09-27/i/work/art/aircraft-final-production-v3/stage/assets/build/frames/unit.SA.gunship/shadow/fire_empty/d00_f01.png'
25:56.716  render           | Saved: '/Users/mohammedkalouti/Documents/Codex/2026-09-27/i/work/art/aircraft-final-production-v3/stage/assets/build/frames/unit.SA.gunship/beauty/fire_empty/d00_f02.png'
25:57.209  render           | Saved: '/Users/mohammedkalouti/Documents/Codex/2026-09-27/i/work/art/aircraft-final-production-v3/stage/assets/build/frames/unit.SA.gunship/team/fire_empty/d00_f02.png'
25:57.471  render           | Saved: '/var/folders/n4/43n_jxh10gg3s770b_8jbzb80000gn/T/fc-team-coverage-2wccih3k.png'
25:58.345  render           | Saved: '/Users/mohammedkalouti/Documents/Codex/2026-09-27/i/work/art/aircraft-final-production-v3/stage/assets/build/frames/unit.SA.gunship/shadow/fire_empty/d00_f02.png'
25:59.008  render           | Saved: '/Users/mohammedkalouti/Documents/Codex/2026-09-27/i/work/art/aircraft-final-production-v3/stage/assets/build/frames/unit.SA.gunship/beauty/fire_empty/d01_f00.png'
25:59.496  render           | Saved: '/Users/mohammedkalouti/Documents/Codex/2026-09-27/i/work/art/aircraft-final-production-v3/stage/assets/build/frames/unit.SA.gunship/team/fire_empty/d01_f00.png'
25:59.759  render           | Saved: '/var/folders/n4/43n_jxh10gg3s770b_8jbzb80000gn/T/fc-team-coverage-wt3jpc65.png'
26:00.642  render           | Saved: '/Users/mohammedkalouti/Documents/Codex/2026-09-27/i/work/art/aircraft-final-production-v3/stage/assets/build/frames/unit.SA.gunship/shadow/fire_empty/d01_f00.png'
26:01.310  render           | Saved: '/Users/mohammedkalouti/Documents/Codex/2026-09-27/i/work/art/aircraft-final-production-v3/stage/assets/build/frames/unit.SA.gunship/beauty/fire_empty/d01_f01.png'
26:01.799  render           | Saved: '/Users/mohammedkalouti/Documents/Codex/2026-09-27/i/work/art/aircraft-final-production-v3/stage/assets/build/frames/unit.SA.gunship/team/fire_empty/d01_f01.png'
26:02.061  render           | Saved: '/var/folders/n4/43n_jxh10gg3s770b_8jbzb80000gn/T/fc-team-coverage-c765fysd.png'
26:02.938  render           | Saved: '/Users/mohammedkalouti/Documents/Codex/2026-09-27/i/work/art/aircraft-final-production-v3/stage/assets/build/frames/unit.SA.gunship/shadow/fire_empty/d01_f01.png'
26:03.596  render           | Saved: '/Users/mohammedkalouti/Documents/Codex/2026-09-27/i/work/art/aircraft-final-production-v3/stage/assets/build/frames/unit.SA.gunship/beauty/fire_empty/d01_f02.png'
26:04.087  render           | Saved: '/Users/mohammedkalouti/Documents/Codex/2026-09-27/i/work/art/aircraft-final-production-v3/stage/assets/build/frames/unit.SA.gunship/team/fire_empty/d01_f02.png'
26:04.344  render           | Saved: '/var/folders/n4/43n_jxh10gg3s770b_8jbzb80000gn/T/fc-team-coverage-t3dq7bde.png'
26:05.236  render           | Saved: '/Users/mohammedkalouti/Documents/Codex/2026-09-27/i/work/art/aircraft-final-production-v3/stage/assets/build/frames/unit.SA.gunship/shadow/fire_empty/d01_f02.png'
26:05.893  render           | Saved: '/Users/mohammedkalouti/Documents/Codex/2026-09-27/i/work/art/aircraft-final-production-v3/stage/assets/build/frames/unit.SA.gunship/beauty/fire_empty/d02_f00.png'
26:06.407  render           | Saved: '/Users/mohammedkalouti/Documents/Codex/2026-09-27/i/work/art/aircraft-final-production-v3/stage/assets/build/frames/unit.SA.gunship/team/fire_empty/d02_f00.png'
26:06.666  render           | Saved: '/var/folders/n4/43n_jxh10gg3s770b_8jbzb80000gn/T/fc-team-coverage-rrnfue80.png'
26:07.561  render           | Saved: '/Users/mohammedkalouti/Documents/Codex/2026-09-27/i/work/art/aircraft-final-production-v3/stage/assets/build/frames/unit.SA.gunship/shadow/fire_empty/d02_f00.png'
26:08.229  render           | Saved: '/Users/mohammedkalouti/Documents/Codex/2026-09-27/i/work/art/aircraft-final-production-v3/stage/assets/build/frames/unit.SA.gunship/beauty/fire_empty/d02_f01.png'
26:08.739  render           | Saved: '/Users/mohammedkalouti/Documents/Codex/2026-09-27/i/work/art/aircraft-final-production-v3/stage/assets/build/frames/unit.SA.gunship/team/fire_empty/d02_f01.png'
26:09.011  render           | Saved: '/var/folders/n4/43n_jxh10gg3s770b_8jbzb80000gn/T/fc-team-coverage-kjise3z0.png'
26:09.921  render           | Saved: '/Users/mohammedkalouti/Documents/Codex/2026-09-27/i/work/art/aircraft-final-production-v3/stage/assets/build/frames/unit.SA.gunship/shadow/fire_empty/d02_f01.png'
26:10.578  render           | Saved: '/Users/mohammedkalouti/Documents/Codex/2026-09-27/i/work/art/aircraft-final-production-v3/stage/assets/build/frames/unit.SA.gunship/beauty/fire_empty/d02_f02.png'
26:11.076  render           | Saved: '/Users/mohammedkalouti/Documents/Codex/2026-09-27/i/work/art/aircraft-final-production-v3/stage/assets/build/frames/unit.SA.gunship/team/fire_empty/d02_f02.png'
26:11.339  render           | Saved: '/var/folders/n4/43n_jxh10gg3s770b_8jbzb80000gn/T/fc-team-coverage-7x1yf0fh.png'
26:12.254  render           | Saved: '/Users/mohammedkalouti/Documents/Codex/2026-09-27/i/work/art/aircraft-final-production-v3/stage/assets/build/frames/unit.SA.gunship/shadow/fire_empty/d02_f02.png'
26:12.903  render           | Saved: '/Users/mohammedkalouti/Documents/Codex/2026-09-27/i/work/art/aircraft-final-production-v3/stage/assets/build/frames/unit.SA.gunship/beauty/fire_empty/d03_f00.png'
26:13.391  render           | Saved: '/Users/mohammedkalouti/Documents/Codex/2026-09-27/i/work/art/aircraft-final-production-v3/stage/assets/build/frames/unit.SA.gunship/team/fire_empty/d03_f00.png'
26:13.657  render           | Saved: '/var/folders/n4/43n_jxh10gg3s770b_8jbzb80000gn/T/fc-team-coverage-79_svdmm.png'
26:14.556  render           | Saved: '/Users/mohammedkalouti/Documents/Codex/2026-09-27/i/work/art/aircraft-final-production-v3/stage/assets/build/frames/unit.SA.gunship/shadow/fire_empty/d03_f00.png'
26:15.212  render           | Saved: '/Users/mohammedkalouti/Documents/Codex/2026-09-27/i/work/art/aircraft-final-production-v3/stage/assets/build/frames/unit.SA.gunship/beauty/fire_empty/d03_f01.png'
26:15.712  render           | Saved: '/Users/mohammedkalouti/Documents/Codex/2026-09-27/i/work/art/aircraft-final-production-v3/stage/assets/build/frames/unit.SA.gunship/team/fire_empty/d03_f01.png'
26:15.975  render           | Saved: '/var/folders/n4/43n_jxh10gg3s770b_8jbzb80000gn/T/fc-team-coverage-qvnfooqd.png'
26:16.894  render           | Saved: '/Users/mohammedkalouti/Documents/Codex/2026-09-27/i/work/art/aircraft-final-production-v3/stage/assets/build/frames/unit.SA.gunship/shadow/fire_empty/d03_f01.png'
26:17.550  render           | Saved: '/Users/mohammedkalouti/Documents/Codex/2026-09-27/i/work/art/aircraft-final-production-v3/stage/assets/build/frames/unit.SA.gunship/beauty/fire_empty/d03_f02.png'
26:18.053  render           | Saved: '/Users/mohammedkalouti/Documents/Codex/2026-09-27/i/work/art/aircraft-final-production-v3/stage/assets/build/frames/unit.SA.gunship/team/fire_empty/d03_f02.png'
26:18.323  render           | Saved: '/var/folders/n4/43n_jxh10gg3s770b_8jbzb80000gn/T/fc-team-coverage-5nkgb3qu.png'
26:19.218  render           | Saved: '/Users/mohammedkalouti/Documents/Codex/2026-09-27/i/work/art/aircraft-final-production-v3/stage/assets/build/frames/unit.SA.gunship/shadow/fire_empty/d03_f02.png'
26:19.893  render           | Saved: '/Users/mohammedkalouti/Documents/Codex/2026-09-27/i/work/art/aircraft-final-production-v3/stage/assets/build/frames/unit.SA.gunship/beauty/fire_empty/d04_f00.png'
26:20.383  render           | Saved: '/Users/mohammedkalouti/Documents/Codex/2026-09-27/i/work/art/aircraft-final-production-v3/stage/assets/build/frames/unit.SA.gunship/team/fire_empty/d04_f00.png'
26:20.641  render           | Saved: '/var/folders/n4/43n_jxh10gg3s770b_8jbzb80000gn/T/fc-team-coverage-aegtisrz.png'
26:21.519  render           | Saved: '/Users/mohammedkalouti/Documents/Codex/2026-09-27/i/work/art/aircraft-final-production-v3/stage/assets/build/frames/unit.SA.gunship/shadow/fire_empty/d04_f00.png'
26:22.174  render           | Saved: '/Users/mohammedkalouti/Documents/Codex/2026-09-27/i/work/art/aircraft-final-production-v3/stage/assets/build/frames/unit.SA.gunship/beauty/fire_empty/d04_f01.png'
26:22.670  render           | Saved: '/Users/mohammedkalouti/Documents/Codex/2026-09-27/i/work/art/aircraft-final-production-v3/stage/assets/build/frames/unit.SA.gunship/team/fire_empty/d04_f01.png'
26:22.946  render           | Saved: '/var/folders/n4/43n_jxh10gg3s770b_8jbzb80000gn/T/fc-team-coverage-k4f9ku7p.png'
26:23.817  render           | Saved: '/Users/mohammedkalouti/Documents/Codex/2026-09-27/i/work/art/aircraft-final-production-v3/stage/assets/build/frames/unit.SA.gunship/shadow/fire_empty/d04_f01.png'
26:24.461  render           | Saved: '/Users/mohammedkalouti/Documents/Codex/2026-09-27/i/work/art/aircraft-final-production-v3/stage/assets/build/frames/unit.SA.gunship/beauty/fire_empty/d04_f02.png'
26:24.952  render           | Saved: '/Users/mohammedkalouti/Documents/Codex/2026-09-27/i/work/art/aircraft-final-production-v3/stage/assets/build/frames/unit.SA.gunship/team/fire_empty/d04_f02.png'
26:25.214  render           | Saved: '/var/folders/n4/43n_jxh10gg3s770b_8jbzb80000gn/T/fc-team-coverage-df8goz8h.png'
26:26.091  render           | Saved: '/Users/mohammedkalouti/Documents/Codex/2026-09-27/i/work/art/aircraft-final-production-v3/stage/assets/build/frames/unit.SA.gunship/shadow/fire_empty/d04_f02.png'
26:26.749  render           | Saved: '/Users/mohammedkalouti/Documents/Codex/2026-09-27/i/work/art/aircraft-final-production-v3/stage/assets/build/frames/unit.SA.gunship/beauty/fire_empty/d05_f00.png'
26:27.244  render           | Saved: '/Users/mohammedkalouti/Documents/Codex/2026-09-27/i/work/art/aircraft-final-production-v3/stage/assets/build/frames/unit.SA.gunship/team/fire_empty/d05_f00.png'
26:27.505  render           | Saved: '/var/folders/n4/43n_jxh10gg3s770b_8jbzb80000gn/T/fc-team-coverage-o4o5vnbo.png'
26:28.390  render           | Saved: '/Users/mohammedkalouti/Documents/Codex/2026-09-27/i/work/art/aircraft-final-production-v3/stage/assets/build/frames/unit.SA.gunship/shadow/fire_empty/d05_f00.png'
26:29.056  render           | Saved: '/Users/mohammedkalouti/Documents/Codex/2026-09-27/i/work/art/aircraft-final-production-v3/stage/assets/build/frames/unit.SA.gunship/beauty/fire_empty/d05_f01.png'
26:29.548  render           | Saved: '/Users/mohammedkalouti/Documents/Codex/2026-09-27/i/work/art/aircraft-final-production-v3/stage/assets/build/frames/unit.SA.gunship/team/fire_empty/d05_f01.png'
26:29.808  render           | Saved: '/var/folders/n4/43n_jxh10gg3s770b_8jbzb80000gn/T/fc-team-coverage-1imtyzr2.png'
26:30.715  render           | Saved: '/Users/mohammedkalouti/Documents/Codex/2026-09-27/i/work/art/aircraft-final-production-v3/stage/assets/build/frames/unit.SA.gunship/shadow/fire_empty/d05_f01.png'
26:31.370  render           | Saved: '/Users/mohammedkalouti/Documents/Codex/2026-09-27/i/work/art/aircraft-final-production-v3/stage/assets/build/frames/unit.SA.gunship/beauty/fire_empty/d05_f02.png'
26:31.861  render           | Saved: '/Users/mohammedkalouti/Documents/Codex/2026-09-27/i/work/art/aircraft-final-production-v3/stage/assets/build/frames/unit.SA.gunship/team/fire_empty/d05_f02.png'
26:32.123  render           | Saved: '/var/folders/n4/43n_jxh10gg3s770b_8jbzb80000gn/T/fc-team-coverage-g7h9m195.png'
26:32.997  render           | Saved: '/Users/mohammedkalouti/Documents/Codex/2026-09-27/i/work/art/aircraft-final-production-v3/stage/assets/build/frames/unit.SA.gunship/shadow/fire_empty/d05_f02.png'
26:33.659  render           | Saved: '/Users/mohammedkalouti/Documents/Codex/2026-09-27/i/work/art/aircraft-final-production-v3/stage/assets/build/frames/unit.SA.gunship/beauty/fire_empty/d06_f00.png'
26:34.145  render           | Saved: '/Users/mohammedkalouti/Documents/Codex/2026-09-27/i/work/art/aircraft-final-production-v3/stage/assets/build/frames/unit.SA.gunship/team/fire_empty/d06_f00.png'
26:34.407  render           | Saved: '/var/folders/n4/43n_jxh10gg3s770b_8jbzb80000gn/T/fc-team-coverage-j1aly_tz.png'
26:35.282  render           | Saved: '/Users/mohammedkalouti/Documents/Codex/2026-09-27/i/work/art/aircraft-final-production-v3/stage/assets/build/frames/unit.SA.gunship/shadow/fire_empty/d06_f00.png'
26:35.938  render           | Saved: '/Users/mohammedkalouti/Documents/Codex/2026-09-27/i/work/art/aircraft-final-production-v3/stage/assets/build/frames/unit.SA.gunship/beauty/fire_empty/d06_f01.png'
26:36.434  render           | Saved: '/Users/mohammedkalouti/Documents/Codex/2026-09-27/i/work/art/aircraft-final-production-v3/stage/assets/build/frames/unit.SA.gunship/team/fire_empty/d06_f01.png'
26:36.690  render           | Saved: '/var/folders/n4/43n_jxh10gg3s770b_8jbzb80000gn/T/fc-team-coverage-9_9j8432.png'
26:37.599  render           | Saved: '/Users/mohammedkalouti/Documents/Codex/2026-09-27/i/work/art/aircraft-final-production-v3/stage/assets/build/frames/unit.SA.gunship/shadow/fire_empty/d06_f01.png'
26:38.270  render           | Saved: '/Users/mohammedkalouti/Documents/Codex/2026-09-27/i/work/art/aircraft-final-production-v3/stage/assets/build/frames/unit.SA.gunship/beauty/fire_empty/d06_f02.png'
26:38.786  render           | Saved: '/Users/mohammedkalouti/Documents/Codex/2026-09-27/i/work/art/aircraft-final-production-v3/stage/assets/build/frames/unit.SA.gunship/team/fire_empty/d06_f02.png'
26:39.039  render           | Saved: '/var/folders/n4/43n_jxh10gg3s770b_8jbzb80000gn/T/fc-team-coverage-7t5vl4jg.png'
26:39.923  render           | Saved: '/Users/mohammedkalouti/Documents/Codex/2026-09-27/i/work/art/aircraft-final-production-v3/stage/assets/build/frames/unit.SA.gunship/shadow/fire_empty/d06_f02.png'
26:40.582  render           | Saved: '/Users/mohammedkalouti/Documents/Codex/2026-09-27/i/work/art/aircraft-final-production-v3/stage/assets/build/frames/unit.SA.gunship/beauty/fire_empty/d07_f00.png'
26:41.073  render           | Saved: '/Users/mohammedkalouti/Documents/Codex/2026-09-27/i/work/art/aircraft-final-production-v3/stage/assets/build/frames/unit.SA.gunship/team/fire_empty/d07_f00.png'
26:41.320  render           | Saved: '/var/folders/n4/43n_jxh10gg3s770b_8jbzb80000gn/T/fc-team-coverage-u_di1eyv.png'
26:42.194  render           | Saved: '/Users/mohammedkalouti/Documents/Codex/2026-09-27/i/work/art/aircraft-final-production-v3/stage/assets/build/frames/unit.SA.gunship/shadow/fire_empty/d07_f00.png'
26:42.856  render           | Saved: '/Users/mohammedkalouti/Documents/Codex/2026-09-27/i/work/art/aircraft-final-production-v3/stage/assets/build/frames/unit.SA.gunship/beauty/fire_empty/d07_f01.png'
26:43.353  render           | Saved: '/Users/mohammedkalouti/Documents/Codex/2026-09-27/i/work/art/aircraft-final-production-v3/stage/assets/build/frames/unit.SA.gunship/team/fire_empty/d07_f01.png'
26:43.617  render           | Saved: '/var/folders/n4/43n_jxh10gg3s770b_8jbzb80000gn/T/fc-team-coverage-2gzmv9se.png'
26:44.519  render           | Saved: '/Users/mohammedkalouti/Documents/Codex/2026-09-27/i/work/art/aircraft-final-production-v3/stage/assets/build/frames/unit.SA.gunship/shadow/fire_empty/d07_f01.png'
26:45.191  render           | Saved: '/Users/mohammedkalouti/Documents/Codex/2026-09-27/i/work/art/aircraft-final-production-v3/stage/assets/build/frames/unit.SA.gunship/beauty/fire_empty/d07_f02.png'
26:45.693  render           | Saved: '/Users/mohammedkalouti/Documents/Codex/2026-09-27/i/work/art/aircraft-final-production-v3/stage/assets/build/frames/unit.SA.gunship/team/fire_empty/d07_f02.png'
26:45.954  render           | Saved: '/var/folders/n4/43n_jxh10gg3s770b_8jbzb80000gn/T/fc-team-coverage-wqugo631.png'
26:46.827  render           | Saved: '/Users/mohammedkalouti/Documents/Codex/2026-09-27/i/work/art/aircraft-final-production-v3/stage/assets/build/frames/unit.SA.gunship/shadow/fire_empty/d07_f02.png'
26:47.468  render           | Saved: '/Users/mohammedkalouti/Documents/Codex/2026-09-27/i/work/art/aircraft-final-production-v3/stage/assets/build/frames/unit.SA.gunship/beauty/fire_empty/d08_f00.png'
26:47.954  render           | Saved: '/Users/mohammedkalouti/Documents/Codex/2026-09-27/i/work/art/aircraft-final-production-v3/stage/assets/build/frames/unit.SA.gunship/team/fire_empty/d08_f00.png'
26:48.215  render           | Saved: '/var/folders/n4/43n_jxh10gg3s770b_8jbzb80000gn/T/fc-team-coverage-gu4sqb_q.png'
26:49.088  render           | Saved: '/Users/mohammedkalouti/Documents/Codex/2026-09-27/i/work/art/aircraft-final-production-v3/stage/assets/build/frames/unit.SA.gunship/shadow/fire_empty/d08_f00.png'
26:49.737  render           | Saved: '/Users/mohammedkalouti/Documents/Codex/2026-09-27/i/work/art/aircraft-final-production-v3/stage/assets/build/frames/unit.SA.gunship/beauty/fire_empty/d08_f01.png'
26:50.237  render           | Saved: '/Users/mohammedkalouti/Documents/Codex/2026-09-27/i/work/art/aircraft-final-production-v3/stage/assets/build/frames/unit.SA.gunship/team/fire_empty/d08_f01.png'
26:50.490  render           | Saved: '/var/folders/n4/43n_jxh10gg3s770b_8jbzb80000gn/T/fc-team-coverage-9n8xdhk2.png'
26:51.358  render           | Saved: '/Users/mohammedkalouti/Documents/Codex/2026-09-27/i/work/art/aircraft-final-production-v3/stage/assets/build/frames/unit.SA.gunship/shadow/fire_empty/d08_f01.png'
26:52.045  render           | Saved: '/Users/mohammedkalouti/Documents/Codex/2026-09-27/i/work/art/aircraft-final-production-v3/stage/assets/build/frames/unit.SA.gunship/beauty/fire_empty/d08_f02.png'
26:52.576  render           | Saved: '/Users/mohammedkalouti/Documents/Codex/2026-09-27/i/work/art/aircraft-final-production-v3/stage/assets/build/frames/unit.SA.gunship/team/fire_empty/d08_f02.png'
26:52.837  render           | Saved: '/var/folders/n4/43n_jxh10gg3s770b_8jbzb80000gn/T/fc-team-coverage-p9xlwrbu.png'
26:53.726  render           | Saved: '/Users/mohammedkalouti/Documents/Codex/2026-09-27/i/work/art/aircraft-final-production-v3/stage/assets/build/frames/unit.SA.gunship/shadow/fire_empty/d08_f02.png'
26:54.372  render           | Saved: '/Users/mohammedkalouti/Documents/Codex/2026-09-27/i/work/art/aircraft-final-production-v3/stage/assets/build/frames/unit.SA.gunship/beauty/fire_empty/d09_f00.png'
26:54.860  render           | Saved: '/Users/mohammedkalouti/Documents/Codex/2026-09-27/i/work/art/aircraft-final-production-v3/stage/assets/build/frames/unit.SA.gunship/team/fire_empty/d09_f00.png'
26:55.119  render           | Saved: '/var/folders/n4/43n_jxh10gg3s770b_8jbzb80000gn/T/fc-team-coverage-rp9e29ki.png'
26:55.988  render           | Saved: '/Users/mohammedkalouti/Documents/Codex/2026-09-27/i/work/art/aircraft-final-production-v3/stage/assets/build/frames/unit.SA.gunship/shadow/fire_empty/d09_f00.png'
26:56.633  render           | Saved: '/Users/mohammedkalouti/Documents/Codex/2026-09-27/i/work/art/aircraft-final-production-v3/stage/assets/build/frames/unit.SA.gunship/beauty/fire_empty/d09_f01.png'
26:57.119  render           | Saved: '/Users/mohammedkalouti/Documents/Codex/2026-09-27/i/work/art/aircraft-final-production-v3/stage/assets/build/frames/unit.SA.gunship/team/fire_empty/d09_f01.png'
26:57.372  render           | Saved: '/var/folders/n4/43n_jxh10gg3s770b_8jbzb80000gn/T/fc-team-coverage-rjp6vpk1.png'
26:58.237  render           | Saved: '/Users/mohammedkalouti/Documents/Codex/2026-09-27/i/work/art/aircraft-final-production-v3/stage/assets/build/frames/unit.SA.gunship/shadow/fire_empty/d09_f01.png'
26:58.892  render           | Saved: '/Users/mohammedkalouti/Documents/Codex/2026-09-27/i/work/art/aircraft-final-production-v3/stage/assets/build/frames/unit.SA.gunship/beauty/fire_empty/d09_f02.png'
26:59.380  render           | Saved: '/Users/mohammedkalouti/Documents/Codex/2026-09-27/i/work/art/aircraft-final-production-v3/stage/assets/build/frames/unit.SA.gunship/team/fire_empty/d09_f02.png'
26:59.638  render           | Saved: '/var/folders/n4/43n_jxh10gg3s770b_8jbzb80000gn/T/fc-team-coverage-z670mvh2.png'
27:00.542  render           | Saved: '/Users/mohammedkalouti/Documents/Codex/2026-09-27/i/work/art/aircraft-final-production-v3/stage/assets/build/frames/unit.SA.gunship/shadow/fire_empty/d09_f02.png'
27:01.180  render           | Saved: '/Users/mohammedkalouti/Documents/Codex/2026-09-27/i/work/art/aircraft-final-production-v3/stage/assets/build/frames/unit.SA.gunship/beauty/fire_empty/d10_f00.png'
27:01.663  render           | Saved: '/Users/mohammedkalouti/Documents/Codex/2026-09-27/i/work/art/aircraft-final-production-v3/stage/assets/build/frames/unit.SA.gunship/team/fire_empty/d10_f00.png'
27:01.918  render           | Saved: '/var/folders/n4/43n_jxh10gg3s770b_8jbzb80000gn/T/fc-team-coverage-utr5vut1.png'
27:02.792  render           | Saved: '/Users/mohammedkalouti/Documents/Codex/2026-09-27/i/work/art/aircraft-final-production-v3/stage/assets/build/frames/unit.SA.gunship/shadow/fire_empty/d10_f00.png'
27:03.446  render           | Saved: '/Users/mohammedkalouti/Documents/Codex/2026-09-27/i/work/art/aircraft-final-production-v3/stage/assets/build/frames/unit.SA.gunship/beauty/fire_empty/d10_f01.png'
27:03.952  render           | Saved: '/Users/mohammedkalouti/Documents/Codex/2026-09-27/i/work/art/aircraft-final-production-v3/stage/assets/build/frames/unit.SA.gunship/team/fire_empty/d10_f01.png'
27:04.225  render           | Saved: '/var/folders/n4/43n_jxh10gg3s770b_8jbzb80000gn/T/fc-team-coverage-q6bligvr.png'
27:05.115  render           | Saved: '/Users/mohammedkalouti/Documents/Codex/2026-09-27/i/work/art/aircraft-final-production-v3/stage/assets/build/frames/unit.SA.gunship/shadow/fire_empty/d10_f01.png'
27:05.757  render           | Saved: '/Users/mohammedkalouti/Documents/Codex/2026-09-27/i/work/art/aircraft-final-production-v3/stage/assets/build/frames/unit.SA.gunship/beauty/fire_empty/d10_f02.png'
27:06.248  render           | Saved: '/Users/mohammedkalouti/Documents/Codex/2026-09-27/i/work/art/aircraft-final-production-v3/stage/assets/build/frames/unit.SA.gunship/team/fire_empty/d10_f02.png'
27:06.504  render           | Saved: '/var/folders/n4/43n_jxh10gg3s770b_8jbzb80000gn/T/fc-team-coverage-6xgi2568.png'
27:07.411  render           | Saved: '/Users/mohammedkalouti/Documents/Codex/2026-09-27/i/work/art/aircraft-final-production-v3/stage/assets/build/frames/unit.SA.gunship/shadow/fire_empty/d10_f02.png'
27:08.054  render           | Saved: '/Users/mohammedkalouti/Documents/Codex/2026-09-27/i/work/art/aircraft-final-production-v3/stage/assets/build/frames/unit.SA.gunship/beauty/fire_empty/d11_f00.png'
27:08.539  render           | Saved: '/Users/mohammedkalouti/Documents/Codex/2026-09-27/i/work/art/aircraft-final-production-v3/stage/assets/build/frames/unit.SA.gunship/team/fire_empty/d11_f00.png'
27:08.796  render           | Saved: '/var/folders/n4/43n_jxh10gg3s770b_8jbzb80000gn/T/fc-team-coverage-xgjvqiim.png'
27:09.717  render           | Saved: '/Users/mohammedkalouti/Documents/Codex/2026-09-27/i/work/art/aircraft-final-production-v3/stage/assets/build/frames/unit.SA.gunship/shadow/fire_empty/d11_f00.png'
27:10.384  render           | Saved: '/Users/mohammedkalouti/Documents/Codex/2026-09-27/i/work/art/aircraft-final-production-v3/stage/assets/build/frames/unit.SA.gunship/beauty/fire_empty/d11_f01.png'
27:10.874  render           | Saved: '/Users/mohammedkalouti/Documents/Codex/2026-09-27/i/work/art/aircraft-final-production-v3/stage/assets/build/frames/unit.SA.gunship/team/fire_empty/d11_f01.png'
27:11.135  render           | Saved: '/var/folders/n4/43n_jxh10gg3s770b_8jbzb80000gn/T/fc-team-coverage-kpcizgpf.png'
27:12.031  render           | Saved: '/Users/mohammedkalouti/Documents/Codex/2026-09-27/i/work/art/aircraft-final-production-v3/stage/assets/build/frames/unit.SA.gunship/shadow/fire_empty/d11_f01.png'
27:12.681  render           | Saved: '/Users/mohammedkalouti/Documents/Codex/2026-09-27/i/work/art/aircraft-final-production-v3/stage/assets/build/frames/unit.SA.gunship/beauty/fire_empty/d11_f02.png'
27:13.174  render           | Saved: '/Users/mohammedkalouti/Documents/Codex/2026-09-27/i/work/art/aircraft-final-production-v3/stage/assets/build/frames/unit.SA.gunship/team/fire_empty/d11_f02.png'
27:13.433  render           | Saved: '/var/folders/n4/43n_jxh10gg3s770b_8jbzb80000gn/T/fc-team-coverage-l1i1xx8c.png'
27:14.297  render           | Saved: '/Users/mohammedkalouti/Documents/Codex/2026-09-27/i/work/art/aircraft-final-production-v3/stage/assets/build/frames/unit.SA.gunship/shadow/fire_empty/d11_f02.png'
27:14.939  render           | Saved: '/Users/mohammedkalouti/Documents/Codex/2026-09-27/i/work/art/aircraft-final-production-v3/stage/assets/build/frames/unit.SA.gunship/beauty/fire_empty/d12_f00.png'
27:15.429  render           | Saved: '/Users/mohammedkalouti/Documents/Codex/2026-09-27/i/work/art/aircraft-final-production-v3/stage/assets/build/frames/unit.SA.gunship/team/fire_empty/d12_f00.png'
27:15.685  render           | Saved: '/var/folders/n4/43n_jxh10gg3s770b_8jbzb80000gn/T/fc-team-coverage-vuaup_i7.png'
27:16.586  render           | Saved: '/Users/mohammedkalouti/Documents/Codex/2026-09-27/i/work/art/aircraft-final-production-v3/stage/assets/build/frames/unit.SA.gunship/shadow/fire_empty/d12_f00.png'
27:17.245  render           | Saved: '/Users/mohammedkalouti/Documents/Codex/2026-09-27/i/work/art/aircraft-final-production-v3/stage/assets/build/frames/unit.SA.gunship/beauty/fire_empty/d12_f01.png'
27:17.748  render           | Saved: '/Users/mohammedkalouti/Documents/Codex/2026-09-27/i/work/art/aircraft-final-production-v3/stage/assets/build/frames/unit.SA.gunship/team/fire_empty/d12_f01.png'
27:18.003  render           | Saved: '/var/folders/n4/43n_jxh10gg3s770b_8jbzb80000gn/T/fc-team-coverage-fs8fj2pt.png'
27:18.876  render           | Saved: '/Users/mohammedkalouti/Documents/Codex/2026-09-27/i/work/art/aircraft-final-production-v3/stage/assets/build/frames/unit.SA.gunship/shadow/fire_empty/d12_f01.png'
27:19.528  render           | Saved: '/Users/mohammedkalouti/Documents/Codex/2026-09-27/i/work/art/aircraft-final-production-v3/stage/assets/build/frames/unit.SA.gunship/beauty/fire_empty/d12_f02.png'
27:20.026  render           | Saved: '/Users/mohammedkalouti/Documents/Codex/2026-09-27/i/work/art/aircraft-final-production-v3/stage/assets/build/frames/unit.SA.gunship/team/fire_empty/d12_f02.png'
27:20.287  render           | Saved: '/var/folders/n4/43n_jxh10gg3s770b_8jbzb80000gn/T/fc-team-coverage-msgip2vz.png'
27:21.147  render           | Saved: '/Users/mohammedkalouti/Documents/Codex/2026-09-27/i/work/art/aircraft-final-production-v3/stage/assets/build/frames/unit.SA.gunship/shadow/fire_empty/d12_f02.png'
27:21.801  render           | Saved: '/Users/mohammedkalouti/Documents/Codex/2026-09-27/i/work/art/aircraft-final-production-v3/stage/assets/build/frames/unit.SA.gunship/beauty/fire_empty/d13_f00.png'
27:22.292  render           | Saved: '/Users/mohammedkalouti/Documents/Codex/2026-09-27/i/work/art/aircraft-final-production-v3/stage/assets/build/frames/unit.SA.gunship/team/fire_empty/d13_f00.png'
27:22.548  render           | Saved: '/var/folders/n4/43n_jxh10gg3s770b_8jbzb80000gn/T/fc-team-coverage-c6j9p4j5.png'
27:23.431  render           | Saved: '/Users/mohammedkalouti/Documents/Codex/2026-09-27/i/work/art/aircraft-final-production-v3/stage/assets/build/frames/unit.SA.gunship/shadow/fire_empty/d13_f00.png'
27:24.090  render           | Saved: '/Users/mohammedkalouti/Documents/Codex/2026-09-27/i/work/art/aircraft-final-production-v3/stage/assets/build/frames/unit.SA.gunship/beauty/fire_empty/d13_f01.png'
27:24.583  render           | Saved: '/Users/mohammedkalouti/Documents/Codex/2026-09-27/i/work/art/aircraft-final-production-v3/stage/assets/build/frames/unit.SA.gunship/team/fire_empty/d13_f01.png'
27:24.837  render           | Saved: '/var/folders/n4/43n_jxh10gg3s770b_8jbzb80000gn/T/fc-team-coverage-ehq_x252.png'
27:25.714  render           | Saved: '/Users/mohammedkalouti/Documents/Codex/2026-09-27/i/work/art/aircraft-final-production-v3/stage/assets/build/frames/unit.SA.gunship/shadow/fire_empty/d13_f01.png'
27:26.385  render           | Saved: '/Users/mohammedkalouti/Documents/Codex/2026-09-27/i/work/art/aircraft-final-production-v3/stage/assets/build/frames/unit.SA.gunship/beauty/fire_empty/d13_f02.png'
27:26.871  render           | Saved: '/Users/mohammedkalouti/Documents/Codex/2026-09-27/i/work/art/aircraft-final-production-v3/stage/assets/build/frames/unit.SA.gunship/team/fire_empty/d13_f02.png'
27:27.121  render           | Saved: '/var/folders/n4/43n_jxh10gg3s770b_8jbzb80000gn/T/fc-team-coverage-87ycw1ki.png'
27:28.009  render           | Saved: '/Users/mohammedkalouti/Documents/Codex/2026-09-27/i/work/art/aircraft-final-production-v3/stage/assets/build/frames/unit.SA.gunship/shadow/fire_empty/d13_f02.png'
27:28.695  render           | Saved: '/Users/mohammedkalouti/Documents/Codex/2026-09-27/i/work/art/aircraft-final-production-v3/stage/assets/build/frames/unit.SA.gunship/beauty/fire_empty/d14_f00.png'
27:29.192  render           | Saved: '/Users/mohammedkalouti/Documents/Codex/2026-09-27/i/work/art/aircraft-final-production-v3/stage/assets/build/frames/unit.SA.gunship/team/fire_empty/d14_f00.png'
27:29.451  render           | Saved: '/var/folders/n4/43n_jxh10gg3s770b_8jbzb80000gn/T/fc-team-coverage-g93cl2oq.png'
27:30.324  render           | Saved: '/Users/mohammedkalouti/Documents/Codex/2026-09-27/i/work/art/aircraft-final-production-v3/stage/assets/build/frames/unit.SA.gunship/shadow/fire_empty/d14_f00.png'
27:30.996  render           | Saved: '/Users/mohammedkalouti/Documents/Codex/2026-09-27/i/work/art/aircraft-final-production-v3/stage/assets/build/frames/unit.SA.gunship/beauty/fire_empty/d14_f01.png'
27:31.492  render           | Saved: '/Users/mohammedkalouti/Documents/Codex/2026-09-27/i/work/art/aircraft-final-production-v3/stage/assets/build/frames/unit.SA.gunship/team/fire_empty/d14_f01.png'
27:31.746  render           | Saved: '/var/folders/n4/43n_jxh10gg3s770b_8jbzb80000gn/T/fc-team-coverage-mx4nye7i.png'
27:32.624  render           | Saved: '/Users/mohammedkalouti/Documents/Codex/2026-09-27/i/work/art/aircraft-final-production-v3/stage/assets/build/frames/unit.SA.gunship/shadow/fire_empty/d14_f01.png'
27:33.286  render           | Saved: '/Users/mohammedkalouti/Documents/Codex/2026-09-27/i/work/art/aircraft-final-production-v3/stage/assets/build/frames/unit.SA.gunship/beauty/fire_empty/d14_f02.png'
27:33.769  render           | Saved: '/Users/mohammedkalouti/Documents/Codex/2026-09-27/i/work/art/aircraft-final-production-v3/stage/assets/build/frames/unit.SA.gunship/team/fire_empty/d14_f02.png'
27:34.022  render           | Saved: '/var/folders/n4/43n_jxh10gg3s770b_8jbzb80000gn/T/fc-team-coverage-zlmlnfib.png'
27:34.906  render           | Saved: '/Users/mohammedkalouti/Documents/Codex/2026-09-27/i/work/art/aircraft-final-production-v3/stage/assets/build/frames/unit.SA.gunship/shadow/fire_empty/d14_f02.png'
27:35.572  render           | Saved: '/Users/mohammedkalouti/Documents/Codex/2026-09-27/i/work/art/aircraft-final-production-v3/stage/assets/build/frames/unit.SA.gunship/beauty/fire_empty/d15_f00.png'
27:36.061  render           | Saved: '/Users/mohammedkalouti/Documents/Codex/2026-09-27/i/work/art/aircraft-final-production-v3/stage/assets/build/frames/unit.SA.gunship/team/fire_empty/d15_f00.png'
27:36.321  render           | Saved: '/var/folders/n4/43n_jxh10gg3s770b_8jbzb80000gn/T/fc-team-coverage-d_uunr_z.png'
27:37.216  render           | Saved: '/Users/mohammedkalouti/Documents/Codex/2026-09-27/i/work/art/aircraft-final-production-v3/stage/assets/build/frames/unit.SA.gunship/shadow/fire_empty/d15_f00.png'
27:37.889  render           | Saved: '/Users/mohammedkalouti/Documents/Codex/2026-09-27/i/work/art/aircraft-final-production-v3/stage/assets/build/frames/unit.SA.gunship/beauty/fire_empty/d15_f01.png'
27:38.395  render           | Saved: '/Users/mohammedkalouti/Documents/Codex/2026-09-27/i/work/art/aircraft-final-production-v3/stage/assets/build/frames/unit.SA.gunship/team/fire_empty/d15_f01.png'
27:38.658  render           | Saved: '/var/folders/n4/43n_jxh10gg3s770b_8jbzb80000gn/T/fc-team-coverage-jqep_qma.png'
27:39.534  render           | Saved: '/Users/mohammedkalouti/Documents/Codex/2026-09-27/i/work/art/aircraft-final-production-v3/stage/assets/build/frames/unit.SA.gunship/shadow/fire_empty/d15_f01.png'
27:40.193  render           | Saved: '/Users/mohammedkalouti/Documents/Codex/2026-09-27/i/work/art/aircraft-final-production-v3/stage/assets/build/frames/unit.SA.gunship/beauty/fire_empty/d15_f02.png'
27:40.680  render           | Saved: '/Users/mohammedkalouti/Documents/Codex/2026-09-27/i/work/art/aircraft-final-production-v3/stage/assets/build/frames/unit.SA.gunship/team/fire_empty/d15_f02.png'
27:40.937  render           | Saved: '/var/folders/n4/43n_jxh10gg3s770b_8jbzb80000gn/T/fc-team-coverage-18a6ye8x.png'
27:41.811  render           | Saved: '/Users/mohammedkalouti/Documents/Codex/2026-09-27/i/work/art/aircraft-final-production-v3/stage/assets/build/frames/unit.SA.gunship/shadow/fire_empty/d15_f02.png'
27:42.386  render           | Saved: '/Users/mohammedkalouti/Documents/Codex/2026-09-27/i/work/art/aircraft-final-production-v3/stage/assets/build/frames/unit.SA.gunship/beauty/parked_empty/d00_f00.png'
27:42.884  render           | Saved: '/Users/mohammedkalouti/Documents/Codex/2026-09-27/i/work/art/aircraft-final-production-v3/stage/assets/build/frames/unit.SA.gunship/team/parked_empty/d00_f00.png'
27:43.735  render           | Saved: '/Users/mohammedkalouti/Documents/Codex/2026-09-27/i/work/art/aircraft-final-production-v3/stage/assets/build/frames/unit.SA.gunship/shadow/parked_empty/d00_f00.png'
27:44.339  render           | Saved: '/Users/mohammedkalouti/Documents/Codex/2026-09-27/i/work/art/aircraft-final-production-v3/stage/assets/build/frames/unit.SA.gunship/beauty/parked_empty/d01_f00.png'
27:44.824  render           | Saved: '/Users/mohammedkalouti/Documents/Codex/2026-09-27/i/work/art/aircraft-final-production-v3/stage/assets/build/frames/unit.SA.gunship/team/parked_empty/d01_f00.png'
27:45.626  render           | Saved: '/Users/mohammedkalouti/Documents/Codex/2026-09-27/i/work/art/aircraft-final-production-v3/stage/assets/build/frames/unit.SA.gunship/shadow/parked_empty/d01_f00.png'
27:46.183  render           | Saved: '/Users/mohammedkalouti/Documents/Codex/2026-09-27/i/work/art/aircraft-final-production-v3/stage/assets/build/frames/unit.SA.gunship/beauty/parked_empty/d02_f00.png'
27:46.683  render           | Saved: '/Users/mohammedkalouti/Documents/Codex/2026-09-27/i/work/art/aircraft-final-production-v3/stage/assets/build/frames/unit.SA.gunship/team/parked_empty/d02_f00.png'
27:47.515  render           | Saved: '/Users/mohammedkalouti/Documents/Codex/2026-09-27/i/work/art/aircraft-final-production-v3/stage/assets/build/frames/unit.SA.gunship/shadow/parked_empty/d02_f00.png'
27:48.099  render           | Saved: '/Users/mohammedkalouti/Documents/Codex/2026-09-27/i/work/art/aircraft-final-production-v3/stage/assets/build/frames/unit.SA.gunship/beauty/parked_empty/d04_f00.png'
27:48.616  render           | Saved: '/Users/mohammedkalouti/Documents/Codex/2026-09-27/i/work/art/aircraft-final-production-v3/stage/assets/build/frames/unit.SA.gunship/team/parked_empty/d04_f00.png'
27:49.486  render           | Saved: '/Users/mohammedkalouti/Documents/Codex/2026-09-27/i/work/art/aircraft-final-production-v3/stage/assets/build/frames/unit.SA.gunship/shadow/parked_empty/d04_f00.png'
27:50.087  render           | Saved: '/Users/mohammedkalouti/Documents/Codex/2026-09-27/i/work/art/aircraft-final-production-v3/stage/assets/build/frames/unit.SA.gunship/beauty/parked_empty/d05_f00.png'
27:50.585  render           | Saved: '/Users/mohammedkalouti/Documents/Codex/2026-09-27/i/work/art/aircraft-final-production-v3/stage/assets/build/frames/unit.SA.gunship/team/parked_empty/d05_f00.png'
27:51.386  render           | Saved: '/Users/mohammedkalouti/Documents/Codex/2026-09-27/i/work/art/aircraft-final-production-v3/stage/assets/build/frames/unit.SA.gunship/shadow/parked_empty/d05_f00.png'
27:51.960  render           | Saved: '/Users/mohammedkalouti/Documents/Codex/2026-09-27/i/work/art/aircraft-final-production-v3/stage/assets/build/frames/unit.SA.gunship/beauty/parked_empty/d06_f00.png'
27:52.436  render           | Saved: '/Users/mohammedkalouti/Documents/Codex/2026-09-27/i/work/art/aircraft-final-production-v3/stage/assets/build/frames/unit.SA.gunship/team/parked_empty/d06_f00.png'
27:53.247  render           | Saved: '/Users/mohammedkalouti/Documents/Codex/2026-09-27/i/work/art/aircraft-final-production-v3/stage/assets/build/frames/unit.SA.gunship/shadow/parked_empty/d06_f00.png'
27:53.799  render           | Saved: '/Users/mohammedkalouti/Documents/Codex/2026-09-27/i/work/art/aircraft-final-production-v3/stage/assets/build/frames/unit.SA.gunship/beauty/parked_empty/d08_f00.png'
27:54.302  render           | Saved: '/Users/mohammedkalouti/Documents/Codex/2026-09-27/i/work/art/aircraft-final-production-v3/stage/assets/build/frames/unit.SA.gunship/team/parked_empty/d08_f00.png'
27:55.123  render           | Saved: '/Users/mohammedkalouti/Documents/Codex/2026-09-27/i/work/art/aircraft-final-production-v3/stage/assets/build/frames/unit.SA.gunship/shadow/parked_empty/d08_f00.png'
27:55.707  render           | Saved: '/Users/mohammedkalouti/Documents/Codex/2026-09-27/i/work/art/aircraft-final-production-v3/stage/assets/build/frames/unit.SA.gunship/beauty/parked_empty/d09_f00.png'
27:56.219  render           | Saved: '/Users/mohammedkalouti/Documents/Codex/2026-09-27/i/work/art/aircraft-final-production-v3/stage/assets/build/frames/unit.SA.gunship/team/parked_empty/d09_f00.png'
27:57.036  render           | Saved: '/Users/mohammedkalouti/Documents/Codex/2026-09-27/i/work/art/aircraft-final-production-v3/stage/assets/build/frames/unit.SA.gunship/shadow/parked_empty/d09_f00.png'
27:57.599  render           | Saved: '/Users/mohammedkalouti/Documents/Codex/2026-09-27/i/work/art/aircraft-final-production-v3/stage/assets/build/frames/unit.SA.gunship/beauty/parked_empty/d10_f00.png'
27:58.104  render           | Saved: '/Users/mohammedkalouti/Documents/Codex/2026-09-27/i/work/art/aircraft-final-production-v3/stage/assets/build/frames/unit.SA.gunship/team/parked_empty/d10_f00.png'
27:58.967  render           | Saved: '/Users/mohammedkalouti/Documents/Codex/2026-09-27/i/work/art/aircraft-final-production-v3/stage/assets/build/frames/unit.SA.gunship/shadow/parked_empty/d10_f00.png'
27:59.635  render           | Saved: '/Users/mohammedkalouti/Documents/Codex/2026-09-27/i/work/art/aircraft-final-production-v3/stage/assets/build/frames/unit.SA.gunship/beauty/parked_empty/d12_f00.png'
28:00.192  render           | Saved: '/Users/mohammedkalouti/Documents/Codex/2026-09-27/i/work/art/aircraft-final-production-v3/stage/assets/build/frames/unit.SA.gunship/team/parked_empty/d12_f00.png'
28:01.030  render           | Saved: '/Users/mohammedkalouti/Documents/Codex/2026-09-27/i/work/art/aircraft-final-production-v3/stage/assets/build/frames/unit.SA.gunship/shadow/parked_empty/d12_f00.png'
28:01.603  render           | Saved: '/Users/mohammedkalouti/Documents/Codex/2026-09-27/i/work/art/aircraft-final-production-v3/stage/assets/build/frames/unit.SA.gunship/beauty/parked_empty/d13_f00.png'
28:02.084  render           | Saved: '/Users/mohammedkalouti/Documents/Codex/2026-09-27/i/work/art/aircraft-final-production-v3/stage/assets/build/frames/unit.SA.gunship/team/parked_empty/d13_f00.png'
28:02.901  render           | Saved: '/Users/mohammedkalouti/Documents/Codex/2026-09-27/i/work/art/aircraft-final-production-v3/stage/assets/build/frames/unit.SA.gunship/shadow/parked_empty/d13_f00.png'
28:03.469  render           | Saved: '/Users/mohammedkalouti/Documents/Codex/2026-09-27/i/work/art/aircraft-final-production-v3/stage/assets/build/frames/unit.SA.gunship/beauty/parked_empty/d14_f00.png'
28:03.964  render           | Saved: '/Users/mohammedkalouti/Documents/Codex/2026-09-27/i/work/art/aircraft-final-production-v3/stage/assets/build/frames/unit.SA.gunship/team/parked_empty/d14_f00.png'
28:04.797  render           | Saved: '/Users/mohammedkalouti/Documents/Codex/2026-09-27/i/work/art/aircraft-final-production-v3/stage/assets/build/frames/unit.SA.gunship/shadow/parked_empty/d14_f00.png'
28:05.495  render           | Saved: '/Users/mohammedkalouti/Documents/Codex/2026-09-27/i/work/art/aircraft-final-production-v3/stage/assets/build/frames/unit.SA.gunship/beauty/takeoff_empty/d00_f00.png'
28:05.987  render           | Saved: '/Users/mohammedkalouti/Documents/Codex/2026-09-27/i/work/art/aircraft-final-production-v3/stage/assets/build/frames/unit.SA.gunship/team/takeoff_empty/d00_f00.png'
28:06.256  render           | Saved: '/var/folders/n4/43n_jxh10gg3s770b_8jbzb80000gn/T/fc-team-coverage-jgxvq11c.png'
28:07.166  render           | Saved: '/Users/mohammedkalouti/Documents/Codex/2026-09-27/i/work/art/aircraft-final-production-v3/stage/assets/build/frames/unit.SA.gunship/shadow/takeoff_empty/d00_f00.png'
28:07.798  render           | Saved: '/Users/mohammedkalouti/Documents/Codex/2026-09-27/i/work/art/aircraft-final-production-v3/stage/assets/build/frames/unit.SA.gunship/beauty/takeoff_empty/d00_f01.png'
28:08.287  render           | Saved: '/Users/mohammedkalouti/Documents/Codex/2026-09-27/i/work/art/aircraft-final-production-v3/stage/assets/build/frames/unit.SA.gunship/team/takeoff_empty/d00_f01.png'
28:08.545  render           | Saved: '/var/folders/n4/43n_jxh10gg3s770b_8jbzb80000gn/T/fc-team-coverage-b_nqjyd4.png'
28:09.432  render           | Saved: '/Users/mohammedkalouti/Documents/Codex/2026-09-27/i/work/art/aircraft-final-production-v3/stage/assets/build/frames/unit.SA.gunship/shadow/takeoff_empty/d00_f01.png'
28:10.123  render           | Saved: '/Users/mohammedkalouti/Documents/Codex/2026-09-27/i/work/art/aircraft-final-production-v3/stage/assets/build/frames/unit.SA.gunship/beauty/takeoff_empty/d00_f02.png'
28:10.712  render           | Saved: '/Users/mohammedkalouti/Documents/Codex/2026-09-27/i/work/art/aircraft-final-production-v3/stage/assets/build/frames/unit.SA.gunship/team/takeoff_empty/d00_f02.png'
28:11.000  render           | Saved: '/var/folders/n4/43n_jxh10gg3s770b_8jbzb80000gn/T/fc-team-coverage-bn9d371j.png'
28:12.098  render           | Saved: '/Users/mohammedkalouti/Documents/Codex/2026-09-27/i/work/art/aircraft-final-production-v3/stage/assets/build/frames/unit.SA.gunship/shadow/takeoff_empty/d00_f02.png'
28:12.823  render           | Saved: '/Users/mohammedkalouti/Documents/Codex/2026-09-27/i/work/art/aircraft-final-production-v3/stage/assets/build/frames/unit.SA.gunship/beauty/takeoff_empty/d00_f03.png'
28:13.367  render           | Saved: '/Users/mohammedkalouti/Documents/Codex/2026-09-27/i/work/art/aircraft-final-production-v3/stage/assets/build/frames/unit.SA.gunship/team/takeoff_empty/d00_f03.png'
28:13.633  render           | Saved: '/var/folders/n4/43n_jxh10gg3s770b_8jbzb80000gn/T/fc-team-coverage-kg73lzpz.png'
28:14.588  render           | Saved: '/Users/mohammedkalouti/Documents/Codex/2026-09-27/i/work/art/aircraft-final-production-v3/stage/assets/build/frames/unit.SA.gunship/shadow/takeoff_empty/d00_f03.png'
28:15.281  render           | Saved: '/Users/mohammedkalouti/Documents/Codex/2026-09-27/i/work/art/aircraft-final-production-v3/stage/assets/build/frames/unit.SA.gunship/beauty/takeoff_empty/d00_f04.png'
28:15.791  render           | Saved: '/Users/mohammedkalouti/Documents/Codex/2026-09-27/i/work/art/aircraft-final-production-v3/stage/assets/build/frames/unit.SA.gunship/team/takeoff_empty/d00_f04.png'
28:16.073  render           | Saved: '/var/folders/n4/43n_jxh10gg3s770b_8jbzb80000gn/T/fc-team-coverage-q0p9m0i1.png'
28:16.964  render           | Saved: '/Users/mohammedkalouti/Documents/Codex/2026-09-27/i/work/art/aircraft-final-production-v3/stage/assets/build/frames/unit.SA.gunship/shadow/takeoff_empty/d00_f04.png'
28:17.605  render           | Saved: '/Users/mohammedkalouti/Documents/Codex/2026-09-27/i/work/art/aircraft-final-production-v3/stage/assets/build/frames/unit.SA.gunship/beauty/takeoff_empty/d00_f05.png'
28:18.117  render           | Saved: '/Users/mohammedkalouti/Documents/Codex/2026-09-27/i/work/art/aircraft-final-production-v3/stage/assets/build/frames/unit.SA.gunship/team/takeoff_empty/d00_f05.png'
28:18.369  render           | Saved: '/var/folders/n4/43n_jxh10gg3s770b_8jbzb80000gn/T/fc-team-coverage-f2wtqquz.png'
28:19.252  render           | Saved: '/Users/mohammedkalouti/Documents/Codex/2026-09-27/i/work/art/aircraft-final-production-v3/stage/assets/build/frames/unit.SA.gunship/shadow/takeoff_empty/d00_f05.png'
28:19.880  render           | Saved: '/Users/mohammedkalouti/Documents/Codex/2026-09-27/i/work/art/aircraft-final-production-v3/stage/assets/build/frames/unit.SA.gunship/beauty/takeoff_empty/d01_f00.png'
28:20.375  render           | Saved: '/Users/mohammedkalouti/Documents/Codex/2026-09-27/i/work/art/aircraft-final-production-v3/stage/assets/build/frames/unit.SA.gunship/team/takeoff_empty/d01_f00.png'
28:20.639  render           | Saved: '/var/folders/n4/43n_jxh10gg3s770b_8jbzb80000gn/T/fc-team-coverage-7jgisfrv.png'
28:21.544  render           | Saved: '/Users/mohammedkalouti/Documents/Codex/2026-09-27/i/work/art/aircraft-final-production-v3/stage/assets/build/frames/unit.SA.gunship/shadow/takeoff_empty/d01_f00.png'
28:22.206  render           | Saved: '/Users/mohammedkalouti/Documents/Codex/2026-09-27/i/work/art/aircraft-final-production-v3/stage/assets/build/frames/unit.SA.gunship/beauty/takeoff_empty/d01_f01.png'
28:22.709  render           | Saved: '/Users/mohammedkalouti/Documents/Codex/2026-09-27/i/work/art/aircraft-final-production-v3/stage/assets/build/frames/unit.SA.gunship/team/takeoff_empty/d01_f01.png'
28:22.975  render           | Saved: '/var/folders/n4/43n_jxh10gg3s770b_8jbzb80000gn/T/fc-team-coverage-phhrx8lt.png'
28:23.866  render           | Saved: '/Users/mohammedkalouti/Documents/Codex/2026-09-27/i/work/art/aircraft-final-production-v3/stage/assets/build/frames/unit.SA.gunship/shadow/takeoff_empty/d01_f01.png'
28:24.530  render           | Saved: '/Users/mohammedkalouti/Documents/Codex/2026-09-27/i/work/art/aircraft-final-production-v3/stage/assets/build/frames/unit.SA.gunship/beauty/takeoff_empty/d01_f02.png'
28:25.046  render           | Saved: '/Users/mohammedkalouti/Documents/Codex/2026-09-27/i/work/art/aircraft-final-production-v3/stage/assets/build/frames/unit.SA.gunship/team/takeoff_empty/d01_f02.png'
28:25.304  render           | Saved: '/var/folders/n4/43n_jxh10gg3s770b_8jbzb80000gn/T/fc-team-coverage-gwp0xvv1.png'
28:26.249  render           | Saved: '/Users/mohammedkalouti/Documents/Codex/2026-09-27/i/work/art/aircraft-final-production-v3/stage/assets/build/frames/unit.SA.gunship/shadow/takeoff_empty/d01_f02.png'
28:26.929  render           | Saved: '/Users/mohammedkalouti/Documents/Codex/2026-09-27/i/work/art/aircraft-final-production-v3/stage/assets/build/frames/unit.SA.gunship/beauty/takeoff_empty/d01_f03.png'
28:27.450  render           | Saved: '/Users/mohammedkalouti/Documents/Codex/2026-09-27/i/work/art/aircraft-final-production-v3/stage/assets/build/frames/unit.SA.gunship/team/takeoff_empty/d01_f03.png'
28:27.725  render           | Saved: '/var/folders/n4/43n_jxh10gg3s770b_8jbzb80000gn/T/fc-team-coverage-nvtlm710.png'
28:28.625  render           | Saved: '/Users/mohammedkalouti/Documents/Codex/2026-09-27/i/work/art/aircraft-final-production-v3/stage/assets/build/frames/unit.SA.gunship/shadow/takeoff_empty/d01_f03.png'
28:29.279  render           | Saved: '/Users/mohammedkalouti/Documents/Codex/2026-09-27/i/work/art/aircraft-final-production-v3/stage/assets/build/frames/unit.SA.gunship/beauty/takeoff_empty/d01_f04.png'
28:29.791  render           | Saved: '/Users/mohammedkalouti/Documents/Codex/2026-09-27/i/work/art/aircraft-final-production-v3/stage/assets/build/frames/unit.SA.gunship/team/takeoff_empty/d01_f04.png'
28:30.059  render           | Saved: '/var/folders/n4/43n_jxh10gg3s770b_8jbzb80000gn/T/fc-team-coverage-iqzt3_4l.png'
28:30.939  render           | Saved: '/Users/mohammedkalouti/Documents/Codex/2026-09-27/i/work/art/aircraft-final-production-v3/stage/assets/build/frames/unit.SA.gunship/shadow/takeoff_empty/d01_f04.png'
28:31.574  render           | Saved: '/Users/mohammedkalouti/Documents/Codex/2026-09-27/i/work/art/aircraft-final-production-v3/stage/assets/build/frames/unit.SA.gunship/beauty/takeoff_empty/d01_f05.png'
28:32.070  render           | Saved: '/Users/mohammedkalouti/Documents/Codex/2026-09-27/i/work/art/aircraft-final-production-v3/stage/assets/build/frames/unit.SA.gunship/team/takeoff_empty/d01_f05.png'
28:32.336  render           | Saved: '/var/folders/n4/43n_jxh10gg3s770b_8jbzb80000gn/T/fc-team-coverage-q8ha3xb2.png'
28:33.225  render           | Saved: '/Users/mohammedkalouti/Documents/Codex/2026-09-27/i/work/art/aircraft-final-production-v3/stage/assets/build/frames/unit.SA.gunship/shadow/takeoff_empty/d01_f05.png'
28:33.922  render           | Saved: '/Users/mohammedkalouti/Documents/Codex/2026-09-27/i/work/art/aircraft-final-production-v3/stage/assets/build/frames/unit.SA.gunship/beauty/takeoff_empty/d02_f00.png'
28:34.453  render           | Saved: '/Users/mohammedkalouti/Documents/Codex/2026-09-27/i/work/art/aircraft-final-production-v3/stage/assets/build/frames/unit.SA.gunship/team/takeoff_empty/d02_f00.png'
28:34.714  render           | Saved: '/var/folders/n4/43n_jxh10gg3s770b_8jbzb80000gn/T/fc-team-coverage-8izoxeyd.png'
28:35.683  render           | Saved: '/Users/mohammedkalouti/Documents/Codex/2026-09-27/i/work/art/aircraft-final-production-v3/stage/assets/build/frames/unit.SA.gunship/shadow/takeoff_empty/d02_f00.png'
28:36.395  render           | Saved: '/Users/mohammedkalouti/Documents/Codex/2026-09-27/i/work/art/aircraft-final-production-v3/stage/assets/build/frames/unit.SA.gunship/beauty/takeoff_empty/d02_f01.png'
28:36.910  render           | Saved: '/Users/mohammedkalouti/Documents/Codex/2026-09-27/i/work/art/aircraft-final-production-v3/stage/assets/build/frames/unit.SA.gunship/team/takeoff_empty/d02_f01.png'
28:37.197  render           | Saved: '/var/folders/n4/43n_jxh10gg3s770b_8jbzb80000gn/T/fc-team-coverage-rgnp053h.png'
28:38.088  render           | Saved: '/Users/mohammedkalouti/Documents/Codex/2026-09-27/i/work/art/aircraft-final-production-v3/stage/assets/build/frames/unit.SA.gunship/shadow/takeoff_empty/d02_f01.png'
28:38.727  render           | Saved: '/Users/mohammedkalouti/Documents/Codex/2026-09-27/i/work/art/aircraft-final-production-v3/stage/assets/build/frames/unit.SA.gunship/beauty/takeoff_empty/d02_f02.png'
28:39.224  render           | Saved: '/Users/mohammedkalouti/Documents/Codex/2026-09-27/i/work/art/aircraft-final-production-v3/stage/assets/build/frames/unit.SA.gunship/team/takeoff_empty/d02_f02.png'
28:39.483  render           | Saved: '/var/folders/n4/43n_jxh10gg3s770b_8jbzb80000gn/T/fc-team-coverage-gdfrxmbj.png'
28:40.364  render           | Saved: '/Users/mohammedkalouti/Documents/Codex/2026-09-27/i/work/art/aircraft-final-production-v3/stage/assets/build/frames/unit.SA.gunship/shadow/takeoff_empty/d02_f02.png'
28:40.994  render           | Saved: '/Users/mohammedkalouti/Documents/Codex/2026-09-27/i/work/art/aircraft-final-production-v3/stage/assets/build/frames/unit.SA.gunship/beauty/takeoff_empty/d02_f03.png'
28:41.492  render           | Saved: '/Users/mohammedkalouti/Documents/Codex/2026-09-27/i/work/art/aircraft-final-production-v3/stage/assets/build/frames/unit.SA.gunship/team/takeoff_empty/d02_f03.png'
28:41.757  render           | Saved: '/var/folders/n4/43n_jxh10gg3s770b_8jbzb80000gn/T/fc-team-coverage-3w1baxxp.png'
28:42.641  render           | Saved: '/Users/mohammedkalouti/Documents/Codex/2026-09-27/i/work/art/aircraft-final-production-v3/stage/assets/build/frames/unit.SA.gunship/shadow/takeoff_empty/d02_f03.png'
28:43.286  render           | Saved: '/Users/mohammedkalouti/Documents/Codex/2026-09-27/i/work/art/aircraft-final-production-v3/stage/assets/build/frames/unit.SA.gunship/beauty/takeoff_empty/d02_f04.png'
28:43.780  render           | Saved: '/Users/mohammedkalouti/Documents/Codex/2026-09-27/i/work/art/aircraft-final-production-v3/stage/assets/build/frames/unit.SA.gunship/team/takeoff_empty/d02_f04.png'
28:44.034  render           | Saved: '/var/folders/n4/43n_jxh10gg3s770b_8jbzb80000gn/T/fc-team-coverage-ysb_3k_d.png'
28:44.928  render           | Saved: '/Users/mohammedkalouti/Documents/Codex/2026-09-27/i/work/art/aircraft-final-production-v3/stage/assets/build/frames/unit.SA.gunship/shadow/takeoff_empty/d02_f04.png'
28:45.557  render           | Saved: '/Users/mohammedkalouti/Documents/Codex/2026-09-27/i/work/art/aircraft-final-production-v3/stage/assets/build/frames/unit.SA.gunship/beauty/takeoff_empty/d02_f05.png'
28:46.056  render           | Saved: '/Users/mohammedkalouti/Documents/Codex/2026-09-27/i/work/art/aircraft-final-production-v3/stage/assets/build/frames/unit.SA.gunship/team/takeoff_empty/d02_f05.png'
28:46.315  render           | Saved: '/var/folders/n4/43n_jxh10gg3s770b_8jbzb80000gn/T/fc-team-coverage-8h7l61ff.png'
28:47.193  render           | Saved: '/Users/mohammedkalouti/Documents/Codex/2026-09-27/i/work/art/aircraft-final-production-v3/stage/assets/build/frames/unit.SA.gunship/shadow/takeoff_empty/d02_f05.png'
28:47.830  render           | Saved: '/Users/mohammedkalouti/Documents/Codex/2026-09-27/i/work/art/aircraft-final-production-v3/stage/assets/build/frames/unit.SA.gunship/beauty/takeoff_empty/d03_f00.png'
28:48.327  render           | Saved: '/Users/mohammedkalouti/Documents/Codex/2026-09-27/i/work/art/aircraft-final-production-v3/stage/assets/build/frames/unit.SA.gunship/team/takeoff_empty/d03_f00.png'
28:48.592  render           | Saved: '/var/folders/n4/43n_jxh10gg3s770b_8jbzb80000gn/T/fc-team-coverage-_2jq4a3c.png'
28:49.468  render           | Saved: '/Users/mohammedkalouti/Documents/Codex/2026-09-27/i/work/art/aircraft-final-production-v3/stage/assets/build/frames/unit.SA.gunship/shadow/takeoff_empty/d03_f00.png'
28:50.106  render           | Saved: '/Users/mohammedkalouti/Documents/Codex/2026-09-27/i/work/art/aircraft-final-production-v3/stage/assets/build/frames/unit.SA.gunship/beauty/takeoff_empty/d03_f01.png'
28:50.592  render           | Saved: '/Users/mohammedkalouti/Documents/Codex/2026-09-27/i/work/art/aircraft-final-production-v3/stage/assets/build/frames/unit.SA.gunship/team/takeoff_empty/d03_f01.png'
28:50.848  render           | Saved: '/var/folders/n4/43n_jxh10gg3s770b_8jbzb80000gn/T/fc-team-coverage-qi57cep8.png'
28:51.727  render           | Saved: '/Users/mohammedkalouti/Documents/Codex/2026-09-27/i/work/art/aircraft-final-production-v3/stage/assets/build/frames/unit.SA.gunship/shadow/takeoff_empty/d03_f01.png'
28:52.366  render           | Saved: '/Users/mohammedkalouti/Documents/Codex/2026-09-27/i/work/art/aircraft-final-production-v3/stage/assets/build/frames/unit.SA.gunship/beauty/takeoff_empty/d03_f02.png'
28:52.891  render           | Saved: '/Users/mohammedkalouti/Documents/Codex/2026-09-27/i/work/art/aircraft-final-production-v3/stage/assets/build/frames/unit.SA.gunship/team/takeoff_empty/d03_f02.png'
28:53.162  render           | Saved: '/var/folders/n4/43n_jxh10gg3s770b_8jbzb80000gn/T/fc-team-coverage-9dp1xj2f.png'
28:54.040  render           | Saved: '/Users/mohammedkalouti/Documents/Codex/2026-09-27/i/work/art/aircraft-final-production-v3/stage/assets/build/frames/unit.SA.gunship/shadow/takeoff_empty/d03_f02.png'
28:54.674  render           | Saved: '/Users/mohammedkalouti/Documents/Codex/2026-09-27/i/work/art/aircraft-final-production-v3/stage/assets/build/frames/unit.SA.gunship/beauty/takeoff_empty/d03_f03.png'
28:55.157  render           | Saved: '/Users/mohammedkalouti/Documents/Codex/2026-09-27/i/work/art/aircraft-final-production-v3/stage/assets/build/frames/unit.SA.gunship/team/takeoff_empty/d03_f03.png'
28:55.413  render           | Saved: '/var/folders/n4/43n_jxh10gg3s770b_8jbzb80000gn/T/fc-team-coverage-y_jsz627.png'
28:56.288  render           | Saved: '/Users/mohammedkalouti/Documents/Codex/2026-09-27/i/work/art/aircraft-final-production-v3/stage/assets/build/frames/unit.SA.gunship/shadow/takeoff_empty/d03_f03.png'
28:56.926  render           | Saved: '/Users/mohammedkalouti/Documents/Codex/2026-09-27/i/work/art/aircraft-final-production-v3/stage/assets/build/frames/unit.SA.gunship/beauty/takeoff_empty/d03_f04.png'
28:57.420  render           | Saved: '/Users/mohammedkalouti/Documents/Codex/2026-09-27/i/work/art/aircraft-final-production-v3/stage/assets/build/frames/unit.SA.gunship/team/takeoff_empty/d03_f04.png'
28:57.682  render           | Saved: '/var/folders/n4/43n_jxh10gg3s770b_8jbzb80000gn/T/fc-team-coverage-50cx2zm0.png'
28:58.557  render           | Saved: '/Users/mohammedkalouti/Documents/Codex/2026-09-27/i/work/art/aircraft-final-production-v3/stage/assets/build/frames/unit.SA.gunship/shadow/takeoff_empty/d03_f04.png'
28:59.198  render           | Saved: '/Users/mohammedkalouti/Documents/Codex/2026-09-27/i/work/art/aircraft-final-production-v3/stage/assets/build/frames/unit.SA.gunship/beauty/takeoff_empty/d03_f05.png'
28:59.686  render           | Saved: '/Users/mohammedkalouti/Documents/Codex/2026-09-27/i/work/art/aircraft-final-production-v3/stage/assets/build/frames/unit.SA.gunship/team/takeoff_empty/d03_f05.png'
28:59.946  render           | Saved: '/var/folders/n4/43n_jxh10gg3s770b_8jbzb80000gn/T/fc-team-coverage-h18pi6qf.png'
29:00.837  render           | Saved: '/Users/mohammedkalouti/Documents/Codex/2026-09-27/i/work/art/aircraft-final-production-v3/stage/assets/build/frames/unit.SA.gunship/shadow/takeoff_empty/d03_f05.png'
29:01.474  render           | Saved: '/Users/mohammedkalouti/Documents/Codex/2026-09-27/i/work/art/aircraft-final-production-v3/stage/assets/build/frames/unit.SA.gunship/beauty/takeoff_empty/d04_f00.png'
29:01.960  render           | Saved: '/Users/mohammedkalouti/Documents/Codex/2026-09-27/i/work/art/aircraft-final-production-v3/stage/assets/build/frames/unit.SA.gunship/team/takeoff_empty/d04_f00.png'
29:02.222  render           | Saved: '/var/folders/n4/43n_jxh10gg3s770b_8jbzb80000gn/T/fc-team-coverage-fhna4jmk.png'
29:03.091  render           | Saved: '/Users/mohammedkalouti/Documents/Codex/2026-09-27/i/work/art/aircraft-final-production-v3/stage/assets/build/frames/unit.SA.gunship/shadow/takeoff_empty/d04_f00.png'
29:03.716  render           | Saved: '/Users/mohammedkalouti/Documents/Codex/2026-09-27/i/work/art/aircraft-final-production-v3/stage/assets/build/frames/unit.SA.gunship/beauty/takeoff_empty/d04_f01.png'
29:04.194  render           | Saved: '/Users/mohammedkalouti/Documents/Codex/2026-09-27/i/work/art/aircraft-final-production-v3/stage/assets/build/frames/unit.SA.gunship/team/takeoff_empty/d04_f01.png'
29:04.456  render           | Saved: '/var/folders/n4/43n_jxh10gg3s770b_8jbzb80000gn/T/fc-team-coverage-ksk28s1s.png'
29:05.333  render           | Saved: '/Users/mohammedkalouti/Documents/Codex/2026-09-27/i/work/art/aircraft-final-production-v3/stage/assets/build/frames/unit.SA.gunship/shadow/takeoff_empty/d04_f01.png'
29:05.971  render           | Saved: '/Users/mohammedkalouti/Documents/Codex/2026-09-27/i/work/art/aircraft-final-production-v3/stage/assets/build/frames/unit.SA.gunship/beauty/takeoff_empty/d04_f02.png'
29:06.468  render           | Saved: '/Users/mohammedkalouti/Documents/Codex/2026-09-27/i/work/art/aircraft-final-production-v3/stage/assets/build/frames/unit.SA.gunship/team/takeoff_empty/d04_f02.png'
29:06.724  render           | Saved: '/var/folders/n4/43n_jxh10gg3s770b_8jbzb80000gn/T/fc-team-coverage-ww5f6c9w.png'
29:07.590  render           | Saved: '/Users/mohammedkalouti/Documents/Codex/2026-09-27/i/work/art/aircraft-final-production-v3/stage/assets/build/frames/unit.SA.gunship/shadow/takeoff_empty/d04_f02.png'
29:08.221  render           | Saved: '/Users/mohammedkalouti/Documents/Codex/2026-09-27/i/work/art/aircraft-final-production-v3/stage/assets/build/frames/unit.SA.gunship/beauty/takeoff_empty/d04_f03.png'
29:08.712  render           | Saved: '/Users/mohammedkalouti/Documents/Codex/2026-09-27/i/work/art/aircraft-final-production-v3/stage/assets/build/frames/unit.SA.gunship/team/takeoff_empty/d04_f03.png'
29:08.971  render           | Saved: '/var/folders/n4/43n_jxh10gg3s770b_8jbzb80000gn/T/fc-team-coverage-c4nmjuof.png'
29:09.843  render           | Saved: '/Users/mohammedkalouti/Documents/Codex/2026-09-27/i/work/art/aircraft-final-production-v3/stage/assets/build/frames/unit.SA.gunship/shadow/takeoff_empty/d04_f03.png'
29:10.482  render           | Saved: '/Users/mohammedkalouti/Documents/Codex/2026-09-27/i/work/art/aircraft-final-production-v3/stage/assets/build/frames/unit.SA.gunship/beauty/takeoff_empty/d04_f04.png'
29:10.974  render           | Saved: '/Users/mohammedkalouti/Documents/Codex/2026-09-27/i/work/art/aircraft-final-production-v3/stage/assets/build/frames/unit.SA.gunship/team/takeoff_empty/d04_f04.png'
29:11.238  render           | Saved: '/var/folders/n4/43n_jxh10gg3s770b_8jbzb80000gn/T/fc-team-coverage-l7lpomy2.png'
29:12.152  render           | Saved: '/Users/mohammedkalouti/Documents/Codex/2026-09-27/i/work/art/aircraft-final-production-v3/stage/assets/build/frames/unit.SA.gunship/shadow/takeoff_empty/d04_f04.png'
29:12.784  render           | Saved: '/Users/mohammedkalouti/Documents/Codex/2026-09-27/i/work/art/aircraft-final-production-v3/stage/assets/build/frames/unit.SA.gunship/beauty/takeoff_empty/d04_f05.png'
29:13.276  render           | Saved: '/Users/mohammedkalouti/Documents/Codex/2026-09-27/i/work/art/aircraft-final-production-v3/stage/assets/build/frames/unit.SA.gunship/team/takeoff_empty/d04_f05.png'
29:13.547  render           | Saved: '/var/folders/n4/43n_jxh10gg3s770b_8jbzb80000gn/T/fc-team-coverage-zrh8chyc.png'
29:14.430  render           | Saved: '/Users/mohammedkalouti/Documents/Codex/2026-09-27/i/work/art/aircraft-final-production-v3/stage/assets/build/frames/unit.SA.gunship/shadow/takeoff_empty/d04_f05.png'
29:15.083  render           | Saved: '/Users/mohammedkalouti/Documents/Codex/2026-09-27/i/work/art/aircraft-final-production-v3/stage/assets/build/frames/unit.SA.gunship/beauty/takeoff_empty/d05_f00.png'
29:15.603  render           | Saved: '/Users/mohammedkalouti/Documents/Codex/2026-09-27/i/work/art/aircraft-final-production-v3/stage/assets/build/frames/unit.SA.gunship/team/takeoff_empty/d05_f00.png'
29:15.862  render           | Saved: '/var/folders/n4/43n_jxh10gg3s770b_8jbzb80000gn/T/fc-team-coverage-thkonmvg.png'
29:16.734  render           | Saved: '/Users/mohammedkalouti/Documents/Codex/2026-09-27/i/work/art/aircraft-final-production-v3/stage/assets/build/frames/unit.SA.gunship/shadow/takeoff_empty/d05_f00.png'
29:17.379  render           | Saved: '/Users/mohammedkalouti/Documents/Codex/2026-09-27/i/work/art/aircraft-final-production-v3/stage/assets/build/frames/unit.SA.gunship/beauty/takeoff_empty/d05_f01.png'
29:17.866  render           | Saved: '/Users/mohammedkalouti/Documents/Codex/2026-09-27/i/work/art/aircraft-final-production-v3/stage/assets/build/frames/unit.SA.gunship/team/takeoff_empty/d05_f01.png'
29:18.126  render           | Saved: '/var/folders/n4/43n_jxh10gg3s770b_8jbzb80000gn/T/fc-team-coverage-htw0f866.png'
29:18.997  render           | Saved: '/Users/mohammedkalouti/Documents/Codex/2026-09-27/i/work/art/aircraft-final-production-v3/stage/assets/build/frames/unit.SA.gunship/shadow/takeoff_empty/d05_f01.png'
29:19.645  render           | Saved: '/Users/mohammedkalouti/Documents/Codex/2026-09-27/i/work/art/aircraft-final-production-v3/stage/assets/build/frames/unit.SA.gunship/beauty/takeoff_empty/d05_f02.png'
29:20.134  render           | Saved: '/Users/mohammedkalouti/Documents/Codex/2026-09-27/i/work/art/aircraft-final-production-v3/stage/assets/build/frames/unit.SA.gunship/team/takeoff_empty/d05_f02.png'
29:20.392  render           | Saved: '/var/folders/n4/43n_jxh10gg3s770b_8jbzb80000gn/T/fc-team-coverage-_ki_7msn.png'
29:21.267  render           | Saved: '/Users/mohammedkalouti/Documents/Codex/2026-09-27/i/work/art/aircraft-final-production-v3/stage/assets/build/frames/unit.SA.gunship/shadow/takeoff_empty/d05_f02.png'
29:21.899  render           | Saved: '/Users/mohammedkalouti/Documents/Codex/2026-09-27/i/work/art/aircraft-final-production-v3/stage/assets/build/frames/unit.SA.gunship/beauty/takeoff_empty/d05_f03.png'
29:22.377  render           | Saved: '/Users/mohammedkalouti/Documents/Codex/2026-09-27/i/work/art/aircraft-final-production-v3/stage/assets/build/frames/unit.SA.gunship/team/takeoff_empty/d05_f03.png'
29:22.637  render           | Saved: '/var/folders/n4/43n_jxh10gg3s770b_8jbzb80000gn/T/fc-team-coverage-2z4znzaz.png'
29:23.513  render           | Saved: '/Users/mohammedkalouti/Documents/Codex/2026-09-27/i/work/art/aircraft-final-production-v3/stage/assets/build/frames/unit.SA.gunship/shadow/takeoff_empty/d05_f03.png'
29:24.150  render           | Saved: '/Users/mohammedkalouti/Documents/Codex/2026-09-27/i/work/art/aircraft-final-production-v3/stage/assets/build/frames/unit.SA.gunship/beauty/takeoff_empty/d05_f04.png'
29:24.630  render           | Saved: '/Users/mohammedkalouti/Documents/Codex/2026-09-27/i/work/art/aircraft-final-production-v3/stage/assets/build/frames/unit.SA.gunship/team/takeoff_empty/d05_f04.png'
29:24.891  render           | Saved: '/var/folders/n4/43n_jxh10gg3s770b_8jbzb80000gn/T/fc-team-coverage-ic5qii3l.png'
29:25.768  render           | Saved: '/Users/mohammedkalouti/Documents/Codex/2026-09-27/i/work/art/aircraft-final-production-v3/stage/assets/build/frames/unit.SA.gunship/shadow/takeoff_empty/d05_f04.png'
29:26.409  render           | Saved: '/Users/mohammedkalouti/Documents/Codex/2026-09-27/i/work/art/aircraft-final-production-v3/stage/assets/build/frames/unit.SA.gunship/beauty/takeoff_empty/d05_f05.png'
29:26.904  render           | Saved: '/Users/mohammedkalouti/Documents/Codex/2026-09-27/i/work/art/aircraft-final-production-v3/stage/assets/build/frames/unit.SA.gunship/team/takeoff_empty/d05_f05.png'
29:27.157  render           | Saved: '/var/folders/n4/43n_jxh10gg3s770b_8jbzb80000gn/T/fc-team-coverage-6m03emqh.png'
29:28.027  render           | Saved: '/Users/mohammedkalouti/Documents/Codex/2026-09-27/i/work/art/aircraft-final-production-v3/stage/assets/build/frames/unit.SA.gunship/shadow/takeoff_empty/d05_f05.png'
29:28.682  render           | Saved: '/Users/mohammedkalouti/Documents/Codex/2026-09-27/i/work/art/aircraft-final-production-v3/stage/assets/build/frames/unit.SA.gunship/beauty/takeoff_empty/d06_f00.png'
29:29.171  render           | Saved: '/Users/mohammedkalouti/Documents/Codex/2026-09-27/i/work/art/aircraft-final-production-v3/stage/assets/build/frames/unit.SA.gunship/team/takeoff_empty/d06_f00.png'
29:29.421  render           | Saved: '/var/folders/n4/43n_jxh10gg3s770b_8jbzb80000gn/T/fc-team-coverage-__td0kt8.png'
29:30.310  render           | Saved: '/Users/mohammedkalouti/Documents/Codex/2026-09-27/i/work/art/aircraft-final-production-v3/stage/assets/build/frames/unit.SA.gunship/shadow/takeoff_empty/d06_f00.png'
29:30.986  render           | Saved: '/Users/mohammedkalouti/Documents/Codex/2026-09-27/i/work/art/aircraft-final-production-v3/stage/assets/build/frames/unit.SA.gunship/beauty/takeoff_empty/d06_f01.png'
29:31.510  render           | Saved: '/Users/mohammedkalouti/Documents/Codex/2026-09-27/i/work/art/aircraft-final-production-v3/stage/assets/build/frames/unit.SA.gunship/team/takeoff_empty/d06_f01.png'
29:31.788  render           | Saved: '/var/folders/n4/43n_jxh10gg3s770b_8jbzb80000gn/T/fc-team-coverage-x1w3sq3t.png'
29:32.719  render           | Saved: '/Users/mohammedkalouti/Documents/Codex/2026-09-27/i/work/art/aircraft-final-production-v3/stage/assets/build/frames/unit.SA.gunship/shadow/takeoff_empty/d06_f01.png'
29:33.370  render           | Saved: '/Users/mohammedkalouti/Documents/Codex/2026-09-27/i/work/art/aircraft-final-production-v3/stage/assets/build/frames/unit.SA.gunship/beauty/takeoff_empty/d06_f02.png'
29:33.856  render           | Saved: '/Users/mohammedkalouti/Documents/Codex/2026-09-27/i/work/art/aircraft-final-production-v3/stage/assets/build/frames/unit.SA.gunship/team/takeoff_empty/d06_f02.png'
29:34.109  render           | Saved: '/var/folders/n4/43n_jxh10gg3s770b_8jbzb80000gn/T/fc-team-coverage-cowup2zw.png'
29:34.991  render           | Saved: '/Users/mohammedkalouti/Documents/Codex/2026-09-27/i/work/art/aircraft-final-production-v3/stage/assets/build/frames/unit.SA.gunship/shadow/takeoff_empty/d06_f02.png'
29:35.638  render           | Saved: '/Users/mohammedkalouti/Documents/Codex/2026-09-27/i/work/art/aircraft-final-production-v3/stage/assets/build/frames/unit.SA.gunship/beauty/takeoff_empty/d06_f03.png'
29:36.125  render           | Saved: '/Users/mohammedkalouti/Documents/Codex/2026-09-27/i/work/art/aircraft-final-production-v3/stage/assets/build/frames/unit.SA.gunship/team/takeoff_empty/d06_f03.png'
29:36.385  render           | Saved: '/var/folders/n4/43n_jxh10gg3s770b_8jbzb80000gn/T/fc-team-coverage-fn1bd4eq.png'
29:37.303  render           | Saved: '/Users/mohammedkalouti/Documents/Codex/2026-09-27/i/work/art/aircraft-final-production-v3/stage/assets/build/frames/unit.SA.gunship/shadow/takeoff_empty/d06_f03.png'
29:37.963  render           | Saved: '/Users/mohammedkalouti/Documents/Codex/2026-09-27/i/work/art/aircraft-final-production-v3/stage/assets/build/frames/unit.SA.gunship/beauty/takeoff_empty/d06_f04.png'
29:38.464  render           | Saved: '/Users/mohammedkalouti/Documents/Codex/2026-09-27/i/work/art/aircraft-final-production-v3/stage/assets/build/frames/unit.SA.gunship/team/takeoff_empty/d06_f04.png'
29:38.717  render           | Saved: '/var/folders/n4/43n_jxh10gg3s770b_8jbzb80000gn/T/fc-team-coverage-221pw8ub.png'
29:39.618  render           | Saved: '/Users/mohammedkalouti/Documents/Codex/2026-09-27/i/work/art/aircraft-final-production-v3/stage/assets/build/frames/unit.SA.gunship/shadow/takeoff_empty/d06_f04.png'
29:40.273  render           | Saved: '/Users/mohammedkalouti/Documents/Codex/2026-09-27/i/work/art/aircraft-final-production-v3/stage/assets/build/frames/unit.SA.gunship/beauty/takeoff_empty/d06_f05.png'
29:40.757  render           | Saved: '/Users/mohammedkalouti/Documents/Codex/2026-09-27/i/work/art/aircraft-final-production-v3/stage/assets/build/frames/unit.SA.gunship/team/takeoff_empty/d06_f05.png'
29:41.013  render           | Saved: '/var/folders/n4/43n_jxh10gg3s770b_8jbzb80000gn/T/fc-team-coverage-vb5i4l51.png'
29:41.894  render           | Saved: '/Users/mohammedkalouti/Documents/Codex/2026-09-27/i/work/art/aircraft-final-production-v3/stage/assets/build/frames/unit.SA.gunship/shadow/takeoff_empty/d06_f05.png'
29:42.537  render           | Saved: '/Users/mohammedkalouti/Documents/Codex/2026-09-27/i/work/art/aircraft-final-production-v3/stage/assets/build/frames/unit.SA.gunship/beauty/takeoff_empty/d07_f00.png'
29:43.018  render           | Saved: '/Users/mohammedkalouti/Documents/Codex/2026-09-27/i/work/art/aircraft-final-production-v3/stage/assets/build/frames/unit.SA.gunship/team/takeoff_empty/d07_f00.png'
29:43.271  render           | Saved: '/var/folders/n4/43n_jxh10gg3s770b_8jbzb80000gn/T/fc-team-coverage-sqdymp2h.png'
29:44.151  render           | Saved: '/Users/mohammedkalouti/Documents/Codex/2026-09-27/i/work/art/aircraft-final-production-v3/stage/assets/build/frames/unit.SA.gunship/shadow/takeoff_empty/d07_f00.png'
29:44.815  render           | Saved: '/Users/mohammedkalouti/Documents/Codex/2026-09-27/i/work/art/aircraft-final-production-v3/stage/assets/build/frames/unit.SA.gunship/beauty/takeoff_empty/d07_f01.png'
29:45.303  render           | Saved: '/Users/mohammedkalouti/Documents/Codex/2026-09-27/i/work/art/aircraft-final-production-v3/stage/assets/build/frames/unit.SA.gunship/team/takeoff_empty/d07_f01.png'
29:45.557  render           | Saved: '/var/folders/n4/43n_jxh10gg3s770b_8jbzb80000gn/T/fc-team-coverage-0ou0nlor.png'
29:46.423  render           | Saved: '/Users/mohammedkalouti/Documents/Codex/2026-09-27/i/work/art/aircraft-final-production-v3/stage/assets/build/frames/unit.SA.gunship/shadow/takeoff_empty/d07_f01.png'
29:47.074  render           | Saved: '/Users/mohammedkalouti/Documents/Codex/2026-09-27/i/work/art/aircraft-final-production-v3/stage/assets/build/frames/unit.SA.gunship/beauty/takeoff_empty/d07_f02.png'
29:47.561  render           | Saved: '/Users/mohammedkalouti/Documents/Codex/2026-09-27/i/work/art/aircraft-final-production-v3/stage/assets/build/frames/unit.SA.gunship/team/takeoff_empty/d07_f02.png'
29:47.818  render           | Saved: '/var/folders/n4/43n_jxh10gg3s770b_8jbzb80000gn/T/fc-team-coverage-cs1mx4jf.png'
29:48.686  render           | Saved: '/Users/mohammedkalouti/Documents/Codex/2026-09-27/i/work/art/aircraft-final-production-v3/stage/assets/build/frames/unit.SA.gunship/shadow/takeoff_empty/d07_f02.png'
29:49.335  render           | Saved: '/Users/mohammedkalouti/Documents/Codex/2026-09-27/i/work/art/aircraft-final-production-v3/stage/assets/build/frames/unit.SA.gunship/beauty/takeoff_empty/d07_f03.png'
29:49.818  render           | Saved: '/Users/mohammedkalouti/Documents/Codex/2026-09-27/i/work/art/aircraft-final-production-v3/stage/assets/build/frames/unit.SA.gunship/team/takeoff_empty/d07_f03.png'
29:50.068  render           | Saved: '/var/folders/n4/43n_jxh10gg3s770b_8jbzb80000gn/T/fc-team-coverage-dfwejcht.png'
29:50.941  render           | Saved: '/Users/mohammedkalouti/Documents/Codex/2026-09-27/i/work/art/aircraft-final-production-v3/stage/assets/build/frames/unit.SA.gunship/shadow/takeoff_empty/d07_f03.png'
29:51.586  render           | Saved: '/Users/mohammedkalouti/Documents/Codex/2026-09-27/i/work/art/aircraft-final-production-v3/stage/assets/build/frames/unit.SA.gunship/beauty/takeoff_empty/d07_f04.png'
29:52.073  render           | Saved: '/Users/mohammedkalouti/Documents/Codex/2026-09-27/i/work/art/aircraft-final-production-v3/stage/assets/build/frames/unit.SA.gunship/team/takeoff_empty/d07_f04.png'
29:52.329  render           | Saved: '/var/folders/n4/43n_jxh10gg3s770b_8jbzb80000gn/T/fc-team-coverage-91k4pz7i.png'
29:53.206  render           | Saved: '/Users/mohammedkalouti/Documents/Codex/2026-09-27/i/work/art/aircraft-final-production-v3/stage/assets/build/frames/unit.SA.gunship/shadow/takeoff_empty/d07_f04.png'
29:53.843  render           | Saved: '/Users/mohammedkalouti/Documents/Codex/2026-09-27/i/work/art/aircraft-final-production-v3/stage/assets/build/frames/unit.SA.gunship/beauty/takeoff_empty/d07_f05.png'
29:54.329  render           | Saved: '/Users/mohammedkalouti/Documents/Codex/2026-09-27/i/work/art/aircraft-final-production-v3/stage/assets/build/frames/unit.SA.gunship/team/takeoff_empty/d07_f05.png'
29:54.590  render           | Saved: '/var/folders/n4/43n_jxh10gg3s770b_8jbzb80000gn/T/fc-team-coverage-euor05e9.png'
29:55.461  render           | Saved: '/Users/mohammedkalouti/Documents/Codex/2026-09-27/i/work/art/aircraft-final-production-v3/stage/assets/build/frames/unit.SA.gunship/shadow/takeoff_empty/d07_f05.png'
29:56.117  render           | Saved: '/Users/mohammedkalouti/Documents/Codex/2026-09-27/i/work/art/aircraft-final-production-v3/stage/assets/build/frames/unit.SA.gunship/beauty/takeoff_empty/d08_f00.png'
29:56.643  render           | Saved: '/Users/mohammedkalouti/Documents/Codex/2026-09-27/i/work/art/aircraft-final-production-v3/stage/assets/build/frames/unit.SA.gunship/team/takeoff_empty/d08_f00.png'
29:56.901  render           | Saved: '/var/folders/n4/43n_jxh10gg3s770b_8jbzb80000gn/T/fc-team-coverage-bl84i0k8.png'
29:57.786  render           | Saved: '/Users/mohammedkalouti/Documents/Codex/2026-09-27/i/work/art/aircraft-final-production-v3/stage/assets/build/frames/unit.SA.gunship/shadow/takeoff_empty/d08_f00.png'
29:58.436  render           | Saved: '/Users/mohammedkalouti/Documents/Codex/2026-09-27/i/work/art/aircraft-final-production-v3/stage/assets/build/frames/unit.SA.gunship/beauty/takeoff_empty/d08_f01.png'
29:58.936  render           | Saved: '/Users/mohammedkalouti/Documents/Codex/2026-09-27/i/work/art/aircraft-final-production-v3/stage/assets/build/frames/unit.SA.gunship/team/takeoff_empty/d08_f01.png'
29:59.214  render           | Saved: '/var/folders/n4/43n_jxh10gg3s770b_8jbzb80000gn/T/fc-team-coverage-cfggkxk4.png'
30:00.338  render           | Saved: '/Users/mohammedkalouti/Documents/Codex/2026-09-27/i/work/art/aircraft-final-production-v3/stage/assets/build/frames/unit.SA.gunship/shadow/takeoff_empty/d08_f01.png'
30:01.084  render           | Saved: '/Users/mohammedkalouti/Documents/Codex/2026-09-27/i/work/art/aircraft-final-production-v3/stage/assets/build/frames/unit.SA.gunship/beauty/takeoff_empty/d08_f02.png'
30:01.571  render           | Saved: '/Users/mohammedkalouti/Documents/Codex/2026-09-27/i/work/art/aircraft-final-production-v3/stage/assets/build/frames/unit.SA.gunship/team/takeoff_empty/d08_f02.png'
30:01.836  render           | Saved: '/var/folders/n4/43n_jxh10gg3s770b_8jbzb80000gn/T/fc-team-coverage-_eh6cy8m.png'
30:02.722  render           | Saved: '/Users/mohammedkalouti/Documents/Codex/2026-09-27/i/work/art/aircraft-final-production-v3/stage/assets/build/frames/unit.SA.gunship/shadow/takeoff_empty/d08_f02.png'
30:03.363  render           | Saved: '/Users/mohammedkalouti/Documents/Codex/2026-09-27/i/work/art/aircraft-final-production-v3/stage/assets/build/frames/unit.SA.gunship/beauty/takeoff_empty/d08_f03.png'
30:03.858  render           | Saved: '/Users/mohammedkalouti/Documents/Codex/2026-09-27/i/work/art/aircraft-final-production-v3/stage/assets/build/frames/unit.SA.gunship/team/takeoff_empty/d08_f03.png'
30:04.111  render           | Saved: '/var/folders/n4/43n_jxh10gg3s770b_8jbzb80000gn/T/fc-team-coverage-5o9b0fff.png'
30:04.986  render           | Saved: '/Users/mohammedkalouti/Documents/Codex/2026-09-27/i/work/art/aircraft-final-production-v3/stage/assets/build/frames/unit.SA.gunship/shadow/takeoff_empty/d08_f03.png'
30:05.630  render           | Saved: '/Users/mohammedkalouti/Documents/Codex/2026-09-27/i/work/art/aircraft-final-production-v3/stage/assets/build/frames/unit.SA.gunship/beauty/takeoff_empty/d08_f04.png'
30:06.118  render           | Saved: '/Users/mohammedkalouti/Documents/Codex/2026-09-27/i/work/art/aircraft-final-production-v3/stage/assets/build/frames/unit.SA.gunship/team/takeoff_empty/d08_f04.png'
30:06.373  render           | Saved: '/var/folders/n4/43n_jxh10gg3s770b_8jbzb80000gn/T/fc-team-coverage-xuqlx3ta.png'
30:07.244  render           | Saved: '/Users/mohammedkalouti/Documents/Codex/2026-09-27/i/work/art/aircraft-final-production-v3/stage/assets/build/frames/unit.SA.gunship/shadow/takeoff_empty/d08_f04.png'
30:07.873  render           | Saved: '/Users/mohammedkalouti/Documents/Codex/2026-09-27/i/work/art/aircraft-final-production-v3/stage/assets/build/frames/unit.SA.gunship/beauty/takeoff_empty/d08_f05.png'
30:08.363  render           | Saved: '/Users/mohammedkalouti/Documents/Codex/2026-09-27/i/work/art/aircraft-final-production-v3/stage/assets/build/frames/unit.SA.gunship/team/takeoff_empty/d08_f05.png'
30:08.618  render           | Saved: '/var/folders/n4/43n_jxh10gg3s770b_8jbzb80000gn/T/fc-team-coverage-x0kuaz0b.png'
30:09.475  render           | Saved: '/Users/mohammedkalouti/Documents/Codex/2026-09-27/i/work/art/aircraft-final-production-v3/stage/assets/build/frames/unit.SA.gunship/shadow/takeoff_empty/d08_f05.png'
30:10.113  render           | Saved: '/Users/mohammedkalouti/Documents/Codex/2026-09-27/i/work/art/aircraft-final-production-v3/stage/assets/build/frames/unit.SA.gunship/beauty/takeoff_empty/d09_f00.png'
30:10.598  render           | Saved: '/Users/mohammedkalouti/Documents/Codex/2026-09-27/i/work/art/aircraft-final-production-v3/stage/assets/build/frames/unit.SA.gunship/team/takeoff_empty/d09_f00.png'
30:10.854  render           | Saved: '/var/folders/n4/43n_jxh10gg3s770b_8jbzb80000gn/T/fc-team-coverage-pdf5t9m0.png'
30:11.739  render           | Saved: '/Users/mohammedkalouti/Documents/Codex/2026-09-27/i/work/art/aircraft-final-production-v3/stage/assets/build/frames/unit.SA.gunship/shadow/takeoff_empty/d09_f00.png'
30:12.395  render           | Saved: '/Users/mohammedkalouti/Documents/Codex/2026-09-27/i/work/art/aircraft-final-production-v3/stage/assets/build/frames/unit.SA.gunship/beauty/takeoff_empty/d09_f01.png'
30:12.877  render           | Saved: '/Users/mohammedkalouti/Documents/Codex/2026-09-27/i/work/art/aircraft-final-production-v3/stage/assets/build/frames/unit.SA.gunship/team/takeoff_empty/d09_f01.png'
30:13.134  render           | Saved: '/var/folders/n4/43n_jxh10gg3s770b_8jbzb80000gn/T/fc-team-coverage-nzp443nz.png'
30:14.020  render           | Saved: '/Users/mohammedkalouti/Documents/Codex/2026-09-27/i/work/art/aircraft-final-production-v3/stage/assets/build/frames/unit.SA.gunship/shadow/takeoff_empty/d09_f01.png'
30:14.683  render           | Saved: '/Users/mohammedkalouti/Documents/Codex/2026-09-27/i/work/art/aircraft-final-production-v3/stage/assets/build/frames/unit.SA.gunship/beauty/takeoff_empty/d09_f02.png'
30:15.210  render           | Saved: '/Users/mohammedkalouti/Documents/Codex/2026-09-27/i/work/art/aircraft-final-production-v3/stage/assets/build/frames/unit.SA.gunship/team/takeoff_empty/d09_f02.png'
30:15.469  render           | Saved: '/var/folders/n4/43n_jxh10gg3s770b_8jbzb80000gn/T/fc-team-coverage-4e_3zp_i.png'
30:16.341  render           | Saved: '/Users/mohammedkalouti/Documents/Codex/2026-09-27/i/work/art/aircraft-final-production-v3/stage/assets/build/frames/unit.SA.gunship/shadow/takeoff_empty/d09_f02.png'
30:17.040  render           | Saved: '/Users/mohammedkalouti/Documents/Codex/2026-09-27/i/work/art/aircraft-final-production-v3/stage/assets/build/frames/unit.SA.gunship/beauty/takeoff_empty/d09_f03.png'
30:17.535  render           | Saved: '/Users/mohammedkalouti/Documents/Codex/2026-09-27/i/work/art/aircraft-final-production-v3/stage/assets/build/frames/unit.SA.gunship/team/takeoff_empty/d09_f03.png'
30:17.792  render           | Saved: '/var/folders/n4/43n_jxh10gg3s770b_8jbzb80000gn/T/fc-team-coverage-d6g856i4.png'
30:18.851  render           | Saved: '/Users/mohammedkalouti/Documents/Codex/2026-09-27/i/work/art/aircraft-final-production-v3/stage/assets/build/frames/unit.SA.gunship/shadow/takeoff_empty/d09_f03.png'
30:19.508  render           | Saved: '/Users/mohammedkalouti/Documents/Codex/2026-09-27/i/work/art/aircraft-final-production-v3/stage/assets/build/frames/unit.SA.gunship/beauty/takeoff_empty/d09_f04.png'
30:20.012  render           | Saved: '/Users/mohammedkalouti/Documents/Codex/2026-09-27/i/work/art/aircraft-final-production-v3/stage/assets/build/frames/unit.SA.gunship/team/takeoff_empty/d09_f04.png'
30:20.272  render           | Saved: '/var/folders/n4/43n_jxh10gg3s770b_8jbzb80000gn/T/fc-team-coverage-r8dy2xpl.png'
30:21.159  render           | Saved: '/Users/mohammedkalouti/Documents/Codex/2026-09-27/i/work/art/aircraft-final-production-v3/stage/assets/build/frames/unit.SA.gunship/shadow/takeoff_empty/d09_f04.png'
30:21.788  render           | Saved: '/Users/mohammedkalouti/Documents/Codex/2026-09-27/i/work/art/aircraft-final-production-v3/stage/assets/build/frames/unit.SA.gunship/beauty/takeoff_empty/d09_f05.png'
30:22.274  render           | Saved: '/Users/mohammedkalouti/Documents/Codex/2026-09-27/i/work/art/aircraft-final-production-v3/stage/assets/build/frames/unit.SA.gunship/team/takeoff_empty/d09_f05.png'
30:22.532  render           | Saved: '/var/folders/n4/43n_jxh10gg3s770b_8jbzb80000gn/T/fc-team-coverage-t5nm10tb.png'
30:23.405  render           | Saved: '/Users/mohammedkalouti/Documents/Codex/2026-09-27/i/work/art/aircraft-final-production-v3/stage/assets/build/frames/unit.SA.gunship/shadow/takeoff_empty/d09_f05.png'
30:24.058  render           | Saved: '/Users/mohammedkalouti/Documents/Codex/2026-09-27/i/work/art/aircraft-final-production-v3/stage/assets/build/frames/unit.SA.gunship/beauty/takeoff_empty/d10_f00.png'
30:24.549  render           | Saved: '/Users/mohammedkalouti/Documents/Codex/2026-09-27/i/work/art/aircraft-final-production-v3/stage/assets/build/frames/unit.SA.gunship/team/takeoff_empty/d10_f00.png'
30:24.804  render           | Saved: '/var/folders/n4/43n_jxh10gg3s770b_8jbzb80000gn/T/fc-team-coverage-rkpdjctu.png'
30:25.682  render           | Saved: '/Users/mohammedkalouti/Documents/Codex/2026-09-27/i/work/art/aircraft-final-production-v3/stage/assets/build/frames/unit.SA.gunship/shadow/takeoff_empty/d10_f00.png'
30:26.321  render           | Saved: '/Users/mohammedkalouti/Documents/Codex/2026-09-27/i/work/art/aircraft-final-production-v3/stage/assets/build/frames/unit.SA.gunship/beauty/takeoff_empty/d10_f01.png'
30:26.815  render           | Saved: '/Users/mohammedkalouti/Documents/Codex/2026-09-27/i/work/art/aircraft-final-production-v3/stage/assets/build/frames/unit.SA.gunship/team/takeoff_empty/d10_f01.png'
30:27.071  render           | Saved: '/var/folders/n4/43n_jxh10gg3s770b_8jbzb80000gn/T/fc-team-coverage-d1b9f2ej.png'
30:27.960  render           | Saved: '/Users/mohammedkalouti/Documents/Codex/2026-09-27/i/work/art/aircraft-final-production-v3/stage/assets/build/frames/unit.SA.gunship/shadow/takeoff_empty/d10_f01.png'
30:28.611  render           | Saved: '/Users/mohammedkalouti/Documents/Codex/2026-09-27/i/work/art/aircraft-final-production-v3/stage/assets/build/frames/unit.SA.gunship/beauty/takeoff_empty/d10_f02.png'
30:29.104  render           | Saved: '/Users/mohammedkalouti/Documents/Codex/2026-09-27/i/work/art/aircraft-final-production-v3/stage/assets/build/frames/unit.SA.gunship/team/takeoff_empty/d10_f02.png'
30:29.365  render           | Saved: '/var/folders/n4/43n_jxh10gg3s770b_8jbzb80000gn/T/fc-team-coverage-amzn7sby.png'
30:30.273  render           | Saved: '/Users/mohammedkalouti/Documents/Codex/2026-09-27/i/work/art/aircraft-final-production-v3/stage/assets/build/frames/unit.SA.gunship/shadow/takeoff_empty/d10_f02.png'
30:30.916  render           | Saved: '/Users/mohammedkalouti/Documents/Codex/2026-09-27/i/work/art/aircraft-final-production-v3/stage/assets/build/frames/unit.SA.gunship/beauty/takeoff_empty/d10_f03.png'
30:31.409  render           | Saved: '/Users/mohammedkalouti/Documents/Codex/2026-09-27/i/work/art/aircraft-final-production-v3/stage/assets/build/frames/unit.SA.gunship/team/takeoff_empty/d10_f03.png'
30:31.660  render           | Saved: '/var/folders/n4/43n_jxh10gg3s770b_8jbzb80000gn/T/fc-team-coverage-47foh2dq.png'
30:32.531  render           | Saved: '/Users/mohammedkalouti/Documents/Codex/2026-09-27/i/work/art/aircraft-final-production-v3/stage/assets/build/frames/unit.SA.gunship/shadow/takeoff_empty/d10_f03.png'
30:33.177  render           | Saved: '/Users/mohammedkalouti/Documents/Codex/2026-09-27/i/work/art/aircraft-final-production-v3/stage/assets/build/frames/unit.SA.gunship/beauty/takeoff_empty/d10_f04.png'
30:33.673  render           | Saved: '/Users/mohammedkalouti/Documents/Codex/2026-09-27/i/work/art/aircraft-final-production-v3/stage/assets/build/frames/unit.SA.gunship/team/takeoff_empty/d10_f04.png'
30:33.939  render           | Saved: '/var/folders/n4/43n_jxh10gg3s770b_8jbzb80000gn/T/fc-team-coverage-owm_nghk.png'
30:34.845  render           | Saved: '/Users/mohammedkalouti/Documents/Codex/2026-09-27/i/work/art/aircraft-final-production-v3/stage/assets/build/frames/unit.SA.gunship/shadow/takeoff_empty/d10_f04.png'
30:35.480  render           | Saved: '/Users/mohammedkalouti/Documents/Codex/2026-09-27/i/work/art/aircraft-final-production-v3/stage/assets/build/frames/unit.SA.gunship/beauty/takeoff_empty/d10_f05.png'
30:35.980  render           | Saved: '/Users/mohammedkalouti/Documents/Codex/2026-09-27/i/work/art/aircraft-final-production-v3/stage/assets/build/frames/unit.SA.gunship/team/takeoff_empty/d10_f05.png'
30:36.236  render           | Saved: '/var/folders/n4/43n_jxh10gg3s770b_8jbzb80000gn/T/fc-team-coverage-jnr6wagy.png'
30:37.143  render           | Saved: '/Users/mohammedkalouti/Documents/Codex/2026-09-27/i/work/art/aircraft-final-production-v3/stage/assets/build/frames/unit.SA.gunship/shadow/takeoff_empty/d10_f05.png'
30:37.808  render           | Saved: '/Users/mohammedkalouti/Documents/Codex/2026-09-27/i/work/art/aircraft-final-production-v3/stage/assets/build/frames/unit.SA.gunship/beauty/takeoff_empty/d11_f00.png'
30:38.293  render           | Saved: '/Users/mohammedkalouti/Documents/Codex/2026-09-27/i/work/art/aircraft-final-production-v3/stage/assets/build/frames/unit.SA.gunship/team/takeoff_empty/d11_f00.png'
30:38.553  render           | Saved: '/var/folders/n4/43n_jxh10gg3s770b_8jbzb80000gn/T/fc-team-coverage-sd33vfgk.png'
30:39.430  render           | Saved: '/Users/mohammedkalouti/Documents/Codex/2026-09-27/i/work/art/aircraft-final-production-v3/stage/assets/build/frames/unit.SA.gunship/shadow/takeoff_empty/d11_f00.png'
30:40.069  render           | Saved: '/Users/mohammedkalouti/Documents/Codex/2026-09-27/i/work/art/aircraft-final-production-v3/stage/assets/build/frames/unit.SA.gunship/beauty/takeoff_empty/d11_f01.png'
30:40.567  render           | Saved: '/Users/mohammedkalouti/Documents/Codex/2026-09-27/i/work/art/aircraft-final-production-v3/stage/assets/build/frames/unit.SA.gunship/team/takeoff_empty/d11_f01.png'
30:40.819  render           | Saved: '/var/folders/n4/43n_jxh10gg3s770b_8jbzb80000gn/T/fc-team-coverage-db3yovh6.png'
30:41.699  render           | Saved: '/Users/mohammedkalouti/Documents/Codex/2026-09-27/i/work/art/aircraft-final-production-v3/stage/assets/build/frames/unit.SA.gunship/shadow/takeoff_empty/d11_f01.png'
30:42.344  render           | Saved: '/Users/mohammedkalouti/Documents/Codex/2026-09-27/i/work/art/aircraft-final-production-v3/stage/assets/build/frames/unit.SA.gunship/beauty/takeoff_empty/d11_f02.png'
30:42.870  render           | Saved: '/Users/mohammedkalouti/Documents/Codex/2026-09-27/i/work/art/aircraft-final-production-v3/stage/assets/build/frames/unit.SA.gunship/team/takeoff_empty/d11_f02.png'
30:43.137  render           | Saved: '/var/folders/n4/43n_jxh10gg3s770b_8jbzb80000gn/T/fc-team-coverage-ga6comua.png'
30:44.028  render           | Saved: '/Users/mohammedkalouti/Documents/Codex/2026-09-27/i/work/art/aircraft-final-production-v3/stage/assets/build/frames/unit.SA.gunship/shadow/takeoff_empty/d11_f02.png'
30:44.679  render           | Saved: '/Users/mohammedkalouti/Documents/Codex/2026-09-27/i/work/art/aircraft-final-production-v3/stage/assets/build/frames/unit.SA.gunship/beauty/takeoff_empty/d11_f03.png'
30:45.175  render           | Saved: '/Users/mohammedkalouti/Documents/Codex/2026-09-27/i/work/art/aircraft-final-production-v3/stage/assets/build/frames/unit.SA.gunship/team/takeoff_empty/d11_f03.png'
30:45.430  render           | Saved: '/var/folders/n4/43n_jxh10gg3s770b_8jbzb80000gn/T/fc-team-coverage-c48uhb1z.png'
30:46.306  render           | Saved: '/Users/mohammedkalouti/Documents/Codex/2026-09-27/i/work/art/aircraft-final-production-v3/stage/assets/build/frames/unit.SA.gunship/shadow/takeoff_empty/d11_f03.png'
30:46.947  render           | Saved: '/Users/mohammedkalouti/Documents/Codex/2026-09-27/i/work/art/aircraft-final-production-v3/stage/assets/build/frames/unit.SA.gunship/beauty/takeoff_empty/d11_f04.png'
30:47.434  render           | Saved: '/Users/mohammedkalouti/Documents/Codex/2026-09-27/i/work/art/aircraft-final-production-v3/stage/assets/build/frames/unit.SA.gunship/team/takeoff_empty/d11_f04.png'
30:47.685  render           | Saved: '/var/folders/n4/43n_jxh10gg3s770b_8jbzb80000gn/T/fc-team-coverage-_otm9g0b.png'
30:48.591  render           | Saved: '/Users/mohammedkalouti/Documents/Codex/2026-09-27/i/work/art/aircraft-final-production-v3/stage/assets/build/frames/unit.SA.gunship/shadow/takeoff_empty/d11_f04.png'
30:49.234  render           | Saved: '/Users/mohammedkalouti/Documents/Codex/2026-09-27/i/work/art/aircraft-final-production-v3/stage/assets/build/frames/unit.SA.gunship/beauty/takeoff_empty/d11_f05.png'
30:49.736  render           | Saved: '/Users/mohammedkalouti/Documents/Codex/2026-09-27/i/work/art/aircraft-final-production-v3/stage/assets/build/frames/unit.SA.gunship/team/takeoff_empty/d11_f05.png'
30:49.986  render           | Saved: '/var/folders/n4/43n_jxh10gg3s770b_8jbzb80000gn/T/fc-team-coverage-biiptg59.png'
30:50.885  render           | Saved: '/Users/mohammedkalouti/Documents/Codex/2026-09-27/i/work/art/aircraft-final-production-v3/stage/assets/build/frames/unit.SA.gunship/shadow/takeoff_empty/d11_f05.png'
30:51.638  render           | Saved: '/Users/mohammedkalouti/Documents/Codex/2026-09-27/i/work/art/aircraft-final-production-v3/stage/assets/build/frames/unit.SA.gunship/beauty/takeoff_empty/d12_f00.png'
30:52.134  render           | Saved: '/Users/mohammedkalouti/Documents/Codex/2026-09-27/i/work/art/aircraft-final-production-v3/stage/assets/build/frames/unit.SA.gunship/team/takeoff_empty/d12_f00.png'
30:52.391  render           | Saved: '/var/folders/n4/43n_jxh10gg3s770b_8jbzb80000gn/T/fc-team-coverage-0ykgp6qo.png'
30:53.278  render           | Saved: '/Users/mohammedkalouti/Documents/Codex/2026-09-27/i/work/art/aircraft-final-production-v3/stage/assets/build/frames/unit.SA.gunship/shadow/takeoff_empty/d12_f00.png'
30:53.913  render           | Saved: '/Users/mohammedkalouti/Documents/Codex/2026-09-27/i/work/art/aircraft-final-production-v3/stage/assets/build/frames/unit.SA.gunship/beauty/takeoff_empty/d12_f01.png'
30:54.395  render           | Saved: '/Users/mohammedkalouti/Documents/Codex/2026-09-27/i/work/art/aircraft-final-production-v3/stage/assets/build/frames/unit.SA.gunship/team/takeoff_empty/d12_f01.png'
30:54.648  render           | Saved: '/var/folders/n4/43n_jxh10gg3s770b_8jbzb80000gn/T/fc-team-coverage-m2pdie76.png'
30:55.551  render           | Saved: '/Users/mohammedkalouti/Documents/Codex/2026-09-27/i/work/art/aircraft-final-production-v3/stage/assets/build/frames/unit.SA.gunship/shadow/takeoff_empty/d12_f01.png'
30:56.195  render           | Saved: '/Users/mohammedkalouti/Documents/Codex/2026-09-27/i/work/art/aircraft-final-production-v3/stage/assets/build/frames/unit.SA.gunship/beauty/takeoff_empty/d12_f02.png'
30:56.683  render           | Saved: '/Users/mohammedkalouti/Documents/Codex/2026-09-27/i/work/art/aircraft-final-production-v3/stage/assets/build/frames/unit.SA.gunship/team/takeoff_empty/d12_f02.png'
30:56.935  render           | Saved: '/var/folders/n4/43n_jxh10gg3s770b_8jbzb80000gn/T/fc-team-coverage-7wae_1gw.png'
30:57.804  render           | Saved: '/Users/mohammedkalouti/Documents/Codex/2026-09-27/i/work/art/aircraft-final-production-v3/stage/assets/build/frames/unit.SA.gunship/shadow/takeoff_empty/d12_f02.png'
30:58.444  render           | Saved: '/Users/mohammedkalouti/Documents/Codex/2026-09-27/i/work/art/aircraft-final-production-v3/stage/assets/build/frames/unit.SA.gunship/beauty/takeoff_empty/d12_f03.png'
30:58.929  render           | Saved: '/Users/mohammedkalouti/Documents/Codex/2026-09-27/i/work/art/aircraft-final-production-v3/stage/assets/build/frames/unit.SA.gunship/team/takeoff_empty/d12_f03.png'
30:59.181  render           | Saved: '/var/folders/n4/43n_jxh10gg3s770b_8jbzb80000gn/T/fc-team-coverage-7880s1nk.png'
31:00.074  render           | Saved: '/Users/mohammedkalouti/Documents/Codex/2026-09-27/i/work/art/aircraft-final-production-v3/stage/assets/build/frames/unit.SA.gunship/shadow/takeoff_empty/d12_f03.png'
31:00.744  render           | Saved: '/Users/mohammedkalouti/Documents/Codex/2026-09-27/i/work/art/aircraft-final-production-v3/stage/assets/build/frames/unit.SA.gunship/beauty/takeoff_empty/d12_f04.png'
31:01.235  render           | Saved: '/Users/mohammedkalouti/Documents/Codex/2026-09-27/i/work/art/aircraft-final-production-v3/stage/assets/build/frames/unit.SA.gunship/team/takeoff_empty/d12_f04.png'
31:01.487  render           | Saved: '/var/folders/n4/43n_jxh10gg3s770b_8jbzb80000gn/T/fc-team-coverage-ir29ntlh.png'
31:02.352  render           | Saved: '/Users/mohammedkalouti/Documents/Codex/2026-09-27/i/work/art/aircraft-final-production-v3/stage/assets/build/frames/unit.SA.gunship/shadow/takeoff_empty/d12_f04.png'
31:02.986  render           | Saved: '/Users/mohammedkalouti/Documents/Codex/2026-09-27/i/work/art/aircraft-final-production-v3/stage/assets/build/frames/unit.SA.gunship/beauty/takeoff_empty/d12_f05.png'
31:03.478  render           | Saved: '/Users/mohammedkalouti/Documents/Codex/2026-09-27/i/work/art/aircraft-final-production-v3/stage/assets/build/frames/unit.SA.gunship/team/takeoff_empty/d12_f05.png'
31:03.735  render           | Saved: '/var/folders/n4/43n_jxh10gg3s770b_8jbzb80000gn/T/fc-team-coverage-cnjd2uc9.png'
31:04.603  render           | Saved: '/Users/mohammedkalouti/Documents/Codex/2026-09-27/i/work/art/aircraft-final-production-v3/stage/assets/build/frames/unit.SA.gunship/shadow/takeoff_empty/d12_f05.png'
31:05.258  render           | Saved: '/Users/mohammedkalouti/Documents/Codex/2026-09-27/i/work/art/aircraft-final-production-v3/stage/assets/build/frames/unit.SA.gunship/beauty/takeoff_empty/d13_f00.png'
31:05.755  render           | Saved: '/Users/mohammedkalouti/Documents/Codex/2026-09-27/i/work/art/aircraft-final-production-v3/stage/assets/build/frames/unit.SA.gunship/team/takeoff_empty/d13_f00.png'
31:06.042  render           | Saved: '/var/folders/n4/43n_jxh10gg3s770b_8jbzb80000gn/T/fc-team-coverage-nyhd1752.png'
31:06.917  render           | Saved: '/Users/mohammedkalouti/Documents/Codex/2026-09-27/i/work/art/aircraft-final-production-v3/stage/assets/build/frames/unit.SA.gunship/shadow/takeoff_empty/d13_f00.png'
31:07.568  render           | Saved: '/Users/mohammedkalouti/Documents/Codex/2026-09-27/i/work/art/aircraft-final-production-v3/stage/assets/build/frames/unit.SA.gunship/beauty/takeoff_empty/d13_f01.png'
31:08.054  render           | Saved: '/Users/mohammedkalouti/Documents/Codex/2026-09-27/i/work/art/aircraft-final-production-v3/stage/assets/build/frames/unit.SA.gunship/team/takeoff_empty/d13_f01.png'
31:08.313  render           | Saved: '/var/folders/n4/43n_jxh10gg3s770b_8jbzb80000gn/T/fc-team-coverage-ew06oiul.png'
31:09.193  render           | Saved: '/Users/mohammedkalouti/Documents/Codex/2026-09-27/i/work/art/aircraft-final-production-v3/stage/assets/build/frames/unit.SA.gunship/shadow/takeoff_empty/d13_f01.png'
31:09.838  render           | Saved: '/Users/mohammedkalouti/Documents/Codex/2026-09-27/i/work/art/aircraft-final-production-v3/stage/assets/build/frames/unit.SA.gunship/beauty/takeoff_empty/d13_f02.png'
31:10.323  render           | Saved: '/Users/mohammedkalouti/Documents/Codex/2026-09-27/i/work/art/aircraft-final-production-v3/stage/assets/build/frames/unit.SA.gunship/team/takeoff_empty/d13_f02.png'
31:10.582  render           | Saved: '/var/folders/n4/43n_jxh10gg3s770b_8jbzb80000gn/T/fc-team-coverage-sr36g75m.png'
31:11.654  render           | Saved: '/Users/mohammedkalouti/Documents/Codex/2026-09-27/i/work/art/aircraft-final-production-v3/stage/assets/build/frames/unit.SA.gunship/shadow/takeoff_empty/d13_f02.png'
31:12.314  render           | Saved: '/Users/mohammedkalouti/Documents/Codex/2026-09-27/i/work/art/aircraft-final-production-v3/stage/assets/build/frames/unit.SA.gunship/beauty/takeoff_empty/d13_f03.png'
31:13.330  render           | Saved: '/Users/mohammedkalouti/Documents/Codex/2026-09-27/i/work/art/aircraft-final-production-v3/stage/assets/build/frames/unit.SA.gunship/team/takeoff_empty/d13_f03.png'
31:13.683  render           | Saved: '/var/folders/n4/43n_jxh10gg3s770b_8jbzb80000gn/T/fc-team-coverage-94te_702.png'
31:14.958  render           | Saved: '/Users/mohammedkalouti/Documents/Codex/2026-09-27/i/work/art/aircraft-final-production-v3/stage/assets/build/frames/unit.SA.gunship/shadow/takeoff_empty/d13_f03.png'
31:15.627  render           | Saved: '/Users/mohammedkalouti/Documents/Codex/2026-09-27/i/work/art/aircraft-final-production-v3/stage/assets/build/frames/unit.SA.gunship/beauty/takeoff_empty/d13_f04.png'
31:16.160  render           | Saved: '/Users/mohammedkalouti/Documents/Codex/2026-09-27/i/work/art/aircraft-final-production-v3/stage/assets/build/frames/unit.SA.gunship/team/takeoff_empty/d13_f04.png'
31:16.433  render           | Saved: '/var/folders/n4/43n_jxh10gg3s770b_8jbzb80000gn/T/fc-team-coverage-z3ogdlae.png'
31:17.318  render           | Saved: '/Users/mohammedkalouti/Documents/Codex/2026-09-27/i/work/art/aircraft-final-production-v3/stage/assets/build/frames/unit.SA.gunship/shadow/takeoff_empty/d13_f04.png'
31:17.977  render           | Saved: '/Users/mohammedkalouti/Documents/Codex/2026-09-27/i/work/art/aircraft-final-production-v3/stage/assets/build/frames/unit.SA.gunship/beauty/takeoff_empty/d13_f05.png'
31:18.504  render           | Saved: '/Users/mohammedkalouti/Documents/Codex/2026-09-27/i/work/art/aircraft-final-production-v3/stage/assets/build/frames/unit.SA.gunship/team/takeoff_empty/d13_f05.png'
31:18.769  render           | Saved: '/var/folders/n4/43n_jxh10gg3s770b_8jbzb80000gn/T/fc-team-coverage-6w7q1gh2.png'
31:19.654  render           | Saved: '/Users/mohammedkalouti/Documents/Codex/2026-09-27/i/work/art/aircraft-final-production-v3/stage/assets/build/frames/unit.SA.gunship/shadow/takeoff_empty/d13_f05.png'
31:20.314  render           | Saved: '/Users/mohammedkalouti/Documents/Codex/2026-09-27/i/work/art/aircraft-final-production-v3/stage/assets/build/frames/unit.SA.gunship/beauty/takeoff_empty/d14_f00.png'
31:20.808  render           | Saved: '/Users/mohammedkalouti/Documents/Codex/2026-09-27/i/work/art/aircraft-final-production-v3/stage/assets/build/frames/unit.SA.gunship/team/takeoff_empty/d14_f00.png'
31:21.069  render           | Saved: '/var/folders/n4/43n_jxh10gg3s770b_8jbzb80000gn/T/fc-team-coverage-hz1ee2h0.png'
31:21.960  render           | Saved: '/Users/mohammedkalouti/Documents/Codex/2026-09-27/i/work/art/aircraft-final-production-v3/stage/assets/build/frames/unit.SA.gunship/shadow/takeoff_empty/d14_f00.png'
31:22.611  render           | Saved: '/Users/mohammedkalouti/Documents/Codex/2026-09-27/i/work/art/aircraft-final-production-v3/stage/assets/build/frames/unit.SA.gunship/beauty/takeoff_empty/d14_f01.png'
31:23.101  render           | Saved: '/Users/mohammedkalouti/Documents/Codex/2026-09-27/i/work/art/aircraft-final-production-v3/stage/assets/build/frames/unit.SA.gunship/team/takeoff_empty/d14_f01.png'
31:23.353  render           | Saved: '/var/folders/n4/43n_jxh10gg3s770b_8jbzb80000gn/T/fc-team-coverage-5x1yz8xk.png'
31:24.244  render           | Saved: '/Users/mohammedkalouti/Documents/Codex/2026-09-27/i/work/art/aircraft-final-production-v3/stage/assets/build/frames/unit.SA.gunship/shadow/takeoff_empty/d14_f01.png'
31:24.892  render           | Saved: '/Users/mohammedkalouti/Documents/Codex/2026-09-27/i/work/art/aircraft-final-production-v3/stage/assets/build/frames/unit.SA.gunship/beauty/takeoff_empty/d14_f02.png'
31:25.380  render           | Saved: '/Users/mohammedkalouti/Documents/Codex/2026-09-27/i/work/art/aircraft-final-production-v3/stage/assets/build/frames/unit.SA.gunship/team/takeoff_empty/d14_f02.png'
31:25.635  render           | Saved: '/var/folders/n4/43n_jxh10gg3s770b_8jbzb80000gn/T/fc-team-coverage-lydmp4da.png'
31:26.525  render           | Saved: '/Users/mohammedkalouti/Documents/Codex/2026-09-27/i/work/art/aircraft-final-production-v3/stage/assets/build/frames/unit.SA.gunship/shadow/takeoff_empty/d14_f02.png'
31:27.179  render           | Saved: '/Users/mohammedkalouti/Documents/Codex/2026-09-27/i/work/art/aircraft-final-production-v3/stage/assets/build/frames/unit.SA.gunship/beauty/takeoff_empty/d14_f03.png'
31:27.697  render           | Saved: '/Users/mohammedkalouti/Documents/Codex/2026-09-27/i/work/art/aircraft-final-production-v3/stage/assets/build/frames/unit.SA.gunship/team/takeoff_empty/d14_f03.png'
31:27.963  render           | Saved: '/var/folders/n4/43n_jxh10gg3s770b_8jbzb80000gn/T/fc-team-coverage-cy__dzhx.png'
31:28.846  render           | Saved: '/Users/mohammedkalouti/Documents/Codex/2026-09-27/i/work/art/aircraft-final-production-v3/stage/assets/build/frames/unit.SA.gunship/shadow/takeoff_empty/d14_f03.png'
31:29.491  render           | Saved: '/Users/mohammedkalouti/Documents/Codex/2026-09-27/i/work/art/aircraft-final-production-v3/stage/assets/build/frames/unit.SA.gunship/beauty/takeoff_empty/d14_f04.png'
31:29.977  render           | Saved: '/Users/mohammedkalouti/Documents/Codex/2026-09-27/i/work/art/aircraft-final-production-v3/stage/assets/build/frames/unit.SA.gunship/team/takeoff_empty/d14_f04.png'
31:30.238  render           | Saved: '/var/folders/n4/43n_jxh10gg3s770b_8jbzb80000gn/T/fc-team-coverage-x7qdacss.png'
31:31.115  render           | Saved: '/Users/mohammedkalouti/Documents/Codex/2026-09-27/i/work/art/aircraft-final-production-v3/stage/assets/build/frames/unit.SA.gunship/shadow/takeoff_empty/d14_f04.png'
31:31.757  render           | Saved: '/Users/mohammedkalouti/Documents/Codex/2026-09-27/i/work/art/aircraft-final-production-v3/stage/assets/build/frames/unit.SA.gunship/beauty/takeoff_empty/d14_f05.png'
31:32.248  render           | Saved: '/Users/mohammedkalouti/Documents/Codex/2026-09-27/i/work/art/aircraft-final-production-v3/stage/assets/build/frames/unit.SA.gunship/team/takeoff_empty/d14_f05.png'
31:32.502  render           | Saved: '/var/folders/n4/43n_jxh10gg3s770b_8jbzb80000gn/T/fc-team-coverage-4en9ojk4.png'
31:33.407  render           | Saved: '/Users/mohammedkalouti/Documents/Codex/2026-09-27/i/work/art/aircraft-final-production-v3/stage/assets/build/frames/unit.SA.gunship/shadow/takeoff_empty/d14_f05.png'
31:34.056  render           | Saved: '/Users/mohammedkalouti/Documents/Codex/2026-09-27/i/work/art/aircraft-final-production-v3/stage/assets/build/frames/unit.SA.gunship/beauty/takeoff_empty/d15_f00.png'
31:34.546  render           | Saved: '/Users/mohammedkalouti/Documents/Codex/2026-09-27/i/work/art/aircraft-final-production-v3/stage/assets/build/frames/unit.SA.gunship/team/takeoff_empty/d15_f00.png'
31:34.803  render           | Saved: '/var/folders/n4/43n_jxh10gg3s770b_8jbzb80000gn/T/fc-team-coverage-j6812dso.png'
31:35.698  render           | Saved: '/Users/mohammedkalouti/Documents/Codex/2026-09-27/i/work/art/aircraft-final-production-v3/stage/assets/build/frames/unit.SA.gunship/shadow/takeoff_empty/d15_f00.png'
31:36.377  render           | Saved: '/Users/mohammedkalouti/Documents/Codex/2026-09-27/i/work/art/aircraft-final-production-v3/stage/assets/build/frames/unit.SA.gunship/beauty/takeoff_empty/d15_f01.png'
31:36.866  render           | Saved: '/Users/mohammedkalouti/Documents/Codex/2026-09-27/i/work/art/aircraft-final-production-v3/stage/assets/build/frames/unit.SA.gunship/team/takeoff_empty/d15_f01.png'
31:37.123  render           | Saved: '/var/folders/n4/43n_jxh10gg3s770b_8jbzb80000gn/T/fc-team-coverage-vj_u30uf.png'
31:38.040  render           | Saved: '/Users/mohammedkalouti/Documents/Codex/2026-09-27/i/work/art/aircraft-final-production-v3/stage/assets/build/frames/unit.SA.gunship/shadow/takeoff_empty/d15_f01.png'
31:38.702  render           | Saved: '/Users/mohammedkalouti/Documents/Codex/2026-09-27/i/work/art/aircraft-final-production-v3/stage/assets/build/frames/unit.SA.gunship/beauty/takeoff_empty/d15_f02.png'
31:39.198  render           | Saved: '/Users/mohammedkalouti/Documents/Codex/2026-09-27/i/work/art/aircraft-final-production-v3/stage/assets/build/frames/unit.SA.gunship/team/takeoff_empty/d15_f02.png'
31:39.454  render           | Saved: '/var/folders/n4/43n_jxh10gg3s770b_8jbzb80000gn/T/fc-team-coverage-1or8hqxt.png'
31:40.326  render           | Saved: '/Users/mohammedkalouti/Documents/Codex/2026-09-27/i/work/art/aircraft-final-production-v3/stage/assets/build/frames/unit.SA.gunship/shadow/takeoff_empty/d15_f02.png'
31:40.978  render           | Saved: '/Users/mohammedkalouti/Documents/Codex/2026-09-27/i/work/art/aircraft-final-production-v3/stage/assets/build/frames/unit.SA.gunship/beauty/takeoff_empty/d15_f03.png'
31:41.486  render           | Saved: '/Users/mohammedkalouti/Documents/Codex/2026-09-27/i/work/art/aircraft-final-production-v3/stage/assets/build/frames/unit.SA.gunship/team/takeoff_empty/d15_f03.png'
31:41.743  render           | Saved: '/var/folders/n4/43n_jxh10gg3s770b_8jbzb80000gn/T/fc-team-coverage-b07_puyi.png'
31:42.617  render           | Saved: '/Users/mohammedkalouti/Documents/Codex/2026-09-27/i/work/art/aircraft-final-production-v3/stage/assets/build/frames/unit.SA.gunship/shadow/takeoff_empty/d15_f03.png'
31:43.268  render           | Saved: '/Users/mohammedkalouti/Documents/Codex/2026-09-27/i/work/art/aircraft-final-production-v3/stage/assets/build/frames/unit.SA.gunship/beauty/takeoff_empty/d15_f04.png'
31:43.756  render           | Saved: '/Users/mohammedkalouti/Documents/Codex/2026-09-27/i/work/art/aircraft-final-production-v3/stage/assets/build/frames/unit.SA.gunship/team/takeoff_empty/d15_f04.png'
31:44.014  render           | Saved: '/var/folders/n4/43n_jxh10gg3s770b_8jbzb80000gn/T/fc-team-coverage-r9bqy6na.png'
31:44.904  render           | Saved: '/Users/mohammedkalouti/Documents/Codex/2026-09-27/i/work/art/aircraft-final-production-v3/stage/assets/build/frames/unit.SA.gunship/shadow/takeoff_empty/d15_f04.png'
31:45.586  render           | Saved: '/Users/mohammedkalouti/Documents/Codex/2026-09-27/i/work/art/aircraft-final-production-v3/stage/assets/build/frames/unit.SA.gunship/beauty/takeoff_empty/d15_f05.png'
31:46.082  render           | Saved: '/Users/mohammedkalouti/Documents/Codex/2026-09-27/i/work/art/aircraft-final-production-v3/stage/assets/build/frames/unit.SA.gunship/team/takeoff_empty/d15_f05.png'
31:46.350  render           | Saved: '/var/folders/n4/43n_jxh10gg3s770b_8jbzb80000gn/T/fc-team-coverage-htwfntk7.png'
31:47.220  render           | Saved: '/Users/mohammedkalouti/Documents/Codex/2026-09-27/i/work/art/aircraft-final-production-v3/stage/assets/build/frames/unit.SA.gunship/shadow/takeoff_empty/d15_f05.png'
31:47.857  render           | Saved: '/Users/mohammedkalouti/Documents/Codex/2026-09-27/i/work/art/aircraft-final-production-v3/stage/assets/build/frames/unit.SA.gunship/beauty/landing_empty/d00_f00.png'
31:48.350  render           | Saved: '/Users/mohammedkalouti/Documents/Codex/2026-09-27/i/work/art/aircraft-final-production-v3/stage/assets/build/frames/unit.SA.gunship/team/landing_empty/d00_f00.png'
31:48.607  render           | Saved: '/var/folders/n4/43n_jxh10gg3s770b_8jbzb80000gn/T/fc-team-coverage-gfzuulty.png'
31:49.482  render           | Saved: '/Users/mohammedkalouti/Documents/Codex/2026-09-27/i/work/art/aircraft-final-production-v3/stage/assets/build/frames/unit.SA.gunship/shadow/landing_empty/d00_f00.png'
31:50.110  render           | Saved: '/Users/mohammedkalouti/Documents/Codex/2026-09-27/i/work/art/aircraft-final-production-v3/stage/assets/build/frames/unit.SA.gunship/beauty/landing_empty/d00_f01.png'
31:50.596  render           | Saved: '/Users/mohammedkalouti/Documents/Codex/2026-09-27/i/work/art/aircraft-final-production-v3/stage/assets/build/frames/unit.SA.gunship/team/landing_empty/d00_f01.png'
31:50.858  render           | Saved: '/var/folders/n4/43n_jxh10gg3s770b_8jbzb80000gn/T/fc-team-coverage-buy1975v.png'
31:51.736  render           | Saved: '/Users/mohammedkalouti/Documents/Codex/2026-09-27/i/work/art/aircraft-final-production-v3/stage/assets/build/frames/unit.SA.gunship/shadow/landing_empty/d00_f01.png'
31:52.372  render           | Saved: '/Users/mohammedkalouti/Documents/Codex/2026-09-27/i/work/art/aircraft-final-production-v3/stage/assets/build/frames/unit.SA.gunship/beauty/landing_empty/d00_f02.png'
31:52.895  render           | Saved: '/Users/mohammedkalouti/Documents/Codex/2026-09-27/i/work/art/aircraft-final-production-v3/stage/assets/build/frames/unit.SA.gunship/team/landing_empty/d00_f02.png'
31:53.162  render           | Saved: '/var/folders/n4/43n_jxh10gg3s770b_8jbzb80000gn/T/fc-team-coverage-5g_1941r.png'
31:54.341  render           | Saved: '/Users/mohammedkalouti/Documents/Codex/2026-09-27/i/work/art/aircraft-final-production-v3/stage/assets/build/frames/unit.SA.gunship/shadow/landing_empty/d00_f02.png'
31:55.044  render           | Saved: '/Users/mohammedkalouti/Documents/Codex/2026-09-27/i/work/art/aircraft-final-production-v3/stage/assets/build/frames/unit.SA.gunship/beauty/landing_empty/d00_f03.png'
31:55.580  render           | Saved: '/Users/mohammedkalouti/Documents/Codex/2026-09-27/i/work/art/aircraft-final-production-v3/stage/assets/build/frames/unit.SA.gunship/team/landing_empty/d00_f03.png'
31:55.863  render           | Saved: '/var/folders/n4/43n_jxh10gg3s770b_8jbzb80000gn/T/fc-team-coverage-an3mlmts.png'
31:56.771  render           | Saved: '/Users/mohammedkalouti/Documents/Codex/2026-09-27/i/work/art/aircraft-final-production-v3/stage/assets/build/frames/unit.SA.gunship/shadow/landing_empty/d00_f03.png'
31:57.413  render           | Saved: '/Users/mohammedkalouti/Documents/Codex/2026-09-27/i/work/art/aircraft-final-production-v3/stage/assets/build/frames/unit.SA.gunship/beauty/landing_empty/d00_f04.png'
31:57.915  render           | Saved: '/Users/mohammedkalouti/Documents/Codex/2026-09-27/i/work/art/aircraft-final-production-v3/stage/assets/build/frames/unit.SA.gunship/team/landing_empty/d00_f04.png'
31:58.174  render           | Saved: '/var/folders/n4/43n_jxh10gg3s770b_8jbzb80000gn/T/fc-team-coverage-sqqbbzm2.png'
31:59.058  render           | Saved: '/Users/mohammedkalouti/Documents/Codex/2026-09-27/i/work/art/aircraft-final-production-v3/stage/assets/build/frames/unit.SA.gunship/shadow/landing_empty/d00_f04.png'
31:59.692  render           | Saved: '/Users/mohammedkalouti/Documents/Codex/2026-09-27/i/work/art/aircraft-final-production-v3/stage/assets/build/frames/unit.SA.gunship/beauty/landing_empty/d00_f05.png'
32:00.191  render           | Saved: '/Users/mohammedkalouti/Documents/Codex/2026-09-27/i/work/art/aircraft-final-production-v3/stage/assets/build/frames/unit.SA.gunship/team/landing_empty/d00_f05.png'
32:00.456  render           | Saved: '/var/folders/n4/43n_jxh10gg3s770b_8jbzb80000gn/T/fc-team-coverage-7te2gxh4.png'
32:01.339  render           | Saved: '/Users/mohammedkalouti/Documents/Codex/2026-09-27/i/work/art/aircraft-final-production-v3/stage/assets/build/frames/unit.SA.gunship/shadow/landing_empty/d00_f05.png'
32:01.985  render           | Saved: '/Users/mohammedkalouti/Documents/Codex/2026-09-27/i/work/art/aircraft-final-production-v3/stage/assets/build/frames/unit.SA.gunship/beauty/landing_empty/d01_f00.png'
32:02.479  render           | Saved: '/Users/mohammedkalouti/Documents/Codex/2026-09-27/i/work/art/aircraft-final-production-v3/stage/assets/build/frames/unit.SA.gunship/team/landing_empty/d01_f00.png'
32:02.755  render           | Saved: '/var/folders/n4/43n_jxh10gg3s770b_8jbzb80000gn/T/fc-team-coverage-j23w8cd8.png'
32:03.650  render           | Saved: '/Users/mohammedkalouti/Documents/Codex/2026-09-27/i/work/art/aircraft-final-production-v3/stage/assets/build/frames/unit.SA.gunship/shadow/landing_empty/d01_f00.png'
32:04.309  render           | Saved: '/Users/mohammedkalouti/Documents/Codex/2026-09-27/i/work/art/aircraft-final-production-v3/stage/assets/build/frames/unit.SA.gunship/beauty/landing_empty/d01_f01.png'
32:04.802  render           | Saved: '/Users/mohammedkalouti/Documents/Codex/2026-09-27/i/work/art/aircraft-final-production-v3/stage/assets/build/frames/unit.SA.gunship/team/landing_empty/d01_f01.png'
32:05.072  render           | Saved: '/var/folders/n4/43n_jxh10gg3s770b_8jbzb80000gn/T/fc-team-coverage-n7p0u5ow.png'
32:05.991  render           | Saved: '/Users/mohammedkalouti/Documents/Codex/2026-09-27/i/work/art/aircraft-final-production-v3/stage/assets/build/frames/unit.SA.gunship/shadow/landing_empty/d01_f01.png'
32:06.635  render           | Saved: '/Users/mohammedkalouti/Documents/Codex/2026-09-27/i/work/art/aircraft-final-production-v3/stage/assets/build/frames/unit.SA.gunship/beauty/landing_empty/d01_f02.png'
32:07.135  render           | Saved: '/Users/mohammedkalouti/Documents/Codex/2026-09-27/i/work/art/aircraft-final-production-v3/stage/assets/build/frames/unit.SA.gunship/team/landing_empty/d01_f02.png'
32:07.421  render           | Saved: '/var/folders/n4/43n_jxh10gg3s770b_8jbzb80000gn/T/fc-team-coverage-fz981j04.png'
32:08.351  render           | Saved: '/Users/mohammedkalouti/Documents/Codex/2026-09-27/i/work/art/aircraft-final-production-v3/stage/assets/build/frames/unit.SA.gunship/shadow/landing_empty/d01_f02.png'
32:08.987  render           | Saved: '/Users/mohammedkalouti/Documents/Codex/2026-09-27/i/work/art/aircraft-final-production-v3/stage/assets/build/frames/unit.SA.gunship/beauty/landing_empty/d01_f03.png'
32:09.474  render           | Saved: '/Users/mohammedkalouti/Documents/Codex/2026-09-27/i/work/art/aircraft-final-production-v3/stage/assets/build/frames/unit.SA.gunship/team/landing_empty/d01_f03.png'
32:09.735  render           | Saved: '/var/folders/n4/43n_jxh10gg3s770b_8jbzb80000gn/T/fc-team-coverage-93p5x_0d.png'
32:10.623  render           | Saved: '/Users/mohammedkalouti/Documents/Codex/2026-09-27/i/work/art/aircraft-final-production-v3/stage/assets/build/frames/unit.SA.gunship/shadow/landing_empty/d01_f03.png'
32:11.257  render           | Saved: '/Users/mohammedkalouti/Documents/Codex/2026-09-27/i/work/art/aircraft-final-production-v3/stage/assets/build/frames/unit.SA.gunship/beauty/landing_empty/d01_f04.png'
32:11.750  render           | Saved: '/Users/mohammedkalouti/Documents/Codex/2026-09-27/i/work/art/aircraft-final-production-v3/stage/assets/build/frames/unit.SA.gunship/team/landing_empty/d01_f04.png'
32:12.006  render           | Saved: '/var/folders/n4/43n_jxh10gg3s770b_8jbzb80000gn/T/fc-team-coverage-pcsj3mfw.png'
32:12.893  render           | Saved: '/Users/mohammedkalouti/Documents/Codex/2026-09-27/i/work/art/aircraft-final-production-v3/stage/assets/build/frames/unit.SA.gunship/shadow/landing_empty/d01_f04.png'
32:13.533  render           | Saved: '/Users/mohammedkalouti/Documents/Codex/2026-09-27/i/work/art/aircraft-final-production-v3/stage/assets/build/frames/unit.SA.gunship/beauty/landing_empty/d01_f05.png'
32:14.040  render           | Saved: '/Users/mohammedkalouti/Documents/Codex/2026-09-27/i/work/art/aircraft-final-production-v3/stage/assets/build/frames/unit.SA.gunship/team/landing_empty/d01_f05.png'
32:14.339  render           | Saved: '/var/folders/n4/43n_jxh10gg3s770b_8jbzb80000gn/T/fc-team-coverage-kyzv8h9w.png'
32:15.239  render           | Saved: '/Users/mohammedkalouti/Documents/Codex/2026-09-27/i/work/art/aircraft-final-production-v3/stage/assets/build/frames/unit.SA.gunship/shadow/landing_empty/d01_f05.png'
32:15.886  render           | Saved: '/Users/mohammedkalouti/Documents/Codex/2026-09-27/i/work/art/aircraft-final-production-v3/stage/assets/build/frames/unit.SA.gunship/beauty/landing_empty/d02_f00.png'
32:16.375  render           | Saved: '/Users/mohammedkalouti/Documents/Codex/2026-09-27/i/work/art/aircraft-final-production-v3/stage/assets/build/frames/unit.SA.gunship/team/landing_empty/d02_f00.png'
32:16.640  render           | Saved: '/var/folders/n4/43n_jxh10gg3s770b_8jbzb80000gn/T/fc-team-coverage-krbj2hqj.png'
32:17.527  render           | Saved: '/Users/mohammedkalouti/Documents/Codex/2026-09-27/i/work/art/aircraft-final-production-v3/stage/assets/build/frames/unit.SA.gunship/shadow/landing_empty/d02_f00.png'
32:18.167  render           | Saved: '/Users/mohammedkalouti/Documents/Codex/2026-09-27/i/work/art/aircraft-final-production-v3/stage/assets/build/frames/unit.SA.gunship/beauty/landing_empty/d02_f01.png'
32:18.666  render           | Saved: '/Users/mohammedkalouti/Documents/Codex/2026-09-27/i/work/art/aircraft-final-production-v3/stage/assets/build/frames/unit.SA.gunship/team/landing_empty/d02_f01.png'
32:18.919  render           | Saved: '/var/folders/n4/43n_jxh10gg3s770b_8jbzb80000gn/T/fc-team-coverage-tbg3mmsq.png'
32:19.801  render           | Saved: '/Users/mohammedkalouti/Documents/Codex/2026-09-27/i/work/art/aircraft-final-production-v3/stage/assets/build/frames/unit.SA.gunship/shadow/landing_empty/d02_f01.png'
32:20.441  render           | Saved: '/Users/mohammedkalouti/Documents/Codex/2026-09-27/i/work/art/aircraft-final-production-v3/stage/assets/build/frames/unit.SA.gunship/beauty/landing_empty/d02_f02.png'
32:20.928  render           | Saved: '/Users/mohammedkalouti/Documents/Codex/2026-09-27/i/work/art/aircraft-final-production-v3/stage/assets/build/frames/unit.SA.gunship/team/landing_empty/d02_f02.png'
32:21.185  render           | Saved: '/var/folders/n4/43n_jxh10gg3s770b_8jbzb80000gn/T/fc-team-coverage-gg8_3v6c.png'
32:22.067  render           | Saved: '/Users/mohammedkalouti/Documents/Codex/2026-09-27/i/work/art/aircraft-final-production-v3/stage/assets/build/frames/unit.SA.gunship/shadow/landing_empty/d02_f02.png'
32:22.702  render           | Saved: '/Users/mohammedkalouti/Documents/Codex/2026-09-27/i/work/art/aircraft-final-production-v3/stage/assets/build/frames/unit.SA.gunship/beauty/landing_empty/d02_f03.png'
32:23.187  render           | Saved: '/Users/mohammedkalouti/Documents/Codex/2026-09-27/i/work/art/aircraft-final-production-v3/stage/assets/build/frames/unit.SA.gunship/team/landing_empty/d02_f03.png'
32:23.448  render           | Saved: '/var/folders/n4/43n_jxh10gg3s770b_8jbzb80000gn/T/fc-team-coverage-k85hf0e3.png'
32:24.333  render           | Saved: '/Users/mohammedkalouti/Documents/Codex/2026-09-27/i/work/art/aircraft-final-production-v3/stage/assets/build/frames/unit.SA.gunship/shadow/landing_empty/d02_f03.png'
32:24.973  render           | Saved: '/Users/mohammedkalouti/Documents/Codex/2026-09-27/i/work/art/aircraft-final-production-v3/stage/assets/build/frames/unit.SA.gunship/beauty/landing_empty/d02_f04.png'
32:25.459  render           | Saved: '/Users/mohammedkalouti/Documents/Codex/2026-09-27/i/work/art/aircraft-final-production-v3/stage/assets/build/frames/unit.SA.gunship/team/landing_empty/d02_f04.png'
32:25.717  render           | Saved: '/var/folders/n4/43n_jxh10gg3s770b_8jbzb80000gn/T/fc-team-coverage-yb8x4nrx.png'
32:26.601  render           | Saved: '/Users/mohammedkalouti/Documents/Codex/2026-09-27/i/work/art/aircraft-final-production-v3/stage/assets/build/frames/unit.SA.gunship/shadow/landing_empty/d02_f04.png'
32:27.231  render           | Saved: '/Users/mohammedkalouti/Documents/Codex/2026-09-27/i/work/art/aircraft-final-production-v3/stage/assets/build/frames/unit.SA.gunship/beauty/landing_empty/d02_f05.png'
32:27.721  render           | Saved: '/Users/mohammedkalouti/Documents/Codex/2026-09-27/i/work/art/aircraft-final-production-v3/stage/assets/build/frames/unit.SA.gunship/team/landing_empty/d02_f05.png'
32:27.976  render           | Saved: '/var/folders/n4/43n_jxh10gg3s770b_8jbzb80000gn/T/fc-team-coverage-2sg9yk9l.png'
32:28.884  render           | Saved: '/Users/mohammedkalouti/Documents/Codex/2026-09-27/i/work/art/aircraft-final-production-v3/stage/assets/build/frames/unit.SA.gunship/shadow/landing_empty/d02_f05.png'
32:29.646  render           | Saved: '/Users/mohammedkalouti/Documents/Codex/2026-09-27/i/work/art/aircraft-final-production-v3/stage/assets/build/frames/unit.SA.gunship/beauty/landing_empty/d03_f00.png'
32:30.197  render           | Saved: '/Users/mohammedkalouti/Documents/Codex/2026-09-27/i/work/art/aircraft-final-production-v3/stage/assets/build/frames/unit.SA.gunship/team/landing_empty/d03_f00.png'
32:30.462  render           | Saved: '/var/folders/n4/43n_jxh10gg3s770b_8jbzb80000gn/T/fc-team-coverage-mu384zg3.png'
32:31.551  render           | Saved: '/Users/mohammedkalouti/Documents/Codex/2026-09-27/i/work/art/aircraft-final-production-v3/stage/assets/build/frames/unit.SA.gunship/shadow/landing_empty/d03_f00.png'
32:32.312  render           | Saved: '/Users/mohammedkalouti/Documents/Codex/2026-09-27/i/work/art/aircraft-final-production-v3/stage/assets/build/frames/unit.SA.gunship/beauty/landing_empty/d03_f01.png'
32:32.956  render           | Saved: '/Users/mohammedkalouti/Documents/Codex/2026-09-27/i/work/art/aircraft-final-production-v3/stage/assets/build/frames/unit.SA.gunship/team/landing_empty/d03_f01.png'
32:33.615  render           | Saved: '/var/folders/n4/43n_jxh10gg3s770b_8jbzb80000gn/T/fc-team-coverage-bg8t7ts5.png'
32:34.904  render           | Saved: '/Users/mohammedkalouti/Documents/Codex/2026-09-27/i/work/art/aircraft-final-production-v3/stage/assets/build/frames/unit.SA.gunship/shadow/landing_empty/d03_f01.png'
32:35.759  render           | Saved: '/Users/mohammedkalouti/Documents/Codex/2026-09-27/i/work/art/aircraft-final-production-v3/stage/assets/build/frames/unit.SA.gunship/beauty/landing_empty/d03_f02.png'
32:36.455  render           | Saved: '/Users/mohammedkalouti/Documents/Codex/2026-09-27/i/work/art/aircraft-final-production-v3/stage/assets/build/frames/unit.SA.gunship/team/landing_empty/d03_f02.png'
32:36.861  render           | Saved: '/var/folders/n4/43n_jxh10gg3s770b_8jbzb80000gn/T/fc-team-coverage-7to_m_vd.png'
32:38.220  render           | Saved: '/Users/mohammedkalouti/Documents/Codex/2026-09-27/i/work/art/aircraft-final-production-v3/stage/assets/build/frames/unit.SA.gunship/shadow/landing_empty/d03_f02.png'
32:39.186  render           | Saved: '/Users/mohammedkalouti/Documents/Codex/2026-09-27/i/work/art/aircraft-final-production-v3/stage/assets/build/frames/unit.SA.gunship/beauty/landing_empty/d03_f03.png'
32:39.801  render           | Saved: '/Users/mohammedkalouti/Documents/Codex/2026-09-27/i/work/art/aircraft-final-production-v3/stage/assets/build/frames/unit.SA.gunship/team/landing_empty/d03_f03.png'
32:40.146  render           | Saved: '/var/folders/n4/43n_jxh10gg3s770b_8jbzb80000gn/T/fc-team-coverage-_pifbacr.png'
32:41.225  render           | Saved: '/Users/mohammedkalouti/Documents/Codex/2026-09-27/i/work/art/aircraft-final-production-v3/stage/assets/build/frames/unit.SA.gunship/shadow/landing_empty/d03_f03.png'
32:41.980  render           | Saved: '/Users/mohammedkalouti/Documents/Codex/2026-09-27/i/work/art/aircraft-final-production-v3/stage/assets/build/frames/unit.SA.gunship/beauty/landing_empty/d03_f04.png'
32:42.555  render           | Saved: '/Users/mohammedkalouti/Documents/Codex/2026-09-27/i/work/art/aircraft-final-production-v3/stage/assets/build/frames/unit.SA.gunship/team/landing_empty/d03_f04.png'
32:42.845  render           | Saved: '/var/folders/n4/43n_jxh10gg3s770b_8jbzb80000gn/T/fc-team-coverage-1g2a5flz.png'
32:44.021  render           | Saved: '/Users/mohammedkalouti/Documents/Codex/2026-09-27/i/work/art/aircraft-final-production-v3/stage/assets/build/frames/unit.SA.gunship/shadow/landing_empty/d03_f04.png'
32:44.825  render           | Saved: '/Users/mohammedkalouti/Documents/Codex/2026-09-27/i/work/art/aircraft-final-production-v3/stage/assets/build/frames/unit.SA.gunship/beauty/landing_empty/d03_f05.png'
32:45.563  render           | Saved: '/Users/mohammedkalouti/Documents/Codex/2026-09-27/i/work/art/aircraft-final-production-v3/stage/assets/build/frames/unit.SA.gunship/team/landing_empty/d03_f05.png'
32:45.926  render           | Saved: '/var/folders/n4/43n_jxh10gg3s770b_8jbzb80000gn/T/fc-team-coverage-8h1c2j3i.png'
32:47.145  render           | Saved: '/Users/mohammedkalouti/Documents/Codex/2026-09-27/i/work/art/aircraft-final-production-v3/stage/assets/build/frames/unit.SA.gunship/shadow/landing_empty/d03_f05.png'
32:48.064  render           | Saved: '/Users/mohammedkalouti/Documents/Codex/2026-09-27/i/work/art/aircraft-final-production-v3/stage/assets/build/frames/unit.SA.gunship/beauty/landing_empty/d04_f00.png'
32:48.724  render           | Saved: '/Users/mohammedkalouti/Documents/Codex/2026-09-27/i/work/art/aircraft-final-production-v3/stage/assets/build/frames/unit.SA.gunship/team/landing_empty/d04_f00.png'
32:49.061  render           | Saved: '/var/folders/n4/43n_jxh10gg3s770b_8jbzb80000gn/T/fc-team-coverage-jj3zyncw.png'
32:50.365  render           | Saved: '/Users/mohammedkalouti/Documents/Codex/2026-09-27/i/work/art/aircraft-final-production-v3/stage/assets/build/frames/unit.SA.gunship/shadow/landing_empty/d04_f00.png'
32:51.260  render           | Saved: '/Users/mohammedkalouti/Documents/Codex/2026-09-27/i/work/art/aircraft-final-production-v3/stage/assets/build/frames/unit.SA.gunship/beauty/landing_empty/d04_f01.png'
32:51.887  render           | Saved: '/Users/mohammedkalouti/Documents/Codex/2026-09-27/i/work/art/aircraft-final-production-v3/stage/assets/build/frames/unit.SA.gunship/team/landing_empty/d04_f01.png'
32:52.206  render           | Saved: '/var/folders/n4/43n_jxh10gg3s770b_8jbzb80000gn/T/fc-team-coverage-tuwchciv.png'
32:53.359  render           | Saved: '/Users/mohammedkalouti/Documents/Codex/2026-09-27/i/work/art/aircraft-final-production-v3/stage/assets/build/frames/unit.SA.gunship/shadow/landing_empty/d04_f01.png'
32:54.186  render           | Saved: '/Users/mohammedkalouti/Documents/Codex/2026-09-27/i/work/art/aircraft-final-production-v3/stage/assets/build/frames/unit.SA.gunship/beauty/landing_empty/d04_f02.png'
32:54.781  render           | Saved: '/Users/mohammedkalouti/Documents/Codex/2026-09-27/i/work/art/aircraft-final-production-v3/stage/assets/build/frames/unit.SA.gunship/team/landing_empty/d04_f02.png'
32:55.084  render           | Saved: '/var/folders/n4/43n_jxh10gg3s770b_8jbzb80000gn/T/fc-team-coverage-jdhogc6k.png'
32:56.210  render           | Saved: '/Users/mohammedkalouti/Documents/Codex/2026-09-27/i/work/art/aircraft-final-production-v3/stage/assets/build/frames/unit.SA.gunship/shadow/landing_empty/d04_f02.png'
32:56.977  render           | Saved: '/Users/mohammedkalouti/Documents/Codex/2026-09-27/i/work/art/aircraft-final-production-v3/stage/assets/build/frames/unit.SA.gunship/beauty/landing_empty/d04_f03.png'
32:57.538  render           | Saved: '/Users/mohammedkalouti/Documents/Codex/2026-09-27/i/work/art/aircraft-final-production-v3/stage/assets/build/frames/unit.SA.gunship/team/landing_empty/d04_f03.png'
32:57.853  render           | Saved: '/var/folders/n4/43n_jxh10gg3s770b_8jbzb80000gn/T/fc-team-coverage-2zog35wo.png'
32:59.046  render           | Saved: '/Users/mohammedkalouti/Documents/Codex/2026-09-27/i/work/art/aircraft-final-production-v3/stage/assets/build/frames/unit.SA.gunship/shadow/landing_empty/d04_f03.png'
32:59.875  render           | Saved: '/Users/mohammedkalouti/Documents/Codex/2026-09-27/i/work/art/aircraft-final-production-v3/stage/assets/build/frames/unit.SA.gunship/beauty/landing_empty/d04_f04.png'
33:00.557  render           | Saved: '/Users/mohammedkalouti/Documents/Codex/2026-09-27/i/work/art/aircraft-final-production-v3/stage/assets/build/frames/unit.SA.gunship/team/landing_empty/d04_f04.png'
33:00.865  render           | Saved: '/var/folders/n4/43n_jxh10gg3s770b_8jbzb80000gn/T/fc-team-coverage-zl5teblg.png'
33:01.925  render           | Saved: '/Users/mohammedkalouti/Documents/Codex/2026-09-27/i/work/art/aircraft-final-production-v3/stage/assets/build/frames/unit.SA.gunship/shadow/landing_empty/d04_f04.png'
33:02.787  render           | Saved: '/Users/mohammedkalouti/Documents/Codex/2026-09-27/i/work/art/aircraft-final-production-v3/stage/assets/build/frames/unit.SA.gunship/beauty/landing_empty/d04_f05.png'
33:03.403  render           | Saved: '/Users/mohammedkalouti/Documents/Codex/2026-09-27/i/work/art/aircraft-final-production-v3/stage/assets/build/frames/unit.SA.gunship/team/landing_empty/d04_f05.png'
33:03.694  render           | Saved: '/var/folders/n4/43n_jxh10gg3s770b_8jbzb80000gn/T/fc-team-coverage-2xlav1i_.png'
33:04.623  render           | Saved: '/Users/mohammedkalouti/Documents/Codex/2026-09-27/i/work/art/aircraft-final-production-v3/stage/assets/build/frames/unit.SA.gunship/shadow/landing_empty/d04_f05.png'
33:05.339  render           | Saved: '/Users/mohammedkalouti/Documents/Codex/2026-09-27/i/work/art/aircraft-final-production-v3/stage/assets/build/frames/unit.SA.gunship/beauty/landing_empty/d05_f00.png'
33:05.900  render           | Saved: '/Users/mohammedkalouti/Documents/Codex/2026-09-27/i/work/art/aircraft-final-production-v3/stage/assets/build/frames/unit.SA.gunship/team/landing_empty/d05_f00.png'
33:06.186  render           | Saved: '/var/folders/n4/43n_jxh10gg3s770b_8jbzb80000gn/T/fc-team-coverage-n009orlp.png'
33:07.114  render           | Saved: '/Users/mohammedkalouti/Documents/Codex/2026-09-27/i/work/art/aircraft-final-production-v3/stage/assets/build/frames/unit.SA.gunship/shadow/landing_empty/d05_f00.png'
33:07.803  render           | Saved: '/Users/mohammedkalouti/Documents/Codex/2026-09-27/i/work/art/aircraft-final-production-v3/stage/assets/build/frames/unit.SA.gunship/beauty/landing_empty/d05_f01.png'
33:08.352  render           | Saved: '/Users/mohammedkalouti/Documents/Codex/2026-09-27/i/work/art/aircraft-final-production-v3/stage/assets/build/frames/unit.SA.gunship/team/landing_empty/d05_f01.png'
33:08.619  render           | Saved: '/var/folders/n4/43n_jxh10gg3s770b_8jbzb80000gn/T/fc-team-coverage-n2bfdf37.png'
33:09.548  render           | Saved: '/Users/mohammedkalouti/Documents/Codex/2026-09-27/i/work/art/aircraft-final-production-v3/stage/assets/build/frames/unit.SA.gunship/shadow/landing_empty/d05_f01.png'
33:10.253  render           | Saved: '/Users/mohammedkalouti/Documents/Codex/2026-09-27/i/work/art/aircraft-final-production-v3/stage/assets/build/frames/unit.SA.gunship/beauty/landing_empty/d05_f02.png'
33:10.788  render           | Saved: '/Users/mohammedkalouti/Documents/Codex/2026-09-27/i/work/art/aircraft-final-production-v3/stage/assets/build/frames/unit.SA.gunship/team/landing_empty/d05_f02.png'
33:11.078  render           | Saved: '/var/folders/n4/43n_jxh10gg3s770b_8jbzb80000gn/T/fc-team-coverage-68hipal3.png'
33:12.044  render           | Saved: '/Users/mohammedkalouti/Documents/Codex/2026-09-27/i/work/art/aircraft-final-production-v3/stage/assets/build/frames/unit.SA.gunship/shadow/landing_empty/d05_f02.png'
33:12.743  render           | Saved: '/Users/mohammedkalouti/Documents/Codex/2026-09-27/i/work/art/aircraft-final-production-v3/stage/assets/build/frames/unit.SA.gunship/beauty/landing_empty/d05_f03.png'
33:13.291  render           | Saved: '/Users/mohammedkalouti/Documents/Codex/2026-09-27/i/work/art/aircraft-final-production-v3/stage/assets/build/frames/unit.SA.gunship/team/landing_empty/d05_f03.png'
33:13.599  render           | Saved: '/var/folders/n4/43n_jxh10gg3s770b_8jbzb80000gn/T/fc-team-coverage-z6xvx6ga.png'
33:14.552  render           | Saved: '/Users/mohammedkalouti/Documents/Codex/2026-09-27/i/work/art/aircraft-final-production-v3/stage/assets/build/frames/unit.SA.gunship/shadow/landing_empty/d05_f03.png'
33:15.399  render           | Saved: '/Users/mohammedkalouti/Documents/Codex/2026-09-27/i/work/art/aircraft-final-production-v3/stage/assets/build/frames/unit.SA.gunship/beauty/landing_empty/d05_f04.png'
33:15.994  render           | Saved: '/Users/mohammedkalouti/Documents/Codex/2026-09-27/i/work/art/aircraft-final-production-v3/stage/assets/build/frames/unit.SA.gunship/team/landing_empty/d05_f04.png'
33:16.266  render           | Saved: '/var/folders/n4/43n_jxh10gg3s770b_8jbzb80000gn/T/fc-team-coverage-spdwr4jo.png'
33:17.228  render           | Saved: '/Users/mohammedkalouti/Documents/Codex/2026-09-27/i/work/art/aircraft-final-production-v3/stage/assets/build/frames/unit.SA.gunship/shadow/landing_empty/d05_f04.png'
33:17.974  render           | Saved: '/Users/mohammedkalouti/Documents/Codex/2026-09-27/i/work/art/aircraft-final-production-v3/stage/assets/build/frames/unit.SA.gunship/beauty/landing_empty/d05_f05.png'
33:18.504  render           | Saved: '/Users/mohammedkalouti/Documents/Codex/2026-09-27/i/work/art/aircraft-final-production-v3/stage/assets/build/frames/unit.SA.gunship/team/landing_empty/d05_f05.png'
33:18.795  render           | Saved: '/var/folders/n4/43n_jxh10gg3s770b_8jbzb80000gn/T/fc-team-coverage-1doj2ukn.png'
33:19.732  render           | Saved: '/Users/mohammedkalouti/Documents/Codex/2026-09-27/i/work/art/aircraft-final-production-v3/stage/assets/build/frames/unit.SA.gunship/shadow/landing_empty/d05_f05.png'
33:20.427  render           | Saved: '/Users/mohammedkalouti/Documents/Codex/2026-09-27/i/work/art/aircraft-final-production-v3/stage/assets/build/frames/unit.SA.gunship/beauty/landing_empty/d06_f00.png'
33:20.947  render           | Saved: '/Users/mohammedkalouti/Documents/Codex/2026-09-27/i/work/art/aircraft-final-production-v3/stage/assets/build/frames/unit.SA.gunship/team/landing_empty/d06_f00.png'
33:21.227  render           | Saved: '/var/folders/n4/43n_jxh10gg3s770b_8jbzb80000gn/T/fc-team-coverage-zoqw2ld4.png'
33:22.193  render           | Saved: '/Users/mohammedkalouti/Documents/Codex/2026-09-27/i/work/art/aircraft-final-production-v3/stage/assets/build/frames/unit.SA.gunship/shadow/landing_empty/d06_f00.png'
33:22.912  render           | Saved: '/Users/mohammedkalouti/Documents/Codex/2026-09-27/i/work/art/aircraft-final-production-v3/stage/assets/build/frames/unit.SA.gunship/beauty/landing_empty/d06_f01.png'
33:23.515  render           | Saved: '/Users/mohammedkalouti/Documents/Codex/2026-09-27/i/work/art/aircraft-final-production-v3/stage/assets/build/frames/unit.SA.gunship/team/landing_empty/d06_f01.png'
33:23.806  render           | Saved: '/var/folders/n4/43n_jxh10gg3s770b_8jbzb80000gn/T/fc-team-coverage-9igegtqa.png'
33:24.909  render           | Saved: '/Users/mohammedkalouti/Documents/Codex/2026-09-27/i/work/art/aircraft-final-production-v3/stage/assets/build/frames/unit.SA.gunship/shadow/landing_empty/d06_f01.png'
33:25.654  render           | Saved: '/Users/mohammedkalouti/Documents/Codex/2026-09-27/i/work/art/aircraft-final-production-v3/stage/assets/build/frames/unit.SA.gunship/beauty/landing_empty/d06_f02.png'
33:26.183  render           | Saved: '/Users/mohammedkalouti/Documents/Codex/2026-09-27/i/work/art/aircraft-final-production-v3/stage/assets/build/frames/unit.SA.gunship/team/landing_empty/d06_f02.png'
33:26.436  render           | Saved: '/var/folders/n4/43n_jxh10gg3s770b_8jbzb80000gn/T/fc-team-coverage-ej7iovit.png'
33:27.374  render           | Saved: '/Users/mohammedkalouti/Documents/Codex/2026-09-27/i/work/art/aircraft-final-production-v3/stage/assets/build/frames/unit.SA.gunship/shadow/landing_empty/d06_f02.png'
33:28.067  render           | Saved: '/Users/mohammedkalouti/Documents/Codex/2026-09-27/i/work/art/aircraft-final-production-v3/stage/assets/build/frames/unit.SA.gunship/beauty/landing_empty/d06_f03.png'
33:28.560  render           | Saved: '/Users/mohammedkalouti/Documents/Codex/2026-09-27/i/work/art/aircraft-final-production-v3/stage/assets/build/frames/unit.SA.gunship/team/landing_empty/d06_f03.png'
33:28.817  render           | Saved: '/var/folders/n4/43n_jxh10gg3s770b_8jbzb80000gn/T/fc-team-coverage-oueq66qo.png'
33:29.720  render           | Saved: '/Users/mohammedkalouti/Documents/Codex/2026-09-27/i/work/art/aircraft-final-production-v3/stage/assets/build/frames/unit.SA.gunship/shadow/landing_empty/d06_f03.png'
33:30.398  render           | Saved: '/Users/mohammedkalouti/Documents/Codex/2026-09-27/i/work/art/aircraft-final-production-v3/stage/assets/build/frames/unit.SA.gunship/beauty/landing_empty/d06_f04.png'
33:30.937  render           | Saved: '/Users/mohammedkalouti/Documents/Codex/2026-09-27/i/work/art/aircraft-final-production-v3/stage/assets/build/frames/unit.SA.gunship/team/landing_empty/d06_f04.png'
33:31.198  render           | Saved: '/var/folders/n4/43n_jxh10gg3s770b_8jbzb80000gn/T/fc-team-coverage-zf0jbq2f.png'
33:32.103  render           | Saved: '/Users/mohammedkalouti/Documents/Codex/2026-09-27/i/work/art/aircraft-final-production-v3/stage/assets/build/frames/unit.SA.gunship/shadow/landing_empty/d06_f04.png'
33:32.776  render           | Saved: '/Users/mohammedkalouti/Documents/Codex/2026-09-27/i/work/art/aircraft-final-production-v3/stage/assets/build/frames/unit.SA.gunship/beauty/landing_empty/d06_f05.png'
33:33.321  render           | Saved: '/Users/mohammedkalouti/Documents/Codex/2026-09-27/i/work/art/aircraft-final-production-v3/stage/assets/build/frames/unit.SA.gunship/team/landing_empty/d06_f05.png'
33:33.584  render           | Saved: '/var/folders/n4/43n_jxh10gg3s770b_8jbzb80000gn/T/fc-team-coverage-wgbpui5l.png'
33:34.467  render           | Saved: '/Users/mohammedkalouti/Documents/Codex/2026-09-27/i/work/art/aircraft-final-production-v3/stage/assets/build/frames/unit.SA.gunship/shadow/landing_empty/d06_f05.png'
33:35.114  render           | Saved: '/Users/mohammedkalouti/Documents/Codex/2026-09-27/i/work/art/aircraft-final-production-v3/stage/assets/build/frames/unit.SA.gunship/beauty/landing_empty/d07_f00.png'
33:35.602  render           | Saved: '/Users/mohammedkalouti/Documents/Codex/2026-09-27/i/work/art/aircraft-final-production-v3/stage/assets/build/frames/unit.SA.gunship/team/landing_empty/d07_f00.png'
33:35.856  render           | Saved: '/var/folders/n4/43n_jxh10gg3s770b_8jbzb80000gn/T/fc-team-coverage-y5m8wr2k.png'
33:36.735  render           | Saved: '/Users/mohammedkalouti/Documents/Codex/2026-09-27/i/work/art/aircraft-final-production-v3/stage/assets/build/frames/unit.SA.gunship/shadow/landing_empty/d07_f00.png'
33:37.381  render           | Saved: '/Users/mohammedkalouti/Documents/Codex/2026-09-27/i/work/art/aircraft-final-production-v3/stage/assets/build/frames/unit.SA.gunship/beauty/landing_empty/d07_f01.png'
33:37.881  render           | Saved: '/Users/mohammedkalouti/Documents/Codex/2026-09-27/i/work/art/aircraft-final-production-v3/stage/assets/build/frames/unit.SA.gunship/team/landing_empty/d07_f01.png'
33:38.138  render           | Saved: '/var/folders/n4/43n_jxh10gg3s770b_8jbzb80000gn/T/fc-team-coverage-s_3m4y6e.png'
33:39.030  render           | Saved: '/Users/mohammedkalouti/Documents/Codex/2026-09-27/i/work/art/aircraft-final-production-v3/stage/assets/build/frames/unit.SA.gunship/shadow/landing_empty/d07_f01.png'
33:39.701  render           | Saved: '/Users/mohammedkalouti/Documents/Codex/2026-09-27/i/work/art/aircraft-final-production-v3/stage/assets/build/frames/unit.SA.gunship/beauty/landing_empty/d07_f02.png'
33:40.226  render           | Saved: '/Users/mohammedkalouti/Documents/Codex/2026-09-27/i/work/art/aircraft-final-production-v3/stage/assets/build/frames/unit.SA.gunship/team/landing_empty/d07_f02.png'
33:40.487  render           | Saved: '/var/folders/n4/43n_jxh10gg3s770b_8jbzb80000gn/T/fc-team-coverage-eds_y_9i.png'
33:41.389  render           | Saved: '/Users/mohammedkalouti/Documents/Codex/2026-09-27/i/work/art/aircraft-final-production-v3/stage/assets/build/frames/unit.SA.gunship/shadow/landing_empty/d07_f02.png'
33:42.043  render           | Saved: '/Users/mohammedkalouti/Documents/Codex/2026-09-27/i/work/art/aircraft-final-production-v3/stage/assets/build/frames/unit.SA.gunship/beauty/landing_empty/d07_f03.png'
33:42.539  render           | Saved: '/Users/mohammedkalouti/Documents/Codex/2026-09-27/i/work/art/aircraft-final-production-v3/stage/assets/build/frames/unit.SA.gunship/team/landing_empty/d07_f03.png'
33:42.795  render           | Saved: '/var/folders/n4/43n_jxh10gg3s770b_8jbzb80000gn/T/fc-team-coverage-sjmgwvp4.png'
33:43.676  render           | Saved: '/Users/mohammedkalouti/Documents/Codex/2026-09-27/i/work/art/aircraft-final-production-v3/stage/assets/build/frames/unit.SA.gunship/shadow/landing_empty/d07_f03.png'
33:44.329  render           | Saved: '/Users/mohammedkalouti/Documents/Codex/2026-09-27/i/work/art/aircraft-final-production-v3/stage/assets/build/frames/unit.SA.gunship/beauty/landing_empty/d07_f04.png'
33:44.823  render           | Saved: '/Users/mohammedkalouti/Documents/Codex/2026-09-27/i/work/art/aircraft-final-production-v3/stage/assets/build/frames/unit.SA.gunship/team/landing_empty/d07_f04.png'
33:45.084  render           | Saved: '/var/folders/n4/43n_jxh10gg3s770b_8jbzb80000gn/T/fc-team-coverage-y8d_ktsf.png'
33:45.978  render           | Saved: '/Users/mohammedkalouti/Documents/Codex/2026-09-27/i/work/art/aircraft-final-production-v3/stage/assets/build/frames/unit.SA.gunship/shadow/landing_empty/d07_f04.png'
33:46.677  render           | Saved: '/Users/mohammedkalouti/Documents/Codex/2026-09-27/i/work/art/aircraft-final-production-v3/stage/assets/build/frames/unit.SA.gunship/beauty/landing_empty/d07_f05.png'
33:47.202  render           | Saved: '/Users/mohammedkalouti/Documents/Codex/2026-09-27/i/work/art/aircraft-final-production-v3/stage/assets/build/frames/unit.SA.gunship/team/landing_empty/d07_f05.png'
33:47.472  render           | Saved: '/var/folders/n4/43n_jxh10gg3s770b_8jbzb80000gn/T/fc-team-coverage-iswf_exk.png'
33:48.353  render           | Saved: '/Users/mohammedkalouti/Documents/Codex/2026-09-27/i/work/art/aircraft-final-production-v3/stage/assets/build/frames/unit.SA.gunship/shadow/landing_empty/d07_f05.png'
33:49.003  render           | Saved: '/Users/mohammedkalouti/Documents/Codex/2026-09-27/i/work/art/aircraft-final-production-v3/stage/assets/build/frames/unit.SA.gunship/beauty/landing_empty/d08_f00.png'
33:49.500  render           | Saved: '/Users/mohammedkalouti/Documents/Codex/2026-09-27/i/work/art/aircraft-final-production-v3/stage/assets/build/frames/unit.SA.gunship/team/landing_empty/d08_f00.png'
33:49.769  render           | Saved: '/var/folders/n4/43n_jxh10gg3s770b_8jbzb80000gn/T/fc-team-coverage-j3wvoy2w.png'
33:50.645  render           | Saved: '/Users/mohammedkalouti/Documents/Codex/2026-09-27/i/work/art/aircraft-final-production-v3/stage/assets/build/frames/unit.SA.gunship/shadow/landing_empty/d08_f00.png'
33:51.291  render           | Saved: '/Users/mohammedkalouti/Documents/Codex/2026-09-27/i/work/art/aircraft-final-production-v3/stage/assets/build/frames/unit.SA.gunship/beauty/landing_empty/d08_f01.png'
33:51.795  render           | Saved: '/Users/mohammedkalouti/Documents/Codex/2026-09-27/i/work/art/aircraft-final-production-v3/stage/assets/build/frames/unit.SA.gunship/team/landing_empty/d08_f01.png'
33:52.052  render           | Saved: '/var/folders/n4/43n_jxh10gg3s770b_8jbzb80000gn/T/fc-team-coverage-9m64hkxw.png'
33:52.934  render           | Saved: '/Users/mohammedkalouti/Documents/Codex/2026-09-27/i/work/art/aircraft-final-production-v3/stage/assets/build/frames/unit.SA.gunship/shadow/landing_empty/d08_f01.png'
33:53.621  render           | Saved: '/Users/mohammedkalouti/Documents/Codex/2026-09-27/i/work/art/aircraft-final-production-v3/stage/assets/build/frames/unit.SA.gunship/beauty/landing_empty/d08_f02.png'
33:54.122  render           | Saved: '/Users/mohammedkalouti/Documents/Codex/2026-09-27/i/work/art/aircraft-final-production-v3/stage/assets/build/frames/unit.SA.gunship/team/landing_empty/d08_f02.png'
33:54.379  render           | Saved: '/var/folders/n4/43n_jxh10gg3s770b_8jbzb80000gn/T/fc-team-coverage-vlx02mag.png'
33:55.257  render           | Saved: '/Users/mohammedkalouti/Documents/Codex/2026-09-27/i/work/art/aircraft-final-production-v3/stage/assets/build/frames/unit.SA.gunship/shadow/landing_empty/d08_f02.png'
33:55.906  render           | Saved: '/Users/mohammedkalouti/Documents/Codex/2026-09-27/i/work/art/aircraft-final-production-v3/stage/assets/build/frames/unit.SA.gunship/beauty/landing_empty/d08_f03.png'
33:56.419  render           | Saved: '/Users/mohammedkalouti/Documents/Codex/2026-09-27/i/work/art/aircraft-final-production-v3/stage/assets/build/frames/unit.SA.gunship/team/landing_empty/d08_f03.png'
33:56.687  render           | Saved: '/var/folders/n4/43n_jxh10gg3s770b_8jbzb80000gn/T/fc-team-coverage-op3doa9p.png'
33:57.554  render           | Saved: '/Users/mohammedkalouti/Documents/Codex/2026-09-27/i/work/art/aircraft-final-production-v3/stage/assets/build/frames/unit.SA.gunship/shadow/landing_empty/d08_f03.png'
33:58.209  render           | Saved: '/Users/mohammedkalouti/Documents/Codex/2026-09-27/i/work/art/aircraft-final-production-v3/stage/assets/build/frames/unit.SA.gunship/beauty/landing_empty/d08_f04.png'
33:58.728  render           | Saved: '/Users/mohammedkalouti/Documents/Codex/2026-09-27/i/work/art/aircraft-final-production-v3/stage/assets/build/frames/unit.SA.gunship/team/landing_empty/d08_f04.png'
33:58.987  render           | Saved: '/var/folders/n4/43n_jxh10gg3s770b_8jbzb80000gn/T/fc-team-coverage-1ke0hpki.png'
33:59.867  render           | Saved: '/Users/mohammedkalouti/Documents/Codex/2026-09-27/i/work/art/aircraft-final-production-v3/stage/assets/build/frames/unit.SA.gunship/shadow/landing_empty/d08_f04.png'
34:00.507  render           | Saved: '/Users/mohammedkalouti/Documents/Codex/2026-09-27/i/work/art/aircraft-final-production-v3/stage/assets/build/frames/unit.SA.gunship/beauty/landing_empty/d08_f05.png'
34:01.002  render           | Saved: '/Users/mohammedkalouti/Documents/Codex/2026-09-27/i/work/art/aircraft-final-production-v3/stage/assets/build/frames/unit.SA.gunship/team/landing_empty/d08_f05.png'
34:01.260  render           | Saved: '/var/folders/n4/43n_jxh10gg3s770b_8jbzb80000gn/T/fc-team-coverage-_k3g3a6s.png'
34:02.170  render           | Saved: '/Users/mohammedkalouti/Documents/Codex/2026-09-27/i/work/art/aircraft-final-production-v3/stage/assets/build/frames/unit.SA.gunship/shadow/landing_empty/d08_f05.png'
34:02.806  render           | Saved: '/Users/mohammedkalouti/Documents/Codex/2026-09-27/i/work/art/aircraft-final-production-v3/stage/assets/build/frames/unit.SA.gunship/beauty/landing_empty/d09_f00.png'
34:03.309  render           | Saved: '/Users/mohammedkalouti/Documents/Codex/2026-09-27/i/work/art/aircraft-final-production-v3/stage/assets/build/frames/unit.SA.gunship/team/landing_empty/d09_f00.png'
34:03.569  render           | Saved: '/var/folders/n4/43n_jxh10gg3s770b_8jbzb80000gn/T/fc-team-coverage-colmo7oz.png'
34:04.447  render           | Saved: '/Users/mohammedkalouti/Documents/Codex/2026-09-27/i/work/art/aircraft-final-production-v3/stage/assets/build/frames/unit.SA.gunship/shadow/landing_empty/d09_f00.png'
34:05.089  render           | Saved: '/Users/mohammedkalouti/Documents/Codex/2026-09-27/i/work/art/aircraft-final-production-v3/stage/assets/build/frames/unit.SA.gunship/beauty/landing_empty/d09_f01.png'
34:05.593  render           | Saved: '/Users/mohammedkalouti/Documents/Codex/2026-09-27/i/work/art/aircraft-final-production-v3/stage/assets/build/frames/unit.SA.gunship/team/landing_empty/d09_f01.png'
34:05.877  render           | Saved: '/var/folders/n4/43n_jxh10gg3s770b_8jbzb80000gn/T/fc-team-coverage-4k31wb8o.png'
34:06.758  render           | Saved: '/Users/mohammedkalouti/Documents/Codex/2026-09-27/i/work/art/aircraft-final-production-v3/stage/assets/build/frames/unit.SA.gunship/shadow/landing_empty/d09_f01.png'
34:07.407  render           | Saved: '/Users/mohammedkalouti/Documents/Codex/2026-09-27/i/work/art/aircraft-final-production-v3/stage/assets/build/frames/unit.SA.gunship/beauty/landing_empty/d09_f02.png'
34:07.894  render           | Saved: '/Users/mohammedkalouti/Documents/Codex/2026-09-27/i/work/art/aircraft-final-production-v3/stage/assets/build/frames/unit.SA.gunship/team/landing_empty/d09_f02.png'
34:08.150  render           | Saved: '/var/folders/n4/43n_jxh10gg3s770b_8jbzb80000gn/T/fc-team-coverage-3_exlmoz.png'
34:09.037  render           | Saved: '/Users/mohammedkalouti/Documents/Codex/2026-09-27/i/work/art/aircraft-final-production-v3/stage/assets/build/frames/unit.SA.gunship/shadow/landing_empty/d09_f02.png'
34:09.685  render           | Saved: '/Users/mohammedkalouti/Documents/Codex/2026-09-27/i/work/art/aircraft-final-production-v3/stage/assets/build/frames/unit.SA.gunship/beauty/landing_empty/d09_f03.png'
34:10.181  render           | Saved: '/Users/mohammedkalouti/Documents/Codex/2026-09-27/i/work/art/aircraft-final-production-v3/stage/assets/build/frames/unit.SA.gunship/team/landing_empty/d09_f03.png'
34:10.435  render           | Saved: '/var/folders/n4/43n_jxh10gg3s770b_8jbzb80000gn/T/fc-team-coverage-kgc1cjbk.png'
34:11.320  render           | Saved: '/Users/mohammedkalouti/Documents/Codex/2026-09-27/i/work/art/aircraft-final-production-v3/stage/assets/build/frames/unit.SA.gunship/shadow/landing_empty/d09_f03.png'
34:11.972  render           | Saved: '/Users/mohammedkalouti/Documents/Codex/2026-09-27/i/work/art/aircraft-final-production-v3/stage/assets/build/frames/unit.SA.gunship/beauty/landing_empty/d09_f04.png'
34:12.475  render           | Saved: '/Users/mohammedkalouti/Documents/Codex/2026-09-27/i/work/art/aircraft-final-production-v3/stage/assets/build/frames/unit.SA.gunship/team/landing_empty/d09_f04.png'
34:12.741  render           | Saved: '/var/folders/n4/43n_jxh10gg3s770b_8jbzb80000gn/T/fc-team-coverage-oljy4elr.png'
34:13.630  render           | Saved: '/Users/mohammedkalouti/Documents/Codex/2026-09-27/i/work/art/aircraft-final-production-v3/stage/assets/build/frames/unit.SA.gunship/shadow/landing_empty/d09_f04.png'
34:14.254  render           | Saved: '/Users/mohammedkalouti/Documents/Codex/2026-09-27/i/work/art/aircraft-final-production-v3/stage/assets/build/frames/unit.SA.gunship/beauty/landing_empty/d09_f05.png'
34:14.748  render           | Saved: '/Users/mohammedkalouti/Documents/Codex/2026-09-27/i/work/art/aircraft-final-production-v3/stage/assets/build/frames/unit.SA.gunship/team/landing_empty/d09_f05.png'
34:15.001  render           | Saved: '/var/folders/n4/43n_jxh10gg3s770b_8jbzb80000gn/T/fc-team-coverage-cjqwpwk0.png'
34:15.873  render           | Saved: '/Users/mohammedkalouti/Documents/Codex/2026-09-27/i/work/art/aircraft-final-production-v3/stage/assets/build/frames/unit.SA.gunship/shadow/landing_empty/d09_f05.png'
34:16.526  render           | Saved: '/Users/mohammedkalouti/Documents/Codex/2026-09-27/i/work/art/aircraft-final-production-v3/stage/assets/build/frames/unit.SA.gunship/beauty/landing_empty/d10_f00.png'
34:17.080  render           | Saved: '/Users/mohammedkalouti/Documents/Codex/2026-09-27/i/work/art/aircraft-final-production-v3/stage/assets/build/frames/unit.SA.gunship/team/landing_empty/d10_f00.png'
34:17.337  render           | Saved: '/var/folders/n4/43n_jxh10gg3s770b_8jbzb80000gn/T/fc-team-coverage-is6s_fm5.png'
34:18.229  render           | Saved: '/Users/mohammedkalouti/Documents/Codex/2026-09-27/i/work/art/aircraft-final-production-v3/stage/assets/build/frames/unit.SA.gunship/shadow/landing_empty/d10_f00.png'
34:18.872  render           | Saved: '/Users/mohammedkalouti/Documents/Codex/2026-09-27/i/work/art/aircraft-final-production-v3/stage/assets/build/frames/unit.SA.gunship/beauty/landing_empty/d10_f01.png'
34:19.374  render           | Saved: '/Users/mohammedkalouti/Documents/Codex/2026-09-27/i/work/art/aircraft-final-production-v3/stage/assets/build/frames/unit.SA.gunship/team/landing_empty/d10_f01.png'
34:19.626  render           | Saved: '/var/folders/n4/43n_jxh10gg3s770b_8jbzb80000gn/T/fc-team-coverage-87mv9sxw.png'
34:20.513  render           | Saved: '/Users/mohammedkalouti/Documents/Codex/2026-09-27/i/work/art/aircraft-final-production-v3/stage/assets/build/frames/unit.SA.gunship/shadow/landing_empty/d10_f01.png'
34:21.158  render           | Saved: '/Users/mohammedkalouti/Documents/Codex/2026-09-27/i/work/art/aircraft-final-production-v3/stage/assets/build/frames/unit.SA.gunship/beauty/landing_empty/d10_f02.png'
34:21.643  render           | Saved: '/Users/mohammedkalouti/Documents/Codex/2026-09-27/i/work/art/aircraft-final-production-v3/stage/assets/build/frames/unit.SA.gunship/team/landing_empty/d10_f02.png'
34:21.903  render           | Saved: '/var/folders/n4/43n_jxh10gg3s770b_8jbzb80000gn/T/fc-team-coverage-3ie21ew8.png'
34:22.798  render           | Saved: '/Users/mohammedkalouti/Documents/Codex/2026-09-27/i/work/art/aircraft-final-production-v3/stage/assets/build/frames/unit.SA.gunship/shadow/landing_empty/d10_f02.png'
34:23.454  render           | Saved: '/Users/mohammedkalouti/Documents/Codex/2026-09-27/i/work/art/aircraft-final-production-v3/stage/assets/build/frames/unit.SA.gunship/beauty/landing_empty/d10_f03.png'
34:23.956  render           | Saved: '/Users/mohammedkalouti/Documents/Codex/2026-09-27/i/work/art/aircraft-final-production-v3/stage/assets/build/frames/unit.SA.gunship/team/landing_empty/d10_f03.png'
34:24.217  render           | Saved: '/var/folders/n4/43n_jxh10gg3s770b_8jbzb80000gn/T/fc-team-coverage-6z_ns2je.png'
34:25.108  render           | Saved: '/Users/mohammedkalouti/Documents/Codex/2026-09-27/i/work/art/aircraft-final-production-v3/stage/assets/build/frames/unit.SA.gunship/shadow/landing_empty/d10_f03.png'
34:25.751  render           | Saved: '/Users/mohammedkalouti/Documents/Codex/2026-09-27/i/work/art/aircraft-final-production-v3/stage/assets/build/frames/unit.SA.gunship/beauty/landing_empty/d10_f04.png'
34:26.244  render           | Saved: '/Users/mohammedkalouti/Documents/Codex/2026-09-27/i/work/art/aircraft-final-production-v3/stage/assets/build/frames/unit.SA.gunship/team/landing_empty/d10_f04.png'
34:26.512  render           | Saved: '/var/folders/n4/43n_jxh10gg3s770b_8jbzb80000gn/T/fc-team-coverage-cibj5404.png'
34:27.447  render           | Saved: '/Users/mohammedkalouti/Documents/Codex/2026-09-27/i/work/art/aircraft-final-production-v3/stage/assets/build/frames/unit.SA.gunship/shadow/landing_empty/d10_f04.png'
34:28.077  render           | Saved: '/Users/mohammedkalouti/Documents/Codex/2026-09-27/i/work/art/aircraft-final-production-v3/stage/assets/build/frames/unit.SA.gunship/beauty/landing_empty/d10_f05.png'
34:28.565  render           | Saved: '/Users/mohammedkalouti/Documents/Codex/2026-09-27/i/work/art/aircraft-final-production-v3/stage/assets/build/frames/unit.SA.gunship/team/landing_empty/d10_f05.png'
34:28.818  render           | Saved: '/var/folders/n4/43n_jxh10gg3s770b_8jbzb80000gn/T/fc-team-coverage-1hqtfjmy.png'
34:29.693  render           | Saved: '/Users/mohammedkalouti/Documents/Codex/2026-09-27/i/work/art/aircraft-final-production-v3/stage/assets/build/frames/unit.SA.gunship/shadow/landing_empty/d10_f05.png'
34:30.336  render           | Saved: '/Users/mohammedkalouti/Documents/Codex/2026-09-27/i/work/art/aircraft-final-production-v3/stage/assets/build/frames/unit.SA.gunship/beauty/landing_empty/d11_f00.png'
34:30.826  render           | Saved: '/Users/mohammedkalouti/Documents/Codex/2026-09-27/i/work/art/aircraft-final-production-v3/stage/assets/build/frames/unit.SA.gunship/team/landing_empty/d11_f00.png'
34:31.083  render           | Saved: '/var/folders/n4/43n_jxh10gg3s770b_8jbzb80000gn/T/fc-team-coverage-2j2q1ys0.png'
34:31.963  render           | Saved: '/Users/mohammedkalouti/Documents/Codex/2026-09-27/i/work/art/aircraft-final-production-v3/stage/assets/build/frames/unit.SA.gunship/shadow/landing_empty/d11_f00.png'
34:32.611  render           | Saved: '/Users/mohammedkalouti/Documents/Codex/2026-09-27/i/work/art/aircraft-final-production-v3/stage/assets/build/frames/unit.SA.gunship/beauty/landing_empty/d11_f01.png'
34:33.114  render           | Saved: '/Users/mohammedkalouti/Documents/Codex/2026-09-27/i/work/art/aircraft-final-production-v3/stage/assets/build/frames/unit.SA.gunship/team/landing_empty/d11_f01.png'
34:33.387  render           | Saved: '/var/folders/n4/43n_jxh10gg3s770b_8jbzb80000gn/T/fc-team-coverage-ax50yc9p.png'
34:34.270  render           | Saved: '/Users/mohammedkalouti/Documents/Codex/2026-09-27/i/work/art/aircraft-final-production-v3/stage/assets/build/frames/unit.SA.gunship/shadow/landing_empty/d11_f01.png'
34:34.910  render           | Saved: '/Users/mohammedkalouti/Documents/Codex/2026-09-27/i/work/art/aircraft-final-production-v3/stage/assets/build/frames/unit.SA.gunship/beauty/landing_empty/d11_f02.png'
34:35.398  render           | Saved: '/Users/mohammedkalouti/Documents/Codex/2026-09-27/i/work/art/aircraft-final-production-v3/stage/assets/build/frames/unit.SA.gunship/team/landing_empty/d11_f02.png'
34:35.652  render           | Saved: '/var/folders/n4/43n_jxh10gg3s770b_8jbzb80000gn/T/fc-team-coverage-esfyzze_.png'
34:36.543  render           | Saved: '/Users/mohammedkalouti/Documents/Codex/2026-09-27/i/work/art/aircraft-final-production-v3/stage/assets/build/frames/unit.SA.gunship/shadow/landing_empty/d11_f02.png'
34:37.193  render           | Saved: '/Users/mohammedkalouti/Documents/Codex/2026-09-27/i/work/art/aircraft-final-production-v3/stage/assets/build/frames/unit.SA.gunship/beauty/landing_empty/d11_f03.png'
34:37.682  render           | Saved: '/Users/mohammedkalouti/Documents/Codex/2026-09-27/i/work/art/aircraft-final-production-v3/stage/assets/build/frames/unit.SA.gunship/team/landing_empty/d11_f03.png'
34:37.930  render           | Saved: '/var/folders/n4/43n_jxh10gg3s770b_8jbzb80000gn/T/fc-team-coverage-hzmpqzck.png'
34:38.852  render           | Saved: '/Users/mohammedkalouti/Documents/Codex/2026-09-27/i/work/art/aircraft-final-production-v3/stage/assets/build/frames/unit.SA.gunship/shadow/landing_empty/d11_f03.png'
34:40.273  render           | Saved: '/Users/mohammedkalouti/Documents/Codex/2026-09-27/i/work/art/aircraft-final-production-v3/stage/assets/build/frames/unit.SA.gunship/beauty/landing_empty/d11_f04.png'
34:41.014  render           | Saved: '/Users/mohammedkalouti/Documents/Codex/2026-09-27/i/work/art/aircraft-final-production-v3/stage/assets/build/frames/unit.SA.gunship/team/landing_empty/d11_f04.png'
34:41.307  render           | Saved: '/var/folders/n4/43n_jxh10gg3s770b_8jbzb80000gn/T/fc-team-coverage-62vt4zwn.png'
34:42.418  render           | Saved: '/Users/mohammedkalouti/Documents/Codex/2026-09-27/i/work/art/aircraft-final-production-v3/stage/assets/build/frames/unit.SA.gunship/shadow/landing_empty/d11_f04.png'
34:43.243  render           | Saved: '/Users/mohammedkalouti/Documents/Codex/2026-09-27/i/work/art/aircraft-final-production-v3/stage/assets/build/frames/unit.SA.gunship/beauty/landing_empty/d11_f05.png'
34:43.875  render           | Saved: '/Users/mohammedkalouti/Documents/Codex/2026-09-27/i/work/art/aircraft-final-production-v3/stage/assets/build/frames/unit.SA.gunship/team/landing_empty/d11_f05.png'
34:44.178  render           | Saved: '/var/folders/n4/43n_jxh10gg3s770b_8jbzb80000gn/T/fc-team-coverage-1ebu4nvw.png'
34:45.161  render           | Saved: '/Users/mohammedkalouti/Documents/Codex/2026-09-27/i/work/art/aircraft-final-production-v3/stage/assets/build/frames/unit.SA.gunship/shadow/landing_empty/d11_f05.png'
34:45.903  render           | Saved: '/Users/mohammedkalouti/Documents/Codex/2026-09-27/i/work/art/aircraft-final-production-v3/stage/assets/build/frames/unit.SA.gunship/beauty/landing_empty/d12_f00.png'
34:46.474  render           | Saved: '/Users/mohammedkalouti/Documents/Codex/2026-09-27/i/work/art/aircraft-final-production-v3/stage/assets/build/frames/unit.SA.gunship/team/landing_empty/d12_f00.png'
34:46.762  render           | Saved: '/var/folders/n4/43n_jxh10gg3s770b_8jbzb80000gn/T/fc-team-coverage-kt0lqs1d.png'
34:47.778  render           | Saved: '/Users/mohammedkalouti/Documents/Codex/2026-09-27/i/work/art/aircraft-final-production-v3/stage/assets/build/frames/unit.SA.gunship/shadow/landing_empty/d12_f00.png'
34:48.501  render           | Saved: '/Users/mohammedkalouti/Documents/Codex/2026-09-27/i/work/art/aircraft-final-production-v3/stage/assets/build/frames/unit.SA.gunship/beauty/landing_empty/d12_f01.png'
34:49.260  render           | Saved: '/Users/mohammedkalouti/Documents/Codex/2026-09-27/i/work/art/aircraft-final-production-v3/stage/assets/build/frames/unit.SA.gunship/team/landing_empty/d12_f01.png'
34:49.572  render           | Saved: '/var/folders/n4/43n_jxh10gg3s770b_8jbzb80000gn/T/fc-team-coverage-sti7yyxa.png'
34:50.659  render           | Saved: '/Users/mohammedkalouti/Documents/Codex/2026-09-27/i/work/art/aircraft-final-production-v3/stage/assets/build/frames/unit.SA.gunship/shadow/landing_empty/d12_f01.png'
34:51.414  render           | Saved: '/Users/mohammedkalouti/Documents/Codex/2026-09-27/i/work/art/aircraft-final-production-v3/stage/assets/build/frames/unit.SA.gunship/beauty/landing_empty/d12_f02.png'
34:51.974  render           | Saved: '/Users/mohammedkalouti/Documents/Codex/2026-09-27/i/work/art/aircraft-final-production-v3/stage/assets/build/frames/unit.SA.gunship/team/landing_empty/d12_f02.png'
34:52.263  render           | Saved: '/var/folders/n4/43n_jxh10gg3s770b_8jbzb80000gn/T/fc-team-coverage-os66riyj.png'
34:53.269  render           | Saved: '/Users/mohammedkalouti/Documents/Codex/2026-09-27/i/work/art/aircraft-final-production-v3/stage/assets/build/frames/unit.SA.gunship/shadow/landing_empty/d12_f02.png'
34:53.973  render           | Saved: '/Users/mohammedkalouti/Documents/Codex/2026-09-27/i/work/art/aircraft-final-production-v3/stage/assets/build/frames/unit.SA.gunship/beauty/landing_empty/d12_f03.png'
34:54.496  render           | Saved: '/Users/mohammedkalouti/Documents/Codex/2026-09-27/i/work/art/aircraft-final-production-v3/stage/assets/build/frames/unit.SA.gunship/team/landing_empty/d12_f03.png'
34:54.772  render           | Saved: '/var/folders/n4/43n_jxh10gg3s770b_8jbzb80000gn/T/fc-team-coverage-8xh0q7fk.png'
34:55.751  render           | Saved: '/Users/mohammedkalouti/Documents/Codex/2026-09-27/i/work/art/aircraft-final-production-v3/stage/assets/build/frames/unit.SA.gunship/shadow/landing_empty/d12_f03.png'
34:56.463  render           | Saved: '/Users/mohammedkalouti/Documents/Codex/2026-09-27/i/work/art/aircraft-final-production-v3/stage/assets/build/frames/unit.SA.gunship/beauty/landing_empty/d12_f04.png'
34:57.004  render           | Saved: '/Users/mohammedkalouti/Documents/Codex/2026-09-27/i/work/art/aircraft-final-production-v3/stage/assets/build/frames/unit.SA.gunship/team/landing_empty/d12_f04.png'
34:57.283  render           | Saved: '/var/folders/n4/43n_jxh10gg3s770b_8jbzb80000gn/T/fc-team-coverage-f150duqh.png'
34:58.272  render           | Saved: '/Users/mohammedkalouti/Documents/Codex/2026-09-27/i/work/art/aircraft-final-production-v3/stage/assets/build/frames/unit.SA.gunship/shadow/landing_empty/d12_f04.png'
34:59.012  render           | Saved: '/Users/mohammedkalouti/Documents/Codex/2026-09-27/i/work/art/aircraft-final-production-v3/stage/assets/build/frames/unit.SA.gunship/beauty/landing_empty/d12_f05.png'
34:59.578  render           | Saved: '/Users/mohammedkalouti/Documents/Codex/2026-09-27/i/work/art/aircraft-final-production-v3/stage/assets/build/frames/unit.SA.gunship/team/landing_empty/d12_f05.png'
34:59.876  render           | Saved: '/var/folders/n4/43n_jxh10gg3s770b_8jbzb80000gn/T/fc-team-coverage-mho5mzqg.png'
35:00.881  render           | Saved: '/Users/mohammedkalouti/Documents/Codex/2026-09-27/i/work/art/aircraft-final-production-v3/stage/assets/build/frames/unit.SA.gunship/shadow/landing_empty/d12_f05.png'
35:01.582  render           | Saved: '/Users/mohammedkalouti/Documents/Codex/2026-09-27/i/work/art/aircraft-final-production-v3/stage/assets/build/frames/unit.SA.gunship/beauty/landing_empty/d13_f00.png'
35:02.111  render           | Saved: '/Users/mohammedkalouti/Documents/Codex/2026-09-27/i/work/art/aircraft-final-production-v3/stage/assets/build/frames/unit.SA.gunship/team/landing_empty/d13_f00.png'
35:02.381  render           | Saved: '/var/folders/n4/43n_jxh10gg3s770b_8jbzb80000gn/T/fc-team-coverage-gxpk_1ca.png'
35:03.359  render           | Saved: '/Users/mohammedkalouti/Documents/Codex/2026-09-27/i/work/art/aircraft-final-production-v3/stage/assets/build/frames/unit.SA.gunship/shadow/landing_empty/d13_f00.png'
35:04.120  render           | Saved: '/Users/mohammedkalouti/Documents/Codex/2026-09-27/i/work/art/aircraft-final-production-v3/stage/assets/build/frames/unit.SA.gunship/beauty/landing_empty/d13_f01.png'
35:04.646  render           | Saved: '/Users/mohammedkalouti/Documents/Codex/2026-09-27/i/work/art/aircraft-final-production-v3/stage/assets/build/frames/unit.SA.gunship/team/landing_empty/d13_f01.png'
35:04.917  render           | Saved: '/var/folders/n4/43n_jxh10gg3s770b_8jbzb80000gn/T/fc-team-coverage-1lklv1ju.png'
35:05.853  render           | Saved: '/Users/mohammedkalouti/Documents/Codex/2026-09-27/i/work/art/aircraft-final-production-v3/stage/assets/build/frames/unit.SA.gunship/shadow/landing_empty/d13_f01.png'
35:06.548  render           | Saved: '/Users/mohammedkalouti/Documents/Codex/2026-09-27/i/work/art/aircraft-final-production-v3/stage/assets/build/frames/unit.SA.gunship/beauty/landing_empty/d13_f02.png'
35:07.063  render           | Saved: '/Users/mohammedkalouti/Documents/Codex/2026-09-27/i/work/art/aircraft-final-production-v3/stage/assets/build/frames/unit.SA.gunship/team/landing_empty/d13_f02.png'
35:07.343  render           | Saved: '/var/folders/n4/43n_jxh10gg3s770b_8jbzb80000gn/T/fc-team-coverage-qkkofwqb.png'
35:08.275  render           | Saved: '/Users/mohammedkalouti/Documents/Codex/2026-09-27/i/work/art/aircraft-final-production-v3/stage/assets/build/frames/unit.SA.gunship/shadow/landing_empty/d13_f02.png'
35:08.958  render           | Saved: '/Users/mohammedkalouti/Documents/Codex/2026-09-27/i/work/art/aircraft-final-production-v3/stage/assets/build/frames/unit.SA.gunship/beauty/landing_empty/d13_f03.png'
35:09.473  render           | Saved: '/Users/mohammedkalouti/Documents/Codex/2026-09-27/i/work/art/aircraft-final-production-v3/stage/assets/build/frames/unit.SA.gunship/team/landing_empty/d13_f03.png'
35:09.750  render           | Saved: '/var/folders/n4/43n_jxh10gg3s770b_8jbzb80000gn/T/fc-team-coverage-41q3_qn2.png'
35:10.711  render           | Saved: '/Users/mohammedkalouti/Documents/Codex/2026-09-27/i/work/art/aircraft-final-production-v3/stage/assets/build/frames/unit.SA.gunship/shadow/landing_empty/d13_f03.png'
35:11.413  render           | Saved: '/Users/mohammedkalouti/Documents/Codex/2026-09-27/i/work/art/aircraft-final-production-v3/stage/assets/build/frames/unit.SA.gunship/beauty/landing_empty/d13_f04.png'
35:11.937  render           | Saved: '/Users/mohammedkalouti/Documents/Codex/2026-09-27/i/work/art/aircraft-final-production-v3/stage/assets/build/frames/unit.SA.gunship/team/landing_empty/d13_f04.png'
35:12.228  render           | Saved: '/var/folders/n4/43n_jxh10gg3s770b_8jbzb80000gn/T/fc-team-coverage-d19fvcuc.png'
35:13.167  render           | Saved: '/Users/mohammedkalouti/Documents/Codex/2026-09-27/i/work/art/aircraft-final-production-v3/stage/assets/build/frames/unit.SA.gunship/shadow/landing_empty/d13_f04.png'
35:13.870  render           | Saved: '/Users/mohammedkalouti/Documents/Codex/2026-09-27/i/work/art/aircraft-final-production-v3/stage/assets/build/frames/unit.SA.gunship/beauty/landing_empty/d13_f05.png'
35:14.413  render           | Saved: '/Users/mohammedkalouti/Documents/Codex/2026-09-27/i/work/art/aircraft-final-production-v3/stage/assets/build/frames/unit.SA.gunship/team/landing_empty/d13_f05.png'
35:14.694  render           | Saved: '/var/folders/n4/43n_jxh10gg3s770b_8jbzb80000gn/T/fc-team-coverage-k200oouj.png'
35:15.627  render           | Saved: '/Users/mohammedkalouti/Documents/Codex/2026-09-27/i/work/art/aircraft-final-production-v3/stage/assets/build/frames/unit.SA.gunship/shadow/landing_empty/d13_f05.png'
35:16.305  render           | Saved: '/Users/mohammedkalouti/Documents/Codex/2026-09-27/i/work/art/aircraft-final-production-v3/stage/assets/build/frames/unit.SA.gunship/beauty/landing_empty/d14_f00.png'
35:16.812  render           | Saved: '/Users/mohammedkalouti/Documents/Codex/2026-09-27/i/work/art/aircraft-final-production-v3/stage/assets/build/frames/unit.SA.gunship/team/landing_empty/d14_f00.png'
35:17.079  render           | Saved: '/var/folders/n4/43n_jxh10gg3s770b_8jbzb80000gn/T/fc-team-coverage-9nc35w53.png'
35:18.021  render           | Saved: '/Users/mohammedkalouti/Documents/Codex/2026-09-27/i/work/art/aircraft-final-production-v3/stage/assets/build/frames/unit.SA.gunship/shadow/landing_empty/d14_f00.png'
35:18.706  render           | Saved: '/Users/mohammedkalouti/Documents/Codex/2026-09-27/i/work/art/aircraft-final-production-v3/stage/assets/build/frames/unit.SA.gunship/beauty/landing_empty/d14_f01.png'
35:19.213  render           | Saved: '/Users/mohammedkalouti/Documents/Codex/2026-09-27/i/work/art/aircraft-final-production-v3/stage/assets/build/frames/unit.SA.gunship/team/landing_empty/d14_f01.png'
35:19.474  render           | Saved: '/var/folders/n4/43n_jxh10gg3s770b_8jbzb80000gn/T/fc-team-coverage-vz2snle3.png'
35:20.414  render           | Saved: '/Users/mohammedkalouti/Documents/Codex/2026-09-27/i/work/art/aircraft-final-production-v3/stage/assets/build/frames/unit.SA.gunship/shadow/landing_empty/d14_f01.png'
35:21.127  render           | Saved: '/Users/mohammedkalouti/Documents/Codex/2026-09-27/i/work/art/aircraft-final-production-v3/stage/assets/build/frames/unit.SA.gunship/beauty/landing_empty/d14_f02.png'
35:21.649  render           | Saved: '/Users/mohammedkalouti/Documents/Codex/2026-09-27/i/work/art/aircraft-final-production-v3/stage/assets/build/frames/unit.SA.gunship/team/landing_empty/d14_f02.png'
35:21.911  render           | Saved: '/var/folders/n4/43n_jxh10gg3s770b_8jbzb80000gn/T/fc-team-coverage-ky2bpjgi.png'
35:22.876  render           | Saved: '/Users/mohammedkalouti/Documents/Codex/2026-09-27/i/work/art/aircraft-final-production-v3/stage/assets/build/frames/unit.SA.gunship/shadow/landing_empty/d14_f02.png'
35:23.547  render           | Saved: '/Users/mohammedkalouti/Documents/Codex/2026-09-27/i/work/art/aircraft-final-production-v3/stage/assets/build/frames/unit.SA.gunship/beauty/landing_empty/d14_f03.png'
35:24.075  render           | Saved: '/Users/mohammedkalouti/Documents/Codex/2026-09-27/i/work/art/aircraft-final-production-v3/stage/assets/build/frames/unit.SA.gunship/team/landing_empty/d14_f03.png'
35:24.346  render           | Saved: '/var/folders/n4/43n_jxh10gg3s770b_8jbzb80000gn/T/fc-team-coverage-8ow_ew0r.png'
35:25.363  render           | Saved: '/Users/mohammedkalouti/Documents/Codex/2026-09-27/i/work/art/aircraft-final-production-v3/stage/assets/build/frames/unit.SA.gunship/shadow/landing_empty/d14_f03.png'
35:26.110  render           | Saved: '/Users/mohammedkalouti/Documents/Codex/2026-09-27/i/work/art/aircraft-final-production-v3/stage/assets/build/frames/unit.SA.gunship/beauty/landing_empty/d14_f04.png'
35:26.659  render           | Saved: '/Users/mohammedkalouti/Documents/Codex/2026-09-27/i/work/art/aircraft-final-production-v3/stage/assets/build/frames/unit.SA.gunship/team/landing_empty/d14_f04.png'
35:26.964  render           | Saved: '/var/folders/n4/43n_jxh10gg3s770b_8jbzb80000gn/T/fc-team-coverage-15znomx1.png'
35:27.953  render           | Saved: '/Users/mohammedkalouti/Documents/Codex/2026-09-27/i/work/art/aircraft-final-production-v3/stage/assets/build/frames/unit.SA.gunship/shadow/landing_empty/d14_f04.png'
35:28.669  render           | Saved: '/Users/mohammedkalouti/Documents/Codex/2026-09-27/i/work/art/aircraft-final-production-v3/stage/assets/build/frames/unit.SA.gunship/beauty/landing_empty/d14_f05.png'
35:29.228  render           | Saved: '/Users/mohammedkalouti/Documents/Codex/2026-09-27/i/work/art/aircraft-final-production-v3/stage/assets/build/frames/unit.SA.gunship/team/landing_empty/d14_f05.png'
35:29.515  render           | Saved: '/var/folders/n4/43n_jxh10gg3s770b_8jbzb80000gn/T/fc-team-coverage-gmb2msg5.png'
35:30.524  render           | Saved: '/Users/mohammedkalouti/Documents/Codex/2026-09-27/i/work/art/aircraft-final-production-v3/stage/assets/build/frames/unit.SA.gunship/shadow/landing_empty/d14_f05.png'
35:31.242  render           | Saved: '/Users/mohammedkalouti/Documents/Codex/2026-09-27/i/work/art/aircraft-final-production-v3/stage/assets/build/frames/unit.SA.gunship/beauty/landing_empty/d15_f00.png'
35:31.757  render           | Saved: '/Users/mohammedkalouti/Documents/Codex/2026-09-27/i/work/art/aircraft-final-production-v3/stage/assets/build/frames/unit.SA.gunship/team/landing_empty/d15_f00.png'
35:32.035  render           | Saved: '/var/folders/n4/43n_jxh10gg3s770b_8jbzb80000gn/T/fc-team-coverage-wq_1kiyu.png'
35:32.983  render           | Saved: '/Users/mohammedkalouti/Documents/Codex/2026-09-27/i/work/art/aircraft-final-production-v3/stage/assets/build/frames/unit.SA.gunship/shadow/landing_empty/d15_f00.png'
35:33.683  render           | Saved: '/Users/mohammedkalouti/Documents/Codex/2026-09-27/i/work/art/aircraft-final-production-v3/stage/assets/build/frames/unit.SA.gunship/beauty/landing_empty/d15_f01.png'
35:34.212  render           | Saved: '/Users/mohammedkalouti/Documents/Codex/2026-09-27/i/work/art/aircraft-final-production-v3/stage/assets/build/frames/unit.SA.gunship/team/landing_empty/d15_f01.png'
35:34.479  render           | Saved: '/var/folders/n4/43n_jxh10gg3s770b_8jbzb80000gn/T/fc-team-coverage-mgyilqo4.png'
35:35.412  render           | Saved: '/Users/mohammedkalouti/Documents/Codex/2026-09-27/i/work/art/aircraft-final-production-v3/stage/assets/build/frames/unit.SA.gunship/shadow/landing_empty/d15_f01.png'
35:36.123  render           | Saved: '/Users/mohammedkalouti/Documents/Codex/2026-09-27/i/work/art/aircraft-final-production-v3/stage/assets/build/frames/unit.SA.gunship/beauty/landing_empty/d15_f02.png'
35:36.639  render           | Saved: '/Users/mohammedkalouti/Documents/Codex/2026-09-27/i/work/art/aircraft-final-production-v3/stage/assets/build/frames/unit.SA.gunship/team/landing_empty/d15_f02.png'
35:36.927  render           | Saved: '/var/folders/n4/43n_jxh10gg3s770b_8jbzb80000gn/T/fc-team-coverage-swuxm_1j.png'
35:37.870  render           | Saved: '/Users/mohammedkalouti/Documents/Codex/2026-09-27/i/work/art/aircraft-final-production-v3/stage/assets/build/frames/unit.SA.gunship/shadow/landing_empty/d15_f02.png'
35:38.566  render           | Saved: '/Users/mohammedkalouti/Documents/Codex/2026-09-27/i/work/art/aircraft-final-production-v3/stage/assets/build/frames/unit.SA.gunship/beauty/landing_empty/d15_f03.png'
35:39.081  render           | Saved: '/Users/mohammedkalouti/Documents/Codex/2026-09-27/i/work/art/aircraft-final-production-v3/stage/assets/build/frames/unit.SA.gunship/team/landing_empty/d15_f03.png'
35:39.349  render           | Saved: '/var/folders/n4/43n_jxh10gg3s770b_8jbzb80000gn/T/fc-team-coverage-mwaydyyg.png'
35:40.284  render           | Saved: '/Users/mohammedkalouti/Documents/Codex/2026-09-27/i/work/art/aircraft-final-production-v3/stage/assets/build/frames/unit.SA.gunship/shadow/landing_empty/d15_f03.png'
35:40.987  render           | Saved: '/Users/mohammedkalouti/Documents/Codex/2026-09-27/i/work/art/aircraft-final-production-v3/stage/assets/build/frames/unit.SA.gunship/beauty/landing_empty/d15_f04.png'
35:41.503  render           | Saved: '/Users/mohammedkalouti/Documents/Codex/2026-09-27/i/work/art/aircraft-final-production-v3/stage/assets/build/frames/unit.SA.gunship/team/landing_empty/d15_f04.png'
35:41.761  render           | Saved: '/var/folders/n4/43n_jxh10gg3s770b_8jbzb80000gn/T/fc-team-coverage-mgfxxjrs.png'
35:42.737  render           | Saved: '/Users/mohammedkalouti/Documents/Codex/2026-09-27/i/work/art/aircraft-final-production-v3/stage/assets/build/frames/unit.SA.gunship/shadow/landing_empty/d15_f04.png'
35:43.451  render           | Saved: '/Users/mohammedkalouti/Documents/Codex/2026-09-27/i/work/art/aircraft-final-production-v3/stage/assets/build/frames/unit.SA.gunship/beauty/landing_empty/d15_f05.png'
35:43.959  render           | Saved: '/Users/mohammedkalouti/Documents/Codex/2026-09-27/i/work/art/aircraft-final-production-v3/stage/assets/build/frames/unit.SA.gunship/team/landing_empty/d15_f05.png'
35:44.238  render           | Saved: '/var/folders/n4/43n_jxh10gg3s770b_8jbzb80000gn/T/fc-team-coverage-7zfh45pq.png'
35:45.177  render           | Saved: '/Users/mohammedkalouti/Documents/Codex/2026-09-27/i/work/art/aircraft-final-production-v3/stage/assets/build/frames/unit.SA.gunship/shadow/landing_empty/d15_f05.png'
35:46.127  render           | Saved: '/Users/mohammedkalouti/Documents/Codex/2026-09-27/i/work/art/aircraft-final-production-v3/stage/assets/build/frames/unit.SA.gunship/beauty/damaged_empty/d00_f00.png'
35:46.628  render           | Saved: '/Users/mohammedkalouti/Documents/Codex/2026-09-27/i/work/art/aircraft-final-production-v3/stage/assets/build/frames/unit.SA.gunship/team/damaged_empty/d00_f00.png'
35:46.904  render           | Saved: '/var/folders/n4/43n_jxh10gg3s770b_8jbzb80000gn/T/fc-team-coverage-x1ihx84z.png'
35:47.873  render           | Saved: '/Users/mohammedkalouti/Documents/Codex/2026-09-27/i/work/art/aircraft-final-production-v3/stage/assets/build/frames/unit.SA.gunship/shadow/damaged_empty/d00_f00.png'
35:48.662  render           | Saved: '/Users/mohammedkalouti/Documents/Codex/2026-09-27/i/work/art/aircraft-final-production-v3/stage/assets/build/frames/unit.SA.gunship/beauty/damaged_empty/d00_f01.png'
35:49.227  render           | Saved: '/Users/mohammedkalouti/Documents/Codex/2026-09-27/i/work/art/aircraft-final-production-v3/stage/assets/build/frames/unit.SA.gunship/team/damaged_empty/d00_f01.png'
35:49.524  render           | Saved: '/var/folders/n4/43n_jxh10gg3s770b_8jbzb80000gn/T/fc-team-coverage-8_kg8eul.png'
35:50.594  render           | Saved: '/Users/mohammedkalouti/Documents/Codex/2026-09-27/i/work/art/aircraft-final-production-v3/stage/assets/build/frames/unit.SA.gunship/shadow/damaged_empty/d00_f01.png'
35:51.289  render           | Saved: '/Users/mohammedkalouti/Documents/Codex/2026-09-27/i/work/art/aircraft-final-production-v3/stage/assets/build/frames/unit.SA.gunship/beauty/damaged_empty/d00_f02.png'
35:51.808  render           | Saved: '/Users/mohammedkalouti/Documents/Codex/2026-09-27/i/work/art/aircraft-final-production-v3/stage/assets/build/frames/unit.SA.gunship/team/damaged_empty/d00_f02.png'
35:52.102  render           | Saved: '/var/folders/n4/43n_jxh10gg3s770b_8jbzb80000gn/T/fc-team-coverage-7nk09wjo.png'
35:53.040  render           | Saved: '/Users/mohammedkalouti/Documents/Codex/2026-09-27/i/work/art/aircraft-final-production-v3/stage/assets/build/frames/unit.SA.gunship/shadow/damaged_empty/d00_f02.png'
35:53.736  render           | Saved: '/Users/mohammedkalouti/Documents/Codex/2026-09-27/i/work/art/aircraft-final-production-v3/stage/assets/build/frames/unit.SA.gunship/beauty/damaged_empty/d00_f03.png'
35:54.254  render           | Saved: '/Users/mohammedkalouti/Documents/Codex/2026-09-27/i/work/art/aircraft-final-production-v3/stage/assets/build/frames/unit.SA.gunship/team/damaged_empty/d00_f03.png'
35:54.538  render           | Saved: '/var/folders/n4/43n_jxh10gg3s770b_8jbzb80000gn/T/fc-team-coverage-mi7nzbim.png'
35:55.494  render           | Saved: '/Users/mohammedkalouti/Documents/Codex/2026-09-27/i/work/art/aircraft-final-production-v3/stage/assets/build/frames/unit.SA.gunship/shadow/damaged_empty/d00_f03.png'
35:56.175  render           | Saved: '/Users/mohammedkalouti/Documents/Codex/2026-09-27/i/work/art/aircraft-final-production-v3/stage/assets/build/frames/unit.SA.gunship/beauty/damaged_empty/d01_f00.png'
35:56.717  render           | Saved: '/Users/mohammedkalouti/Documents/Codex/2026-09-27/i/work/art/aircraft-final-production-v3/stage/assets/build/frames/unit.SA.gunship/team/damaged_empty/d01_f00.png'
35:56.990  render           | Saved: '/var/folders/n4/43n_jxh10gg3s770b_8jbzb80000gn/T/fc-team-coverage-z6sfor94.png'
35:57.950  render           | Saved: '/Users/mohammedkalouti/Documents/Codex/2026-09-27/i/work/art/aircraft-final-production-v3/stage/assets/build/frames/unit.SA.gunship/shadow/damaged_empty/d01_f00.png'
35:58.646  render           | Saved: '/Users/mohammedkalouti/Documents/Codex/2026-09-27/i/work/art/aircraft-final-production-v3/stage/assets/build/frames/unit.SA.gunship/beauty/damaged_empty/d01_f01.png'
35:59.177  render           | Saved: '/Users/mohammedkalouti/Documents/Codex/2026-09-27/i/work/art/aircraft-final-production-v3/stage/assets/build/frames/unit.SA.gunship/team/damaged_empty/d01_f01.png'
35:59.461  render           | Saved: '/var/folders/n4/43n_jxh10gg3s770b_8jbzb80000gn/T/fc-team-coverage-ew1m09sd.png'
36:00.394  render           | Saved: '/Users/mohammedkalouti/Documents/Codex/2026-09-27/i/work/art/aircraft-final-production-v3/stage/assets/build/frames/unit.SA.gunship/shadow/damaged_empty/d01_f01.png'
36:01.072  render           | Saved: '/Users/mohammedkalouti/Documents/Codex/2026-09-27/i/work/art/aircraft-final-production-v3/stage/assets/build/frames/unit.SA.gunship/beauty/damaged_empty/d01_f02.png'
36:01.594  render           | Saved: '/Users/mohammedkalouti/Documents/Codex/2026-09-27/i/work/art/aircraft-final-production-v3/stage/assets/build/frames/unit.SA.gunship/team/damaged_empty/d01_f02.png'
36:01.884  render           | Saved: '/var/folders/n4/43n_jxh10gg3s770b_8jbzb80000gn/T/fc-team-coverage-rpfglysb.png'
36:02.818  render           | Saved: '/Users/mohammedkalouti/Documents/Codex/2026-09-27/i/work/art/aircraft-final-production-v3/stage/assets/build/frames/unit.SA.gunship/shadow/damaged_empty/d01_f02.png'
36:03.510  render           | Saved: '/Users/mohammedkalouti/Documents/Codex/2026-09-27/i/work/art/aircraft-final-production-v3/stage/assets/build/frames/unit.SA.gunship/beauty/damaged_empty/d01_f03.png'
36:04.058  render           | Saved: '/Users/mohammedkalouti/Documents/Codex/2026-09-27/i/work/art/aircraft-final-production-v3/stage/assets/build/frames/unit.SA.gunship/team/damaged_empty/d01_f03.png'
36:04.345  render           | Saved: '/var/folders/n4/43n_jxh10gg3s770b_8jbzb80000gn/T/fc-team-coverage-c80yl1r7.png'
36:05.298  render           | Saved: '/Users/mohammedkalouti/Documents/Codex/2026-09-27/i/work/art/aircraft-final-production-v3/stage/assets/build/frames/unit.SA.gunship/shadow/damaged_empty/d01_f03.png'
36:05.998  render           | Saved: '/Users/mohammedkalouti/Documents/Codex/2026-09-27/i/work/art/aircraft-final-production-v3/stage/assets/build/frames/unit.SA.gunship/beauty/damaged_empty/d02_f00.png'
36:06.521  render           | Saved: '/Users/mohammedkalouti/Documents/Codex/2026-09-27/i/work/art/aircraft-final-production-v3/stage/assets/build/frames/unit.SA.gunship/team/damaged_empty/d02_f00.png'
36:06.800  render           | Saved: '/var/folders/n4/43n_jxh10gg3s770b_8jbzb80000gn/T/fc-team-coverage-9oe_6te6.png'
36:07.744  render           | Saved: '/Users/mohammedkalouti/Documents/Codex/2026-09-27/i/work/art/aircraft-final-production-v3/stage/assets/build/frames/unit.SA.gunship/shadow/damaged_empty/d02_f00.png'
36:08.431  render           | Saved: '/Users/mohammedkalouti/Documents/Codex/2026-09-27/i/work/art/aircraft-final-production-v3/stage/assets/build/frames/unit.SA.gunship/beauty/damaged_empty/d02_f01.png'
36:08.960  render           | Saved: '/Users/mohammedkalouti/Documents/Codex/2026-09-27/i/work/art/aircraft-final-production-v3/stage/assets/build/frames/unit.SA.gunship/team/damaged_empty/d02_f01.png'
36:09.228  render           | Saved: '/var/folders/n4/43n_jxh10gg3s770b_8jbzb80000gn/T/fc-team-coverage-p8b48_q9.png'
36:10.163  render           | Saved: '/Users/mohammedkalouti/Documents/Codex/2026-09-27/i/work/art/aircraft-final-production-v3/stage/assets/build/frames/unit.SA.gunship/shadow/damaged_empty/d02_f01.png'
36:10.863  render           | Saved: '/Users/mohammedkalouti/Documents/Codex/2026-09-27/i/work/art/aircraft-final-production-v3/stage/assets/build/frames/unit.SA.gunship/beauty/damaged_empty/d02_f02.png'
36:11.365  render           | Saved: '/Users/mohammedkalouti/Documents/Codex/2026-09-27/i/work/art/aircraft-final-production-v3/stage/assets/build/frames/unit.SA.gunship/team/damaged_empty/d02_f02.png'
36:11.632  render           | Saved: '/var/folders/n4/43n_jxh10gg3s770b_8jbzb80000gn/T/fc-team-coverage-ntzj5h8r.png'
36:12.646  render           | Saved: '/Users/mohammedkalouti/Documents/Codex/2026-09-27/i/work/art/aircraft-final-production-v3/stage/assets/build/frames/unit.SA.gunship/shadow/damaged_empty/d02_f02.png'
36:13.396  render           | Saved: '/Users/mohammedkalouti/Documents/Codex/2026-09-27/i/work/art/aircraft-final-production-v3/stage/assets/build/frames/unit.SA.gunship/beauty/damaged_empty/d02_f03.png'
36:13.936  render           | Saved: '/Users/mohammedkalouti/Documents/Codex/2026-09-27/i/work/art/aircraft-final-production-v3/stage/assets/build/frames/unit.SA.gunship/team/damaged_empty/d02_f03.png'
36:14.202  render           | Saved: '/var/folders/n4/43n_jxh10gg3s770b_8jbzb80000gn/T/fc-team-coverage-oarenrmt.png'
36:15.193  render           | Saved: '/Users/mohammedkalouti/Documents/Codex/2026-09-27/i/work/art/aircraft-final-production-v3/stage/assets/build/frames/unit.SA.gunship/shadow/damaged_empty/d02_f03.png'
36:15.883  render           | Saved: '/Users/mohammedkalouti/Documents/Codex/2026-09-27/i/work/art/aircraft-final-production-v3/stage/assets/build/frames/unit.SA.gunship/beauty/damaged_empty/d03_f00.png'
36:16.398  render           | Saved: '/Users/mohammedkalouti/Documents/Codex/2026-09-27/i/work/art/aircraft-final-production-v3/stage/assets/build/frames/unit.SA.gunship/team/damaged_empty/d03_f00.png'
36:16.715  render           | Saved: '/var/folders/n4/43n_jxh10gg3s770b_8jbzb80000gn/T/fc-team-coverage-qs7ihcwg.png'
36:17.740  render           | Saved: '/Users/mohammedkalouti/Documents/Codex/2026-09-27/i/work/art/aircraft-final-production-v3/stage/assets/build/frames/unit.SA.gunship/shadow/damaged_empty/d03_f00.png'
36:18.424  render           | Saved: '/Users/mohammedkalouti/Documents/Codex/2026-09-27/i/work/art/aircraft-final-production-v3/stage/assets/build/frames/unit.SA.gunship/beauty/damaged_empty/d03_f01.png'
36:18.951  render           | Saved: '/Users/mohammedkalouti/Documents/Codex/2026-09-27/i/work/art/aircraft-final-production-v3/stage/assets/build/frames/unit.SA.gunship/team/damaged_empty/d03_f01.png'
36:19.226  render           | Saved: '/var/folders/n4/43n_jxh10gg3s770b_8jbzb80000gn/T/fc-team-coverage-oml0zugt.png'
36:20.150  render           | Saved: '/Users/mohammedkalouti/Documents/Codex/2026-09-27/i/work/art/aircraft-final-production-v3/stage/assets/build/frames/unit.SA.gunship/shadow/damaged_empty/d03_f01.png'
36:20.848  render           | Saved: '/Users/mohammedkalouti/Documents/Codex/2026-09-27/i/work/art/aircraft-final-production-v3/stage/assets/build/frames/unit.SA.gunship/beauty/damaged_empty/d03_f02.png'
36:21.350  render           | Saved: '/Users/mohammedkalouti/Documents/Codex/2026-09-27/i/work/art/aircraft-final-production-v3/stage/assets/build/frames/unit.SA.gunship/team/damaged_empty/d03_f02.png'
36:21.627  render           | Saved: '/var/folders/n4/43n_jxh10gg3s770b_8jbzb80000gn/T/fc-team-coverage-mjrs644p.png'
36:22.567  render           | Saved: '/Users/mohammedkalouti/Documents/Codex/2026-09-27/i/work/art/aircraft-final-production-v3/stage/assets/build/frames/unit.SA.gunship/shadow/damaged_empty/d03_f02.png'
36:23.246  render           | Saved: '/Users/mohammedkalouti/Documents/Codex/2026-09-27/i/work/art/aircraft-final-production-v3/stage/assets/build/frames/unit.SA.gunship/beauty/damaged_empty/d03_f03.png'
36:23.764  render           | Saved: '/Users/mohammedkalouti/Documents/Codex/2026-09-27/i/work/art/aircraft-final-production-v3/stage/assets/build/frames/unit.SA.gunship/team/damaged_empty/d03_f03.png'
36:24.043  render           | Saved: '/var/folders/n4/43n_jxh10gg3s770b_8jbzb80000gn/T/fc-team-coverage-6cypv8oq.png'
36:24.974  render           | Saved: '/Users/mohammedkalouti/Documents/Codex/2026-09-27/i/work/art/aircraft-final-production-v3/stage/assets/build/frames/unit.SA.gunship/shadow/damaged_empty/d03_f03.png'
36:25.684  render           | Saved: '/Users/mohammedkalouti/Documents/Codex/2026-09-27/i/work/art/aircraft-final-production-v3/stage/assets/build/frames/unit.SA.gunship/beauty/damaged_empty/d04_f00.png'
36:26.223  render           | Saved: '/Users/mohammedkalouti/Documents/Codex/2026-09-27/i/work/art/aircraft-final-production-v3/stage/assets/build/frames/unit.SA.gunship/team/damaged_empty/d04_f00.png'
36:26.511  render           | Saved: '/var/folders/n4/43n_jxh10gg3s770b_8jbzb80000gn/T/fc-team-coverage-3q20fer_.png'
36:27.450  render           | Saved: '/Users/mohammedkalouti/Documents/Codex/2026-09-27/i/work/art/aircraft-final-production-v3/stage/assets/build/frames/unit.SA.gunship/shadow/damaged_empty/d04_f00.png'
36:28.132  render           | Saved: '/Users/mohammedkalouti/Documents/Codex/2026-09-27/i/work/art/aircraft-final-production-v3/stage/assets/build/frames/unit.SA.gunship/beauty/damaged_empty/d04_f01.png'
36:28.671  render           | Saved: '/Users/mohammedkalouti/Documents/Codex/2026-09-27/i/work/art/aircraft-final-production-v3/stage/assets/build/frames/unit.SA.gunship/team/damaged_empty/d04_f01.png'
36:28.938  render           | Saved: '/var/folders/n4/43n_jxh10gg3s770b_8jbzb80000gn/T/fc-team-coverage-vz4lo5x5.png'
36:29.887  render           | Saved: '/Users/mohammedkalouti/Documents/Codex/2026-09-27/i/work/art/aircraft-final-production-v3/stage/assets/build/frames/unit.SA.gunship/shadow/damaged_empty/d04_f01.png'
36:30.614  render           | Saved: '/Users/mohammedkalouti/Documents/Codex/2026-09-27/i/work/art/aircraft-final-production-v3/stage/assets/build/frames/unit.SA.gunship/beauty/damaged_empty/d04_f02.png'
36:31.127  render           | Saved: '/Users/mohammedkalouti/Documents/Codex/2026-09-27/i/work/art/aircraft-final-production-v3/stage/assets/build/frames/unit.SA.gunship/team/damaged_empty/d04_f02.png'
36:31.407  render           | Saved: '/var/folders/n4/43n_jxh10gg3s770b_8jbzb80000gn/T/fc-team-coverage-ip7498xs.png'
36:32.328  render           | Saved: '/Users/mohammedkalouti/Documents/Codex/2026-09-27/i/work/art/aircraft-final-production-v3/stage/assets/build/frames/unit.SA.gunship/shadow/damaged_empty/d04_f02.png'
36:32.997  render           | Saved: '/Users/mohammedkalouti/Documents/Codex/2026-09-27/i/work/art/aircraft-final-production-v3/stage/assets/build/frames/unit.SA.gunship/beauty/damaged_empty/d04_f03.png'
36:33.523  render           | Saved: '/Users/mohammedkalouti/Documents/Codex/2026-09-27/i/work/art/aircraft-final-production-v3/stage/assets/build/frames/unit.SA.gunship/team/damaged_empty/d04_f03.png'
36:33.800  render           | Saved: '/var/folders/n4/43n_jxh10gg3s770b_8jbzb80000gn/T/fc-team-coverage-7nuylr1q.png'
36:34.739  render           | Saved: '/Users/mohammedkalouti/Documents/Codex/2026-09-27/i/work/art/aircraft-final-production-v3/stage/assets/build/frames/unit.SA.gunship/shadow/damaged_empty/d04_f03.png'
36:35.434  render           | Saved: '/Users/mohammedkalouti/Documents/Codex/2026-09-27/i/work/art/aircraft-final-production-v3/stage/assets/build/frames/unit.SA.gunship/beauty/damaged_empty/d05_f00.png'
36:35.946  render           | Saved: '/Users/mohammedkalouti/Documents/Codex/2026-09-27/i/work/art/aircraft-final-production-v3/stage/assets/build/frames/unit.SA.gunship/team/damaged_empty/d05_f00.png'
36:36.230  render           | Saved: '/var/folders/n4/43n_jxh10gg3s770b_8jbzb80000gn/T/fc-team-coverage-i7sir4m7.png'
36:37.165  render           | Saved: '/Users/mohammedkalouti/Documents/Codex/2026-09-27/i/work/art/aircraft-final-production-v3/stage/assets/build/frames/unit.SA.gunship/shadow/damaged_empty/d05_f00.png'
36:37.899  render           | Saved: '/Users/mohammedkalouti/Documents/Codex/2026-09-27/i/work/art/aircraft-final-production-v3/stage/assets/build/frames/unit.SA.gunship/beauty/damaged_empty/d05_f01.png'
36:38.420  render           | Saved: '/Users/mohammedkalouti/Documents/Codex/2026-09-27/i/work/art/aircraft-final-production-v3/stage/assets/build/frames/unit.SA.gunship/team/damaged_empty/d05_f01.png'
36:38.693  render           | Saved: '/var/folders/n4/43n_jxh10gg3s770b_8jbzb80000gn/T/fc-team-coverage-zql0jcp_.png'
36:39.611  render           | Saved: '/Users/mohammedkalouti/Documents/Codex/2026-09-27/i/work/art/aircraft-final-production-v3/stage/assets/build/frames/unit.SA.gunship/shadow/damaged_empty/d05_f01.png'
36:40.301  render           | Saved: '/Users/mohammedkalouti/Documents/Codex/2026-09-27/i/work/art/aircraft-final-production-v3/stage/assets/build/frames/unit.SA.gunship/beauty/damaged_empty/d05_f02.png'
36:40.806  render           | Saved: '/Users/mohammedkalouti/Documents/Codex/2026-09-27/i/work/art/aircraft-final-production-v3/stage/assets/build/frames/unit.SA.gunship/team/damaged_empty/d05_f02.png'
36:41.095  render           | Saved: '/var/folders/n4/43n_jxh10gg3s770b_8jbzb80000gn/T/fc-team-coverage-vzk6yz5w.png'
36:42.047  render           | Saved: '/Users/mohammedkalouti/Documents/Codex/2026-09-27/i/work/art/aircraft-final-production-v3/stage/assets/build/frames/unit.SA.gunship/shadow/damaged_empty/d05_f02.png'
36:42.746  render           | Saved: '/Users/mohammedkalouti/Documents/Codex/2026-09-27/i/work/art/aircraft-final-production-v3/stage/assets/build/frames/unit.SA.gunship/beauty/damaged_empty/d05_f03.png'
36:43.261  render           | Saved: '/Users/mohammedkalouti/Documents/Codex/2026-09-27/i/work/art/aircraft-final-production-v3/stage/assets/build/frames/unit.SA.gunship/team/damaged_empty/d05_f03.png'
36:43.539  render           | Saved: '/var/folders/n4/43n_jxh10gg3s770b_8jbzb80000gn/T/fc-team-coverage-g77dmj1p.png'
36:44.465  render           | Saved: '/Users/mohammedkalouti/Documents/Codex/2026-09-27/i/work/art/aircraft-final-production-v3/stage/assets/build/frames/unit.SA.gunship/shadow/damaged_empty/d05_f03.png'
36:45.179  render           | Saved: '/Users/mohammedkalouti/Documents/Codex/2026-09-27/i/work/art/aircraft-final-production-v3/stage/assets/build/frames/unit.SA.gunship/beauty/damaged_empty/d06_f00.png'
36:45.910  render           | Saved: '/Users/mohammedkalouti/Documents/Codex/2026-09-27/i/work/art/aircraft-final-production-v3/stage/assets/build/frames/unit.SA.gunship/team/damaged_empty/d06_f00.png'
36:46.209  render           | Saved: '/var/folders/n4/43n_jxh10gg3s770b_8jbzb80000gn/T/fc-team-coverage-dywniule.png'
36:47.244  render           | Saved: '/Users/mohammedkalouti/Documents/Codex/2026-09-27/i/work/art/aircraft-final-production-v3/stage/assets/build/frames/unit.SA.gunship/shadow/damaged_empty/d06_f00.png'
36:47.922  render           | Saved: '/Users/mohammedkalouti/Documents/Codex/2026-09-27/i/work/art/aircraft-final-production-v3/stage/assets/build/frames/unit.SA.gunship/beauty/damaged_empty/d06_f01.png'
36:48.444  render           | Saved: '/Users/mohammedkalouti/Documents/Codex/2026-09-27/i/work/art/aircraft-final-production-v3/stage/assets/build/frames/unit.SA.gunship/team/damaged_empty/d06_f01.png'
36:48.743  render           | Saved: '/var/folders/n4/43n_jxh10gg3s770b_8jbzb80000gn/T/fc-team-coverage-yby3kq51.png'
36:49.671  render           | Saved: '/Users/mohammedkalouti/Documents/Codex/2026-09-27/i/work/art/aircraft-final-production-v3/stage/assets/build/frames/unit.SA.gunship/shadow/damaged_empty/d06_f01.png'
36:50.358  render           | Saved: '/Users/mohammedkalouti/Documents/Codex/2026-09-27/i/work/art/aircraft-final-production-v3/stage/assets/build/frames/unit.SA.gunship/beauty/damaged_empty/d06_f02.png'
36:50.882  render           | Saved: '/Users/mohammedkalouti/Documents/Codex/2026-09-27/i/work/art/aircraft-final-production-v3/stage/assets/build/frames/unit.SA.gunship/team/damaged_empty/d06_f02.png'
36:51.150  render           | Saved: '/var/folders/n4/43n_jxh10gg3s770b_8jbzb80000gn/T/fc-team-coverage-e6tqtj3d.png'
36:52.083  render           | Saved: '/Users/mohammedkalouti/Documents/Codex/2026-09-27/i/work/art/aircraft-final-production-v3/stage/assets/build/frames/unit.SA.gunship/shadow/damaged_empty/d06_f02.png'
36:52.793  render           | Saved: '/Users/mohammedkalouti/Documents/Codex/2026-09-27/i/work/art/aircraft-final-production-v3/stage/assets/build/frames/unit.SA.gunship/beauty/damaged_empty/d06_f03.png'
36:53.319  render           | Saved: '/Users/mohammedkalouti/Documents/Codex/2026-09-27/i/work/art/aircraft-final-production-v3/stage/assets/build/frames/unit.SA.gunship/team/damaged_empty/d06_f03.png'
36:53.619  render           | Saved: '/var/folders/n4/43n_jxh10gg3s770b_8jbzb80000gn/T/fc-team-coverage-iu_0ntsb.png'
36:54.564  render           | Saved: '/Users/mohammedkalouti/Documents/Codex/2026-09-27/i/work/art/aircraft-final-production-v3/stage/assets/build/frames/unit.SA.gunship/shadow/damaged_empty/d06_f03.png'
36:55.259  render           | Saved: '/Users/mohammedkalouti/Documents/Codex/2026-09-27/i/work/art/aircraft-final-production-v3/stage/assets/build/frames/unit.SA.gunship/beauty/damaged_empty/d07_f00.png'
36:55.778  render           | Saved: '/Users/mohammedkalouti/Documents/Codex/2026-09-27/i/work/art/aircraft-final-production-v3/stage/assets/build/frames/unit.SA.gunship/team/damaged_empty/d07_f00.png'
36:56.047  render           | Saved: '/var/folders/n4/43n_jxh10gg3s770b_8jbzb80000gn/T/fc-team-coverage-kphu8xbi.png'
36:56.971  render           | Saved: '/Users/mohammedkalouti/Documents/Codex/2026-09-27/i/work/art/aircraft-final-production-v3/stage/assets/build/frames/unit.SA.gunship/shadow/damaged_empty/d07_f00.png'
36:57.659  render           | Saved: '/Users/mohammedkalouti/Documents/Codex/2026-09-27/i/work/art/aircraft-final-production-v3/stage/assets/build/frames/unit.SA.gunship/beauty/damaged_empty/d07_f01.png'
36:58.174  render           | Saved: '/Users/mohammedkalouti/Documents/Codex/2026-09-27/i/work/art/aircraft-final-production-v3/stage/assets/build/frames/unit.SA.gunship/team/damaged_empty/d07_f01.png'
36:58.448  render           | Saved: '/var/folders/n4/43n_jxh10gg3s770b_8jbzb80000gn/T/fc-team-coverage-pukmzm6y.png'
36:59.391  render           | Saved: '/Users/mohammedkalouti/Documents/Codex/2026-09-27/i/work/art/aircraft-final-production-v3/stage/assets/build/frames/unit.SA.gunship/shadow/damaged_empty/d07_f01.png'
37:00.105  render           | Saved: '/Users/mohammedkalouti/Documents/Codex/2026-09-27/i/work/art/aircraft-final-production-v3/stage/assets/build/frames/unit.SA.gunship/beauty/damaged_empty/d07_f02.png'
37:00.640  render           | Saved: '/Users/mohammedkalouti/Documents/Codex/2026-09-27/i/work/art/aircraft-final-production-v3/stage/assets/build/frames/unit.SA.gunship/team/damaged_empty/d07_f02.png'
37:00.919  render           | Saved: '/var/folders/n4/43n_jxh10gg3s770b_8jbzb80000gn/T/fc-team-coverage-3_tsspej.png'
37:01.883  render           | Saved: '/Users/mohammedkalouti/Documents/Codex/2026-09-27/i/work/art/aircraft-final-production-v3/stage/assets/build/frames/unit.SA.gunship/shadow/damaged_empty/d07_f02.png'
37:02.584  render           | Saved: '/Users/mohammedkalouti/Documents/Codex/2026-09-27/i/work/art/aircraft-final-production-v3/stage/assets/build/frames/unit.SA.gunship/beauty/damaged_empty/d07_f03.png'
37:03.095  render           | Saved: '/Users/mohammedkalouti/Documents/Codex/2026-09-27/i/work/art/aircraft-final-production-v3/stage/assets/build/frames/unit.SA.gunship/team/damaged_empty/d07_f03.png'
37:03.377  render           | Saved: '/var/folders/n4/43n_jxh10gg3s770b_8jbzb80000gn/T/fc-team-coverage-fp543d7n.png'
37:04.326  render           | Saved: '/Users/mohammedkalouti/Documents/Codex/2026-09-27/i/work/art/aircraft-final-production-v3/stage/assets/build/frames/unit.SA.gunship/shadow/damaged_empty/d07_f03.png'
37:05.062  render           | Saved: '/Users/mohammedkalouti/Documents/Codex/2026-09-27/i/work/art/aircraft-final-production-v3/stage/assets/build/frames/unit.SA.gunship/beauty/damaged_empty/d08_f00.png'
37:05.610  render           | Saved: '/Users/mohammedkalouti/Documents/Codex/2026-09-27/i/work/art/aircraft-final-production-v3/stage/assets/build/frames/unit.SA.gunship/team/damaged_empty/d08_f00.png'
37:05.879  render           | Saved: '/var/folders/n4/43n_jxh10gg3s770b_8jbzb80000gn/T/fc-team-coverage-iqt9n7uh.png'
37:06.885  render           | Saved: '/Users/mohammedkalouti/Documents/Codex/2026-09-27/i/work/art/aircraft-final-production-v3/stage/assets/build/frames/unit.SA.gunship/shadow/damaged_empty/d08_f00.png'
37:07.563  render           | Saved: '/Users/mohammedkalouti/Documents/Codex/2026-09-27/i/work/art/aircraft-final-production-v3/stage/assets/build/frames/unit.SA.gunship/beauty/damaged_empty/d08_f01.png'
37:08.066  render           | Saved: '/Users/mohammedkalouti/Documents/Codex/2026-09-27/i/work/art/aircraft-final-production-v3/stage/assets/build/frames/unit.SA.gunship/team/damaged_empty/d08_f01.png'
37:08.327  render           | Saved: '/var/folders/n4/43n_jxh10gg3s770b_8jbzb80000gn/T/fc-team-coverage-muj10z69.png'
37:09.247  render           | Saved: '/Users/mohammedkalouti/Documents/Codex/2026-09-27/i/work/art/aircraft-final-production-v3/stage/assets/build/frames/unit.SA.gunship/shadow/damaged_empty/d08_f01.png'
37:09.907  render           | Saved: '/Users/mohammedkalouti/Documents/Codex/2026-09-27/i/work/art/aircraft-final-production-v3/stage/assets/build/frames/unit.SA.gunship/beauty/damaged_empty/d08_f02.png'
37:10.417  render           | Saved: '/Users/mohammedkalouti/Documents/Codex/2026-09-27/i/work/art/aircraft-final-production-v3/stage/assets/build/frames/unit.SA.gunship/team/damaged_empty/d08_f02.png'
37:10.687  render           | Saved: '/var/folders/n4/43n_jxh10gg3s770b_8jbzb80000gn/T/fc-team-coverage-9zoy39yk.png'
37:11.817  render           | Saved: '/Users/mohammedkalouti/Documents/Codex/2026-09-27/i/work/art/aircraft-final-production-v3/stage/assets/build/frames/unit.SA.gunship/shadow/damaged_empty/d08_f02.png'
37:12.513  render           | Saved: '/Users/mohammedkalouti/Documents/Codex/2026-09-27/i/work/art/aircraft-final-production-v3/stage/assets/build/frames/unit.SA.gunship/beauty/damaged_empty/d08_f03.png'
37:13.060  render           | Saved: '/Users/mohammedkalouti/Documents/Codex/2026-09-27/i/work/art/aircraft-final-production-v3/stage/assets/build/frames/unit.SA.gunship/team/damaged_empty/d08_f03.png'
37:13.338  render           | Saved: '/var/folders/n4/43n_jxh10gg3s770b_8jbzb80000gn/T/fc-team-coverage-n1oeqpaj.png'
37:14.248  render           | Saved: '/Users/mohammedkalouti/Documents/Codex/2026-09-27/i/work/art/aircraft-final-production-v3/stage/assets/build/frames/unit.SA.gunship/shadow/damaged_empty/d08_f03.png'
37:14.923  render           | Saved: '/Users/mohammedkalouti/Documents/Codex/2026-09-27/i/work/art/aircraft-final-production-v3/stage/assets/build/frames/unit.SA.gunship/beauty/damaged_empty/d09_f00.png'
37:15.484  render           | Saved: '/Users/mohammedkalouti/Documents/Codex/2026-09-27/i/work/art/aircraft-final-production-v3/stage/assets/build/frames/unit.SA.gunship/team/damaged_empty/d09_f00.png'
37:15.769  render           | Saved: '/var/folders/n4/43n_jxh10gg3s770b_8jbzb80000gn/T/fc-team-coverage-coky62w5.png'
37:16.736  render           | Saved: '/Users/mohammedkalouti/Documents/Codex/2026-09-27/i/work/art/aircraft-final-production-v3/stage/assets/build/frames/unit.SA.gunship/shadow/damaged_empty/d09_f00.png'
37:17.425  render           | Saved: '/Users/mohammedkalouti/Documents/Codex/2026-09-27/i/work/art/aircraft-final-production-v3/stage/assets/build/frames/unit.SA.gunship/beauty/damaged_empty/d09_f01.png'
37:17.959  render           | Saved: '/Users/mohammedkalouti/Documents/Codex/2026-09-27/i/work/art/aircraft-final-production-v3/stage/assets/build/frames/unit.SA.gunship/team/damaged_empty/d09_f01.png'
37:18.234  render           | Saved: '/var/folders/n4/43n_jxh10gg3s770b_8jbzb80000gn/T/fc-team-coverage-i68jz4gj.png'
37:19.170  render           | Saved: '/Users/mohammedkalouti/Documents/Codex/2026-09-27/i/work/art/aircraft-final-production-v3/stage/assets/build/frames/unit.SA.gunship/shadow/damaged_empty/d09_f01.png'
37:19.871  render           | Saved: '/Users/mohammedkalouti/Documents/Codex/2026-09-27/i/work/art/aircraft-final-production-v3/stage/assets/build/frames/unit.SA.gunship/beauty/damaged_empty/d09_f02.png'
37:20.391  render           | Saved: '/Users/mohammedkalouti/Documents/Codex/2026-09-27/i/work/art/aircraft-final-production-v3/stage/assets/build/frames/unit.SA.gunship/team/damaged_empty/d09_f02.png'
37:20.662  render           | Saved: '/var/folders/n4/43n_jxh10gg3s770b_8jbzb80000gn/T/fc-team-coverage-xinu5vix.png'
37:21.594  render           | Saved: '/Users/mohammedkalouti/Documents/Codex/2026-09-27/i/work/art/aircraft-final-production-v3/stage/assets/build/frames/unit.SA.gunship/shadow/damaged_empty/d09_f02.png'
37:22.383  render           | Saved: '/Users/mohammedkalouti/Documents/Codex/2026-09-27/i/work/art/aircraft-final-production-v3/stage/assets/build/frames/unit.SA.gunship/beauty/damaged_empty/d09_f03.png'
37:22.978  render           | Saved: '/Users/mohammedkalouti/Documents/Codex/2026-09-27/i/work/art/aircraft-final-production-v3/stage/assets/build/frames/unit.SA.gunship/team/damaged_empty/d09_f03.png'
37:23.250  render           | Saved: '/var/folders/n4/43n_jxh10gg3s770b_8jbzb80000gn/T/fc-team-coverage-cmcs8f31.png'
37:24.202  render           | Saved: '/Users/mohammedkalouti/Documents/Codex/2026-09-27/i/work/art/aircraft-final-production-v3/stage/assets/build/frames/unit.SA.gunship/shadow/damaged_empty/d09_f03.png'
37:24.893  render           | Saved: '/Users/mohammedkalouti/Documents/Codex/2026-09-27/i/work/art/aircraft-final-production-v3/stage/assets/build/frames/unit.SA.gunship/beauty/damaged_empty/d10_f00.png'
37:25.451  render           | Saved: '/Users/mohammedkalouti/Documents/Codex/2026-09-27/i/work/art/aircraft-final-production-v3/stage/assets/build/frames/unit.SA.gunship/team/damaged_empty/d10_f00.png'
37:25.731  render           | Saved: '/var/folders/n4/43n_jxh10gg3s770b_8jbzb80000gn/T/fc-team-coverage-373h9i_u.png'
37:26.743  render           | Saved: '/Users/mohammedkalouti/Documents/Codex/2026-09-27/i/work/art/aircraft-final-production-v3/stage/assets/build/frames/unit.SA.gunship/shadow/damaged_empty/d10_f00.png'
37:27.442  render           | Saved: '/Users/mohammedkalouti/Documents/Codex/2026-09-27/i/work/art/aircraft-final-production-v3/stage/assets/build/frames/unit.SA.gunship/beauty/damaged_empty/d10_f01.png'
37:27.970  render           | Saved: '/Users/mohammedkalouti/Documents/Codex/2026-09-27/i/work/art/aircraft-final-production-v3/stage/assets/build/frames/unit.SA.gunship/team/damaged_empty/d10_f01.png'
37:28.245  render           | Saved: '/var/folders/n4/43n_jxh10gg3s770b_8jbzb80000gn/T/fc-team-coverage-m9pkvza7.png'
37:29.196  render           | Saved: '/Users/mohammedkalouti/Documents/Codex/2026-09-27/i/work/art/aircraft-final-production-v3/stage/assets/build/frames/unit.SA.gunship/shadow/damaged_empty/d10_f01.png'
37:29.913  render           | Saved: '/Users/mohammedkalouti/Documents/Codex/2026-09-27/i/work/art/aircraft-final-production-v3/stage/assets/build/frames/unit.SA.gunship/beauty/damaged_empty/d10_f02.png'
37:30.427  render           | Saved: '/Users/mohammedkalouti/Documents/Codex/2026-09-27/i/work/art/aircraft-final-production-v3/stage/assets/build/frames/unit.SA.gunship/team/damaged_empty/d10_f02.png'
37:30.720  render           | Saved: '/var/folders/n4/43n_jxh10gg3s770b_8jbzb80000gn/T/fc-team-coverage-4jj53fhs.png'
37:31.775  render           | Saved: '/Users/mohammedkalouti/Documents/Codex/2026-09-27/i/work/art/aircraft-final-production-v3/stage/assets/build/frames/unit.SA.gunship/shadow/damaged_empty/d10_f02.png'
37:32.500  render           | Saved: '/Users/mohammedkalouti/Documents/Codex/2026-09-27/i/work/art/aircraft-final-production-v3/stage/assets/build/frames/unit.SA.gunship/beauty/damaged_empty/d10_f03.png'
37:33.031  render           | Saved: '/Users/mohammedkalouti/Documents/Codex/2026-09-27/i/work/art/aircraft-final-production-v3/stage/assets/build/frames/unit.SA.gunship/team/damaged_empty/d10_f03.png'
37:33.320  render           | Saved: '/var/folders/n4/43n_jxh10gg3s770b_8jbzb80000gn/T/fc-team-coverage-asy_sc0t.png'
37:34.254  render           | Saved: '/Users/mohammedkalouti/Documents/Codex/2026-09-27/i/work/art/aircraft-final-production-v3/stage/assets/build/frames/unit.SA.gunship/shadow/damaged_empty/d10_f03.png'
37:34.937  render           | Saved: '/Users/mohammedkalouti/Documents/Codex/2026-09-27/i/work/art/aircraft-final-production-v3/stage/assets/build/frames/unit.SA.gunship/beauty/damaged_empty/d11_f00.png'
37:35.448  render           | Saved: '/Users/mohammedkalouti/Documents/Codex/2026-09-27/i/work/art/aircraft-final-production-v3/stage/assets/build/frames/unit.SA.gunship/team/damaged_empty/d11_f00.png'
37:35.717  render           | Saved: '/var/folders/n4/43n_jxh10gg3s770b_8jbzb80000gn/T/fc-team-coverage-ojn77h8v.png'
37:36.658  render           | Saved: '/Users/mohammedkalouti/Documents/Codex/2026-09-27/i/work/art/aircraft-final-production-v3/stage/assets/build/frames/unit.SA.gunship/shadow/damaged_empty/d11_f00.png'
37:37.358  render           | Saved: '/Users/mohammedkalouti/Documents/Codex/2026-09-27/i/work/art/aircraft-final-production-v3/stage/assets/build/frames/unit.SA.gunship/beauty/damaged_empty/d11_f01.png'
37:37.891  render           | Saved: '/Users/mohammedkalouti/Documents/Codex/2026-09-27/i/work/art/aircraft-final-production-v3/stage/assets/build/frames/unit.SA.gunship/team/damaged_empty/d11_f01.png'
37:38.170  render           | Saved: '/var/folders/n4/43n_jxh10gg3s770b_8jbzb80000gn/T/fc-team-coverage-qe6xi472.png'
37:39.106  render           | Saved: '/Users/mohammedkalouti/Documents/Codex/2026-09-27/i/work/art/aircraft-final-production-v3/stage/assets/build/frames/unit.SA.gunship/shadow/damaged_empty/d11_f01.png'
37:39.799  render           | Saved: '/Users/mohammedkalouti/Documents/Codex/2026-09-27/i/work/art/aircraft-final-production-v3/stage/assets/build/frames/unit.SA.gunship/beauty/damaged_empty/d11_f02.png'
37:40.505  render           | Saved: '/Users/mohammedkalouti/Documents/Codex/2026-09-27/i/work/art/aircraft-final-production-v3/stage/assets/build/frames/unit.SA.gunship/team/damaged_empty/d11_f02.png'
37:40.818  render           | Saved: '/var/folders/n4/43n_jxh10gg3s770b_8jbzb80000gn/T/fc-team-coverage-f3duxwoc.png'
37:41.828  render           | Saved: '/Users/mohammedkalouti/Documents/Codex/2026-09-27/i/work/art/aircraft-final-production-v3/stage/assets/build/frames/unit.SA.gunship/shadow/damaged_empty/d11_f02.png'
37:42.535  render           | Saved: '/Users/mohammedkalouti/Documents/Codex/2026-09-27/i/work/art/aircraft-final-production-v3/stage/assets/build/frames/unit.SA.gunship/beauty/damaged_empty/d11_f03.png'
37:43.072  render           | Saved: '/Users/mohammedkalouti/Documents/Codex/2026-09-27/i/work/art/aircraft-final-production-v3/stage/assets/build/frames/unit.SA.gunship/team/damaged_empty/d11_f03.png'
37:43.350  render           | Saved: '/var/folders/n4/43n_jxh10gg3s770b_8jbzb80000gn/T/fc-team-coverage-qdfqayl3.png'
37:44.317  render           | Saved: '/Users/mohammedkalouti/Documents/Codex/2026-09-27/i/work/art/aircraft-final-production-v3/stage/assets/build/frames/unit.SA.gunship/shadow/damaged_empty/d11_f03.png'
37:45.024  render           | Saved: '/Users/mohammedkalouti/Documents/Codex/2026-09-27/i/work/art/aircraft-final-production-v3/stage/assets/build/frames/unit.SA.gunship/beauty/damaged_empty/d12_f00.png'
37:45.550  render           | Saved: '/Users/mohammedkalouti/Documents/Codex/2026-09-27/i/work/art/aircraft-final-production-v3/stage/assets/build/frames/unit.SA.gunship/team/damaged_empty/d12_f00.png'
37:45.811  render           | Saved: '/var/folders/n4/43n_jxh10gg3s770b_8jbzb80000gn/T/fc-team-coverage-h4p1_m9a.png'
37:46.739  render           | Saved: '/Users/mohammedkalouti/Documents/Codex/2026-09-27/i/work/art/aircraft-final-production-v3/stage/assets/build/frames/unit.SA.gunship/shadow/damaged_empty/d12_f00.png'
37:47.415  render           | Saved: '/Users/mohammedkalouti/Documents/Codex/2026-09-27/i/work/art/aircraft-final-production-v3/stage/assets/build/frames/unit.SA.gunship/beauty/damaged_empty/d12_f01.png'
37:47.914  render           | Saved: '/Users/mohammedkalouti/Documents/Codex/2026-09-27/i/work/art/aircraft-final-production-v3/stage/assets/build/frames/unit.SA.gunship/team/damaged_empty/d12_f01.png'
37:48.176  render           | Saved: '/var/folders/n4/43n_jxh10gg3s770b_8jbzb80000gn/T/fc-team-coverage-ti92_lh2.png'
37:49.130  render           | Saved: '/Users/mohammedkalouti/Documents/Codex/2026-09-27/i/work/art/aircraft-final-production-v3/stage/assets/build/frames/unit.SA.gunship/shadow/damaged_empty/d12_f01.png'
37:49.836  render           | Saved: '/Users/mohammedkalouti/Documents/Codex/2026-09-27/i/work/art/aircraft-final-production-v3/stage/assets/build/frames/unit.SA.gunship/beauty/damaged_empty/d12_f02.png'
37:50.356  render           | Saved: '/Users/mohammedkalouti/Documents/Codex/2026-09-27/i/work/art/aircraft-final-production-v3/stage/assets/build/frames/unit.SA.gunship/team/damaged_empty/d12_f02.png'
37:50.627  render           | Saved: '/var/folders/n4/43n_jxh10gg3s770b_8jbzb80000gn/T/fc-team-coverage-as1waswj.png'
37:51.566  render           | Saved: '/Users/mohammedkalouti/Documents/Codex/2026-09-27/i/work/art/aircraft-final-production-v3/stage/assets/build/frames/unit.SA.gunship/shadow/damaged_empty/d12_f02.png'
37:52.254  render           | Saved: '/Users/mohammedkalouti/Documents/Codex/2026-09-27/i/work/art/aircraft-final-production-v3/stage/assets/build/frames/unit.SA.gunship/beauty/damaged_empty/d12_f03.png'
37:52.773  render           | Saved: '/Users/mohammedkalouti/Documents/Codex/2026-09-27/i/work/art/aircraft-final-production-v3/stage/assets/build/frames/unit.SA.gunship/team/damaged_empty/d12_f03.png'
37:53.057  render           | Saved: '/var/folders/n4/43n_jxh10gg3s770b_8jbzb80000gn/T/fc-team-coverage-yqtvbqvj.png'
37:54.105  render           | Saved: '/Users/mohammedkalouti/Documents/Codex/2026-09-27/i/work/art/aircraft-final-production-v3/stage/assets/build/frames/unit.SA.gunship/shadow/damaged_empty/d12_f03.png'
37:54.842  render           | Saved: '/Users/mohammedkalouti/Documents/Codex/2026-09-27/i/work/art/aircraft-final-production-v3/stage/assets/build/frames/unit.SA.gunship/beauty/damaged_empty/d13_f00.png'
37:55.376  render           | Saved: '/Users/mohammedkalouti/Documents/Codex/2026-09-27/i/work/art/aircraft-final-production-v3/stage/assets/build/frames/unit.SA.gunship/team/damaged_empty/d13_f00.png'
37:55.650  render           | Saved: '/var/folders/n4/43n_jxh10gg3s770b_8jbzb80000gn/T/fc-team-coverage-o4rdfbdx.png'
37:56.590  render           | Saved: '/Users/mohammedkalouti/Documents/Codex/2026-09-27/i/work/art/aircraft-final-production-v3/stage/assets/build/frames/unit.SA.gunship/shadow/damaged_empty/d13_f00.png'
37:57.283  render           | Saved: '/Users/mohammedkalouti/Documents/Codex/2026-09-27/i/work/art/aircraft-final-production-v3/stage/assets/build/frames/unit.SA.gunship/beauty/damaged_empty/d13_f01.png'
37:57.810  render           | Saved: '/Users/mohammedkalouti/Documents/Codex/2026-09-27/i/work/art/aircraft-final-production-v3/stage/assets/build/frames/unit.SA.gunship/team/damaged_empty/d13_f01.png'
37:58.086  render           | Saved: '/var/folders/n4/43n_jxh10gg3s770b_8jbzb80000gn/T/fc-team-coverage-q4kg7dur.png'
37:59.016  render           | Saved: '/Users/mohammedkalouti/Documents/Codex/2026-09-27/i/work/art/aircraft-final-production-v3/stage/assets/build/frames/unit.SA.gunship/shadow/damaged_empty/d13_f01.png'
37:59.747  render           | Saved: '/Users/mohammedkalouti/Documents/Codex/2026-09-27/i/work/art/aircraft-final-production-v3/stage/assets/build/frames/unit.SA.gunship/beauty/damaged_empty/d13_f02.png'
38:00.271  render           | Saved: '/Users/mohammedkalouti/Documents/Codex/2026-09-27/i/work/art/aircraft-final-production-v3/stage/assets/build/frames/unit.SA.gunship/team/damaged_empty/d13_f02.png'
38:00.550  render           | Saved: '/var/folders/n4/43n_jxh10gg3s770b_8jbzb80000gn/T/fc-team-coverage-hsgpc4x7.png'
38:01.489  render           | Saved: '/Users/mohammedkalouti/Documents/Codex/2026-09-27/i/work/art/aircraft-final-production-v3/stage/assets/build/frames/unit.SA.gunship/shadow/damaged_empty/d13_f02.png'
38:02.175  render           | Saved: '/Users/mohammedkalouti/Documents/Codex/2026-09-27/i/work/art/aircraft-final-production-v3/stage/assets/build/frames/unit.SA.gunship/beauty/damaged_empty/d13_f03.png'
38:02.689  render           | Saved: '/Users/mohammedkalouti/Documents/Codex/2026-09-27/i/work/art/aircraft-final-production-v3/stage/assets/build/frames/unit.SA.gunship/team/damaged_empty/d13_f03.png'
38:02.967  render           | Saved: '/var/folders/n4/43n_jxh10gg3s770b_8jbzb80000gn/T/fc-team-coverage-v4r5k82_.png'
38:03.911  render           | Saved: '/Users/mohammedkalouti/Documents/Codex/2026-09-27/i/work/art/aircraft-final-production-v3/stage/assets/build/frames/unit.SA.gunship/shadow/damaged_empty/d13_f03.png'
38:04.607  render           | Saved: '/Users/mohammedkalouti/Documents/Codex/2026-09-27/i/work/art/aircraft-final-production-v3/stage/assets/build/frames/unit.SA.gunship/beauty/damaged_empty/d14_f00.png'
38:05.153  render           | Saved: '/Users/mohammedkalouti/Documents/Codex/2026-09-27/i/work/art/aircraft-final-production-v3/stage/assets/build/frames/unit.SA.gunship/team/damaged_empty/d14_f00.png'
38:05.444  render           | Saved: '/var/folders/n4/43n_jxh10gg3s770b_8jbzb80000gn/T/fc-team-coverage-6rukw47c.png'
38:06.427  render           | Saved: '/Users/mohammedkalouti/Documents/Codex/2026-09-27/i/work/art/aircraft-final-production-v3/stage/assets/build/frames/unit.SA.gunship/shadow/damaged_empty/d14_f00.png'
38:07.143  render           | Saved: '/Users/mohammedkalouti/Documents/Codex/2026-09-27/i/work/art/aircraft-final-production-v3/stage/assets/build/frames/unit.SA.gunship/beauty/damaged_empty/d14_f01.png'
38:07.659  render           | Saved: '/Users/mohammedkalouti/Documents/Codex/2026-09-27/i/work/art/aircraft-final-production-v3/stage/assets/build/frames/unit.SA.gunship/team/damaged_empty/d14_f01.png'
38:07.929  render           | Saved: '/var/folders/n4/43n_jxh10gg3s770b_8jbzb80000gn/T/fc-team-coverage-y8isqfiy.png'
38:08.853  render           | Saved: '/Users/mohammedkalouti/Documents/Codex/2026-09-27/i/work/art/aircraft-final-production-v3/stage/assets/build/frames/unit.SA.gunship/shadow/damaged_empty/d14_f01.png'
38:09.572  render           | Saved: '/Users/mohammedkalouti/Documents/Codex/2026-09-27/i/work/art/aircraft-final-production-v3/stage/assets/build/frames/unit.SA.gunship/beauty/damaged_empty/d14_f02.png'
38:10.107  render           | Saved: '/Users/mohammedkalouti/Documents/Codex/2026-09-27/i/work/art/aircraft-final-production-v3/stage/assets/build/frames/unit.SA.gunship/team/damaged_empty/d14_f02.png'
38:10.388  render           | Saved: '/var/folders/n4/43n_jxh10gg3s770b_8jbzb80000gn/T/fc-team-coverage-sd9lene5.png'
38:11.328  render           | Saved: '/Users/mohammedkalouti/Documents/Codex/2026-09-27/i/work/art/aircraft-final-production-v3/stage/assets/build/frames/unit.SA.gunship/shadow/damaged_empty/d14_f02.png'
38:12.046  render           | Saved: '/Users/mohammedkalouti/Documents/Codex/2026-09-27/i/work/art/aircraft-final-production-v3/stage/assets/build/frames/unit.SA.gunship/beauty/damaged_empty/d14_f03.png'
38:12.574  render           | Saved: '/Users/mohammedkalouti/Documents/Codex/2026-09-27/i/work/art/aircraft-final-production-v3/stage/assets/build/frames/unit.SA.gunship/team/damaged_empty/d14_f03.png'
38:12.842  render           | Saved: '/var/folders/n4/43n_jxh10gg3s770b_8jbzb80000gn/T/fc-team-coverage-6gi67t13.png'
38:13.784  render           | Saved: '/Users/mohammedkalouti/Documents/Codex/2026-09-27/i/work/art/aircraft-final-production-v3/stage/assets/build/frames/unit.SA.gunship/shadow/damaged_empty/d14_f03.png'
38:14.477  render           | Saved: '/Users/mohammedkalouti/Documents/Codex/2026-09-27/i/work/art/aircraft-final-production-v3/stage/assets/build/frames/unit.SA.gunship/beauty/damaged_empty/d15_f00.png'
38:14.995  render           | Saved: '/Users/mohammedkalouti/Documents/Codex/2026-09-27/i/work/art/aircraft-final-production-v3/stage/assets/build/frames/unit.SA.gunship/team/damaged_empty/d15_f00.png'
38:15.262  render           | Saved: '/var/folders/n4/43n_jxh10gg3s770b_8jbzb80000gn/T/fc-team-coverage-rpvvvehm.png'
38:16.191  render           | Saved: '/Users/mohammedkalouti/Documents/Codex/2026-09-27/i/work/art/aircraft-final-production-v3/stage/assets/build/frames/unit.SA.gunship/shadow/damaged_empty/d15_f00.png'
38:16.881  render           | Saved: '/Users/mohammedkalouti/Documents/Codex/2026-09-27/i/work/art/aircraft-final-production-v3/stage/assets/build/frames/unit.SA.gunship/beauty/damaged_empty/d15_f01.png'
38:17.610  render           | Saved: '/Users/mohammedkalouti/Documents/Codex/2026-09-27/i/work/art/aircraft-final-production-v3/stage/assets/build/frames/unit.SA.gunship/team/damaged_empty/d15_f01.png'
38:17.887  render           | Saved: '/var/folders/n4/43n_jxh10gg3s770b_8jbzb80000gn/T/fc-team-coverage-n2840a9j.png'
38:18.937  render           | Saved: '/Users/mohammedkalouti/Documents/Codex/2026-09-27/i/work/art/aircraft-final-production-v3/stage/assets/build/frames/unit.SA.gunship/shadow/damaged_empty/d15_f01.png'
38:19.672  render           | Saved: '/Users/mohammedkalouti/Documents/Codex/2026-09-27/i/work/art/aircraft-final-production-v3/stage/assets/build/frames/unit.SA.gunship/beauty/damaged_empty/d15_f02.png'
38:20.228  render           | Saved: '/Users/mohammedkalouti/Documents/Codex/2026-09-27/i/work/art/aircraft-final-production-v3/stage/assets/build/frames/unit.SA.gunship/team/damaged_empty/d15_f02.png'
38:20.515  render           | Saved: '/var/folders/n4/43n_jxh10gg3s770b_8jbzb80000gn/T/fc-team-coverage-svb8c2re.png'
38:21.495  render           | Saved: '/Users/mohammedkalouti/Documents/Codex/2026-09-27/i/work/art/aircraft-final-production-v3/stage/assets/build/frames/unit.SA.gunship/shadow/damaged_empty/d15_f02.png'
38:22.239  render           | Saved: '/Users/mohammedkalouti/Documents/Codex/2026-09-27/i/work/art/aircraft-final-production-v3/stage/assets/build/frames/unit.SA.gunship/beauty/damaged_empty/d15_f03.png'
38:22.782  render           | Saved: '/Users/mohammedkalouti/Documents/Codex/2026-09-27/i/work/art/aircraft-final-production-v3/stage/assets/build/frames/unit.SA.gunship/team/damaged_empty/d15_f03.png'
38:23.076  render           | Saved: '/var/folders/n4/43n_jxh10gg3s770b_8jbzb80000gn/T/fc-team-coverage-yqgasmgk.png'
38:24.026  render           | Saved: '/Users/mohammedkalouti/Documents/Codex/2026-09-27/i/work/art/aircraft-final-production-v3/stage/assets/build/frames/unit.SA.gunship/shadow/damaged_empty/d15_f03.png'
38:24.680  render           | Saved: '/Users/mohammedkalouti/Documents/Codex/2026-09-27/i/work/art/aircraft-final-production-v3/stage/assets/build/frames/unit.SA.gunship/beauty/rearm_empty/d00_f00.png'
38:25.255  render           | Saved: '/Users/mohammedkalouti/Documents/Codex/2026-09-27/i/work/art/aircraft-final-production-v3/stage/assets/build/frames/unit.SA.gunship/team/rearm_empty/d00_f00.png'
38:26.560  render           | Saved: '/Users/mohammedkalouti/Documents/Codex/2026-09-27/i/work/art/aircraft-final-production-v3/stage/assets/build/frames/unit.SA.gunship/shadow/rearm_empty/d00_f00.png'
38:27.421  render           | Saved: '/Users/mohammedkalouti/Documents/Codex/2026-09-27/i/work/art/aircraft-final-production-v3/stage/assets/build/frames/unit.SA.gunship/beauty/rearm_empty/d00_f01.png'
38:28.217  render           | Saved: '/Users/mohammedkalouti/Documents/Codex/2026-09-27/i/work/art/aircraft-final-production-v3/stage/assets/build/frames/unit.SA.gunship/team/rearm_empty/d00_f01.png'
38:29.787  render           | Saved: '/Users/mohammedkalouti/Documents/Codex/2026-09-27/i/work/art/aircraft-final-production-v3/stage/assets/build/frames/unit.SA.gunship/shadow/rearm_empty/d00_f01.png'
38:30.602  render           | Saved: '/Users/mohammedkalouti/Documents/Codex/2026-09-27/i/work/art/aircraft-final-production-v3/stage/assets/build/frames/unit.SA.gunship/beauty/rearm_empty/d00_f02.png'
38:31.210  render           | Saved: '/Users/mohammedkalouti/Documents/Codex/2026-09-27/i/work/art/aircraft-final-production-v3/stage/assets/build/frames/unit.SA.gunship/team/rearm_empty/d00_f02.png'
38:32.265  render           | Saved: '/Users/mohammedkalouti/Documents/Codex/2026-09-27/i/work/art/aircraft-final-production-v3/stage/assets/build/frames/unit.SA.gunship/shadow/rearm_empty/d00_f02.png'
38:32.922  render           | Saved: '/Users/mohammedkalouti/Documents/Codex/2026-09-27/i/work/art/aircraft-final-production-v3/stage/assets/build/frames/unit.SA.gunship/beauty/rearm_empty/d00_f03.png'
38:33.505  render           | Saved: '/Users/mohammedkalouti/Documents/Codex/2026-09-27/i/work/art/aircraft-final-production-v3/stage/assets/build/frames/unit.SA.gunship/team/rearm_empty/d00_f03.png'
38:34.591  render           | Saved: '/Users/mohammedkalouti/Documents/Codex/2026-09-27/i/work/art/aircraft-final-production-v3/stage/assets/build/frames/unit.SA.gunship/shadow/rearm_empty/d00_f03.png'
38:35.307  render           | Saved: '/Users/mohammedkalouti/Documents/Codex/2026-09-27/i/work/art/aircraft-final-production-v3/stage/assets/build/frames/unit.SA.gunship/beauty/rearm_empty/d00_f04.png'
38:35.893  render           | Saved: '/Users/mohammedkalouti/Documents/Codex/2026-09-27/i/work/art/aircraft-final-production-v3/stage/assets/build/frames/unit.SA.gunship/team/rearm_empty/d00_f04.png'
38:36.918  render           | Saved: '/Users/mohammedkalouti/Documents/Codex/2026-09-27/i/work/art/aircraft-final-production-v3/stage/assets/build/frames/unit.SA.gunship/shadow/rearm_empty/d00_f04.png'
38:37.615  render           | Saved: '/Users/mohammedkalouti/Documents/Codex/2026-09-27/i/work/art/aircraft-final-production-v3/stage/assets/build/frames/unit.SA.gunship/beauty/rearm_empty/d00_f05.png'
38:38.216  render           | Saved: '/Users/mohammedkalouti/Documents/Codex/2026-09-27/i/work/art/aircraft-final-production-v3/stage/assets/build/frames/unit.SA.gunship/team/rearm_empty/d00_f05.png'
38:39.340  render           | Saved: '/Users/mohammedkalouti/Documents/Codex/2026-09-27/i/work/art/aircraft-final-production-v3/stage/assets/build/frames/unit.SA.gunship/shadow/rearm_empty/d00_f05.png'
38:40.061  render           | Saved: '/Users/mohammedkalouti/Documents/Codex/2026-09-27/i/work/art/aircraft-final-production-v3/stage/assets/build/frames/unit.SA.gunship/beauty/rearm_empty/d01_f00.png'
38:40.641  render           | Saved: '/Users/mohammedkalouti/Documents/Codex/2026-09-27/i/work/art/aircraft-final-production-v3/stage/assets/build/frames/unit.SA.gunship/team/rearm_empty/d01_f00.png'
38:41.676  render           | Saved: '/Users/mohammedkalouti/Documents/Codex/2026-09-27/i/work/art/aircraft-final-production-v3/stage/assets/build/frames/unit.SA.gunship/shadow/rearm_empty/d01_f00.png'
38:42.366  render           | Saved: '/Users/mohammedkalouti/Documents/Codex/2026-09-27/i/work/art/aircraft-final-production-v3/stage/assets/build/frames/unit.SA.gunship/beauty/rearm_empty/d01_f01.png'
38:43.032  render           | Saved: '/Users/mohammedkalouti/Documents/Codex/2026-09-27/i/work/art/aircraft-final-production-v3/stage/assets/build/frames/unit.SA.gunship/team/rearm_empty/d01_f01.png'
38:44.133  render           | Saved: '/Users/mohammedkalouti/Documents/Codex/2026-09-27/i/work/art/aircraft-final-production-v3/stage/assets/build/frames/unit.SA.gunship/shadow/rearm_empty/d01_f01.png'
38:44.773  render           | Saved: '/Users/mohammedkalouti/Documents/Codex/2026-09-27/i/work/art/aircraft-final-production-v3/stage/assets/build/frames/unit.SA.gunship/beauty/rearm_empty/d01_f02.png'
38:45.318  render           | Saved: '/Users/mohammedkalouti/Documents/Codex/2026-09-27/i/work/art/aircraft-final-production-v3/stage/assets/build/frames/unit.SA.gunship/team/rearm_empty/d01_f02.png'
38:46.329  render           | Saved: '/Users/mohammedkalouti/Documents/Codex/2026-09-27/i/work/art/aircraft-final-production-v3/stage/assets/build/frames/unit.SA.gunship/shadow/rearm_empty/d01_f02.png'
38:46.967  render           | Saved: '/Users/mohammedkalouti/Documents/Codex/2026-09-27/i/work/art/aircraft-final-production-v3/stage/assets/build/frames/unit.SA.gunship/beauty/rearm_empty/d01_f03.png'
38:47.514  render           | Saved: '/Users/mohammedkalouti/Documents/Codex/2026-09-27/i/work/art/aircraft-final-production-v3/stage/assets/build/frames/unit.SA.gunship/team/rearm_empty/d01_f03.png'
38:48.523  render           | Saved: '/Users/mohammedkalouti/Documents/Codex/2026-09-27/i/work/art/aircraft-final-production-v3/stage/assets/build/frames/unit.SA.gunship/shadow/rearm_empty/d01_f03.png'
38:49.147  render           | Saved: '/Users/mohammedkalouti/Documents/Codex/2026-09-27/i/work/art/aircraft-final-production-v3/stage/assets/build/frames/unit.SA.gunship/beauty/rearm_empty/d01_f04.png'
38:49.738  render           | Saved: '/Users/mohammedkalouti/Documents/Codex/2026-09-27/i/work/art/aircraft-final-production-v3/stage/assets/build/frames/unit.SA.gunship/team/rearm_empty/d01_f04.png'
38:50.709  render           | Saved: '/Users/mohammedkalouti/Documents/Codex/2026-09-27/i/work/art/aircraft-final-production-v3/stage/assets/build/frames/unit.SA.gunship/shadow/rearm_empty/d01_f04.png'
38:51.315  render           | Saved: '/Users/mohammedkalouti/Documents/Codex/2026-09-27/i/work/art/aircraft-final-production-v3/stage/assets/build/frames/unit.SA.gunship/beauty/rearm_empty/d01_f05.png'
38:51.824  render           | Saved: '/Users/mohammedkalouti/Documents/Codex/2026-09-27/i/work/art/aircraft-final-production-v3/stage/assets/build/frames/unit.SA.gunship/team/rearm_empty/d01_f05.png'
38:52.792  render           | Saved: '/Users/mohammedkalouti/Documents/Codex/2026-09-27/i/work/art/aircraft-final-production-v3/stage/assets/build/frames/unit.SA.gunship/shadow/rearm_empty/d01_f05.png'
38:53.404  render           | Saved: '/Users/mohammedkalouti/Documents/Codex/2026-09-27/i/work/art/aircraft-final-production-v3/stage/assets/build/frames/unit.SA.gunship/beauty/rearm_empty/d02_f00.png'
38:53.933  render           | Saved: '/Users/mohammedkalouti/Documents/Codex/2026-09-27/i/work/art/aircraft-final-production-v3/stage/assets/build/frames/unit.SA.gunship/team/rearm_empty/d02_f00.png'
38:54.898  render           | Saved: '/Users/mohammedkalouti/Documents/Codex/2026-09-27/i/work/art/aircraft-final-production-v3/stage/assets/build/frames/unit.SA.gunship/shadow/rearm_empty/d02_f00.png'
38:55.523  render           | Saved: '/Users/mohammedkalouti/Documents/Codex/2026-09-27/i/work/art/aircraft-final-production-v3/stage/assets/build/frames/unit.SA.gunship/beauty/rearm_empty/d02_f01.png'
38:56.054  render           | Saved: '/Users/mohammedkalouti/Documents/Codex/2026-09-27/i/work/art/aircraft-final-production-v3/stage/assets/build/frames/unit.SA.gunship/team/rearm_empty/d02_f01.png'
38:57.038  render           | Saved: '/Users/mohammedkalouti/Documents/Codex/2026-09-27/i/work/art/aircraft-final-production-v3/stage/assets/build/frames/unit.SA.gunship/shadow/rearm_empty/d02_f01.png'
38:57.651  render           | Saved: '/Users/mohammedkalouti/Documents/Codex/2026-09-27/i/work/art/aircraft-final-production-v3/stage/assets/build/frames/unit.SA.gunship/beauty/rearm_empty/d02_f02.png'
38:58.174  render           | Saved: '/Users/mohammedkalouti/Documents/Codex/2026-09-27/i/work/art/aircraft-final-production-v3/stage/assets/build/frames/unit.SA.gunship/team/rearm_empty/d02_f02.png'
38:59.139  render           | Saved: '/Users/mohammedkalouti/Documents/Codex/2026-09-27/i/work/art/aircraft-final-production-v3/stage/assets/build/frames/unit.SA.gunship/shadow/rearm_empty/d02_f02.png'
38:59.758  render           | Saved: '/Users/mohammedkalouti/Documents/Codex/2026-09-27/i/work/art/aircraft-final-production-v3/stage/assets/build/frames/unit.SA.gunship/beauty/rearm_empty/d02_f03.png'
39:00.311  render           | Saved: '/Users/mohammedkalouti/Documents/Codex/2026-09-27/i/work/art/aircraft-final-production-v3/stage/assets/build/frames/unit.SA.gunship/team/rearm_empty/d02_f03.png'
39:01.280  render           | Saved: '/Users/mohammedkalouti/Documents/Codex/2026-09-27/i/work/art/aircraft-final-production-v3/stage/assets/build/frames/unit.SA.gunship/shadow/rearm_empty/d02_f03.png'
39:01.897  render           | Saved: '/Users/mohammedkalouti/Documents/Codex/2026-09-27/i/work/art/aircraft-final-production-v3/stage/assets/build/frames/unit.SA.gunship/beauty/rearm_empty/d02_f04.png'
39:02.420  render           | Saved: '/Users/mohammedkalouti/Documents/Codex/2026-09-27/i/work/art/aircraft-final-production-v3/stage/assets/build/frames/unit.SA.gunship/team/rearm_empty/d02_f04.png'
39:03.363  render           | Saved: '/Users/mohammedkalouti/Documents/Codex/2026-09-27/i/work/art/aircraft-final-production-v3/stage/assets/build/frames/unit.SA.gunship/shadow/rearm_empty/d02_f04.png'
39:04.024  render           | Saved: '/Users/mohammedkalouti/Documents/Codex/2026-09-27/i/work/art/aircraft-final-production-v3/stage/assets/build/frames/unit.SA.gunship/beauty/rearm_empty/d02_f05.png'
39:04.557  render           | Saved: '/Users/mohammedkalouti/Documents/Codex/2026-09-27/i/work/art/aircraft-final-production-v3/stage/assets/build/frames/unit.SA.gunship/team/rearm_empty/d02_f05.png'
39:05.506  render           | Saved: '/Users/mohammedkalouti/Documents/Codex/2026-09-27/i/work/art/aircraft-final-production-v3/stage/assets/build/frames/unit.SA.gunship/shadow/rearm_empty/d02_f05.png'
39:06.105  render           | Saved: '/Users/mohammedkalouti/Documents/Codex/2026-09-27/i/work/art/aircraft-final-production-v3/stage/assets/build/frames/unit.SA.gunship/beauty/rearm_empty/d03_f01.png'
39:06.618  render           | Saved: '/Users/mohammedkalouti/Documents/Codex/2026-09-27/i/work/art/aircraft-final-production-v3/stage/assets/build/frames/unit.SA.gunship/team/rearm_empty/d03_f01.png'
39:07.586  render           | Saved: '/Users/mohammedkalouti/Documents/Codex/2026-09-27/i/work/art/aircraft-final-production-v3/stage/assets/build/frames/unit.SA.gunship/shadow/rearm_empty/d03_f01.png'
39:08.202  render           | Saved: '/Users/mohammedkalouti/Documents/Codex/2026-09-27/i/work/art/aircraft-final-production-v3/stage/assets/build/frames/unit.SA.gunship/beauty/rearm_empty/d03_f02.png'
39:08.725  render           | Saved: '/Users/mohammedkalouti/Documents/Codex/2026-09-27/i/work/art/aircraft-final-production-v3/stage/assets/build/frames/unit.SA.gunship/team/rearm_empty/d03_f02.png'
39:09.696  render           | Saved: '/Users/mohammedkalouti/Documents/Codex/2026-09-27/i/work/art/aircraft-final-production-v3/stage/assets/build/frames/unit.SA.gunship/shadow/rearm_empty/d03_f02.png'
39:10.324  render           | Saved: '/Users/mohammedkalouti/Documents/Codex/2026-09-27/i/work/art/aircraft-final-production-v3/stage/assets/build/frames/unit.SA.gunship/beauty/rearm_empty/d03_f04.png'
39:10.848  render           | Saved: '/Users/mohammedkalouti/Documents/Codex/2026-09-27/i/work/art/aircraft-final-production-v3/stage/assets/build/frames/unit.SA.gunship/team/rearm_empty/d03_f04.png'
39:11.846  render           | Saved: '/Users/mohammedkalouti/Documents/Codex/2026-09-27/i/work/art/aircraft-final-production-v3/stage/assets/build/frames/unit.SA.gunship/shadow/rearm_empty/d03_f04.png'
39:12.439  render           | Saved: '/Users/mohammedkalouti/Documents/Codex/2026-09-27/i/work/art/aircraft-final-production-v3/stage/assets/build/frames/unit.SA.gunship/beauty/rearm_empty/d03_f05.png'
39:12.953  render           | Saved: '/Users/mohammedkalouti/Documents/Codex/2026-09-27/i/work/art/aircraft-final-production-v3/stage/assets/build/frames/unit.SA.gunship/team/rearm_empty/d03_f05.png'
39:13.963  render           | Saved: '/Users/mohammedkalouti/Documents/Codex/2026-09-27/i/work/art/aircraft-final-production-v3/stage/assets/build/frames/unit.SA.gunship/shadow/rearm_empty/d03_f05.png'
39:14.599  render           | Saved: '/Users/mohammedkalouti/Documents/Codex/2026-09-27/i/work/art/aircraft-final-production-v3/stage/assets/build/frames/unit.SA.gunship/beauty/rearm_empty/d04_f00.png'
39:15.137  render           | Saved: '/Users/mohammedkalouti/Documents/Codex/2026-09-27/i/work/art/aircraft-final-production-v3/stage/assets/build/frames/unit.SA.gunship/team/rearm_empty/d04_f00.png'
39:16.104  render           | Saved: '/Users/mohammedkalouti/Documents/Codex/2026-09-27/i/work/art/aircraft-final-production-v3/stage/assets/build/frames/unit.SA.gunship/shadow/rearm_empty/d04_f00.png'
39:16.718  render           | Saved: '/Users/mohammedkalouti/Documents/Codex/2026-09-27/i/work/art/aircraft-final-production-v3/stage/assets/build/frames/unit.SA.gunship/beauty/rearm_empty/d04_f01.png'
39:17.235  render           | Saved: '/Users/mohammedkalouti/Documents/Codex/2026-09-27/i/work/art/aircraft-final-production-v3/stage/assets/build/frames/unit.SA.gunship/team/rearm_empty/d04_f01.png'
39:18.178  render           | Saved: '/Users/mohammedkalouti/Documents/Codex/2026-09-27/i/work/art/aircraft-final-production-v3/stage/assets/build/frames/unit.SA.gunship/shadow/rearm_empty/d04_f01.png'
39:18.792  render           | Saved: '/Users/mohammedkalouti/Documents/Codex/2026-09-27/i/work/art/aircraft-final-production-v3/stage/assets/build/frames/unit.SA.gunship/beauty/rearm_empty/d04_f02.png'
39:19.345  render           | Saved: '/Users/mohammedkalouti/Documents/Codex/2026-09-27/i/work/art/aircraft-final-production-v3/stage/assets/build/frames/unit.SA.gunship/team/rearm_empty/d04_f02.png'
39:20.306  render           | Saved: '/Users/mohammedkalouti/Documents/Codex/2026-09-27/i/work/art/aircraft-final-production-v3/stage/assets/build/frames/unit.SA.gunship/shadow/rearm_empty/d04_f02.png'
39:20.961  render           | Saved: '/Users/mohammedkalouti/Documents/Codex/2026-09-27/i/work/art/aircraft-final-production-v3/stage/assets/build/frames/unit.SA.gunship/beauty/rearm_empty/d04_f03.png'
39:21.473  render           | Saved: '/Users/mohammedkalouti/Documents/Codex/2026-09-27/i/work/art/aircraft-final-production-v3/stage/assets/build/frames/unit.SA.gunship/team/rearm_empty/d04_f03.png'
39:22.428  render           | Saved: '/Users/mohammedkalouti/Documents/Codex/2026-09-27/i/work/art/aircraft-final-production-v3/stage/assets/build/frames/unit.SA.gunship/shadow/rearm_empty/d04_f03.png'
39:23.054  render           | Saved: '/Users/mohammedkalouti/Documents/Codex/2026-09-27/i/work/art/aircraft-final-production-v3/stage/assets/build/frames/unit.SA.gunship/beauty/rearm_empty/d04_f04.png'
39:23.632  render           | Saved: '/Users/mohammedkalouti/Documents/Codex/2026-09-27/i/work/art/aircraft-final-production-v3/stage/assets/build/frames/unit.SA.gunship/team/rearm_empty/d04_f04.png'
39:24.571  render           | Saved: '/Users/mohammedkalouti/Documents/Codex/2026-09-27/i/work/art/aircraft-final-production-v3/stage/assets/build/frames/unit.SA.gunship/shadow/rearm_empty/d04_f04.png'
39:25.176  render           | Saved: '/Users/mohammedkalouti/Documents/Codex/2026-09-27/i/work/art/aircraft-final-production-v3/stage/assets/build/frames/unit.SA.gunship/beauty/rearm_empty/d04_f05.png'
39:25.697  render           | Saved: '/Users/mohammedkalouti/Documents/Codex/2026-09-27/i/work/art/aircraft-final-production-v3/stage/assets/build/frames/unit.SA.gunship/team/rearm_empty/d04_f05.png'
39:26.668  render           | Saved: '/Users/mohammedkalouti/Documents/Codex/2026-09-27/i/work/art/aircraft-final-production-v3/stage/assets/build/frames/unit.SA.gunship/shadow/rearm_empty/d04_f05.png'
39:27.276  render           | Saved: '/Users/mohammedkalouti/Documents/Codex/2026-09-27/i/work/art/aircraft-final-production-v3/stage/assets/build/frames/unit.SA.gunship/beauty/rearm_empty/d05_f00.png'
39:27.808  render           | Saved: '/Users/mohammedkalouti/Documents/Codex/2026-09-27/i/work/art/aircraft-final-production-v3/stage/assets/build/frames/unit.SA.gunship/team/rearm_empty/d05_f00.png'
39:28.780  render           | Saved: '/Users/mohammedkalouti/Documents/Codex/2026-09-27/i/work/art/aircraft-final-production-v3/stage/assets/build/frames/unit.SA.gunship/shadow/rearm_empty/d05_f00.png'
39:29.407  render           | Saved: '/Users/mohammedkalouti/Documents/Codex/2026-09-27/i/work/art/aircraft-final-production-v3/stage/assets/build/frames/unit.SA.gunship/beauty/rearm_empty/d05_f01.png'
39:29.938  render           | Saved: '/Users/mohammedkalouti/Documents/Codex/2026-09-27/i/work/art/aircraft-final-production-v3/stage/assets/build/frames/unit.SA.gunship/team/rearm_empty/d05_f01.png'
39:30.893  render           | Saved: '/Users/mohammedkalouti/Documents/Codex/2026-09-27/i/work/art/aircraft-final-production-v3/stage/assets/build/frames/unit.SA.gunship/shadow/rearm_empty/d05_f01.png'
39:31.525  render           | Saved: '/Users/mohammedkalouti/Documents/Codex/2026-09-27/i/work/art/aircraft-final-production-v3/stage/assets/build/frames/unit.SA.gunship/beauty/rearm_empty/d05_f02.png'
39:32.044  render           | Saved: '/Users/mohammedkalouti/Documents/Codex/2026-09-27/i/work/art/aircraft-final-production-v3/stage/assets/build/frames/unit.SA.gunship/team/rearm_empty/d05_f02.png'
39:33.060  render           | Saved: '/Users/mohammedkalouti/Documents/Codex/2026-09-27/i/work/art/aircraft-final-production-v3/stage/assets/build/frames/unit.SA.gunship/shadow/rearm_empty/d05_f02.png'
39:33.686  render           | Saved: '/Users/mohammedkalouti/Documents/Codex/2026-09-27/i/work/art/aircraft-final-production-v3/stage/assets/build/frames/unit.SA.gunship/beauty/rearm_empty/d05_f03.png'
39:34.257  render           | Saved: '/Users/mohammedkalouti/Documents/Codex/2026-09-27/i/work/art/aircraft-final-production-v3/stage/assets/build/frames/unit.SA.gunship/team/rearm_empty/d05_f03.png'
39:35.220  render           | Saved: '/Users/mohammedkalouti/Documents/Codex/2026-09-27/i/work/art/aircraft-final-production-v3/stage/assets/build/frames/unit.SA.gunship/shadow/rearm_empty/d05_f03.png'
39:35.842  render           | Saved: '/Users/mohammedkalouti/Documents/Codex/2026-09-27/i/work/art/aircraft-final-production-v3/stage/assets/build/frames/unit.SA.gunship/beauty/rearm_empty/d05_f04.png'
39:36.374  render           | Saved: '/Users/mohammedkalouti/Documents/Codex/2026-09-27/i/work/art/aircraft-final-production-v3/stage/assets/build/frames/unit.SA.gunship/team/rearm_empty/d05_f04.png'
39:37.336  render           | Saved: '/Users/mohammedkalouti/Documents/Codex/2026-09-27/i/work/art/aircraft-final-production-v3/stage/assets/build/frames/unit.SA.gunship/shadow/rearm_empty/d05_f04.png'
39:37.953  render           | Saved: '/Users/mohammedkalouti/Documents/Codex/2026-09-27/i/work/art/aircraft-final-production-v3/stage/assets/build/frames/unit.SA.gunship/beauty/rearm_empty/d05_f05.png'
39:38.480  render           | Saved: '/Users/mohammedkalouti/Documents/Codex/2026-09-27/i/work/art/aircraft-final-production-v3/stage/assets/build/frames/unit.SA.gunship/team/rearm_empty/d05_f05.png'
39:39.452  render           | Saved: '/Users/mohammedkalouti/Documents/Codex/2026-09-27/i/work/art/aircraft-final-production-v3/stage/assets/build/frames/unit.SA.gunship/shadow/rearm_empty/d05_f05.png'
39:40.109  render           | Saved: '/Users/mohammedkalouti/Documents/Codex/2026-09-27/i/work/art/aircraft-final-production-v3/stage/assets/build/frames/unit.SA.gunship/beauty/rearm_empty/d06_f00.png'
39:40.641  render           | Saved: '/Users/mohammedkalouti/Documents/Codex/2026-09-27/i/work/art/aircraft-final-production-v3/stage/assets/build/frames/unit.SA.gunship/team/rearm_empty/d06_f00.png'
39:41.611  render           | Saved: '/Users/mohammedkalouti/Documents/Codex/2026-09-27/i/work/art/aircraft-final-production-v3/stage/assets/build/frames/unit.SA.gunship/shadow/rearm_empty/d06_f00.png'
39:42.209  render           | Saved: '/Users/mohammedkalouti/Documents/Codex/2026-09-27/i/work/art/aircraft-final-production-v3/stage/assets/build/frames/unit.SA.gunship/beauty/rearm_empty/d06_f01.png'
39:42.737  render           | Saved: '/Users/mohammedkalouti/Documents/Codex/2026-09-27/i/work/art/aircraft-final-production-v3/stage/assets/build/frames/unit.SA.gunship/team/rearm_empty/d06_f01.png'
39:43.698  render           | Saved: '/Users/mohammedkalouti/Documents/Codex/2026-09-27/i/work/art/aircraft-final-production-v3/stage/assets/build/frames/unit.SA.gunship/shadow/rearm_empty/d06_f01.png'
39:44.339  render           | Saved: '/Users/mohammedkalouti/Documents/Codex/2026-09-27/i/work/art/aircraft-final-production-v3/stage/assets/build/frames/unit.SA.gunship/beauty/rearm_empty/d06_f02.png'
39:44.896  render           | Saved: '/Users/mohammedkalouti/Documents/Codex/2026-09-27/i/work/art/aircraft-final-production-v3/stage/assets/build/frames/unit.SA.gunship/team/rearm_empty/d06_f02.png'
39:45.852  render           | Saved: '/Users/mohammedkalouti/Documents/Codex/2026-09-27/i/work/art/aircraft-final-production-v3/stage/assets/build/frames/unit.SA.gunship/shadow/rearm_empty/d06_f02.png'
39:46.481  render           | Saved: '/Users/mohammedkalouti/Documents/Codex/2026-09-27/i/work/art/aircraft-final-production-v3/stage/assets/build/frames/unit.SA.gunship/beauty/rearm_empty/d06_f03.png'
39:47.024  render           | Saved: '/Users/mohammedkalouti/Documents/Codex/2026-09-27/i/work/art/aircraft-final-production-v3/stage/assets/build/frames/unit.SA.gunship/team/rearm_empty/d06_f03.png'
39:48.040  render           | Saved: '/Users/mohammedkalouti/Documents/Codex/2026-09-27/i/work/art/aircraft-final-production-v3/stage/assets/build/frames/unit.SA.gunship/shadow/rearm_empty/d06_f03.png'
39:48.677  render           | Saved: '/Users/mohammedkalouti/Documents/Codex/2026-09-27/i/work/art/aircraft-final-production-v3/stage/assets/build/frames/unit.SA.gunship/beauty/rearm_empty/d06_f04.png'
39:49.212  render           | Saved: '/Users/mohammedkalouti/Documents/Codex/2026-09-27/i/work/art/aircraft-final-production-v3/stage/assets/build/frames/unit.SA.gunship/team/rearm_empty/d06_f04.png'
39:50.260  render           | Saved: '/Users/mohammedkalouti/Documents/Codex/2026-09-27/i/work/art/aircraft-final-production-v3/stage/assets/build/frames/unit.SA.gunship/shadow/rearm_empty/d06_f04.png'
39:50.874  render           | Saved: '/Users/mohammedkalouti/Documents/Codex/2026-09-27/i/work/art/aircraft-final-production-v3/stage/assets/build/frames/unit.SA.gunship/beauty/rearm_empty/d06_f05.png'
39:51.409  render           | Saved: '/Users/mohammedkalouti/Documents/Codex/2026-09-27/i/work/art/aircraft-final-production-v3/stage/assets/build/frames/unit.SA.gunship/team/rearm_empty/d06_f05.png'
39:52.384  render           | Saved: '/Users/mohammedkalouti/Documents/Codex/2026-09-27/i/work/art/aircraft-final-production-v3/stage/assets/build/frames/unit.SA.gunship/shadow/rearm_empty/d06_f05.png'
39:53.072  render           | Saved: '/Users/mohammedkalouti/Documents/Codex/2026-09-27/i/work/art/aircraft-final-production-v3/stage/assets/build/frames/unit.SA.gunship/beauty/rearm_empty/d07_f01.png'
39:53.629  render           | Saved: '/Users/mohammedkalouti/Documents/Codex/2026-09-27/i/work/art/aircraft-final-production-v3/stage/assets/build/frames/unit.SA.gunship/team/rearm_empty/d07_f01.png'
39:54.619  render           | Saved: '/Users/mohammedkalouti/Documents/Codex/2026-09-27/i/work/art/aircraft-final-production-v3/stage/assets/build/frames/unit.SA.gunship/shadow/rearm_empty/d07_f01.png'
39:55.252  render           | Saved: '/Users/mohammedkalouti/Documents/Codex/2026-09-27/i/work/art/aircraft-final-production-v3/stage/assets/build/frames/unit.SA.gunship/beauty/rearm_empty/d07_f02.png'
39:55.769  render           | Saved: '/Users/mohammedkalouti/Documents/Codex/2026-09-27/i/work/art/aircraft-final-production-v3/stage/assets/build/frames/unit.SA.gunship/team/rearm_empty/d07_f02.png'
39:56.770  render           | Saved: '/Users/mohammedkalouti/Documents/Codex/2026-09-27/i/work/art/aircraft-final-production-v3/stage/assets/build/frames/unit.SA.gunship/shadow/rearm_empty/d07_f02.png'
39:57.388  render           | Saved: '/Users/mohammedkalouti/Documents/Codex/2026-09-27/i/work/art/aircraft-final-production-v3/stage/assets/build/frames/unit.SA.gunship/beauty/rearm_empty/d07_f04.png'
39:57.917  render           | Saved: '/Users/mohammedkalouti/Documents/Codex/2026-09-27/i/work/art/aircraft-final-production-v3/stage/assets/build/frames/unit.SA.gunship/team/rearm_empty/d07_f04.png'
39:58.884  render           | Saved: '/Users/mohammedkalouti/Documents/Codex/2026-09-27/i/work/art/aircraft-final-production-v3/stage/assets/build/frames/unit.SA.gunship/shadow/rearm_empty/d07_f04.png'
39:59.493  render           | Saved: '/Users/mohammedkalouti/Documents/Codex/2026-09-27/i/work/art/aircraft-final-production-v3/stage/assets/build/frames/unit.SA.gunship/beauty/rearm_empty/d07_f05.png'
40:00.014  render           | Saved: '/Users/mohammedkalouti/Documents/Codex/2026-09-27/i/work/art/aircraft-final-production-v3/stage/assets/build/frames/unit.SA.gunship/team/rearm_empty/d07_f05.png'
40:00.970  render           | Saved: '/Users/mohammedkalouti/Documents/Codex/2026-09-27/i/work/art/aircraft-final-production-v3/stage/assets/build/frames/unit.SA.gunship/shadow/rearm_empty/d07_f05.png'
40:01.625  render           | Saved: '/Users/mohammedkalouti/Documents/Codex/2026-09-27/i/work/art/aircraft-final-production-v3/stage/assets/build/frames/unit.SA.gunship/beauty/rearm_empty/d08_f00.png'
40:02.160  render           | Saved: '/Users/mohammedkalouti/Documents/Codex/2026-09-27/i/work/art/aircraft-final-production-v3/stage/assets/build/frames/unit.SA.gunship/team/rearm_empty/d08_f00.png'
40:03.109  render           | Saved: '/Users/mohammedkalouti/Documents/Codex/2026-09-27/i/work/art/aircraft-final-production-v3/stage/assets/build/frames/unit.SA.gunship/shadow/rearm_empty/d08_f00.png'
40:03.722  render           | Saved: '/Users/mohammedkalouti/Documents/Codex/2026-09-27/i/work/art/aircraft-final-production-v3/stage/assets/build/frames/unit.SA.gunship/beauty/rearm_empty/d08_f01.png'
40:04.294  render           | Saved: '/Users/mohammedkalouti/Documents/Codex/2026-09-27/i/work/art/aircraft-final-production-v3/stage/assets/build/frames/unit.SA.gunship/team/rearm_empty/d08_f01.png'
40:05.256  render           | Saved: '/Users/mohammedkalouti/Documents/Codex/2026-09-27/i/work/art/aircraft-final-production-v3/stage/assets/build/frames/unit.SA.gunship/shadow/rearm_empty/d08_f01.png'
40:05.878  render           | Saved: '/Users/mohammedkalouti/Documents/Codex/2026-09-27/i/work/art/aircraft-final-production-v3/stage/assets/build/frames/unit.SA.gunship/beauty/rearm_empty/d08_f02.png'
40:06.435  render           | Saved: '/Users/mohammedkalouti/Documents/Codex/2026-09-27/i/work/art/aircraft-final-production-v3/stage/assets/build/frames/unit.SA.gunship/team/rearm_empty/d08_f02.png'
40:07.404  render           | Saved: '/Users/mohammedkalouti/Documents/Codex/2026-09-27/i/work/art/aircraft-final-production-v3/stage/assets/build/frames/unit.SA.gunship/shadow/rearm_empty/d08_f02.png'
40:08.019  render           | Saved: '/Users/mohammedkalouti/Documents/Codex/2026-09-27/i/work/art/aircraft-final-production-v3/stage/assets/build/frames/unit.SA.gunship/beauty/rearm_empty/d08_f03.png'
40:08.544  render           | Saved: '/Users/mohammedkalouti/Documents/Codex/2026-09-27/i/work/art/aircraft-final-production-v3/stage/assets/build/frames/unit.SA.gunship/team/rearm_empty/d08_f03.png'
40:09.538  render           | Saved: '/Users/mohammedkalouti/Documents/Codex/2026-09-27/i/work/art/aircraft-final-production-v3/stage/assets/build/frames/unit.SA.gunship/shadow/rearm_empty/d08_f03.png'
40:10.147  render           | Saved: '/Users/mohammedkalouti/Documents/Codex/2026-09-27/i/work/art/aircraft-final-production-v3/stage/assets/build/frames/unit.SA.gunship/beauty/rearm_empty/d08_f04.png'
40:10.666  render           | Saved: '/Users/mohammedkalouti/Documents/Codex/2026-09-27/i/work/art/aircraft-final-production-v3/stage/assets/build/frames/unit.SA.gunship/team/rearm_empty/d08_f04.png'
40:11.664  render           | Saved: '/Users/mohammedkalouti/Documents/Codex/2026-09-27/i/work/art/aircraft-final-production-v3/stage/assets/build/frames/unit.SA.gunship/shadow/rearm_empty/d08_f04.png'
40:12.283  render           | Saved: '/Users/mohammedkalouti/Documents/Codex/2026-09-27/i/work/art/aircraft-final-production-v3/stage/assets/build/frames/unit.SA.gunship/beauty/rearm_empty/d08_f05.png'
40:12.821  render           | Saved: '/Users/mohammedkalouti/Documents/Codex/2026-09-27/i/work/art/aircraft-final-production-v3/stage/assets/build/frames/unit.SA.gunship/team/rearm_empty/d08_f05.png'
40:13.800  render           | Saved: '/Users/mohammedkalouti/Documents/Codex/2026-09-27/i/work/art/aircraft-final-production-v3/stage/assets/build/frames/unit.SA.gunship/shadow/rearm_empty/d08_f05.png'
40:14.421  render           | Saved: '/Users/mohammedkalouti/Documents/Codex/2026-09-27/i/work/art/aircraft-final-production-v3/stage/assets/build/frames/unit.SA.gunship/beauty/rearm_empty/d09_f00.png'
40:14.941  render           | Saved: '/Users/mohammedkalouti/Documents/Codex/2026-09-27/i/work/art/aircraft-final-production-v3/stage/assets/build/frames/unit.SA.gunship/team/rearm_empty/d09_f00.png'
40:15.973  render           | Saved: '/Users/mohammedkalouti/Documents/Codex/2026-09-27/i/work/art/aircraft-final-production-v3/stage/assets/build/frames/unit.SA.gunship/shadow/rearm_empty/d09_f00.png'
40:16.728  render           | Saved: '/Users/mohammedkalouti/Documents/Codex/2026-09-27/i/work/art/aircraft-final-production-v3/stage/assets/build/frames/unit.SA.gunship/beauty/rearm_empty/d09_f01.png'
40:17.251  render           | Saved: '/Users/mohammedkalouti/Documents/Codex/2026-09-27/i/work/art/aircraft-final-production-v3/stage/assets/build/frames/unit.SA.gunship/team/rearm_empty/d09_f01.png'
40:18.419  render           | Saved: '/Users/mohammedkalouti/Documents/Codex/2026-09-27/i/work/art/aircraft-final-production-v3/stage/assets/build/frames/unit.SA.gunship/shadow/rearm_empty/d09_f01.png'
40:19.082  render           | Saved: '/Users/mohammedkalouti/Documents/Codex/2026-09-27/i/work/art/aircraft-final-production-v3/stage/assets/build/frames/unit.SA.gunship/beauty/rearm_empty/d09_f02.png'
40:19.607  render           | Saved: '/Users/mohammedkalouti/Documents/Codex/2026-09-27/i/work/art/aircraft-final-production-v3/stage/assets/build/frames/unit.SA.gunship/team/rearm_empty/d09_f02.png'
40:20.615  render           | Saved: '/Users/mohammedkalouti/Documents/Codex/2026-09-27/i/work/art/aircraft-final-production-v3/stage/assets/build/frames/unit.SA.gunship/shadow/rearm_empty/d09_f02.png'
40:21.245  render           | Saved: '/Users/mohammedkalouti/Documents/Codex/2026-09-27/i/work/art/aircraft-final-production-v3/stage/assets/build/frames/unit.SA.gunship/beauty/rearm_empty/d09_f03.png'
40:21.781  render           | Saved: '/Users/mohammedkalouti/Documents/Codex/2026-09-27/i/work/art/aircraft-final-production-v3/stage/assets/build/frames/unit.SA.gunship/team/rearm_empty/d09_f03.png'
40:22.743  render           | Saved: '/Users/mohammedkalouti/Documents/Codex/2026-09-27/i/work/art/aircraft-final-production-v3/stage/assets/build/frames/unit.SA.gunship/shadow/rearm_empty/d09_f03.png'
40:23.384  render           | Saved: '/Users/mohammedkalouti/Documents/Codex/2026-09-27/i/work/art/aircraft-final-production-v3/stage/assets/build/frames/unit.SA.gunship/beauty/rearm_empty/d09_f04.png'
40:23.909  render           | Saved: '/Users/mohammedkalouti/Documents/Codex/2026-09-27/i/work/art/aircraft-final-production-v3/stage/assets/build/frames/unit.SA.gunship/team/rearm_empty/d09_f04.png'
40:24.916  render           | Saved: '/Users/mohammedkalouti/Documents/Codex/2026-09-27/i/work/art/aircraft-final-production-v3/stage/assets/build/frames/unit.SA.gunship/shadow/rearm_empty/d09_f04.png'
40:25.538  render           | Saved: '/Users/mohammedkalouti/Documents/Codex/2026-09-27/i/work/art/aircraft-final-production-v3/stage/assets/build/frames/unit.SA.gunship/beauty/rearm_empty/d09_f05.png'
40:26.067  render           | Saved: '/Users/mohammedkalouti/Documents/Codex/2026-09-27/i/work/art/aircraft-final-production-v3/stage/assets/build/frames/unit.SA.gunship/team/rearm_empty/d09_f05.png'
40:27.034  render           | Saved: '/Users/mohammedkalouti/Documents/Codex/2026-09-27/i/work/art/aircraft-final-production-v3/stage/assets/build/frames/unit.SA.gunship/shadow/rearm_empty/d09_f05.png'
40:27.643  render           | Saved: '/Users/mohammedkalouti/Documents/Codex/2026-09-27/i/work/art/aircraft-final-production-v3/stage/assets/build/frames/unit.SA.gunship/beauty/rearm_empty/d10_f00.png'
40:28.164  render           | Saved: '/Users/mohammedkalouti/Documents/Codex/2026-09-27/i/work/art/aircraft-final-production-v3/stage/assets/build/frames/unit.SA.gunship/team/rearm_empty/d10_f00.png'
40:29.140  render           | Saved: '/Users/mohammedkalouti/Documents/Codex/2026-09-27/i/work/art/aircraft-final-production-v3/stage/assets/build/frames/unit.SA.gunship/shadow/rearm_empty/d10_f00.png'
40:29.722  render           | Saved: '/Users/mohammedkalouti/Documents/Codex/2026-09-27/i/work/art/aircraft-final-production-v3/stage/assets/build/frames/unit.SA.gunship/beauty/rearm_empty/d10_f01.png'
40:30.246  render           | Saved: '/Users/mohammedkalouti/Documents/Codex/2026-09-27/i/work/art/aircraft-final-production-v3/stage/assets/build/frames/unit.SA.gunship/team/rearm_empty/d10_f01.png'
40:31.198  render           | Saved: '/Users/mohammedkalouti/Documents/Codex/2026-09-27/i/work/art/aircraft-final-production-v3/stage/assets/build/frames/unit.SA.gunship/shadow/rearm_empty/d10_f01.png'
40:31.825  render           | Saved: '/Users/mohammedkalouti/Documents/Codex/2026-09-27/i/work/art/aircraft-final-production-v3/stage/assets/build/frames/unit.SA.gunship/beauty/rearm_empty/d10_f02.png'
40:32.435  render           | Saved: '/Users/mohammedkalouti/Documents/Codex/2026-09-27/i/work/art/aircraft-final-production-v3/stage/assets/build/frames/unit.SA.gunship/team/rearm_empty/d10_f02.png'
40:33.420  render           | Saved: '/Users/mohammedkalouti/Documents/Codex/2026-09-27/i/work/art/aircraft-final-production-v3/stage/assets/build/frames/unit.SA.gunship/shadow/rearm_empty/d10_f02.png'
40:34.076  render           | Saved: '/Users/mohammedkalouti/Documents/Codex/2026-09-27/i/work/art/aircraft-final-production-v3/stage/assets/build/frames/unit.SA.gunship/beauty/rearm_empty/d10_f03.png'
40:34.592  render           | Saved: '/Users/mohammedkalouti/Documents/Codex/2026-09-27/i/work/art/aircraft-final-production-v3/stage/assets/build/frames/unit.SA.gunship/team/rearm_empty/d10_f03.png'
40:35.572  render           | Saved: '/Users/mohammedkalouti/Documents/Codex/2026-09-27/i/work/art/aircraft-final-production-v3/stage/assets/build/frames/unit.SA.gunship/shadow/rearm_empty/d10_f03.png'
40:36.208  render           | Saved: '/Users/mohammedkalouti/Documents/Codex/2026-09-27/i/work/art/aircraft-final-production-v3/stage/assets/build/frames/unit.SA.gunship/beauty/rearm_empty/d10_f04.png'
40:36.751  render           | Saved: '/Users/mohammedkalouti/Documents/Codex/2026-09-27/i/work/art/aircraft-final-production-v3/stage/assets/build/frames/unit.SA.gunship/team/rearm_empty/d10_f04.png'
40:37.739  render           | Saved: '/Users/mohammedkalouti/Documents/Codex/2026-09-27/i/work/art/aircraft-final-production-v3/stage/assets/build/frames/unit.SA.gunship/shadow/rearm_empty/d10_f04.png'
40:38.343  render           | Saved: '/Users/mohammedkalouti/Documents/Codex/2026-09-27/i/work/art/aircraft-final-production-v3/stage/assets/build/frames/unit.SA.gunship/beauty/rearm_empty/d10_f05.png'
40:38.893  render           | Saved: '/Users/mohammedkalouti/Documents/Codex/2026-09-27/i/work/art/aircraft-final-production-v3/stage/assets/build/frames/unit.SA.gunship/team/rearm_empty/d10_f05.png'
40:39.844  render           | Saved: '/Users/mohammedkalouti/Documents/Codex/2026-09-27/i/work/art/aircraft-final-production-v3/stage/assets/build/frames/unit.SA.gunship/shadow/rearm_empty/d10_f05.png'
40:40.457  render           | Saved: '/Users/mohammedkalouti/Documents/Codex/2026-09-27/i/work/art/aircraft-final-production-v3/stage/assets/build/frames/unit.SA.gunship/beauty/rearm_empty/d11_f01.png'
40:41.000  render           | Saved: '/Users/mohammedkalouti/Documents/Codex/2026-09-27/i/work/art/aircraft-final-production-v3/stage/assets/build/frames/unit.SA.gunship/team/rearm_empty/d11_f01.png'
40:41.960  render           | Saved: '/Users/mohammedkalouti/Documents/Codex/2026-09-27/i/work/art/aircraft-final-production-v3/stage/assets/build/frames/unit.SA.gunship/shadow/rearm_empty/d11_f01.png'
40:42.588  render           | Saved: '/Users/mohammedkalouti/Documents/Codex/2026-09-27/i/work/art/aircraft-final-production-v3/stage/assets/build/frames/unit.SA.gunship/beauty/rearm_empty/d11_f02.png'
40:43.144  render           | Saved: '/Users/mohammedkalouti/Documents/Codex/2026-09-27/i/work/art/aircraft-final-production-v3/stage/assets/build/frames/unit.SA.gunship/team/rearm_empty/d11_f02.png'
40:44.107  render           | Saved: '/Users/mohammedkalouti/Documents/Codex/2026-09-27/i/work/art/aircraft-final-production-v3/stage/assets/build/frames/unit.SA.gunship/shadow/rearm_empty/d11_f02.png'
40:44.737  render           | Saved: '/Users/mohammedkalouti/Documents/Codex/2026-09-27/i/work/art/aircraft-final-production-v3/stage/assets/build/frames/unit.SA.gunship/beauty/rearm_empty/d11_f04.png'
40:45.253  render           | Saved: '/Users/mohammedkalouti/Documents/Codex/2026-09-27/i/work/art/aircraft-final-production-v3/stage/assets/build/frames/unit.SA.gunship/team/rearm_empty/d11_f04.png'
40:46.227  render           | Saved: '/Users/mohammedkalouti/Documents/Codex/2026-09-27/i/work/art/aircraft-final-production-v3/stage/assets/build/frames/unit.SA.gunship/shadow/rearm_empty/d11_f04.png'
40:46.845  render           | Saved: '/Users/mohammedkalouti/Documents/Codex/2026-09-27/i/work/art/aircraft-final-production-v3/stage/assets/build/frames/unit.SA.gunship/beauty/rearm_empty/d11_f05.png'
40:47.392  render           | Saved: '/Users/mohammedkalouti/Documents/Codex/2026-09-27/i/work/art/aircraft-final-production-v3/stage/assets/build/frames/unit.SA.gunship/team/rearm_empty/d11_f05.png'
40:48.356  render           | Saved: '/Users/mohammedkalouti/Documents/Codex/2026-09-27/i/work/art/aircraft-final-production-v3/stage/assets/build/frames/unit.SA.gunship/shadow/rearm_empty/d11_f05.png'
40:48.966  render           | Saved: '/Users/mohammedkalouti/Documents/Codex/2026-09-27/i/work/art/aircraft-final-production-v3/stage/assets/build/frames/unit.SA.gunship/beauty/rearm_empty/d12_f00.png'
40:49.482  render           | Saved: '/Users/mohammedkalouti/Documents/Codex/2026-09-27/i/work/art/aircraft-final-production-v3/stage/assets/build/frames/unit.SA.gunship/team/rearm_empty/d12_f00.png'
40:50.464  render           | Saved: '/Users/mohammedkalouti/Documents/Codex/2026-09-27/i/work/art/aircraft-final-production-v3/stage/assets/build/frames/unit.SA.gunship/shadow/rearm_empty/d12_f00.png'
40:51.077  render           | Saved: '/Users/mohammedkalouti/Documents/Codex/2026-09-27/i/work/art/aircraft-final-production-v3/stage/assets/build/frames/unit.SA.gunship/beauty/rearm_empty/d12_f01.png'
40:51.608  render           | Saved: '/Users/mohammedkalouti/Documents/Codex/2026-09-27/i/work/art/aircraft-final-production-v3/stage/assets/build/frames/unit.SA.gunship/team/rearm_empty/d12_f01.png'
40:52.573  render           | Saved: '/Users/mohammedkalouti/Documents/Codex/2026-09-27/i/work/art/aircraft-final-production-v3/stage/assets/build/frames/unit.SA.gunship/shadow/rearm_empty/d12_f01.png'
40:53.180  render           | Saved: '/Users/mohammedkalouti/Documents/Codex/2026-09-27/i/work/art/aircraft-final-production-v3/stage/assets/build/frames/unit.SA.gunship/beauty/rearm_empty/d12_f02.png'
40:53.692  render           | Saved: '/Users/mohammedkalouti/Documents/Codex/2026-09-27/i/work/art/aircraft-final-production-v3/stage/assets/build/frames/unit.SA.gunship/team/rearm_empty/d12_f02.png'
40:54.634  render           | Saved: '/Users/mohammedkalouti/Documents/Codex/2026-09-27/i/work/art/aircraft-final-production-v3/stage/assets/build/frames/unit.SA.gunship/shadow/rearm_empty/d12_f02.png'
40:55.250  render           | Saved: '/Users/mohammedkalouti/Documents/Codex/2026-09-27/i/work/art/aircraft-final-production-v3/stage/assets/build/frames/unit.SA.gunship/beauty/rearm_empty/d12_f03.png'
40:55.811  render           | Saved: '/Users/mohammedkalouti/Documents/Codex/2026-09-27/i/work/art/aircraft-final-production-v3/stage/assets/build/frames/unit.SA.gunship/team/rearm_empty/d12_f03.png'
40:56.790  render           | Saved: '/Users/mohammedkalouti/Documents/Codex/2026-09-27/i/work/art/aircraft-final-production-v3/stage/assets/build/frames/unit.SA.gunship/shadow/rearm_empty/d12_f03.png'
40:57.408  render           | Saved: '/Users/mohammedkalouti/Documents/Codex/2026-09-27/i/work/art/aircraft-final-production-v3/stage/assets/build/frames/unit.SA.gunship/beauty/rearm_empty/d12_f04.png'
40:57.923  render           | Saved: '/Users/mohammedkalouti/Documents/Codex/2026-09-27/i/work/art/aircraft-final-production-v3/stage/assets/build/frames/unit.SA.gunship/team/rearm_empty/d12_f04.png'
40:58.891  render           | Saved: '/Users/mohammedkalouti/Documents/Codex/2026-09-27/i/work/art/aircraft-final-production-v3/stage/assets/build/frames/unit.SA.gunship/shadow/rearm_empty/d12_f04.png'
40:59.517  render           | Saved: '/Users/mohammedkalouti/Documents/Codex/2026-09-27/i/work/art/aircraft-final-production-v3/stage/assets/build/frames/unit.SA.gunship/beauty/rearm_empty/d12_f05.png'
41:00.067  render           | Saved: '/Users/mohammedkalouti/Documents/Codex/2026-09-27/i/work/art/aircraft-final-production-v3/stage/assets/build/frames/unit.SA.gunship/team/rearm_empty/d12_f05.png'
41:01.043  render           | Saved: '/Users/mohammedkalouti/Documents/Codex/2026-09-27/i/work/art/aircraft-final-production-v3/stage/assets/build/frames/unit.SA.gunship/shadow/rearm_empty/d12_f05.png'
41:01.654  render           | Saved: '/Users/mohammedkalouti/Documents/Codex/2026-09-27/i/work/art/aircraft-final-production-v3/stage/assets/build/frames/unit.SA.gunship/beauty/rearm_empty/d13_f00.png'
41:02.183  render           | Saved: '/Users/mohammedkalouti/Documents/Codex/2026-09-27/i/work/art/aircraft-final-production-v3/stage/assets/build/frames/unit.SA.gunship/team/rearm_empty/d13_f00.png'
41:03.164  render           | Saved: '/Users/mohammedkalouti/Documents/Codex/2026-09-27/i/work/art/aircraft-final-production-v3/stage/assets/build/frames/unit.SA.gunship/shadow/rearm_empty/d13_f00.png'
41:03.809  render           | Saved: '/Users/mohammedkalouti/Documents/Codex/2026-09-27/i/work/art/aircraft-final-production-v3/stage/assets/build/frames/unit.SA.gunship/beauty/rearm_empty/d13_f01.png'
41:04.320  render           | Saved: '/Users/mohammedkalouti/Documents/Codex/2026-09-27/i/work/art/aircraft-final-production-v3/stage/assets/build/frames/unit.SA.gunship/team/rearm_empty/d13_f01.png'
41:05.282  render           | Saved: '/Users/mohammedkalouti/Documents/Codex/2026-09-27/i/work/art/aircraft-final-production-v3/stage/assets/build/frames/unit.SA.gunship/shadow/rearm_empty/d13_f01.png'
41:05.905  render           | Saved: '/Users/mohammedkalouti/Documents/Codex/2026-09-27/i/work/art/aircraft-final-production-v3/stage/assets/build/frames/unit.SA.gunship/beauty/rearm_empty/d13_f02.png'
41:06.414  render           | Saved: '/Users/mohammedkalouti/Documents/Codex/2026-09-27/i/work/art/aircraft-final-production-v3/stage/assets/build/frames/unit.SA.gunship/team/rearm_empty/d13_f02.png'
41:07.386  render           | Saved: '/Users/mohammedkalouti/Documents/Codex/2026-09-27/i/work/art/aircraft-final-production-v3/stage/assets/build/frames/unit.SA.gunship/shadow/rearm_empty/d13_f02.png'
41:08.041  render           | Saved: '/Users/mohammedkalouti/Documents/Codex/2026-09-27/i/work/art/aircraft-final-production-v3/stage/assets/build/frames/unit.SA.gunship/beauty/rearm_empty/d13_f03.png'
41:08.558  render           | Saved: '/Users/mohammedkalouti/Documents/Codex/2026-09-27/i/work/art/aircraft-final-production-v3/stage/assets/build/frames/unit.SA.gunship/team/rearm_empty/d13_f03.png'
41:09.533  render           | Saved: '/Users/mohammedkalouti/Documents/Codex/2026-09-27/i/work/art/aircraft-final-production-v3/stage/assets/build/frames/unit.SA.gunship/shadow/rearm_empty/d13_f03.png'
41:10.166  render           | Saved: '/Users/mohammedkalouti/Documents/Codex/2026-09-27/i/work/art/aircraft-final-production-v3/stage/assets/build/frames/unit.SA.gunship/beauty/rearm_empty/d13_f04.png'
41:10.680  render           | Saved: '/Users/mohammedkalouti/Documents/Codex/2026-09-27/i/work/art/aircraft-final-production-v3/stage/assets/build/frames/unit.SA.gunship/team/rearm_empty/d13_f04.png'
41:11.642  render           | Saved: '/Users/mohammedkalouti/Documents/Codex/2026-09-27/i/work/art/aircraft-final-production-v3/stage/assets/build/frames/unit.SA.gunship/shadow/rearm_empty/d13_f04.png'
41:12.257  render           | Saved: '/Users/mohammedkalouti/Documents/Codex/2026-09-27/i/work/art/aircraft-final-production-v3/stage/assets/build/frames/unit.SA.gunship/beauty/rearm_empty/d13_f05.png'
41:12.787  render           | Saved: '/Users/mohammedkalouti/Documents/Codex/2026-09-27/i/work/art/aircraft-final-production-v3/stage/assets/build/frames/unit.SA.gunship/team/rearm_empty/d13_f05.png'
41:13.740  render           | Saved: '/Users/mohammedkalouti/Documents/Codex/2026-09-27/i/work/art/aircraft-final-production-v3/stage/assets/build/frames/unit.SA.gunship/shadow/rearm_empty/d13_f05.png'
41:14.396  render           | Saved: '/Users/mohammedkalouti/Documents/Codex/2026-09-27/i/work/art/aircraft-final-production-v3/stage/assets/build/frames/unit.SA.gunship/beauty/rearm_empty/d14_f00.png'
41:14.934  render           | Saved: '/Users/mohammedkalouti/Documents/Codex/2026-09-27/i/work/art/aircraft-final-production-v3/stage/assets/build/frames/unit.SA.gunship/team/rearm_empty/d14_f00.png'
41:15.949  render           | Saved: '/Users/mohammedkalouti/Documents/Codex/2026-09-27/i/work/art/aircraft-final-production-v3/stage/assets/build/frames/unit.SA.gunship/shadow/rearm_empty/d14_f00.png'
41:16.594  render           | Saved: '/Users/mohammedkalouti/Documents/Codex/2026-09-27/i/work/art/aircraft-final-production-v3/stage/assets/build/frames/unit.SA.gunship/beauty/rearm_empty/d14_f01.png'
41:17.141  render           | Saved: '/Users/mohammedkalouti/Documents/Codex/2026-09-27/i/work/art/aircraft-final-production-v3/stage/assets/build/frames/unit.SA.gunship/team/rearm_empty/d14_f01.png'
41:18.165  render           | Saved: '/Users/mohammedkalouti/Documents/Codex/2026-09-27/i/work/art/aircraft-final-production-v3/stage/assets/build/frames/unit.SA.gunship/shadow/rearm_empty/d14_f01.png'
41:18.828  render           | Saved: '/Users/mohammedkalouti/Documents/Codex/2026-09-27/i/work/art/aircraft-final-production-v3/stage/assets/build/frames/unit.SA.gunship/beauty/rearm_empty/d14_f02.png'
41:19.385  render           | Saved: '/Users/mohammedkalouti/Documents/Codex/2026-09-27/i/work/art/aircraft-final-production-v3/stage/assets/build/frames/unit.SA.gunship/team/rearm_empty/d14_f02.png'
41:20.382  render           | Saved: '/Users/mohammedkalouti/Documents/Codex/2026-09-27/i/work/art/aircraft-final-production-v3/stage/assets/build/frames/unit.SA.gunship/shadow/rearm_empty/d14_f02.png'
41:21.026  render           | Saved: '/Users/mohammedkalouti/Documents/Codex/2026-09-27/i/work/art/aircraft-final-production-v3/stage/assets/build/frames/unit.SA.gunship/beauty/rearm_empty/d14_f03.png'
41:21.588  render           | Saved: '/Users/mohammedkalouti/Documents/Codex/2026-09-27/i/work/art/aircraft-final-production-v3/stage/assets/build/frames/unit.SA.gunship/team/rearm_empty/d14_f03.png'
41:22.564  render           | Saved: '/Users/mohammedkalouti/Documents/Codex/2026-09-27/i/work/art/aircraft-final-production-v3/stage/assets/build/frames/unit.SA.gunship/shadow/rearm_empty/d14_f03.png'
41:23.246  render           | Saved: '/Users/mohammedkalouti/Documents/Codex/2026-09-27/i/work/art/aircraft-final-production-v3/stage/assets/build/frames/unit.SA.gunship/beauty/rearm_empty/d14_f04.png'
41:23.797  render           | Saved: '/Users/mohammedkalouti/Documents/Codex/2026-09-27/i/work/art/aircraft-final-production-v3/stage/assets/build/frames/unit.SA.gunship/team/rearm_empty/d14_f04.png'
41:24.820  render           | Saved: '/Users/mohammedkalouti/Documents/Codex/2026-09-27/i/work/art/aircraft-final-production-v3/stage/assets/build/frames/unit.SA.gunship/shadow/rearm_empty/d14_f04.png'
41:25.483  render           | Saved: '/Users/mohammedkalouti/Documents/Codex/2026-09-27/i/work/art/aircraft-final-production-v3/stage/assets/build/frames/unit.SA.gunship/beauty/rearm_empty/d14_f05.png'
41:26.037  render           | Saved: '/Users/mohammedkalouti/Documents/Codex/2026-09-27/i/work/art/aircraft-final-production-v3/stage/assets/build/frames/unit.SA.gunship/team/rearm_empty/d14_f05.png'
41:27.038  render           | Saved: '/Users/mohammedkalouti/Documents/Codex/2026-09-27/i/work/art/aircraft-final-production-v3/stage/assets/build/frames/unit.SA.gunship/shadow/rearm_empty/d14_f05.png'
41:27.713  render           | Saved: '/Users/mohammedkalouti/Documents/Codex/2026-09-27/i/work/art/aircraft-final-production-v3/stage/assets/build/frames/unit.SA.gunship/beauty/rearm_empty/d15_f01.png'
41:28.284  render           | Saved: '/Users/mohammedkalouti/Documents/Codex/2026-09-27/i/work/art/aircraft-final-production-v3/stage/assets/build/frames/unit.SA.gunship/team/rearm_empty/d15_f01.png'
41:29.270  render           | Saved: '/Users/mohammedkalouti/Documents/Codex/2026-09-27/i/work/art/aircraft-final-production-v3/stage/assets/build/frames/unit.SA.gunship/shadow/rearm_empty/d15_f01.png'
41:29.929  render           | Saved: '/Users/mohammedkalouti/Documents/Codex/2026-09-27/i/work/art/aircraft-final-production-v3/stage/assets/build/frames/unit.SA.gunship/beauty/rearm_empty/d15_f02.png'
41:30.464  render           | Saved: '/Users/mohammedkalouti/Documents/Codex/2026-09-27/i/work/art/aircraft-final-production-v3/stage/assets/build/frames/unit.SA.gunship/team/rearm_empty/d15_f02.png'
41:31.437  render           | Saved: '/Users/mohammedkalouti/Documents/Codex/2026-09-27/i/work/art/aircraft-final-production-v3/stage/assets/build/frames/unit.SA.gunship/shadow/rearm_empty/d15_f02.png'
41:32.062  render           | Saved: '/Users/mohammedkalouti/Documents/Codex/2026-09-27/i/work/art/aircraft-final-production-v3/stage/assets/build/frames/unit.SA.gunship/beauty/rearm_empty/d15_f04.png'
41:32.586  render           | Saved: '/Users/mohammedkalouti/Documents/Codex/2026-09-27/i/work/art/aircraft-final-production-v3/stage/assets/build/frames/unit.SA.gunship/team/rearm_empty/d15_f04.png'
41:33.568  render           | Saved: '/Users/mohammedkalouti/Documents/Codex/2026-09-27/i/work/art/aircraft-final-production-v3/stage/assets/build/frames/unit.SA.gunship/shadow/rearm_empty/d15_f04.png'
41:34.202  render           | Saved: '/Users/mohammedkalouti/Documents/Codex/2026-09-27/i/work/art/aircraft-final-production-v3/stage/assets/build/frames/unit.SA.gunship/beauty/rearm_empty/d15_f05.png'
41:34.724  render           | Saved: '/Users/mohammedkalouti/Documents/Codex/2026-09-27/i/work/art/aircraft-final-production-v3/stage/assets/build/frames/unit.SA.gunship/team/rearm_empty/d15_f05.png'
41:35.691  render           | Saved: '/Users/mohammedkalouti/Documents/Codex/2026-09-27/i/work/art/aircraft-final-production-v3/stage/assets/build/frames/unit.SA.gunship/shadow/rearm_empty/d15_f05.png'
Info: Saved as "unit.SA.gunship.blend"
FC_REUSED_POSES unit.SA.gunship poses=40
FC_RENDER_DONE unit.SA.gunship poses=1120 seconds=2495.4
Blender 5.2.2 LTS (hash d13f752e3b9c built 2026-09-15 01:49:19)

Blender quit
