00:01.205  render           | Saved: '/Users/mohammedkalouti/Documents/Codex/2026-09-27/i/work/art/aircraft-final-production-v3/stage/assets/build/frames/unit.SA.fighter/beauty/fly/d00_f00.png'
00:01.837  render           | Saved: '/Users/mohammedkalouti/Documents/Codex/2026-09-27/i/work/art/aircraft-final-production-v3/stage/assets/build/frames/unit.SA.fighter/team/fly/d00_f00.png'
00:02.876  render           | Saved: '/Users/mohammedkalouti/Documents/Codex/2026-09-27/i/work/art/aircraft-final-production-v3/stage/assets/build/frames/unit.SA.fighter/shadow/fly/d00_f00.png'
00:03.562  render           | Saved: '/Users/mohammedkalouti/Documents/Codex/2026-09-27/i/work/art/aircraft-final-production-v3/stage/assets/build/frames/unit.SA.fighter/beauty/fly/d00_f01.png'
00:04.138  render           | Saved: '/Users/mohammedkalouti/Documents/Codex/2026-09-27/i/work/art/aircraft-final-production-v3/stage/assets/build/frames/unit.SA.fighter/team/fly/d00_f01.png'
00:05.106  render           | Saved: '/Users/mohammedkalouti/Documents/Codex/2026-09-27/i/work/art/aircraft-final-production-v3/stage/assets/build/frames/unit.SA.fighter/shadow/fly/d00_f01.png'
00:05.747  render           | Saved: '/Users/mohammedkalouti/Documents/Codex/2026-09-27/i/work/art/aircraft-final-production-v3/stage/assets/build/frames/unit.SA.fighter/beauty/fly/d01_f00.png'
00:06.265  render           | Saved: '/Users/mohammedkalouti/Documents/Codex/2026-09-27/i/work/art/aircraft-final-production-v3/stage/assets/build/frames/unit.SA.fighter/team/fly/d01_f00.png'
00:07.170  render           | Saved: '/Users/mohammedkalouti/Documents/Codex/2026-09-27/i/work/art/aircraft-final-production-v3/stage/assets/build/frames/unit.SA.fighter/shadow/fly/d01_f00.png'
00:07.829  render           | Saved: '/Users/mohammedkalouti/Documents/Codex/2026-09-27/i/work/art/aircraft-final-production-v3/stage/assets/build/frames/unit.SA.fighter/beauty/fly/d01_f01.png'
00:08.371  render           | Saved: '/Users/mohammedkalouti/Documents/Codex/2026-09-27/i/work/art/aircraft-final-production-v3/stage/assets/build/frames/unit.SA.fighter/team/fly/d01_f01.png'
00:09.272  render           | Saved: '/Users/mohammedkalouti/Documents/Codex/2026-09-27/i/work/art/aircraft-final-production-v3/stage/assets/build/frames/unit.SA.fighter/shadow/fly/d01_f01.png'
00:09.966  render           | Saved: '/Users/mohammedkalouti/Documents/Codex/2026-09-27/i/work/art/aircraft-final-production-v3/stage/assets/build/frames/unit.SA.fighter/beauty/fly/d02_f00.png'
00:10.544  render           | Saved: '/Users/mohammedkalouti/Documents/Codex/2026-09-27/i/work/art/aircraft-final-production-v3/stage/assets/build/frames/unit.SA.fighter/team/fly/d02_f00.png'
00:11.515  render           | Saved: '/Users/mohammedkalouti/Documents/Codex/2026-09-27/i/work/art/aircraft-final-production-v3/stage/assets/build/frames/unit.SA.fighter/shadow/fly/d02_f00.png'
00:12.220  render           | Saved: '/Users/mohammedkalouti/Documents/Codex/2026-09-27/i/work/art/aircraft-final-production-v3/stage/assets/build/frames/unit.SA.fighter/beauty/fly/d02_f01.png'
00:12.832  render           | Saved: '/Users/mohammedkalouti/Documents/Codex/2026-09-27/i/work/art/aircraft-final-production-v3/stage/assets/build/frames/unit.SA.fighter/team/fly/d02_f01.png'
00:13.783  render           | Saved: '/Users/mohammedkalouti/Documents/Codex/2026-09-27/i/work/art/aircraft-final-production-v3/stage/assets/build/frames/unit.SA.fighter/shadow/fly/d02_f01.png'
00:14.438  render           | Saved: '/Users/mohammedkalouti/Documents/Codex/2026-09-27/i/work/art/aircraft-final-production-v3/stage/assets/build/frames/unit.SA.fighter/beauty/fly/d03_f00.png'
00:15.006  render           | Saved: '/Users/mohammedkalouti/Documents/Codex/2026-09-27/i/work/art/aircraft-final-production-v3/stage/assets/build/frames/unit.SA.fighter/team/fly/d03_f00.png'
00:15.960  render           | Saved: '/Users/mohammedkalouti/Documents/Codex/2026-09-27/i/work/art/aircraft-final-production-v3/stage/assets/build/frames/unit.SA.fighter/shadow/fly/d03_f00.png'
00:16.598  render           | Saved: '/Users/mohammedkalouti/Documents/Codex/2026-09-27/i/work/art/aircraft-final-production-v3/stage/assets/build/frames/unit.SA.fighter/beauty/fly/d03_f01.png'
00:17.125  render           | Saved: '/Users/mohammedkalouti/Documents/Codex/2026-09-27/i/work/art/aircraft-final-production-v3/stage/assets/build/frames/unit.SA.fighter/team/fly/d03_f01.png'
00:18.113  render           | Saved: '/Users/mohammedkalouti/Documents/Codex/2026-09-27/i/work/art/aircraft-final-production-v3/stage/assets/build/frames/unit.SA.fighter/shadow/fly/d03_f01.png'
00:18.777  render           | Saved: '/Users/mohammedkalouti/Documents/Codex/2026-09-27/i/work/art/aircraft-final-production-v3/stage/assets/build/frames/unit.SA.fighter/beauty/fly/d04_f00.png'
00:19.355  render           | Saved: '/Users/mohammedkalouti/Documents/Codex/2026-09-27/i/work/art/aircraft-final-production-v3/stage/assets/build/frames/unit.SA.fighter/team/fly/d04_f00.png'
00:20.321  render           | Saved: '/Users/mohammedkalouti/Documents/Codex/2026-09-27/i/work/art/aircraft-final-production-v3/stage/assets/build/frames/unit.SA.fighter/shadow/fly/d04_f00.png'
00:20.936  render           | Saved: '/Users/mohammedkalouti/Documents/Codex/2026-09-27/i/work/art/aircraft-final-production-v3/stage/assets/build/frames/unit.SA.fighter/beauty/fly/d04_f01.png'
00:21.437  render           | Saved: '/Users/mohammedkalouti/Documents/Codex/2026-09-27/i/work/art/aircraft-final-production-v3/stage/assets/build/frames/unit.SA.fighter/team/fly/d04_f01.png'
00:22.353  render           | Saved: '/Users/mohammedkalouti/Documents/Codex/2026-09-27/i/work/art/aircraft-final-production-v3/stage/assets/build/frames/unit.SA.fighter/shadow/fly/d04_f01.png'
00:22.974  render           | Saved: '/Users/mohammedkalouti/Documents/Codex/2026-09-27/i/work/art/aircraft-final-production-v3/stage/assets/build/frames/unit.SA.fighter/beauty/fly/d05_f00.png'
00:23.459  render           | Saved: '/Users/mohammedkalouti/Documents/Codex/2026-09-27/i/work/art/aircraft-final-production-v3/stage/assets/build/frames/unit.SA.fighter/team/fly/d05_f00.png'
00:24.333  render           | Saved: '/Users/mohammedkalouti/Documents/Codex/2026-09-27/i/work/art/aircraft-final-production-v3/stage/assets/build/frames/unit.SA.fighter/shadow/fly/d05_f00.png'
00:24.956  render           | Saved: '/Users/mohammedkalouti/Documents/Codex/2026-09-27/i/work/art/aircraft-final-production-v3/stage/assets/build/frames/unit.SA.fighter/beauty/fly/d05_f01.png'
00:25.462  render           | Saved: '/Users/mohammedkalouti/Documents/Codex/2026-09-27/i/work/art/aircraft-final-production-v3/stage/assets/build/frames/unit.SA.fighter/team/fly/d05_f01.png'
00:26.294  render           | Saved: '/Users/mohammedkalouti/Documents/Codex/2026-09-27/i/work/art/aircraft-final-production-v3/stage/assets/build/frames/unit.SA.fighter/shadow/fly/d05_f01.png'
00:26.871  render           | Saved: '/Users/mohammedkalouti/Documents/Codex/2026-09-27/i/work/art/aircraft-final-production-v3/stage/assets/build/frames/unit.SA.fighter/beauty/fly/d06_f00.png'
00:27.355  render           | Saved: '/Users/mohammedkalouti/Documents/Codex/2026-09-27/i/work/art/aircraft-final-production-v3/stage/assets/build/frames/unit.SA.fighter/team/fly/d06_f00.png'
00:28.166  render           | Saved: '/Users/mohammedkalouti/Documents/Codex/2026-09-27/i/work/art/aircraft-final-production-v3/stage/assets/build/frames/unit.SA.fighter/shadow/fly/d06_f00.png'
00:28.724  render           | Saved: '/Users/mohammedkalouti/Documents/Codex/2026-09-27/i/work/art/aircraft-final-production-v3/stage/assets/build/frames/unit.SA.fighter/beauty/fly/d06_f01.png'
00:29.210  render           | Saved: '/Users/mohammedkalouti/Documents/Codex/2026-09-27/i/work/art/aircraft-final-production-v3/stage/assets/build/frames/unit.SA.fighter/team/fly/d06_f01.png'
00:30.031  render           | Saved: '/Users/mohammedkalouti/Documents/Codex/2026-09-27/i/work/art/aircraft-final-production-v3/stage/assets/build/frames/unit.SA.fighter/shadow/fly/d06_f01.png'
00:30.629  render           | Saved: '/Users/mohammedkalouti/Documents/Codex/2026-09-27/i/work/art/aircraft-final-production-v3/stage/assets/build/frames/unit.SA.fighter/beauty/fly/d07_f00.png'
00:31.110  render           | Saved: '/Users/mohammedkalouti/Documents/Codex/2026-09-27/i/work/art/aircraft-final-production-v3/stage/assets/build/frames/unit.SA.fighter/team/fly/d07_f00.png'
00:31.916  render           | Saved: '/Users/mohammedkalouti/Documents/Codex/2026-09-27/i/work/art/aircraft-final-production-v3/stage/assets/build/frames/unit.SA.fighter/shadow/fly/d07_f00.png'
00:32.483  render           | Saved: '/Users/mohammedkalouti/Documents/Codex/2026-09-27/i/work/art/aircraft-final-production-v3/stage/assets/build/frames/unit.SA.fighter/beauty/fly/d07_f01.png'
00:32.963  render           | Saved: '/Users/mohammedkalouti/Documents/Codex/2026-09-27/i/work/art/aircraft-final-production-v3/stage/assets/build/frames/unit.SA.fighter/team/fly/d07_f01.png'
00:33.782  render           | Saved: '/Users/mohammedkalouti/Documents/Codex/2026-09-27/i/work/art/aircraft-final-production-v3/stage/assets/build/frames/unit.SA.fighter/shadow/fly/d07_f01.png'
00:34.403  render           | Saved: '/Users/mohammedkalouti/Documents/Codex/2026-09-27/i/work/art/aircraft-final-production-v3/stage/assets/build/frames/unit.SA.fighter/beauty/fly/d08_f00.png'
00:34.868  render           | Saved: '/Users/mohammedkalouti/Documents/Codex/2026-09-27/i/work/art/aircraft-final-production-v3/stage/assets/build/frames/unit.SA.fighter/team/fly/d08_f00.png'
00:35.673  render           | Saved: '/Users/mohammedkalouti/Documents/Codex/2026-09-27/i/work/art/aircraft-final-production-v3/stage/assets/build/frames/unit.SA.fighter/shadow/fly/d08_f00.png'
00:36.250  render           | Saved: '/Users/mohammedkalouti/Documents/Codex/2026-09-27/i/work/art/aircraft-final-production-v3/stage/assets/build/frames/unit.SA.fighter/beauty/fly/d08_f01.png'
00:36.727  render           | Saved: '/Users/mohammedkalouti/Documents/Codex/2026-09-27/i/work/art/aircraft-final-production-v3/stage/assets/build/frames/unit.SA.fighter/team/fly/d08_f01.png'
00:37.519  render           | Saved: '/Users/mohammedkalouti/Documents/Codex/2026-09-27/i/work/art/aircraft-final-production-v3/stage/assets/build/frames/unit.SA.fighter/shadow/fly/d08_f01.png'
00:38.069  render           | Saved: '/Users/mohammedkalouti/Documents/Codex/2026-09-27/i/work/art/aircraft-final-production-v3/stage/assets/build/frames/unit.SA.fighter/beauty/fly/d09_f00.png'
00:38.549  render           | Saved: '/Users/mohammedkalouti/Documents/Codex/2026-09-27/i/work/art/aircraft-final-production-v3/stage/assets/build/frames/unit.SA.fighter/team/fly/d09_f00.png'
00:39.353  render           | Saved: '/Users/mohammedkalouti/Documents/Codex/2026-09-27/i/work/art/aircraft-final-production-v3/stage/assets/build/frames/unit.SA.fighter/shadow/fly/d09_f00.png'
00:39.893  render           | Saved: '/Users/mohammedkalouti/Documents/Codex/2026-09-27/i/work/art/aircraft-final-production-v3/stage/assets/build/frames/unit.SA.fighter/beauty/fly/d09_f01.png'
00:40.367  render           | Saved: '/Users/mohammedkalouti/Documents/Codex/2026-09-27/i/work/art/aircraft-final-production-v3/stage/assets/build/frames/unit.SA.fighter/team/fly/d09_f01.png'
00:41.180  render           | Saved: '/Users/mohammedkalouti/Documents/Codex/2026-09-27/i/work/art/aircraft-final-production-v3/stage/assets/build/frames/unit.SA.fighter/shadow/fly/d09_f01.png'
00:41.744  render           | Saved: '/Users/mohammedkalouti/Documents/Codex/2026-09-27/i/work/art/aircraft-final-production-v3/stage/assets/build/frames/unit.SA.fighter/beauty/fly/d10_f00.png'
00:42.224  render           | Saved: '/Users/mohammedkalouti/Documents/Codex/2026-09-27/i/work/art/aircraft-final-production-v3/stage/assets/build/frames/unit.SA.fighter/team/fly/d10_f00.png'
00:43.043  render           | Saved: '/Users/mohammedkalouti/Documents/Codex/2026-09-27/i/work/art/aircraft-final-production-v3/stage/assets/build/frames/unit.SA.fighter/shadow/fly/d10_f00.png'
00:43.597  render           | Saved: '/Users/mohammedkalouti/Documents/Codex/2026-09-27/i/work/art/aircraft-final-production-v3/stage/assets/build/frames/unit.SA.fighter/beauty/fly/d10_f01.png'
00:44.069  render           | Saved: '/Users/mohammedkalouti/Documents/Codex/2026-09-27/i/work/art/aircraft-final-production-v3/stage/assets/build/frames/unit.SA.fighter/team/fly/d10_f01.png'
00:44.882  render           | Saved: '/Users/mohammedkalouti/Documents/Codex/2026-09-27/i/work/art/aircraft-final-production-v3/stage/assets/build/frames/unit.SA.fighter/shadow/fly/d10_f01.png'
00:45.447  render           | Saved: '/Users/mohammedkalouti/Documents/Codex/2026-09-27/i/work/art/aircraft-final-production-v3/stage/assets/build/frames/unit.SA.fighter/beauty/fly/d11_f00.png'
00:45.940  render           | Saved: '/Users/mohammedkalouti/Documents/Codex/2026-09-27/i/work/art/aircraft-final-production-v3/stage/assets/build/frames/unit.SA.fighter/team/fly/d11_f00.png'
00:46.749  render           | Saved: '/Users/mohammedkalouti/Documents/Codex/2026-09-27/i/work/art/aircraft-final-production-v3/stage/assets/build/frames/unit.SA.fighter/shadow/fly/d11_f00.png'
00:47.315  render           | Saved: '/Users/mohammedkalouti/Documents/Codex/2026-09-27/i/work/art/aircraft-final-production-v3/stage/assets/build/frames/unit.SA.fighter/beauty/fly/d11_f01.png'
00:47.785  render           | Saved: '/Users/mohammedkalouti/Documents/Codex/2026-09-27/i/work/art/aircraft-final-production-v3/stage/assets/build/frames/unit.SA.fighter/team/fly/d11_f01.png'
00:48.605  render           | Saved: '/Users/mohammedkalouti/Documents/Codex/2026-09-27/i/work/art/aircraft-final-production-v3/stage/assets/build/frames/unit.SA.fighter/shadow/fly/d11_f01.png'
00:49.169  render           | Saved: '/Users/mohammedkalouti/Documents/Codex/2026-09-27/i/work/art/aircraft-final-production-v3/stage/assets/build/frames/unit.SA.fighter/beauty/fly/d12_f00.png'
00:49.636  render           | Saved: '/Users/mohammedkalouti/Documents/Codex/2026-09-27/i/work/art/aircraft-final-production-v3/stage/assets/build/frames/unit.SA.fighter/team/fly/d12_f00.png'
00:50.440  render           | Saved: '/Users/mohammedkalouti/Documents/Codex/2026-09-27/i/work/art/aircraft-final-production-v3/stage/assets/build/frames/unit.SA.fighter/shadow/fly/d12_f00.png'
00:50.987  render           | Saved: '/Users/mohammedkalouti/Documents/Codex/2026-09-27/i/work/art/aircraft-final-production-v3/stage/assets/build/frames/unit.SA.fighter/beauty/fly/d12_f01.png'
00:51.453  render           | Saved: '/Users/mohammedkalouti/Documents/Codex/2026-09-27/i/work/art/aircraft-final-production-v3/stage/assets/build/frames/unit.SA.fighter/team/fly/d12_f01.png'
00:52.259  render           | Saved: '/Users/mohammedkalouti/Documents/Codex/2026-09-27/i/work/art/aircraft-final-production-v3/stage/assets/build/frames/unit.SA.fighter/shadow/fly/d12_f01.png'
00:52.816  render           | Saved: '/Users/mohammedkalouti/Documents/Codex/2026-09-27/i/work/art/aircraft-final-production-v3/stage/assets/build/frames/unit.SA.fighter/beauty/fly/d13_f00.png'
00:53.297  render           | Saved: '/Users/mohammedkalouti/Documents/Codex/2026-09-27/i/work/art/aircraft-final-production-v3/stage/assets/build/frames/unit.SA.fighter/team/fly/d13_f00.png'
00:54.093  render           | Saved: '/Users/mohammedkalouti/Documents/Codex/2026-09-27/i/work/art/aircraft-final-production-v3/stage/assets/build/frames/unit.SA.fighter/shadow/fly/d13_f00.png'
00:54.641  render           | Saved: '/Users/mohammedkalouti/Documents/Codex/2026-09-27/i/work/art/aircraft-final-production-v3/stage/assets/build/frames/unit.SA.fighter/beauty/fly/d13_f01.png'
00:55.121  render           | Saved: '/Users/mohammedkalouti/Documents/Codex/2026-09-27/i/work/art/aircraft-final-production-v3/stage/assets/build/frames/unit.SA.fighter/team/fly/d13_f01.png'
00:55.932  render           | Saved: '/Users/mohammedkalouti/Documents/Codex/2026-09-27/i/work/art/aircraft-final-production-v3/stage/assets/build/frames/unit.SA.fighter/shadow/fly/d13_f01.png'
00:56.498  render           | Saved: '/Users/mohammedkalouti/Documents/Codex/2026-09-27/i/work/art/aircraft-final-production-v3/stage/assets/build/frames/unit.SA.fighter/beauty/fly/d14_f00.png'
00:57.168  render           | Saved: '/Users/mohammedkalouti/Documents/Codex/2026-09-27/i/work/art/aircraft-final-production-v3/stage/assets/build/frames/unit.SA.fighter/team/fly/d14_f00.png'
00:58.188  render           | Saved: '/Users/mohammedkalouti/Documents/Codex/2026-09-27/i/work/art/aircraft-final-production-v3/stage/assets/build/frames/unit.SA.fighter/shadow/fly/d14_f00.png'
00:58.862  render           | Saved: '/Users/mohammedkalouti/Documents/Codex/2026-09-27/i/work/art/aircraft-final-production-v3/stage/assets/build/frames/unit.SA.fighter/beauty/fly/d14_f01.png'
00:59.452  render           | Saved: '/Users/mohammedkalouti/Documents/Codex/2026-09-27/i/work/art/aircraft-final-production-v3/stage/assets/build/frames/unit.SA.fighter/team/fly/d14_f01.png'
01:00.428  render           | Saved: '/Users/mohammedkalouti/Documents/Codex/2026-09-27/i/work/art/aircraft-final-production-v3/stage/assets/build/frames/unit.SA.fighter/shadow/fly/d14_f01.png'
01:01.141  render           | Saved: '/Users/mohammedkalouti/Documents/Codex/2026-09-27/i/work/art/aircraft-final-production-v3/stage/assets/build/frames/unit.SA.fighter/beauty/fly/d15_f00.png'
01:01.657  render           | Saved: '/Users/mohammedkalouti/Documents/Codex/2026-09-27/i/work/art/aircraft-final-production-v3/stage/assets/build/frames/unit.SA.fighter/team/fly/d15_f00.png'
01:02.577  render           | Saved: '/Users/mohammedkalouti/Documents/Codex/2026-09-27/i/work/art/aircraft-final-production-v3/stage/assets/build/frames/unit.SA.fighter/shadow/fly/d15_f00.png'
01:03.210  render           | Saved: '/Users/mohammedkalouti/Documents/Codex/2026-09-27/i/work/art/aircraft-final-production-v3/stage/assets/build/frames/unit.SA.fighter/beauty/fly/d15_f01.png'
01:03.722  render           | Saved: '/Users/mohammedkalouti/Documents/Codex/2026-09-27/i/work/art/aircraft-final-production-v3/stage/assets/build/frames/unit.SA.fighter/team/fly/d15_f01.png'
01:04.629  render           | Saved: '/Users/mohammedkalouti/Documents/Codex/2026-09-27/i/work/art/aircraft-final-production-v3/stage/assets/build/frames/unit.SA.fighter/shadow/fly/d15_f01.png'
01:05.247  render           | Saved: '/Users/mohammedkalouti/Documents/Codex/2026-09-27/i/work/art/aircraft-final-production-v3/stage/assets/build/frames/unit.SA.fighter/beauty/bank_left/d00_f00.png'
01:05.908  render           | Saved: '/Users/mohammedkalouti/Documents/Codex/2026-09-27/i/work/art/aircraft-final-production-v3/stage/assets/build/frames/unit.SA.fighter/team/bank_left/d00_f00.png'
01:06.902  render           | Saved: '/Users/mohammedkalouti/Documents/Codex/2026-09-27/i/work/art/aircraft-final-production-v3/stage/assets/build/frames/unit.SA.fighter/shadow/bank_left/d00_f00.png'
01:07.584  render           | Saved: '/Users/mohammedkalouti/Documents/Codex/2026-09-27/i/work/art/aircraft-final-production-v3/stage/assets/build/frames/unit.SA.fighter/beauty/bank_left/d00_f01.png'
01:08.175  render           | Saved: '/Users/mohammedkalouti/Documents/Codex/2026-09-27/i/work/art/aircraft-final-production-v3/stage/assets/build/frames/unit.SA.fighter/team/bank_left/d00_f01.png'
01:09.200  render           | Saved: '/Users/mohammedkalouti/Documents/Codex/2026-09-27/i/work/art/aircraft-final-production-v3/stage/assets/build/frames/unit.SA.fighter/shadow/bank_left/d00_f01.png'
01:09.896  render           | Saved: '/Users/mohammedkalouti/Documents/Codex/2026-09-27/i/work/art/aircraft-final-production-v3/stage/assets/build/frames/unit.SA.fighter/beauty/bank_left/d01_f00.png'
01:10.476  render           | Saved: '/Users/mohammedkalouti/Documents/Codex/2026-09-27/i/work/art/aircraft-final-production-v3/stage/assets/build/frames/unit.SA.fighter/team/bank_left/d01_f00.png'
01:11.434  render           | Saved: '/Users/mohammedkalouti/Documents/Codex/2026-09-27/i/work/art/aircraft-final-production-v3/stage/assets/build/frames/unit.SA.fighter/shadow/bank_left/d01_f00.png'
01:12.147  render           | Saved: '/Users/mohammedkalouti/Documents/Codex/2026-09-27/i/work/art/aircraft-final-production-v3/stage/assets/build/frames/unit.SA.fighter/beauty/bank_left/d01_f01.png'
01:12.687  render           | Saved: '/Users/mohammedkalouti/Documents/Codex/2026-09-27/i/work/art/aircraft-final-production-v3/stage/assets/build/frames/unit.SA.fighter/team/bank_left/d01_f01.png'
01:13.785  render           | Saved: '/Users/mohammedkalouti/Documents/Codex/2026-09-27/i/work/art/aircraft-final-production-v3/stage/assets/build/frames/unit.SA.fighter/shadow/bank_left/d01_f01.png'
01:14.444  render           | Saved: '/Users/mohammedkalouti/Documents/Codex/2026-09-27/i/work/art/aircraft-final-production-v3/stage/assets/build/frames/unit.SA.fighter/beauty/bank_left/d02_f00.png'
01:15.027  render           | Saved: '/Users/mohammedkalouti/Documents/Codex/2026-09-27/i/work/art/aircraft-final-production-v3/stage/assets/build/frames/unit.SA.fighter/team/bank_left/d02_f00.png'
01:16.003  render           | Saved: '/Users/mohammedkalouti/Documents/Codex/2026-09-27/i/work/art/aircraft-final-production-v3/stage/assets/build/frames/unit.SA.fighter/shadow/bank_left/d02_f00.png'
01:16.639  render           | Saved: '/Users/mohammedkalouti/Documents/Codex/2026-09-27/i/work/art/aircraft-final-production-v3/stage/assets/build/frames/unit.SA.fighter/beauty/bank_left/d02_f01.png'
01:17.140  render           | Saved: '/Users/mohammedkalouti/Documents/Codex/2026-09-27/i/work/art/aircraft-final-production-v3/stage/assets/build/frames/unit.SA.fighter/team/bank_left/d02_f01.png'
01:18.112  render           | Saved: '/Users/mohammedkalouti/Documents/Codex/2026-09-27/i/work/art/aircraft-final-production-v3/stage/assets/build/frames/unit.SA.fighter/shadow/bank_left/d02_f01.png'
01:18.739  render           | Saved: '/Users/mohammedkalouti/Documents/Codex/2026-09-27/i/work/art/aircraft-final-production-v3/stage/assets/build/frames/unit.SA.fighter/beauty/bank_left/d03_f00.png'
01:19.228  render           | Saved: '/Users/mohammedkalouti/Documents/Codex/2026-09-27/i/work/art/aircraft-final-production-v3/stage/assets/build/frames/unit.SA.fighter/team/bank_left/d03_f00.png'
01:20.168  render           | Saved: '/Users/mohammedkalouti/Documents/Codex/2026-09-27/i/work/art/aircraft-final-production-v3/stage/assets/build/frames/unit.SA.fighter/shadow/bank_left/d03_f00.png'
01:20.771  render           | Saved: '/Users/mohammedkalouti/Documents/Codex/2026-09-27/i/work/art/aircraft-final-production-v3/stage/assets/build/frames/unit.SA.fighter/beauty/bank_left/d03_f01.png'
01:21.250  render           | Saved: '/Users/mohammedkalouti/Documents/Codex/2026-09-27/i/work/art/aircraft-final-production-v3/stage/assets/build/frames/unit.SA.fighter/team/bank_left/d03_f01.png'
01:22.102  render           | Saved: '/Users/mohammedkalouti/Documents/Codex/2026-09-27/i/work/art/aircraft-final-production-v3/stage/assets/build/frames/unit.SA.fighter/shadow/bank_left/d03_f01.png'
01:22.664  render           | Saved: '/Users/mohammedkalouti/Documents/Codex/2026-09-27/i/work/art/aircraft-final-production-v3/stage/assets/build/frames/unit.SA.fighter/beauty/bank_left/d04_f00.png'
01:23.149  render           | Saved: '/Users/mohammedkalouti/Documents/Codex/2026-09-27/i/work/art/aircraft-final-production-v3/stage/assets/build/frames/unit.SA.fighter/team/bank_left/d04_f00.png'
01:23.964  render           | Saved: '/Users/mohammedkalouti/Documents/Codex/2026-09-27/i/work/art/aircraft-final-production-v3/stage/assets/build/frames/unit.SA.fighter/shadow/bank_left/d04_f00.png'
01:24.528  render           | Saved: '/Users/mohammedkalouti/Documents/Codex/2026-09-27/i/work/art/aircraft-final-production-v3/stage/assets/build/frames/unit.SA.fighter/beauty/bank_left/d04_f01.png'
01:25.002  render           | Saved: '/Users/mohammedkalouti/Documents/Codex/2026-09-27/i/work/art/aircraft-final-production-v3/stage/assets/build/frames/unit.SA.fighter/team/bank_left/d04_f01.png'
01:25.848  render           | Saved: '/Users/mohammedkalouti/Documents/Codex/2026-09-27/i/work/art/aircraft-final-production-v3/stage/assets/build/frames/unit.SA.fighter/shadow/bank_left/d04_f01.png'
01:26.428  render           | Saved: '/Users/mohammedkalouti/Documents/Codex/2026-09-27/i/work/art/aircraft-final-production-v3/stage/assets/build/frames/unit.SA.fighter/beauty/bank_left/d05_f00.png'
01:26.910  render           | Saved: '/Users/mohammedkalouti/Documents/Codex/2026-09-27/i/work/art/aircraft-final-production-v3/stage/assets/build/frames/unit.SA.fighter/team/bank_left/d05_f00.png'
01:27.745  render           | Saved: '/Users/mohammedkalouti/Documents/Codex/2026-09-27/i/work/art/aircraft-final-production-v3/stage/assets/build/frames/unit.SA.fighter/shadow/bank_left/d05_f00.png'
01:28.364  render           | Saved: '/Users/mohammedkalouti/Documents/Codex/2026-09-27/i/work/art/aircraft-final-production-v3/stage/assets/build/frames/unit.SA.fighter/beauty/bank_left/d05_f01.png'
01:28.866  render           | Saved: '/Users/mohammedkalouti/Documents/Codex/2026-09-27/i/work/art/aircraft-final-production-v3/stage/assets/build/frames/unit.SA.fighter/team/bank_left/d05_f01.png'
01:29.744  render           | Saved: '/Users/mohammedkalouti/Documents/Codex/2026-09-27/i/work/art/aircraft-final-production-v3/stage/assets/build/frames/unit.SA.fighter/shadow/bank_left/d05_f01.png'
01:30.381  render           | Saved: '/Users/mohammedkalouti/Documents/Codex/2026-09-27/i/work/art/aircraft-final-production-v3/stage/assets/build/frames/unit.SA.fighter/beauty/bank_left/d06_f00.png'
01:30.930  render           | Saved: '/Users/mohammedkalouti/Documents/Codex/2026-09-27/i/work/art/aircraft-final-production-v3/stage/assets/build/frames/unit.SA.fighter/team/bank_left/d06_f00.png'
01:31.768  render           | Saved: '/Users/mohammedkalouti/Documents/Codex/2026-09-27/i/work/art/aircraft-final-production-v3/stage/assets/build/frames/unit.SA.fighter/shadow/bank_left/d06_f00.png'
01:32.373  render           | Saved: '/Users/mohammedkalouti/Documents/Codex/2026-09-27/i/work/art/aircraft-final-production-v3/stage/assets/build/frames/unit.SA.fighter/beauty/bank_left/d06_f01.png'
01:32.850  render           | Saved: '/Users/mohammedkalouti/Documents/Codex/2026-09-27/i/work/art/aircraft-final-production-v3/stage/assets/build/frames/unit.SA.fighter/team/bank_left/d06_f01.png'
01:33.660  render           | Saved: '/Users/mohammedkalouti/Documents/Codex/2026-09-27/i/work/art/aircraft-final-production-v3/stage/assets/build/frames/unit.SA.fighter/shadow/bank_left/d06_f01.png'
01:34.277  render           | Saved: '/Users/mohammedkalouti/Documents/Codex/2026-09-27/i/work/art/aircraft-final-production-v3/stage/assets/build/frames/unit.SA.fighter/beauty/bank_left/d07_f00.png'
01:34.752  render           | Saved: '/Users/mohammedkalouti/Documents/Codex/2026-09-27/i/work/art/aircraft-final-production-v3/stage/assets/build/frames/unit.SA.fighter/team/bank_left/d07_f00.png'
01:35.562  render           | Saved: '/Users/mohammedkalouti/Documents/Codex/2026-09-27/i/work/art/aircraft-final-production-v3/stage/assets/build/frames/unit.SA.fighter/shadow/bank_left/d07_f00.png'
01:36.145  render           | Saved: '/Users/mohammedkalouti/Documents/Codex/2026-09-27/i/work/art/aircraft-final-production-v3/stage/assets/build/frames/unit.SA.fighter/beauty/bank_left/d07_f01.png'
01:36.614  render           | Saved: '/Users/mohammedkalouti/Documents/Codex/2026-09-27/i/work/art/aircraft-final-production-v3/stage/assets/build/frames/unit.SA.fighter/team/bank_left/d07_f01.png'
01:37.427  render           | Saved: '/Users/mohammedkalouti/Documents/Codex/2026-09-27/i/work/art/aircraft-final-production-v3/stage/assets/build/frames/unit.SA.fighter/shadow/bank_left/d07_f01.png'
01:37.986  render           | Saved: '/Users/mohammedkalouti/Documents/Codex/2026-09-27/i/work/art/aircraft-final-production-v3/stage/assets/build/frames/unit.SA.fighter/beauty/bank_left/d08_f00.png'
01:38.474  render           | Saved: '/Users/mohammedkalouti/Documents/Codex/2026-09-27/i/work/art/aircraft-final-production-v3/stage/assets/build/frames/unit.SA.fighter/team/bank_left/d08_f00.png'
01:39.304  render           | Saved: '/Users/mohammedkalouti/Documents/Codex/2026-09-27/i/work/art/aircraft-final-production-v3/stage/assets/build/frames/unit.SA.fighter/shadow/bank_left/d08_f00.png'
01:39.894  render           | Saved: '/Users/mohammedkalouti/Documents/Codex/2026-09-27/i/work/art/aircraft-final-production-v3/stage/assets/build/frames/unit.SA.fighter/beauty/bank_left/d08_f01.png'
01:40.372  render           | Saved: '/Users/mohammedkalouti/Documents/Codex/2026-09-27/i/work/art/aircraft-final-production-v3/stage/assets/build/frames/unit.SA.fighter/team/bank_left/d08_f01.png'
01:41.177  render           | Saved: '/Users/mohammedkalouti/Documents/Codex/2026-09-27/i/work/art/aircraft-final-production-v3/stage/assets/build/frames/unit.SA.fighter/shadow/bank_left/d08_f01.png'
01:41.734  render           | Saved: '/Users/mohammedkalouti/Documents/Codex/2026-09-27/i/work/art/aircraft-final-production-v3/stage/assets/build/frames/unit.SA.fighter/beauty/bank_left/d09_f00.png'
01:42.220  render           | Saved: '/Users/mohammedkalouti/Documents/Codex/2026-09-27/i/work/art/aircraft-final-production-v3/stage/assets/build/frames/unit.SA.fighter/team/bank_left/d09_f00.png'
01:43.046  render           | Saved: '/Users/mohammedkalouti/Documents/Codex/2026-09-27/i/work/art/aircraft-final-production-v3/stage/assets/build/frames/unit.SA.fighter/shadow/bank_left/d09_f00.png'
01:43.612  render           | Saved: '/Users/mohammedkalouti/Documents/Codex/2026-09-27/i/work/art/aircraft-final-production-v3/stage/assets/build/frames/unit.SA.fighter/beauty/bank_left/d09_f01.png'
01:44.091  render           | Saved: '/Users/mohammedkalouti/Documents/Codex/2026-09-27/i/work/art/aircraft-final-production-v3/stage/assets/build/frames/unit.SA.fighter/team/bank_left/d09_f01.png'
01:44.887  render           | Saved: '/Users/mohammedkalouti/Documents/Codex/2026-09-27/i/work/art/aircraft-final-production-v3/stage/assets/build/frames/unit.SA.fighter/shadow/bank_left/d09_f01.png'
01:45.455  render           | Saved: '/Users/mohammedkalouti/Documents/Codex/2026-09-27/i/work/art/aircraft-final-production-v3/stage/assets/build/frames/unit.SA.fighter/beauty/bank_left/d10_f00.png'
01:45.942  render           | Saved: '/Users/mohammedkalouti/Documents/Codex/2026-09-27/i/work/art/aircraft-final-production-v3/stage/assets/build/frames/unit.SA.fighter/team/bank_left/d10_f00.png'
01:46.754  render           | Saved: '/Users/mohammedkalouti/Documents/Codex/2026-09-27/i/work/art/aircraft-final-production-v3/stage/assets/build/frames/unit.SA.fighter/shadow/bank_left/d10_f00.png'
01:47.333  render           | Saved: '/Users/mohammedkalouti/Documents/Codex/2026-09-27/i/work/art/aircraft-final-production-v3/stage/assets/build/frames/unit.SA.fighter/beauty/bank_left/d10_f01.png'
01:47.801  render           | Saved: '/Users/mohammedkalouti/Documents/Codex/2026-09-27/i/work/art/aircraft-final-production-v3/stage/assets/build/frames/unit.SA.fighter/team/bank_left/d10_f01.png'
01:48.610  render           | Saved: '/Users/mohammedkalouti/Documents/Codex/2026-09-27/i/work/art/aircraft-final-production-v3/stage/assets/build/frames/unit.SA.fighter/shadow/bank_left/d10_f01.png'
01:49.162  render           | Saved: '/Users/mohammedkalouti/Documents/Codex/2026-09-27/i/work/art/aircraft-final-production-v3/stage/assets/build/frames/unit.SA.fighter/beauty/bank_left/d11_f00.png'
01:49.634  render           | Saved: '/Users/mohammedkalouti/Documents/Codex/2026-09-27/i/work/art/aircraft-final-production-v3/stage/assets/build/frames/unit.SA.fighter/team/bank_left/d11_f00.png'
01:50.444  render           | Saved: '/Users/mohammedkalouti/Documents/Codex/2026-09-27/i/work/art/aircraft-final-production-v3/stage/assets/build/frames/unit.SA.fighter/shadow/bank_left/d11_f00.png'
01:50.993  render           | Saved: '/Users/mohammedkalouti/Documents/Codex/2026-09-27/i/work/art/aircraft-final-production-v3/stage/assets/build/frames/unit.SA.fighter/beauty/bank_left/d11_f01.png'
01:51.469  render           | Saved: '/Users/mohammedkalouti/Documents/Codex/2026-09-27/i/work/art/aircraft-final-production-v3/stage/assets/build/frames/unit.SA.fighter/team/bank_left/d11_f01.png'
01:52.286  render           | Saved: '/Users/mohammedkalouti/Documents/Codex/2026-09-27/i/work/art/aircraft-final-production-v3/stage/assets/build/frames/unit.SA.fighter/shadow/bank_left/d11_f01.png'
01:52.827  render           | Saved: '/Users/mohammedkalouti/Documents/Codex/2026-09-27/i/work/art/aircraft-final-production-v3/stage/assets/build/frames/unit.SA.fighter/beauty/bank_left/d12_f00.png'
01:53.302  render           | Saved: '/Users/mohammedkalouti/Documents/Codex/2026-09-27/i/work/art/aircraft-final-production-v3/stage/assets/build/frames/unit.SA.fighter/team/bank_left/d12_f00.png'
01:54.106  render           | Saved: '/Users/mohammedkalouti/Documents/Codex/2026-09-27/i/work/art/aircraft-final-production-v3/stage/assets/build/frames/unit.SA.fighter/shadow/bank_left/d12_f00.png'
01:54.642  render           | Saved: '/Users/mohammedkalouti/Documents/Codex/2026-09-27/i/work/art/aircraft-final-production-v3/stage/assets/build/frames/unit.SA.fighter/beauty/bank_left/d12_f01.png'
01:55.110  render           | Saved: '/Users/mohammedkalouti/Documents/Codex/2026-09-27/i/work/art/aircraft-final-production-v3/stage/assets/build/frames/unit.SA.fighter/team/bank_left/d12_f01.png'
01:55.945  render           | Saved: '/Users/mohammedkalouti/Documents/Codex/2026-09-27/i/work/art/aircraft-final-production-v3/stage/assets/build/frames/unit.SA.fighter/shadow/bank_left/d12_f01.png'
01:56.498  render           | Saved: '/Users/mohammedkalouti/Documents/Codex/2026-09-27/i/work/art/aircraft-final-production-v3/stage/assets/build/frames/unit.SA.fighter/beauty/bank_left/d13_f00.png'
01:56.989  render           | Saved: '/Users/mohammedkalouti/Documents/Codex/2026-09-27/i/work/art/aircraft-final-production-v3/stage/assets/build/frames/unit.SA.fighter/team/bank_left/d13_f00.png'
01:57.917  render           | Saved: '/Users/mohammedkalouti/Documents/Codex/2026-09-27/i/work/art/aircraft-final-production-v3/stage/assets/build/frames/unit.SA.fighter/shadow/bank_left/d13_f00.png'
01:58.510  render           | Saved: '/Users/mohammedkalouti/Documents/Codex/2026-09-27/i/work/art/aircraft-final-production-v3/stage/assets/build/frames/unit.SA.fighter/beauty/bank_left/d13_f01.png'
01:59.004  render           | Saved: '/Users/mohammedkalouti/Documents/Codex/2026-09-27/i/work/art/aircraft-final-production-v3/stage/assets/build/frames/unit.SA.fighter/team/bank_left/d13_f01.png'
01:59.876  render           | Saved: '/Users/mohammedkalouti/Documents/Codex/2026-09-27/i/work/art/aircraft-final-production-v3/stage/assets/build/frames/unit.SA.fighter/shadow/bank_left/d13_f01.png'
02:00.473  render           | Saved: '/Users/mohammedkalouti/Documents/Codex/2026-09-27/i/work/art/aircraft-final-production-v3/stage/assets/build/frames/unit.SA.fighter/beauty/bank_left/d14_f00.png'
02:00.960  render           | Saved: '/Users/mohammedkalouti/Documents/Codex/2026-09-27/i/work/art/aircraft-final-production-v3/stage/assets/build/frames/unit.SA.fighter/team/bank_left/d14_f00.png'
02:01.763  render           | Saved: '/Users/mohammedkalouti/Documents/Codex/2026-09-27/i/work/art/aircraft-final-production-v3/stage/assets/build/frames/unit.SA.fighter/shadow/bank_left/d14_f00.png'
02:02.328  render           | Saved: '/Users/mohammedkalouti/Documents/Codex/2026-09-27/i/work/art/aircraft-final-production-v3/stage/assets/build/frames/unit.SA.fighter/beauty/bank_left/d14_f01.png'
02:02.801  render           | Saved: '/Users/mohammedkalouti/Documents/Codex/2026-09-27/i/work/art/aircraft-final-production-v3/stage/assets/build/frames/unit.SA.fighter/team/bank_left/d14_f01.png'
02:03.627  render           | Saved: '/Users/mohammedkalouti/Documents/Codex/2026-09-27/i/work/art/aircraft-final-production-v3/stage/assets/build/frames/unit.SA.fighter/shadow/bank_left/d14_f01.png'
02:04.180  render           | Saved: '/Users/mohammedkalouti/Documents/Codex/2026-09-27/i/work/art/aircraft-final-production-v3/stage/assets/build/frames/unit.SA.fighter/beauty/bank_left/d15_f00.png'
02:04.650  render           | Saved: '/Users/mohammedkalouti/Documents/Codex/2026-09-27/i/work/art/aircraft-final-production-v3/stage/assets/build/frames/unit.SA.fighter/team/bank_left/d15_f00.png'
02:05.482  render           | Saved: '/Users/mohammedkalouti/Documents/Codex/2026-09-27/i/work/art/aircraft-final-production-v3/stage/assets/build/frames/unit.SA.fighter/shadow/bank_left/d15_f00.png'
02:06.074  render           | Saved: '/Users/mohammedkalouti/Documents/Codex/2026-09-27/i/work/art/aircraft-final-production-v3/stage/assets/build/frames/unit.SA.fighter/beauty/bank_left/d15_f01.png'
02:06.569  render           | Saved: '/Users/mohammedkalouti/Documents/Codex/2026-09-27/i/work/art/aircraft-final-production-v3/stage/assets/build/frames/unit.SA.fighter/team/bank_left/d15_f01.png'
02:07.402  render           | Saved: '/Users/mohammedkalouti/Documents/Codex/2026-09-27/i/work/art/aircraft-final-production-v3/stage/assets/build/frames/unit.SA.fighter/shadow/bank_left/d15_f01.png'
02:07.964  render           | Saved: '/Users/mohammedkalouti/Documents/Codex/2026-09-27/i/work/art/aircraft-final-production-v3/stage/assets/build/frames/unit.SA.fighter/beauty/bank_right/d00_f00.png'
02:08.451  render           | Saved: '/Users/mohammedkalouti/Documents/Codex/2026-09-27/i/work/art/aircraft-final-production-v3/stage/assets/build/frames/unit.SA.fighter/team/bank_right/d00_f00.png'
02:09.269  render           | Saved: '/Users/mohammedkalouti/Documents/Codex/2026-09-27/i/work/art/aircraft-final-production-v3/stage/assets/build/frames/unit.SA.fighter/shadow/bank_right/d00_f00.png'
02:09.844  render           | Saved: '/Users/mohammedkalouti/Documents/Codex/2026-09-27/i/work/art/aircraft-final-production-v3/stage/assets/build/frames/unit.SA.fighter/beauty/bank_right/d00_f01.png'
02:10.335  render           | Saved: '/Users/mohammedkalouti/Documents/Codex/2026-09-27/i/work/art/aircraft-final-production-v3/stage/assets/build/frames/unit.SA.fighter/team/bank_right/d00_f01.png'
02:11.156  render           | Saved: '/Users/mohammedkalouti/Documents/Codex/2026-09-27/i/work/art/aircraft-final-production-v3/stage/assets/build/frames/unit.SA.fighter/shadow/bank_right/d00_f01.png'
02:11.729  render           | Saved: '/Users/mohammedkalouti/Documents/Codex/2026-09-27/i/work/art/aircraft-final-production-v3/stage/assets/build/frames/unit.SA.fighter/beauty/bank_right/d01_f00.png'
02:12.219  render           | Saved: '/Users/mohammedkalouti/Documents/Codex/2026-09-27/i/work/art/aircraft-final-production-v3/stage/assets/build/frames/unit.SA.fighter/team/bank_right/d01_f00.png'
02:13.046  render           | Saved: '/Users/mohammedkalouti/Documents/Codex/2026-09-27/i/work/art/aircraft-final-production-v3/stage/assets/build/frames/unit.SA.fighter/shadow/bank_right/d01_f00.png'
02:13.621  render           | Saved: '/Users/mohammedkalouti/Documents/Codex/2026-09-27/i/work/art/aircraft-final-production-v3/stage/assets/build/frames/unit.SA.fighter/beauty/bank_right/d01_f01.png'
02:14.090  render           | Saved: '/Users/mohammedkalouti/Documents/Codex/2026-09-27/i/work/art/aircraft-final-production-v3/stage/assets/build/frames/unit.SA.fighter/team/bank_right/d01_f01.png'
02:14.916  render           | Saved: '/Users/mohammedkalouti/Documents/Codex/2026-09-27/i/work/art/aircraft-final-production-v3/stage/assets/build/frames/unit.SA.fighter/shadow/bank_right/d01_f01.png'
02:15.481  render           | Saved: '/Users/mohammedkalouti/Documents/Codex/2026-09-27/i/work/art/aircraft-final-production-v3/stage/assets/build/frames/unit.SA.fighter/beauty/bank_right/d02_f00.png'
02:15.970  render           | Saved: '/Users/mohammedkalouti/Documents/Codex/2026-09-27/i/work/art/aircraft-final-production-v3/stage/assets/build/frames/unit.SA.fighter/team/bank_right/d02_f00.png'
02:16.790  render           | Saved: '/Users/mohammedkalouti/Documents/Codex/2026-09-27/i/work/art/aircraft-final-production-v3/stage/assets/build/frames/unit.SA.fighter/shadow/bank_right/d02_f00.png'
02:17.350  render           | Saved: '/Users/mohammedkalouti/Documents/Codex/2026-09-27/i/work/art/aircraft-final-production-v3/stage/assets/build/frames/unit.SA.fighter/beauty/bank_right/d02_f01.png'
02:17.876  render           | Saved: '/Users/mohammedkalouti/Documents/Codex/2026-09-27/i/work/art/aircraft-final-production-v3/stage/assets/build/frames/unit.SA.fighter/team/bank_right/d02_f01.png'
02:18.710  render           | Saved: '/Users/mohammedkalouti/Documents/Codex/2026-09-27/i/work/art/aircraft-final-production-v3/stage/assets/build/frames/unit.SA.fighter/shadow/bank_right/d02_f01.png'
02:19.276  render           | Saved: '/Users/mohammedkalouti/Documents/Codex/2026-09-27/i/work/art/aircraft-final-production-v3/stage/assets/build/frames/unit.SA.fighter/beauty/bank_right/d03_f00.png'
02:19.740  render           | Saved: '/Users/mohammedkalouti/Documents/Codex/2026-09-27/i/work/art/aircraft-final-production-v3/stage/assets/build/frames/unit.SA.fighter/team/bank_right/d03_f00.png'
02:20.560  render           | Saved: '/Users/mohammedkalouti/Documents/Codex/2026-09-27/i/work/art/aircraft-final-production-v3/stage/assets/build/frames/unit.SA.fighter/shadow/bank_right/d03_f00.png'
02:21.146  render           | Saved: '/Users/mohammedkalouti/Documents/Codex/2026-09-27/i/work/art/aircraft-final-production-v3/stage/assets/build/frames/unit.SA.fighter/beauty/bank_right/d03_f01.png'
02:21.606  render           | Saved: '/Users/mohammedkalouti/Documents/Codex/2026-09-27/i/work/art/aircraft-final-production-v3/stage/assets/build/frames/unit.SA.fighter/team/bank_right/d03_f01.png'
02:22.418  render           | Saved: '/Users/mohammedkalouti/Documents/Codex/2026-09-27/i/work/art/aircraft-final-production-v3/stage/assets/build/frames/unit.SA.fighter/shadow/bank_right/d03_f01.png'
02:22.970  render           | Saved: '/Users/mohammedkalouti/Documents/Codex/2026-09-27/i/work/art/aircraft-final-production-v3/stage/assets/build/frames/unit.SA.fighter/beauty/bank_right/d04_f00.png'
02:23.455  render           | Saved: '/Users/mohammedkalouti/Documents/Codex/2026-09-27/i/work/art/aircraft-final-production-v3/stage/assets/build/frames/unit.SA.fighter/team/bank_right/d04_f00.png'
02:24.390  render           | Saved: '/Users/mohammedkalouti/Documents/Codex/2026-09-27/i/work/art/aircraft-final-production-v3/stage/assets/build/frames/unit.SA.fighter/shadow/bank_right/d04_f00.png'
02:24.974  render           | Saved: '/Users/mohammedkalouti/Documents/Codex/2026-09-27/i/work/art/aircraft-final-production-v3/stage/assets/build/frames/unit.SA.fighter/beauty/bank_right/d04_f01.png'
02:25.469  render           | Saved: '/Users/mohammedkalouti/Documents/Codex/2026-09-27/i/work/art/aircraft-final-production-v3/stage/assets/build/frames/unit.SA.fighter/team/bank_right/d04_f01.png'
02:26.290  render           | Saved: '/Users/mohammedkalouti/Documents/Codex/2026-09-27/i/work/art/aircraft-final-production-v3/stage/assets/build/frames/unit.SA.fighter/shadow/bank_right/d04_f01.png'
02:26.837  render           | Saved: '/Users/mohammedkalouti/Documents/Codex/2026-09-27/i/work/art/aircraft-final-production-v3/stage/assets/build/frames/unit.SA.fighter/beauty/bank_right/d05_f00.png'
02:27.320  render           | Saved: '/Users/mohammedkalouti/Documents/Codex/2026-09-27/i/work/art/aircraft-final-production-v3/stage/assets/build/frames/unit.SA.fighter/team/bank_right/d05_f00.png'
02:28.135  render           | Saved: '/Users/mohammedkalouti/Documents/Codex/2026-09-27/i/work/art/aircraft-final-production-v3/stage/assets/build/frames/unit.SA.fighter/shadow/bank_right/d05_f00.png'
02:28.689  render           | Saved: '/Users/mohammedkalouti/Documents/Codex/2026-09-27/i/work/art/aircraft-final-production-v3/stage/assets/build/frames/unit.SA.fighter/beauty/bank_right/d05_f01.png'
02:29.169  render           | Saved: '/Users/mohammedkalouti/Documents/Codex/2026-09-27/i/work/art/aircraft-final-production-v3/stage/assets/build/frames/unit.SA.fighter/team/bank_right/d05_f01.png'
02:30.016  render           | Saved: '/Users/mohammedkalouti/Documents/Codex/2026-09-27/i/work/art/aircraft-final-production-v3/stage/assets/build/frames/unit.SA.fighter/shadow/bank_right/d05_f01.png'
02:30.660  render           | Saved: '/Users/mohammedkalouti/Documents/Codex/2026-09-27/i/work/art/aircraft-final-production-v3/stage/assets/build/frames/unit.SA.fighter/beauty/bank_right/d06_f00.png'
02:31.178  render           | Saved: '/Users/mohammedkalouti/Documents/Codex/2026-09-27/i/work/art/aircraft-final-production-v3/stage/assets/build/frames/unit.SA.fighter/team/bank_right/d06_f00.png'
02:32.038  render           | Saved: '/Users/mohammedkalouti/Documents/Codex/2026-09-27/i/work/art/aircraft-final-production-v3/stage/assets/build/frames/unit.SA.fighter/shadow/bank_right/d06_f00.png'
02:32.626  render           | Saved: '/Users/mohammedkalouti/Documents/Codex/2026-09-27/i/work/art/aircraft-final-production-v3/stage/assets/build/frames/unit.SA.fighter/beauty/bank_right/d06_f01.png'
02:33.149  render           | Saved: '/Users/mohammedkalouti/Documents/Codex/2026-09-27/i/work/art/aircraft-final-production-v3/stage/assets/build/frames/unit.SA.fighter/team/bank_right/d06_f01.png'
02:34.005  render           | Saved: '/Users/mohammedkalouti/Documents/Codex/2026-09-27/i/work/art/aircraft-final-production-v3/stage/assets/build/frames/unit.SA.fighter/shadow/bank_right/d06_f01.png'
02:34.567  render           | Saved: '/Users/mohammedkalouti/Documents/Codex/2026-09-27/i/work/art/aircraft-final-production-v3/stage/assets/build/frames/unit.SA.fighter/beauty/bank_right/d07_f00.png'
02:35.052  render           | Saved: '/Users/mohammedkalouti/Documents/Codex/2026-09-27/i/work/art/aircraft-final-production-v3/stage/assets/build/frames/unit.SA.fighter/team/bank_right/d07_f00.png'
02:35.867  render           | Saved: '/Users/mohammedkalouti/Documents/Codex/2026-09-27/i/work/art/aircraft-final-production-v3/stage/assets/build/frames/unit.SA.fighter/shadow/bank_right/d07_f00.png'
02:36.441  render           | Saved: '/Users/mohammedkalouti/Documents/Codex/2026-09-27/i/work/art/aircraft-final-production-v3/stage/assets/build/frames/unit.SA.fighter/beauty/bank_right/d07_f01.png'
02:36.940  render           | Saved: '/Users/mohammedkalouti/Documents/Codex/2026-09-27/i/work/art/aircraft-final-production-v3/stage/assets/build/frames/unit.SA.fighter/team/bank_right/d07_f01.png'
02:37.773  render           | Saved: '/Users/mohammedkalouti/Documents/Codex/2026-09-27/i/work/art/aircraft-final-production-v3/stage/assets/build/frames/unit.SA.fighter/shadow/bank_right/d07_f01.png'
02:38.337  render           | Saved: '/Users/mohammedkalouti/Documents/Codex/2026-09-27/i/work/art/aircraft-final-production-v3/stage/assets/build/frames/unit.SA.fighter/beauty/bank_right/d08_f00.png'
02:38.807  render           | Saved: '/Users/mohammedkalouti/Documents/Codex/2026-09-27/i/work/art/aircraft-final-production-v3/stage/assets/build/frames/unit.SA.fighter/team/bank_right/d08_f00.png'
02:39.629  render           | Saved: '/Users/mohammedkalouti/Documents/Codex/2026-09-27/i/work/art/aircraft-final-production-v3/stage/assets/build/frames/unit.SA.fighter/shadow/bank_right/d08_f00.png'
02:40.178  render           | Saved: '/Users/mohammedkalouti/Documents/Codex/2026-09-27/i/work/art/aircraft-final-production-v3/stage/assets/build/frames/unit.SA.fighter/beauty/bank_right/d08_f01.png'
02:40.665  render           | Saved: '/Users/mohammedkalouti/Documents/Codex/2026-09-27/i/work/art/aircraft-final-production-v3/stage/assets/build/frames/unit.SA.fighter/team/bank_right/d08_f01.png'
02:41.508  render           | Saved: '/Users/mohammedkalouti/Documents/Codex/2026-09-27/i/work/art/aircraft-final-production-v3/stage/assets/build/frames/unit.SA.fighter/shadow/bank_right/d08_f01.png'
02:42.077  render           | Saved: '/Users/mohammedkalouti/Documents/Codex/2026-09-27/i/work/art/aircraft-final-production-v3/stage/assets/build/frames/unit.SA.fighter/beauty/bank_right/d09_f00.png'
02:42.552  render           | Saved: '/Users/mohammedkalouti/Documents/Codex/2026-09-27/i/work/art/aircraft-final-production-v3/stage/assets/build/frames/unit.SA.fighter/team/bank_right/d09_f00.png'
02:43.361  render           | Saved: '/Users/mohammedkalouti/Documents/Codex/2026-09-27/i/work/art/aircraft-final-production-v3/stage/assets/build/frames/unit.SA.fighter/shadow/bank_right/d09_f00.png'
02:43.914  render           | Saved: '/Users/mohammedkalouti/Documents/Codex/2026-09-27/i/work/art/aircraft-final-production-v3/stage/assets/build/frames/unit.SA.fighter/beauty/bank_right/d09_f01.png'
02:44.613  render           | Saved: '/Users/mohammedkalouti/Documents/Codex/2026-09-27/i/work/art/aircraft-final-production-v3/stage/assets/build/frames/unit.SA.fighter/team/bank_right/d09_f01.png'
02:45.435  render           | Saved: '/Users/mohammedkalouti/Documents/Codex/2026-09-27/i/work/art/aircraft-final-production-v3/stage/assets/build/frames/unit.SA.fighter/shadow/bank_right/d09_f01.png'
02:45.999  render           | Saved: '/Users/mohammedkalouti/Documents/Codex/2026-09-27/i/work/art/aircraft-final-production-v3/stage/assets/build/frames/unit.SA.fighter/beauty/bank_right/d10_f00.png'
02:46.485  render           | Saved: '/Users/mohammedkalouti/Documents/Codex/2026-09-27/i/work/art/aircraft-final-production-v3/stage/assets/build/frames/unit.SA.fighter/team/bank_right/d10_f00.png'
02:47.301  render           | Saved: '/Users/mohammedkalouti/Documents/Codex/2026-09-27/i/work/art/aircraft-final-production-v3/stage/assets/build/frames/unit.SA.fighter/shadow/bank_right/d10_f00.png'
02:47.870  render           | Saved: '/Users/mohammedkalouti/Documents/Codex/2026-09-27/i/work/art/aircraft-final-production-v3/stage/assets/build/frames/unit.SA.fighter/beauty/bank_right/d10_f01.png'
02:48.352  render           | Saved: '/Users/mohammedkalouti/Documents/Codex/2026-09-27/i/work/art/aircraft-final-production-v3/stage/assets/build/frames/unit.SA.fighter/team/bank_right/d10_f01.png'
02:49.179  render           | Saved: '/Users/mohammedkalouti/Documents/Codex/2026-09-27/i/work/art/aircraft-final-production-v3/stage/assets/build/frames/unit.SA.fighter/shadow/bank_right/d10_f01.png'
02:49.762  render           | Saved: '/Users/mohammedkalouti/Documents/Codex/2026-09-27/i/work/art/aircraft-final-production-v3/stage/assets/build/frames/unit.SA.fighter/beauty/bank_right/d11_f00.png'
02:50.242  render           | Saved: '/Users/mohammedkalouti/Documents/Codex/2026-09-27/i/work/art/aircraft-final-production-v3/stage/assets/build/frames/unit.SA.fighter/team/bank_right/d11_f00.png'
02:51.071  render           | Saved: '/Users/mohammedkalouti/Documents/Codex/2026-09-27/i/work/art/aircraft-final-production-v3/stage/assets/build/frames/unit.SA.fighter/shadow/bank_right/d11_f00.png'
02:51.642  render           | Saved: '/Users/mohammedkalouti/Documents/Codex/2026-09-27/i/work/art/aircraft-final-production-v3/stage/assets/build/frames/unit.SA.fighter/beauty/bank_right/d11_f01.png'
02:52.122  render           | Saved: '/Users/mohammedkalouti/Documents/Codex/2026-09-27/i/work/art/aircraft-final-production-v3/stage/assets/build/frames/unit.SA.fighter/team/bank_right/d11_f01.png'
02:52.965  render           | Saved: '/Users/mohammedkalouti/Documents/Codex/2026-09-27/i/work/art/aircraft-final-production-v3/stage/assets/build/frames/unit.SA.fighter/shadow/bank_right/d11_f01.png'
02:53.530  render           | Saved: '/Users/mohammedkalouti/Documents/Codex/2026-09-27/i/work/art/aircraft-final-production-v3/stage/assets/build/frames/unit.SA.fighter/beauty/bank_right/d12_f00.png'
02:54.022  render           | Saved: '/Users/mohammedkalouti/Documents/Codex/2026-09-27/i/work/art/aircraft-final-production-v3/stage/assets/build/frames/unit.SA.fighter/team/bank_right/d12_f00.png'
02:54.995  render           | Saved: '/Users/mohammedkalouti/Documents/Codex/2026-09-27/i/work/art/aircraft-final-production-v3/stage/assets/build/frames/unit.SA.fighter/shadow/bank_right/d12_f00.png'
02:55.588  render           | Saved: '/Users/mohammedkalouti/Documents/Codex/2026-09-27/i/work/art/aircraft-final-production-v3/stage/assets/build/frames/unit.SA.fighter/beauty/bank_right/d12_f01.png'
02:56.070  render           | Saved: '/Users/mohammedkalouti/Documents/Codex/2026-09-27/i/work/art/aircraft-final-production-v3/stage/assets/build/frames/unit.SA.fighter/team/bank_right/d12_f01.png'
02:56.893  render           | Saved: '/Users/mohammedkalouti/Documents/Codex/2026-09-27/i/work/art/aircraft-final-production-v3/stage/assets/build/frames/unit.SA.fighter/shadow/bank_right/d12_f01.png'
02:57.460  render           | Saved: '/Users/mohammedkalouti/Documents/Codex/2026-09-27/i/work/art/aircraft-final-production-v3/stage/assets/build/frames/unit.SA.fighter/beauty/bank_right/d13_f00.png'
02:57.958  render           | Saved: '/Users/mohammedkalouti/Documents/Codex/2026-09-27/i/work/art/aircraft-final-production-v3/stage/assets/build/frames/unit.SA.fighter/team/bank_right/d13_f00.png'
02:58.815  render           | Saved: '/Users/mohammedkalouti/Documents/Codex/2026-09-27/i/work/art/aircraft-final-production-v3/stage/assets/build/frames/unit.SA.fighter/shadow/bank_right/d13_f00.png'
02:59.424  render           | Saved: '/Users/mohammedkalouti/Documents/Codex/2026-09-27/i/work/art/aircraft-final-production-v3/stage/assets/build/frames/unit.SA.fighter/beauty/bank_right/d13_f01.png'
02:59.909  render           | Saved: '/Users/mohammedkalouti/Documents/Codex/2026-09-27/i/work/art/aircraft-final-production-v3/stage/assets/build/frames/unit.SA.fighter/team/bank_right/d13_f01.png'
03:00.723  render           | Saved: '/Users/mohammedkalouti/Documents/Codex/2026-09-27/i/work/art/aircraft-final-production-v3/stage/assets/build/frames/unit.SA.fighter/shadow/bank_right/d13_f01.png'
03:01.311  render           | Saved: '/Users/mohammedkalouti/Documents/Codex/2026-09-27/i/work/art/aircraft-final-production-v3/stage/assets/build/frames/unit.SA.fighter/beauty/bank_right/d14_f00.png'
03:01.805  render           | Saved: '/Users/mohammedkalouti/Documents/Codex/2026-09-27/i/work/art/aircraft-final-production-v3/stage/assets/build/frames/unit.SA.fighter/team/bank_right/d14_f00.png'
03:02.625  render           | Saved: '/Users/mohammedkalouti/Documents/Codex/2026-09-27/i/work/art/aircraft-final-production-v3/stage/assets/build/frames/unit.SA.fighter/shadow/bank_right/d14_f00.png'
03:03.218  render           | Saved: '/Users/mohammedkalouti/Documents/Codex/2026-09-27/i/work/art/aircraft-final-production-v3/stage/assets/build/frames/unit.SA.fighter/beauty/bank_right/d14_f01.png'
03:03.682  render           | Saved: '/Users/mohammedkalouti/Documents/Codex/2026-09-27/i/work/art/aircraft-final-production-v3/stage/assets/build/frames/unit.SA.fighter/team/bank_right/d14_f01.png'
03:04.504  render           | Saved: '/Users/mohammedkalouti/Documents/Codex/2026-09-27/i/work/art/aircraft-final-production-v3/stage/assets/build/frames/unit.SA.fighter/shadow/bank_right/d14_f01.png'
03:05.075  render           | Saved: '/Users/mohammedkalouti/Documents/Codex/2026-09-27/i/work/art/aircraft-final-production-v3/stage/assets/build/frames/unit.SA.fighter/beauty/bank_right/d15_f00.png'
03:05.557  render           | Saved: '/Users/mohammedkalouti/Documents/Codex/2026-09-27/i/work/art/aircraft-final-production-v3/stage/assets/build/frames/unit.SA.fighter/team/bank_right/d15_f00.png'
03:06.388  render           | Saved: '/Users/mohammedkalouti/Documents/Codex/2026-09-27/i/work/art/aircraft-final-production-v3/stage/assets/build/frames/unit.SA.fighter/shadow/bank_right/d15_f00.png'
03:07.002  render           | Saved: '/Users/mohammedkalouti/Documents/Codex/2026-09-27/i/work/art/aircraft-final-production-v3/stage/assets/build/frames/unit.SA.fighter/beauty/bank_right/d15_f01.png'
03:07.470  render           | Saved: '/Users/mohammedkalouti/Documents/Codex/2026-09-27/i/work/art/aircraft-final-production-v3/stage/assets/build/frames/unit.SA.fighter/team/bank_right/d15_f01.png'
03:08.297  render           | Saved: '/Users/mohammedkalouti/Documents/Codex/2026-09-27/i/work/art/aircraft-final-production-v3/stage/assets/build/frames/unit.SA.fighter/shadow/bank_right/d15_f01.png'
03:08.908  render           | Saved: '/Users/mohammedkalouti/Documents/Codex/2026-09-27/i/work/art/aircraft-final-production-v3/stage/assets/build/frames/unit.SA.fighter/beauty/fire/d00_f00.png'
03:09.399  render           | Saved: '/Users/mohammedkalouti/Documents/Codex/2026-09-27/i/work/art/aircraft-final-production-v3/stage/assets/build/frames/unit.SA.fighter/team/fire/d00_f00.png'
03:10.237  render           | Saved: '/Users/mohammedkalouti/Documents/Codex/2026-09-27/i/work/art/aircraft-final-production-v3/stage/assets/build/frames/unit.SA.fighter/shadow/fire/d00_f00.png'
03:10.817  render           | Saved: '/Users/mohammedkalouti/Documents/Codex/2026-09-27/i/work/art/aircraft-final-production-v3/stage/assets/build/frames/unit.SA.fighter/beauty/fire/d00_f01.png'
03:11.303  render           | Saved: '/Users/mohammedkalouti/Documents/Codex/2026-09-27/i/work/art/aircraft-final-production-v3/stage/assets/build/frames/unit.SA.fighter/team/fire/d00_f01.png'
03:12.123  render           | Saved: '/Users/mohammedkalouti/Documents/Codex/2026-09-27/i/work/art/aircraft-final-production-v3/stage/assets/build/frames/unit.SA.fighter/shadow/fire/d00_f01.png'
03:12.673  render           | Saved: '/Users/mohammedkalouti/Documents/Codex/2026-09-27/i/work/art/aircraft-final-production-v3/stage/assets/build/frames/unit.SA.fighter/beauty/fire/d01_f00.png'
03:13.162  render           | Saved: '/Users/mohammedkalouti/Documents/Codex/2026-09-27/i/work/art/aircraft-final-production-v3/stage/assets/build/frames/unit.SA.fighter/team/fire/d01_f00.png'
03:13.989  render           | Saved: '/Users/mohammedkalouti/Documents/Codex/2026-09-27/i/work/art/aircraft-final-production-v3/stage/assets/build/frames/unit.SA.fighter/shadow/fire/d01_f00.png'
03:14.549  render           | Saved: '/Users/mohammedkalouti/Documents/Codex/2026-09-27/i/work/art/aircraft-final-production-v3/stage/assets/build/frames/unit.SA.fighter/beauty/fire/d01_f01.png'
03:15.025  render           | Saved: '/Users/mohammedkalouti/Documents/Codex/2026-09-27/i/work/art/aircraft-final-production-v3/stage/assets/build/frames/unit.SA.fighter/team/fire/d01_f01.png'
03:15.880  render           | Saved: '/Users/mohammedkalouti/Documents/Codex/2026-09-27/i/work/art/aircraft-final-production-v3/stage/assets/build/frames/unit.SA.fighter/shadow/fire/d01_f01.png'
03:16.455  render           | Saved: '/Users/mohammedkalouti/Documents/Codex/2026-09-27/i/work/art/aircraft-final-production-v3/stage/assets/build/frames/unit.SA.fighter/beauty/fire/d02_f00.png'
03:16.934  render           | Saved: '/Users/mohammedkalouti/Documents/Codex/2026-09-27/i/work/art/aircraft-final-production-v3/stage/assets/build/frames/unit.SA.fighter/team/fire/d02_f00.png'
03:17.763  render           | Saved: '/Users/mohammedkalouti/Documents/Codex/2026-09-27/i/work/art/aircraft-final-production-v3/stage/assets/build/frames/unit.SA.fighter/shadow/fire/d02_f00.png'
03:18.328  render           | Saved: '/Users/mohammedkalouti/Documents/Codex/2026-09-27/i/work/art/aircraft-final-production-v3/stage/assets/build/frames/unit.SA.fighter/beauty/fire/d02_f01.png'
03:18.804  render           | Saved: '/Users/mohammedkalouti/Documents/Codex/2026-09-27/i/work/art/aircraft-final-production-v3/stage/assets/build/frames/unit.SA.fighter/team/fire/d02_f01.png'
03:19.632  render           | Saved: '/Users/mohammedkalouti/Documents/Codex/2026-09-27/i/work/art/aircraft-final-production-v3/stage/assets/build/frames/unit.SA.fighter/shadow/fire/d02_f01.png'
03:20.200  render           | Saved: '/Users/mohammedkalouti/Documents/Codex/2026-09-27/i/work/art/aircraft-final-production-v3/stage/assets/build/frames/unit.SA.fighter/beauty/fire/d03_f00.png'
03:20.690  render           | Saved: '/Users/mohammedkalouti/Documents/Codex/2026-09-27/i/work/art/aircraft-final-production-v3/stage/assets/build/frames/unit.SA.fighter/team/fire/d03_f00.png'
03:21.501  render           | Saved: '/Users/mohammedkalouti/Documents/Codex/2026-09-27/i/work/art/aircraft-final-production-v3/stage/assets/build/frames/unit.SA.fighter/shadow/fire/d03_f00.png'
03:22.064  render           | Saved: '/Users/mohammedkalouti/Documents/Codex/2026-09-27/i/work/art/aircraft-final-production-v3/stage/assets/build/frames/unit.SA.fighter/beauty/fire/d03_f01.png'
03:22.550  render           | Saved: '/Users/mohammedkalouti/Documents/Codex/2026-09-27/i/work/art/aircraft-final-production-v3/stage/assets/build/frames/unit.SA.fighter/team/fire/d03_f01.png'
03:23.376  render           | Saved: '/Users/mohammedkalouti/Documents/Codex/2026-09-27/i/work/art/aircraft-final-production-v3/stage/assets/build/frames/unit.SA.fighter/shadow/fire/d03_f01.png'
03:23.939  render           | Saved: '/Users/mohammedkalouti/Documents/Codex/2026-09-27/i/work/art/aircraft-final-production-v3/stage/assets/build/frames/unit.SA.fighter/beauty/fire/d04_f00.png'
03:24.430  render           | Saved: '/Users/mohammedkalouti/Documents/Codex/2026-09-27/i/work/art/aircraft-final-production-v3/stage/assets/build/frames/unit.SA.fighter/team/fire/d04_f00.png'
03:25.257  render           | Saved: '/Users/mohammedkalouti/Documents/Codex/2026-09-27/i/work/art/aircraft-final-production-v3/stage/assets/build/frames/unit.SA.fighter/shadow/fire/d04_f00.png'
03:25.828  render           | Saved: '/Users/mohammedkalouti/Documents/Codex/2026-09-27/i/work/art/aircraft-final-production-v3/stage/assets/build/frames/unit.SA.fighter/beauty/fire/d04_f01.png'
03:26.311  render           | Saved: '/Users/mohammedkalouti/Documents/Codex/2026-09-27/i/work/art/aircraft-final-production-v3/stage/assets/build/frames/unit.SA.fighter/team/fire/d04_f01.png'
03:27.142  render           | Saved: '/Users/mohammedkalouti/Documents/Codex/2026-09-27/i/work/art/aircraft-final-production-v3/stage/assets/build/frames/unit.SA.fighter/shadow/fire/d04_f01.png'
03:27.714  render           | Saved: '/Users/mohammedkalouti/Documents/Codex/2026-09-27/i/work/art/aircraft-final-production-v3/stage/assets/build/frames/unit.SA.fighter/beauty/fire/d05_f00.png'
03:28.206  render           | Saved: '/Users/mohammedkalouti/Documents/Codex/2026-09-27/i/work/art/aircraft-final-production-v3/stage/assets/build/frames/unit.SA.fighter/team/fire/d05_f00.png'
03:29.026  render           | Saved: '/Users/mohammedkalouti/Documents/Codex/2026-09-27/i/work/art/aircraft-final-production-v3/stage/assets/build/frames/unit.SA.fighter/shadow/fire/d05_f00.png'
03:29.593  render           | Saved: '/Users/mohammedkalouti/Documents/Codex/2026-09-27/i/work/art/aircraft-final-production-v3/stage/assets/build/frames/unit.SA.fighter/beauty/fire/d05_f01.png'
03:30.078  render           | Saved: '/Users/mohammedkalouti/Documents/Codex/2026-09-27/i/work/art/aircraft-final-production-v3/stage/assets/build/frames/unit.SA.fighter/team/fire/d05_f01.png'
03:30.884  render           | Saved: '/Users/mohammedkalouti/Documents/Codex/2026-09-27/i/work/art/aircraft-final-production-v3/stage/assets/build/frames/unit.SA.fighter/shadow/fire/d05_f01.png'
03:31.468  render           | Saved: '/Users/mohammedkalouti/Documents/Codex/2026-09-27/i/work/art/aircraft-final-production-v3/stage/assets/build/frames/unit.SA.fighter/beauty/fire/d06_f00.png'
03:31.959  render           | Saved: '/Users/mohammedkalouti/Documents/Codex/2026-09-27/i/work/art/aircraft-final-production-v3/stage/assets/build/frames/unit.SA.fighter/team/fire/d06_f00.png'
03:32.760  render           | Saved: '/Users/mohammedkalouti/Documents/Codex/2026-09-27/i/work/art/aircraft-final-production-v3/stage/assets/build/frames/unit.SA.fighter/shadow/fire/d06_f00.png'
03:33.323  render           | Saved: '/Users/mohammedkalouti/Documents/Codex/2026-09-27/i/work/art/aircraft-final-production-v3/stage/assets/build/frames/unit.SA.fighter/beauty/fire/d06_f01.png'
03:33.795  render           | Saved: '/Users/mohammedkalouti/Documents/Codex/2026-09-27/i/work/art/aircraft-final-production-v3/stage/assets/build/frames/unit.SA.fighter/team/fire/d06_f01.png'
03:34.603  render           | Saved: '/Users/mohammedkalouti/Documents/Codex/2026-09-27/i/work/art/aircraft-final-production-v3/stage/assets/build/frames/unit.SA.fighter/shadow/fire/d06_f01.png'
03:35.191  render           | Saved: '/Users/mohammedkalouti/Documents/Codex/2026-09-27/i/work/art/aircraft-final-production-v3/stage/assets/build/frames/unit.SA.fighter/beauty/fire/d07_f00.png'
03:35.669  render           | Saved: '/Users/mohammedkalouti/Documents/Codex/2026-09-27/i/work/art/aircraft-final-production-v3/stage/assets/build/frames/unit.SA.fighter/team/fire/d07_f00.png'
03:36.493  render           | Saved: '/Users/mohammedkalouti/Documents/Codex/2026-09-27/i/work/art/aircraft-final-production-v3/stage/assets/build/frames/unit.SA.fighter/shadow/fire/d07_f00.png'
03:37.069  render           | Saved: '/Users/mohammedkalouti/Documents/Codex/2026-09-27/i/work/art/aircraft-final-production-v3/stage/assets/build/frames/unit.SA.fighter/beauty/fire/d07_f01.png'
03:37.578  render           | Saved: '/Users/mohammedkalouti/Documents/Codex/2026-09-27/i/work/art/aircraft-final-production-v3/stage/assets/build/frames/unit.SA.fighter/team/fire/d07_f01.png'
03:38.431  render           | Saved: '/Users/mohammedkalouti/Documents/Codex/2026-09-27/i/work/art/aircraft-final-production-v3/stage/assets/build/frames/unit.SA.fighter/shadow/fire/d07_f01.png'
03:39.005  render           | Saved: '/Users/mohammedkalouti/Documents/Codex/2026-09-27/i/work/art/aircraft-final-production-v3/stage/assets/build/frames/unit.SA.fighter/beauty/fire/d08_f00.png'
03:39.491  render           | Saved: '/Users/mohammedkalouti/Documents/Codex/2026-09-27/i/work/art/aircraft-final-production-v3/stage/assets/build/frames/unit.SA.fighter/team/fire/d08_f00.png'
03:40.307  render           | Saved: '/Users/mohammedkalouti/Documents/Codex/2026-09-27/i/work/art/aircraft-final-production-v3/stage/assets/build/frames/unit.SA.fighter/shadow/fire/d08_f00.png'
03:40.894  render           | Saved: '/Users/mohammedkalouti/Documents/Codex/2026-09-27/i/work/art/aircraft-final-production-v3/stage/assets/build/frames/unit.SA.fighter/beauty/fire/d08_f01.png'
03:41.367  render           | Saved: '/Users/mohammedkalouti/Documents/Codex/2026-09-27/i/work/art/aircraft-final-production-v3/stage/assets/build/frames/unit.SA.fighter/team/fire/d08_f01.png'
03:42.186  render           | Saved: '/Users/mohammedkalouti/Documents/Codex/2026-09-27/i/work/art/aircraft-final-production-v3/stage/assets/build/frames/unit.SA.fighter/shadow/fire/d08_f01.png'
03:42.745  render           | Saved: '/Users/mohammedkalouti/Documents/Codex/2026-09-27/i/work/art/aircraft-final-production-v3/stage/assets/build/frames/unit.SA.fighter/beauty/fire/d09_f00.png'
03:43.238  render           | Saved: '/Users/mohammedkalouti/Documents/Codex/2026-09-27/i/work/art/aircraft-final-production-v3/stage/assets/build/frames/unit.SA.fighter/team/fire/d09_f00.png'
03:44.054  render           | Saved: '/Users/mohammedkalouti/Documents/Codex/2026-09-27/i/work/art/aircraft-final-production-v3/stage/assets/build/frames/unit.SA.fighter/shadow/fire/d09_f00.png'
03:44.614  render           | Saved: '/Users/mohammedkalouti/Documents/Codex/2026-09-27/i/work/art/aircraft-final-production-v3/stage/assets/build/frames/unit.SA.fighter/beauty/fire/d09_f01.png'
03:45.091  render           | Saved: '/Users/mohammedkalouti/Documents/Codex/2026-09-27/i/work/art/aircraft-final-production-v3/stage/assets/build/frames/unit.SA.fighter/team/fire/d09_f01.png'
03:45.915  render           | Saved: '/Users/mohammedkalouti/Documents/Codex/2026-09-27/i/work/art/aircraft-final-production-v3/stage/assets/build/frames/unit.SA.fighter/shadow/fire/d09_f01.png'
03:46.481  render           | Saved: '/Users/mohammedkalouti/Documents/Codex/2026-09-27/i/work/art/aircraft-final-production-v3/stage/assets/build/frames/unit.SA.fighter/beauty/fire/d10_f00.png'
03:46.963  render           | Saved: '/Users/mohammedkalouti/Documents/Codex/2026-09-27/i/work/art/aircraft-final-production-v3/stage/assets/build/frames/unit.SA.fighter/team/fire/d10_f00.png'
03:47.789  render           | Saved: '/Users/mohammedkalouti/Documents/Codex/2026-09-27/i/work/art/aircraft-final-production-v3/stage/assets/build/frames/unit.SA.fighter/shadow/fire/d10_f00.png'
03:48.355  render           | Saved: '/Users/mohammedkalouti/Documents/Codex/2026-09-27/i/work/art/aircraft-final-production-v3/stage/assets/build/frames/unit.SA.fighter/beauty/fire/d10_f01.png'
03:48.831  render           | Saved: '/Users/mohammedkalouti/Documents/Codex/2026-09-27/i/work/art/aircraft-final-production-v3/stage/assets/build/frames/unit.SA.fighter/team/fire/d10_f01.png'
03:49.707  render           | Saved: '/Users/mohammedkalouti/Documents/Codex/2026-09-27/i/work/art/aircraft-final-production-v3/stage/assets/build/frames/unit.SA.fighter/shadow/fire/d10_f01.png'
03:50.264  render           | Saved: '/Users/mohammedkalouti/Documents/Codex/2026-09-27/i/work/art/aircraft-final-production-v3/stage/assets/build/frames/unit.SA.fighter/beauty/fire/d11_f00.png'
03:50.739  render           | Saved: '/Users/mohammedkalouti/Documents/Codex/2026-09-27/i/work/art/aircraft-final-production-v3/stage/assets/build/frames/unit.SA.fighter/team/fire/d11_f00.png'
03:51.543  render           | Saved: '/Users/mohammedkalouti/Documents/Codex/2026-09-27/i/work/art/aircraft-final-production-v3/stage/assets/build/frames/unit.SA.fighter/shadow/fire/d11_f00.png'
03:52.124  render           | Saved: '/Users/mohammedkalouti/Documents/Codex/2026-09-27/i/work/art/aircraft-final-production-v3/stage/assets/build/frames/unit.SA.fighter/beauty/fire/d11_f01.png'
03:52.606  render           | Saved: '/Users/mohammedkalouti/Documents/Codex/2026-09-27/i/work/art/aircraft-final-production-v3/stage/assets/build/frames/unit.SA.fighter/team/fire/d11_f01.png'
03:53.444  render           | Saved: '/Users/mohammedkalouti/Documents/Codex/2026-09-27/i/work/art/aircraft-final-production-v3/stage/assets/build/frames/unit.SA.fighter/shadow/fire/d11_f01.png'
03:54.007  render           | Saved: '/Users/mohammedkalouti/Documents/Codex/2026-09-27/i/work/art/aircraft-final-production-v3/stage/assets/build/frames/unit.SA.fighter/beauty/fire/d12_f00.png'
03:54.483  render           | Saved: '/Users/mohammedkalouti/Documents/Codex/2026-09-27/i/work/art/aircraft-final-production-v3/stage/assets/build/frames/unit.SA.fighter/team/fire/d12_f00.png'
03:55.301  render           | Saved: '/Users/mohammedkalouti/Documents/Codex/2026-09-27/i/work/art/aircraft-final-production-v3/stage/assets/build/frames/unit.SA.fighter/shadow/fire/d12_f00.png'
03:55.869  render           | Saved: '/Users/mohammedkalouti/Documents/Codex/2026-09-27/i/work/art/aircraft-final-production-v3/stage/assets/build/frames/unit.SA.fighter/beauty/fire/d12_f01.png'
03:56.360  render           | Saved: '/Users/mohammedkalouti/Documents/Codex/2026-09-27/i/work/art/aircraft-final-production-v3/stage/assets/build/frames/unit.SA.fighter/team/fire/d12_f01.png'
03:57.166  render           | Saved: '/Users/mohammedkalouti/Documents/Codex/2026-09-27/i/work/art/aircraft-final-production-v3/stage/assets/build/frames/unit.SA.fighter/shadow/fire/d12_f01.png'
03:57.731  render           | Saved: '/Users/mohammedkalouti/Documents/Codex/2026-09-27/i/work/art/aircraft-final-production-v3/stage/assets/build/frames/unit.SA.fighter/beauty/fire/d13_f00.png'
03:58.203  render           | Saved: '/Users/mohammedkalouti/Documents/Codex/2026-09-27/i/work/art/aircraft-final-production-v3/stage/assets/build/frames/unit.SA.fighter/team/fire/d13_f00.png'
03:59.047  render           | Saved: '/Users/mohammedkalouti/Documents/Codex/2026-09-27/i/work/art/aircraft-final-production-v3/stage/assets/build/frames/unit.SA.fighter/shadow/fire/d13_f00.png'
03:59.621  render           | Saved: '/Users/mohammedkalouti/Documents/Codex/2026-09-27/i/work/art/aircraft-final-production-v3/stage/assets/build/frames/unit.SA.fighter/beauty/fire/d13_f01.png'
04:00.112  render           | Saved: '/Users/mohammedkalouti/Documents/Codex/2026-09-27/i/work/art/aircraft-final-production-v3/stage/assets/build/frames/unit.SA.fighter/team/fire/d13_f01.png'
04:00.934  render           | Saved: '/Users/mohammedkalouti/Documents/Codex/2026-09-27/i/work/art/aircraft-final-production-v3/stage/assets/build/frames/unit.SA.fighter/shadow/fire/d13_f01.png'
04:01.512  render           | Saved: '/Users/mohammedkalouti/Documents/Codex/2026-09-27/i/work/art/aircraft-final-production-v3/stage/assets/build/frames/unit.SA.fighter/beauty/fire/d14_f00.png'
04:02.005  render           | Saved: '/Users/mohammedkalouti/Documents/Codex/2026-09-27/i/work/art/aircraft-final-production-v3/stage/assets/build/frames/unit.SA.fighter/team/fire/d14_f00.png'
04:02.832  render           | Saved: '/Users/mohammedkalouti/Documents/Codex/2026-09-27/i/work/art/aircraft-final-production-v3/stage/assets/build/frames/unit.SA.fighter/shadow/fire/d14_f00.png'
04:03.430  render           | Saved: '/Users/mohammedkalouti/Documents/Codex/2026-09-27/i/work/art/aircraft-final-production-v3/stage/assets/build/frames/unit.SA.fighter/beauty/fire/d14_f01.png'
04:03.907  render           | Saved: '/Users/mohammedkalouti/Documents/Codex/2026-09-27/i/work/art/aircraft-final-production-v3/stage/assets/build/frames/unit.SA.fighter/team/fire/d14_f01.png'
04:04.729  render           | Saved: '/Users/mohammedkalouti/Documents/Codex/2026-09-27/i/work/art/aircraft-final-production-v3/stage/assets/build/frames/unit.SA.fighter/shadow/fire/d14_f01.png'
04:05.309  render           | Saved: '/Users/mohammedkalouti/Documents/Codex/2026-09-27/i/work/art/aircraft-final-production-v3/stage/assets/build/frames/unit.SA.fighter/beauty/fire/d15_f00.png'
04:05.806  render           | Saved: '/Users/mohammedkalouti/Documents/Codex/2026-09-27/i/work/art/aircraft-final-production-v3/stage/assets/build/frames/unit.SA.fighter/team/fire/d15_f00.png'
04:06.657  render           | Saved: '/Users/mohammedkalouti/Documents/Codex/2026-09-27/i/work/art/aircraft-final-production-v3/stage/assets/build/frames/unit.SA.fighter/shadow/fire/d15_f00.png'
04:07.310  render           | Saved: '/Users/mohammedkalouti/Documents/Codex/2026-09-27/i/work/art/aircraft-final-production-v3/stage/assets/build/frames/unit.SA.fighter/beauty/fire/d15_f01.png'
04:07.791  render           | Saved: '/Users/mohammedkalouti/Documents/Codex/2026-09-27/i/work/art/aircraft-final-production-v3/stage/assets/build/frames/unit.SA.fighter/team/fire/d15_f01.png'
04:08.598  render           | Saved: '/Users/mohammedkalouti/Documents/Codex/2026-09-27/i/work/art/aircraft-final-production-v3/stage/assets/build/frames/unit.SA.fighter/shadow/fire/d15_f01.png'
04:09.157  render           | Saved: '/Users/mohammedkalouti/Documents/Codex/2026-09-27/i/work/art/aircraft-final-production-v3/stage/assets/build/frames/unit.SA.fighter/beauty/empty/d00_f00.png'
04:09.629  render           | Saved: '/Users/mohammedkalouti/Documents/Codex/2026-09-27/i/work/art/aircraft-final-production-v3/stage/assets/build/frames/unit.SA.fighter/team/empty/d00_f00.png'
04:10.580  render           | Saved: '/Users/mohammedkalouti/Documents/Codex/2026-09-27/i/work/art/aircraft-final-production-v3/stage/assets/build/frames/unit.SA.fighter/shadow/empty/d00_f00.png'
04:11.157  render           | Saved: '/Users/mohammedkalouti/Documents/Codex/2026-09-27/i/work/art/aircraft-final-production-v3/stage/assets/build/frames/unit.SA.fighter/beauty/empty/d00_f01.png'
04:11.627  render           | Saved: '/Users/mohammedkalouti/Documents/Codex/2026-09-27/i/work/art/aircraft-final-production-v3/stage/assets/build/frames/unit.SA.fighter/team/empty/d00_f01.png'
04:12.448  render           | Saved: '/Users/mohammedkalouti/Documents/Codex/2026-09-27/i/work/art/aircraft-final-production-v3/stage/assets/build/frames/unit.SA.fighter/shadow/empty/d00_f01.png'
04:12.998  render           | Saved: '/Users/mohammedkalouti/Documents/Codex/2026-09-27/i/work/art/aircraft-final-production-v3/stage/assets/build/frames/unit.SA.fighter/beauty/empty/d01_f00.png'
04:13.469  render           | Saved: '/Users/mohammedkalouti/Documents/Codex/2026-09-27/i/work/art/aircraft-final-production-v3/stage/assets/build/frames/unit.SA.fighter/team/empty/d01_f00.png'
04:14.277  render           | Saved: '/Users/mohammedkalouti/Documents/Codex/2026-09-27/i/work/art/aircraft-final-production-v3/stage/assets/build/frames/unit.SA.fighter/shadow/empty/d01_f00.png'
04:14.824  render           | Saved: '/Users/mohammedkalouti/Documents/Codex/2026-09-27/i/work/art/aircraft-final-production-v3/stage/assets/build/frames/unit.SA.fighter/beauty/empty/d01_f01.png'
04:15.307  render           | Saved: '/Users/mohammedkalouti/Documents/Codex/2026-09-27/i/work/art/aircraft-final-production-v3/stage/assets/build/frames/unit.SA.fighter/team/empty/d01_f01.png'
04:16.110  render           | Saved: '/Users/mohammedkalouti/Documents/Codex/2026-09-27/i/work/art/aircraft-final-production-v3/stage/assets/build/frames/unit.SA.fighter/shadow/empty/d01_f01.png'
04:16.666  render           | Saved: '/Users/mohammedkalouti/Documents/Codex/2026-09-27/i/work/art/aircraft-final-production-v3/stage/assets/build/frames/unit.SA.fighter/beauty/empty/d02_f00.png'
04:17.142  render           | Saved: '/Users/mohammedkalouti/Documents/Codex/2026-09-27/i/work/art/aircraft-final-production-v3/stage/assets/build/frames/unit.SA.fighter/team/empty/d02_f00.png'
04:17.976  render           | Saved: '/Users/mohammedkalouti/Documents/Codex/2026-09-27/i/work/art/aircraft-final-production-v3/stage/assets/build/frames/unit.SA.fighter/shadow/empty/d02_f00.png'
04:18.538  render           | Saved: '/Users/mohammedkalouti/Documents/Codex/2026-09-27/i/work/art/aircraft-final-production-v3/stage/assets/build/frames/unit.SA.fighter/beauty/empty/d02_f01.png'
04:19.021  render           | Saved: '/Users/mohammedkalouti/Documents/Codex/2026-09-27/i/work/art/aircraft-final-production-v3/stage/assets/build/frames/unit.SA.fighter/team/empty/d02_f01.png'
04:19.833  render           | Saved: '/Users/mohammedkalouti/Documents/Codex/2026-09-27/i/work/art/aircraft-final-production-v3/stage/assets/build/frames/unit.SA.fighter/shadow/empty/d02_f01.png'
04:20.405  render           | Saved: '/Users/mohammedkalouti/Documents/Codex/2026-09-27/i/work/art/aircraft-final-production-v3/stage/assets/build/frames/unit.SA.fighter/beauty/empty/d03_f00.png'
04:20.887  render           | Saved: '/Users/mohammedkalouti/Documents/Codex/2026-09-27/i/work/art/aircraft-final-production-v3/stage/assets/build/frames/unit.SA.fighter/team/empty/d03_f00.png'
04:21.701  render           | Saved: '/Users/mohammedkalouti/Documents/Codex/2026-09-27/i/work/art/aircraft-final-production-v3/stage/assets/build/frames/unit.SA.fighter/shadow/empty/d03_f00.png'
04:22.266  render           | Saved: '/Users/mohammedkalouti/Documents/Codex/2026-09-27/i/work/art/aircraft-final-production-v3/stage/assets/build/frames/unit.SA.fighter/beauty/empty/d03_f01.png'
04:22.732  render           | Saved: '/Users/mohammedkalouti/Documents/Codex/2026-09-27/i/work/art/aircraft-final-production-v3/stage/assets/build/frames/unit.SA.fighter/team/empty/d03_f01.png'
04:23.556  render           | Saved: '/Users/mohammedkalouti/Documents/Codex/2026-09-27/i/work/art/aircraft-final-production-v3/stage/assets/build/frames/unit.SA.fighter/shadow/empty/d03_f01.png'
04:24.122  render           | Saved: '/Users/mohammedkalouti/Documents/Codex/2026-09-27/i/work/art/aircraft-final-production-v3/stage/assets/build/frames/unit.SA.fighter/beauty/empty/d04_f00.png'
04:24.607  render           | Saved: '/Users/mohammedkalouti/Documents/Codex/2026-09-27/i/work/art/aircraft-final-production-v3/stage/assets/build/frames/unit.SA.fighter/team/empty/d04_f00.png'
04:25.441  render           | Saved: '/Users/mohammedkalouti/Documents/Codex/2026-09-27/i/work/art/aircraft-final-production-v3/stage/assets/build/frames/unit.SA.fighter/shadow/empty/d04_f00.png'
04:26.001  render           | Saved: '/Users/mohammedkalouti/Documents/Codex/2026-09-27/i/work/art/aircraft-final-production-v3/stage/assets/build/frames/unit.SA.fighter/beauty/empty/d04_f01.png'
04:26.485  render           | Saved: '/Users/mohammedkalouti/Documents/Codex/2026-09-27/i/work/art/aircraft-final-production-v3/stage/assets/build/frames/unit.SA.fighter/team/empty/d04_f01.png'
04:27.309  render           | Saved: '/Users/mohammedkalouti/Documents/Codex/2026-09-27/i/work/art/aircraft-final-production-v3/stage/assets/build/frames/unit.SA.fighter/shadow/empty/d04_f01.png'
04:27.872  render           | Saved: '/Users/mohammedkalouti/Documents/Codex/2026-09-27/i/work/art/aircraft-final-production-v3/stage/assets/build/frames/unit.SA.fighter/beauty/empty/d05_f00.png'
04:28.371  render           | Saved: '/Users/mohammedkalouti/Documents/Codex/2026-09-27/i/work/art/aircraft-final-production-v3/stage/assets/build/frames/unit.SA.fighter/team/empty/d05_f00.png'
04:29.190  render           | Saved: '/Users/mohammedkalouti/Documents/Codex/2026-09-27/i/work/art/aircraft-final-production-v3/stage/assets/build/frames/unit.SA.fighter/shadow/empty/d05_f00.png'
04:29.765  render           | Saved: '/Users/mohammedkalouti/Documents/Codex/2026-09-27/i/work/art/aircraft-final-production-v3/stage/assets/build/frames/unit.SA.fighter/beauty/empty/d05_f01.png'
04:30.270  render           | Saved: '/Users/mohammedkalouti/Documents/Codex/2026-09-27/i/work/art/aircraft-final-production-v3/stage/assets/build/frames/unit.SA.fighter/team/empty/d05_f01.png'
04:31.102  render           | Saved: '/Users/mohammedkalouti/Documents/Codex/2026-09-27/i/work/art/aircraft-final-production-v3/stage/assets/build/frames/unit.SA.fighter/shadow/empty/d05_f01.png'
04:31.666  render           | Saved: '/Users/mohammedkalouti/Documents/Codex/2026-09-27/i/work/art/aircraft-final-production-v3/stage/assets/build/frames/unit.SA.fighter/beauty/empty/d06_f00.png'
04:32.161  render           | Saved: '/Users/mohammedkalouti/Documents/Codex/2026-09-27/i/work/art/aircraft-final-production-v3/stage/assets/build/frames/unit.SA.fighter/team/empty/d06_f00.png'
04:32.966  render           | Saved: '/Users/mohammedkalouti/Documents/Codex/2026-09-27/i/work/art/aircraft-final-production-v3/stage/assets/build/frames/unit.SA.fighter/shadow/empty/d06_f00.png'
04:33.529  render           | Saved: '/Users/mohammedkalouti/Documents/Codex/2026-09-27/i/work/art/aircraft-final-production-v3/stage/assets/build/frames/unit.SA.fighter/beauty/empty/d06_f01.png'
04:34.010  render           | Saved: '/Users/mohammedkalouti/Documents/Codex/2026-09-27/i/work/art/aircraft-final-production-v3/stage/assets/build/frames/unit.SA.fighter/team/empty/d06_f01.png'
04:34.837  render           | Saved: '/Users/mohammedkalouti/Documents/Codex/2026-09-27/i/work/art/aircraft-final-production-v3/stage/assets/build/frames/unit.SA.fighter/shadow/empty/d06_f01.png'
04:35.411  render           | Saved: '/Users/mohammedkalouti/Documents/Codex/2026-09-27/i/work/art/aircraft-final-production-v3/stage/assets/build/frames/unit.SA.fighter/beauty/empty/d07_f00.png'
04:35.896  render           | Saved: '/Users/mohammedkalouti/Documents/Codex/2026-09-27/i/work/art/aircraft-final-production-v3/stage/assets/build/frames/unit.SA.fighter/team/empty/d07_f00.png'
04:36.739  render           | Saved: '/Users/mohammedkalouti/Documents/Codex/2026-09-27/i/work/art/aircraft-final-production-v3/stage/assets/build/frames/unit.SA.fighter/shadow/empty/d07_f00.png'
04:37.301  render           | Saved: '/Users/mohammedkalouti/Documents/Codex/2026-09-27/i/work/art/aircraft-final-production-v3/stage/assets/build/frames/unit.SA.fighter/beauty/empty/d07_f01.png'
04:37.774  render           | Saved: '/Users/mohammedkalouti/Documents/Codex/2026-09-27/i/work/art/aircraft-final-production-v3/stage/assets/build/frames/unit.SA.fighter/team/empty/d07_f01.png'
04:38.583  render           | Saved: '/Users/mohammedkalouti/Documents/Codex/2026-09-27/i/work/art/aircraft-final-production-v3/stage/assets/build/frames/unit.SA.fighter/shadow/empty/d07_f01.png'
04:39.163  render           | Saved: '/Users/mohammedkalouti/Documents/Codex/2026-09-27/i/work/art/aircraft-final-production-v3/stage/assets/build/frames/unit.SA.fighter/beauty/empty/d08_f00.png'
04:39.634  render           | Saved: '/Users/mohammedkalouti/Documents/Codex/2026-09-27/i/work/art/aircraft-final-production-v3/stage/assets/build/frames/unit.SA.fighter/team/empty/d08_f00.png'
04:40.449  render           | Saved: '/Users/mohammedkalouti/Documents/Codex/2026-09-27/i/work/art/aircraft-final-production-v3/stage/assets/build/frames/unit.SA.fighter/shadow/empty/d08_f00.png'
04:41.025  render           | Saved: '/Users/mohammedkalouti/Documents/Codex/2026-09-27/i/work/art/aircraft-final-production-v3/stage/assets/build/frames/unit.SA.fighter/beauty/empty/d08_f01.png'
04:41.511  render           | Saved: '/Users/mohammedkalouti/Documents/Codex/2026-09-27/i/work/art/aircraft-final-production-v3/stage/assets/build/frames/unit.SA.fighter/team/empty/d08_f01.png'
04:42.334  render           | Saved: '/Users/mohammedkalouti/Documents/Codex/2026-09-27/i/work/art/aircraft-final-production-v3/stage/assets/build/frames/unit.SA.fighter/shadow/empty/d08_f01.png'
04:42.906  render           | Saved: '/Users/mohammedkalouti/Documents/Codex/2026-09-27/i/work/art/aircraft-final-production-v3/stage/assets/build/frames/unit.SA.fighter/beauty/empty/d09_f00.png'
04:43.391  render           | Saved: '/Users/mohammedkalouti/Documents/Codex/2026-09-27/i/work/art/aircraft-final-production-v3/stage/assets/build/frames/unit.SA.fighter/team/empty/d09_f00.png'
04:44.206  render           | Saved: '/Users/mohammedkalouti/Documents/Codex/2026-09-27/i/work/art/aircraft-final-production-v3/stage/assets/build/frames/unit.SA.fighter/shadow/empty/d09_f00.png'
04:44.815  render           | Saved: '/Users/mohammedkalouti/Documents/Codex/2026-09-27/i/work/art/aircraft-final-production-v3/stage/assets/build/frames/unit.SA.fighter/beauty/empty/d09_f01.png'
04:45.298  render           | Saved: '/Users/mohammedkalouti/Documents/Codex/2026-09-27/i/work/art/aircraft-final-production-v3/stage/assets/build/frames/unit.SA.fighter/team/empty/d09_f01.png'
04:46.135  render           | Saved: '/Users/mohammedkalouti/Documents/Codex/2026-09-27/i/work/art/aircraft-final-production-v3/stage/assets/build/frames/unit.SA.fighter/shadow/empty/d09_f01.png'
04:46.689  render           | Saved: '/Users/mohammedkalouti/Documents/Codex/2026-09-27/i/work/art/aircraft-final-production-v3/stage/assets/build/frames/unit.SA.fighter/beauty/empty/d10_f00.png'
04:47.178  render           | Saved: '/Users/mohammedkalouti/Documents/Codex/2026-09-27/i/work/art/aircraft-final-production-v3/stage/assets/build/frames/unit.SA.fighter/team/empty/d10_f00.png'
04:48.006  render           | Saved: '/Users/mohammedkalouti/Documents/Codex/2026-09-27/i/work/art/aircraft-final-production-v3/stage/assets/build/frames/unit.SA.fighter/shadow/empty/d10_f00.png'
04:48.570  render           | Saved: '/Users/mohammedkalouti/Documents/Codex/2026-09-27/i/work/art/aircraft-final-production-v3/stage/assets/build/frames/unit.SA.fighter/beauty/empty/d10_f01.png'
04:49.062  render           | Saved: '/Users/mohammedkalouti/Documents/Codex/2026-09-27/i/work/art/aircraft-final-production-v3/stage/assets/build/frames/unit.SA.fighter/team/empty/d10_f01.png'
04:49.895  render           | Saved: '/Users/mohammedkalouti/Documents/Codex/2026-09-27/i/work/art/aircraft-final-production-v3/stage/assets/build/frames/unit.SA.fighter/shadow/empty/d10_f01.png'
04:50.456  render           | Saved: '/Users/mohammedkalouti/Documents/Codex/2026-09-27/i/work/art/aircraft-final-production-v3/stage/assets/build/frames/unit.SA.fighter/beauty/empty/d11_f00.png'
04:50.939  render           | Saved: '/Users/mohammedkalouti/Documents/Codex/2026-09-27/i/work/art/aircraft-final-production-v3/stage/assets/build/frames/unit.SA.fighter/team/empty/d11_f00.png'
04:51.763  render           | Saved: '/Users/mohammedkalouti/Documents/Codex/2026-09-27/i/work/art/aircraft-final-production-v3/stage/assets/build/frames/unit.SA.fighter/shadow/empty/d11_f00.png'
04:52.347  render           | Saved: '/Users/mohammedkalouti/Documents/Codex/2026-09-27/i/work/art/aircraft-final-production-v3/stage/assets/build/frames/unit.SA.fighter/beauty/empty/d11_f01.png'
04:52.827  render           | Saved: '/Users/mohammedkalouti/Documents/Codex/2026-09-27/i/work/art/aircraft-final-production-v3/stage/assets/build/frames/unit.SA.fighter/team/empty/d11_f01.png'
04:53.622  render           | Saved: '/Users/mohammedkalouti/Documents/Codex/2026-09-27/i/work/art/aircraft-final-production-v3/stage/assets/build/frames/unit.SA.fighter/shadow/empty/d11_f01.png'
04:54.179  render           | Saved: '/Users/mohammedkalouti/Documents/Codex/2026-09-27/i/work/art/aircraft-final-production-v3/stage/assets/build/frames/unit.SA.fighter/beauty/empty/d12_f00.png'
04:54.659  render           | Saved: '/Users/mohammedkalouti/Documents/Codex/2026-09-27/i/work/art/aircraft-final-production-v3/stage/assets/build/frames/unit.SA.fighter/team/empty/d12_f00.png'
04:55.459  render           | Saved: '/Users/mohammedkalouti/Documents/Codex/2026-09-27/i/work/art/aircraft-final-production-v3/stage/assets/build/frames/unit.SA.fighter/shadow/empty/d12_f00.png'
04:56.024  render           | Saved: '/Users/mohammedkalouti/Documents/Codex/2026-09-27/i/work/art/aircraft-final-production-v3/stage/assets/build/frames/unit.SA.fighter/beauty/empty/d12_f01.png'
04:56.501  render           | Saved: '/Users/mohammedkalouti/Documents/Codex/2026-09-27/i/work/art/aircraft-final-production-v3/stage/assets/build/frames/unit.SA.fighter/team/empty/d12_f01.png'
04:57.357  render           | Saved: '/Users/mohammedkalouti/Documents/Codex/2026-09-27/i/work/art/aircraft-final-production-v3/stage/assets/build/frames/unit.SA.fighter/shadow/empty/d12_f01.png'
04:57.918  render           | Saved: '/Users/mohammedkalouti/Documents/Codex/2026-09-27/i/work/art/aircraft-final-production-v3/stage/assets/build/frames/unit.SA.fighter/beauty/empty/d13_f00.png'
04:58.390  render           | Saved: '/Users/mohammedkalouti/Documents/Codex/2026-09-27/i/work/art/aircraft-final-production-v3/stage/assets/build/frames/unit.SA.fighter/team/empty/d13_f00.png'
04:59.221  render           | Saved: '/Users/mohammedkalouti/Documents/Codex/2026-09-27/i/work/art/aircraft-final-production-v3/stage/assets/build/frames/unit.SA.fighter/shadow/empty/d13_f00.png'
04:59.805  render           | Saved: '/Users/mohammedkalouti/Documents/Codex/2026-09-27/i/work/art/aircraft-final-production-v3/stage/assets/build/frames/unit.SA.fighter/beauty/empty/d13_f01.png'
05:00.292  render           | Saved: '/Users/mohammedkalouti/Documents/Codex/2026-09-27/i/work/art/aircraft-final-production-v3/stage/assets/build/frames/unit.SA.fighter/team/empty/d13_f01.png'
05:01.109  render           | Saved: '/Users/mohammedkalouti/Documents/Codex/2026-09-27/i/work/art/aircraft-final-production-v3/stage/assets/build/frames/unit.SA.fighter/shadow/empty/d13_f01.png'
05:01.677  render           | Saved: '/Users/mohammedkalouti/Documents/Codex/2026-09-27/i/work/art/aircraft-final-production-v3/stage/assets/build/frames/unit.SA.fighter/beauty/empty/d14_f00.png'
05:02.169  render           | Saved: '/Users/mohammedkalouti/Documents/Codex/2026-09-27/i/work/art/aircraft-final-production-v3/stage/assets/build/frames/unit.SA.fighter/team/empty/d14_f00.png'
05:02.983  render           | Saved: '/Users/mohammedkalouti/Documents/Codex/2026-09-27/i/work/art/aircraft-final-production-v3/stage/assets/build/frames/unit.SA.fighter/shadow/empty/d14_f00.png'
05:03.560  render           | Saved: '/Users/mohammedkalouti/Documents/Codex/2026-09-27/i/work/art/aircraft-final-production-v3/stage/assets/build/frames/unit.SA.fighter/beauty/empty/d14_f01.png'
05:04.039  render           | Saved: '/Users/mohammedkalouti/Documents/Codex/2026-09-27/i/work/art/aircraft-final-production-v3/stage/assets/build/frames/unit.SA.fighter/team/empty/d14_f01.png'
05:04.862  render           | Saved: '/Users/mohammedkalouti/Documents/Codex/2026-09-27/i/work/art/aircraft-final-production-v3/stage/assets/build/frames/unit.SA.fighter/shadow/empty/d14_f01.png'
05:05.455  render           | Saved: '/Users/mohammedkalouti/Documents/Codex/2026-09-27/i/work/art/aircraft-final-production-v3/stage/assets/build/frames/unit.SA.fighter/beauty/empty/d15_f00.png'
05:05.933  render           | Saved: '/Users/mohammedkalouti/Documents/Codex/2026-09-27/i/work/art/aircraft-final-production-v3/stage/assets/build/frames/unit.SA.fighter/team/empty/d15_f00.png'
05:06.770  render           | Saved: '/Users/mohammedkalouti/Documents/Codex/2026-09-27/i/work/art/aircraft-final-production-v3/stage/assets/build/frames/unit.SA.fighter/shadow/empty/d15_f00.png'
05:07.433  render           | Saved: '/Users/mohammedkalouti/Documents/Codex/2026-09-27/i/work/art/aircraft-final-production-v3/stage/assets/build/frames/unit.SA.fighter/beauty/empty/d15_f01.png'
05:07.903  render           | Saved: '/Users/mohammedkalouti/Documents/Codex/2026-09-27/i/work/art/aircraft-final-production-v3/stage/assets/build/frames/unit.SA.fighter/team/empty/d15_f01.png'
05:08.741  render           | Saved: '/Users/mohammedkalouti/Documents/Codex/2026-09-27/i/work/art/aircraft-final-production-v3/stage/assets/build/frames/unit.SA.fighter/shadow/empty/d15_f01.png'
05:09.338  render           | Saved: '/Users/mohammedkalouti/Documents/Codex/2026-09-27/i/work/art/aircraft-final-production-v3/stage/assets/build/frames/unit.SA.fighter/beauty/parked/d00_f00.png'
05:09.821  render           | Saved: '/Users/mohammedkalouti/Documents/Codex/2026-09-27/i/work/art/aircraft-final-production-v3/stage/assets/build/frames/unit.SA.fighter/team/parked/d00_f00.png'
AGX: exceeded compiled variants footprint limit
05:10.650  render           | Saved: '/Users/mohammedkalouti/Documents/Codex/2026-09-27/i/work/art/aircraft-final-production-v3/stage/assets/build/frames/unit.SA.fighter/shadow/parked/d00_f00.png'
05:11.222  render           | Saved: '/Users/mohammedkalouti/Documents/Codex/2026-09-27/i/work/art/aircraft-final-production-v3/stage/assets/build/frames/unit.SA.fighter/beauty/parked/d01_f00.png'
05:11.739  render           | Saved: '/Users/mohammedkalouti/Documents/Codex/2026-09-27/i/work/art/aircraft-final-production-v3/stage/assets/build/frames/unit.SA.fighter/team/parked/d01_f00.png'
05:12.587  render           | Saved: '/Users/mohammedkalouti/Documents/Codex/2026-09-27/i/work/art/aircraft-final-production-v3/stage/assets/build/frames/unit.SA.fighter/shadow/parked/d01_f00.png'
05:13.169  render           | Saved: '/Users/mohammedkalouti/Documents/Codex/2026-09-27/i/work/art/aircraft-final-production-v3/stage/assets/build/frames/unit.SA.fighter/beauty/parked/d02_f00.png'
05:13.652  render           | Saved: '/Users/mohammedkalouti/Documents/Codex/2026-09-27/i/work/art/aircraft-final-production-v3/stage/assets/build/frames/unit.SA.fighter/team/parked/d02_f00.png'
05:14.470  render           | Saved: '/Users/mohammedkalouti/Documents/Codex/2026-09-27/i/work/art/aircraft-final-production-v3/stage/assets/build/frames/unit.SA.fighter/shadow/parked/d02_f00.png'
05:15.029  render           | Saved: '/Users/mohammedkalouti/Documents/Codex/2026-09-27/i/work/art/aircraft-final-production-v3/stage/assets/build/frames/unit.SA.fighter/beauty/parked/d04_f00.png'
05:15.509  render           | Saved: '/Users/mohammedkalouti/Documents/Codex/2026-09-27/i/work/art/aircraft-final-production-v3/stage/assets/build/frames/unit.SA.fighter/team/parked/d04_f00.png'
05:16.342  render           | Saved: '/Users/mohammedkalouti/Documents/Codex/2026-09-27/i/work/art/aircraft-final-production-v3/stage/assets/build/frames/unit.SA.fighter/shadow/parked/d04_f00.png'
05:16.909  render           | Saved: '/Users/mohammedkalouti/Documents/Codex/2026-09-27/i/work/art/aircraft-final-production-v3/stage/assets/build/frames/unit.SA.fighter/beauty/parked/d05_f00.png'
05:17.404  render           | Saved: '/Users/mohammedkalouti/Documents/Codex/2026-09-27/i/work/art/aircraft-final-production-v3/stage/assets/build/frames/unit.SA.fighter/team/parked/d05_f00.png'
05:18.217  render           | Saved: '/Users/mohammedkalouti/Documents/Codex/2026-09-27/i/work/art/aircraft-final-production-v3/stage/assets/build/frames/unit.SA.fighter/shadow/parked/d05_f00.png'
05:18.781  render           | Saved: '/Users/mohammedkalouti/Documents/Codex/2026-09-27/i/work/art/aircraft-final-production-v3/stage/assets/build/frames/unit.SA.fighter/beauty/parked/d06_f00.png'
05:19.265  render           | Saved: '/Users/mohammedkalouti/Documents/Codex/2026-09-27/i/work/art/aircraft-final-production-v3/stage/assets/build/frames/unit.SA.fighter/team/parked/d06_f00.png'
05:20.086  render           | Saved: '/Users/mohammedkalouti/Documents/Codex/2026-09-27/i/work/art/aircraft-final-production-v3/stage/assets/build/frames/unit.SA.fighter/shadow/parked/d06_f00.png'
05:20.639  render           | Saved: '/Users/mohammedkalouti/Documents/Codex/2026-09-27/i/work/art/aircraft-final-production-v3/stage/assets/build/frames/unit.SA.fighter/beauty/parked/d08_f00.png'
05:21.129  render           | Saved: '/Users/mohammedkalouti/Documents/Codex/2026-09-27/i/work/art/aircraft-final-production-v3/stage/assets/build/frames/unit.SA.fighter/team/parked/d08_f00.png'
05:21.948  render           | Saved: '/Users/mohammedkalouti/Documents/Codex/2026-09-27/i/work/art/aircraft-final-production-v3/stage/assets/build/frames/unit.SA.fighter/shadow/parked/d08_f00.png'
05:22.495  render           | Saved: '/Users/mohammedkalouti/Documents/Codex/2026-09-27/i/work/art/aircraft-final-production-v3/stage/assets/build/frames/unit.SA.fighter/beauty/parked/d09_f00.png'
05:22.974  render           | Saved: '/Users/mohammedkalouti/Documents/Codex/2026-09-27/i/work/art/aircraft-final-production-v3/stage/assets/build/frames/unit.SA.fighter/team/parked/d09_f00.png'
05:23.800  render           | Saved: '/Users/mohammedkalouti/Documents/Codex/2026-09-27/i/work/art/aircraft-final-production-v3/stage/assets/build/frames/unit.SA.fighter/shadow/parked/d09_f00.png'
05:24.369  render           | Saved: '/Users/mohammedkalouti/Documents/Codex/2026-09-27/i/work/art/aircraft-final-production-v3/stage/assets/build/frames/unit.SA.fighter/beauty/parked/d10_f00.png'
05:24.855  render           | Saved: '/Users/mohammedkalouti/Documents/Codex/2026-09-27/i/work/art/aircraft-final-production-v3/stage/assets/build/frames/unit.SA.fighter/team/parked/d10_f00.png'
05:25.686  render           | Saved: '/Users/mohammedkalouti/Documents/Codex/2026-09-27/i/work/art/aircraft-final-production-v3/stage/assets/build/frames/unit.SA.fighter/shadow/parked/d10_f00.png'
05:26.258  render           | Saved: '/Users/mohammedkalouti/Documents/Codex/2026-09-27/i/work/art/aircraft-final-production-v3/stage/assets/build/frames/unit.SA.fighter/beauty/parked/d12_f00.png'
05:26.737  render           | Saved: '/Users/mohammedkalouti/Documents/Codex/2026-09-27/i/work/art/aircraft-final-production-v3/stage/assets/build/frames/unit.SA.fighter/team/parked/d12_f00.png'
05:27.642  render           | Saved: '/Users/mohammedkalouti/Documents/Codex/2026-09-27/i/work/art/aircraft-final-production-v3/stage/assets/build/frames/unit.SA.fighter/shadow/parked/d12_f00.png'
05:28.210  render           | Saved: '/Users/mohammedkalouti/Documents/Codex/2026-09-27/i/work/art/aircraft-final-production-v3/stage/assets/build/frames/unit.SA.fighter/beauty/parked/d13_f00.png'
05:28.713  render           | Saved: '/Users/mohammedkalouti/Documents/Codex/2026-09-27/i/work/art/aircraft-final-production-v3/stage/assets/build/frames/unit.SA.fighter/team/parked/d13_f00.png'
05:29.588  render           | Saved: '/Users/mohammedkalouti/Documents/Codex/2026-09-27/i/work/art/aircraft-final-production-v3/stage/assets/build/frames/unit.SA.fighter/shadow/parked/d13_f00.png'
05:30.192  render           | Saved: '/Users/mohammedkalouti/Documents/Codex/2026-09-27/i/work/art/aircraft-final-production-v3/stage/assets/build/frames/unit.SA.fighter/beauty/parked/d14_f00.png'
05:30.705  render           | Saved: '/Users/mohammedkalouti/Documents/Codex/2026-09-27/i/work/art/aircraft-final-production-v3/stage/assets/build/frames/unit.SA.fighter/team/parked/d14_f00.png'
05:31.519  render           | Saved: '/Users/mohammedkalouti/Documents/Codex/2026-09-27/i/work/art/aircraft-final-production-v3/stage/assets/build/frames/unit.SA.fighter/shadow/parked/d14_f00.png'
05:32.106  render           | Saved: '/Users/mohammedkalouti/Documents/Codex/2026-09-27/i/work/art/aircraft-final-production-v3/stage/assets/build/frames/unit.SA.fighter/beauty/takeoff/d00_f00.png'
05:32.598  render           | Saved: '/Users/mohammedkalouti/Documents/Codex/2026-09-27/i/work/art/aircraft-final-production-v3/stage/assets/build/frames/unit.SA.fighter/team/takeoff/d00_f00.png'
05:33.443  render           | Saved: '/Users/mohammedkalouti/Documents/Codex/2026-09-27/i/work/art/aircraft-final-production-v3/stage/assets/build/frames/unit.SA.fighter/shadow/takeoff/d00_f00.png'
05:34.040  render           | Saved: '/Users/mohammedkalouti/Documents/Codex/2026-09-27/i/work/art/aircraft-final-production-v3/stage/assets/build/frames/unit.SA.fighter/beauty/takeoff/d00_f01.png'
05:34.523  render           | Saved: '/Users/mohammedkalouti/Documents/Codex/2026-09-27/i/work/art/aircraft-final-production-v3/stage/assets/build/frames/unit.SA.fighter/team/takeoff/d00_f01.png'
05:35.339  render           | Saved: '/Users/mohammedkalouti/Documents/Codex/2026-09-27/i/work/art/aircraft-final-production-v3/stage/assets/build/frames/unit.SA.fighter/shadow/takeoff/d00_f01.png'
05:35.891  render           | Saved: '/Users/mohammedkalouti/Documents/Codex/2026-09-27/i/work/art/aircraft-final-production-v3/stage/assets/build/frames/unit.SA.fighter/beauty/takeoff/d00_f02.png'
05:36.375  render           | Saved: '/Users/mohammedkalouti/Documents/Codex/2026-09-27/i/work/art/aircraft-final-production-v3/stage/assets/build/frames/unit.SA.fighter/team/takeoff/d00_f02.png'
05:37.193  render           | Saved: '/Users/mohammedkalouti/Documents/Codex/2026-09-27/i/work/art/aircraft-final-production-v3/stage/assets/build/frames/unit.SA.fighter/shadow/takeoff/d00_f02.png'
05:37.753  render           | Saved: '/Users/mohammedkalouti/Documents/Codex/2026-09-27/i/work/art/aircraft-final-production-v3/stage/assets/build/frames/unit.SA.fighter/beauty/takeoff/d00_f03.png'
05:38.252  render           | Saved: '/Users/mohammedkalouti/Documents/Codex/2026-09-27/i/work/art/aircraft-final-production-v3/stage/assets/build/frames/unit.SA.fighter/team/takeoff/d00_f03.png'
05:39.080  render           | Saved: '/Users/mohammedkalouti/Documents/Codex/2026-09-27/i/work/art/aircraft-final-production-v3/stage/assets/build/frames/unit.SA.fighter/shadow/takeoff/d00_f03.png'
05:39.639  render           | Saved: '/Users/mohammedkalouti/Documents/Codex/2026-09-27/i/work/art/aircraft-final-production-v3/stage/assets/build/frames/unit.SA.fighter/beauty/takeoff/d00_f04.png'
05:40.124  render           | Saved: '/Users/mohammedkalouti/Documents/Codex/2026-09-27/i/work/art/aircraft-final-production-v3/stage/assets/build/frames/unit.SA.fighter/team/takeoff/d00_f04.png'
05:40.930  render           | Saved: '/Users/mohammedkalouti/Documents/Codex/2026-09-27/i/work/art/aircraft-final-production-v3/stage/assets/build/frames/unit.SA.fighter/shadow/takeoff/d00_f04.png'
05:41.511  render           | Saved: '/Users/mohammedkalouti/Documents/Codex/2026-09-27/i/work/art/aircraft-final-production-v3/stage/assets/build/frames/unit.SA.fighter/beauty/takeoff/d00_f05.png'
05:42.014  render           | Saved: '/Users/mohammedkalouti/Documents/Codex/2026-09-27/i/work/art/aircraft-final-production-v3/stage/assets/build/frames/unit.SA.fighter/team/takeoff/d00_f05.png'
05:42.839  render           | Saved: '/Users/mohammedkalouti/Documents/Codex/2026-09-27/i/work/art/aircraft-final-production-v3/stage/assets/build/frames/unit.SA.fighter/shadow/takeoff/d00_f05.png'
05:43.420  render           | Saved: '/Users/mohammedkalouti/Documents/Codex/2026-09-27/i/work/art/aircraft-final-production-v3/stage/assets/build/frames/unit.SA.fighter/beauty/takeoff/d01_f00.png'
05:43.902  render           | Saved: '/Users/mohammedkalouti/Documents/Codex/2026-09-27/i/work/art/aircraft-final-production-v3/stage/assets/build/frames/unit.SA.fighter/team/takeoff/d01_f00.png'
05:44.720  render           | Saved: '/Users/mohammedkalouti/Documents/Codex/2026-09-27/i/work/art/aircraft-final-production-v3/stage/assets/build/frames/unit.SA.fighter/shadow/takeoff/d01_f00.png'
05:45.296  render           | Saved: '/Users/mohammedkalouti/Documents/Codex/2026-09-27/i/work/art/aircraft-final-production-v3/stage/assets/build/frames/unit.SA.fighter/beauty/takeoff/d01_f01.png'
05:45.768  render           | Saved: '/Users/mohammedkalouti/Documents/Codex/2026-09-27/i/work/art/aircraft-final-production-v3/stage/assets/build/frames/unit.SA.fighter/team/takeoff/d01_f01.png'
05:46.596  render           | Saved: '/Users/mohammedkalouti/Documents/Codex/2026-09-27/i/work/art/aircraft-final-production-v3/stage/assets/build/frames/unit.SA.fighter/shadow/takeoff/d01_f01.png'
05:47.173  render           | Saved: '/Users/mohammedkalouti/Documents/Codex/2026-09-27/i/work/art/aircraft-final-production-v3/stage/assets/build/frames/unit.SA.fighter/beauty/takeoff/d01_f02.png'
05:47.646  render           | Saved: '/Users/mohammedkalouti/Documents/Codex/2026-09-27/i/work/art/aircraft-final-production-v3/stage/assets/build/frames/unit.SA.fighter/team/takeoff/d01_f02.png'
05:48.468  render           | Saved: '/Users/mohammedkalouti/Documents/Codex/2026-09-27/i/work/art/aircraft-final-production-v3/stage/assets/build/frames/unit.SA.fighter/shadow/takeoff/d01_f02.png'
05:49.030  render           | Saved: '/Users/mohammedkalouti/Documents/Codex/2026-09-27/i/work/art/aircraft-final-production-v3/stage/assets/build/frames/unit.SA.fighter/beauty/takeoff/d01_f03.png'
05:49.515  render           | Saved: '/Users/mohammedkalouti/Documents/Codex/2026-09-27/i/work/art/aircraft-final-production-v3/stage/assets/build/frames/unit.SA.fighter/team/takeoff/d01_f03.png'
05:50.336  render           | Saved: '/Users/mohammedkalouti/Documents/Codex/2026-09-27/i/work/art/aircraft-final-production-v3/stage/assets/build/frames/unit.SA.fighter/shadow/takeoff/d01_f03.png'
05:50.881  render           | Saved: '/Users/mohammedkalouti/Documents/Codex/2026-09-27/i/work/art/aircraft-final-production-v3/stage/assets/build/frames/unit.SA.fighter/beauty/takeoff/d01_f04.png'
05:51.370  render           | Saved: '/Users/mohammedkalouti/Documents/Codex/2026-09-27/i/work/art/aircraft-final-production-v3/stage/assets/build/frames/unit.SA.fighter/team/takeoff/d01_f04.png'
05:52.191  render           | Saved: '/Users/mohammedkalouti/Documents/Codex/2026-09-27/i/work/art/aircraft-final-production-v3/stage/assets/build/frames/unit.SA.fighter/shadow/takeoff/d01_f04.png'
05:52.762  render           | Saved: '/Users/mohammedkalouti/Documents/Codex/2026-09-27/i/work/art/aircraft-final-production-v3/stage/assets/build/frames/unit.SA.fighter/beauty/takeoff/d01_f05.png'
05:53.268  render           | Saved: '/Users/mohammedkalouti/Documents/Codex/2026-09-27/i/work/art/aircraft-final-production-v3/stage/assets/build/frames/unit.SA.fighter/team/takeoff/d01_f05.png'
05:54.097  render           | Saved: '/Users/mohammedkalouti/Documents/Codex/2026-09-27/i/work/art/aircraft-final-production-v3/stage/assets/build/frames/unit.SA.fighter/shadow/takeoff/d01_f05.png'
05:54.657  render           | Saved: '/Users/mohammedkalouti/Documents/Codex/2026-09-27/i/work/art/aircraft-final-production-v3/stage/assets/build/frames/unit.SA.fighter/beauty/takeoff/d02_f00.png'
05:55.134  render           | Saved: '/Users/mohammedkalouti/Documents/Codex/2026-09-27/i/work/art/aircraft-final-production-v3/stage/assets/build/frames/unit.SA.fighter/team/takeoff/d02_f00.png'
05:55.958  render           | Saved: '/Users/mohammedkalouti/Documents/Codex/2026-09-27/i/work/art/aircraft-final-production-v3/stage/assets/build/frames/unit.SA.fighter/shadow/takeoff/d02_f00.png'
05:56.515  render           | Saved: '/Users/mohammedkalouti/Documents/Codex/2026-09-27/i/work/art/aircraft-final-production-v3/stage/assets/build/frames/unit.SA.fighter/beauty/takeoff/d02_f01.png'
05:57.024  render           | Saved: '/Users/mohammedkalouti/Documents/Codex/2026-09-27/i/work/art/aircraft-final-production-v3/stage/assets/build/frames/unit.SA.fighter/team/takeoff/d02_f01.png'
05:57.857  render           | Saved: '/Users/mohammedkalouti/Documents/Codex/2026-09-27/i/work/art/aircraft-final-production-v3/stage/assets/build/frames/unit.SA.fighter/shadow/takeoff/d02_f01.png'
05:58.439  render           | Saved: '/Users/mohammedkalouti/Documents/Codex/2026-09-27/i/work/art/aircraft-final-production-v3/stage/assets/build/frames/unit.SA.fighter/beauty/takeoff/d02_f02.png'
05:58.923  render           | Saved: '/Users/mohammedkalouti/Documents/Codex/2026-09-27/i/work/art/aircraft-final-production-v3/stage/assets/build/frames/unit.SA.fighter/team/takeoff/d02_f02.png'
05:59.751  render           | Saved: '/Users/mohammedkalouti/Documents/Codex/2026-09-27/i/work/art/aircraft-final-production-v3/stage/assets/build/frames/unit.SA.fighter/shadow/takeoff/d02_f02.png'
06:00.328  render           | Saved: '/Users/mohammedkalouti/Documents/Codex/2026-09-27/i/work/art/aircraft-final-production-v3/stage/assets/build/frames/unit.SA.fighter/beauty/takeoff/d02_f03.png'
06:00.804  render           | Saved: '/Users/mohammedkalouti/Documents/Codex/2026-09-27/i/work/art/aircraft-final-production-v3/stage/assets/build/frames/unit.SA.fighter/team/takeoff/d02_f03.png'
06:01.627  render           | Saved: '/Users/mohammedkalouti/Documents/Codex/2026-09-27/i/work/art/aircraft-final-production-v3/stage/assets/build/frames/unit.SA.fighter/shadow/takeoff/d02_f03.png'
06:02.196  render           | Saved: '/Users/mohammedkalouti/Documents/Codex/2026-09-27/i/work/art/aircraft-final-production-v3/stage/assets/build/frames/unit.SA.fighter/beauty/takeoff/d02_f04.png'
06:02.676  render           | Saved: '/Users/mohammedkalouti/Documents/Codex/2026-09-27/i/work/art/aircraft-final-production-v3/stage/assets/build/frames/unit.SA.fighter/team/takeoff/d02_f04.png'
06:03.528  render           | Saved: '/Users/mohammedkalouti/Documents/Codex/2026-09-27/i/work/art/aircraft-final-production-v3/stage/assets/build/frames/unit.SA.fighter/shadow/takeoff/d02_f04.png'
06:04.087  render           | Saved: '/Users/mohammedkalouti/Documents/Codex/2026-09-27/i/work/art/aircraft-final-production-v3/stage/assets/build/frames/unit.SA.fighter/beauty/takeoff/d02_f05.png'
06:04.564  render           | Saved: '/Users/mohammedkalouti/Documents/Codex/2026-09-27/i/work/art/aircraft-final-production-v3/stage/assets/build/frames/unit.SA.fighter/team/takeoff/d02_f05.png'
06:05.384  render           | Saved: '/Users/mohammedkalouti/Documents/Codex/2026-09-27/i/work/art/aircraft-final-production-v3/stage/assets/build/frames/unit.SA.fighter/shadow/takeoff/d02_f05.png'
06:05.965  render           | Saved: '/Users/mohammedkalouti/Documents/Codex/2026-09-27/i/work/art/aircraft-final-production-v3/stage/assets/build/frames/unit.SA.fighter/beauty/takeoff/d03_f00.png'
06:06.443  render           | Saved: '/Users/mohammedkalouti/Documents/Codex/2026-09-27/i/work/art/aircraft-final-production-v3/stage/assets/build/frames/unit.SA.fighter/team/takeoff/d03_f00.png'
06:07.262  render           | Saved: '/Users/mohammedkalouti/Documents/Codex/2026-09-27/i/work/art/aircraft-final-production-v3/stage/assets/build/frames/unit.SA.fighter/shadow/takeoff/d03_f00.png'
06:07.817  render           | Saved: '/Users/mohammedkalouti/Documents/Codex/2026-09-27/i/work/art/aircraft-final-production-v3/stage/assets/build/frames/unit.SA.fighter/beauty/takeoff/d03_f01.png'
06:08.315  render           | Saved: '/Users/mohammedkalouti/Documents/Codex/2026-09-27/i/work/art/aircraft-final-production-v3/stage/assets/build/frames/unit.SA.fighter/team/takeoff/d03_f01.png'
06:09.133  render           | Saved: '/Users/mohammedkalouti/Documents/Codex/2026-09-27/i/work/art/aircraft-final-production-v3/stage/assets/build/frames/unit.SA.fighter/shadow/takeoff/d03_f01.png'
06:09.724  render           | Saved: '/Users/mohammedkalouti/Documents/Codex/2026-09-27/i/work/art/aircraft-final-production-v3/stage/assets/build/frames/unit.SA.fighter/beauty/takeoff/d03_f02.png'
06:10.202  render           | Saved: '/Users/mohammedkalouti/Documents/Codex/2026-09-27/i/work/art/aircraft-final-production-v3/stage/assets/build/frames/unit.SA.fighter/team/takeoff/d03_f02.png'
06:11.024  render           | Saved: '/Users/mohammedkalouti/Documents/Codex/2026-09-27/i/work/art/aircraft-final-production-v3/stage/assets/build/frames/unit.SA.fighter/shadow/takeoff/d03_f02.png'
06:11.591  render           | Saved: '/Users/mohammedkalouti/Documents/Codex/2026-09-27/i/work/art/aircraft-final-production-v3/stage/assets/build/frames/unit.SA.fighter/beauty/takeoff/d03_f03.png'
06:12.072  render           | Saved: '/Users/mohammedkalouti/Documents/Codex/2026-09-27/i/work/art/aircraft-final-production-v3/stage/assets/build/frames/unit.SA.fighter/team/takeoff/d03_f03.png'
06:12.907  render           | Saved: '/Users/mohammedkalouti/Documents/Codex/2026-09-27/i/work/art/aircraft-final-production-v3/stage/assets/build/frames/unit.SA.fighter/shadow/takeoff/d03_f03.png'
06:13.472  render           | Saved: '/Users/mohammedkalouti/Documents/Codex/2026-09-27/i/work/art/aircraft-final-production-v3/stage/assets/build/frames/unit.SA.fighter/beauty/takeoff/d03_f04.png'
06:13.959  render           | Saved: '/Users/mohammedkalouti/Documents/Codex/2026-09-27/i/work/art/aircraft-final-production-v3/stage/assets/build/frames/unit.SA.fighter/team/takeoff/d03_f04.png'
06:14.771  render           | Saved: '/Users/mohammedkalouti/Documents/Codex/2026-09-27/i/work/art/aircraft-final-production-v3/stage/assets/build/frames/unit.SA.fighter/shadow/takeoff/d03_f04.png'
06:15.344  render           | Saved: '/Users/mohammedkalouti/Documents/Codex/2026-09-27/i/work/art/aircraft-final-production-v3/stage/assets/build/frames/unit.SA.fighter/beauty/takeoff/d03_f05.png'
06:15.823  render           | Saved: '/Users/mohammedkalouti/Documents/Codex/2026-09-27/i/work/art/aircraft-final-production-v3/stage/assets/build/frames/unit.SA.fighter/team/takeoff/d03_f05.png'
06:16.634  render           | Saved: '/Users/mohammedkalouti/Documents/Codex/2026-09-27/i/work/art/aircraft-final-production-v3/stage/assets/build/frames/unit.SA.fighter/shadow/takeoff/d03_f05.png'
06:17.236  render           | Saved: '/Users/mohammedkalouti/Documents/Codex/2026-09-27/i/work/art/aircraft-final-production-v3/stage/assets/build/frames/unit.SA.fighter/beauty/takeoff/d04_f00.png'
06:17.739  render           | Saved: '/Users/mohammedkalouti/Documents/Codex/2026-09-27/i/work/art/aircraft-final-production-v3/stage/assets/build/frames/unit.SA.fighter/team/takeoff/d04_f00.png'
06:18.616  render           | Saved: '/Users/mohammedkalouti/Documents/Codex/2026-09-27/i/work/art/aircraft-final-production-v3/stage/assets/build/frames/unit.SA.fighter/shadow/takeoff/d04_f00.png'
06:19.199  render           | Saved: '/Users/mohammedkalouti/Documents/Codex/2026-09-27/i/work/art/aircraft-final-production-v3/stage/assets/build/frames/unit.SA.fighter/beauty/takeoff/d04_f01.png'
06:19.686  render           | Saved: '/Users/mohammedkalouti/Documents/Codex/2026-09-27/i/work/art/aircraft-final-production-v3/stage/assets/build/frames/unit.SA.fighter/team/takeoff/d04_f01.png'
06:20.508  render           | Saved: '/Users/mohammedkalouti/Documents/Codex/2026-09-27/i/work/art/aircraft-final-production-v3/stage/assets/build/frames/unit.SA.fighter/shadow/takeoff/d04_f01.png'
06:21.072  render           | Saved: '/Users/mohammedkalouti/Documents/Codex/2026-09-27/i/work/art/aircraft-final-production-v3/stage/assets/build/frames/unit.SA.fighter/beauty/takeoff/d04_f02.png'
06:21.556  render           | Saved: '/Users/mohammedkalouti/Documents/Codex/2026-09-27/i/work/art/aircraft-final-production-v3/stage/assets/build/frames/unit.SA.fighter/team/takeoff/d04_f02.png'
06:22.385  render           | Saved: '/Users/mohammedkalouti/Documents/Codex/2026-09-27/i/work/art/aircraft-final-production-v3/stage/assets/build/frames/unit.SA.fighter/shadow/takeoff/d04_f02.png'
06:22.995  render           | Saved: '/Users/mohammedkalouti/Documents/Codex/2026-09-27/i/work/art/aircraft-final-production-v3/stage/assets/build/frames/unit.SA.fighter/beauty/takeoff/d04_f03.png'
06:23.484  render           | Saved: '/Users/mohammedkalouti/Documents/Codex/2026-09-27/i/work/art/aircraft-final-production-v3/stage/assets/build/frames/unit.SA.fighter/team/takeoff/d04_f03.png'
06:24.318  render           | Saved: '/Users/mohammedkalouti/Documents/Codex/2026-09-27/i/work/art/aircraft-final-production-v3/stage/assets/build/frames/unit.SA.fighter/shadow/takeoff/d04_f03.png'
06:24.883  render           | Saved: '/Users/mohammedkalouti/Documents/Codex/2026-09-27/i/work/art/aircraft-final-production-v3/stage/assets/build/frames/unit.SA.fighter/beauty/takeoff/d04_f04.png'
06:25.378  render           | Saved: '/Users/mohammedkalouti/Documents/Codex/2026-09-27/i/work/art/aircraft-final-production-v3/stage/assets/build/frames/unit.SA.fighter/team/takeoff/d04_f04.png'
06:26.197  render           | Saved: '/Users/mohammedkalouti/Documents/Codex/2026-09-27/i/work/art/aircraft-final-production-v3/stage/assets/build/frames/unit.SA.fighter/shadow/takeoff/d04_f04.png'
06:26.766  render           | Saved: '/Users/mohammedkalouti/Documents/Codex/2026-09-27/i/work/art/aircraft-final-production-v3/stage/assets/build/frames/unit.SA.fighter/beauty/takeoff/d04_f05.png'
06:27.255  render           | Saved: '/Users/mohammedkalouti/Documents/Codex/2026-09-27/i/work/art/aircraft-final-production-v3/stage/assets/build/frames/unit.SA.fighter/team/takeoff/d04_f05.png'
06:28.080  render           | Saved: '/Users/mohammedkalouti/Documents/Codex/2026-09-27/i/work/art/aircraft-final-production-v3/stage/assets/build/frames/unit.SA.fighter/shadow/takeoff/d04_f05.png'
06:28.644  render           | Saved: '/Users/mohammedkalouti/Documents/Codex/2026-09-27/i/work/art/aircraft-final-production-v3/stage/assets/build/frames/unit.SA.fighter/beauty/takeoff/d05_f00.png'
06:29.131  render           | Saved: '/Users/mohammedkalouti/Documents/Codex/2026-09-27/i/work/art/aircraft-final-production-v3/stage/assets/build/frames/unit.SA.fighter/team/takeoff/d05_f00.png'
06:29.963  render           | Saved: '/Users/mohammedkalouti/Documents/Codex/2026-09-27/i/work/art/aircraft-final-production-v3/stage/assets/build/frames/unit.SA.fighter/shadow/takeoff/d05_f00.png'
06:30.549  render           | Saved: '/Users/mohammedkalouti/Documents/Codex/2026-09-27/i/work/art/aircraft-final-production-v3/stage/assets/build/frames/unit.SA.fighter/beauty/takeoff/d05_f01.png'
06:31.030  render           | Saved: '/Users/mohammedkalouti/Documents/Codex/2026-09-27/i/work/art/aircraft-final-production-v3/stage/assets/build/frames/unit.SA.fighter/team/takeoff/d05_f01.png'
06:31.852  render           | Saved: '/Users/mohammedkalouti/Documents/Codex/2026-09-27/i/work/art/aircraft-final-production-v3/stage/assets/build/frames/unit.SA.fighter/shadow/takeoff/d05_f01.png'
06:32.434  render           | Saved: '/Users/mohammedkalouti/Documents/Codex/2026-09-27/i/work/art/aircraft-final-production-v3/stage/assets/build/frames/unit.SA.fighter/beauty/takeoff/d05_f02.png'
06:32.913  render           | Saved: '/Users/mohammedkalouti/Documents/Codex/2026-09-27/i/work/art/aircraft-final-production-v3/stage/assets/build/frames/unit.SA.fighter/team/takeoff/d05_f02.png'
06:33.734  render           | Saved: '/Users/mohammedkalouti/Documents/Codex/2026-09-27/i/work/art/aircraft-final-production-v3/stage/assets/build/frames/unit.SA.fighter/shadow/takeoff/d05_f02.png'
06:34.339  render           | Saved: '/Users/mohammedkalouti/Documents/Codex/2026-09-27/i/work/art/aircraft-final-production-v3/stage/assets/build/frames/unit.SA.fighter/beauty/takeoff/d05_f03.png'
06:34.815  render           | Saved: '/Users/mohammedkalouti/Documents/Codex/2026-09-27/i/work/art/aircraft-final-production-v3/stage/assets/build/frames/unit.SA.fighter/team/takeoff/d05_f03.png'
06:35.641  render           | Saved: '/Users/mohammedkalouti/Documents/Codex/2026-09-27/i/work/art/aircraft-final-production-v3/stage/assets/build/frames/unit.SA.fighter/shadow/takeoff/d05_f03.png'
06:36.276  render           | Saved: '/Users/mohammedkalouti/Documents/Codex/2026-09-27/i/work/art/aircraft-final-production-v3/stage/assets/build/frames/unit.SA.fighter/beauty/takeoff/d05_f04.png'
06:36.774  render           | Saved: '/Users/mohammedkalouti/Documents/Codex/2026-09-27/i/work/art/aircraft-final-production-v3/stage/assets/build/frames/unit.SA.fighter/team/takeoff/d05_f04.png'
06:37.598  render           | Saved: '/Users/mohammedkalouti/Documents/Codex/2026-09-27/i/work/art/aircraft-final-production-v3/stage/assets/build/frames/unit.SA.fighter/shadow/takeoff/d05_f04.png'
06:38.194  render           | Saved: '/Users/mohammedkalouti/Documents/Codex/2026-09-27/i/work/art/aircraft-final-production-v3/stage/assets/build/frames/unit.SA.fighter/beauty/takeoff/d05_f05.png'
06:38.680  render           | Saved: '/Users/mohammedkalouti/Documents/Codex/2026-09-27/i/work/art/aircraft-final-production-v3/stage/assets/build/frames/unit.SA.fighter/team/takeoff/d05_f05.png'
06:39.498  render           | Saved: '/Users/mohammedkalouti/Documents/Codex/2026-09-27/i/work/art/aircraft-final-production-v3/stage/assets/build/frames/unit.SA.fighter/shadow/takeoff/d05_f05.png'
06:40.068  render           | Saved: '/Users/mohammedkalouti/Documents/Codex/2026-09-27/i/work/art/aircraft-final-production-v3/stage/assets/build/frames/unit.SA.fighter/beauty/takeoff/d06_f00.png'
06:40.547  render           | Saved: '/Users/mohammedkalouti/Documents/Codex/2026-09-27/i/work/art/aircraft-final-production-v3/stage/assets/build/frames/unit.SA.fighter/team/takeoff/d06_f00.png'
06:41.375  render           | Saved: '/Users/mohammedkalouti/Documents/Codex/2026-09-27/i/work/art/aircraft-final-production-v3/stage/assets/build/frames/unit.SA.fighter/shadow/takeoff/d06_f00.png'
06:41.967  render           | Saved: '/Users/mohammedkalouti/Documents/Codex/2026-09-27/i/work/art/aircraft-final-production-v3/stage/assets/build/frames/unit.SA.fighter/beauty/takeoff/d06_f01.png'
06:42.467  render           | Saved: '/Users/mohammedkalouti/Documents/Codex/2026-09-27/i/work/art/aircraft-final-production-v3/stage/assets/build/frames/unit.SA.fighter/team/takeoff/d06_f01.png'
06:43.272  render           | Saved: '/Users/mohammedkalouti/Documents/Codex/2026-09-27/i/work/art/aircraft-final-production-v3/stage/assets/build/frames/unit.SA.fighter/shadow/takeoff/d06_f01.png'
06:43.837  render           | Saved: '/Users/mohammedkalouti/Documents/Codex/2026-09-27/i/work/art/aircraft-final-production-v3/stage/assets/build/frames/unit.SA.fighter/beauty/takeoff/d06_f02.png'
06:44.324  render           | Saved: '/Users/mohammedkalouti/Documents/Codex/2026-09-27/i/work/art/aircraft-final-production-v3/stage/assets/build/frames/unit.SA.fighter/team/takeoff/d06_f02.png'
06:45.184  render           | Saved: '/Users/mohammedkalouti/Documents/Codex/2026-09-27/i/work/art/aircraft-final-production-v3/stage/assets/build/frames/unit.SA.fighter/shadow/takeoff/d06_f02.png'
06:45.773  render           | Saved: '/Users/mohammedkalouti/Documents/Codex/2026-09-27/i/work/art/aircraft-final-production-v3/stage/assets/build/frames/unit.SA.fighter/beauty/takeoff/d06_f03.png'
06:46.266  render           | Saved: '/Users/mohammedkalouti/Documents/Codex/2026-09-27/i/work/art/aircraft-final-production-v3/stage/assets/build/frames/unit.SA.fighter/team/takeoff/d06_f03.png'
06:47.087  render           | Saved: '/Users/mohammedkalouti/Documents/Codex/2026-09-27/i/work/art/aircraft-final-production-v3/stage/assets/build/frames/unit.SA.fighter/shadow/takeoff/d06_f03.png'
06:47.652  render           | Saved: '/Users/mohammedkalouti/Documents/Codex/2026-09-27/i/work/art/aircraft-final-production-v3/stage/assets/build/frames/unit.SA.fighter/beauty/takeoff/d06_f04.png'
06:48.144  render           | Saved: '/Users/mohammedkalouti/Documents/Codex/2026-09-27/i/work/art/aircraft-final-production-v3/stage/assets/build/frames/unit.SA.fighter/team/takeoff/d06_f04.png'
06:48.982  render           | Saved: '/Users/mohammedkalouti/Documents/Codex/2026-09-27/i/work/art/aircraft-final-production-v3/stage/assets/build/frames/unit.SA.fighter/shadow/takeoff/d06_f04.png'
06:49.571  render           | Saved: '/Users/mohammedkalouti/Documents/Codex/2026-09-27/i/work/art/aircraft-final-production-v3/stage/assets/build/frames/unit.SA.fighter/beauty/takeoff/d06_f05.png'
06:50.055  render           | Saved: '/Users/mohammedkalouti/Documents/Codex/2026-09-27/i/work/art/aircraft-final-production-v3/stage/assets/build/frames/unit.SA.fighter/team/takeoff/d06_f05.png'
06:50.865  render           | Saved: '/Users/mohammedkalouti/Documents/Codex/2026-09-27/i/work/art/aircraft-final-production-v3/stage/assets/build/frames/unit.SA.fighter/shadow/takeoff/d06_f05.png'
06:51.444  render           | Saved: '/Users/mohammedkalouti/Documents/Codex/2026-09-27/i/work/art/aircraft-final-production-v3/stage/assets/build/frames/unit.SA.fighter/beauty/takeoff/d07_f00.png'
06:51.926  render           | Saved: '/Users/mohammedkalouti/Documents/Codex/2026-09-27/i/work/art/aircraft-final-production-v3/stage/assets/build/frames/unit.SA.fighter/team/takeoff/d07_f00.png'
06:52.757  render           | Saved: '/Users/mohammedkalouti/Documents/Codex/2026-09-27/i/work/art/aircraft-final-production-v3/stage/assets/build/frames/unit.SA.fighter/shadow/takeoff/d07_f00.png'
06:53.362  render           | Saved: '/Users/mohammedkalouti/Documents/Codex/2026-09-27/i/work/art/aircraft-final-production-v3/stage/assets/build/frames/unit.SA.fighter/beauty/takeoff/d07_f01.png'
06:53.852  render           | Saved: '/Users/mohammedkalouti/Documents/Codex/2026-09-27/i/work/art/aircraft-final-production-v3/stage/assets/build/frames/unit.SA.fighter/team/takeoff/d07_f01.png'
06:54.678  render           | Saved: '/Users/mohammedkalouti/Documents/Codex/2026-09-27/i/work/art/aircraft-final-production-v3/stage/assets/build/frames/unit.SA.fighter/shadow/takeoff/d07_f01.png'
06:55.269  render           | Saved: '/Users/mohammedkalouti/Documents/Codex/2026-09-27/i/work/art/aircraft-final-production-v3/stage/assets/build/frames/unit.SA.fighter/beauty/takeoff/d07_f02.png'
06:55.749  render           | Saved: '/Users/mohammedkalouti/Documents/Codex/2026-09-27/i/work/art/aircraft-final-production-v3/stage/assets/build/frames/unit.SA.fighter/team/takeoff/d07_f02.png'
06:56.566  render           | Saved: '/Users/mohammedkalouti/Documents/Codex/2026-09-27/i/work/art/aircraft-final-production-v3/stage/assets/build/frames/unit.SA.fighter/shadow/takeoff/d07_f02.png'
06:57.154  render           | Saved: '/Users/mohammedkalouti/Documents/Codex/2026-09-27/i/work/art/aircraft-final-production-v3/stage/assets/build/frames/unit.SA.fighter/beauty/takeoff/d07_f03.png'
06:57.637  render           | Saved: '/Users/mohammedkalouti/Documents/Codex/2026-09-27/i/work/art/aircraft-final-production-v3/stage/assets/build/frames/unit.SA.fighter/team/takeoff/d07_f03.png'
06:58.464  render           | Saved: '/Users/mohammedkalouti/Documents/Codex/2026-09-27/i/work/art/aircraft-final-production-v3/stage/assets/build/frames/unit.SA.fighter/shadow/takeoff/d07_f03.png'
06:59.029  render           | Saved: '/Users/mohammedkalouti/Documents/Codex/2026-09-27/i/work/art/aircraft-final-production-v3/stage/assets/build/frames/unit.SA.fighter/beauty/takeoff/d07_f04.png'
06:59.504  render           | Saved: '/Users/mohammedkalouti/Documents/Codex/2026-09-27/i/work/art/aircraft-final-production-v3/stage/assets/build/frames/unit.SA.fighter/team/takeoff/d07_f04.png'
07:00.326  render           | Saved: '/Users/mohammedkalouti/Documents/Codex/2026-09-27/i/work/art/aircraft-final-production-v3/stage/assets/build/frames/unit.SA.fighter/shadow/takeoff/d07_f04.png'
07:00.903  render           | Saved: '/Users/mohammedkalouti/Documents/Codex/2026-09-27/i/work/art/aircraft-final-production-v3/stage/assets/build/frames/unit.SA.fighter/beauty/takeoff/d07_f05.png'
07:01.381  render           | Saved: '/Users/mohammedkalouti/Documents/Codex/2026-09-27/i/work/art/aircraft-final-production-v3/stage/assets/build/frames/unit.SA.fighter/team/takeoff/d07_f05.png'
07:02.201  render           | Saved: '/Users/mohammedkalouti/Documents/Codex/2026-09-27/i/work/art/aircraft-final-production-v3/stage/assets/build/frames/unit.SA.fighter/shadow/takeoff/d07_f05.png'
07:02.763  render           | Saved: '/Users/mohammedkalouti/Documents/Codex/2026-09-27/i/work/art/aircraft-final-production-v3/stage/assets/build/frames/unit.SA.fighter/beauty/takeoff/d08_f00.png'
07:03.255  render           | Saved: '/Users/mohammedkalouti/Documents/Codex/2026-09-27/i/work/art/aircraft-final-production-v3/stage/assets/build/frames/unit.SA.fighter/team/takeoff/d08_f00.png'
07:04.072  render           | Saved: '/Users/mohammedkalouti/Documents/Codex/2026-09-27/i/work/art/aircraft-final-production-v3/stage/assets/build/frames/unit.SA.fighter/shadow/takeoff/d08_f00.png'
07:04.649  render           | Saved: '/Users/mohammedkalouti/Documents/Codex/2026-09-27/i/work/art/aircraft-final-production-v3/stage/assets/build/frames/unit.SA.fighter/beauty/takeoff/d08_f01.png'
07:05.142  render           | Saved: '/Users/mohammedkalouti/Documents/Codex/2026-09-27/i/work/art/aircraft-final-production-v3/stage/assets/build/frames/unit.SA.fighter/team/takeoff/d08_f01.png'
07:05.980  render           | Saved: '/Users/mohammedkalouti/Documents/Codex/2026-09-27/i/work/art/aircraft-final-production-v3/stage/assets/build/frames/unit.SA.fighter/shadow/takeoff/d08_f01.png'
07:06.562  render           | Saved: '/Users/mohammedkalouti/Documents/Codex/2026-09-27/i/work/art/aircraft-final-production-v3/stage/assets/build/frames/unit.SA.fighter/beauty/takeoff/d08_f02.png'
07:07.052  render           | Saved: '/Users/mohammedkalouti/Documents/Codex/2026-09-27/i/work/art/aircraft-final-production-v3/stage/assets/build/frames/unit.SA.fighter/team/takeoff/d08_f02.png'
07:07.903  render           | Saved: '/Users/mohammedkalouti/Documents/Codex/2026-09-27/i/work/art/aircraft-final-production-v3/stage/assets/build/frames/unit.SA.fighter/shadow/takeoff/d08_f02.png'
07:08.494  render           | Saved: '/Users/mohammedkalouti/Documents/Codex/2026-09-27/i/work/art/aircraft-final-production-v3/stage/assets/build/frames/unit.SA.fighter/beauty/takeoff/d08_f03.png'
07:09.003  render           | Saved: '/Users/mohammedkalouti/Documents/Codex/2026-09-27/i/work/art/aircraft-final-production-v3/stage/assets/build/frames/unit.SA.fighter/team/takeoff/d08_f03.png'
07:09.868  render           | Saved: '/Users/mohammedkalouti/Documents/Codex/2026-09-27/i/work/art/aircraft-final-production-v3/stage/assets/build/frames/unit.SA.fighter/shadow/takeoff/d08_f03.png'
07:10.450  render           | Saved: '/Users/mohammedkalouti/Documents/Codex/2026-09-27/i/work/art/aircraft-final-production-v3/stage/assets/build/frames/unit.SA.fighter/beauty/takeoff/d08_f04.png'
07:10.945  render           | Saved: '/Users/mohammedkalouti/Documents/Codex/2026-09-27/i/work/art/aircraft-final-production-v3/stage/assets/build/frames/unit.SA.fighter/team/takeoff/d08_f04.png'
07:11.750  render           | Saved: '/Users/mohammedkalouti/Documents/Codex/2026-09-27/i/work/art/aircraft-final-production-v3/stage/assets/build/frames/unit.SA.fighter/shadow/takeoff/d08_f04.png'
07:12.330  render           | Saved: '/Users/mohammedkalouti/Documents/Codex/2026-09-27/i/work/art/aircraft-final-production-v3/stage/assets/build/frames/unit.SA.fighter/beauty/takeoff/d08_f05.png'
07:12.816  render           | Saved: '/Users/mohammedkalouti/Documents/Codex/2026-09-27/i/work/art/aircraft-final-production-v3/stage/assets/build/frames/unit.SA.fighter/team/takeoff/d08_f05.png'
07:13.634  render           | Saved: '/Users/mohammedkalouti/Documents/Codex/2026-09-27/i/work/art/aircraft-final-production-v3/stage/assets/build/frames/unit.SA.fighter/shadow/takeoff/d08_f05.png'
07:14.215  render           | Saved: '/Users/mohammedkalouti/Documents/Codex/2026-09-27/i/work/art/aircraft-final-production-v3/stage/assets/build/frames/unit.SA.fighter/beauty/takeoff/d09_f00.png'
07:14.685  render           | Saved: '/Users/mohammedkalouti/Documents/Codex/2026-09-27/i/work/art/aircraft-final-production-v3/stage/assets/build/frames/unit.SA.fighter/team/takeoff/d09_f00.png'
07:15.498  render           | Saved: '/Users/mohammedkalouti/Documents/Codex/2026-09-27/i/work/art/aircraft-final-production-v3/stage/assets/build/frames/unit.SA.fighter/shadow/takeoff/d09_f00.png'
07:16.065  render           | Saved: '/Users/mohammedkalouti/Documents/Codex/2026-09-27/i/work/art/aircraft-final-production-v3/stage/assets/build/frames/unit.SA.fighter/beauty/takeoff/d09_f01.png'
07:16.537  render           | Saved: '/Users/mohammedkalouti/Documents/Codex/2026-09-27/i/work/art/aircraft-final-production-v3/stage/assets/build/frames/unit.SA.fighter/team/takeoff/d09_f01.png'
07:17.352  render           | Saved: '/Users/mohammedkalouti/Documents/Codex/2026-09-27/i/work/art/aircraft-final-production-v3/stage/assets/build/frames/unit.SA.fighter/shadow/takeoff/d09_f01.png'
07:17.933  render           | Saved: '/Users/mohammedkalouti/Documents/Codex/2026-09-27/i/work/art/aircraft-final-production-v3/stage/assets/build/frames/unit.SA.fighter/beauty/takeoff/d09_f02.png'
07:18.431  render           | Saved: '/Users/mohammedkalouti/Documents/Codex/2026-09-27/i/work/art/aircraft-final-production-v3/stage/assets/build/frames/unit.SA.fighter/team/takeoff/d09_f02.png'
07:19.257  render           | Saved: '/Users/mohammedkalouti/Documents/Codex/2026-09-27/i/work/art/aircraft-final-production-v3/stage/assets/build/frames/unit.SA.fighter/shadow/takeoff/d09_f02.png'
07:19.821  render           | Saved: '/Users/mohammedkalouti/Documents/Codex/2026-09-27/i/work/art/aircraft-final-production-v3/stage/assets/build/frames/unit.SA.fighter/beauty/takeoff/d09_f03.png'
07:20.318  render           | Saved: '/Users/mohammedkalouti/Documents/Codex/2026-09-27/i/work/art/aircraft-final-production-v3/stage/assets/build/frames/unit.SA.fighter/team/takeoff/d09_f03.png'
07:21.128  render           | Saved: '/Users/mohammedkalouti/Documents/Codex/2026-09-27/i/work/art/aircraft-final-production-v3/stage/assets/build/frames/unit.SA.fighter/shadow/takeoff/d09_f03.png'
07:21.706  render           | Saved: '/Users/mohammedkalouti/Documents/Codex/2026-09-27/i/work/art/aircraft-final-production-v3/stage/assets/build/frames/unit.SA.fighter/beauty/takeoff/d09_f04.png'
07:22.200  render           | Saved: '/Users/mohammedkalouti/Documents/Codex/2026-09-27/i/work/art/aircraft-final-production-v3/stage/assets/build/frames/unit.SA.fighter/team/takeoff/d09_f04.png'
07:23.035  render           | Saved: '/Users/mohammedkalouti/Documents/Codex/2026-09-27/i/work/art/aircraft-final-production-v3/stage/assets/build/frames/unit.SA.fighter/shadow/takeoff/d09_f04.png'
07:23.634  render           | Saved: '/Users/mohammedkalouti/Documents/Codex/2026-09-27/i/work/art/aircraft-final-production-v3/stage/assets/build/frames/unit.SA.fighter/beauty/takeoff/d09_f05.png'
07:24.165  render           | Saved: '/Users/mohammedkalouti/Documents/Codex/2026-09-27/i/work/art/aircraft-final-production-v3/stage/assets/build/frames/unit.SA.fighter/team/takeoff/d09_f05.png'
07:24.980  render           | Saved: '/Users/mohammedkalouti/Documents/Codex/2026-09-27/i/work/art/aircraft-final-production-v3/stage/assets/build/frames/unit.SA.fighter/shadow/takeoff/d09_f05.png'
07:25.578  render           | Saved: '/Users/mohammedkalouti/Documents/Codex/2026-09-27/i/work/art/aircraft-final-production-v3/stage/assets/build/frames/unit.SA.fighter/beauty/takeoff/d10_f00.png'
07:26.070  render           | Saved: '/Users/mohammedkalouti/Documents/Codex/2026-09-27/i/work/art/aircraft-final-production-v3/stage/assets/build/frames/unit.SA.fighter/team/takeoff/d10_f00.png'
07:26.885  render           | Saved: '/Users/mohammedkalouti/Documents/Codex/2026-09-27/i/work/art/aircraft-final-production-v3/stage/assets/build/frames/unit.SA.fighter/shadow/takeoff/d10_f00.png'
07:27.472  render           | Saved: '/Users/mohammedkalouti/Documents/Codex/2026-09-27/i/work/art/aircraft-final-production-v3/stage/assets/build/frames/unit.SA.fighter/beauty/takeoff/d10_f01.png'
07:27.972  render           | Saved: '/Users/mohammedkalouti/Documents/Codex/2026-09-27/i/work/art/aircraft-final-production-v3/stage/assets/build/frames/unit.SA.fighter/team/takeoff/d10_f01.png'
07:28.791  render           | Saved: '/Users/mohammedkalouti/Documents/Codex/2026-09-27/i/work/art/aircraft-final-production-v3/stage/assets/build/frames/unit.SA.fighter/shadow/takeoff/d10_f01.png'
07:29.385  render           | Saved: '/Users/mohammedkalouti/Documents/Codex/2026-09-27/i/work/art/aircraft-final-production-v3/stage/assets/build/frames/unit.SA.fighter/beauty/takeoff/d10_f02.png'
07:29.873  render           | Saved: '/Users/mohammedkalouti/Documents/Codex/2026-09-27/i/work/art/aircraft-final-production-v3/stage/assets/build/frames/unit.SA.fighter/team/takeoff/d10_f02.png'
07:30.706  render           | Saved: '/Users/mohammedkalouti/Documents/Codex/2026-09-27/i/work/art/aircraft-final-production-v3/stage/assets/build/frames/unit.SA.fighter/shadow/takeoff/d10_f02.png'
07:31.271  render           | Saved: '/Users/mohammedkalouti/Documents/Codex/2026-09-27/i/work/art/aircraft-final-production-v3/stage/assets/build/frames/unit.SA.fighter/beauty/takeoff/d10_f03.png'
07:31.747  render           | Saved: '/Users/mohammedkalouti/Documents/Codex/2026-09-27/i/work/art/aircraft-final-production-v3/stage/assets/build/frames/unit.SA.fighter/team/takeoff/d10_f03.png'
07:32.566  render           | Saved: '/Users/mohammedkalouti/Documents/Codex/2026-09-27/i/work/art/aircraft-final-production-v3/stage/assets/build/frames/unit.SA.fighter/shadow/takeoff/d10_f03.png'
07:33.127  render           | Saved: '/Users/mohammedkalouti/Documents/Codex/2026-09-27/i/work/art/aircraft-final-production-v3/stage/assets/build/frames/unit.SA.fighter/beauty/takeoff/d10_f04.png'
07:33.602  render           | Saved: '/Users/mohammedkalouti/Documents/Codex/2026-09-27/i/work/art/aircraft-final-production-v3/stage/assets/build/frames/unit.SA.fighter/team/takeoff/d10_f04.png'
07:34.450  render           | Saved: '/Users/mohammedkalouti/Documents/Codex/2026-09-27/i/work/art/aircraft-final-production-v3/stage/assets/build/frames/unit.SA.fighter/shadow/takeoff/d10_f04.png'
07:35.029  render           | Saved: '/Users/mohammedkalouti/Documents/Codex/2026-09-27/i/work/art/aircraft-final-production-v3/stage/assets/build/frames/unit.SA.fighter/beauty/takeoff/d10_f05.png'
07:35.518  render           | Saved: '/Users/mohammedkalouti/Documents/Codex/2026-09-27/i/work/art/aircraft-final-production-v3/stage/assets/build/frames/unit.SA.fighter/team/takeoff/d10_f05.png'
07:36.330  render           | Saved: '/Users/mohammedkalouti/Documents/Codex/2026-09-27/i/work/art/aircraft-final-production-v3/stage/assets/build/frames/unit.SA.fighter/shadow/takeoff/d10_f05.png'
07:36.912  render           | Saved: '/Users/mohammedkalouti/Documents/Codex/2026-09-27/i/work/art/aircraft-final-production-v3/stage/assets/build/frames/unit.SA.fighter/beauty/takeoff/d11_f00.png'
07:37.401  render           | Saved: '/Users/mohammedkalouti/Documents/Codex/2026-09-27/i/work/art/aircraft-final-production-v3/stage/assets/build/frames/unit.SA.fighter/team/takeoff/d11_f00.png'
07:38.230  render           | Saved: '/Users/mohammedkalouti/Documents/Codex/2026-09-27/i/work/art/aircraft-final-production-v3/stage/assets/build/frames/unit.SA.fighter/shadow/takeoff/d11_f00.png'
07:38.868  render           | Saved: '/Users/mohammedkalouti/Documents/Codex/2026-09-27/i/work/art/aircraft-final-production-v3/stage/assets/build/frames/unit.SA.fighter/beauty/takeoff/d11_f01.png'
07:39.411  render           | Saved: '/Users/mohammedkalouti/Documents/Codex/2026-09-27/i/work/art/aircraft-final-production-v3/stage/assets/build/frames/unit.SA.fighter/team/takeoff/d11_f01.png'
07:40.241  render           | Saved: '/Users/mohammedkalouti/Documents/Codex/2026-09-27/i/work/art/aircraft-final-production-v3/stage/assets/build/frames/unit.SA.fighter/shadow/takeoff/d11_f01.png'
07:40.833  render           | Saved: '/Users/mohammedkalouti/Documents/Codex/2026-09-27/i/work/art/aircraft-final-production-v3/stage/assets/build/frames/unit.SA.fighter/beauty/takeoff/d11_f02.png'
07:41.324  render           | Saved: '/Users/mohammedkalouti/Documents/Codex/2026-09-27/i/work/art/aircraft-final-production-v3/stage/assets/build/frames/unit.SA.fighter/team/takeoff/d11_f02.png'
07:42.136  render           | Saved: '/Users/mohammedkalouti/Documents/Codex/2026-09-27/i/work/art/aircraft-final-production-v3/stage/assets/build/frames/unit.SA.fighter/shadow/takeoff/d11_f02.png'
07:42.699  render           | Saved: '/Users/mohammedkalouti/Documents/Codex/2026-09-27/i/work/art/aircraft-final-production-v3/stage/assets/build/frames/unit.SA.fighter/beauty/takeoff/d11_f03.png'
07:43.187  render           | Saved: '/Users/mohammedkalouti/Documents/Codex/2026-09-27/i/work/art/aircraft-final-production-v3/stage/assets/build/frames/unit.SA.fighter/team/takeoff/d11_f03.png'
07:44.008  render           | Saved: '/Users/mohammedkalouti/Documents/Codex/2026-09-27/i/work/art/aircraft-final-production-v3/stage/assets/build/frames/unit.SA.fighter/shadow/takeoff/d11_f03.png'
07:44.598  render           | Saved: '/Users/mohammedkalouti/Documents/Codex/2026-09-27/i/work/art/aircraft-final-production-v3/stage/assets/build/frames/unit.SA.fighter/beauty/takeoff/d11_f04.png'
07:45.091  render           | Saved: '/Users/mohammedkalouti/Documents/Codex/2026-09-27/i/work/art/aircraft-final-production-v3/stage/assets/build/frames/unit.SA.fighter/team/takeoff/d11_f04.png'
07:45.898  render           | Saved: '/Users/mohammedkalouti/Documents/Codex/2026-09-27/i/work/art/aircraft-final-production-v3/stage/assets/build/frames/unit.SA.fighter/shadow/takeoff/d11_f04.png'
07:46.464  render           | Saved: '/Users/mohammedkalouti/Documents/Codex/2026-09-27/i/work/art/aircraft-final-production-v3/stage/assets/build/frames/unit.SA.fighter/beauty/takeoff/d11_f05.png'
07:46.971  render           | Saved: '/Users/mohammedkalouti/Documents/Codex/2026-09-27/i/work/art/aircraft-final-production-v3/stage/assets/build/frames/unit.SA.fighter/team/takeoff/d11_f05.png'
07:47.799  render           | Saved: '/Users/mohammedkalouti/Documents/Codex/2026-09-27/i/work/art/aircraft-final-production-v3/stage/assets/build/frames/unit.SA.fighter/shadow/takeoff/d11_f05.png'
07:48.375  render           | Saved: '/Users/mohammedkalouti/Documents/Codex/2026-09-27/i/work/art/aircraft-final-production-v3/stage/assets/build/frames/unit.SA.fighter/beauty/takeoff/d12_f00.png'
07:48.848  render           | Saved: '/Users/mohammedkalouti/Documents/Codex/2026-09-27/i/work/art/aircraft-final-production-v3/stage/assets/build/frames/unit.SA.fighter/team/takeoff/d12_f00.png'
07:49.662  render           | Saved: '/Users/mohammedkalouti/Documents/Codex/2026-09-27/i/work/art/aircraft-final-production-v3/stage/assets/build/frames/unit.SA.fighter/shadow/takeoff/d12_f00.png'
07:50.252  render           | Saved: '/Users/mohammedkalouti/Documents/Codex/2026-09-27/i/work/art/aircraft-final-production-v3/stage/assets/build/frames/unit.SA.fighter/beauty/takeoff/d12_f01.png'
07:50.730  render           | Saved: '/Users/mohammedkalouti/Documents/Codex/2026-09-27/i/work/art/aircraft-final-production-v3/stage/assets/build/frames/unit.SA.fighter/team/takeoff/d12_f01.png'
07:51.539  render           | Saved: '/Users/mohammedkalouti/Documents/Codex/2026-09-27/i/work/art/aircraft-final-production-v3/stage/assets/build/frames/unit.SA.fighter/shadow/takeoff/d12_f01.png'
07:52.112  render           | Saved: '/Users/mohammedkalouti/Documents/Codex/2026-09-27/i/work/art/aircraft-final-production-v3/stage/assets/build/frames/unit.SA.fighter/beauty/takeoff/d12_f02.png'
07:52.584  render           | Saved: '/Users/mohammedkalouti/Documents/Codex/2026-09-27/i/work/art/aircraft-final-production-v3/stage/assets/build/frames/unit.SA.fighter/team/takeoff/d12_f02.png'
07:53.409  render           | Saved: '/Users/mohammedkalouti/Documents/Codex/2026-09-27/i/work/art/aircraft-final-production-v3/stage/assets/build/frames/unit.SA.fighter/shadow/takeoff/d12_f02.png'
07:53.979  render           | Saved: '/Users/mohammedkalouti/Documents/Codex/2026-09-27/i/work/art/aircraft-final-production-v3/stage/assets/build/frames/unit.SA.fighter/beauty/takeoff/d12_f03.png'
07:54.455  render           | Saved: '/Users/mohammedkalouti/Documents/Codex/2026-09-27/i/work/art/aircraft-final-production-v3/stage/assets/build/frames/unit.SA.fighter/team/takeoff/d12_f03.png'
07:55.279  render           | Saved: '/Users/mohammedkalouti/Documents/Codex/2026-09-27/i/work/art/aircraft-final-production-v3/stage/assets/build/frames/unit.SA.fighter/shadow/takeoff/d12_f03.png'
07:55.874  render           | Saved: '/Users/mohammedkalouti/Documents/Codex/2026-09-27/i/work/art/aircraft-final-production-v3/stage/assets/build/frames/unit.SA.fighter/beauty/takeoff/d12_f04.png'
07:56.383  render           | Saved: '/Users/mohammedkalouti/Documents/Codex/2026-09-27/i/work/art/aircraft-final-production-v3/stage/assets/build/frames/unit.SA.fighter/team/takeoff/d12_f04.png'
07:57.209  render           | Saved: '/Users/mohammedkalouti/Documents/Codex/2026-09-27/i/work/art/aircraft-final-production-v3/stage/assets/build/frames/unit.SA.fighter/shadow/takeoff/d12_f04.png'
07:57.771  render           | Saved: '/Users/mohammedkalouti/Documents/Codex/2026-09-27/i/work/art/aircraft-final-production-v3/stage/assets/build/frames/unit.SA.fighter/beauty/takeoff/d12_f05.png'
07:58.277  render           | Saved: '/Users/mohammedkalouti/Documents/Codex/2026-09-27/i/work/art/aircraft-final-production-v3/stage/assets/build/frames/unit.SA.fighter/team/takeoff/d12_f05.png'
07:59.098  render           | Saved: '/Users/mohammedkalouti/Documents/Codex/2026-09-27/i/work/art/aircraft-final-production-v3/stage/assets/build/frames/unit.SA.fighter/shadow/takeoff/d12_f05.png'
07:59.705  render           | Saved: '/Users/mohammedkalouti/Documents/Codex/2026-09-27/i/work/art/aircraft-final-production-v3/stage/assets/build/frames/unit.SA.fighter/beauty/takeoff/d13_f00.png'
08:00.197  render           | Saved: '/Users/mohammedkalouti/Documents/Codex/2026-09-27/i/work/art/aircraft-final-production-v3/stage/assets/build/frames/unit.SA.fighter/team/takeoff/d13_f00.png'
08:01.028  render           | Saved: '/Users/mohammedkalouti/Documents/Codex/2026-09-27/i/work/art/aircraft-final-production-v3/stage/assets/build/frames/unit.SA.fighter/shadow/takeoff/d13_f00.png'
08:01.599  render           | Saved: '/Users/mohammedkalouti/Documents/Codex/2026-09-27/i/work/art/aircraft-final-production-v3/stage/assets/build/frames/unit.SA.fighter/beauty/takeoff/d13_f01.png'
08:02.091  render           | Saved: '/Users/mohammedkalouti/Documents/Codex/2026-09-27/i/work/art/aircraft-final-production-v3/stage/assets/build/frames/unit.SA.fighter/team/takeoff/d13_f01.png'
08:02.918  render           | Saved: '/Users/mohammedkalouti/Documents/Codex/2026-09-27/i/work/art/aircraft-final-production-v3/stage/assets/build/frames/unit.SA.fighter/shadow/takeoff/d13_f01.png'
08:03.513  render           | Saved: '/Users/mohammedkalouti/Documents/Codex/2026-09-27/i/work/art/aircraft-final-production-v3/stage/assets/build/frames/unit.SA.fighter/beauty/takeoff/d13_f02.png'
08:04.003  render           | Saved: '/Users/mohammedkalouti/Documents/Codex/2026-09-27/i/work/art/aircraft-final-production-v3/stage/assets/build/frames/unit.SA.fighter/team/takeoff/d13_f02.png'
08:04.827  render           | Saved: '/Users/mohammedkalouti/Documents/Codex/2026-09-27/i/work/art/aircraft-final-production-v3/stage/assets/build/frames/unit.SA.fighter/shadow/takeoff/d13_f02.png'
08:05.427  render           | Saved: '/Users/mohammedkalouti/Documents/Codex/2026-09-27/i/work/art/aircraft-final-production-v3/stage/assets/build/frames/unit.SA.fighter/beauty/takeoff/d13_f03.png'
08:05.913  render           | Saved: '/Users/mohammedkalouti/Documents/Codex/2026-09-27/i/work/art/aircraft-final-production-v3/stage/assets/build/frames/unit.SA.fighter/team/takeoff/d13_f03.png'
08:06.754  render           | Saved: '/Users/mohammedkalouti/Documents/Codex/2026-09-27/i/work/art/aircraft-final-production-v3/stage/assets/build/frames/unit.SA.fighter/shadow/takeoff/d13_f03.png'
08:07.350  render           | Saved: '/Users/mohammedkalouti/Documents/Codex/2026-09-27/i/work/art/aircraft-final-production-v3/stage/assets/build/frames/unit.SA.fighter/beauty/takeoff/d13_f04.png'
08:07.835  render           | Saved: '/Users/mohammedkalouti/Documents/Codex/2026-09-27/i/work/art/aircraft-final-production-v3/stage/assets/build/frames/unit.SA.fighter/team/takeoff/d13_f04.png'
08:08.653  render           | Saved: '/Users/mohammedkalouti/Documents/Codex/2026-09-27/i/work/art/aircraft-final-production-v3/stage/assets/build/frames/unit.SA.fighter/shadow/takeoff/d13_f04.png'
08:09.231  render           | Saved: '/Users/mohammedkalouti/Documents/Codex/2026-09-27/i/work/art/aircraft-final-production-v3/stage/assets/build/frames/unit.SA.fighter/beauty/takeoff/d13_f05.png'
08:09.701  render           | Saved: '/Users/mohammedkalouti/Documents/Codex/2026-09-27/i/work/art/aircraft-final-production-v3/stage/assets/build/frames/unit.SA.fighter/team/takeoff/d13_f05.png'
08:10.509  render           | Saved: '/Users/mohammedkalouti/Documents/Codex/2026-09-27/i/work/art/aircraft-final-production-v3/stage/assets/build/frames/unit.SA.fighter/shadow/takeoff/d13_f05.png'
08:11.095  render           | Saved: '/Users/mohammedkalouti/Documents/Codex/2026-09-27/i/work/art/aircraft-final-production-v3/stage/assets/build/frames/unit.SA.fighter/beauty/takeoff/d14_f00.png'
08:11.578  render           | Saved: '/Users/mohammedkalouti/Documents/Codex/2026-09-27/i/work/art/aircraft-final-production-v3/stage/assets/build/frames/unit.SA.fighter/team/takeoff/d14_f00.png'
08:12.395  render           | Saved: '/Users/mohammedkalouti/Documents/Codex/2026-09-27/i/work/art/aircraft-final-production-v3/stage/assets/build/frames/unit.SA.fighter/shadow/takeoff/d14_f00.png'
08:12.966  render           | Saved: '/Users/mohammedkalouti/Documents/Codex/2026-09-27/i/work/art/aircraft-final-production-v3/stage/assets/build/frames/unit.SA.fighter/beauty/takeoff/d14_f01.png'
08:13.467  render           | Saved: '/Users/mohammedkalouti/Documents/Codex/2026-09-27/i/work/art/aircraft-final-production-v3/stage/assets/build/frames/unit.SA.fighter/team/takeoff/d14_f01.png'
08:14.297  render           | Saved: '/Users/mohammedkalouti/Documents/Codex/2026-09-27/i/work/art/aircraft-final-production-v3/stage/assets/build/frames/unit.SA.fighter/shadow/takeoff/d14_f01.png'
08:14.901  render           | Saved: '/Users/mohammedkalouti/Documents/Codex/2026-09-27/i/work/art/aircraft-final-production-v3/stage/assets/build/frames/unit.SA.fighter/beauty/takeoff/d14_f02.png'
08:15.404  render           | Saved: '/Users/mohammedkalouti/Documents/Codex/2026-09-27/i/work/art/aircraft-final-production-v3/stage/assets/build/frames/unit.SA.fighter/team/takeoff/d14_f02.png'
08:16.234  render           | Saved: '/Users/mohammedkalouti/Documents/Codex/2026-09-27/i/work/art/aircraft-final-production-v3/stage/assets/build/frames/unit.SA.fighter/shadow/takeoff/d14_f02.png'
08:16.818  render           | Saved: '/Users/mohammedkalouti/Documents/Codex/2026-09-27/i/work/art/aircraft-final-production-v3/stage/assets/build/frames/unit.SA.fighter/beauty/takeoff/d14_f03.png'
08:17.305  render           | Saved: '/Users/mohammedkalouti/Documents/Codex/2026-09-27/i/work/art/aircraft-final-production-v3/stage/assets/build/frames/unit.SA.fighter/team/takeoff/d14_f03.png'
08:18.136  render           | Saved: '/Users/mohammedkalouti/Documents/Codex/2026-09-27/i/work/art/aircraft-final-production-v3/stage/assets/build/frames/unit.SA.fighter/shadow/takeoff/d14_f03.png'
08:18.731  render           | Saved: '/Users/mohammedkalouti/Documents/Codex/2026-09-27/i/work/art/aircraft-final-production-v3/stage/assets/build/frames/unit.SA.fighter/beauty/takeoff/d14_f04.png'
08:19.230  render           | Saved: '/Users/mohammedkalouti/Documents/Codex/2026-09-27/i/work/art/aircraft-final-production-v3/stage/assets/build/frames/unit.SA.fighter/team/takeoff/d14_f04.png'
08:20.053  render           | Saved: '/Users/mohammedkalouti/Documents/Codex/2026-09-27/i/work/art/aircraft-final-production-v3/stage/assets/build/frames/unit.SA.fighter/shadow/takeoff/d14_f04.png'
08:20.617  render           | Saved: '/Users/mohammedkalouti/Documents/Codex/2026-09-27/i/work/art/aircraft-final-production-v3/stage/assets/build/frames/unit.SA.fighter/beauty/takeoff/d14_f05.png'
08:21.112  render           | Saved: '/Users/mohammedkalouti/Documents/Codex/2026-09-27/i/work/art/aircraft-final-production-v3/stage/assets/build/frames/unit.SA.fighter/team/takeoff/d14_f05.png'
08:21.924  render           | Saved: '/Users/mohammedkalouti/Documents/Codex/2026-09-27/i/work/art/aircraft-final-production-v3/stage/assets/build/frames/unit.SA.fighter/shadow/takeoff/d14_f05.png'
08:22.499  render           | Saved: '/Users/mohammedkalouti/Documents/Codex/2026-09-27/i/work/art/aircraft-final-production-v3/stage/assets/build/frames/unit.SA.fighter/beauty/takeoff/d15_f00.png'
08:22.984  render           | Saved: '/Users/mohammedkalouti/Documents/Codex/2026-09-27/i/work/art/aircraft-final-production-v3/stage/assets/build/frames/unit.SA.fighter/team/takeoff/d15_f00.png'
08:23.816  render           | Saved: '/Users/mohammedkalouti/Documents/Codex/2026-09-27/i/work/art/aircraft-final-production-v3/stage/assets/build/frames/unit.SA.fighter/shadow/takeoff/d15_f00.png'
08:24.398  render           | Saved: '/Users/mohammedkalouti/Documents/Codex/2026-09-27/i/work/art/aircraft-final-production-v3/stage/assets/build/frames/unit.SA.fighter/beauty/takeoff/d15_f01.png'
08:24.880  render           | Saved: '/Users/mohammedkalouti/Documents/Codex/2026-09-27/i/work/art/aircraft-final-production-v3/stage/assets/build/frames/unit.SA.fighter/team/takeoff/d15_f01.png'
08:25.702  render           | Saved: '/Users/mohammedkalouti/Documents/Codex/2026-09-27/i/work/art/aircraft-final-production-v3/stage/assets/build/frames/unit.SA.fighter/shadow/takeoff/d15_f01.png'
08:26.270  render           | Saved: '/Users/mohammedkalouti/Documents/Codex/2026-09-27/i/work/art/aircraft-final-production-v3/stage/assets/build/frames/unit.SA.fighter/beauty/takeoff/d15_f02.png'
08:26.741  render           | Saved: '/Users/mohammedkalouti/Documents/Codex/2026-09-27/i/work/art/aircraft-final-production-v3/stage/assets/build/frames/unit.SA.fighter/team/takeoff/d15_f02.png'
08:27.583  render           | Saved: '/Users/mohammedkalouti/Documents/Codex/2026-09-27/i/work/art/aircraft-final-production-v3/stage/assets/build/frames/unit.SA.fighter/shadow/takeoff/d15_f02.png'
08:28.156  render           | Saved: '/Users/mohammedkalouti/Documents/Codex/2026-09-27/i/work/art/aircraft-final-production-v3/stage/assets/build/frames/unit.SA.fighter/beauty/takeoff/d15_f03.png'
08:28.642  render           | Saved: '/Users/mohammedkalouti/Documents/Codex/2026-09-27/i/work/art/aircraft-final-production-v3/stage/assets/build/frames/unit.SA.fighter/team/takeoff/d15_f03.png'
08:29.453  render           | Saved: '/Users/mohammedkalouti/Documents/Codex/2026-09-27/i/work/art/aircraft-final-production-v3/stage/assets/build/frames/unit.SA.fighter/shadow/takeoff/d15_f03.png'
08:30.028  render           | Saved: '/Users/mohammedkalouti/Documents/Codex/2026-09-27/i/work/art/aircraft-final-production-v3/stage/assets/build/frames/unit.SA.fighter/beauty/takeoff/d15_f04.png'
08:30.503  render           | Saved: '/Users/mohammedkalouti/Documents/Codex/2026-09-27/i/work/art/aircraft-final-production-v3/stage/assets/build/frames/unit.SA.fighter/team/takeoff/d15_f04.png'
08:31.335  render           | Saved: '/Users/mohammedkalouti/Documents/Codex/2026-09-27/i/work/art/aircraft-final-production-v3/stage/assets/build/frames/unit.SA.fighter/shadow/takeoff/d15_f04.png'
08:31.906  render           | Saved: '/Users/mohammedkalouti/Documents/Codex/2026-09-27/i/work/art/aircraft-final-production-v3/stage/assets/build/frames/unit.SA.fighter/beauty/takeoff/d15_f05.png'
08:32.402  render           | Saved: '/Users/mohammedkalouti/Documents/Codex/2026-09-27/i/work/art/aircraft-final-production-v3/stage/assets/build/frames/unit.SA.fighter/team/takeoff/d15_f05.png'
08:33.227  render           | Saved: '/Users/mohammedkalouti/Documents/Codex/2026-09-27/i/work/art/aircraft-final-production-v3/stage/assets/build/frames/unit.SA.fighter/shadow/takeoff/d15_f05.png'
08:33.795  render           | Saved: '/Users/mohammedkalouti/Documents/Codex/2026-09-27/i/work/art/aircraft-final-production-v3/stage/assets/build/frames/unit.SA.fighter/beauty/landing/d00_f00.png'
08:34.284  render           | Saved: '/Users/mohammedkalouti/Documents/Codex/2026-09-27/i/work/art/aircraft-final-production-v3/stage/assets/build/frames/unit.SA.fighter/team/landing/d00_f00.png'
08:35.109  render           | Saved: '/Users/mohammedkalouti/Documents/Codex/2026-09-27/i/work/art/aircraft-final-production-v3/stage/assets/build/frames/unit.SA.fighter/shadow/landing/d00_f00.png'
08:35.665  render           | Saved: '/Users/mohammedkalouti/Documents/Codex/2026-09-27/i/work/art/aircraft-final-production-v3/stage/assets/build/frames/unit.SA.fighter/beauty/landing/d00_f01.png'
08:36.135  render           | Saved: '/Users/mohammedkalouti/Documents/Codex/2026-09-27/i/work/art/aircraft-final-production-v3/stage/assets/build/frames/unit.SA.fighter/team/landing/d00_f01.png'
08:36.945  render           | Saved: '/Users/mohammedkalouti/Documents/Codex/2026-09-27/i/work/art/aircraft-final-production-v3/stage/assets/build/frames/unit.SA.fighter/shadow/landing/d00_f01.png'
08:37.505  render           | Saved: '/Users/mohammedkalouti/Documents/Codex/2026-09-27/i/work/art/aircraft-final-production-v3/stage/assets/build/frames/unit.SA.fighter/beauty/landing/d00_f02.png'
08:37.990  render           | Saved: '/Users/mohammedkalouti/Documents/Codex/2026-09-27/i/work/art/aircraft-final-production-v3/stage/assets/build/frames/unit.SA.fighter/team/landing/d00_f02.png'
08:38.823  render           | Saved: '/Users/mohammedkalouti/Documents/Codex/2026-09-27/i/work/art/aircraft-final-production-v3/stage/assets/build/frames/unit.SA.fighter/shadow/landing/d00_f02.png'
08:39.407  render           | Saved: '/Users/mohammedkalouti/Documents/Codex/2026-09-27/i/work/art/aircraft-final-production-v3/stage/assets/build/frames/unit.SA.fighter/beauty/landing/d00_f03.png'
08:39.907  render           | Saved: '/Users/mohammedkalouti/Documents/Codex/2026-09-27/i/work/art/aircraft-final-production-v3/stage/assets/build/frames/unit.SA.fighter/team/landing/d00_f03.png'
08:40.724  render           | Saved: '/Users/mohammedkalouti/Documents/Codex/2026-09-27/i/work/art/aircraft-final-production-v3/stage/assets/build/frames/unit.SA.fighter/shadow/landing/d00_f03.png'
08:41.299  render           | Saved: '/Users/mohammedkalouti/Documents/Codex/2026-09-27/i/work/art/aircraft-final-production-v3/stage/assets/build/frames/unit.SA.fighter/beauty/landing/d00_f04.png'
08:41.781  render           | Saved: '/Users/mohammedkalouti/Documents/Codex/2026-09-27/i/work/art/aircraft-final-production-v3/stage/assets/build/frames/unit.SA.fighter/team/landing/d00_f04.png'
08:42.594  render           | Saved: '/Users/mohammedkalouti/Documents/Codex/2026-09-27/i/work/art/aircraft-final-production-v3/stage/assets/build/frames/unit.SA.fighter/shadow/landing/d00_f04.png'
08:43.164  render           | Saved: '/Users/mohammedkalouti/Documents/Codex/2026-09-27/i/work/art/aircraft-final-production-v3/stage/assets/build/frames/unit.SA.fighter/beauty/landing/d00_f05.png'
08:43.639  render           | Saved: '/Users/mohammedkalouti/Documents/Codex/2026-09-27/i/work/art/aircraft-final-production-v3/stage/assets/build/frames/unit.SA.fighter/team/landing/d00_f05.png'
08:44.472  render           | Saved: '/Users/mohammedkalouti/Documents/Codex/2026-09-27/i/work/art/aircraft-final-production-v3/stage/assets/build/frames/unit.SA.fighter/shadow/landing/d00_f05.png'
08:45.033  render           | Saved: '/Users/mohammedkalouti/Documents/Codex/2026-09-27/i/work/art/aircraft-final-production-v3/stage/assets/build/frames/unit.SA.fighter/beauty/landing/d01_f00.png'
08:45.511  render           | Saved: '/Users/mohammedkalouti/Documents/Codex/2026-09-27/i/work/art/aircraft-final-production-v3/stage/assets/build/frames/unit.SA.fighter/team/landing/d01_f00.png'
08:46.339  render           | Saved: '/Users/mohammedkalouti/Documents/Codex/2026-09-27/i/work/art/aircraft-final-production-v3/stage/assets/build/frames/unit.SA.fighter/shadow/landing/d01_f00.png'
08:46.891  render           | Saved: '/Users/mohammedkalouti/Documents/Codex/2026-09-27/i/work/art/aircraft-final-production-v3/stage/assets/build/frames/unit.SA.fighter/beauty/landing/d01_f01.png'
08:47.384  render           | Saved: '/Users/mohammedkalouti/Documents/Codex/2026-09-27/i/work/art/aircraft-final-production-v3/stage/assets/build/frames/unit.SA.fighter/team/landing/d01_f01.png'
08:48.276  render           | Saved: '/Users/mohammedkalouti/Documents/Codex/2026-09-27/i/work/art/aircraft-final-production-v3/stage/assets/build/frames/unit.SA.fighter/shadow/landing/d01_f01.png'
08:48.864  render           | Saved: '/Users/mohammedkalouti/Documents/Codex/2026-09-27/i/work/art/aircraft-final-production-v3/stage/assets/build/frames/unit.SA.fighter/beauty/landing/d01_f02.png'
08:49.354  render           | Saved: '/Users/mohammedkalouti/Documents/Codex/2026-09-27/i/work/art/aircraft-final-production-v3/stage/assets/build/frames/unit.SA.fighter/team/landing/d01_f02.png'
08:50.172  render           | Saved: '/Users/mohammedkalouti/Documents/Codex/2026-09-27/i/work/art/aircraft-final-production-v3/stage/assets/build/frames/unit.SA.fighter/shadow/landing/d01_f02.png'
08:50.719  render           | Saved: '/Users/mohammedkalouti/Documents/Codex/2026-09-27/i/work/art/aircraft-final-production-v3/stage/assets/build/frames/unit.SA.fighter/beauty/landing/d01_f03.png'
08:51.207  render           | Saved: '/Users/mohammedkalouti/Documents/Codex/2026-09-27/i/work/art/aircraft-final-production-v3/stage/assets/build/frames/unit.SA.fighter/team/landing/d01_f03.png'
08:52.032  render           | Saved: '/Users/mohammedkalouti/Documents/Codex/2026-09-27/i/work/art/aircraft-final-production-v3/stage/assets/build/frames/unit.SA.fighter/shadow/landing/d01_f03.png'
08:52.587  render           | Saved: '/Users/mohammedkalouti/Documents/Codex/2026-09-27/i/work/art/aircraft-final-production-v3/stage/assets/build/frames/unit.SA.fighter/beauty/landing/d01_f04.png'
08:53.064  render           | Saved: '/Users/mohammedkalouti/Documents/Codex/2026-09-27/i/work/art/aircraft-final-production-v3/stage/assets/build/frames/unit.SA.fighter/team/landing/d01_f04.png'
08:53.882  render           | Saved: '/Users/mohammedkalouti/Documents/Codex/2026-09-27/i/work/art/aircraft-final-production-v3/stage/assets/build/frames/unit.SA.fighter/shadow/landing/d01_f04.png'
08:54.454  render           | Saved: '/Users/mohammedkalouti/Documents/Codex/2026-09-27/i/work/art/aircraft-final-production-v3/stage/assets/build/frames/unit.SA.fighter/beauty/landing/d01_f05.png'
08:54.938  render           | Saved: '/Users/mohammedkalouti/Documents/Codex/2026-09-27/i/work/art/aircraft-final-production-v3/stage/assets/build/frames/unit.SA.fighter/team/landing/d01_f05.png'
08:55.757  render           | Saved: '/Users/mohammedkalouti/Documents/Codex/2026-09-27/i/work/art/aircraft-final-production-v3/stage/assets/build/frames/unit.SA.fighter/shadow/landing/d01_f05.png'
08:56.315  render           | Saved: '/Users/mohammedkalouti/Documents/Codex/2026-09-27/i/work/art/aircraft-final-production-v3/stage/assets/build/frames/unit.SA.fighter/beauty/landing/d02_f00.png'
08:56.797  render           | Saved: '/Users/mohammedkalouti/Documents/Codex/2026-09-27/i/work/art/aircraft-final-production-v3/stage/assets/build/frames/unit.SA.fighter/team/landing/d02_f00.png'
08:57.622  render           | Saved: '/Users/mohammedkalouti/Documents/Codex/2026-09-27/i/work/art/aircraft-final-production-v3/stage/assets/build/frames/unit.SA.fighter/shadow/landing/d02_f00.png'
08:58.175  render           | Saved: '/Users/mohammedkalouti/Documents/Codex/2026-09-27/i/work/art/aircraft-final-production-v3/stage/assets/build/frames/unit.SA.fighter/beauty/landing/d02_f01.png'
08:58.651  render           | Saved: '/Users/mohammedkalouti/Documents/Codex/2026-09-27/i/work/art/aircraft-final-production-v3/stage/assets/build/frames/unit.SA.fighter/team/landing/d02_f01.png'
08:59.483  render           | Saved: '/Users/mohammedkalouti/Documents/Codex/2026-09-27/i/work/art/aircraft-final-production-v3/stage/assets/build/frames/unit.SA.fighter/shadow/landing/d02_f01.png'
09:00.037  render           | Saved: '/Users/mohammedkalouti/Documents/Codex/2026-09-27/i/work/art/aircraft-final-production-v3/stage/assets/build/frames/unit.SA.fighter/beauty/landing/d02_f02.png'
09:00.545  render           | Saved: '/Users/mohammedkalouti/Documents/Codex/2026-09-27/i/work/art/aircraft-final-production-v3/stage/assets/build/frames/unit.SA.fighter/team/landing/d02_f02.png'
09:01.439  render           | Saved: '/Users/mohammedkalouti/Documents/Codex/2026-09-27/i/work/art/aircraft-final-production-v3/stage/assets/build/frames/unit.SA.fighter/shadow/landing/d02_f02.png'
09:02.013  render           | Saved: '/Users/mohammedkalouti/Documents/Codex/2026-09-27/i/work/art/aircraft-final-production-v3/stage/assets/build/frames/unit.SA.fighter/beauty/landing/d02_f03.png'
09:02.535  render           | Saved: '/Users/mohammedkalouti/Documents/Codex/2026-09-27/i/work/art/aircraft-final-production-v3/stage/assets/build/frames/unit.SA.fighter/team/landing/d02_f03.png'
09:03.457  render           | Saved: '/Users/mohammedkalouti/Documents/Codex/2026-09-27/i/work/art/aircraft-final-production-v3/stage/assets/build/frames/unit.SA.fighter/shadow/landing/d02_f03.png'
09:04.045  render           | Saved: '/Users/mohammedkalouti/Documents/Codex/2026-09-27/i/work/art/aircraft-final-production-v3/stage/assets/build/frames/unit.SA.fighter/beauty/landing/d02_f04.png'
09:04.537  render           | Saved: '/Users/mohammedkalouti/Documents/Codex/2026-09-27/i/work/art/aircraft-final-production-v3/stage/assets/build/frames/unit.SA.fighter/team/landing/d02_f04.png'
09:05.383  render           | Saved: '/Users/mohammedkalouti/Documents/Codex/2026-09-27/i/work/art/aircraft-final-production-v3/stage/assets/build/frames/unit.SA.fighter/shadow/landing/d02_f04.png'
09:05.962  render           | Saved: '/Users/mohammedkalouti/Documents/Codex/2026-09-27/i/work/art/aircraft-final-production-v3/stage/assets/build/frames/unit.SA.fighter/beauty/landing/d02_f05.png'
09:06.451  render           | Saved: '/Users/mohammedkalouti/Documents/Codex/2026-09-27/i/work/art/aircraft-final-production-v3/stage/assets/build/frames/unit.SA.fighter/team/landing/d02_f05.png'
09:07.283  render           | Saved: '/Users/mohammedkalouti/Documents/Codex/2026-09-27/i/work/art/aircraft-final-production-v3/stage/assets/build/frames/unit.SA.fighter/shadow/landing/d02_f05.png'
09:07.846  render           | Saved: '/Users/mohammedkalouti/Documents/Codex/2026-09-27/i/work/art/aircraft-final-production-v3/stage/assets/build/frames/unit.SA.fighter/beauty/landing/d03_f00.png'
09:08.336  render           | Saved: '/Users/mohammedkalouti/Documents/Codex/2026-09-27/i/work/art/aircraft-final-production-v3/stage/assets/build/frames/unit.SA.fighter/team/landing/d03_f00.png'
09:09.171  render           | Saved: '/Users/mohammedkalouti/Documents/Codex/2026-09-27/i/work/art/aircraft-final-production-v3/stage/assets/build/frames/unit.SA.fighter/shadow/landing/d03_f00.png'
09:09.759  render           | Saved: '/Users/mohammedkalouti/Documents/Codex/2026-09-27/i/work/art/aircraft-final-production-v3/stage/assets/build/frames/unit.SA.fighter/beauty/landing/d03_f01.png'
09:10.236  render           | Saved: '/Users/mohammedkalouti/Documents/Codex/2026-09-27/i/work/art/aircraft-final-production-v3/stage/assets/build/frames/unit.SA.fighter/team/landing/d03_f01.png'
09:11.064  render           | Saved: '/Users/mohammedkalouti/Documents/Codex/2026-09-27/i/work/art/aircraft-final-production-v3/stage/assets/build/frames/unit.SA.fighter/shadow/landing/d03_f01.png'
09:11.650  render           | Saved: '/Users/mohammedkalouti/Documents/Codex/2026-09-27/i/work/art/aircraft-final-production-v3/stage/assets/build/frames/unit.SA.fighter/beauty/landing/d03_f02.png'
09:12.133  render           | Saved: '/Users/mohammedkalouti/Documents/Codex/2026-09-27/i/work/art/aircraft-final-production-v3/stage/assets/build/frames/unit.SA.fighter/team/landing/d03_f02.png'
09:12.945  render           | Saved: '/Users/mohammedkalouti/Documents/Codex/2026-09-27/i/work/art/aircraft-final-production-v3/stage/assets/build/frames/unit.SA.fighter/shadow/landing/d03_f02.png'
09:13.504  render           | Saved: '/Users/mohammedkalouti/Documents/Codex/2026-09-27/i/work/art/aircraft-final-production-v3/stage/assets/build/frames/unit.SA.fighter/beauty/landing/d03_f03.png'
09:13.984  render           | Saved: '/Users/mohammedkalouti/Documents/Codex/2026-09-27/i/work/art/aircraft-final-production-v3/stage/assets/build/frames/unit.SA.fighter/team/landing/d03_f03.png'
09:14.804  render           | Saved: '/Users/mohammedkalouti/Documents/Codex/2026-09-27/i/work/art/aircraft-final-production-v3/stage/assets/build/frames/unit.SA.fighter/shadow/landing/d03_f03.png'
09:15.361  render           | Saved: '/Users/mohammedkalouti/Documents/Codex/2026-09-27/i/work/art/aircraft-final-production-v3/stage/assets/build/frames/unit.SA.fighter/beauty/landing/d03_f04.png'
09:15.849  render           | Saved: '/Users/mohammedkalouti/Documents/Codex/2026-09-27/i/work/art/aircraft-final-production-v3/stage/assets/build/frames/unit.SA.fighter/team/landing/d03_f04.png'
09:16.694  render           | Saved: '/Users/mohammedkalouti/Documents/Codex/2026-09-27/i/work/art/aircraft-final-production-v3/stage/assets/build/frames/unit.SA.fighter/shadow/landing/d03_f04.png'
09:17.263  render           | Saved: '/Users/mohammedkalouti/Documents/Codex/2026-09-27/i/work/art/aircraft-final-production-v3/stage/assets/build/frames/unit.SA.fighter/beauty/landing/d03_f05.png'
09:17.759  render           | Saved: '/Users/mohammedkalouti/Documents/Codex/2026-09-27/i/work/art/aircraft-final-production-v3/stage/assets/build/frames/unit.SA.fighter/team/landing/d03_f05.png'
09:18.590  render           | Saved: '/Users/mohammedkalouti/Documents/Codex/2026-09-27/i/work/art/aircraft-final-production-v3/stage/assets/build/frames/unit.SA.fighter/shadow/landing/d03_f05.png'
09:19.176  render           | Saved: '/Users/mohammedkalouti/Documents/Codex/2026-09-27/i/work/art/aircraft-final-production-v3/stage/assets/build/frames/unit.SA.fighter/beauty/landing/d04_f00.png'
09:19.651  render           | Saved: '/Users/mohammedkalouti/Documents/Codex/2026-09-27/i/work/art/aircraft-final-production-v3/stage/assets/build/frames/unit.SA.fighter/team/landing/d04_f00.png'
09:20.471  render           | Saved: '/Users/mohammedkalouti/Documents/Codex/2026-09-27/i/work/art/aircraft-final-production-v3/stage/assets/build/frames/unit.SA.fighter/shadow/landing/d04_f00.png'
09:21.023  render           | Saved: '/Users/mohammedkalouti/Documents/Codex/2026-09-27/i/work/art/aircraft-final-production-v3/stage/assets/build/frames/unit.SA.fighter/beauty/landing/d04_f01.png'
09:21.499  render           | Saved: '/Users/mohammedkalouti/Documents/Codex/2026-09-27/i/work/art/aircraft-final-production-v3/stage/assets/build/frames/unit.SA.fighter/team/landing/d04_f01.png'
09:22.321  render           | Saved: '/Users/mohammedkalouti/Documents/Codex/2026-09-27/i/work/art/aircraft-final-production-v3/stage/assets/build/frames/unit.SA.fighter/shadow/landing/d04_f01.png'
09:22.906  render           | Saved: '/Users/mohammedkalouti/Documents/Codex/2026-09-27/i/work/art/aircraft-final-production-v3/stage/assets/build/frames/unit.SA.fighter/beauty/landing/d04_f02.png'
09:23.411  render           | Saved: '/Users/mohammedkalouti/Documents/Codex/2026-09-27/i/work/art/aircraft-final-production-v3/stage/assets/build/frames/unit.SA.fighter/team/landing/d04_f02.png'
09:24.284  render           | Saved: '/Users/mohammedkalouti/Documents/Codex/2026-09-27/i/work/art/aircraft-final-production-v3/stage/assets/build/frames/unit.SA.fighter/shadow/landing/d04_f02.png'
09:24.906  render           | Saved: '/Users/mohammedkalouti/Documents/Codex/2026-09-27/i/work/art/aircraft-final-production-v3/stage/assets/build/frames/unit.SA.fighter/beauty/landing/d04_f03.png'
09:25.394  render           | Saved: '/Users/mohammedkalouti/Documents/Codex/2026-09-27/i/work/art/aircraft-final-production-v3/stage/assets/build/frames/unit.SA.fighter/team/landing/d04_f03.png'
09:26.212  render           | Saved: '/Users/mohammedkalouti/Documents/Codex/2026-09-27/i/work/art/aircraft-final-production-v3/stage/assets/build/frames/unit.SA.fighter/shadow/landing/d04_f03.png'
09:26.789  render           | Saved: '/Users/mohammedkalouti/Documents/Codex/2026-09-27/i/work/art/aircraft-final-production-v3/stage/assets/build/frames/unit.SA.fighter/beauty/landing/d04_f04.png'
09:27.270  render           | Saved: '/Users/mohammedkalouti/Documents/Codex/2026-09-27/i/work/art/aircraft-final-production-v3/stage/assets/build/frames/unit.SA.fighter/team/landing/d04_f04.png'
09:28.088  render           | Saved: '/Users/mohammedkalouti/Documents/Codex/2026-09-27/i/work/art/aircraft-final-production-v3/stage/assets/build/frames/unit.SA.fighter/shadow/landing/d04_f04.png'
09:28.638  render           | Saved: '/Users/mohammedkalouti/Documents/Codex/2026-09-27/i/work/art/aircraft-final-production-v3/stage/assets/build/frames/unit.SA.fighter/beauty/landing/d04_f05.png'
09:29.142  render           | Saved: '/Users/mohammedkalouti/Documents/Codex/2026-09-27/i/work/art/aircraft-final-production-v3/stage/assets/build/frames/unit.SA.fighter/team/landing/d04_f05.png'
09:29.970  render           | Saved: '/Users/mohammedkalouti/Documents/Codex/2026-09-27/i/work/art/aircraft-final-production-v3/stage/assets/build/frames/unit.SA.fighter/shadow/landing/d04_f05.png'
09:30.595  render           | Saved: '/Users/mohammedkalouti/Documents/Codex/2026-09-27/i/work/art/aircraft-final-production-v3/stage/assets/build/frames/unit.SA.fighter/beauty/landing/d05_f00.png'
09:31.091  render           | Saved: '/Users/mohammedkalouti/Documents/Codex/2026-09-27/i/work/art/aircraft-final-production-v3/stage/assets/build/frames/unit.SA.fighter/team/landing/d05_f00.png'
09:31.906  render           | Saved: '/Users/mohammedkalouti/Documents/Codex/2026-09-27/i/work/art/aircraft-final-production-v3/stage/assets/build/frames/unit.SA.fighter/shadow/landing/d05_f00.png'
09:32.485  render           | Saved: '/Users/mohammedkalouti/Documents/Codex/2026-09-27/i/work/art/aircraft-final-production-v3/stage/assets/build/frames/unit.SA.fighter/beauty/landing/d05_f01.png'
09:32.967  render           | Saved: '/Users/mohammedkalouti/Documents/Codex/2026-09-27/i/work/art/aircraft-final-production-v3/stage/assets/build/frames/unit.SA.fighter/team/landing/d05_f01.png'
09:33.787  render           | Saved: '/Users/mohammedkalouti/Documents/Codex/2026-09-27/i/work/art/aircraft-final-production-v3/stage/assets/build/frames/unit.SA.fighter/shadow/landing/d05_f01.png'
09:34.362  render           | Saved: '/Users/mohammedkalouti/Documents/Codex/2026-09-27/i/work/art/aircraft-final-production-v3/stage/assets/build/frames/unit.SA.fighter/beauty/landing/d05_f02.png'
09:34.829  render           | Saved: '/Users/mohammedkalouti/Documents/Codex/2026-09-27/i/work/art/aircraft-final-production-v3/stage/assets/build/frames/unit.SA.fighter/team/landing/d05_f02.png'
09:35.654  render           | Saved: '/Users/mohammedkalouti/Documents/Codex/2026-09-27/i/work/art/aircraft-final-production-v3/stage/assets/build/frames/unit.SA.fighter/shadow/landing/d05_f02.png'
09:36.231  render           | Saved: '/Users/mohammedkalouti/Documents/Codex/2026-09-27/i/work/art/aircraft-final-production-v3/stage/assets/build/frames/unit.SA.fighter/beauty/landing/d05_f03.png'
09:36.697  render           | Saved: '/Users/mohammedkalouti/Documents/Codex/2026-09-27/i/work/art/aircraft-final-production-v3/stage/assets/build/frames/unit.SA.fighter/team/landing/d05_f03.png'
09:37.511  render           | Saved: '/Users/mohammedkalouti/Documents/Codex/2026-09-27/i/work/art/aircraft-final-production-v3/stage/assets/build/frames/unit.SA.fighter/shadow/landing/d05_f03.png'
09:38.098  render           | Saved: '/Users/mohammedkalouti/Documents/Codex/2026-09-27/i/work/art/aircraft-final-production-v3/stage/assets/build/frames/unit.SA.fighter/beauty/landing/d05_f04.png'
09:38.569  render           | Saved: '/Users/mohammedkalouti/Documents/Codex/2026-09-27/i/work/art/aircraft-final-production-v3/stage/assets/build/frames/unit.SA.fighter/team/landing/d05_f04.png'
09:39.402  render           | Saved: '/Users/mohammedkalouti/Documents/Codex/2026-09-27/i/work/art/aircraft-final-production-v3/stage/assets/build/frames/unit.SA.fighter/shadow/landing/d05_f04.png'
09:39.975  render           | Saved: '/Users/mohammedkalouti/Documents/Codex/2026-09-27/i/work/art/aircraft-final-production-v3/stage/assets/build/frames/unit.SA.fighter/beauty/landing/d05_f05.png'
09:40.453  render           | Saved: '/Users/mohammedkalouti/Documents/Codex/2026-09-27/i/work/art/aircraft-final-production-v3/stage/assets/build/frames/unit.SA.fighter/team/landing/d05_f05.png'
09:41.265  render           | Saved: '/Users/mohammedkalouti/Documents/Codex/2026-09-27/i/work/art/aircraft-final-production-v3/stage/assets/build/frames/unit.SA.fighter/shadow/landing/d05_f05.png'
09:41.836  render           | Saved: '/Users/mohammedkalouti/Documents/Codex/2026-09-27/i/work/art/aircraft-final-production-v3/stage/assets/build/frames/unit.SA.fighter/beauty/landing/d06_f00.png'
09:42.328  render           | Saved: '/Users/mohammedkalouti/Documents/Codex/2026-09-27/i/work/art/aircraft-final-production-v3/stage/assets/build/frames/unit.SA.fighter/team/landing/d06_f00.png'
09:43.146  render           | Saved: '/Users/mohammedkalouti/Documents/Codex/2026-09-27/i/work/art/aircraft-final-production-v3/stage/assets/build/frames/unit.SA.fighter/shadow/landing/d06_f00.png'
09:43.714  render           | Saved: '/Users/mohammedkalouti/Documents/Codex/2026-09-27/i/work/art/aircraft-final-production-v3/stage/assets/build/frames/unit.SA.fighter/beauty/landing/d06_f01.png'
09:44.202  render           | Saved: '/Users/mohammedkalouti/Documents/Codex/2026-09-27/i/work/art/aircraft-final-production-v3/stage/assets/build/frames/unit.SA.fighter/team/landing/d06_f01.png'
09:45.019  render           | Saved: '/Users/mohammedkalouti/Documents/Codex/2026-09-27/i/work/art/aircraft-final-production-v3/stage/assets/build/frames/unit.SA.fighter/shadow/landing/d06_f01.png'
09:45.579  render           | Saved: '/Users/mohammedkalouti/Documents/Codex/2026-09-27/i/work/art/aircraft-final-production-v3/stage/assets/build/frames/unit.SA.fighter/beauty/landing/d06_f02.png'
09:46.053  render           | Saved: '/Users/mohammedkalouti/Documents/Codex/2026-09-27/i/work/art/aircraft-final-production-v3/stage/assets/build/frames/unit.SA.fighter/team/landing/d06_f02.png'
09:46.896  render           | Saved: '/Users/mohammedkalouti/Documents/Codex/2026-09-27/i/work/art/aircraft-final-production-v3/stage/assets/build/frames/unit.SA.fighter/shadow/landing/d06_f02.png'
09:47.495  render           | Saved: '/Users/mohammedkalouti/Documents/Codex/2026-09-27/i/work/art/aircraft-final-production-v3/stage/assets/build/frames/unit.SA.fighter/beauty/landing/d06_f03.png'
09:48.001  render           | Saved: '/Users/mohammedkalouti/Documents/Codex/2026-09-27/i/work/art/aircraft-final-production-v3/stage/assets/build/frames/unit.SA.fighter/team/landing/d06_f03.png'
09:48.820  render           | Saved: '/Users/mohammedkalouti/Documents/Codex/2026-09-27/i/work/art/aircraft-final-production-v3/stage/assets/build/frames/unit.SA.fighter/shadow/landing/d06_f03.png'
09:49.434  render           | Saved: '/Users/mohammedkalouti/Documents/Codex/2026-09-27/i/work/art/aircraft-final-production-v3/stage/assets/build/frames/unit.SA.fighter/beauty/landing/d06_f04.png'
09:49.923  render           | Saved: '/Users/mohammedkalouti/Documents/Codex/2026-09-27/i/work/art/aircraft-final-production-v3/stage/assets/build/frames/unit.SA.fighter/team/landing/d06_f04.png'
09:50.750  render           | Saved: '/Users/mohammedkalouti/Documents/Codex/2026-09-27/i/work/art/aircraft-final-production-v3/stage/assets/build/frames/unit.SA.fighter/shadow/landing/d06_f04.png'
09:51.312  render           | Saved: '/Users/mohammedkalouti/Documents/Codex/2026-09-27/i/work/art/aircraft-final-production-v3/stage/assets/build/frames/unit.SA.fighter/beauty/landing/d06_f05.png'
09:51.783  render           | Saved: '/Users/mohammedkalouti/Documents/Codex/2026-09-27/i/work/art/aircraft-final-production-v3/stage/assets/build/frames/unit.SA.fighter/team/landing/d06_f05.png'
09:52.599  render           | Saved: '/Users/mohammedkalouti/Documents/Codex/2026-09-27/i/work/art/aircraft-final-production-v3/stage/assets/build/frames/unit.SA.fighter/shadow/landing/d06_f05.png'
09:53.185  render           | Saved: '/Users/mohammedkalouti/Documents/Codex/2026-09-27/i/work/art/aircraft-final-production-v3/stage/assets/build/frames/unit.SA.fighter/beauty/landing/d07_f00.png'
09:53.647  render           | Saved: '/Users/mohammedkalouti/Documents/Codex/2026-09-27/i/work/art/aircraft-final-production-v3/stage/assets/build/frames/unit.SA.fighter/team/landing/d07_f00.png'
09:54.524  render           | Saved: '/Users/mohammedkalouti/Documents/Codex/2026-09-27/i/work/art/aircraft-final-production-v3/stage/assets/build/frames/unit.SA.fighter/shadow/landing/d07_f00.png'
09:55.105  render           | Saved: '/Users/mohammedkalouti/Documents/Codex/2026-09-27/i/work/art/aircraft-final-production-v3/stage/assets/build/frames/unit.SA.fighter/beauty/landing/d07_f01.png'
09:55.585  render           | Saved: '/Users/mohammedkalouti/Documents/Codex/2026-09-27/i/work/art/aircraft-final-production-v3/stage/assets/build/frames/unit.SA.fighter/team/landing/d07_f01.png'
09:56.400  render           | Saved: '/Users/mohammedkalouti/Documents/Codex/2026-09-27/i/work/art/aircraft-final-production-v3/stage/assets/build/frames/unit.SA.fighter/shadow/landing/d07_f01.png'
09:56.979  render           | Saved: '/Users/mohammedkalouti/Documents/Codex/2026-09-27/i/work/art/aircraft-final-production-v3/stage/assets/build/frames/unit.SA.fighter/beauty/landing/d07_f02.png'
09:57.454  render           | Saved: '/Users/mohammedkalouti/Documents/Codex/2026-09-27/i/work/art/aircraft-final-production-v3/stage/assets/build/frames/unit.SA.fighter/team/landing/d07_f02.png'
09:58.270  render           | Saved: '/Users/mohammedkalouti/Documents/Codex/2026-09-27/i/work/art/aircraft-final-production-v3/stage/assets/build/frames/unit.SA.fighter/shadow/landing/d07_f02.png'
09:58.822  render           | Saved: '/Users/mohammedkalouti/Documents/Codex/2026-09-27/i/work/art/aircraft-final-production-v3/stage/assets/build/frames/unit.SA.fighter/beauty/landing/d07_f03.png'
09:59.313  render           | Saved: '/Users/mohammedkalouti/Documents/Codex/2026-09-27/i/work/art/aircraft-final-production-v3/stage/assets/build/frames/unit.SA.fighter/team/landing/d07_f03.png'
10:00.141  render           | Saved: '/Users/mohammedkalouti/Documents/Codex/2026-09-27/i/work/art/aircraft-final-production-v3/stage/assets/build/frames/unit.SA.fighter/shadow/landing/d07_f03.png'
10:00.727  render           | Saved: '/Users/mohammedkalouti/Documents/Codex/2026-09-27/i/work/art/aircraft-final-production-v3/stage/assets/build/frames/unit.SA.fighter/beauty/landing/d07_f04.png'
10:01.223  render           | Saved: '/Users/mohammedkalouti/Documents/Codex/2026-09-27/i/work/art/aircraft-final-production-v3/stage/assets/build/frames/unit.SA.fighter/team/landing/d07_f04.png'
10:02.034  render           | Saved: '/Users/mohammedkalouti/Documents/Codex/2026-09-27/i/work/art/aircraft-final-production-v3/stage/assets/build/frames/unit.SA.fighter/shadow/landing/d07_f04.png'
10:02.609  render           | Saved: '/Users/mohammedkalouti/Documents/Codex/2026-09-27/i/work/art/aircraft-final-production-v3/stage/assets/build/frames/unit.SA.fighter/beauty/landing/d07_f05.png'
10:03.091  render           | Saved: '/Users/mohammedkalouti/Documents/Codex/2026-09-27/i/work/art/aircraft-final-production-v3/stage/assets/build/frames/unit.SA.fighter/team/landing/d07_f05.png'
10:03.897  render           | Saved: '/Users/mohammedkalouti/Documents/Codex/2026-09-27/i/work/art/aircraft-final-production-v3/stage/assets/build/frames/unit.SA.fighter/shadow/landing/d07_f05.png'
10:04.475  render           | Saved: '/Users/mohammedkalouti/Documents/Codex/2026-09-27/i/work/art/aircraft-final-production-v3/stage/assets/build/frames/unit.SA.fighter/beauty/landing/d08_f00.png'
10:04.955  render           | Saved: '/Users/mohammedkalouti/Documents/Codex/2026-09-27/i/work/art/aircraft-final-production-v3/stage/assets/build/frames/unit.SA.fighter/team/landing/d08_f00.png'
10:05.799  render           | Saved: '/Users/mohammedkalouti/Documents/Codex/2026-09-27/i/work/art/aircraft-final-production-v3/stage/assets/build/frames/unit.SA.fighter/shadow/landing/d08_f00.png'
10:06.379  render           | Saved: '/Users/mohammedkalouti/Documents/Codex/2026-09-27/i/work/art/aircraft-final-production-v3/stage/assets/build/frames/unit.SA.fighter/beauty/landing/d08_f01.png'
10:06.866  render           | Saved: '/Users/mohammedkalouti/Documents/Codex/2026-09-27/i/work/art/aircraft-final-production-v3/stage/assets/build/frames/unit.SA.fighter/team/landing/d08_f01.png'
10:07.681  render           | Saved: '/Users/mohammedkalouti/Documents/Codex/2026-09-27/i/work/art/aircraft-final-production-v3/stage/assets/build/frames/unit.SA.fighter/shadow/landing/d08_f01.png'
10:08.265  render           | Saved: '/Users/mohammedkalouti/Documents/Codex/2026-09-27/i/work/art/aircraft-final-production-v3/stage/assets/build/frames/unit.SA.fighter/beauty/landing/d08_f02.png'
10:08.736  render           | Saved: '/Users/mohammedkalouti/Documents/Codex/2026-09-27/i/work/art/aircraft-final-production-v3/stage/assets/build/frames/unit.SA.fighter/team/landing/d08_f02.png'
10:09.569  render           | Saved: '/Users/mohammedkalouti/Documents/Codex/2026-09-27/i/work/art/aircraft-final-production-v3/stage/assets/build/frames/unit.SA.fighter/shadow/landing/d08_f02.png'
10:10.142  render           | Saved: '/Users/mohammedkalouti/Documents/Codex/2026-09-27/i/work/art/aircraft-final-production-v3/stage/assets/build/frames/unit.SA.fighter/beauty/landing/d08_f03.png'
10:10.617  render           | Saved: '/Users/mohammedkalouti/Documents/Codex/2026-09-27/i/work/art/aircraft-final-production-v3/stage/assets/build/frames/unit.SA.fighter/team/landing/d08_f03.png'
10:11.423  render           | Saved: '/Users/mohammedkalouti/Documents/Codex/2026-09-27/i/work/art/aircraft-final-production-v3/stage/assets/build/frames/unit.SA.fighter/shadow/landing/d08_f03.png'
10:11.994  render           | Saved: '/Users/mohammedkalouti/Documents/Codex/2026-09-27/i/work/art/aircraft-final-production-v3/stage/assets/build/frames/unit.SA.fighter/beauty/landing/d08_f04.png'
10:12.491  render           | Saved: '/Users/mohammedkalouti/Documents/Codex/2026-09-27/i/work/art/aircraft-final-production-v3/stage/assets/build/frames/unit.SA.fighter/team/landing/d08_f04.png'
10:13.316  render           | Saved: '/Users/mohammedkalouti/Documents/Codex/2026-09-27/i/work/art/aircraft-final-production-v3/stage/assets/build/frames/unit.SA.fighter/shadow/landing/d08_f04.png'
10:13.879  render           | Saved: '/Users/mohammedkalouti/Documents/Codex/2026-09-27/i/work/art/aircraft-final-production-v3/stage/assets/build/frames/unit.SA.fighter/beauty/landing/d08_f05.png'
10:14.371  render           | Saved: '/Users/mohammedkalouti/Documents/Codex/2026-09-27/i/work/art/aircraft-final-production-v3/stage/assets/build/frames/unit.SA.fighter/team/landing/d08_f05.png'
10:15.191  render           | Saved: '/Users/mohammedkalouti/Documents/Codex/2026-09-27/i/work/art/aircraft-final-production-v3/stage/assets/build/frames/unit.SA.fighter/shadow/landing/d08_f05.png'
10:15.771  render           | Saved: '/Users/mohammedkalouti/Documents/Codex/2026-09-27/i/work/art/aircraft-final-production-v3/stage/assets/build/frames/unit.SA.fighter/beauty/landing/d09_f00.png'
10:16.254  render           | Saved: '/Users/mohammedkalouti/Documents/Codex/2026-09-27/i/work/art/aircraft-final-production-v3/stage/assets/build/frames/unit.SA.fighter/team/landing/d09_f00.png'
10:17.073  render           | Saved: '/Users/mohammedkalouti/Documents/Codex/2026-09-27/i/work/art/aircraft-final-production-v3/stage/assets/build/frames/unit.SA.fighter/shadow/landing/d09_f00.png'
10:17.644  render           | Saved: '/Users/mohammedkalouti/Documents/Codex/2026-09-27/i/work/art/aircraft-final-production-v3/stage/assets/build/frames/unit.SA.fighter/beauty/landing/d09_f01.png'
10:18.138  render           | Saved: '/Users/mohammedkalouti/Documents/Codex/2026-09-27/i/work/art/aircraft-final-production-v3/stage/assets/build/frames/unit.SA.fighter/team/landing/d09_f01.png'
10:19.069  render           | Saved: '/Users/mohammedkalouti/Documents/Codex/2026-09-27/i/work/art/aircraft-final-production-v3/stage/assets/build/frames/unit.SA.fighter/shadow/landing/d09_f01.png'
10:19.628  render           | Saved: '/Users/mohammedkalouti/Documents/Codex/2026-09-27/i/work/art/aircraft-final-production-v3/stage/assets/build/frames/unit.SA.fighter/beauty/landing/d09_f02.png'
10:20.110  render           | Saved: '/Users/mohammedkalouti/Documents/Codex/2026-09-27/i/work/art/aircraft-final-production-v3/stage/assets/build/frames/unit.SA.fighter/team/landing/d09_f02.png'
10:20.926  render           | Saved: '/Users/mohammedkalouti/Documents/Codex/2026-09-27/i/work/art/aircraft-final-production-v3/stage/assets/build/frames/unit.SA.fighter/shadow/landing/d09_f02.png'
10:21.501  render           | Saved: '/Users/mohammedkalouti/Documents/Codex/2026-09-27/i/work/art/aircraft-final-production-v3/stage/assets/build/frames/unit.SA.fighter/beauty/landing/d09_f03.png'
10:21.985  render           | Saved: '/Users/mohammedkalouti/Documents/Codex/2026-09-27/i/work/art/aircraft-final-production-v3/stage/assets/build/frames/unit.SA.fighter/team/landing/d09_f03.png'
10:22.795  render           | Saved: '/Users/mohammedkalouti/Documents/Codex/2026-09-27/i/work/art/aircraft-final-production-v3/stage/assets/build/frames/unit.SA.fighter/shadow/landing/d09_f03.png'
10:23.374  render           | Saved: '/Users/mohammedkalouti/Documents/Codex/2026-09-27/i/work/art/aircraft-final-production-v3/stage/assets/build/frames/unit.SA.fighter/beauty/landing/d09_f04.png'
10:23.845  render           | Saved: '/Users/mohammedkalouti/Documents/Codex/2026-09-27/i/work/art/aircraft-final-production-v3/stage/assets/build/frames/unit.SA.fighter/team/landing/d09_f04.png'
10:24.665  render           | Saved: '/Users/mohammedkalouti/Documents/Codex/2026-09-27/i/work/art/aircraft-final-production-v3/stage/assets/build/frames/unit.SA.fighter/shadow/landing/d09_f04.png'
10:25.244  render           | Saved: '/Users/mohammedkalouti/Documents/Codex/2026-09-27/i/work/art/aircraft-final-production-v3/stage/assets/build/frames/unit.SA.fighter/beauty/landing/d09_f05.png'
10:25.718  render           | Saved: '/Users/mohammedkalouti/Documents/Codex/2026-09-27/i/work/art/aircraft-final-production-v3/stage/assets/build/frames/unit.SA.fighter/team/landing/d09_f05.png'
10:26.530  render           | Saved: '/Users/mohammedkalouti/Documents/Codex/2026-09-27/i/work/art/aircraft-final-production-v3/stage/assets/build/frames/unit.SA.fighter/shadow/landing/d09_f05.png'
10:27.138  render           | Saved: '/Users/mohammedkalouti/Documents/Codex/2026-09-27/i/work/art/aircraft-final-production-v3/stage/assets/build/frames/unit.SA.fighter/beauty/landing/d10_f00.png'
10:27.618  render           | Saved: '/Users/mohammedkalouti/Documents/Codex/2026-09-27/i/work/art/aircraft-final-production-v3/stage/assets/build/frames/unit.SA.fighter/team/landing/d10_f00.png'
10:28.445  render           | Saved: '/Users/mohammedkalouti/Documents/Codex/2026-09-27/i/work/art/aircraft-final-production-v3/stage/assets/build/frames/unit.SA.fighter/shadow/landing/d10_f00.png'
10:29.005  render           | Saved: '/Users/mohammedkalouti/Documents/Codex/2026-09-27/i/work/art/aircraft-final-production-v3/stage/assets/build/frames/unit.SA.fighter/beauty/landing/d10_f01.png'
10:29.490  render           | Saved: '/Users/mohammedkalouti/Documents/Codex/2026-09-27/i/work/art/aircraft-final-production-v3/stage/assets/build/frames/unit.SA.fighter/team/landing/d10_f01.png'
10:30.321  render           | Saved: '/Users/mohammedkalouti/Documents/Codex/2026-09-27/i/work/art/aircraft-final-production-v3/stage/assets/build/frames/unit.SA.fighter/shadow/landing/d10_f01.png'
10:30.887  render           | Saved: '/Users/mohammedkalouti/Documents/Codex/2026-09-27/i/work/art/aircraft-final-production-v3/stage/assets/build/frames/unit.SA.fighter/beauty/landing/d10_f02.png'
10:31.373  render           | Saved: '/Users/mohammedkalouti/Documents/Codex/2026-09-27/i/work/art/aircraft-final-production-v3/stage/assets/build/frames/unit.SA.fighter/team/landing/d10_f02.png'
10:32.240  render           | Saved: '/Users/mohammedkalouti/Documents/Codex/2026-09-27/i/work/art/aircraft-final-production-v3/stage/assets/build/frames/unit.SA.fighter/shadow/landing/d10_f02.png'
10:32.847  render           | Saved: '/Users/mohammedkalouti/Documents/Codex/2026-09-27/i/work/art/aircraft-final-production-v3/stage/assets/build/frames/unit.SA.fighter/beauty/landing/d10_f03.png'
10:33.356  render           | Saved: '/Users/mohammedkalouti/Documents/Codex/2026-09-27/i/work/art/aircraft-final-production-v3/stage/assets/build/frames/unit.SA.fighter/team/landing/d10_f03.png'
10:34.241  render           | Saved: '/Users/mohammedkalouti/Documents/Codex/2026-09-27/i/work/art/aircraft-final-production-v3/stage/assets/build/frames/unit.SA.fighter/shadow/landing/d10_f03.png'
10:34.837  render           | Saved: '/Users/mohammedkalouti/Documents/Codex/2026-09-27/i/work/art/aircraft-final-production-v3/stage/assets/build/frames/unit.SA.fighter/beauty/landing/d10_f04.png'
10:35.356  render           | Saved: '/Users/mohammedkalouti/Documents/Codex/2026-09-27/i/work/art/aircraft-final-production-v3/stage/assets/build/frames/unit.SA.fighter/team/landing/d10_f04.png'
10:36.222  render           | Saved: '/Users/mohammedkalouti/Documents/Codex/2026-09-27/i/work/art/aircraft-final-production-v3/stage/assets/build/frames/unit.SA.fighter/shadow/landing/d10_f04.png'
10:36.787  render           | Saved: '/Users/mohammedkalouti/Documents/Codex/2026-09-27/i/work/art/aircraft-final-production-v3/stage/assets/build/frames/unit.SA.fighter/beauty/landing/d10_f05.png'
10:37.286  render           | Saved: '/Users/mohammedkalouti/Documents/Codex/2026-09-27/i/work/art/aircraft-final-production-v3/stage/assets/build/frames/unit.SA.fighter/team/landing/d10_f05.png'
10:38.123  render           | Saved: '/Users/mohammedkalouti/Documents/Codex/2026-09-27/i/work/art/aircraft-final-production-v3/stage/assets/build/frames/unit.SA.fighter/shadow/landing/d10_f05.png'
10:38.726  render           | Saved: '/Users/mohammedkalouti/Documents/Codex/2026-09-27/i/work/art/aircraft-final-production-v3/stage/assets/build/frames/unit.SA.fighter/beauty/landing/d11_f00.png'
10:39.220  render           | Saved: '/Users/mohammedkalouti/Documents/Codex/2026-09-27/i/work/art/aircraft-final-production-v3/stage/assets/build/frames/unit.SA.fighter/team/landing/d11_f00.png'
10:40.065  render           | Saved: '/Users/mohammedkalouti/Documents/Codex/2026-09-27/i/work/art/aircraft-final-production-v3/stage/assets/build/frames/unit.SA.fighter/shadow/landing/d11_f00.png'
10:40.630  render           | Saved: '/Users/mohammedkalouti/Documents/Codex/2026-09-27/i/work/art/aircraft-final-production-v3/stage/assets/build/frames/unit.SA.fighter/beauty/landing/d11_f01.png'
10:41.104  render           | Saved: '/Users/mohammedkalouti/Documents/Codex/2026-09-27/i/work/art/aircraft-final-production-v3/stage/assets/build/frames/unit.SA.fighter/team/landing/d11_f01.png'
10:41.924  render           | Saved: '/Users/mohammedkalouti/Documents/Codex/2026-09-27/i/work/art/aircraft-final-production-v3/stage/assets/build/frames/unit.SA.fighter/shadow/landing/d11_f01.png'
10:42.488  render           | Saved: '/Users/mohammedkalouti/Documents/Codex/2026-09-27/i/work/art/aircraft-final-production-v3/stage/assets/build/frames/unit.SA.fighter/beauty/landing/d11_f02.png'
10:42.964  render           | Saved: '/Users/mohammedkalouti/Documents/Codex/2026-09-27/i/work/art/aircraft-final-production-v3/stage/assets/build/frames/unit.SA.fighter/team/landing/d11_f02.png'
10:43.793  render           | Saved: '/Users/mohammedkalouti/Documents/Codex/2026-09-27/i/work/art/aircraft-final-production-v3/stage/assets/build/frames/unit.SA.fighter/shadow/landing/d11_f02.png'
10:44.384  render           | Saved: '/Users/mohammedkalouti/Documents/Codex/2026-09-27/i/work/art/aircraft-final-production-v3/stage/assets/build/frames/unit.SA.fighter/beauty/landing/d11_f03.png'
10:44.872  render           | Saved: '/Users/mohammedkalouti/Documents/Codex/2026-09-27/i/work/art/aircraft-final-production-v3/stage/assets/build/frames/unit.SA.fighter/team/landing/d11_f03.png'
10:45.715  render           | Saved: '/Users/mohammedkalouti/Documents/Codex/2026-09-27/i/work/art/aircraft-final-production-v3/stage/assets/build/frames/unit.SA.fighter/shadow/landing/d11_f03.png'
10:46.337  render           | Saved: '/Users/mohammedkalouti/Documents/Codex/2026-09-27/i/work/art/aircraft-final-production-v3/stage/assets/build/frames/unit.SA.fighter/beauty/landing/d11_f04.png'
10:46.818  render           | Saved: '/Users/mohammedkalouti/Documents/Codex/2026-09-27/i/work/art/aircraft-final-production-v3/stage/assets/build/frames/unit.SA.fighter/team/landing/d11_f04.png'
10:47.649  render           | Saved: '/Users/mohammedkalouti/Documents/Codex/2026-09-27/i/work/art/aircraft-final-production-v3/stage/assets/build/frames/unit.SA.fighter/shadow/landing/d11_f04.png'
10:48.231  render           | Saved: '/Users/mohammedkalouti/Documents/Codex/2026-09-27/i/work/art/aircraft-final-production-v3/stage/assets/build/frames/unit.SA.fighter/beauty/landing/d11_f05.png'
10:48.707  render           | Saved: '/Users/mohammedkalouti/Documents/Codex/2026-09-27/i/work/art/aircraft-final-production-v3/stage/assets/build/frames/unit.SA.fighter/team/landing/d11_f05.png'
10:49.524  render           | Saved: '/Users/mohammedkalouti/Documents/Codex/2026-09-27/i/work/art/aircraft-final-production-v3/stage/assets/build/frames/unit.SA.fighter/shadow/landing/d11_f05.png'
10:50.090  render           | Saved: '/Users/mohammedkalouti/Documents/Codex/2026-09-27/i/work/art/aircraft-final-production-v3/stage/assets/build/frames/unit.SA.fighter/beauty/landing/d12_f00.png'
10:50.561  render           | Saved: '/Users/mohammedkalouti/Documents/Codex/2026-09-27/i/work/art/aircraft-final-production-v3/stage/assets/build/frames/unit.SA.fighter/team/landing/d12_f00.png'
10:51.383  render           | Saved: '/Users/mohammedkalouti/Documents/Codex/2026-09-27/i/work/art/aircraft-final-production-v3/stage/assets/build/frames/unit.SA.fighter/shadow/landing/d12_f00.png'
10:51.941  render           | Saved: '/Users/mohammedkalouti/Documents/Codex/2026-09-27/i/work/art/aircraft-final-production-v3/stage/assets/build/frames/unit.SA.fighter/beauty/landing/d12_f01.png'
10:52.433  render           | Saved: '/Users/mohammedkalouti/Documents/Codex/2026-09-27/i/work/art/aircraft-final-production-v3/stage/assets/build/frames/unit.SA.fighter/team/landing/d12_f01.png'
10:53.261  render           | Saved: '/Users/mohammedkalouti/Documents/Codex/2026-09-27/i/work/art/aircraft-final-production-v3/stage/assets/build/frames/unit.SA.fighter/shadow/landing/d12_f01.png'
10:53.863  render           | Saved: '/Users/mohammedkalouti/Documents/Codex/2026-09-27/i/work/art/aircraft-final-production-v3/stage/assets/build/frames/unit.SA.fighter/beauty/landing/d12_f02.png'
10:54.354  render           | Saved: '/Users/mohammedkalouti/Documents/Codex/2026-09-27/i/work/art/aircraft-final-production-v3/stage/assets/build/frames/unit.SA.fighter/team/landing/d12_f02.png'
10:55.179  render           | Saved: '/Users/mohammedkalouti/Documents/Codex/2026-09-27/i/work/art/aircraft-final-production-v3/stage/assets/build/frames/unit.SA.fighter/shadow/landing/d12_f02.png'
10:55.737  render           | Saved: '/Users/mohammedkalouti/Documents/Codex/2026-09-27/i/work/art/aircraft-final-production-v3/stage/assets/build/frames/unit.SA.fighter/beauty/landing/d12_f03.png'
10:56.226  render           | Saved: '/Users/mohammedkalouti/Documents/Codex/2026-09-27/i/work/art/aircraft-final-production-v3/stage/assets/build/frames/unit.SA.fighter/team/landing/d12_f03.png'
10:57.057  render           | Saved: '/Users/mohammedkalouti/Documents/Codex/2026-09-27/i/work/art/aircraft-final-production-v3/stage/assets/build/frames/unit.SA.fighter/shadow/landing/d12_f03.png'
10:57.633  render           | Saved: '/Users/mohammedkalouti/Documents/Codex/2026-09-27/i/work/art/aircraft-final-production-v3/stage/assets/build/frames/unit.SA.fighter/beauty/landing/d12_f04.png'
10:58.112  render           | Saved: '/Users/mohammedkalouti/Documents/Codex/2026-09-27/i/work/art/aircraft-final-production-v3/stage/assets/build/frames/unit.SA.fighter/team/landing/d12_f04.png'
10:58.937  render           | Saved: '/Users/mohammedkalouti/Documents/Codex/2026-09-27/i/work/art/aircraft-final-production-v3/stage/assets/build/frames/unit.SA.fighter/shadow/landing/d12_f04.png'
10:59.499  render           | Saved: '/Users/mohammedkalouti/Documents/Codex/2026-09-27/i/work/art/aircraft-final-production-v3/stage/assets/build/frames/unit.SA.fighter/beauty/landing/d12_f05.png'
10:59.989  render           | Saved: '/Users/mohammedkalouti/Documents/Codex/2026-09-27/i/work/art/aircraft-final-production-v3/stage/assets/build/frames/unit.SA.fighter/team/landing/d12_f05.png'
11:00.801  render           | Saved: '/Users/mohammedkalouti/Documents/Codex/2026-09-27/i/work/art/aircraft-final-production-v3/stage/assets/build/frames/unit.SA.fighter/shadow/landing/d12_f05.png'
11:01.365  render           | Saved: '/Users/mohammedkalouti/Documents/Codex/2026-09-27/i/work/art/aircraft-final-production-v3/stage/assets/build/frames/unit.SA.fighter/beauty/landing/d13_f00.png'
11:01.846  render           | Saved: '/Users/mohammedkalouti/Documents/Codex/2026-09-27/i/work/art/aircraft-final-production-v3/stage/assets/build/frames/unit.SA.fighter/team/landing/d13_f00.png'
11:02.665  render           | Saved: '/Users/mohammedkalouti/Documents/Codex/2026-09-27/i/work/art/aircraft-final-production-v3/stage/assets/build/frames/unit.SA.fighter/shadow/landing/d13_f00.png'
11:03.240  render           | Saved: '/Users/mohammedkalouti/Documents/Codex/2026-09-27/i/work/art/aircraft-final-production-v3/stage/assets/build/frames/unit.SA.fighter/beauty/landing/d13_f01.png'
11:03.713  render           | Saved: '/Users/mohammedkalouti/Documents/Codex/2026-09-27/i/work/art/aircraft-final-production-v3/stage/assets/build/frames/unit.SA.fighter/team/landing/d13_f01.png'
11:04.530  render           | Saved: '/Users/mohammedkalouti/Documents/Codex/2026-09-27/i/work/art/aircraft-final-production-v3/stage/assets/build/frames/unit.SA.fighter/shadow/landing/d13_f01.png'
11:05.107  render           | Saved: '/Users/mohammedkalouti/Documents/Codex/2026-09-27/i/work/art/aircraft-final-production-v3/stage/assets/build/frames/unit.SA.fighter/beauty/landing/d13_f02.png'
11:05.606  render           | Saved: '/Users/mohammedkalouti/Documents/Codex/2026-09-27/i/work/art/aircraft-final-production-v3/stage/assets/build/frames/unit.SA.fighter/team/landing/d13_f02.png'
11:06.436  render           | Saved: '/Users/mohammedkalouti/Documents/Codex/2026-09-27/i/work/art/aircraft-final-production-v3/stage/assets/build/frames/unit.SA.fighter/shadow/landing/d13_f02.png'
11:07.010  render           | Saved: '/Users/mohammedkalouti/Documents/Codex/2026-09-27/i/work/art/aircraft-final-production-v3/stage/assets/build/frames/unit.SA.fighter/beauty/landing/d13_f03.png'
11:07.484  render           | Saved: '/Users/mohammedkalouti/Documents/Codex/2026-09-27/i/work/art/aircraft-final-production-v3/stage/assets/build/frames/unit.SA.fighter/team/landing/d13_f03.png'
11:08.308  render           | Saved: '/Users/mohammedkalouti/Documents/Codex/2026-09-27/i/work/art/aircraft-final-production-v3/stage/assets/build/frames/unit.SA.fighter/shadow/landing/d13_f03.png'
11:08.894  render           | Saved: '/Users/mohammedkalouti/Documents/Codex/2026-09-27/i/work/art/aircraft-final-production-v3/stage/assets/build/frames/unit.SA.fighter/beauty/landing/d13_f04.png'
11:09.394  render           | Saved: '/Users/mohammedkalouti/Documents/Codex/2026-09-27/i/work/art/aircraft-final-production-v3/stage/assets/build/frames/unit.SA.fighter/team/landing/d13_f04.png'
11:10.220  render           | Saved: '/Users/mohammedkalouti/Documents/Codex/2026-09-27/i/work/art/aircraft-final-production-v3/stage/assets/build/frames/unit.SA.fighter/shadow/landing/d13_f04.png'
11:10.778  render           | Saved: '/Users/mohammedkalouti/Documents/Codex/2026-09-27/i/work/art/aircraft-final-production-v3/stage/assets/build/frames/unit.SA.fighter/beauty/landing/d13_f05.png'
11:11.268  render           | Saved: '/Users/mohammedkalouti/Documents/Codex/2026-09-27/i/work/art/aircraft-final-production-v3/stage/assets/build/frames/unit.SA.fighter/team/landing/d13_f05.png'
11:12.101  render           | Saved: '/Users/mohammedkalouti/Documents/Codex/2026-09-27/i/work/art/aircraft-final-production-v3/stage/assets/build/frames/unit.SA.fighter/shadow/landing/d13_f05.png'
11:12.680  render           | Saved: '/Users/mohammedkalouti/Documents/Codex/2026-09-27/i/work/art/aircraft-final-production-v3/stage/assets/build/frames/unit.SA.fighter/beauty/landing/d14_f00.png'
11:13.154  render           | Saved: '/Users/mohammedkalouti/Documents/Codex/2026-09-27/i/work/art/aircraft-final-production-v3/stage/assets/build/frames/unit.SA.fighter/team/landing/d14_f00.png'
11:13.990  render           | Saved: '/Users/mohammedkalouti/Documents/Codex/2026-09-27/i/work/art/aircraft-final-production-v3/stage/assets/build/frames/unit.SA.fighter/shadow/landing/d14_f00.png'
11:14.577  render           | Saved: '/Users/mohammedkalouti/Documents/Codex/2026-09-27/i/work/art/aircraft-final-production-v3/stage/assets/build/frames/unit.SA.fighter/beauty/landing/d14_f01.png'
11:15.058  render           | Saved: '/Users/mohammedkalouti/Documents/Codex/2026-09-27/i/work/art/aircraft-final-production-v3/stage/assets/build/frames/unit.SA.fighter/team/landing/d14_f01.png'
11:15.877  render           | Saved: '/Users/mohammedkalouti/Documents/Codex/2026-09-27/i/work/art/aircraft-final-production-v3/stage/assets/build/frames/unit.SA.fighter/shadow/landing/d14_f01.png'
11:16.482  render           | Saved: '/Users/mohammedkalouti/Documents/Codex/2026-09-27/i/work/art/aircraft-final-production-v3/stage/assets/build/frames/unit.SA.fighter/beauty/landing/d14_f02.png'
11:16.966  render           | Saved: '/Users/mohammedkalouti/Documents/Codex/2026-09-27/i/work/art/aircraft-final-production-v3/stage/assets/build/frames/unit.SA.fighter/team/landing/d14_f02.png'
11:17.798  render           | Saved: '/Users/mohammedkalouti/Documents/Codex/2026-09-27/i/work/art/aircraft-final-production-v3/stage/assets/build/frames/unit.SA.fighter/shadow/landing/d14_f02.png'
11:18.403  render           | Saved: '/Users/mohammedkalouti/Documents/Codex/2026-09-27/i/work/art/aircraft-final-production-v3/stage/assets/build/frames/unit.SA.fighter/beauty/landing/d14_f03.png'
11:18.890  render           | Saved: '/Users/mohammedkalouti/Documents/Codex/2026-09-27/i/work/art/aircraft-final-production-v3/stage/assets/build/frames/unit.SA.fighter/team/landing/d14_f03.png'
11:19.717  render           | Saved: '/Users/mohammedkalouti/Documents/Codex/2026-09-27/i/work/art/aircraft-final-production-v3/stage/assets/build/frames/unit.SA.fighter/shadow/landing/d14_f03.png'
11:20.297  render           | Saved: '/Users/mohammedkalouti/Documents/Codex/2026-09-27/i/work/art/aircraft-final-production-v3/stage/assets/build/frames/unit.SA.fighter/beauty/landing/d14_f04.png'
11:20.776  render           | Saved: '/Users/mohammedkalouti/Documents/Codex/2026-09-27/i/work/art/aircraft-final-production-v3/stage/assets/build/frames/unit.SA.fighter/team/landing/d14_f04.png'
11:21.592  render           | Saved: '/Users/mohammedkalouti/Documents/Codex/2026-09-27/i/work/art/aircraft-final-production-v3/stage/assets/build/frames/unit.SA.fighter/shadow/landing/d14_f04.png'
11:22.172  render           | Saved: '/Users/mohammedkalouti/Documents/Codex/2026-09-27/i/work/art/aircraft-final-production-v3/stage/assets/build/frames/unit.SA.fighter/beauty/landing/d14_f05.png'
11:22.658  render           | Saved: '/Users/mohammedkalouti/Documents/Codex/2026-09-27/i/work/art/aircraft-final-production-v3/stage/assets/build/frames/unit.SA.fighter/team/landing/d14_f05.png'
11:23.464  render           | Saved: '/Users/mohammedkalouti/Documents/Codex/2026-09-27/i/work/art/aircraft-final-production-v3/stage/assets/build/frames/unit.SA.fighter/shadow/landing/d14_f05.png'
11:24.076  render           | Saved: '/Users/mohammedkalouti/Documents/Codex/2026-09-27/i/work/art/aircraft-final-production-v3/stage/assets/build/frames/unit.SA.fighter/beauty/landing/d15_f00.png'
11:24.554  render           | Saved: '/Users/mohammedkalouti/Documents/Codex/2026-09-27/i/work/art/aircraft-final-production-v3/stage/assets/build/frames/unit.SA.fighter/team/landing/d15_f00.png'
11:25.380  render           | Saved: '/Users/mohammedkalouti/Documents/Codex/2026-09-27/i/work/art/aircraft-final-production-v3/stage/assets/build/frames/unit.SA.fighter/shadow/landing/d15_f00.png'
11:25.942  render           | Saved: '/Users/mohammedkalouti/Documents/Codex/2026-09-27/i/work/art/aircraft-final-production-v3/stage/assets/build/frames/unit.SA.fighter/beauty/landing/d15_f01.png'
11:26.432  render           | Saved: '/Users/mohammedkalouti/Documents/Codex/2026-09-27/i/work/art/aircraft-final-production-v3/stage/assets/build/frames/unit.SA.fighter/team/landing/d15_f01.png'
11:27.257  render           | Saved: '/Users/mohammedkalouti/Documents/Codex/2026-09-27/i/work/art/aircraft-final-production-v3/stage/assets/build/frames/unit.SA.fighter/shadow/landing/d15_f01.png'
11:27.855  render           | Saved: '/Users/mohammedkalouti/Documents/Codex/2026-09-27/i/work/art/aircraft-final-production-v3/stage/assets/build/frames/unit.SA.fighter/beauty/landing/d15_f02.png'
11:28.343  render           | Saved: '/Users/mohammedkalouti/Documents/Codex/2026-09-27/i/work/art/aircraft-final-production-v3/stage/assets/build/frames/unit.SA.fighter/team/landing/d15_f02.png'
11:29.155  render           | Saved: '/Users/mohammedkalouti/Documents/Codex/2026-09-27/i/work/art/aircraft-final-production-v3/stage/assets/build/frames/unit.SA.fighter/shadow/landing/d15_f02.png'
11:29.762  render           | Saved: '/Users/mohammedkalouti/Documents/Codex/2026-09-27/i/work/art/aircraft-final-production-v3/stage/assets/build/frames/unit.SA.fighter/beauty/landing/d15_f03.png'
11:30.287  render           | Saved: '/Users/mohammedkalouti/Documents/Codex/2026-09-27/i/work/art/aircraft-final-production-v3/stage/assets/build/frames/unit.SA.fighter/team/landing/d15_f03.png'
11:31.124  render           | Saved: '/Users/mohammedkalouti/Documents/Codex/2026-09-27/i/work/art/aircraft-final-production-v3/stage/assets/build/frames/unit.SA.fighter/shadow/landing/d15_f03.png'
11:31.708  render           | Saved: '/Users/mohammedkalouti/Documents/Codex/2026-09-27/i/work/art/aircraft-final-production-v3/stage/assets/build/frames/unit.SA.fighter/beauty/landing/d15_f04.png'
11:32.205  render           | Saved: '/Users/mohammedkalouti/Documents/Codex/2026-09-27/i/work/art/aircraft-final-production-v3/stage/assets/build/frames/unit.SA.fighter/team/landing/d15_f04.png'
11:33.024  render           | Saved: '/Users/mohammedkalouti/Documents/Codex/2026-09-27/i/work/art/aircraft-final-production-v3/stage/assets/build/frames/unit.SA.fighter/shadow/landing/d15_f04.png'
11:33.592  render           | Saved: '/Users/mohammedkalouti/Documents/Codex/2026-09-27/i/work/art/aircraft-final-production-v3/stage/assets/build/frames/unit.SA.fighter/beauty/landing/d15_f05.png'
11:34.077  render           | Saved: '/Users/mohammedkalouti/Documents/Codex/2026-09-27/i/work/art/aircraft-final-production-v3/stage/assets/build/frames/unit.SA.fighter/team/landing/d15_f05.png'
11:34.895  render           | Saved: '/Users/mohammedkalouti/Documents/Codex/2026-09-27/i/work/art/aircraft-final-production-v3/stage/assets/build/frames/unit.SA.fighter/shadow/landing/d15_f05.png'
11:35.485  render           | Saved: '/Users/mohammedkalouti/Documents/Codex/2026-09-27/i/work/art/aircraft-final-production-v3/stage/assets/build/frames/unit.SA.fighter/beauty/damaged/d00_f00.png'
11:35.963  render           | Saved: '/Users/mohammedkalouti/Documents/Codex/2026-09-27/i/work/art/aircraft-final-production-v3/stage/assets/build/frames/unit.SA.fighter/team/damaged/d00_f00.png'
11:36.793  render           | Saved: '/Users/mohammedkalouti/Documents/Codex/2026-09-27/i/work/art/aircraft-final-production-v3/stage/assets/build/frames/unit.SA.fighter/shadow/damaged/d00_f00.png'
11:37.387  render           | Saved: '/Users/mohammedkalouti/Documents/Codex/2026-09-27/i/work/art/aircraft-final-production-v3/stage/assets/build/frames/unit.SA.fighter/beauty/damaged/d01_f00.png'
11:37.866  render           | Saved: '/Users/mohammedkalouti/Documents/Codex/2026-09-27/i/work/art/aircraft-final-production-v3/stage/assets/build/frames/unit.SA.fighter/team/damaged/d01_f00.png'
11:38.687  render           | Saved: '/Users/mohammedkalouti/Documents/Codex/2026-09-27/i/work/art/aircraft-final-production-v3/stage/assets/build/frames/unit.SA.fighter/shadow/damaged/d01_f00.png'
11:39.279  render           | Saved: '/Users/mohammedkalouti/Documents/Codex/2026-09-27/i/work/art/aircraft-final-production-v3/stage/assets/build/frames/unit.SA.fighter/beauty/damaged/d02_f00.png'
11:39.761  render           | Saved: '/Users/mohammedkalouti/Documents/Codex/2026-09-27/i/work/art/aircraft-final-production-v3/stage/assets/build/frames/unit.SA.fighter/team/damaged/d02_f00.png'
11:40.587  render           | Saved: '/Users/mohammedkalouti/Documents/Codex/2026-09-27/i/work/art/aircraft-final-production-v3/stage/assets/build/frames/unit.SA.fighter/shadow/damaged/d02_f00.png'
11:41.159  render           | Saved: '/Users/mohammedkalouti/Documents/Codex/2026-09-27/i/work/art/aircraft-final-production-v3/stage/assets/build/frames/unit.SA.fighter/beauty/damaged/d03_f00.png'
11:41.669  render           | Saved: '/Users/mohammedkalouti/Documents/Codex/2026-09-27/i/work/art/aircraft-final-production-v3/stage/assets/build/frames/unit.SA.fighter/team/damaged/d03_f00.png'
11:42.483  render           | Saved: '/Users/mohammedkalouti/Documents/Codex/2026-09-27/i/work/art/aircraft-final-production-v3/stage/assets/build/frames/unit.SA.fighter/shadow/damaged/d03_f00.png'
11:43.047  render           | Saved: '/Users/mohammedkalouti/Documents/Codex/2026-09-27/i/work/art/aircraft-final-production-v3/stage/assets/build/frames/unit.SA.fighter/beauty/damaged/d04_f00.png'
11:43.533  render           | Saved: '/Users/mohammedkalouti/Documents/Codex/2026-09-27/i/work/art/aircraft-final-production-v3/stage/assets/build/frames/unit.SA.fighter/team/damaged/d04_f00.png'
11:44.370  render           | Saved: '/Users/mohammedkalouti/Documents/Codex/2026-09-27/i/work/art/aircraft-final-production-v3/stage/assets/build/frames/unit.SA.fighter/shadow/damaged/d04_f00.png'
11:44.934  render           | Saved: '/Users/mohammedkalouti/Documents/Codex/2026-09-27/i/work/art/aircraft-final-production-v3/stage/assets/build/frames/unit.SA.fighter/beauty/damaged/d05_f00.png'
11:45.436  render           | Saved: '/Users/mohammedkalouti/Documents/Codex/2026-09-27/i/work/art/aircraft-final-production-v3/stage/assets/build/frames/unit.SA.fighter/team/damaged/d05_f00.png'
11:46.251  render           | Saved: '/Users/mohammedkalouti/Documents/Codex/2026-09-27/i/work/art/aircraft-final-production-v3/stage/assets/build/frames/unit.SA.fighter/shadow/damaged/d05_f00.png'
11:46.846  render           | Saved: '/Users/mohammedkalouti/Documents/Codex/2026-09-27/i/work/art/aircraft-final-production-v3/stage/assets/build/frames/unit.SA.fighter/beauty/damaged/d06_f00.png'
11:47.331  render           | Saved: '/Users/mohammedkalouti/Documents/Codex/2026-09-27/i/work/art/aircraft-final-production-v3/stage/assets/build/frames/unit.SA.fighter/team/damaged/d06_f00.png'
11:48.168  render           | Saved: '/Users/mohammedkalouti/Documents/Codex/2026-09-27/i/work/art/aircraft-final-production-v3/stage/assets/build/frames/unit.SA.fighter/shadow/damaged/d06_f00.png'
11:48.738  render           | Saved: '/Users/mohammedkalouti/Documents/Codex/2026-09-27/i/work/art/aircraft-final-production-v3/stage/assets/build/frames/unit.SA.fighter/beauty/damaged/d07_f00.png'
11:49.222  render           | Saved: '/Users/mohammedkalouti/Documents/Codex/2026-09-27/i/work/art/aircraft-final-production-v3/stage/assets/build/frames/unit.SA.fighter/team/damaged/d07_f00.png'
11:50.065  render           | Saved: '/Users/mohammedkalouti/Documents/Codex/2026-09-27/i/work/art/aircraft-final-production-v3/stage/assets/build/frames/unit.SA.fighter/shadow/damaged/d07_f00.png'
11:50.636  render           | Saved: '/Users/mohammedkalouti/Documents/Codex/2026-09-27/i/work/art/aircraft-final-production-v3/stage/assets/build/frames/unit.SA.fighter/beauty/damaged/d08_f00.png'
11:51.115  render           | Saved: '/Users/mohammedkalouti/Documents/Codex/2026-09-27/i/work/art/aircraft-final-production-v3/stage/assets/build/frames/unit.SA.fighter/team/damaged/d08_f00.png'
11:51.976  render           | Saved: '/Users/mohammedkalouti/Documents/Codex/2026-09-27/i/work/art/aircraft-final-production-v3/stage/assets/build/frames/unit.SA.fighter/shadow/damaged/d08_f00.png'
11:52.566  render           | Saved: '/Users/mohammedkalouti/Documents/Codex/2026-09-27/i/work/art/aircraft-final-production-v3/stage/assets/build/frames/unit.SA.fighter/beauty/damaged/d09_f00.png'
11:53.067  render           | Saved: '/Users/mohammedkalouti/Documents/Codex/2026-09-27/i/work/art/aircraft-final-production-v3/stage/assets/build/frames/unit.SA.fighter/team/damaged/d09_f00.png'
11:53.890  render           | Saved: '/Users/mohammedkalouti/Documents/Codex/2026-09-27/i/work/art/aircraft-final-production-v3/stage/assets/build/frames/unit.SA.fighter/shadow/damaged/d09_f00.png'
11:54.469  render           | Saved: '/Users/mohammedkalouti/Documents/Codex/2026-09-27/i/work/art/aircraft-final-production-v3/stage/assets/build/frames/unit.SA.fighter/beauty/damaged/d10_f00.png'
11:54.949  render           | Saved: '/Users/mohammedkalouti/Documents/Codex/2026-09-27/i/work/art/aircraft-final-production-v3/stage/assets/build/frames/unit.SA.fighter/team/damaged/d10_f00.png'
11:55.779  render           | Saved: '/Users/mohammedkalouti/Documents/Codex/2026-09-27/i/work/art/aircraft-final-production-v3/stage/assets/build/frames/unit.SA.fighter/shadow/damaged/d10_f00.png'
11:56.362  render           | Saved: '/Users/mohammedkalouti/Documents/Codex/2026-09-27/i/work/art/aircraft-final-production-v3/stage/assets/build/frames/unit.SA.fighter/beauty/damaged/d11_f00.png'
11:56.852  render           | Saved: '/Users/mohammedkalouti/Documents/Codex/2026-09-27/i/work/art/aircraft-final-production-v3/stage/assets/build/frames/unit.SA.fighter/team/damaged/d11_f00.png'
11:57.667  render           | Saved: '/Users/mohammedkalouti/Documents/Codex/2026-09-27/i/work/art/aircraft-final-production-v3/stage/assets/build/frames/unit.SA.fighter/shadow/damaged/d11_f00.png'
11:58.243  render           | Saved: '/Users/mohammedkalouti/Documents/Codex/2026-09-27/i/work/art/aircraft-final-production-v3/stage/assets/build/frames/unit.SA.fighter/beauty/damaged/d12_f00.png'
11:58.712  render           | Saved: '/Users/mohammedkalouti/Documents/Codex/2026-09-27/i/work/art/aircraft-final-production-v3/stage/assets/build/frames/unit.SA.fighter/team/damaged/d12_f00.png'
11:59.538  render           | Saved: '/Users/mohammedkalouti/Documents/Codex/2026-09-27/i/work/art/aircraft-final-production-v3/stage/assets/build/frames/unit.SA.fighter/shadow/damaged/d12_f00.png'
12:00.129  render           | Saved: '/Users/mohammedkalouti/Documents/Codex/2026-09-27/i/work/art/aircraft-final-production-v3/stage/assets/build/frames/unit.SA.fighter/beauty/damaged/d13_f00.png'
12:00.601  render           | Saved: '/Users/mohammedkalouti/Documents/Codex/2026-09-27/i/work/art/aircraft-final-production-v3/stage/assets/build/frames/unit.SA.fighter/team/damaged/d13_f00.png'
12:01.427  render           | Saved: '/Users/mohammedkalouti/Documents/Codex/2026-09-27/i/work/art/aircraft-final-production-v3/stage/assets/build/frames/unit.SA.fighter/shadow/damaged/d13_f00.png'
12:02.023  render           | Saved: '/Users/mohammedkalouti/Documents/Codex/2026-09-27/i/work/art/aircraft-final-production-v3/stage/assets/build/frames/unit.SA.fighter/beauty/damaged/d14_f00.png'
12:02.501  render           | Saved: '/Users/mohammedkalouti/Documents/Codex/2026-09-27/i/work/art/aircraft-final-production-v3/stage/assets/build/frames/unit.SA.fighter/team/damaged/d14_f00.png'
12:03.334  render           | Saved: '/Users/mohammedkalouti/Documents/Codex/2026-09-27/i/work/art/aircraft-final-production-v3/stage/assets/build/frames/unit.SA.fighter/shadow/damaged/d14_f00.png'
12:03.894  render           | Saved: '/Users/mohammedkalouti/Documents/Codex/2026-09-27/i/work/art/aircraft-final-production-v3/stage/assets/build/frames/unit.SA.fighter/beauty/damaged/d15_f00.png'
12:04.393  render           | Saved: '/Users/mohammedkalouti/Documents/Codex/2026-09-27/i/work/art/aircraft-final-production-v3/stage/assets/build/frames/unit.SA.fighter/team/damaged/d15_f00.png'
12:05.224  render           | Saved: '/Users/mohammedkalouti/Documents/Codex/2026-09-27/i/work/art/aircraft-final-production-v3/stage/assets/build/frames/unit.SA.fighter/shadow/damaged/d15_f00.png'
12:05.847  render           | Saved: '/Users/mohammedkalouti/Documents/Codex/2026-09-27/i/work/art/aircraft-final-production-v3/stage/assets/build/frames/unit.SA.fighter/beauty/crash/d00_f00.png'
12:06.682  render           | Saved: '/Users/mohammedkalouti/Documents/Codex/2026-09-27/i/work/art/aircraft-final-production-v3/stage/assets/build/frames/unit.SA.fighter/shadow/crash/d00_f00.png'
12:07.243  render           | Saved: '/Users/mohammedkalouti/Documents/Codex/2026-09-27/i/work/art/aircraft-final-production-v3/stage/assets/build/frames/unit.SA.fighter/beauty/crash/d00_f01.png'
12:08.056  render           | Saved: '/Users/mohammedkalouti/Documents/Codex/2026-09-27/i/work/art/aircraft-final-production-v3/stage/assets/build/frames/unit.SA.fighter/shadow/crash/d00_f01.png'
12:08.616  render           | Saved: '/Users/mohammedkalouti/Documents/Codex/2026-09-27/i/work/art/aircraft-final-production-v3/stage/assets/build/frames/unit.SA.fighter/beauty/crash/d00_f02.png'
12:09.515  render           | Saved: '/Users/mohammedkalouti/Documents/Codex/2026-09-27/i/work/art/aircraft-final-production-v3/stage/assets/build/frames/unit.SA.fighter/shadow/crash/d00_f02.png'
12:10.124  render           | Saved: '/Users/mohammedkalouti/Documents/Codex/2026-09-27/i/work/art/aircraft-final-production-v3/stage/assets/build/frames/unit.SA.fighter/beauty/crash/d00_f03.png'
12:11.013  render           | Saved: '/Users/mohammedkalouti/Documents/Codex/2026-09-27/i/work/art/aircraft-final-production-v3/stage/assets/build/frames/unit.SA.fighter/shadow/crash/d00_f03.png'
12:11.582  render           | Saved: '/Users/mohammedkalouti/Documents/Codex/2026-09-27/i/work/art/aircraft-final-production-v3/stage/assets/build/frames/unit.SA.fighter/beauty/crash/d01_f00.png'
12:12.414  render           | Saved: '/Users/mohammedkalouti/Documents/Codex/2026-09-27/i/work/art/aircraft-final-production-v3/stage/assets/build/frames/unit.SA.fighter/shadow/crash/d01_f00.png'
12:12.979  render           | Saved: '/Users/mohammedkalouti/Documents/Codex/2026-09-27/i/work/art/aircraft-final-production-v3/stage/assets/build/frames/unit.SA.fighter/beauty/crash/d01_f01.png'
12:13.791  render           | Saved: '/Users/mohammedkalouti/Documents/Codex/2026-09-27/i/work/art/aircraft-final-production-v3/stage/assets/build/frames/unit.SA.fighter/shadow/crash/d01_f01.png'
12:14.364  render           | Saved: '/Users/mohammedkalouti/Documents/Codex/2026-09-27/i/work/art/aircraft-final-production-v3/stage/assets/build/frames/unit.SA.fighter/beauty/crash/d01_f02.png'
12:15.182  render           | Saved: '/Users/mohammedkalouti/Documents/Codex/2026-09-27/i/work/art/aircraft-final-production-v3/stage/assets/build/frames/unit.SA.fighter/shadow/crash/d01_f02.png'
12:15.742  render           | Saved: '/Users/mohammedkalouti/Documents/Codex/2026-09-27/i/work/art/aircraft-final-production-v3/stage/assets/build/frames/unit.SA.fighter/beauty/crash/d01_f03.png'
12:16.559  render           | Saved: '/Users/mohammedkalouti/Documents/Codex/2026-09-27/i/work/art/aircraft-final-production-v3/stage/assets/build/frames/unit.SA.fighter/shadow/crash/d01_f03.png'
12:17.119  render           | Saved: '/Users/mohammedkalouti/Documents/Codex/2026-09-27/i/work/art/aircraft-final-production-v3/stage/assets/build/frames/unit.SA.fighter/beauty/crash/d02_f00.png'
12:17.923  render           | Saved: '/Users/mohammedkalouti/Documents/Codex/2026-09-27/i/work/art/aircraft-final-production-v3/stage/assets/build/frames/unit.SA.fighter/shadow/crash/d02_f00.png'
12:18.465  render           | Saved: '/Users/mohammedkalouti/Documents/Codex/2026-09-27/i/work/art/aircraft-final-production-v3/stage/assets/build/frames/unit.SA.fighter/beauty/crash/d02_f01.png'
12:19.269  render           | Saved: '/Users/mohammedkalouti/Documents/Codex/2026-09-27/i/work/art/aircraft-final-production-v3/stage/assets/build/frames/unit.SA.fighter/shadow/crash/d02_f01.png'
12:19.820  render           | Saved: '/Users/mohammedkalouti/Documents/Codex/2026-09-27/i/work/art/aircraft-final-production-v3/stage/assets/build/frames/unit.SA.fighter/beauty/crash/d02_f02.png'
12:20.645  render           | Saved: '/Users/mohammedkalouti/Documents/Codex/2026-09-27/i/work/art/aircraft-final-production-v3/stage/assets/build/frames/unit.SA.fighter/shadow/crash/d02_f02.png'
12:21.218  render           | Saved: '/Users/mohammedkalouti/Documents/Codex/2026-09-27/i/work/art/aircraft-final-production-v3/stage/assets/build/frames/unit.SA.fighter/beauty/crash/d02_f03.png'
12:22.028  render           | Saved: '/Users/mohammedkalouti/Documents/Codex/2026-09-27/i/work/art/aircraft-final-production-v3/stage/assets/build/frames/unit.SA.fighter/shadow/crash/d02_f03.png'
12:22.577  render           | Saved: '/Users/mohammedkalouti/Documents/Codex/2026-09-27/i/work/art/aircraft-final-production-v3/stage/assets/build/frames/unit.SA.fighter/beauty/crash/d03_f00.png'
12:23.400  render           | Saved: '/Users/mohammedkalouti/Documents/Codex/2026-09-27/i/work/art/aircraft-final-production-v3/stage/assets/build/frames/unit.SA.fighter/shadow/crash/d03_f00.png'
12:23.959  render           | Saved: '/Users/mohammedkalouti/Documents/Codex/2026-09-27/i/work/art/aircraft-final-production-v3/stage/assets/build/frames/unit.SA.fighter/beauty/crash/d03_f01.png'
12:24.761  render           | Saved: '/Users/mohammedkalouti/Documents/Codex/2026-09-27/i/work/art/aircraft-final-production-v3/stage/assets/build/frames/unit.SA.fighter/shadow/crash/d03_f01.png'
12:25.311  render           | Saved: '/Users/mohammedkalouti/Documents/Codex/2026-09-27/i/work/art/aircraft-final-production-v3/stage/assets/build/frames/unit.SA.fighter/beauty/crash/d03_f02.png'
12:26.138  render           | Saved: '/Users/mohammedkalouti/Documents/Codex/2026-09-27/i/work/art/aircraft-final-production-v3/stage/assets/build/frames/unit.SA.fighter/shadow/crash/d03_f02.png'
12:26.712  render           | Saved: '/Users/mohammedkalouti/Documents/Codex/2026-09-27/i/work/art/aircraft-final-production-v3/stage/assets/build/frames/unit.SA.fighter/beauty/crash/d03_f03.png'
12:27.522  render           | Saved: '/Users/mohammedkalouti/Documents/Codex/2026-09-27/i/work/art/aircraft-final-production-v3/stage/assets/build/frames/unit.SA.fighter/shadow/crash/d03_f03.png'
12:28.067  render           | Saved: '/Users/mohammedkalouti/Documents/Codex/2026-09-27/i/work/art/aircraft-final-production-v3/stage/assets/build/frames/unit.SA.fighter/beauty/crash/d04_f00.png'
12:28.880  render           | Saved: '/Users/mohammedkalouti/Documents/Codex/2026-09-27/i/work/art/aircraft-final-production-v3/stage/assets/build/frames/unit.SA.fighter/shadow/crash/d04_f00.png'
12:29.695  render           | Saved: '/Users/mohammedkalouti/Documents/Codex/2026-09-27/i/work/art/aircraft-final-production-v3/stage/assets/build/frames/unit.SA.fighter/beauty/crash/d04_f01.png'
12:30.535  render           | Saved: '/Users/mohammedkalouti/Documents/Codex/2026-09-27/i/work/art/aircraft-final-production-v3/stage/assets/build/frames/unit.SA.fighter/shadow/crash/d04_f01.png'
12:31.091  render           | Saved: '/Users/mohammedkalouti/Documents/Codex/2026-09-27/i/work/art/aircraft-final-production-v3/stage/assets/build/frames/unit.SA.fighter/beauty/crash/d04_f02.png'
12:31.901  render           | Saved: '/Users/mohammedkalouti/Documents/Codex/2026-09-27/i/work/art/aircraft-final-production-v3/stage/assets/build/frames/unit.SA.fighter/shadow/crash/d04_f02.png'
12:32.466  render           | Saved: '/Users/mohammedkalouti/Documents/Codex/2026-09-27/i/work/art/aircraft-final-production-v3/stage/assets/build/frames/unit.SA.fighter/beauty/crash/d04_f03.png'
12:33.276  render           | Saved: '/Users/mohammedkalouti/Documents/Codex/2026-09-27/i/work/art/aircraft-final-production-v3/stage/assets/build/frames/unit.SA.fighter/shadow/crash/d04_f03.png'
12:33.847  render           | Saved: '/Users/mohammedkalouti/Documents/Codex/2026-09-27/i/work/art/aircraft-final-production-v3/stage/assets/build/frames/unit.SA.fighter/beauty/crash/d05_f00.png'
12:34.669  render           | Saved: '/Users/mohammedkalouti/Documents/Codex/2026-09-27/i/work/art/aircraft-final-production-v3/stage/assets/build/frames/unit.SA.fighter/shadow/crash/d05_f00.png'
12:35.256  render           | Saved: '/Users/mohammedkalouti/Documents/Codex/2026-09-27/i/work/art/aircraft-final-production-v3/stage/assets/build/frames/unit.SA.fighter/beauty/crash/d05_f01.png'
12:36.071  render           | Saved: '/Users/mohammedkalouti/Documents/Codex/2026-09-27/i/work/art/aircraft-final-production-v3/stage/assets/build/frames/unit.SA.fighter/shadow/crash/d05_f01.png'
12:36.624  render           | Saved: '/Users/mohammedkalouti/Documents/Codex/2026-09-27/i/work/art/aircraft-final-production-v3/stage/assets/build/frames/unit.SA.fighter/beauty/crash/d05_f02.png'
12:37.446  render           | Saved: '/Users/mohammedkalouti/Documents/Codex/2026-09-27/i/work/art/aircraft-final-production-v3/stage/assets/build/frames/unit.SA.fighter/shadow/crash/d05_f02.png'
12:38.052  render           | Saved: '/Users/mohammedkalouti/Documents/Codex/2026-09-27/i/work/art/aircraft-final-production-v3/stage/assets/build/frames/unit.SA.fighter/beauty/crash/d05_f03.png'
12:38.922  render           | Saved: '/Users/mohammedkalouti/Documents/Codex/2026-09-27/i/work/art/aircraft-final-production-v3/stage/assets/build/frames/unit.SA.fighter/shadow/crash/d05_f03.png'
12:39.504  render           | Saved: '/Users/mohammedkalouti/Documents/Codex/2026-09-27/i/work/art/aircraft-final-production-v3/stage/assets/build/frames/unit.SA.fighter/beauty/crash/d06_f00.png'
12:40.379  render           | Saved: '/Users/mohammedkalouti/Documents/Codex/2026-09-27/i/work/art/aircraft-final-production-v3/stage/assets/build/frames/unit.SA.fighter/shadow/crash/d06_f00.png'
12:40.992  render           | Saved: '/Users/mohammedkalouti/Documents/Codex/2026-09-27/i/work/art/aircraft-final-production-v3/stage/assets/build/frames/unit.SA.fighter/beauty/crash/d06_f01.png'
12:41.917  render           | Saved: '/Users/mohammedkalouti/Documents/Codex/2026-09-27/i/work/art/aircraft-final-production-v3/stage/assets/build/frames/unit.SA.fighter/shadow/crash/d06_f01.png'
12:42.558  render           | Saved: '/Users/mohammedkalouti/Documents/Codex/2026-09-27/i/work/art/aircraft-final-production-v3/stage/assets/build/frames/unit.SA.fighter/beauty/crash/d06_f02.png'
12:43.547  render           | Saved: '/Users/mohammedkalouti/Documents/Codex/2026-09-27/i/work/art/aircraft-final-production-v3/stage/assets/build/frames/unit.SA.fighter/shadow/crash/d06_f02.png'
12:44.175  render           | Saved: '/Users/mohammedkalouti/Documents/Codex/2026-09-27/i/work/art/aircraft-final-production-v3/stage/assets/build/frames/unit.SA.fighter/beauty/crash/d06_f03.png'
12:45.036  render           | Saved: '/Users/mohammedkalouti/Documents/Codex/2026-09-27/i/work/art/aircraft-final-production-v3/stage/assets/build/frames/unit.SA.fighter/shadow/crash/d06_f03.png'
12:45.620  render           | Saved: '/Users/mohammedkalouti/Documents/Codex/2026-09-27/i/work/art/aircraft-final-production-v3/stage/assets/build/frames/unit.SA.fighter/beauty/crash/d07_f00.png'
12:46.506  render           | Saved: '/Users/mohammedkalouti/Documents/Codex/2026-09-27/i/work/art/aircraft-final-production-v3/stage/assets/build/frames/unit.SA.fighter/shadow/crash/d07_f00.png'
12:47.081  render           | Saved: '/Users/mohammedkalouti/Documents/Codex/2026-09-27/i/work/art/aircraft-final-production-v3/stage/assets/build/frames/unit.SA.fighter/beauty/crash/d07_f01.png'
12:48.044  render           | Saved: '/Users/mohammedkalouti/Documents/Codex/2026-09-27/i/work/art/aircraft-final-production-v3/stage/assets/build/frames/unit.SA.fighter/shadow/crash/d07_f01.png'
12:48.656  render           | Saved: '/Users/mohammedkalouti/Documents/Codex/2026-09-27/i/work/art/aircraft-final-production-v3/stage/assets/build/frames/unit.SA.fighter/beauty/crash/d07_f02.png'
12:49.530  render           | Saved: '/Users/mohammedkalouti/Documents/Codex/2026-09-27/i/work/art/aircraft-final-production-v3/stage/assets/build/frames/unit.SA.fighter/shadow/crash/d07_f02.png'
12:50.096  render           | Saved: '/Users/mohammedkalouti/Documents/Codex/2026-09-27/i/work/art/aircraft-final-production-v3/stage/assets/build/frames/unit.SA.fighter/beauty/crash/d07_f03.png'
12:50.925  render           | Saved: '/Users/mohammedkalouti/Documents/Codex/2026-09-27/i/work/art/aircraft-final-production-v3/stage/assets/build/frames/unit.SA.fighter/shadow/crash/d07_f03.png'
12:51.488  render           | Saved: '/Users/mohammedkalouti/Documents/Codex/2026-09-27/i/work/art/aircraft-final-production-v3/stage/assets/build/frames/unit.SA.fighter/beauty/crash/d08_f00.png'
12:52.308  render           | Saved: '/Users/mohammedkalouti/Documents/Codex/2026-09-27/i/work/art/aircraft-final-production-v3/stage/assets/build/frames/unit.SA.fighter/shadow/crash/d08_f00.png'
12:52.869  render           | Saved: '/Users/mohammedkalouti/Documents/Codex/2026-09-27/i/work/art/aircraft-final-production-v3/stage/assets/build/frames/unit.SA.fighter/beauty/crash/d08_f01.png'
12:53.741  render           | Saved: '/Users/mohammedkalouti/Documents/Codex/2026-09-27/i/work/art/aircraft-final-production-v3/stage/assets/build/frames/unit.SA.fighter/shadow/crash/d08_f01.png'
12:54.327  render           | Saved: '/Users/mohammedkalouti/Documents/Codex/2026-09-27/i/work/art/aircraft-final-production-v3/stage/assets/build/frames/unit.SA.fighter/beauty/crash/d08_f02.png'
12:55.158  render           | Saved: '/Users/mohammedkalouti/Documents/Codex/2026-09-27/i/work/art/aircraft-final-production-v3/stage/assets/build/frames/unit.SA.fighter/shadow/crash/d08_f02.png'
12:55.731  render           | Saved: '/Users/mohammedkalouti/Documents/Codex/2026-09-27/i/work/art/aircraft-final-production-v3/stage/assets/build/frames/unit.SA.fighter/beauty/crash/d08_f03.png'
12:56.559  render           | Saved: '/Users/mohammedkalouti/Documents/Codex/2026-09-27/i/work/art/aircraft-final-production-v3/stage/assets/build/frames/unit.SA.fighter/shadow/crash/d08_f03.png'
12:57.188  render           | Saved: '/Users/mohammedkalouti/Documents/Codex/2026-09-27/i/work/art/aircraft-final-production-v3/stage/assets/build/frames/unit.SA.fighter/beauty/crash/d09_f00.png'
12:58.007  render           | Saved: '/Users/mohammedkalouti/Documents/Codex/2026-09-27/i/work/art/aircraft-final-production-v3/stage/assets/build/frames/unit.SA.fighter/shadow/crash/d09_f00.png'
12:58.588  render           | Saved: '/Users/mohammedkalouti/Documents/Codex/2026-09-27/i/work/art/aircraft-final-production-v3/stage/assets/build/frames/unit.SA.fighter/beauty/crash/d09_f01.png'
12:59.393  render           | Saved: '/Users/mohammedkalouti/Documents/Codex/2026-09-27/i/work/art/aircraft-final-production-v3/stage/assets/build/frames/unit.SA.fighter/shadow/crash/d09_f01.png'
12:59.937  render           | Saved: '/Users/mohammedkalouti/Documents/Codex/2026-09-27/i/work/art/aircraft-final-production-v3/stage/assets/build/frames/unit.SA.fighter/beauty/crash/d09_f02.png'
13:00.769  render           | Saved: '/Users/mohammedkalouti/Documents/Codex/2026-09-27/i/work/art/aircraft-final-production-v3/stage/assets/build/frames/unit.SA.fighter/shadow/crash/d09_f02.png'
13:01.325  render           | Saved: '/Users/mohammedkalouti/Documents/Codex/2026-09-27/i/work/art/aircraft-final-production-v3/stage/assets/build/frames/unit.SA.fighter/beauty/crash/d09_f03.png'
13:02.157  render           | Saved: '/Users/mohammedkalouti/Documents/Codex/2026-09-27/i/work/art/aircraft-final-production-v3/stage/assets/build/frames/unit.SA.fighter/shadow/crash/d09_f03.png'
13:02.723  render           | Saved: '/Users/mohammedkalouti/Documents/Codex/2026-09-27/i/work/art/aircraft-final-production-v3/stage/assets/build/frames/unit.SA.fighter/beauty/crash/d10_f00.png'
13:03.541  render           | Saved: '/Users/mohammedkalouti/Documents/Codex/2026-09-27/i/work/art/aircraft-final-production-v3/stage/assets/build/frames/unit.SA.fighter/shadow/crash/d10_f00.png'
13:04.123  render           | Saved: '/Users/mohammedkalouti/Documents/Codex/2026-09-27/i/work/art/aircraft-final-production-v3/stage/assets/build/frames/unit.SA.fighter/beauty/crash/d10_f01.png'
13:04.937  render           | Saved: '/Users/mohammedkalouti/Documents/Codex/2026-09-27/i/work/art/aircraft-final-production-v3/stage/assets/build/frames/unit.SA.fighter/shadow/crash/d10_f01.png'
13:05.492  render           | Saved: '/Users/mohammedkalouti/Documents/Codex/2026-09-27/i/work/art/aircraft-final-production-v3/stage/assets/build/frames/unit.SA.fighter/beauty/crash/d10_f02.png'
13:06.331  render           | Saved: '/Users/mohammedkalouti/Documents/Codex/2026-09-27/i/work/art/aircraft-final-production-v3/stage/assets/build/frames/unit.SA.fighter/shadow/crash/d10_f02.png'
13:06.916  render           | Saved: '/Users/mohammedkalouti/Documents/Codex/2026-09-27/i/work/art/aircraft-final-production-v3/stage/assets/build/frames/unit.SA.fighter/beauty/crash/d10_f03.png'
13:07.753  render           | Saved: '/Users/mohammedkalouti/Documents/Codex/2026-09-27/i/work/art/aircraft-final-production-v3/stage/assets/build/frames/unit.SA.fighter/shadow/crash/d10_f03.png'
13:08.300  render           | Saved: '/Users/mohammedkalouti/Documents/Codex/2026-09-27/i/work/art/aircraft-final-production-v3/stage/assets/build/frames/unit.SA.fighter/beauty/crash/d11_f00.png'
13:09.116  render           | Saved: '/Users/mohammedkalouti/Documents/Codex/2026-09-27/i/work/art/aircraft-final-production-v3/stage/assets/build/frames/unit.SA.fighter/shadow/crash/d11_f00.png'
13:09.735  render           | Saved: '/Users/mohammedkalouti/Documents/Codex/2026-09-27/i/work/art/aircraft-final-production-v3/stage/assets/build/frames/unit.SA.fighter/beauty/crash/d11_f01.png'
13:10.556  render           | Saved: '/Users/mohammedkalouti/Documents/Codex/2026-09-27/i/work/art/aircraft-final-production-v3/stage/assets/build/frames/unit.SA.fighter/shadow/crash/d11_f01.png'
13:11.115  render           | Saved: '/Users/mohammedkalouti/Documents/Codex/2026-09-27/i/work/art/aircraft-final-production-v3/stage/assets/build/frames/unit.SA.fighter/beauty/crash/d11_f02.png'
13:11.922  render           | Saved: '/Users/mohammedkalouti/Documents/Codex/2026-09-27/i/work/art/aircraft-final-production-v3/stage/assets/build/frames/unit.SA.fighter/shadow/crash/d11_f02.png'
13:12.528  render           | Saved: '/Users/mohammedkalouti/Documents/Codex/2026-09-27/i/work/art/aircraft-final-production-v3/stage/assets/build/frames/unit.SA.fighter/beauty/crash/d11_f03.png'
13:13.354  render           | Saved: '/Users/mohammedkalouti/Documents/Codex/2026-09-27/i/work/art/aircraft-final-production-v3/stage/assets/build/frames/unit.SA.fighter/shadow/crash/d11_f03.png'
13:13.913  render           | Saved: '/Users/mohammedkalouti/Documents/Codex/2026-09-27/i/work/art/aircraft-final-production-v3/stage/assets/build/frames/unit.SA.fighter/beauty/crash/d12_f00.png'
13:14.720  render           | Saved: '/Users/mohammedkalouti/Documents/Codex/2026-09-27/i/work/art/aircraft-final-production-v3/stage/assets/build/frames/unit.SA.fighter/shadow/crash/d12_f00.png'
13:15.307  render           | Saved: '/Users/mohammedkalouti/Documents/Codex/2026-09-27/i/work/art/aircraft-final-production-v3/stage/assets/build/frames/unit.SA.fighter/beauty/crash/d12_f01.png'
13:16.121  render           | Saved: '/Users/mohammedkalouti/Documents/Codex/2026-09-27/i/work/art/aircraft-final-production-v3/stage/assets/build/frames/unit.SA.fighter/shadow/crash/d12_f01.png'
13:16.687  render           | Saved: '/Users/mohammedkalouti/Documents/Codex/2026-09-27/i/work/art/aircraft-final-production-v3/stage/assets/build/frames/unit.SA.fighter/beauty/crash/d12_f02.png'
13:17.512  render           | Saved: '/Users/mohammedkalouti/Documents/Codex/2026-09-27/i/work/art/aircraft-final-production-v3/stage/assets/build/frames/unit.SA.fighter/shadow/crash/d12_f02.png'
13:18.079  render           | Saved: '/Users/mohammedkalouti/Documents/Codex/2026-09-27/i/work/art/aircraft-final-production-v3/stage/assets/build/frames/unit.SA.fighter/beauty/crash/d12_f03.png'
13:18.891  render           | Saved: '/Users/mohammedkalouti/Documents/Codex/2026-09-27/i/work/art/aircraft-final-production-v3/stage/assets/build/frames/unit.SA.fighter/shadow/crash/d12_f03.png'
13:19.452  render           | Saved: '/Users/mohammedkalouti/Documents/Codex/2026-09-27/i/work/art/aircraft-final-production-v3/stage/assets/build/frames/unit.SA.fighter/beauty/crash/d13_f00.png'
13:20.263  render           | Saved: '/Users/mohammedkalouti/Documents/Codex/2026-09-27/i/work/art/aircraft-final-production-v3/stage/assets/build/frames/unit.SA.fighter/shadow/crash/d13_f00.png'
13:20.823  render           | Saved: '/Users/mohammedkalouti/Documents/Codex/2026-09-27/i/work/art/aircraft-final-production-v3/stage/assets/build/frames/unit.SA.fighter/beauty/crash/d13_f01.png'
13:21.666  render           | Saved: '/Users/mohammedkalouti/Documents/Codex/2026-09-27/i/work/art/aircraft-final-production-v3/stage/assets/build/frames/unit.SA.fighter/shadow/crash/d13_f01.png'
13:22.239  render           | Saved: '/Users/mohammedkalouti/Documents/Codex/2026-09-27/i/work/art/aircraft-final-production-v3/stage/assets/build/frames/unit.SA.fighter/beauty/crash/d13_f02.png'
13:23.044  render           | Saved: '/Users/mohammedkalouti/Documents/Codex/2026-09-27/i/work/art/aircraft-final-production-v3/stage/assets/build/frames/unit.SA.fighter/shadow/crash/d13_f02.png'
13:23.596  render           | Saved: '/Users/mohammedkalouti/Documents/Codex/2026-09-27/i/work/art/aircraft-final-production-v3/stage/assets/build/frames/unit.SA.fighter/beauty/crash/d13_f03.png'
13:24.402  render           | Saved: '/Users/mohammedkalouti/Documents/Codex/2026-09-27/i/work/art/aircraft-final-production-v3/stage/assets/build/frames/unit.SA.fighter/shadow/crash/d13_f03.png'
13:24.949  render           | Saved: '/Users/mohammedkalouti/Documents/Codex/2026-09-27/i/work/art/aircraft-final-production-v3/stage/assets/build/frames/unit.SA.fighter/beauty/crash/d14_f00.png'
13:25.768  render           | Saved: '/Users/mohammedkalouti/Documents/Codex/2026-09-27/i/work/art/aircraft-final-production-v3/stage/assets/build/frames/unit.SA.fighter/shadow/crash/d14_f00.png'
13:26.332  render           | Saved: '/Users/mohammedkalouti/Documents/Codex/2026-09-27/i/work/art/aircraft-final-production-v3/stage/assets/build/frames/unit.SA.fighter/beauty/crash/d14_f01.png'
13:27.161  render           | Saved: '/Users/mohammedkalouti/Documents/Codex/2026-09-27/i/work/art/aircraft-final-production-v3/stage/assets/build/frames/unit.SA.fighter/shadow/crash/d14_f01.png'
13:27.727  render           | Saved: '/Users/mohammedkalouti/Documents/Codex/2026-09-27/i/work/art/aircraft-final-production-v3/stage/assets/build/frames/unit.SA.fighter/beauty/crash/d14_f02.png'
13:28.543  render           | Saved: '/Users/mohammedkalouti/Documents/Codex/2026-09-27/i/work/art/aircraft-final-production-v3/stage/assets/build/frames/unit.SA.fighter/shadow/crash/d14_f02.png'
13:29.107  render           | Saved: '/Users/mohammedkalouti/Documents/Codex/2026-09-27/i/work/art/aircraft-final-production-v3/stage/assets/build/frames/unit.SA.fighter/beauty/crash/d14_f03.png'
13:29.905  render           | Saved: '/Users/mohammedkalouti/Documents/Codex/2026-09-27/i/work/art/aircraft-final-production-v3/stage/assets/build/frames/unit.SA.fighter/shadow/crash/d14_f03.png'
13:30.469  render           | Saved: '/Users/mohammedkalouti/Documents/Codex/2026-09-27/i/work/art/aircraft-final-production-v3/stage/assets/build/frames/unit.SA.fighter/beauty/crash/d15_f00.png'
13:31.294  render           | Saved: '/Users/mohammedkalouti/Documents/Codex/2026-09-27/i/work/art/aircraft-final-production-v3/stage/assets/build/frames/unit.SA.fighter/shadow/crash/d15_f00.png'
13:31.864  render           | Saved: '/Users/mohammedkalouti/Documents/Codex/2026-09-27/i/work/art/aircraft-final-production-v3/stage/assets/build/frames/unit.SA.fighter/beauty/crash/d15_f01.png'
13:32.676  render           | Saved: '/Users/mohammedkalouti/Documents/Codex/2026-09-27/i/work/art/aircraft-final-production-v3/stage/assets/build/frames/unit.SA.fighter/shadow/crash/d15_f01.png'
13:33.233  render           | Saved: '/Users/mohammedkalouti/Documents/Codex/2026-09-27/i/work/art/aircraft-final-production-v3/stage/assets/build/frames/unit.SA.fighter/beauty/crash/d15_f02.png'
13:34.047  render           | Saved: '/Users/mohammedkalouti/Documents/Codex/2026-09-27/i/work/art/aircraft-final-production-v3/stage/assets/build/frames/unit.SA.fighter/shadow/crash/d15_f02.png'
13:34.605  render           | Saved: '/Users/mohammedkalouti/Documents/Codex/2026-09-27/i/work/art/aircraft-final-production-v3/stage/assets/build/frames/unit.SA.fighter/beauty/crash/d15_f03.png'
13:35.418  render           | Saved: '/Users/mohammedkalouti/Documents/Codex/2026-09-27/i/work/art/aircraft-final-production-v3/stage/assets/build/frames/unit.SA.fighter/shadow/crash/d15_f03.png'
13:36.025  render           | Saved: '/Users/mohammedkalouti/Documents/Codex/2026-09-27/i/work/art/aircraft-final-production-v3/stage/assets/build/frames/unit.SA.fighter/beauty/rearm/d00_f00.png'
13:36.518  render           | Saved: '/Users/mohammedkalouti/Documents/Codex/2026-09-27/i/work/art/aircraft-final-production-v3/stage/assets/build/frames/unit.SA.fighter/team/rearm/d00_f00.png'
13:37.476  render           | Saved: '/Users/mohammedkalouti/Documents/Codex/2026-09-27/i/work/art/aircraft-final-production-v3/stage/assets/build/frames/unit.SA.fighter/shadow/rearm/d00_f00.png'
13:38.102  render           | Saved: '/Users/mohammedkalouti/Documents/Codex/2026-09-27/i/work/art/aircraft-final-production-v3/stage/assets/build/frames/unit.SA.fighter/beauty/rearm/d00_f01.png'
13:38.583  render           | Saved: '/Users/mohammedkalouti/Documents/Codex/2026-09-27/i/work/art/aircraft-final-production-v3/stage/assets/build/frames/unit.SA.fighter/team/rearm/d00_f01.png'
13:39.495  render           | Saved: '/Users/mohammedkalouti/Documents/Codex/2026-09-27/i/work/art/aircraft-final-production-v3/stage/assets/build/frames/unit.SA.fighter/shadow/rearm/d00_f01.png'
13:40.076  render           | Saved: '/Users/mohammedkalouti/Documents/Codex/2026-09-27/i/work/art/aircraft-final-production-v3/stage/assets/build/frames/unit.SA.fighter/beauty/rearm/d00_f02.png'
13:40.549  render           | Saved: '/Users/mohammedkalouti/Documents/Codex/2026-09-27/i/work/art/aircraft-final-production-v3/stage/assets/build/frames/unit.SA.fighter/team/rearm/d00_f02.png'
13:41.459  render           | Saved: '/Users/mohammedkalouti/Documents/Codex/2026-09-27/i/work/art/aircraft-final-production-v3/stage/assets/build/frames/unit.SA.fighter/shadow/rearm/d00_f02.png'
13:42.026  render           | Saved: '/Users/mohammedkalouti/Documents/Codex/2026-09-27/i/work/art/aircraft-final-production-v3/stage/assets/build/frames/unit.SA.fighter/beauty/rearm/d00_f03.png'
13:42.533  render           | Saved: '/Users/mohammedkalouti/Documents/Codex/2026-09-27/i/work/art/aircraft-final-production-v3/stage/assets/build/frames/unit.SA.fighter/team/rearm/d00_f03.png'
13:43.459  render           | Saved: '/Users/mohammedkalouti/Documents/Codex/2026-09-27/i/work/art/aircraft-final-production-v3/stage/assets/build/frames/unit.SA.fighter/shadow/rearm/d00_f03.png'
13:44.021  render           | Saved: '/Users/mohammedkalouti/Documents/Codex/2026-09-27/i/work/art/aircraft-final-production-v3/stage/assets/build/frames/unit.SA.fighter/beauty/rearm/d00_f04.png'
13:44.524  render           | Saved: '/Users/mohammedkalouti/Documents/Codex/2026-09-27/i/work/art/aircraft-final-production-v3/stage/assets/build/frames/unit.SA.fighter/team/rearm/d00_f04.png'
13:45.447  render           | Saved: '/Users/mohammedkalouti/Documents/Codex/2026-09-27/i/work/art/aircraft-final-production-v3/stage/assets/build/frames/unit.SA.fighter/shadow/rearm/d00_f04.png'
13:46.023  render           | Saved: '/Users/mohammedkalouti/Documents/Codex/2026-09-27/i/work/art/aircraft-final-production-v3/stage/assets/build/frames/unit.SA.fighter/beauty/rearm/d00_f05.png'
13:46.526  render           | Saved: '/Users/mohammedkalouti/Documents/Codex/2026-09-27/i/work/art/aircraft-final-production-v3/stage/assets/build/frames/unit.SA.fighter/team/rearm/d00_f05.png'
13:47.436  render           | Saved: '/Users/mohammedkalouti/Documents/Codex/2026-09-27/i/work/art/aircraft-final-production-v3/stage/assets/build/frames/unit.SA.fighter/shadow/rearm/d00_f05.png'
13:48.009  render           | Saved: '/Users/mohammedkalouti/Documents/Codex/2026-09-27/i/work/art/aircraft-final-production-v3/stage/assets/build/frames/unit.SA.fighter/beauty/rearm/d01_f00.png'
13:48.504  render           | Saved: '/Users/mohammedkalouti/Documents/Codex/2026-09-27/i/work/art/aircraft-final-production-v3/stage/assets/build/frames/unit.SA.fighter/team/rearm/d01_f00.png'
13:49.449  render           | Saved: '/Users/mohammedkalouti/Documents/Codex/2026-09-27/i/work/art/aircraft-final-production-v3/stage/assets/build/frames/unit.SA.fighter/shadow/rearm/d01_f00.png'
13:50.007  render           | Saved: '/Users/mohammedkalouti/Documents/Codex/2026-09-27/i/work/art/aircraft-final-production-v3/stage/assets/build/frames/unit.SA.fighter/beauty/rearm/d01_f01.png'
13:50.501  render           | Saved: '/Users/mohammedkalouti/Documents/Codex/2026-09-27/i/work/art/aircraft-final-production-v3/stage/assets/build/frames/unit.SA.fighter/team/rearm/d01_f01.png'
13:51.425  render           | Saved: '/Users/mohammedkalouti/Documents/Codex/2026-09-27/i/work/art/aircraft-final-production-v3/stage/assets/build/frames/unit.SA.fighter/shadow/rearm/d01_f01.png'
13:51.986  render           | Saved: '/Users/mohammedkalouti/Documents/Codex/2026-09-27/i/work/art/aircraft-final-production-v3/stage/assets/build/frames/unit.SA.fighter/beauty/rearm/d01_f02.png'
13:52.478  render           | Saved: '/Users/mohammedkalouti/Documents/Codex/2026-09-27/i/work/art/aircraft-final-production-v3/stage/assets/build/frames/unit.SA.fighter/team/rearm/d01_f02.png'
13:53.415  render           | Saved: '/Users/mohammedkalouti/Documents/Codex/2026-09-27/i/work/art/aircraft-final-production-v3/stage/assets/build/frames/unit.SA.fighter/shadow/rearm/d01_f02.png'
13:53.977  render           | Saved: '/Users/mohammedkalouti/Documents/Codex/2026-09-27/i/work/art/aircraft-final-production-v3/stage/assets/build/frames/unit.SA.fighter/beauty/rearm/d01_f03.png'
13:54.470  render           | Saved: '/Users/mohammedkalouti/Documents/Codex/2026-09-27/i/work/art/aircraft-final-production-v3/stage/assets/build/frames/unit.SA.fighter/team/rearm/d01_f03.png'
13:55.386  render           | Saved: '/Users/mohammedkalouti/Documents/Codex/2026-09-27/i/work/art/aircraft-final-production-v3/stage/assets/build/frames/unit.SA.fighter/shadow/rearm/d01_f03.png'
13:55.965  render           | Saved: '/Users/mohammedkalouti/Documents/Codex/2026-09-27/i/work/art/aircraft-final-production-v3/stage/assets/build/frames/unit.SA.fighter/beauty/rearm/d01_f04.png'
13:56.446  render           | Saved: '/Users/mohammedkalouti/Documents/Codex/2026-09-27/i/work/art/aircraft-final-production-v3/stage/assets/build/frames/unit.SA.fighter/team/rearm/d01_f04.png'
13:57.364  render           | Saved: '/Users/mohammedkalouti/Documents/Codex/2026-09-27/i/work/art/aircraft-final-production-v3/stage/assets/build/frames/unit.SA.fighter/shadow/rearm/d01_f04.png'
13:57.927  render           | Saved: '/Users/mohammedkalouti/Documents/Codex/2026-09-27/i/work/art/aircraft-final-production-v3/stage/assets/build/frames/unit.SA.fighter/beauty/rearm/d01_f05.png'
13:58.423  render           | Saved: '/Users/mohammedkalouti/Documents/Codex/2026-09-27/i/work/art/aircraft-final-production-v3/stage/assets/build/frames/unit.SA.fighter/team/rearm/d01_f05.png'
13:59.356  render           | Saved: '/Users/mohammedkalouti/Documents/Codex/2026-09-27/i/work/art/aircraft-final-production-v3/stage/assets/build/frames/unit.SA.fighter/shadow/rearm/d01_f05.png'
13:59.937  render           | Saved: '/Users/mohammedkalouti/Documents/Codex/2026-09-27/i/work/art/aircraft-final-production-v3/stage/assets/build/frames/unit.SA.fighter/beauty/rearm/d02_f00.png'
14:00.429  render           | Saved: '/Users/mohammedkalouti/Documents/Codex/2026-09-27/i/work/art/aircraft-final-production-v3/stage/assets/build/frames/unit.SA.fighter/team/rearm/d02_f00.png'
14:01.382  render           | Saved: '/Users/mohammedkalouti/Documents/Codex/2026-09-27/i/work/art/aircraft-final-production-v3/stage/assets/build/frames/unit.SA.fighter/shadow/rearm/d02_f00.png'
14:01.952  render           | Saved: '/Users/mohammedkalouti/Documents/Codex/2026-09-27/i/work/art/aircraft-final-production-v3/stage/assets/build/frames/unit.SA.fighter/beauty/rearm/d02_f01.png'
14:02.458  render           | Saved: '/Users/mohammedkalouti/Documents/Codex/2026-09-27/i/work/art/aircraft-final-production-v3/stage/assets/build/frames/unit.SA.fighter/team/rearm/d02_f01.png'
14:03.376  render           | Saved: '/Users/mohammedkalouti/Documents/Codex/2026-09-27/i/work/art/aircraft-final-production-v3/stage/assets/build/frames/unit.SA.fighter/shadow/rearm/d02_f01.png'
14:03.991  render           | Saved: '/Users/mohammedkalouti/Documents/Codex/2026-09-27/i/work/art/aircraft-final-production-v3/stage/assets/build/frames/unit.SA.fighter/beauty/rearm/d02_f02.png'
14:04.513  render           | Saved: '/Users/mohammedkalouti/Documents/Codex/2026-09-27/i/work/art/aircraft-final-production-v3/stage/assets/build/frames/unit.SA.fighter/team/rearm/d02_f02.png'
14:05.488  render           | Saved: '/Users/mohammedkalouti/Documents/Codex/2026-09-27/i/work/art/aircraft-final-production-v3/stage/assets/build/frames/unit.SA.fighter/shadow/rearm/d02_f02.png'
14:06.105  render           | Saved: '/Users/mohammedkalouti/Documents/Codex/2026-09-27/i/work/art/aircraft-final-production-v3/stage/assets/build/frames/unit.SA.fighter/beauty/rearm/d02_f03.png'
14:06.657  render           | Saved: '/Users/mohammedkalouti/Documents/Codex/2026-09-27/i/work/art/aircraft-final-production-v3/stage/assets/build/frames/unit.SA.fighter/team/rearm/d02_f03.png'
14:07.670  render           | Saved: '/Users/mohammedkalouti/Documents/Codex/2026-09-27/i/work/art/aircraft-final-production-v3/stage/assets/build/frames/unit.SA.fighter/shadow/rearm/d02_f03.png'
14:08.310  render           | Saved: '/Users/mohammedkalouti/Documents/Codex/2026-09-27/i/work/art/aircraft-final-production-v3/stage/assets/build/frames/unit.SA.fighter/beauty/rearm/d02_f04.png'
14:08.846  render           | Saved: '/Users/mohammedkalouti/Documents/Codex/2026-09-27/i/work/art/aircraft-final-production-v3/stage/assets/build/frames/unit.SA.fighter/team/rearm/d02_f04.png'
14:09.838  render           | Saved: '/Users/mohammedkalouti/Documents/Codex/2026-09-27/i/work/art/aircraft-final-production-v3/stage/assets/build/frames/unit.SA.fighter/shadow/rearm/d02_f04.png'
14:10.450  render           | Saved: '/Users/mohammedkalouti/Documents/Codex/2026-09-27/i/work/art/aircraft-final-production-v3/stage/assets/build/frames/unit.SA.fighter/beauty/rearm/d02_f05.png'
14:10.977  render           | Saved: '/Users/mohammedkalouti/Documents/Codex/2026-09-27/i/work/art/aircraft-final-production-v3/stage/assets/build/frames/unit.SA.fighter/team/rearm/d02_f05.png'
14:11.998  render           | Saved: '/Users/mohammedkalouti/Documents/Codex/2026-09-27/i/work/art/aircraft-final-production-v3/stage/assets/build/frames/unit.SA.fighter/shadow/rearm/d02_f05.png'
14:12.639  render           | Saved: '/Users/mohammedkalouti/Documents/Codex/2026-09-27/i/work/art/aircraft-final-production-v3/stage/assets/build/frames/unit.SA.fighter/beauty/rearm/d04_f00.png'
14:13.170  render           | Saved: '/Users/mohammedkalouti/Documents/Codex/2026-09-27/i/work/art/aircraft-final-production-v3/stage/assets/build/frames/unit.SA.fighter/team/rearm/d04_f00.png'
14:14.183  render           | Saved: '/Users/mohammedkalouti/Documents/Codex/2026-09-27/i/work/art/aircraft-final-production-v3/stage/assets/build/frames/unit.SA.fighter/shadow/rearm/d04_f00.png'
14:14.837  render           | Saved: '/Users/mohammedkalouti/Documents/Codex/2026-09-27/i/work/art/aircraft-final-production-v3/stage/assets/build/frames/unit.SA.fighter/beauty/rearm/d04_f01.png'
14:15.390  render           | Saved: '/Users/mohammedkalouti/Documents/Codex/2026-09-27/i/work/art/aircraft-final-production-v3/stage/assets/build/frames/unit.SA.fighter/team/rearm/d04_f01.png'
14:16.406  render           | Saved: '/Users/mohammedkalouti/Documents/Codex/2026-09-27/i/work/art/aircraft-final-production-v3/stage/assets/build/frames/unit.SA.fighter/shadow/rearm/d04_f01.png'
14:17.049  render           | Saved: '/Users/mohammedkalouti/Documents/Codex/2026-09-27/i/work/art/aircraft-final-production-v3/stage/assets/build/frames/unit.SA.fighter/beauty/rearm/d04_f02.png'
14:17.587  render           | Saved: '/Users/mohammedkalouti/Documents/Codex/2026-09-27/i/work/art/aircraft-final-production-v3/stage/assets/build/frames/unit.SA.fighter/team/rearm/d04_f02.png'
14:18.616  render           | Saved: '/Users/mohammedkalouti/Documents/Codex/2026-09-27/i/work/art/aircraft-final-production-v3/stage/assets/build/frames/unit.SA.fighter/shadow/rearm/d04_f02.png'
14:19.266  render           | Saved: '/Users/mohammedkalouti/Documents/Codex/2026-09-27/i/work/art/aircraft-final-production-v3/stage/assets/build/frames/unit.SA.fighter/beauty/rearm/d04_f03.png'
14:19.781  render           | Saved: '/Users/mohammedkalouti/Documents/Codex/2026-09-27/i/work/art/aircraft-final-production-v3/stage/assets/build/frames/unit.SA.fighter/team/rearm/d04_f03.png'
14:20.812  render           | Saved: '/Users/mohammedkalouti/Documents/Codex/2026-09-27/i/work/art/aircraft-final-production-v3/stage/assets/build/frames/unit.SA.fighter/shadow/rearm/d04_f03.png'
14:21.448  render           | Saved: '/Users/mohammedkalouti/Documents/Codex/2026-09-27/i/work/art/aircraft-final-production-v3/stage/assets/build/frames/unit.SA.fighter/beauty/rearm/d04_f04.png'
14:21.985  render           | Saved: '/Users/mohammedkalouti/Documents/Codex/2026-09-27/i/work/art/aircraft-final-production-v3/stage/assets/build/frames/unit.SA.fighter/team/rearm/d04_f04.png'
14:22.991  render           | Saved: '/Users/mohammedkalouti/Documents/Codex/2026-09-27/i/work/art/aircraft-final-production-v3/stage/assets/build/frames/unit.SA.fighter/shadow/rearm/d04_f04.png'
14:23.613  render           | Saved: '/Users/mohammedkalouti/Documents/Codex/2026-09-27/i/work/art/aircraft-final-production-v3/stage/assets/build/frames/unit.SA.fighter/beauty/rearm/d04_f05.png'
14:24.157  render           | Saved: '/Users/mohammedkalouti/Documents/Codex/2026-09-27/i/work/art/aircraft-final-production-v3/stage/assets/build/frames/unit.SA.fighter/team/rearm/d04_f05.png'
14:25.177  render           | Saved: '/Users/mohammedkalouti/Documents/Codex/2026-09-27/i/work/art/aircraft-final-production-v3/stage/assets/build/frames/unit.SA.fighter/shadow/rearm/d04_f05.png'
14:25.843  render           | Saved: '/Users/mohammedkalouti/Documents/Codex/2026-09-27/i/work/art/aircraft-final-production-v3/stage/assets/build/frames/unit.SA.fighter/beauty/rearm/d05_f00.png'
14:26.378  render           | Saved: '/Users/mohammedkalouti/Documents/Codex/2026-09-27/i/work/art/aircraft-final-production-v3/stage/assets/build/frames/unit.SA.fighter/team/rearm/d05_f00.png'
14:27.391  render           | Saved: '/Users/mohammedkalouti/Documents/Codex/2026-09-27/i/work/art/aircraft-final-production-v3/stage/assets/build/frames/unit.SA.fighter/shadow/rearm/d05_f00.png'
14:28.050  render           | Saved: '/Users/mohammedkalouti/Documents/Codex/2026-09-27/i/work/art/aircraft-final-production-v3/stage/assets/build/frames/unit.SA.fighter/beauty/rearm/d05_f01.png'
14:28.607  render           | Saved: '/Users/mohammedkalouti/Documents/Codex/2026-09-27/i/work/art/aircraft-final-production-v3/stage/assets/build/frames/unit.SA.fighter/team/rearm/d05_f01.png'
14:29.616  render           | Saved: '/Users/mohammedkalouti/Documents/Codex/2026-09-27/i/work/art/aircraft-final-production-v3/stage/assets/build/frames/unit.SA.fighter/shadow/rearm/d05_f01.png'
14:30.252  render           | Saved: '/Users/mohammedkalouti/Documents/Codex/2026-09-27/i/work/art/aircraft-final-production-v3/stage/assets/build/frames/unit.SA.fighter/beauty/rearm/d05_f02.png'
14:30.782  render           | Saved: '/Users/mohammedkalouti/Documents/Codex/2026-09-27/i/work/art/aircraft-final-production-v3/stage/assets/build/frames/unit.SA.fighter/team/rearm/d05_f02.png'
14:31.800  render           | Saved: '/Users/mohammedkalouti/Documents/Codex/2026-09-27/i/work/art/aircraft-final-production-v3/stage/assets/build/frames/unit.SA.fighter/shadow/rearm/d05_f02.png'
14:32.443  render           | Saved: '/Users/mohammedkalouti/Documents/Codex/2026-09-27/i/work/art/aircraft-final-production-v3/stage/assets/build/frames/unit.SA.fighter/beauty/rearm/d05_f03.png'
14:33.008  render           | Saved: '/Users/mohammedkalouti/Documents/Codex/2026-09-27/i/work/art/aircraft-final-production-v3/stage/assets/build/frames/unit.SA.fighter/team/rearm/d05_f03.png'
14:34.045  render           | Saved: '/Users/mohammedkalouti/Documents/Codex/2026-09-27/i/work/art/aircraft-final-production-v3/stage/assets/build/frames/unit.SA.fighter/shadow/rearm/d05_f03.png'
14:34.682  render           | Saved: '/Users/mohammedkalouti/Documents/Codex/2026-09-27/i/work/art/aircraft-final-production-v3/stage/assets/build/frames/unit.SA.fighter/beauty/rearm/d05_f04.png'
14:35.240  render           | Saved: '/Users/mohammedkalouti/Documents/Codex/2026-09-27/i/work/art/aircraft-final-production-v3/stage/assets/build/frames/unit.SA.fighter/team/rearm/d05_f04.png'
14:36.269  render           | Saved: '/Users/mohammedkalouti/Documents/Codex/2026-09-27/i/work/art/aircraft-final-production-v3/stage/assets/build/frames/unit.SA.fighter/shadow/rearm/d05_f04.png'
14:36.931  render           | Saved: '/Users/mohammedkalouti/Documents/Codex/2026-09-27/i/work/art/aircraft-final-production-v3/stage/assets/build/frames/unit.SA.fighter/beauty/rearm/d05_f05.png'
14:37.470  render           | Saved: '/Users/mohammedkalouti/Documents/Codex/2026-09-27/i/work/art/aircraft-final-production-v3/stage/assets/build/frames/unit.SA.fighter/team/rearm/d05_f05.png'
14:38.495  render           | Saved: '/Users/mohammedkalouti/Documents/Codex/2026-09-27/i/work/art/aircraft-final-production-v3/stage/assets/build/frames/unit.SA.fighter/shadow/rearm/d05_f05.png'
14:39.127  render           | Saved: '/Users/mohammedkalouti/Documents/Codex/2026-09-27/i/work/art/aircraft-final-production-v3/stage/assets/build/frames/unit.SA.fighter/beauty/rearm/d06_f00.png'
14:39.658  render           | Saved: '/Users/mohammedkalouti/Documents/Codex/2026-09-27/i/work/art/aircraft-final-production-v3/stage/assets/build/frames/unit.SA.fighter/team/rearm/d06_f00.png'
14:40.684  render           | Saved: '/Users/mohammedkalouti/Documents/Codex/2026-09-27/i/work/art/aircraft-final-production-v3/stage/assets/build/frames/unit.SA.fighter/shadow/rearm/d06_f00.png'
14:41.335  render           | Saved: '/Users/mohammedkalouti/Documents/Codex/2026-09-27/i/work/art/aircraft-final-production-v3/stage/assets/build/frames/unit.SA.fighter/beauty/rearm/d06_f01.png'
14:41.884  render           | Saved: '/Users/mohammedkalouti/Documents/Codex/2026-09-27/i/work/art/aircraft-final-production-v3/stage/assets/build/frames/unit.SA.fighter/team/rearm/d06_f01.png'
14:42.898  render           | Saved: '/Users/mohammedkalouti/Documents/Codex/2026-09-27/i/work/art/aircraft-final-production-v3/stage/assets/build/frames/unit.SA.fighter/shadow/rearm/d06_f01.png'
14:43.531  render           | Saved: '/Users/mohammedkalouti/Documents/Codex/2026-09-27/i/work/art/aircraft-final-production-v3/stage/assets/build/frames/unit.SA.fighter/beauty/rearm/d06_f02.png'
14:44.057  render           | Saved: '/Users/mohammedkalouti/Documents/Codex/2026-09-27/i/work/art/aircraft-final-production-v3/stage/assets/build/frames/unit.SA.fighter/team/rearm/d06_f02.png'
14:45.070  render           | Saved: '/Users/mohammedkalouti/Documents/Codex/2026-09-27/i/work/art/aircraft-final-production-v3/stage/assets/build/frames/unit.SA.fighter/shadow/rearm/d06_f02.png'
14:45.707  render           | Saved: '/Users/mohammedkalouti/Documents/Codex/2026-09-27/i/work/art/aircraft-final-production-v3/stage/assets/build/frames/unit.SA.fighter/beauty/rearm/d06_f03.png'
14:46.246  render           | Saved: '/Users/mohammedkalouti/Documents/Codex/2026-09-27/i/work/art/aircraft-final-production-v3/stage/assets/build/frames/unit.SA.fighter/team/rearm/d06_f03.png'
14:47.269  render           | Saved: '/Users/mohammedkalouti/Documents/Codex/2026-09-27/i/work/art/aircraft-final-production-v3/stage/assets/build/frames/unit.SA.fighter/shadow/rearm/d06_f03.png'
14:47.936  render           | Saved: '/Users/mohammedkalouti/Documents/Codex/2026-09-27/i/work/art/aircraft-final-production-v3/stage/assets/build/frames/unit.SA.fighter/beauty/rearm/d06_f04.png'
14:48.470  render           | Saved: '/Users/mohammedkalouti/Documents/Codex/2026-09-27/i/work/art/aircraft-final-production-v3/stage/assets/build/frames/unit.SA.fighter/team/rearm/d06_f04.png'
14:49.488  render           | Saved: '/Users/mohammedkalouti/Documents/Codex/2026-09-27/i/work/art/aircraft-final-production-v3/stage/assets/build/frames/unit.SA.fighter/shadow/rearm/d06_f04.png'
14:50.123  render           | Saved: '/Users/mohammedkalouti/Documents/Codex/2026-09-27/i/work/art/aircraft-final-production-v3/stage/assets/build/frames/unit.SA.fighter/beauty/rearm/d06_f05.png'
14:50.665  render           | Saved: '/Users/mohammedkalouti/Documents/Codex/2026-09-27/i/work/art/aircraft-final-production-v3/stage/assets/build/frames/unit.SA.fighter/team/rearm/d06_f05.png'
14:51.686  render           | Saved: '/Users/mohammedkalouti/Documents/Codex/2026-09-27/i/work/art/aircraft-final-production-v3/stage/assets/build/frames/unit.SA.fighter/shadow/rearm/d06_f05.png'
14:52.354  render           | Saved: '/Users/mohammedkalouti/Documents/Codex/2026-09-27/i/work/art/aircraft-final-production-v3/stage/assets/build/frames/unit.SA.fighter/beauty/rearm/d08_f00.png'
14:52.916  render           | Saved: '/Users/mohammedkalouti/Documents/Codex/2026-09-27/i/work/art/aircraft-final-production-v3/stage/assets/build/frames/unit.SA.fighter/team/rearm/d08_f00.png'
14:53.922  render           | Saved: '/Users/mohammedkalouti/Documents/Codex/2026-09-27/i/work/art/aircraft-final-production-v3/stage/assets/build/frames/unit.SA.fighter/shadow/rearm/d08_f00.png'
14:54.561  render           | Saved: '/Users/mohammedkalouti/Documents/Codex/2026-09-27/i/work/art/aircraft-final-production-v3/stage/assets/build/frames/unit.SA.fighter/beauty/rearm/d08_f01.png'
14:55.130  render           | Saved: '/Users/mohammedkalouti/Documents/Codex/2026-09-27/i/work/art/aircraft-final-production-v3/stage/assets/build/frames/unit.SA.fighter/team/rearm/d08_f01.png'
14:56.147  render           | Saved: '/Users/mohammedkalouti/Documents/Codex/2026-09-27/i/work/art/aircraft-final-production-v3/stage/assets/build/frames/unit.SA.fighter/shadow/rearm/d08_f01.png'
14:56.772  render           | Saved: '/Users/mohammedkalouti/Documents/Codex/2026-09-27/i/work/art/aircraft-final-production-v3/stage/assets/build/frames/unit.SA.fighter/beauty/rearm/d08_f02.png'
14:57.325  render           | Saved: '/Users/mohammedkalouti/Documents/Codex/2026-09-27/i/work/art/aircraft-final-production-v3/stage/assets/build/frames/unit.SA.fighter/team/rearm/d08_f02.png'
14:58.360  render           | Saved: '/Users/mohammedkalouti/Documents/Codex/2026-09-27/i/work/art/aircraft-final-production-v3/stage/assets/build/frames/unit.SA.fighter/shadow/rearm/d08_f02.png'
14:58.990  render           | Saved: '/Users/mohammedkalouti/Documents/Codex/2026-09-27/i/work/art/aircraft-final-production-v3/stage/assets/build/frames/unit.SA.fighter/beauty/rearm/d08_f03.png'
14:59.529  render           | Saved: '/Users/mohammedkalouti/Documents/Codex/2026-09-27/i/work/art/aircraft-final-production-v3/stage/assets/build/frames/unit.SA.fighter/team/rearm/d08_f03.png'
15:00.564  render           | Saved: '/Users/mohammedkalouti/Documents/Codex/2026-09-27/i/work/art/aircraft-final-production-v3/stage/assets/build/frames/unit.SA.fighter/shadow/rearm/d08_f03.png'
15:01.204  render           | Saved: '/Users/mohammedkalouti/Documents/Codex/2026-09-27/i/work/art/aircraft-final-production-v3/stage/assets/build/frames/unit.SA.fighter/beauty/rearm/d08_f04.png'
15:01.761  render           | Saved: '/Users/mohammedkalouti/Documents/Codex/2026-09-27/i/work/art/aircraft-final-production-v3/stage/assets/build/frames/unit.SA.fighter/team/rearm/d08_f04.png'
15:02.814  render           | Saved: '/Users/mohammedkalouti/Documents/Codex/2026-09-27/i/work/art/aircraft-final-production-v3/stage/assets/build/frames/unit.SA.fighter/shadow/rearm/d08_f04.png'
15:03.485  render           | Saved: '/Users/mohammedkalouti/Documents/Codex/2026-09-27/i/work/art/aircraft-final-production-v3/stage/assets/build/frames/unit.SA.fighter/beauty/rearm/d08_f05.png'
15:04.056  render           | Saved: '/Users/mohammedkalouti/Documents/Codex/2026-09-27/i/work/art/aircraft-final-production-v3/stage/assets/build/frames/unit.SA.fighter/team/rearm/d08_f05.png'
15:05.116  render           | Saved: '/Users/mohammedkalouti/Documents/Codex/2026-09-27/i/work/art/aircraft-final-production-v3/stage/assets/build/frames/unit.SA.fighter/shadow/rearm/d08_f05.png'
15:05.816  render           | Saved: '/Users/mohammedkalouti/Documents/Codex/2026-09-27/i/work/art/aircraft-final-production-v3/stage/assets/build/frames/unit.SA.fighter/beauty/rearm/d09_f00.png'
15:06.427  render           | Saved: '/Users/mohammedkalouti/Documents/Codex/2026-09-27/i/work/art/aircraft-final-production-v3/stage/assets/build/frames/unit.SA.fighter/team/rearm/d09_f00.png'
15:07.505  render           | Saved: '/Users/mohammedkalouti/Documents/Codex/2026-09-27/i/work/art/aircraft-final-production-v3/stage/assets/build/frames/unit.SA.fighter/shadow/rearm/d09_f00.png'
15:08.185  render           | Saved: '/Users/mohammedkalouti/Documents/Codex/2026-09-27/i/work/art/aircraft-final-production-v3/stage/assets/build/frames/unit.SA.fighter/beauty/rearm/d09_f01.png'
15:08.775  render           | Saved: '/Users/mohammedkalouti/Documents/Codex/2026-09-27/i/work/art/aircraft-final-production-v3/stage/assets/build/frames/unit.SA.fighter/team/rearm/d09_f01.png'
15:09.871  render           | Saved: '/Users/mohammedkalouti/Documents/Codex/2026-09-27/i/work/art/aircraft-final-production-v3/stage/assets/build/frames/unit.SA.fighter/shadow/rearm/d09_f01.png'
15:10.566  render           | Saved: '/Users/mohammedkalouti/Documents/Codex/2026-09-27/i/work/art/aircraft-final-production-v3/stage/assets/build/frames/unit.SA.fighter/beauty/rearm/d09_f02.png'
15:11.170  render           | Saved: '/Users/mohammedkalouti/Documents/Codex/2026-09-27/i/work/art/aircraft-final-production-v3/stage/assets/build/frames/unit.SA.fighter/team/rearm/d09_f02.png'
15:12.237  render           | Saved: '/Users/mohammedkalouti/Documents/Codex/2026-09-27/i/work/art/aircraft-final-production-v3/stage/assets/build/frames/unit.SA.fighter/shadow/rearm/d09_f02.png'
15:12.892  render           | Saved: '/Users/mohammedkalouti/Documents/Codex/2026-09-27/i/work/art/aircraft-final-production-v3/stage/assets/build/frames/unit.SA.fighter/beauty/rearm/d09_f03.png'
15:13.454  render           | Saved: '/Users/mohammedkalouti/Documents/Codex/2026-09-27/i/work/art/aircraft-final-production-v3/stage/assets/build/frames/unit.SA.fighter/team/rearm/d09_f03.png'
15:14.509  render           | Saved: '/Users/mohammedkalouti/Documents/Codex/2026-09-27/i/work/art/aircraft-final-production-v3/stage/assets/build/frames/unit.SA.fighter/shadow/rearm/d09_f03.png'
15:15.154  render           | Saved: '/Users/mohammedkalouti/Documents/Codex/2026-09-27/i/work/art/aircraft-final-production-v3/stage/assets/build/frames/unit.SA.fighter/beauty/rearm/d09_f04.png'
15:15.694  render           | Saved: '/Users/mohammedkalouti/Documents/Codex/2026-09-27/i/work/art/aircraft-final-production-v3/stage/assets/build/frames/unit.SA.fighter/team/rearm/d09_f04.png'
15:16.725  render           | Saved: '/Users/mohammedkalouti/Documents/Codex/2026-09-27/i/work/art/aircraft-final-production-v3/stage/assets/build/frames/unit.SA.fighter/shadow/rearm/d09_f04.png'
15:17.376  render           | Saved: '/Users/mohammedkalouti/Documents/Codex/2026-09-27/i/work/art/aircraft-final-production-v3/stage/assets/build/frames/unit.SA.fighter/beauty/rearm/d09_f05.png'
15:17.916  render           | Saved: '/Users/mohammedkalouti/Documents/Codex/2026-09-27/i/work/art/aircraft-final-production-v3/stage/assets/build/frames/unit.SA.fighter/team/rearm/d09_f05.png'
15:18.955  render           | Saved: '/Users/mohammedkalouti/Documents/Codex/2026-09-27/i/work/art/aircraft-final-production-v3/stage/assets/build/frames/unit.SA.fighter/shadow/rearm/d09_f05.png'
15:19.625  render           | Saved: '/Users/mohammedkalouti/Documents/Codex/2026-09-27/i/work/art/aircraft-final-production-v3/stage/assets/build/frames/unit.SA.fighter/beauty/rearm/d10_f00.png'
15:20.199  render           | Saved: '/Users/mohammedkalouti/Documents/Codex/2026-09-27/i/work/art/aircraft-final-production-v3/stage/assets/build/frames/unit.SA.fighter/team/rearm/d10_f00.png'
15:21.253  render           | Saved: '/Users/mohammedkalouti/Documents/Codex/2026-09-27/i/work/art/aircraft-final-production-v3/stage/assets/build/frames/unit.SA.fighter/shadow/rearm/d10_f00.png'
15:21.927  render           | Saved: '/Users/mohammedkalouti/Documents/Codex/2026-09-27/i/work/art/aircraft-final-production-v3/stage/assets/build/frames/unit.SA.fighter/beauty/rearm/d10_f01.png'
15:22.488  render           | Saved: '/Users/mohammedkalouti/Documents/Codex/2026-09-27/i/work/art/aircraft-final-production-v3/stage/assets/build/frames/unit.SA.fighter/team/rearm/d10_f01.png'
15:23.536  render           | Saved: '/Users/mohammedkalouti/Documents/Codex/2026-09-27/i/work/art/aircraft-final-production-v3/stage/assets/build/frames/unit.SA.fighter/shadow/rearm/d10_f01.png'
15:24.187  render           | Saved: '/Users/mohammedkalouti/Documents/Codex/2026-09-27/i/work/art/aircraft-final-production-v3/stage/assets/build/frames/unit.SA.fighter/beauty/rearm/d10_f02.png'
15:24.751  render           | Saved: '/Users/mohammedkalouti/Documents/Codex/2026-09-27/i/work/art/aircraft-final-production-v3/stage/assets/build/frames/unit.SA.fighter/team/rearm/d10_f02.png'
15:25.796  render           | Saved: '/Users/mohammedkalouti/Documents/Codex/2026-09-27/i/work/art/aircraft-final-production-v3/stage/assets/build/frames/unit.SA.fighter/shadow/rearm/d10_f02.png'
15:26.462  render           | Saved: '/Users/mohammedkalouti/Documents/Codex/2026-09-27/i/work/art/aircraft-final-production-v3/stage/assets/build/frames/unit.SA.fighter/beauty/rearm/d10_f03.png'
15:27.021  render           | Saved: '/Users/mohammedkalouti/Documents/Codex/2026-09-27/i/work/art/aircraft-final-production-v3/stage/assets/build/frames/unit.SA.fighter/team/rearm/d10_f03.png'
15:28.068  render           | Saved: '/Users/mohammedkalouti/Documents/Codex/2026-09-27/i/work/art/aircraft-final-production-v3/stage/assets/build/frames/unit.SA.fighter/shadow/rearm/d10_f03.png'
15:28.723  render           | Saved: '/Users/mohammedkalouti/Documents/Codex/2026-09-27/i/work/art/aircraft-final-production-v3/stage/assets/build/frames/unit.SA.fighter/beauty/rearm/d10_f04.png'
15:29.290  render           | Saved: '/Users/mohammedkalouti/Documents/Codex/2026-09-27/i/work/art/aircraft-final-production-v3/stage/assets/build/frames/unit.SA.fighter/team/rearm/d10_f04.png'
15:30.330  render           | Saved: '/Users/mohammedkalouti/Documents/Codex/2026-09-27/i/work/art/aircraft-final-production-v3/stage/assets/build/frames/unit.SA.fighter/shadow/rearm/d10_f04.png'
15:30.996  render           | Saved: '/Users/mohammedkalouti/Documents/Codex/2026-09-27/i/work/art/aircraft-final-production-v3/stage/assets/build/frames/unit.SA.fighter/beauty/rearm/d10_f05.png'
15:31.580  render           | Saved: '/Users/mohammedkalouti/Documents/Codex/2026-09-27/i/work/art/aircraft-final-production-v3/stage/assets/build/frames/unit.SA.fighter/team/rearm/d10_f05.png'
15:32.612  render           | Saved: '/Users/mohammedkalouti/Documents/Codex/2026-09-27/i/work/art/aircraft-final-production-v3/stage/assets/build/frames/unit.SA.fighter/shadow/rearm/d10_f05.png'
15:33.296  render           | Saved: '/Users/mohammedkalouti/Documents/Codex/2026-09-27/i/work/art/aircraft-final-production-v3/stage/assets/build/frames/unit.SA.fighter/beauty/rearm/d12_f00.png'
15:33.856  render           | Saved: '/Users/mohammedkalouti/Documents/Codex/2026-09-27/i/work/art/aircraft-final-production-v3/stage/assets/build/frames/unit.SA.fighter/team/rearm/d12_f00.png'
15:34.909  render           | Saved: '/Users/mohammedkalouti/Documents/Codex/2026-09-27/i/work/art/aircraft-final-production-v3/stage/assets/build/frames/unit.SA.fighter/shadow/rearm/d12_f00.png'
15:35.572  render           | Saved: '/Users/mohammedkalouti/Documents/Codex/2026-09-27/i/work/art/aircraft-final-production-v3/stage/assets/build/frames/unit.SA.fighter/beauty/rearm/d12_f01.png'
15:36.144  render           | Saved: '/Users/mohammedkalouti/Documents/Codex/2026-09-27/i/work/art/aircraft-final-production-v3/stage/assets/build/frames/unit.SA.fighter/team/rearm/d12_f01.png'
15:37.184  render           | Saved: '/Users/mohammedkalouti/Documents/Codex/2026-09-27/i/work/art/aircraft-final-production-v3/stage/assets/build/frames/unit.SA.fighter/shadow/rearm/d12_f01.png'
15:37.867  render           | Saved: '/Users/mohammedkalouti/Documents/Codex/2026-09-27/i/work/art/aircraft-final-production-v3/stage/assets/build/frames/unit.SA.fighter/beauty/rearm/d12_f02.png'
15:38.474  render           | Saved: '/Users/mohammedkalouti/Documents/Codex/2026-09-27/i/work/art/aircraft-final-production-v3/stage/assets/build/frames/unit.SA.fighter/team/rearm/d12_f02.png'
15:39.573  render           | Saved: '/Users/mohammedkalouti/Documents/Codex/2026-09-27/i/work/art/aircraft-final-production-v3/stage/assets/build/frames/unit.SA.fighter/shadow/rearm/d12_f02.png'
15:40.262  render           | Saved: '/Users/mohammedkalouti/Documents/Codex/2026-09-27/i/work/art/aircraft-final-production-v3/stage/assets/build/frames/unit.SA.fighter/beauty/rearm/d12_f03.png'
15:40.915  render           | Saved: '/Users/mohammedkalouti/Documents/Codex/2026-09-27/i/work/art/aircraft-final-production-v3/stage/assets/build/frames/unit.SA.fighter/team/rearm/d12_f03.png'
15:41.965  render           | Saved: '/Users/mohammedkalouti/Documents/Codex/2026-09-27/i/work/art/aircraft-final-production-v3/stage/assets/build/frames/unit.SA.fighter/shadow/rearm/d12_f03.png'
15:42.634  render           | Saved: '/Users/mohammedkalouti/Documents/Codex/2026-09-27/i/work/art/aircraft-final-production-v3/stage/assets/build/frames/unit.SA.fighter/beauty/rearm/d12_f04.png'
15:43.196  render           | Saved: '/Users/mohammedkalouti/Documents/Codex/2026-09-27/i/work/art/aircraft-final-production-v3/stage/assets/build/frames/unit.SA.fighter/team/rearm/d12_f04.png'
15:44.182  render           | Saved: '/Users/mohammedkalouti/Documents/Codex/2026-09-27/i/work/art/aircraft-final-production-v3/stage/assets/build/frames/unit.SA.fighter/shadow/rearm/d12_f04.png'
15:44.818  render           | Saved: '/Users/mohammedkalouti/Documents/Codex/2026-09-27/i/work/art/aircraft-final-production-v3/stage/assets/build/frames/unit.SA.fighter/beauty/rearm/d12_f05.png'
15:45.376  render           | Saved: '/Users/mohammedkalouti/Documents/Codex/2026-09-27/i/work/art/aircraft-final-production-v3/stage/assets/build/frames/unit.SA.fighter/team/rearm/d12_f05.png'
15:46.472  render           | Saved: '/Users/mohammedkalouti/Documents/Codex/2026-09-27/i/work/art/aircraft-final-production-v3/stage/assets/build/frames/unit.SA.fighter/shadow/rearm/d12_f05.png'
15:47.146  render           | Saved: '/Users/mohammedkalouti/Documents/Codex/2026-09-27/i/work/art/aircraft-final-production-v3/stage/assets/build/frames/unit.SA.fighter/beauty/rearm/d13_f00.png'
15:47.704  render           | Saved: '/Users/mohammedkalouti/Documents/Codex/2026-09-27/i/work/art/aircraft-final-production-v3/stage/assets/build/frames/unit.SA.fighter/team/rearm/d13_f00.png'
15:48.751  render           | Saved: '/Users/mohammedkalouti/Documents/Codex/2026-09-27/i/work/art/aircraft-final-production-v3/stage/assets/build/frames/unit.SA.fighter/shadow/rearm/d13_f00.png'
15:49.438  render           | Saved: '/Users/mohammedkalouti/Documents/Codex/2026-09-27/i/work/art/aircraft-final-production-v3/stage/assets/build/frames/unit.SA.fighter/beauty/rearm/d13_f01.png'
15:49.999  render           | Saved: '/Users/mohammedkalouti/Documents/Codex/2026-09-27/i/work/art/aircraft-final-production-v3/stage/assets/build/frames/unit.SA.fighter/team/rearm/d13_f01.png'
15:51.028  render           | Saved: '/Users/mohammedkalouti/Documents/Codex/2026-09-27/i/work/art/aircraft-final-production-v3/stage/assets/build/frames/unit.SA.fighter/shadow/rearm/d13_f01.png'
15:51.668  render           | Saved: '/Users/mohammedkalouti/Documents/Codex/2026-09-27/i/work/art/aircraft-final-production-v3/stage/assets/build/frames/unit.SA.fighter/beauty/rearm/d13_f02.png'
15:52.231  render           | Saved: '/Users/mohammedkalouti/Documents/Codex/2026-09-27/i/work/art/aircraft-final-production-v3/stage/assets/build/frames/unit.SA.fighter/team/rearm/d13_f02.png'
15:53.280  render           | Saved: '/Users/mohammedkalouti/Documents/Codex/2026-09-27/i/work/art/aircraft-final-production-v3/stage/assets/build/frames/unit.SA.fighter/shadow/rearm/d13_f02.png'
15:53.936  render           | Saved: '/Users/mohammedkalouti/Documents/Codex/2026-09-27/i/work/art/aircraft-final-production-v3/stage/assets/build/frames/unit.SA.fighter/beauty/rearm/d13_f03.png'
15:54.486  render           | Saved: '/Users/mohammedkalouti/Documents/Codex/2026-09-27/i/work/art/aircraft-final-production-v3/stage/assets/build/frames/unit.SA.fighter/team/rearm/d13_f03.png'
15:55.545  render           | Saved: '/Users/mohammedkalouti/Documents/Codex/2026-09-27/i/work/art/aircraft-final-production-v3/stage/assets/build/frames/unit.SA.fighter/shadow/rearm/d13_f03.png'
15:56.200  render           | Saved: '/Users/mohammedkalouti/Documents/Codex/2026-09-27/i/work/art/aircraft-final-production-v3/stage/assets/build/frames/unit.SA.fighter/beauty/rearm/d13_f04.png'
15:56.766  render           | Saved: '/Users/mohammedkalouti/Documents/Codex/2026-09-27/i/work/art/aircraft-final-production-v3/stage/assets/build/frames/unit.SA.fighter/team/rearm/d13_f04.png'
15:57.796  render           | Saved: '/Users/mohammedkalouti/Documents/Codex/2026-09-27/i/work/art/aircraft-final-production-v3/stage/assets/build/frames/unit.SA.fighter/shadow/rearm/d13_f04.png'
15:58.478  render           | Saved: '/Users/mohammedkalouti/Documents/Codex/2026-09-27/i/work/art/aircraft-final-production-v3/stage/assets/build/frames/unit.SA.fighter/beauty/rearm/d13_f05.png'
15:59.034  render           | Saved: '/Users/mohammedkalouti/Documents/Codex/2026-09-27/i/work/art/aircraft-final-production-v3/stage/assets/build/frames/unit.SA.fighter/team/rearm/d13_f05.png'
16:00.082  render           | Saved: '/Users/mohammedkalouti/Documents/Codex/2026-09-27/i/work/art/aircraft-final-production-v3/stage/assets/build/frames/unit.SA.fighter/shadow/rearm/d13_f05.png'
16:00.741  render           | Saved: '/Users/mohammedkalouti/Documents/Codex/2026-09-27/i/work/art/aircraft-final-production-v3/stage/assets/build/frames/unit.SA.fighter/beauty/rearm/d14_f00.png'
16:01.297  render           | Saved: '/Users/mohammedkalouti/Documents/Codex/2026-09-27/i/work/art/aircraft-final-production-v3/stage/assets/build/frames/unit.SA.fighter/team/rearm/d14_f00.png'
16:02.365  render           | Saved: '/Users/mohammedkalouti/Documents/Codex/2026-09-27/i/work/art/aircraft-final-production-v3/stage/assets/build/frames/unit.SA.fighter/shadow/rearm/d14_f00.png'
16:03.025  render           | Saved: '/Users/mohammedkalouti/Documents/Codex/2026-09-27/i/work/art/aircraft-final-production-v3/stage/assets/build/frames/unit.SA.fighter/beauty/rearm/d14_f01.png'
16:03.597  render           | Saved: '/Users/mohammedkalouti/Documents/Codex/2026-09-27/i/work/art/aircraft-final-production-v3/stage/assets/build/frames/unit.SA.fighter/team/rearm/d14_f01.png'
16:04.633  render           | Saved: '/Users/mohammedkalouti/Documents/Codex/2026-09-27/i/work/art/aircraft-final-production-v3/stage/assets/build/frames/unit.SA.fighter/shadow/rearm/d14_f01.png'
16:05.283  render           | Saved: '/Users/mohammedkalouti/Documents/Codex/2026-09-27/i/work/art/aircraft-final-production-v3/stage/assets/build/frames/unit.SA.fighter/beauty/rearm/d14_f02.png'
16:05.841  render           | Saved: '/Users/mohammedkalouti/Documents/Codex/2026-09-27/i/work/art/aircraft-final-production-v3/stage/assets/build/frames/unit.SA.fighter/team/rearm/d14_f02.png'
16:06.917  render           | Saved: '/Users/mohammedkalouti/Documents/Codex/2026-09-27/i/work/art/aircraft-final-production-v3/stage/assets/build/frames/unit.SA.fighter/shadow/rearm/d14_f02.png'
16:07.581  render           | Saved: '/Users/mohammedkalouti/Documents/Codex/2026-09-27/i/work/art/aircraft-final-production-v3/stage/assets/build/frames/unit.SA.fighter/beauty/rearm/d14_f03.png'
16:08.150  render           | Saved: '/Users/mohammedkalouti/Documents/Codex/2026-09-27/i/work/art/aircraft-final-production-v3/stage/assets/build/frames/unit.SA.fighter/team/rearm/d14_f03.png'
16:09.187  render           | Saved: '/Users/mohammedkalouti/Documents/Codex/2026-09-27/i/work/art/aircraft-final-production-v3/stage/assets/build/frames/unit.SA.fighter/shadow/rearm/d14_f03.png'
16:09.854  render           | Saved: '/Users/mohammedkalouti/Documents/Codex/2026-09-27/i/work/art/aircraft-final-production-v3/stage/assets/build/frames/unit.SA.fighter/beauty/rearm/d14_f04.png'
16:10.417  render           | Saved: '/Users/mohammedkalouti/Documents/Codex/2026-09-27/i/work/art/aircraft-final-production-v3/stage/assets/build/frames/unit.SA.fighter/team/rearm/d14_f04.png'
16:11.472  render           | Saved: '/Users/mohammedkalouti/Documents/Codex/2026-09-27/i/work/art/aircraft-final-production-v3/stage/assets/build/frames/unit.SA.fighter/shadow/rearm/d14_f04.png'
16:12.141  render           | Saved: '/Users/mohammedkalouti/Documents/Codex/2026-09-27/i/work/art/aircraft-final-production-v3/stage/assets/build/frames/unit.SA.fighter/beauty/rearm/d14_f05.png'
16:12.687  render           | Saved: '/Users/mohammedkalouti/Documents/Codex/2026-09-27/i/work/art/aircraft-final-production-v3/stage/assets/build/frames/unit.SA.fighter/team/rearm/d14_f05.png'
16:13.736  render           | Saved: '/Users/mohammedkalouti/Documents/Codex/2026-09-27/i/work/art/aircraft-final-production-v3/stage/assets/build/frames/unit.SA.fighter/shadow/rearm/d14_f05.png'
16:14.411  render           | Saved: '/Users/mohammedkalouti/Documents/Codex/2026-09-27/i/work/art/aircraft-final-production-v3/stage/assets/build/frames/unit.SA.fighter/beauty/fire_empty/d00_f00.png'
16:14.985  render           | Saved: '/Users/mohammedkalouti/Documents/Codex/2026-09-27/i/work/art/aircraft-final-production-v3/stage/assets/build/frames/unit.SA.fighter/team/fire_empty/d00_f00.png'
16:15.925  render           | Saved: '/Users/mohammedkalouti/Documents/Codex/2026-09-27/i/work/art/aircraft-final-production-v3/stage/assets/build/frames/unit.SA.fighter/shadow/fire_empty/d00_f00.png'
16:16.555  render           | Saved: '/Users/mohammedkalouti/Documents/Codex/2026-09-27/i/work/art/aircraft-final-production-v3/stage/assets/build/frames/unit.SA.fighter/beauty/fire_empty/d00_f01.png'
16:17.109  render           | Saved: '/Users/mohammedkalouti/Documents/Codex/2026-09-27/i/work/art/aircraft-final-production-v3/stage/assets/build/frames/unit.SA.fighter/team/fire_empty/d00_f01.png'
16:18.056  render           | Saved: '/Users/mohammedkalouti/Documents/Codex/2026-09-27/i/work/art/aircraft-final-production-v3/stage/assets/build/frames/unit.SA.fighter/shadow/fire_empty/d00_f01.png'
16:18.698  render           | Saved: '/Users/mohammedkalouti/Documents/Codex/2026-09-27/i/work/art/aircraft-final-production-v3/stage/assets/build/frames/unit.SA.fighter/beauty/fire_empty/d01_f00.png'
16:19.240  render           | Saved: '/Users/mohammedkalouti/Documents/Codex/2026-09-27/i/work/art/aircraft-final-production-v3/stage/assets/build/frames/unit.SA.fighter/team/fire_empty/d01_f00.png'
16:20.190  render           | Saved: '/Users/mohammedkalouti/Documents/Codex/2026-09-27/i/work/art/aircraft-final-production-v3/stage/assets/build/frames/unit.SA.fighter/shadow/fire_empty/d01_f00.png'
16:20.816  render           | Saved: '/Users/mohammedkalouti/Documents/Codex/2026-09-27/i/work/art/aircraft-final-production-v3/stage/assets/build/frames/unit.SA.fighter/beauty/fire_empty/d01_f01.png'
16:21.362  render           | Saved: '/Users/mohammedkalouti/Documents/Codex/2026-09-27/i/work/art/aircraft-final-production-v3/stage/assets/build/frames/unit.SA.fighter/team/fire_empty/d01_f01.png'
16:22.290  render           | Saved: '/Users/mohammedkalouti/Documents/Codex/2026-09-27/i/work/art/aircraft-final-production-v3/stage/assets/build/frames/unit.SA.fighter/shadow/fire_empty/d01_f01.png'
16:22.924  render           | Saved: '/Users/mohammedkalouti/Documents/Codex/2026-09-27/i/work/art/aircraft-final-production-v3/stage/assets/build/frames/unit.SA.fighter/beauty/fire_empty/d02_f00.png'
16:23.479  render           | Saved: '/Users/mohammedkalouti/Documents/Codex/2026-09-27/i/work/art/aircraft-final-production-v3/stage/assets/build/frames/unit.SA.fighter/team/fire_empty/d02_f00.png'
16:24.425  render           | Saved: '/Users/mohammedkalouti/Documents/Codex/2026-09-27/i/work/art/aircraft-final-production-v3/stage/assets/build/frames/unit.SA.fighter/shadow/fire_empty/d02_f00.png'
16:25.058  render           | Saved: '/Users/mohammedkalouti/Documents/Codex/2026-09-27/i/work/art/aircraft-final-production-v3/stage/assets/build/frames/unit.SA.fighter/beauty/fire_empty/d02_f01.png'
16:25.613  render           | Saved: '/Users/mohammedkalouti/Documents/Codex/2026-09-27/i/work/art/aircraft-final-production-v3/stage/assets/build/frames/unit.SA.fighter/team/fire_empty/d02_f01.png'
16:26.549  render           | Saved: '/Users/mohammedkalouti/Documents/Codex/2026-09-27/i/work/art/aircraft-final-production-v3/stage/assets/build/frames/unit.SA.fighter/shadow/fire_empty/d02_f01.png'
16:27.179  render           | Saved: '/Users/mohammedkalouti/Documents/Codex/2026-09-27/i/work/art/aircraft-final-production-v3/stage/assets/build/frames/unit.SA.fighter/beauty/fire_empty/d03_f00.png'
16:27.728  render           | Saved: '/Users/mohammedkalouti/Documents/Codex/2026-09-27/i/work/art/aircraft-final-production-v3/stage/assets/build/frames/unit.SA.fighter/team/fire_empty/d03_f00.png'
16:28.706  render           | Saved: '/Users/mohammedkalouti/Documents/Codex/2026-09-27/i/work/art/aircraft-final-production-v3/stage/assets/build/frames/unit.SA.fighter/shadow/fire_empty/d03_f00.png'
16:29.340  render           | Saved: '/Users/mohammedkalouti/Documents/Codex/2026-09-27/i/work/art/aircraft-final-production-v3/stage/assets/build/frames/unit.SA.fighter/beauty/fire_empty/d03_f01.png'
16:29.873  render           | Saved: '/Users/mohammedkalouti/Documents/Codex/2026-09-27/i/work/art/aircraft-final-production-v3/stage/assets/build/frames/unit.SA.fighter/team/fire_empty/d03_f01.png'
16:30.812  render           | Saved: '/Users/mohammedkalouti/Documents/Codex/2026-09-27/i/work/art/aircraft-final-production-v3/stage/assets/build/frames/unit.SA.fighter/shadow/fire_empty/d03_f01.png'
16:31.440  render           | Saved: '/Users/mohammedkalouti/Documents/Codex/2026-09-27/i/work/art/aircraft-final-production-v3/stage/assets/build/frames/unit.SA.fighter/beauty/fire_empty/d04_f00.png'
16:32.007  render           | Saved: '/Users/mohammedkalouti/Documents/Codex/2026-09-27/i/work/art/aircraft-final-production-v3/stage/assets/build/frames/unit.SA.fighter/team/fire_empty/d04_f00.png'
16:32.996  render           | Saved: '/Users/mohammedkalouti/Documents/Codex/2026-09-27/i/work/art/aircraft-final-production-v3/stage/assets/build/frames/unit.SA.fighter/shadow/fire_empty/d04_f00.png'
16:33.632  render           | Saved: '/Users/mohammedkalouti/Documents/Codex/2026-09-27/i/work/art/aircraft-final-production-v3/stage/assets/build/frames/unit.SA.fighter/beauty/fire_empty/d04_f01.png'
16:34.182  render           | Saved: '/Users/mohammedkalouti/Documents/Codex/2026-09-27/i/work/art/aircraft-final-production-v3/stage/assets/build/frames/unit.SA.fighter/team/fire_empty/d04_f01.png'
16:35.104  render           | Saved: '/Users/mohammedkalouti/Documents/Codex/2026-09-27/i/work/art/aircraft-final-production-v3/stage/assets/build/frames/unit.SA.fighter/shadow/fire_empty/d04_f01.png'
16:35.784  render           | Saved: '/Users/mohammedkalouti/Documents/Codex/2026-09-27/i/work/art/aircraft-final-production-v3/stage/assets/build/frames/unit.SA.fighter/beauty/fire_empty/d05_f00.png'
16:36.334  render           | Saved: '/Users/mohammedkalouti/Documents/Codex/2026-09-27/i/work/art/aircraft-final-production-v3/stage/assets/build/frames/unit.SA.fighter/team/fire_empty/d05_f00.png'
16:37.284  render           | Saved: '/Users/mohammedkalouti/Documents/Codex/2026-09-27/i/work/art/aircraft-final-production-v3/stage/assets/build/frames/unit.SA.fighter/shadow/fire_empty/d05_f00.png'
16:37.921  render           | Saved: '/Users/mohammedkalouti/Documents/Codex/2026-09-27/i/work/art/aircraft-final-production-v3/stage/assets/build/frames/unit.SA.fighter/beauty/fire_empty/d05_f01.png'
16:38.479  render           | Saved: '/Users/mohammedkalouti/Documents/Codex/2026-09-27/i/work/art/aircraft-final-production-v3/stage/assets/build/frames/unit.SA.fighter/team/fire_empty/d05_f01.png'
16:39.408  render           | Saved: '/Users/mohammedkalouti/Documents/Codex/2026-09-27/i/work/art/aircraft-final-production-v3/stage/assets/build/frames/unit.SA.fighter/shadow/fire_empty/d05_f01.png'
16:40.049  render           | Saved: '/Users/mohammedkalouti/Documents/Codex/2026-09-27/i/work/art/aircraft-final-production-v3/stage/assets/build/frames/unit.SA.fighter/beauty/fire_empty/d06_f00.png'
16:40.592  render           | Saved: '/Users/mohammedkalouti/Documents/Codex/2026-09-27/i/work/art/aircraft-final-production-v3/stage/assets/build/frames/unit.SA.fighter/team/fire_empty/d06_f00.png'
16:41.569  render           | Saved: '/Users/mohammedkalouti/Documents/Codex/2026-09-27/i/work/art/aircraft-final-production-v3/stage/assets/build/frames/unit.SA.fighter/shadow/fire_empty/d06_f00.png'
16:42.231  render           | Saved: '/Users/mohammedkalouti/Documents/Codex/2026-09-27/i/work/art/aircraft-final-production-v3/stage/assets/build/frames/unit.SA.fighter/beauty/fire_empty/d06_f01.png'
16:42.789  render           | Saved: '/Users/mohammedkalouti/Documents/Codex/2026-09-27/i/work/art/aircraft-final-production-v3/stage/assets/build/frames/unit.SA.fighter/team/fire_empty/d06_f01.png'
16:43.706  render           | Saved: '/Users/mohammedkalouti/Documents/Codex/2026-09-27/i/work/art/aircraft-final-production-v3/stage/assets/build/frames/unit.SA.fighter/shadow/fire_empty/d06_f01.png'
16:44.352  render           | Saved: '/Users/mohammedkalouti/Documents/Codex/2026-09-27/i/work/art/aircraft-final-production-v3/stage/assets/build/frames/unit.SA.fighter/beauty/fire_empty/d07_f00.png'
16:44.889  render           | Saved: '/Users/mohammedkalouti/Documents/Codex/2026-09-27/i/work/art/aircraft-final-production-v3/stage/assets/build/frames/unit.SA.fighter/team/fire_empty/d07_f00.png'
16:45.786  render           | Saved: '/Users/mohammedkalouti/Documents/Codex/2026-09-27/i/work/art/aircraft-final-production-v3/stage/assets/build/frames/unit.SA.fighter/shadow/fire_empty/d07_f00.png'
16:46.441  render           | Saved: '/Users/mohammedkalouti/Documents/Codex/2026-09-27/i/work/art/aircraft-final-production-v3/stage/assets/build/frames/unit.SA.fighter/beauty/fire_empty/d07_f01.png'
16:46.996  render           | Saved: '/Users/mohammedkalouti/Documents/Codex/2026-09-27/i/work/art/aircraft-final-production-v3/stage/assets/build/frames/unit.SA.fighter/team/fire_empty/d07_f01.png'
16:47.922  render           | Saved: '/Users/mohammedkalouti/Documents/Codex/2026-09-27/i/work/art/aircraft-final-production-v3/stage/assets/build/frames/unit.SA.fighter/shadow/fire_empty/d07_f01.png'
16:48.554  render           | Saved: '/Users/mohammedkalouti/Documents/Codex/2026-09-27/i/work/art/aircraft-final-production-v3/stage/assets/build/frames/unit.SA.fighter/beauty/fire_empty/d08_f00.png'
16:49.116  render           | Saved: '/Users/mohammedkalouti/Documents/Codex/2026-09-27/i/work/art/aircraft-final-production-v3/stage/assets/build/frames/unit.SA.fighter/team/fire_empty/d08_f00.png'
16:50.074  render           | Saved: '/Users/mohammedkalouti/Documents/Codex/2026-09-27/i/work/art/aircraft-final-production-v3/stage/assets/build/frames/unit.SA.fighter/shadow/fire_empty/d08_f00.png'
16:50.707  render           | Saved: '/Users/mohammedkalouti/Documents/Codex/2026-09-27/i/work/art/aircraft-final-production-v3/stage/assets/build/frames/unit.SA.fighter/beauty/fire_empty/d08_f01.png'
16:51.242  render           | Saved: '/Users/mohammedkalouti/Documents/Codex/2026-09-27/i/work/art/aircraft-final-production-v3/stage/assets/build/frames/unit.SA.fighter/team/fire_empty/d08_f01.png'
16:52.189  render           | Saved: '/Users/mohammedkalouti/Documents/Codex/2026-09-27/i/work/art/aircraft-final-production-v3/stage/assets/build/frames/unit.SA.fighter/shadow/fire_empty/d08_f01.png'
16:52.825  render           | Saved: '/Users/mohammedkalouti/Documents/Codex/2026-09-27/i/work/art/aircraft-final-production-v3/stage/assets/build/frames/unit.SA.fighter/beauty/fire_empty/d09_f00.png'
16:53.390  render           | Saved: '/Users/mohammedkalouti/Documents/Codex/2026-09-27/i/work/art/aircraft-final-production-v3/stage/assets/build/frames/unit.SA.fighter/team/fire_empty/d09_f00.png'
16:54.394  render           | Saved: '/Users/mohammedkalouti/Documents/Codex/2026-09-27/i/work/art/aircraft-final-production-v3/stage/assets/build/frames/unit.SA.fighter/shadow/fire_empty/d09_f00.png'
16:55.046  render           | Saved: '/Users/mohammedkalouti/Documents/Codex/2026-09-27/i/work/art/aircraft-final-production-v3/stage/assets/build/frames/unit.SA.fighter/beauty/fire_empty/d09_f01.png'
16:55.594  render           | Saved: '/Users/mohammedkalouti/Documents/Codex/2026-09-27/i/work/art/aircraft-final-production-v3/stage/assets/build/frames/unit.SA.fighter/team/fire_empty/d09_f01.png'
16:56.592  render           | Saved: '/Users/mohammedkalouti/Documents/Codex/2026-09-27/i/work/art/aircraft-final-production-v3/stage/assets/build/frames/unit.SA.fighter/shadow/fire_empty/d09_f01.png'
16:57.219  render           | Saved: '/Users/mohammedkalouti/Documents/Codex/2026-09-27/i/work/art/aircraft-final-production-v3/stage/assets/build/frames/unit.SA.fighter/beauty/fire_empty/d10_f00.png'
16:57.769  render           | Saved: '/Users/mohammedkalouti/Documents/Codex/2026-09-27/i/work/art/aircraft-final-production-v3/stage/assets/build/frames/unit.SA.fighter/team/fire_empty/d10_f00.png'
16:58.735  render           | Saved: '/Users/mohammedkalouti/Documents/Codex/2026-09-27/i/work/art/aircraft-final-production-v3/stage/assets/build/frames/unit.SA.fighter/shadow/fire_empty/d10_f00.png'
16:59.385  render           | Saved: '/Users/mohammedkalouti/Documents/Codex/2026-09-27/i/work/art/aircraft-final-production-v3/stage/assets/build/frames/unit.SA.fighter/beauty/fire_empty/d10_f01.png'
16:59.927  render           | Saved: '/Users/mohammedkalouti/Documents/Codex/2026-09-27/i/work/art/aircraft-final-production-v3/stage/assets/build/frames/unit.SA.fighter/team/fire_empty/d10_f01.png'
17:00.849  render           | Saved: '/Users/mohammedkalouti/Documents/Codex/2026-09-27/i/work/art/aircraft-final-production-v3/stage/assets/build/frames/unit.SA.fighter/shadow/fire_empty/d10_f01.png'
17:01.501  render           | Saved: '/Users/mohammedkalouti/Documents/Codex/2026-09-27/i/work/art/aircraft-final-production-v3/stage/assets/build/frames/unit.SA.fighter/beauty/fire_empty/d11_f00.png'
17:02.044  render           | Saved: '/Users/mohammedkalouti/Documents/Codex/2026-09-27/i/work/art/aircraft-final-production-v3/stage/assets/build/frames/unit.SA.fighter/team/fire_empty/d11_f00.png'
17:03.046  render           | Saved: '/Users/mohammedkalouti/Documents/Codex/2026-09-27/i/work/art/aircraft-final-production-v3/stage/assets/build/frames/unit.SA.fighter/shadow/fire_empty/d11_f00.png'
17:03.694  render           | Saved: '/Users/mohammedkalouti/Documents/Codex/2026-09-27/i/work/art/aircraft-final-production-v3/stage/assets/build/frames/unit.SA.fighter/beauty/fire_empty/d11_f01.png'
17:04.245  render           | Saved: '/Users/mohammedkalouti/Documents/Codex/2026-09-27/i/work/art/aircraft-final-production-v3/stage/assets/build/frames/unit.SA.fighter/team/fire_empty/d11_f01.png'
17:05.153  render           | Saved: '/Users/mohammedkalouti/Documents/Codex/2026-09-27/i/work/art/aircraft-final-production-v3/stage/assets/build/frames/unit.SA.fighter/shadow/fire_empty/d11_f01.png'
17:05.816  render           | Saved: '/Users/mohammedkalouti/Documents/Codex/2026-09-27/i/work/art/aircraft-final-production-v3/stage/assets/build/frames/unit.SA.fighter/beauty/fire_empty/d12_f00.png'
17:06.348  render           | Saved: '/Users/mohammedkalouti/Documents/Codex/2026-09-27/i/work/art/aircraft-final-production-v3/stage/assets/build/frames/unit.SA.fighter/team/fire_empty/d12_f00.png'
17:07.278  render           | Saved: '/Users/mohammedkalouti/Documents/Codex/2026-09-27/i/work/art/aircraft-final-production-v3/stage/assets/build/frames/unit.SA.fighter/shadow/fire_empty/d12_f00.png'
17:07.890  render           | Saved: '/Users/mohammedkalouti/Documents/Codex/2026-09-27/i/work/art/aircraft-final-production-v3/stage/assets/build/frames/unit.SA.fighter/beauty/fire_empty/d12_f01.png'
17:08.404  render           | Saved: '/Users/mohammedkalouti/Documents/Codex/2026-09-27/i/work/art/aircraft-final-production-v3/stage/assets/build/frames/unit.SA.fighter/team/fire_empty/d12_f01.png'
17:09.290  render           | Saved: '/Users/mohammedkalouti/Documents/Codex/2026-09-27/i/work/art/aircraft-final-production-v3/stage/assets/build/frames/unit.SA.fighter/shadow/fire_empty/d12_f01.png'
17:09.948  render           | Saved: '/Users/mohammedkalouti/Documents/Codex/2026-09-27/i/work/art/aircraft-final-production-v3/stage/assets/build/frames/unit.SA.fighter/beauty/fire_empty/d13_f00.png'
17:10.492  render           | Saved: '/Users/mohammedkalouti/Documents/Codex/2026-09-27/i/work/art/aircraft-final-production-v3/stage/assets/build/frames/unit.SA.fighter/team/fire_empty/d13_f00.png'
17:11.418  render           | Saved: '/Users/mohammedkalouti/Documents/Codex/2026-09-27/i/work/art/aircraft-final-production-v3/stage/assets/build/frames/unit.SA.fighter/shadow/fire_empty/d13_f00.png'
17:12.031  render           | Saved: '/Users/mohammedkalouti/Documents/Codex/2026-09-27/i/work/art/aircraft-final-production-v3/stage/assets/build/frames/unit.SA.fighter/beauty/fire_empty/d13_f01.png'
17:12.584  render           | Saved: '/Users/mohammedkalouti/Documents/Codex/2026-09-27/i/work/art/aircraft-final-production-v3/stage/assets/build/frames/unit.SA.fighter/team/fire_empty/d13_f01.png'
17:13.509  render           | Saved: '/Users/mohammedkalouti/Documents/Codex/2026-09-27/i/work/art/aircraft-final-production-v3/stage/assets/build/frames/unit.SA.fighter/shadow/fire_empty/d13_f01.png'
17:14.146  render           | Saved: '/Users/mohammedkalouti/Documents/Codex/2026-09-27/i/work/art/aircraft-final-production-v3/stage/assets/build/frames/unit.SA.fighter/beauty/fire_empty/d14_f00.png'
17:14.680  render           | Saved: '/Users/mohammedkalouti/Documents/Codex/2026-09-27/i/work/art/aircraft-final-production-v3/stage/assets/build/frames/unit.SA.fighter/team/fire_empty/d14_f00.png'
17:15.598  render           | Saved: '/Users/mohammedkalouti/Documents/Codex/2026-09-27/i/work/art/aircraft-final-production-v3/stage/assets/build/frames/unit.SA.fighter/shadow/fire_empty/d14_f00.png'
17:16.244  render           | Saved: '/Users/mohammedkalouti/Documents/Codex/2026-09-27/i/work/art/aircraft-final-production-v3/stage/assets/build/frames/unit.SA.fighter/beauty/fire_empty/d14_f01.png'
17:16.793  render           | Saved: '/Users/mohammedkalouti/Documents/Codex/2026-09-27/i/work/art/aircraft-final-production-v3/stage/assets/build/frames/unit.SA.fighter/team/fire_empty/d14_f01.png'
17:17.744  render           | Saved: '/Users/mohammedkalouti/Documents/Codex/2026-09-27/i/work/art/aircraft-final-production-v3/stage/assets/build/frames/unit.SA.fighter/shadow/fire_empty/d14_f01.png'
17:18.397  render           | Saved: '/Users/mohammedkalouti/Documents/Codex/2026-09-27/i/work/art/aircraft-final-production-v3/stage/assets/build/frames/unit.SA.fighter/beauty/fire_empty/d15_f00.png'
17:18.962  render           | Saved: '/Users/mohammedkalouti/Documents/Codex/2026-09-27/i/work/art/aircraft-final-production-v3/stage/assets/build/frames/unit.SA.fighter/team/fire_empty/d15_f00.png'
17:19.888  render           | Saved: '/Users/mohammedkalouti/Documents/Codex/2026-09-27/i/work/art/aircraft-final-production-v3/stage/assets/build/frames/unit.SA.fighter/shadow/fire_empty/d15_f00.png'
17:20.537  render           | Saved: '/Users/mohammedkalouti/Documents/Codex/2026-09-27/i/work/art/aircraft-final-production-v3/stage/assets/build/frames/unit.SA.fighter/beauty/fire_empty/d15_f01.png'
17:21.141  render           | Saved: '/Users/mohammedkalouti/Documents/Codex/2026-09-27/i/work/art/aircraft-final-production-v3/stage/assets/build/frames/unit.SA.fighter/team/fire_empty/d15_f01.png'
17:22.083  render           | Saved: '/Users/mohammedkalouti/Documents/Codex/2026-09-27/i/work/art/aircraft-final-production-v3/stage/assets/build/frames/unit.SA.fighter/shadow/fire_empty/d15_f01.png'
17:22.714  render           | Saved: '/Users/mohammedkalouti/Documents/Codex/2026-09-27/i/work/art/aircraft-final-production-v3/stage/assets/build/frames/unit.SA.fighter/beauty/parked_empty/d00_f00.png'
17:23.290  render           | Saved: '/Users/mohammedkalouti/Documents/Codex/2026-09-27/i/work/art/aircraft-final-production-v3/stage/assets/build/frames/unit.SA.fighter/team/parked_empty/d00_f00.png'
17:24.212  render           | Saved: '/Users/mohammedkalouti/Documents/Codex/2026-09-27/i/work/art/aircraft-final-production-v3/stage/assets/build/frames/unit.SA.fighter/shadow/parked_empty/d00_f00.png'
17:24.818  render           | Saved: '/Users/mohammedkalouti/Documents/Codex/2026-09-27/i/work/art/aircraft-final-production-v3/stage/assets/build/frames/unit.SA.fighter/beauty/parked_empty/d01_f00.png'
17:25.360  render           | Saved: '/Users/mohammedkalouti/Documents/Codex/2026-09-27/i/work/art/aircraft-final-production-v3/stage/assets/build/frames/unit.SA.fighter/team/parked_empty/d01_f00.png'
17:26.266  render           | Saved: '/Users/mohammedkalouti/Documents/Codex/2026-09-27/i/work/art/aircraft-final-production-v3/stage/assets/build/frames/unit.SA.fighter/shadow/parked_empty/d01_f00.png'
17:26.875  render           | Saved: '/Users/mohammedkalouti/Documents/Codex/2026-09-27/i/work/art/aircraft-final-production-v3/stage/assets/build/frames/unit.SA.fighter/beauty/parked_empty/d02_f00.png'
17:27.430  render           | Saved: '/Users/mohammedkalouti/Documents/Codex/2026-09-27/i/work/art/aircraft-final-production-v3/stage/assets/build/frames/unit.SA.fighter/team/parked_empty/d02_f00.png'
17:28.449  render           | Saved: '/Users/mohammedkalouti/Documents/Codex/2026-09-27/i/work/art/aircraft-final-production-v3/stage/assets/build/frames/unit.SA.fighter/shadow/parked_empty/d02_f00.png'
17:29.081  render           | Saved: '/Users/mohammedkalouti/Documents/Codex/2026-09-27/i/work/art/aircraft-final-production-v3/stage/assets/build/frames/unit.SA.fighter/beauty/parked_empty/d04_f00.png'
17:29.646  render           | Saved: '/Users/mohammedkalouti/Documents/Codex/2026-09-27/i/work/art/aircraft-final-production-v3/stage/assets/build/frames/unit.SA.fighter/team/parked_empty/d04_f00.png'
17:30.560  render           | Saved: '/Users/mohammedkalouti/Documents/Codex/2026-09-27/i/work/art/aircraft-final-production-v3/stage/assets/build/frames/unit.SA.fighter/shadow/parked_empty/d04_f00.png'
17:31.180  render           | Saved: '/Users/mohammedkalouti/Documents/Codex/2026-09-27/i/work/art/aircraft-final-production-v3/stage/assets/build/frames/unit.SA.fighter/beauty/parked_empty/d05_f00.png'
17:31.721  render           | Saved: '/Users/mohammedkalouti/Documents/Codex/2026-09-27/i/work/art/aircraft-final-production-v3/stage/assets/build/frames/unit.SA.fighter/team/parked_empty/d05_f00.png'
17:32.658  render           | Saved: '/Users/mohammedkalouti/Documents/Codex/2026-09-27/i/work/art/aircraft-final-production-v3/stage/assets/build/frames/unit.SA.fighter/shadow/parked_empty/d05_f00.png'
17:33.313  render           | Saved: '/Users/mohammedkalouti/Documents/Codex/2026-09-27/i/work/art/aircraft-final-production-v3/stage/assets/build/frames/unit.SA.fighter/beauty/parked_empty/d06_f00.png'
17:33.849  render           | Saved: '/Users/mohammedkalouti/Documents/Codex/2026-09-27/i/work/art/aircraft-final-production-v3/stage/assets/build/frames/unit.SA.fighter/team/parked_empty/d06_f00.png'
17:34.783  render           | Saved: '/Users/mohammedkalouti/Documents/Codex/2026-09-27/i/work/art/aircraft-final-production-v3/stage/assets/build/frames/unit.SA.fighter/shadow/parked_empty/d06_f00.png'
17:35.411  render           | Saved: '/Users/mohammedkalouti/Documents/Codex/2026-09-27/i/work/art/aircraft-final-production-v3/stage/assets/build/frames/unit.SA.fighter/beauty/parked_empty/d08_f00.png'
17:35.946  render           | Saved: '/Users/mohammedkalouti/Documents/Codex/2026-09-27/i/work/art/aircraft-final-production-v3/stage/assets/build/frames/unit.SA.fighter/team/parked_empty/d08_f00.png'
17:36.903  render           | Saved: '/Users/mohammedkalouti/Documents/Codex/2026-09-27/i/work/art/aircraft-final-production-v3/stage/assets/build/frames/unit.SA.fighter/shadow/parked_empty/d08_f00.png'
17:37.518  render           | Saved: '/Users/mohammedkalouti/Documents/Codex/2026-09-27/i/work/art/aircraft-final-production-v3/stage/assets/build/frames/unit.SA.fighter/beauty/parked_empty/d09_f00.png'
17:38.047  render           | Saved: '/Users/mohammedkalouti/Documents/Codex/2026-09-27/i/work/art/aircraft-final-production-v3/stage/assets/build/frames/unit.SA.fighter/team/parked_empty/d09_f00.png'
17:39.088  render           | Saved: '/Users/mohammedkalouti/Documents/Codex/2026-09-27/i/work/art/aircraft-final-production-v3/stage/assets/build/frames/unit.SA.fighter/shadow/parked_empty/d09_f00.png'
17:39.760  render           | Saved: '/Users/mohammedkalouti/Documents/Codex/2026-09-27/i/work/art/aircraft-final-production-v3/stage/assets/build/frames/unit.SA.fighter/beauty/parked_empty/d10_f00.png'
17:40.295  render           | Saved: '/Users/mohammedkalouti/Documents/Codex/2026-09-27/i/work/art/aircraft-final-production-v3/stage/assets/build/frames/unit.SA.fighter/team/parked_empty/d10_f00.png'
17:41.233  render           | Saved: '/Users/mohammedkalouti/Documents/Codex/2026-09-27/i/work/art/aircraft-final-production-v3/stage/assets/build/frames/unit.SA.fighter/shadow/parked_empty/d10_f00.png'
17:41.873  render           | Saved: '/Users/mohammedkalouti/Documents/Codex/2026-09-27/i/work/art/aircraft-final-production-v3/stage/assets/build/frames/unit.SA.fighter/beauty/parked_empty/d12_f00.png'
17:42.413  render           | Saved: '/Users/mohammedkalouti/Documents/Codex/2026-09-27/i/work/art/aircraft-final-production-v3/stage/assets/build/frames/unit.SA.fighter/team/parked_empty/d12_f00.png'
17:43.333  render           | Saved: '/Users/mohammedkalouti/Documents/Codex/2026-09-27/i/work/art/aircraft-final-production-v3/stage/assets/build/frames/unit.SA.fighter/shadow/parked_empty/d12_f00.png'
17:43.958  render           | Saved: '/Users/mohammedkalouti/Documents/Codex/2026-09-27/i/work/art/aircraft-final-production-v3/stage/assets/build/frames/unit.SA.fighter/beauty/parked_empty/d13_f00.png'
17:44.499  render           | Saved: '/Users/mohammedkalouti/Documents/Codex/2026-09-27/i/work/art/aircraft-final-production-v3/stage/assets/build/frames/unit.SA.fighter/team/parked_empty/d13_f00.png'
17:45.468  render           | Saved: '/Users/mohammedkalouti/Documents/Codex/2026-09-27/i/work/art/aircraft-final-production-v3/stage/assets/build/frames/unit.SA.fighter/shadow/parked_empty/d13_f00.png'
17:46.123  render           | Saved: '/Users/mohammedkalouti/Documents/Codex/2026-09-27/i/work/art/aircraft-final-production-v3/stage/assets/build/frames/unit.SA.fighter/beauty/parked_empty/d14_f00.png'
17:46.659  render           | Saved: '/Users/mohammedkalouti/Documents/Codex/2026-09-27/i/work/art/aircraft-final-production-v3/stage/assets/build/frames/unit.SA.fighter/team/parked_empty/d14_f00.png'
17:47.628  render           | Saved: '/Users/mohammedkalouti/Documents/Codex/2026-09-27/i/work/art/aircraft-final-production-v3/stage/assets/build/frames/unit.SA.fighter/shadow/parked_empty/d14_f00.png'
17:48.248  render           | Saved: '/Users/mohammedkalouti/Documents/Codex/2026-09-27/i/work/art/aircraft-final-production-v3/stage/assets/build/frames/unit.SA.fighter/beauty/takeoff_empty/d00_f00.png'
17:48.788  render           | Saved: '/Users/mohammedkalouti/Documents/Codex/2026-09-27/i/work/art/aircraft-final-production-v3/stage/assets/build/frames/unit.SA.fighter/team/takeoff_empty/d00_f00.png'
17:49.712  render           | Saved: '/Users/mohammedkalouti/Documents/Codex/2026-09-27/i/work/art/aircraft-final-production-v3/stage/assets/build/frames/unit.SA.fighter/shadow/takeoff_empty/d00_f00.png'
17:50.338  render           | Saved: '/Users/mohammedkalouti/Documents/Codex/2026-09-27/i/work/art/aircraft-final-production-v3/stage/assets/build/frames/unit.SA.fighter/beauty/takeoff_empty/d00_f01.png'
17:50.881  render           | Saved: '/Users/mohammedkalouti/Documents/Codex/2026-09-27/i/work/art/aircraft-final-production-v3/stage/assets/build/frames/unit.SA.fighter/team/takeoff_empty/d00_f01.png'
17:51.801  render           | Saved: '/Users/mohammedkalouti/Documents/Codex/2026-09-27/i/work/art/aircraft-final-production-v3/stage/assets/build/frames/unit.SA.fighter/shadow/takeoff_empty/d00_f01.png'
17:52.443  render           | Saved: '/Users/mohammedkalouti/Documents/Codex/2026-09-27/i/work/art/aircraft-final-production-v3/stage/assets/build/frames/unit.SA.fighter/beauty/takeoff_empty/d00_f02.png'
17:52.975  render           | Saved: '/Users/mohammedkalouti/Documents/Codex/2026-09-27/i/work/art/aircraft-final-production-v3/stage/assets/build/frames/unit.SA.fighter/team/takeoff_empty/d00_f02.png'
17:53.891  render           | Saved: '/Users/mohammedkalouti/Documents/Codex/2026-09-27/i/work/art/aircraft-final-production-v3/stage/assets/build/frames/unit.SA.fighter/shadow/takeoff_empty/d00_f02.png'
17:54.516  render           | Saved: '/Users/mohammedkalouti/Documents/Codex/2026-09-27/i/work/art/aircraft-final-production-v3/stage/assets/build/frames/unit.SA.fighter/beauty/takeoff_empty/d00_f03.png'
17:55.035  render           | Saved: '/Users/mohammedkalouti/Documents/Codex/2026-09-27/i/work/art/aircraft-final-production-v3/stage/assets/build/frames/unit.SA.fighter/team/takeoff_empty/d00_f03.png'
17:55.954  render           | Saved: '/Users/mohammedkalouti/Documents/Codex/2026-09-27/i/work/art/aircraft-final-production-v3/stage/assets/build/frames/unit.SA.fighter/shadow/takeoff_empty/d00_f03.png'
17:56.596  render           | Saved: '/Users/mohammedkalouti/Documents/Codex/2026-09-27/i/work/art/aircraft-final-production-v3/stage/assets/build/frames/unit.SA.fighter/beauty/takeoff_empty/d00_f04.png'
17:57.143  render           | Saved: '/Users/mohammedkalouti/Documents/Codex/2026-09-27/i/work/art/aircraft-final-production-v3/stage/assets/build/frames/unit.SA.fighter/team/takeoff_empty/d00_f04.png'
17:58.070  render           | Saved: '/Users/mohammedkalouti/Documents/Codex/2026-09-27/i/work/art/aircraft-final-production-v3/stage/assets/build/frames/unit.SA.fighter/shadow/takeoff_empty/d00_f04.png'
17:58.692  render           | Saved: '/Users/mohammedkalouti/Documents/Codex/2026-09-27/i/work/art/aircraft-final-production-v3/stage/assets/build/frames/unit.SA.fighter/beauty/takeoff_empty/d00_f05.png'
17:59.238  render           | Saved: '/Users/mohammedkalouti/Documents/Codex/2026-09-27/i/work/art/aircraft-final-production-v3/stage/assets/build/frames/unit.SA.fighter/team/takeoff_empty/d00_f05.png'
18:00.174  render           | Saved: '/Users/mohammedkalouti/Documents/Codex/2026-09-27/i/work/art/aircraft-final-production-v3/stage/assets/build/frames/unit.SA.fighter/shadow/takeoff_empty/d00_f05.png'
18:00.808  render           | Saved: '/Users/mohammedkalouti/Documents/Codex/2026-09-27/i/work/art/aircraft-final-production-v3/stage/assets/build/frames/unit.SA.fighter/beauty/takeoff_empty/d01_f00.png'
18:01.340  render           | Saved: '/Users/mohammedkalouti/Documents/Codex/2026-09-27/i/work/art/aircraft-final-production-v3/stage/assets/build/frames/unit.SA.fighter/team/takeoff_empty/d01_f00.png'
18:02.279  render           | Saved: '/Users/mohammedkalouti/Documents/Codex/2026-09-27/i/work/art/aircraft-final-production-v3/stage/assets/build/frames/unit.SA.fighter/shadow/takeoff_empty/d01_f00.png'
18:02.911  render           | Saved: '/Users/mohammedkalouti/Documents/Codex/2026-09-27/i/work/art/aircraft-final-production-v3/stage/assets/build/frames/unit.SA.fighter/beauty/takeoff_empty/d01_f01.png'
18:03.437  render           | Saved: '/Users/mohammedkalouti/Documents/Codex/2026-09-27/i/work/art/aircraft-final-production-v3/stage/assets/build/frames/unit.SA.fighter/team/takeoff_empty/d01_f01.png'
18:04.369  render           | Saved: '/Users/mohammedkalouti/Documents/Codex/2026-09-27/i/work/art/aircraft-final-production-v3/stage/assets/build/frames/unit.SA.fighter/shadow/takeoff_empty/d01_f01.png'
18:05.030  render           | Saved: '/Users/mohammedkalouti/Documents/Codex/2026-09-27/i/work/art/aircraft-final-production-v3/stage/assets/build/frames/unit.SA.fighter/beauty/takeoff_empty/d01_f02.png'
18:05.581  render           | Saved: '/Users/mohammedkalouti/Documents/Codex/2026-09-27/i/work/art/aircraft-final-production-v3/stage/assets/build/frames/unit.SA.fighter/team/takeoff_empty/d01_f02.png'
18:06.528  render           | Saved: '/Users/mohammedkalouti/Documents/Codex/2026-09-27/i/work/art/aircraft-final-production-v3/stage/assets/build/frames/unit.SA.fighter/shadow/takeoff_empty/d01_f02.png'
18:07.170  render           | Saved: '/Users/mohammedkalouti/Documents/Codex/2026-09-27/i/work/art/aircraft-final-production-v3/stage/assets/build/frames/unit.SA.fighter/beauty/takeoff_empty/d01_f03.png'
18:07.704  render           | Saved: '/Users/mohammedkalouti/Documents/Codex/2026-09-27/i/work/art/aircraft-final-production-v3/stage/assets/build/frames/unit.SA.fighter/team/takeoff_empty/d01_f03.png'
18:08.617  render           | Saved: '/Users/mohammedkalouti/Documents/Codex/2026-09-27/i/work/art/aircraft-final-production-v3/stage/assets/build/frames/unit.SA.fighter/shadow/takeoff_empty/d01_f03.png'
18:09.258  render           | Saved: '/Users/mohammedkalouti/Documents/Codex/2026-09-27/i/work/art/aircraft-final-production-v3/stage/assets/build/frames/unit.SA.fighter/beauty/takeoff_empty/d01_f04.png'
18:09.794  render           | Saved: '/Users/mohammedkalouti/Documents/Codex/2026-09-27/i/work/art/aircraft-final-production-v3/stage/assets/build/frames/unit.SA.fighter/team/takeoff_empty/d01_f04.png'
18:10.787  render           | Saved: '/Users/mohammedkalouti/Documents/Codex/2026-09-27/i/work/art/aircraft-final-production-v3/stage/assets/build/frames/unit.SA.fighter/shadow/takeoff_empty/d01_f04.png'
18:11.427  render           | Saved: '/Users/mohammedkalouti/Documents/Codex/2026-09-27/i/work/art/aircraft-final-production-v3/stage/assets/build/frames/unit.SA.fighter/beauty/takeoff_empty/d01_f05.png'
18:11.965  render           | Saved: '/Users/mohammedkalouti/Documents/Codex/2026-09-27/i/work/art/aircraft-final-production-v3/stage/assets/build/frames/unit.SA.fighter/team/takeoff_empty/d01_f05.png'
18:12.887  render           | Saved: '/Users/mohammedkalouti/Documents/Codex/2026-09-27/i/work/art/aircraft-final-production-v3/stage/assets/build/frames/unit.SA.fighter/shadow/takeoff_empty/d01_f05.png'
18:13.523  render           | Saved: '/Users/mohammedkalouti/Documents/Codex/2026-09-27/i/work/art/aircraft-final-production-v3/stage/assets/build/frames/unit.SA.fighter/beauty/takeoff_empty/d02_f00.png'
18:14.090  render           | Saved: '/Users/mohammedkalouti/Documents/Codex/2026-09-27/i/work/art/aircraft-final-production-v3/stage/assets/build/frames/unit.SA.fighter/team/takeoff_empty/d02_f00.png'
18:15.014  render           | Saved: '/Users/mohammedkalouti/Documents/Codex/2026-09-27/i/work/art/aircraft-final-production-v3/stage/assets/build/frames/unit.SA.fighter/shadow/takeoff_empty/d02_f00.png'
18:15.643  render           | Saved: '/Users/mohammedkalouti/Documents/Codex/2026-09-27/i/work/art/aircraft-final-production-v3/stage/assets/build/frames/unit.SA.fighter/beauty/takeoff_empty/d02_f01.png'
18:16.186  render           | Saved: '/Users/mohammedkalouti/Documents/Codex/2026-09-27/i/work/art/aircraft-final-production-v3/stage/assets/build/frames/unit.SA.fighter/team/takeoff_empty/d02_f01.png'
18:17.137  render           | Saved: '/Users/mohammedkalouti/Documents/Codex/2026-09-27/i/work/art/aircraft-final-production-v3/stage/assets/build/frames/unit.SA.fighter/shadow/takeoff_empty/d02_f01.png'
18:17.747  render           | Saved: '/Users/mohammedkalouti/Documents/Codex/2026-09-27/i/work/art/aircraft-final-production-v3/stage/assets/build/frames/unit.SA.fighter/beauty/takeoff_empty/d02_f02.png'
18:18.288  render           | Saved: '/Users/mohammedkalouti/Documents/Codex/2026-09-27/i/work/art/aircraft-final-production-v3/stage/assets/build/frames/unit.SA.fighter/team/takeoff_empty/d02_f02.png'
18:19.184  render           | Saved: '/Users/mohammedkalouti/Documents/Codex/2026-09-27/i/work/art/aircraft-final-production-v3/stage/assets/build/frames/unit.SA.fighter/shadow/takeoff_empty/d02_f02.png'
18:19.830  render           | Saved: '/Users/mohammedkalouti/Documents/Codex/2026-09-27/i/work/art/aircraft-final-production-v3/stage/assets/build/frames/unit.SA.fighter/beauty/takeoff_empty/d02_f03.png'
18:20.365  render           | Saved: '/Users/mohammedkalouti/Documents/Codex/2026-09-27/i/work/art/aircraft-final-production-v3/stage/assets/build/frames/unit.SA.fighter/team/takeoff_empty/d02_f03.png'
18:21.328  render           | Saved: '/Users/mohammedkalouti/Documents/Codex/2026-09-27/i/work/art/aircraft-final-production-v3/stage/assets/build/frames/unit.SA.fighter/shadow/takeoff_empty/d02_f03.png'
18:21.946  render           | Saved: '/Users/mohammedkalouti/Documents/Codex/2026-09-27/i/work/art/aircraft-final-production-v3/stage/assets/build/frames/unit.SA.fighter/beauty/takeoff_empty/d02_f04.png'
18:22.470  render           | Saved: '/Users/mohammedkalouti/Documents/Codex/2026-09-27/i/work/art/aircraft-final-production-v3/stage/assets/build/frames/unit.SA.fighter/team/takeoff_empty/d02_f04.png'
18:23.386  render           | Saved: '/Users/mohammedkalouti/Documents/Codex/2026-09-27/i/work/art/aircraft-final-production-v3/stage/assets/build/frames/unit.SA.fighter/shadow/takeoff_empty/d02_f04.png'
18:24.018  render           | Saved: '/Users/mohammedkalouti/Documents/Codex/2026-09-27/i/work/art/aircraft-final-production-v3/stage/assets/build/frames/unit.SA.fighter/beauty/takeoff_empty/d02_f05.png'
18:24.557  render           | Saved: '/Users/mohammedkalouti/Documents/Codex/2026-09-27/i/work/art/aircraft-final-production-v3/stage/assets/build/frames/unit.SA.fighter/team/takeoff_empty/d02_f05.png'
18:25.508  render           | Saved: '/Users/mohammedkalouti/Documents/Codex/2026-09-27/i/work/art/aircraft-final-production-v3/stage/assets/build/frames/unit.SA.fighter/shadow/takeoff_empty/d02_f05.png'
18:26.136  render           | Saved: '/Users/mohammedkalouti/Documents/Codex/2026-09-27/i/work/art/aircraft-final-production-v3/stage/assets/build/frames/unit.SA.fighter/beauty/takeoff_empty/d03_f00.png'
18:26.669  render           | Saved: '/Users/mohammedkalouti/Documents/Codex/2026-09-27/i/work/art/aircraft-final-production-v3/stage/assets/build/frames/unit.SA.fighter/team/takeoff_empty/d03_f00.png'
18:27.607  render           | Saved: '/Users/mohammedkalouti/Documents/Codex/2026-09-27/i/work/art/aircraft-final-production-v3/stage/assets/build/frames/unit.SA.fighter/shadow/takeoff_empty/d03_f00.png'
18:28.246  render           | Saved: '/Users/mohammedkalouti/Documents/Codex/2026-09-27/i/work/art/aircraft-final-production-v3/stage/assets/build/frames/unit.SA.fighter/beauty/takeoff_empty/d03_f01.png'
18:28.769  render           | Saved: '/Users/mohammedkalouti/Documents/Codex/2026-09-27/i/work/art/aircraft-final-production-v3/stage/assets/build/frames/unit.SA.fighter/team/takeoff_empty/d03_f01.png'
18:29.679  render           | Saved: '/Users/mohammedkalouti/Documents/Codex/2026-09-27/i/work/art/aircraft-final-production-v3/stage/assets/build/frames/unit.SA.fighter/shadow/takeoff_empty/d03_f01.png'
18:30.290  render           | Saved: '/Users/mohammedkalouti/Documents/Codex/2026-09-27/i/work/art/aircraft-final-production-v3/stage/assets/build/frames/unit.SA.fighter/beauty/takeoff_empty/d03_f02.png'
18:30.831  render           | Saved: '/Users/mohammedkalouti/Documents/Codex/2026-09-27/i/work/art/aircraft-final-production-v3/stage/assets/build/frames/unit.SA.fighter/team/takeoff_empty/d03_f02.png'
18:31.791  render           | Saved: '/Users/mohammedkalouti/Documents/Codex/2026-09-27/i/work/art/aircraft-final-production-v3/stage/assets/build/frames/unit.SA.fighter/shadow/takeoff_empty/d03_f02.png'
18:32.467  render           | Saved: '/Users/mohammedkalouti/Documents/Codex/2026-09-27/i/work/art/aircraft-final-production-v3/stage/assets/build/frames/unit.SA.fighter/beauty/takeoff_empty/d03_f03.png'
18:32.997  render           | Saved: '/Users/mohammedkalouti/Documents/Codex/2026-09-27/i/work/art/aircraft-final-production-v3/stage/assets/build/frames/unit.SA.fighter/team/takeoff_empty/d03_f03.png'
18:33.912  render           | Saved: '/Users/mohammedkalouti/Documents/Codex/2026-09-27/i/work/art/aircraft-final-production-v3/stage/assets/build/frames/unit.SA.fighter/shadow/takeoff_empty/d03_f03.png'
18:34.567  render           | Saved: '/Users/mohammedkalouti/Documents/Codex/2026-09-27/i/work/art/aircraft-final-production-v3/stage/assets/build/frames/unit.SA.fighter/beauty/takeoff_empty/d03_f04.png'
18:35.099  render           | Saved: '/Users/mohammedkalouti/Documents/Codex/2026-09-27/i/work/art/aircraft-final-production-v3/stage/assets/build/frames/unit.SA.fighter/team/takeoff_empty/d03_f04.png'
18:36.067  render           | Saved: '/Users/mohammedkalouti/Documents/Codex/2026-09-27/i/work/art/aircraft-final-production-v3/stage/assets/build/frames/unit.SA.fighter/shadow/takeoff_empty/d03_f04.png'
18:36.697  render           | Saved: '/Users/mohammedkalouti/Documents/Codex/2026-09-27/i/work/art/aircraft-final-production-v3/stage/assets/build/frames/unit.SA.fighter/beauty/takeoff_empty/d03_f05.png'
18:37.235  render           | Saved: '/Users/mohammedkalouti/Documents/Codex/2026-09-27/i/work/art/aircraft-final-production-v3/stage/assets/build/frames/unit.SA.fighter/team/takeoff_empty/d03_f05.png'
18:38.168  render           | Saved: '/Users/mohammedkalouti/Documents/Codex/2026-09-27/i/work/art/aircraft-final-production-v3/stage/assets/build/frames/unit.SA.fighter/shadow/takeoff_empty/d03_f05.png'
18:38.832  render           | Saved: '/Users/mohammedkalouti/Documents/Codex/2026-09-27/i/work/art/aircraft-final-production-v3/stage/assets/build/frames/unit.SA.fighter/beauty/takeoff_empty/d04_f00.png'
18:39.377  render           | Saved: '/Users/mohammedkalouti/Documents/Codex/2026-09-27/i/work/art/aircraft-final-production-v3/stage/assets/build/frames/unit.SA.fighter/team/takeoff_empty/d04_f00.png'
18:40.291  render           | Saved: '/Users/mohammedkalouti/Documents/Codex/2026-09-27/i/work/art/aircraft-final-production-v3/stage/assets/build/frames/unit.SA.fighter/shadow/takeoff_empty/d04_f00.png'
18:40.912  render           | Saved: '/Users/mohammedkalouti/Documents/Codex/2026-09-27/i/work/art/aircraft-final-production-v3/stage/assets/build/frames/unit.SA.fighter/beauty/takeoff_empty/d04_f01.png'
18:41.449  render           | Saved: '/Users/mohammedkalouti/Documents/Codex/2026-09-27/i/work/art/aircraft-final-production-v3/stage/assets/build/frames/unit.SA.fighter/team/takeoff_empty/d04_f01.png'
18:42.337  render           | Saved: '/Users/mohammedkalouti/Documents/Codex/2026-09-27/i/work/art/aircraft-final-production-v3/stage/assets/build/frames/unit.SA.fighter/shadow/takeoff_empty/d04_f01.png'
18:42.952  render           | Saved: '/Users/mohammedkalouti/Documents/Codex/2026-09-27/i/work/art/aircraft-final-production-v3/stage/assets/build/frames/unit.SA.fighter/beauty/takeoff_empty/d04_f02.png'
18:43.492  render           | Saved: '/Users/mohammedkalouti/Documents/Codex/2026-09-27/i/work/art/aircraft-final-production-v3/stage/assets/build/frames/unit.SA.fighter/team/takeoff_empty/d04_f02.png'
18:44.411  render           | Saved: '/Users/mohammedkalouti/Documents/Codex/2026-09-27/i/work/art/aircraft-final-production-v3/stage/assets/build/frames/unit.SA.fighter/shadow/takeoff_empty/d04_f02.png'
18:45.045  render           | Saved: '/Users/mohammedkalouti/Documents/Codex/2026-09-27/i/work/art/aircraft-final-production-v3/stage/assets/build/frames/unit.SA.fighter/beauty/takeoff_empty/d04_f03.png'
18:45.585  render           | Saved: '/Users/mohammedkalouti/Documents/Codex/2026-09-27/i/work/art/aircraft-final-production-v3/stage/assets/build/frames/unit.SA.fighter/team/takeoff_empty/d04_f03.png'
18:46.524  render           | Saved: '/Users/mohammedkalouti/Documents/Codex/2026-09-27/i/work/art/aircraft-final-production-v3/stage/assets/build/frames/unit.SA.fighter/shadow/takeoff_empty/d04_f03.png'
18:47.142  render           | Saved: '/Users/mohammedkalouti/Documents/Codex/2026-09-27/i/work/art/aircraft-final-production-v3/stage/assets/build/frames/unit.SA.fighter/beauty/takeoff_empty/d04_f04.png'
18:47.683  render           | Saved: '/Users/mohammedkalouti/Documents/Codex/2026-09-27/i/work/art/aircraft-final-production-v3/stage/assets/build/frames/unit.SA.fighter/team/takeoff_empty/d04_f04.png'
18:48.636  render           | Saved: '/Users/mohammedkalouti/Documents/Codex/2026-09-27/i/work/art/aircraft-final-production-v3/stage/assets/build/frames/unit.SA.fighter/shadow/takeoff_empty/d04_f04.png'
18:49.280  render           | Saved: '/Users/mohammedkalouti/Documents/Codex/2026-09-27/i/work/art/aircraft-final-production-v3/stage/assets/build/frames/unit.SA.fighter/beauty/takeoff_empty/d04_f05.png'
18:49.844  render           | Saved: '/Users/mohammedkalouti/Documents/Codex/2026-09-27/i/work/art/aircraft-final-production-v3/stage/assets/build/frames/unit.SA.fighter/team/takeoff_empty/d04_f05.png'
18:50.796  render           | Saved: '/Users/mohammedkalouti/Documents/Codex/2026-09-27/i/work/art/aircraft-final-production-v3/stage/assets/build/frames/unit.SA.fighter/shadow/takeoff_empty/d04_f05.png'
18:51.461  render           | Saved: '/Users/mohammedkalouti/Documents/Codex/2026-09-27/i/work/art/aircraft-final-production-v3/stage/assets/build/frames/unit.SA.fighter/beauty/takeoff_empty/d05_f00.png'
18:52.037  render           | Saved: '/Users/mohammedkalouti/Documents/Codex/2026-09-27/i/work/art/aircraft-final-production-v3/stage/assets/build/frames/unit.SA.fighter/team/takeoff_empty/d05_f00.png'
18:53.029  render           | Saved: '/Users/mohammedkalouti/Documents/Codex/2026-09-27/i/work/art/aircraft-final-production-v3/stage/assets/build/frames/unit.SA.fighter/shadow/takeoff_empty/d05_f00.png'
18:53.673  render           | Saved: '/Users/mohammedkalouti/Documents/Codex/2026-09-27/i/work/art/aircraft-final-production-v3/stage/assets/build/frames/unit.SA.fighter/beauty/takeoff_empty/d05_f01.png'
18:54.230  render           | Saved: '/Users/mohammedkalouti/Documents/Codex/2026-09-27/i/work/art/aircraft-final-production-v3/stage/assets/build/frames/unit.SA.fighter/team/takeoff_empty/d05_f01.png'
18:55.236  render           | Saved: '/Users/mohammedkalouti/Documents/Codex/2026-09-27/i/work/art/aircraft-final-production-v3/stage/assets/build/frames/unit.SA.fighter/shadow/takeoff_empty/d05_f01.png'
18:55.867  render           | Saved: '/Users/mohammedkalouti/Documents/Codex/2026-09-27/i/work/art/aircraft-final-production-v3/stage/assets/build/frames/unit.SA.fighter/beauty/takeoff_empty/d05_f02.png'
18:56.416  render           | Saved: '/Users/mohammedkalouti/Documents/Codex/2026-09-27/i/work/art/aircraft-final-production-v3/stage/assets/build/frames/unit.SA.fighter/team/takeoff_empty/d05_f02.png'
18:57.375  render           | Saved: '/Users/mohammedkalouti/Documents/Codex/2026-09-27/i/work/art/aircraft-final-production-v3/stage/assets/build/frames/unit.SA.fighter/shadow/takeoff_empty/d05_f02.png'
18:58.025  render           | Saved: '/Users/mohammedkalouti/Documents/Codex/2026-09-27/i/work/art/aircraft-final-production-v3/stage/assets/build/frames/unit.SA.fighter/beauty/takeoff_empty/d05_f03.png'
18:58.576  render           | Saved: '/Users/mohammedkalouti/Documents/Codex/2026-09-27/i/work/art/aircraft-final-production-v3/stage/assets/build/frames/unit.SA.fighter/team/takeoff_empty/d05_f03.png'
18:59.503  render           | Saved: '/Users/mohammedkalouti/Documents/Codex/2026-09-27/i/work/art/aircraft-final-production-v3/stage/assets/build/frames/unit.SA.fighter/shadow/takeoff_empty/d05_f03.png'
19:00.148  render           | Saved: '/Users/mohammedkalouti/Documents/Codex/2026-09-27/i/work/art/aircraft-final-production-v3/stage/assets/build/frames/unit.SA.fighter/beauty/takeoff_empty/d05_f04.png'
19:00.683  render           | Saved: '/Users/mohammedkalouti/Documents/Codex/2026-09-27/i/work/art/aircraft-final-production-v3/stage/assets/build/frames/unit.SA.fighter/team/takeoff_empty/d05_f04.png'
19:01.576  render           | Saved: '/Users/mohammedkalouti/Documents/Codex/2026-09-27/i/work/art/aircraft-final-production-v3/stage/assets/build/frames/unit.SA.fighter/shadow/takeoff_empty/d05_f04.png'
19:02.210  render           | Saved: '/Users/mohammedkalouti/Documents/Codex/2026-09-27/i/work/art/aircraft-final-production-v3/stage/assets/build/frames/unit.SA.fighter/beauty/takeoff_empty/d05_f05.png'
19:02.735  render           | Saved: '/Users/mohammedkalouti/Documents/Codex/2026-09-27/i/work/art/aircraft-final-production-v3/stage/assets/build/frames/unit.SA.fighter/team/takeoff_empty/d05_f05.png'
19:03.731  render           | Saved: '/Users/mohammedkalouti/Documents/Codex/2026-09-27/i/work/art/aircraft-final-production-v3/stage/assets/build/frames/unit.SA.fighter/shadow/takeoff_empty/d05_f05.png'
19:04.389  render           | Saved: '/Users/mohammedkalouti/Documents/Codex/2026-09-27/i/work/art/aircraft-final-production-v3/stage/assets/build/frames/unit.SA.fighter/beauty/takeoff_empty/d06_f00.png'
19:04.940  render           | Saved: '/Users/mohammedkalouti/Documents/Codex/2026-09-27/i/work/art/aircraft-final-production-v3/stage/assets/build/frames/unit.SA.fighter/team/takeoff_empty/d06_f00.png'
19:05.901  render           | Saved: '/Users/mohammedkalouti/Documents/Codex/2026-09-27/i/work/art/aircraft-final-production-v3/stage/assets/build/frames/unit.SA.fighter/shadow/takeoff_empty/d06_f00.png'
19:06.572  render           | Saved: '/Users/mohammedkalouti/Documents/Codex/2026-09-27/i/work/art/aircraft-final-production-v3/stage/assets/build/frames/unit.SA.fighter/beauty/takeoff_empty/d06_f01.png'
19:07.122  render           | Saved: '/Users/mohammedkalouti/Documents/Codex/2026-09-27/i/work/art/aircraft-final-production-v3/stage/assets/build/frames/unit.SA.fighter/team/takeoff_empty/d06_f01.png'
19:08.044  render           | Saved: '/Users/mohammedkalouti/Documents/Codex/2026-09-27/i/work/art/aircraft-final-production-v3/stage/assets/build/frames/unit.SA.fighter/shadow/takeoff_empty/d06_f01.png'
19:08.717  render           | Saved: '/Users/mohammedkalouti/Documents/Codex/2026-09-27/i/work/art/aircraft-final-production-v3/stage/assets/build/frames/unit.SA.fighter/beauty/takeoff_empty/d06_f02.png'
19:09.249  render           | Saved: '/Users/mohammedkalouti/Documents/Codex/2026-09-27/i/work/art/aircraft-final-production-v3/stage/assets/build/frames/unit.SA.fighter/team/takeoff_empty/d06_f02.png'
19:10.157  render           | Saved: '/Users/mohammedkalouti/Documents/Codex/2026-09-27/i/work/art/aircraft-final-production-v3/stage/assets/build/frames/unit.SA.fighter/shadow/takeoff_empty/d06_f02.png'
19:10.822  render           | Saved: '/Users/mohammedkalouti/Documents/Codex/2026-09-27/i/work/art/aircraft-final-production-v3/stage/assets/build/frames/unit.SA.fighter/beauty/takeoff_empty/d06_f03.png'
19:11.348  render           | Saved: '/Users/mohammedkalouti/Documents/Codex/2026-09-27/i/work/art/aircraft-final-production-v3/stage/assets/build/frames/unit.SA.fighter/team/takeoff_empty/d06_f03.png'
19:12.240  render           | Saved: '/Users/mohammedkalouti/Documents/Codex/2026-09-27/i/work/art/aircraft-final-production-v3/stage/assets/build/frames/unit.SA.fighter/shadow/takeoff_empty/d06_f03.png'
19:12.850  render           | Saved: '/Users/mohammedkalouti/Documents/Codex/2026-09-27/i/work/art/aircraft-final-production-v3/stage/assets/build/frames/unit.SA.fighter/beauty/takeoff_empty/d06_f04.png'
19:13.394  render           | Saved: '/Users/mohammedkalouti/Documents/Codex/2026-09-27/i/work/art/aircraft-final-production-v3/stage/assets/build/frames/unit.SA.fighter/team/takeoff_empty/d06_f04.png'
19:14.329  render           | Saved: '/Users/mohammedkalouti/Documents/Codex/2026-09-27/i/work/art/aircraft-final-production-v3/stage/assets/build/frames/unit.SA.fighter/shadow/takeoff_empty/d06_f04.png'
19:14.996  render           | Saved: '/Users/mohammedkalouti/Documents/Codex/2026-09-27/i/work/art/aircraft-final-production-v3/stage/assets/build/frames/unit.SA.fighter/beauty/takeoff_empty/d06_f05.png'
19:15.546  render           | Saved: '/Users/mohammedkalouti/Documents/Codex/2026-09-27/i/work/art/aircraft-final-production-v3/stage/assets/build/frames/unit.SA.fighter/team/takeoff_empty/d06_f05.png'
19:16.475  render           | Saved: '/Users/mohammedkalouti/Documents/Codex/2026-09-27/i/work/art/aircraft-final-production-v3/stage/assets/build/frames/unit.SA.fighter/shadow/takeoff_empty/d06_f05.png'
19:17.116  render           | Saved: '/Users/mohammedkalouti/Documents/Codex/2026-09-27/i/work/art/aircraft-final-production-v3/stage/assets/build/frames/unit.SA.fighter/beauty/takeoff_empty/d07_f00.png'
19:17.658  render           | Saved: '/Users/mohammedkalouti/Documents/Codex/2026-09-27/i/work/art/aircraft-final-production-v3/stage/assets/build/frames/unit.SA.fighter/team/takeoff_empty/d07_f00.png'
19:18.564  render           | Saved: '/Users/mohammedkalouti/Documents/Codex/2026-09-27/i/work/art/aircraft-final-production-v3/stage/assets/build/frames/unit.SA.fighter/shadow/takeoff_empty/d07_f00.png'
19:19.210  render           | Saved: '/Users/mohammedkalouti/Documents/Codex/2026-09-27/i/work/art/aircraft-final-production-v3/stage/assets/build/frames/unit.SA.fighter/beauty/takeoff_empty/d07_f01.png'
19:19.747  render           | Saved: '/Users/mohammedkalouti/Documents/Codex/2026-09-27/i/work/art/aircraft-final-production-v3/stage/assets/build/frames/unit.SA.fighter/team/takeoff_empty/d07_f01.png'
19:20.686  render           | Saved: '/Users/mohammedkalouti/Documents/Codex/2026-09-27/i/work/art/aircraft-final-production-v3/stage/assets/build/frames/unit.SA.fighter/shadow/takeoff_empty/d07_f01.png'
19:21.328  render           | Saved: '/Users/mohammedkalouti/Documents/Codex/2026-09-27/i/work/art/aircraft-final-production-v3/stage/assets/build/frames/unit.SA.fighter/beauty/takeoff_empty/d07_f02.png'
19:21.867  render           | Saved: '/Users/mohammedkalouti/Documents/Codex/2026-09-27/i/work/art/aircraft-final-production-v3/stage/assets/build/frames/unit.SA.fighter/team/takeoff_empty/d07_f02.png'
19:22.818  render           | Saved: '/Users/mohammedkalouti/Documents/Codex/2026-09-27/i/work/art/aircraft-final-production-v3/stage/assets/build/frames/unit.SA.fighter/shadow/takeoff_empty/d07_f02.png'
19:23.463  render           | Saved: '/Users/mohammedkalouti/Documents/Codex/2026-09-27/i/work/art/aircraft-final-production-v3/stage/assets/build/frames/unit.SA.fighter/beauty/takeoff_empty/d07_f03.png'
19:23.987  render           | Saved: '/Users/mohammedkalouti/Documents/Codex/2026-09-27/i/work/art/aircraft-final-production-v3/stage/assets/build/frames/unit.SA.fighter/team/takeoff_empty/d07_f03.png'
19:24.986  render           | Saved: '/Users/mohammedkalouti/Documents/Codex/2026-09-27/i/work/art/aircraft-final-production-v3/stage/assets/build/frames/unit.SA.fighter/shadow/takeoff_empty/d07_f03.png'
19:25.609  render           | Saved: '/Users/mohammedkalouti/Documents/Codex/2026-09-27/i/work/art/aircraft-final-production-v3/stage/assets/build/frames/unit.SA.fighter/beauty/takeoff_empty/d07_f04.png'
19:26.183  render           | Saved: '/Users/mohammedkalouti/Documents/Codex/2026-09-27/i/work/art/aircraft-final-production-v3/stage/assets/build/frames/unit.SA.fighter/team/takeoff_empty/d07_f04.png'
19:27.132  render           | Saved: '/Users/mohammedkalouti/Documents/Codex/2026-09-27/i/work/art/aircraft-final-production-v3/stage/assets/build/frames/unit.SA.fighter/shadow/takeoff_empty/d07_f04.png'
19:27.802  render           | Saved: '/Users/mohammedkalouti/Documents/Codex/2026-09-27/i/work/art/aircraft-final-production-v3/stage/assets/build/frames/unit.SA.fighter/beauty/takeoff_empty/d07_f05.png'
19:28.384  render           | Saved: '/Users/mohammedkalouti/Documents/Codex/2026-09-27/i/work/art/aircraft-final-production-v3/stage/assets/build/frames/unit.SA.fighter/team/takeoff_empty/d07_f05.png'
19:29.381  render           | Saved: '/Users/mohammedkalouti/Documents/Codex/2026-09-27/i/work/art/aircraft-final-production-v3/stage/assets/build/frames/unit.SA.fighter/shadow/takeoff_empty/d07_f05.png'
19:30.003  render           | Saved: '/Users/mohammedkalouti/Documents/Codex/2026-09-27/i/work/art/aircraft-final-production-v3/stage/assets/build/frames/unit.SA.fighter/beauty/takeoff_empty/d08_f00.png'
19:30.562  render           | Saved: '/Users/mohammedkalouti/Documents/Codex/2026-09-27/i/work/art/aircraft-final-production-v3/stage/assets/build/frames/unit.SA.fighter/team/takeoff_empty/d08_f00.png'
19:31.529  render           | Saved: '/Users/mohammedkalouti/Documents/Codex/2026-09-27/i/work/art/aircraft-final-production-v3/stage/assets/build/frames/unit.SA.fighter/shadow/takeoff_empty/d08_f00.png'
19:32.168  render           | Saved: '/Users/mohammedkalouti/Documents/Codex/2026-09-27/i/work/art/aircraft-final-production-v3/stage/assets/build/frames/unit.SA.fighter/beauty/takeoff_empty/d08_f01.png'
19:32.697  render           | Saved: '/Users/mohammedkalouti/Documents/Codex/2026-09-27/i/work/art/aircraft-final-production-v3/stage/assets/build/frames/unit.SA.fighter/team/takeoff_empty/d08_f01.png'
19:33.688  render           | Saved: '/Users/mohammedkalouti/Documents/Codex/2026-09-27/i/work/art/aircraft-final-production-v3/stage/assets/build/frames/unit.SA.fighter/shadow/takeoff_empty/d08_f01.png'
19:34.317  render           | Saved: '/Users/mohammedkalouti/Documents/Codex/2026-09-27/i/work/art/aircraft-final-production-v3/stage/assets/build/frames/unit.SA.fighter/beauty/takeoff_empty/d08_f02.png'
19:34.854  render           | Saved: '/Users/mohammedkalouti/Documents/Codex/2026-09-27/i/work/art/aircraft-final-production-v3/stage/assets/build/frames/unit.SA.fighter/team/takeoff_empty/d08_f02.png'
19:35.758  render           | Saved: '/Users/mohammedkalouti/Documents/Codex/2026-09-27/i/work/art/aircraft-final-production-v3/stage/assets/build/frames/unit.SA.fighter/shadow/takeoff_empty/d08_f02.png'
19:36.438  render           | Saved: '/Users/mohammedkalouti/Documents/Codex/2026-09-27/i/work/art/aircraft-final-production-v3/stage/assets/build/frames/unit.SA.fighter/beauty/takeoff_empty/d08_f03.png'
19:37.027  render           | Saved: '/Users/mohammedkalouti/Documents/Codex/2026-09-27/i/work/art/aircraft-final-production-v3/stage/assets/build/frames/unit.SA.fighter/team/takeoff_empty/d08_f03.png'
19:38.018  render           | Saved: '/Users/mohammedkalouti/Documents/Codex/2026-09-27/i/work/art/aircraft-final-production-v3/stage/assets/build/frames/unit.SA.fighter/shadow/takeoff_empty/d08_f03.png'
19:38.712  render           | Saved: '/Users/mohammedkalouti/Documents/Codex/2026-09-27/i/work/art/aircraft-final-production-v3/stage/assets/build/frames/unit.SA.fighter/beauty/takeoff_empty/d08_f04.png'
19:39.304  render           | Saved: '/Users/mohammedkalouti/Documents/Codex/2026-09-27/i/work/art/aircraft-final-production-v3/stage/assets/build/frames/unit.SA.fighter/team/takeoff_empty/d08_f04.png'
19:40.262  render           | Saved: '/Users/mohammedkalouti/Documents/Codex/2026-09-27/i/work/art/aircraft-final-production-v3/stage/assets/build/frames/unit.SA.fighter/shadow/takeoff_empty/d08_f04.png'
19:40.898  render           | Saved: '/Users/mohammedkalouti/Documents/Codex/2026-09-27/i/work/art/aircraft-final-production-v3/stage/assets/build/frames/unit.SA.fighter/beauty/takeoff_empty/d08_f05.png'
19:41.467  render           | Saved: '/Users/mohammedkalouti/Documents/Codex/2026-09-27/i/work/art/aircraft-final-production-v3/stage/assets/build/frames/unit.SA.fighter/team/takeoff_empty/d08_f05.png'
19:42.425  render           | Saved: '/Users/mohammedkalouti/Documents/Codex/2026-09-27/i/work/art/aircraft-final-production-v3/stage/assets/build/frames/unit.SA.fighter/shadow/takeoff_empty/d08_f05.png'
19:43.067  render           | Saved: '/Users/mohammedkalouti/Documents/Codex/2026-09-27/i/work/art/aircraft-final-production-v3/stage/assets/build/frames/unit.SA.fighter/beauty/takeoff_empty/d09_f00.png'
19:43.622  render           | Saved: '/Users/mohammedkalouti/Documents/Codex/2026-09-27/i/work/art/aircraft-final-production-v3/stage/assets/build/frames/unit.SA.fighter/team/takeoff_empty/d09_f00.png'
19:44.568  render           | Saved: '/Users/mohammedkalouti/Documents/Codex/2026-09-27/i/work/art/aircraft-final-production-v3/stage/assets/build/frames/unit.SA.fighter/shadow/takeoff_empty/d09_f00.png'
19:45.217  render           | Saved: '/Users/mohammedkalouti/Documents/Codex/2026-09-27/i/work/art/aircraft-final-production-v3/stage/assets/build/frames/unit.SA.fighter/beauty/takeoff_empty/d09_f01.png'
19:45.770  render           | Saved: '/Users/mohammedkalouti/Documents/Codex/2026-09-27/i/work/art/aircraft-final-production-v3/stage/assets/build/frames/unit.SA.fighter/team/takeoff_empty/d09_f01.png'
19:46.692  render           | Saved: '/Users/mohammedkalouti/Documents/Codex/2026-09-27/i/work/art/aircraft-final-production-v3/stage/assets/build/frames/unit.SA.fighter/shadow/takeoff_empty/d09_f01.png'
19:47.348  render           | Saved: '/Users/mohammedkalouti/Documents/Codex/2026-09-27/i/work/art/aircraft-final-production-v3/stage/assets/build/frames/unit.SA.fighter/beauty/takeoff_empty/d09_f02.png'
19:47.884  render           | Saved: '/Users/mohammedkalouti/Documents/Codex/2026-09-27/i/work/art/aircraft-final-production-v3/stage/assets/build/frames/unit.SA.fighter/team/takeoff_empty/d09_f02.png'
19:48.901  render           | Saved: '/Users/mohammedkalouti/Documents/Codex/2026-09-27/i/work/art/aircraft-final-production-v3/stage/assets/build/frames/unit.SA.fighter/shadow/takeoff_empty/d09_f02.png'
19:49.525  render           | Saved: '/Users/mohammedkalouti/Documents/Codex/2026-09-27/i/work/art/aircraft-final-production-v3/stage/assets/build/frames/unit.SA.fighter/beauty/takeoff_empty/d09_f03.png'
19:50.066  render           | Saved: '/Users/mohammedkalouti/Documents/Codex/2026-09-27/i/work/art/aircraft-final-production-v3/stage/assets/build/frames/unit.SA.fighter/team/takeoff_empty/d09_f03.png'
19:50.990  render           | Saved: '/Users/mohammedkalouti/Documents/Codex/2026-09-27/i/work/art/aircraft-final-production-v3/stage/assets/build/frames/unit.SA.fighter/shadow/takeoff_empty/d09_f03.png'
19:51.660  render           | Saved: '/Users/mohammedkalouti/Documents/Codex/2026-09-27/i/work/art/aircraft-final-production-v3/stage/assets/build/frames/unit.SA.fighter/beauty/takeoff_empty/d09_f04.png'
19:52.202  render           | Saved: '/Users/mohammedkalouti/Documents/Codex/2026-09-27/i/work/art/aircraft-final-production-v3/stage/assets/build/frames/unit.SA.fighter/team/takeoff_empty/d09_f04.png'
19:53.196  render           | Saved: '/Users/mohammedkalouti/Documents/Codex/2026-09-27/i/work/art/aircraft-final-production-v3/stage/assets/build/frames/unit.SA.fighter/shadow/takeoff_empty/d09_f04.png'
19:53.828  render           | Saved: '/Users/mohammedkalouti/Documents/Codex/2026-09-27/i/work/art/aircraft-final-production-v3/stage/assets/build/frames/unit.SA.fighter/beauty/takeoff_empty/d09_f05.png'
19:54.386  render           | Saved: '/Users/mohammedkalouti/Documents/Codex/2026-09-27/i/work/art/aircraft-final-production-v3/stage/assets/build/frames/unit.SA.fighter/team/takeoff_empty/d09_f05.png'
19:55.289  render           | Saved: '/Users/mohammedkalouti/Documents/Codex/2026-09-27/i/work/art/aircraft-final-production-v3/stage/assets/build/frames/unit.SA.fighter/shadow/takeoff_empty/d09_f05.png'
19:55.945  render           | Saved: '/Users/mohammedkalouti/Documents/Codex/2026-09-27/i/work/art/aircraft-final-production-v3/stage/assets/build/frames/unit.SA.fighter/beauty/takeoff_empty/d10_f00.png'
19:56.465  render           | Saved: '/Users/mohammedkalouti/Documents/Codex/2026-09-27/i/work/art/aircraft-final-production-v3/stage/assets/build/frames/unit.SA.fighter/team/takeoff_empty/d10_f00.png'
19:57.371  render           | Saved: '/Users/mohammedkalouti/Documents/Codex/2026-09-27/i/work/art/aircraft-final-production-v3/stage/assets/build/frames/unit.SA.fighter/shadow/takeoff_empty/d10_f00.png'
19:58.018  render           | Saved: '/Users/mohammedkalouti/Documents/Codex/2026-09-27/i/work/art/aircraft-final-production-v3/stage/assets/build/frames/unit.SA.fighter/beauty/takeoff_empty/d10_f01.png'
19:58.559  render           | Saved: '/Users/mohammedkalouti/Documents/Codex/2026-09-27/i/work/art/aircraft-final-production-v3/stage/assets/build/frames/unit.SA.fighter/team/takeoff_empty/d10_f01.png'
19:59.476  render           | Saved: '/Users/mohammedkalouti/Documents/Codex/2026-09-27/i/work/art/aircraft-final-production-v3/stage/assets/build/frames/unit.SA.fighter/shadow/takeoff_empty/d10_f01.png'
20:00.126  render           | Saved: '/Users/mohammedkalouti/Documents/Codex/2026-09-27/i/work/art/aircraft-final-production-v3/stage/assets/build/frames/unit.SA.fighter/beauty/takeoff_empty/d10_f02.png'
20:00.673  render           | Saved: '/Users/mohammedkalouti/Documents/Codex/2026-09-27/i/work/art/aircraft-final-production-v3/stage/assets/build/frames/unit.SA.fighter/team/takeoff_empty/d10_f02.png'
20:01.602  render           | Saved: '/Users/mohammedkalouti/Documents/Codex/2026-09-27/i/work/art/aircraft-final-production-v3/stage/assets/build/frames/unit.SA.fighter/shadow/takeoff_empty/d10_f02.png'
20:02.244  render           | Saved: '/Users/mohammedkalouti/Documents/Codex/2026-09-27/i/work/art/aircraft-final-production-v3/stage/assets/build/frames/unit.SA.fighter/beauty/takeoff_empty/d10_f03.png'
20:02.767  render           | Saved: '/Users/mohammedkalouti/Documents/Codex/2026-09-27/i/work/art/aircraft-final-production-v3/stage/assets/build/frames/unit.SA.fighter/team/takeoff_empty/d10_f03.png'
20:03.700  render           | Saved: '/Users/mohammedkalouti/Documents/Codex/2026-09-27/i/work/art/aircraft-final-production-v3/stage/assets/build/frames/unit.SA.fighter/shadow/takeoff_empty/d10_f03.png'
20:04.329  render           | Saved: '/Users/mohammedkalouti/Documents/Codex/2026-09-27/i/work/art/aircraft-final-production-v3/stage/assets/build/frames/unit.SA.fighter/beauty/takeoff_empty/d10_f04.png'
20:04.870  render           | Saved: '/Users/mohammedkalouti/Documents/Codex/2026-09-27/i/work/art/aircraft-final-production-v3/stage/assets/build/frames/unit.SA.fighter/team/takeoff_empty/d10_f04.png'
20:05.801  render           | Saved: '/Users/mohammedkalouti/Documents/Codex/2026-09-27/i/work/art/aircraft-final-production-v3/stage/assets/build/frames/unit.SA.fighter/shadow/takeoff_empty/d10_f04.png'
20:06.439  render           | Saved: '/Users/mohammedkalouti/Documents/Codex/2026-09-27/i/work/art/aircraft-final-production-v3/stage/assets/build/frames/unit.SA.fighter/beauty/takeoff_empty/d10_f05.png'
20:06.980  render           | Saved: '/Users/mohammedkalouti/Documents/Codex/2026-09-27/i/work/art/aircraft-final-production-v3/stage/assets/build/frames/unit.SA.fighter/team/takeoff_empty/d10_f05.png'
20:07.943  render           | Saved: '/Users/mohammedkalouti/Documents/Codex/2026-09-27/i/work/art/aircraft-final-production-v3/stage/assets/build/frames/unit.SA.fighter/shadow/takeoff_empty/d10_f05.png'
20:08.580  render           | Saved: '/Users/mohammedkalouti/Documents/Codex/2026-09-27/i/work/art/aircraft-final-production-v3/stage/assets/build/frames/unit.SA.fighter/beauty/takeoff_empty/d11_f00.png'
20:09.115  render           | Saved: '/Users/mohammedkalouti/Documents/Codex/2026-09-27/i/work/art/aircraft-final-production-v3/stage/assets/build/frames/unit.SA.fighter/team/takeoff_empty/d11_f00.png'
20:10.136  render           | Saved: '/Users/mohammedkalouti/Documents/Codex/2026-09-27/i/work/art/aircraft-final-production-v3/stage/assets/build/frames/unit.SA.fighter/shadow/takeoff_empty/d11_f00.png'
20:10.799  render           | Saved: '/Users/mohammedkalouti/Documents/Codex/2026-09-27/i/work/art/aircraft-final-production-v3/stage/assets/build/frames/unit.SA.fighter/beauty/takeoff_empty/d11_f01.png'
20:11.370  render           | Saved: '/Users/mohammedkalouti/Documents/Codex/2026-09-27/i/work/art/aircraft-final-production-v3/stage/assets/build/frames/unit.SA.fighter/team/takeoff_empty/d11_f01.png'
20:12.294  render           | Saved: '/Users/mohammedkalouti/Documents/Codex/2026-09-27/i/work/art/aircraft-final-production-v3/stage/assets/build/frames/unit.SA.fighter/shadow/takeoff_empty/d11_f01.png'
20:12.927  render           | Saved: '/Users/mohammedkalouti/Documents/Codex/2026-09-27/i/work/art/aircraft-final-production-v3/stage/assets/build/frames/unit.SA.fighter/beauty/takeoff_empty/d11_f02.png'
20:13.457  render           | Saved: '/Users/mohammedkalouti/Documents/Codex/2026-09-27/i/work/art/aircraft-final-production-v3/stage/assets/build/frames/unit.SA.fighter/team/takeoff_empty/d11_f02.png'
20:14.378  render           | Saved: '/Users/mohammedkalouti/Documents/Codex/2026-09-27/i/work/art/aircraft-final-production-v3/stage/assets/build/frames/unit.SA.fighter/shadow/takeoff_empty/d11_f02.png'
20:15.050  render           | Saved: '/Users/mohammedkalouti/Documents/Codex/2026-09-27/i/work/art/aircraft-final-production-v3/stage/assets/build/frames/unit.SA.fighter/beauty/takeoff_empty/d11_f03.png'
20:15.579  render           | Saved: '/Users/mohammedkalouti/Documents/Codex/2026-09-27/i/work/art/aircraft-final-production-v3/stage/assets/build/frames/unit.SA.fighter/team/takeoff_empty/d11_f03.png'
20:16.528  render           | Saved: '/Users/mohammedkalouti/Documents/Codex/2026-09-27/i/work/art/aircraft-final-production-v3/stage/assets/build/frames/unit.SA.fighter/shadow/takeoff_empty/d11_f03.png'
20:17.177  render           | Saved: '/Users/mohammedkalouti/Documents/Codex/2026-09-27/i/work/art/aircraft-final-production-v3/stage/assets/build/frames/unit.SA.fighter/beauty/takeoff_empty/d11_f04.png'
20:17.727  render           | Saved: '/Users/mohammedkalouti/Documents/Codex/2026-09-27/i/work/art/aircraft-final-production-v3/stage/assets/build/frames/unit.SA.fighter/team/takeoff_empty/d11_f04.png'
20:18.700  render           | Saved: '/Users/mohammedkalouti/Documents/Codex/2026-09-27/i/work/art/aircraft-final-production-v3/stage/assets/build/frames/unit.SA.fighter/shadow/takeoff_empty/d11_f04.png'
20:19.407  render           | Saved: '/Users/mohammedkalouti/Documents/Codex/2026-09-27/i/work/art/aircraft-final-production-v3/stage/assets/build/frames/unit.SA.fighter/beauty/takeoff_empty/d11_f05.png'
20:19.964  render           | Saved: '/Users/mohammedkalouti/Documents/Codex/2026-09-27/i/work/art/aircraft-final-production-v3/stage/assets/build/frames/unit.SA.fighter/team/takeoff_empty/d11_f05.png'
20:20.897  render           | Saved: '/Users/mohammedkalouti/Documents/Codex/2026-09-27/i/work/art/aircraft-final-production-v3/stage/assets/build/frames/unit.SA.fighter/shadow/takeoff_empty/d11_f05.png'
20:21.546  render           | Saved: '/Users/mohammedkalouti/Documents/Codex/2026-09-27/i/work/art/aircraft-final-production-v3/stage/assets/build/frames/unit.SA.fighter/beauty/takeoff_empty/d12_f00.png'
20:22.071  render           | Saved: '/Users/mohammedkalouti/Documents/Codex/2026-09-27/i/work/art/aircraft-final-production-v3/stage/assets/build/frames/unit.SA.fighter/team/takeoff_empty/d12_f00.png'
20:22.957  render           | Saved: '/Users/mohammedkalouti/Documents/Codex/2026-09-27/i/work/art/aircraft-final-production-v3/stage/assets/build/frames/unit.SA.fighter/shadow/takeoff_empty/d12_f00.png'
20:23.602  render           | Saved: '/Users/mohammedkalouti/Documents/Codex/2026-09-27/i/work/art/aircraft-final-production-v3/stage/assets/build/frames/unit.SA.fighter/beauty/takeoff_empty/d12_f01.png'
20:24.147  render           | Saved: '/Users/mohammedkalouti/Documents/Codex/2026-09-27/i/work/art/aircraft-final-production-v3/stage/assets/build/frames/unit.SA.fighter/team/takeoff_empty/d12_f01.png'
20:25.036  render           | Saved: '/Users/mohammedkalouti/Documents/Codex/2026-09-27/i/work/art/aircraft-final-production-v3/stage/assets/build/frames/unit.SA.fighter/shadow/takeoff_empty/d12_f01.png'
20:25.673  render           | Saved: '/Users/mohammedkalouti/Documents/Codex/2026-09-27/i/work/art/aircraft-final-production-v3/stage/assets/build/frames/unit.SA.fighter/beauty/takeoff_empty/d12_f02.png'
20:26.206  render           | Saved: '/Users/mohammedkalouti/Documents/Codex/2026-09-27/i/work/art/aircraft-final-production-v3/stage/assets/build/frames/unit.SA.fighter/team/takeoff_empty/d12_f02.png'
20:27.120  render           | Saved: '/Users/mohammedkalouti/Documents/Codex/2026-09-27/i/work/art/aircraft-final-production-v3/stage/assets/build/frames/unit.SA.fighter/shadow/takeoff_empty/d12_f02.png'
20:27.753  render           | Saved: '/Users/mohammedkalouti/Documents/Codex/2026-09-27/i/work/art/aircraft-final-production-v3/stage/assets/build/frames/unit.SA.fighter/beauty/takeoff_empty/d12_f03.png'
20:28.299  render           | Saved: '/Users/mohammedkalouti/Documents/Codex/2026-09-27/i/work/art/aircraft-final-production-v3/stage/assets/build/frames/unit.SA.fighter/team/takeoff_empty/d12_f03.png'
20:29.227  render           | Saved: '/Users/mohammedkalouti/Documents/Codex/2026-09-27/i/work/art/aircraft-final-production-v3/stage/assets/build/frames/unit.SA.fighter/shadow/takeoff_empty/d12_f03.png'
20:29.866  render           | Saved: '/Users/mohammedkalouti/Documents/Codex/2026-09-27/i/work/art/aircraft-final-production-v3/stage/assets/build/frames/unit.SA.fighter/beauty/takeoff_empty/d12_f04.png'
20:30.412  render           | Saved: '/Users/mohammedkalouti/Documents/Codex/2026-09-27/i/work/art/aircraft-final-production-v3/stage/assets/build/frames/unit.SA.fighter/team/takeoff_empty/d12_f04.png'
20:31.364  render           | Saved: '/Users/mohammedkalouti/Documents/Codex/2026-09-27/i/work/art/aircraft-final-production-v3/stage/assets/build/frames/unit.SA.fighter/shadow/takeoff_empty/d12_f04.png'
20:32.002  render           | Saved: '/Users/mohammedkalouti/Documents/Codex/2026-09-27/i/work/art/aircraft-final-production-v3/stage/assets/build/frames/unit.SA.fighter/beauty/takeoff_empty/d12_f05.png'
20:32.577  render           | Saved: '/Users/mohammedkalouti/Documents/Codex/2026-09-27/i/work/art/aircraft-final-production-v3/stage/assets/build/frames/unit.SA.fighter/team/takeoff_empty/d12_f05.png'
20:33.576  render           | Saved: '/Users/mohammedkalouti/Documents/Codex/2026-09-27/i/work/art/aircraft-final-production-v3/stage/assets/build/frames/unit.SA.fighter/shadow/takeoff_empty/d12_f05.png'
20:34.210  render           | Saved: '/Users/mohammedkalouti/Documents/Codex/2026-09-27/i/work/art/aircraft-final-production-v3/stage/assets/build/frames/unit.SA.fighter/beauty/takeoff_empty/d13_f00.png'
20:34.731  render           | Saved: '/Users/mohammedkalouti/Documents/Codex/2026-09-27/i/work/art/aircraft-final-production-v3/stage/assets/build/frames/unit.SA.fighter/team/takeoff_empty/d13_f00.png'
20:35.633  render           | Saved: '/Users/mohammedkalouti/Documents/Codex/2026-09-27/i/work/art/aircraft-final-production-v3/stage/assets/build/frames/unit.SA.fighter/shadow/takeoff_empty/d13_f00.png'
20:36.277  render           | Saved: '/Users/mohammedkalouti/Documents/Codex/2026-09-27/i/work/art/aircraft-final-production-v3/stage/assets/build/frames/unit.SA.fighter/beauty/takeoff_empty/d13_f01.png'
20:36.807  render           | Saved: '/Users/mohammedkalouti/Documents/Codex/2026-09-27/i/work/art/aircraft-final-production-v3/stage/assets/build/frames/unit.SA.fighter/team/takeoff_empty/d13_f01.png'
20:37.715  render           | Saved: '/Users/mohammedkalouti/Documents/Codex/2026-09-27/i/work/art/aircraft-final-production-v3/stage/assets/build/frames/unit.SA.fighter/shadow/takeoff_empty/d13_f01.png'
20:38.375  render           | Saved: '/Users/mohammedkalouti/Documents/Codex/2026-09-27/i/work/art/aircraft-final-production-v3/stage/assets/build/frames/unit.SA.fighter/beauty/takeoff_empty/d13_f02.png'
20:38.907  render           | Saved: '/Users/mohammedkalouti/Documents/Codex/2026-09-27/i/work/art/aircraft-final-production-v3/stage/assets/build/frames/unit.SA.fighter/team/takeoff_empty/d13_f02.png'
20:39.814  render           | Saved: '/Users/mohammedkalouti/Documents/Codex/2026-09-27/i/work/art/aircraft-final-production-v3/stage/assets/build/frames/unit.SA.fighter/shadow/takeoff_empty/d13_f02.png'
20:40.451  render           | Saved: '/Users/mohammedkalouti/Documents/Codex/2026-09-27/i/work/art/aircraft-final-production-v3/stage/assets/build/frames/unit.SA.fighter/beauty/takeoff_empty/d13_f03.png'
20:40.993  render           | Saved: '/Users/mohammedkalouti/Documents/Codex/2026-09-27/i/work/art/aircraft-final-production-v3/stage/assets/build/frames/unit.SA.fighter/team/takeoff_empty/d13_f03.png'
20:41.902  render           | Saved: '/Users/mohammedkalouti/Documents/Codex/2026-09-27/i/work/art/aircraft-final-production-v3/stage/assets/build/frames/unit.SA.fighter/shadow/takeoff_empty/d13_f03.png'
20:42.527  render           | Saved: '/Users/mohammedkalouti/Documents/Codex/2026-09-27/i/work/art/aircraft-final-production-v3/stage/assets/build/frames/unit.SA.fighter/beauty/takeoff_empty/d13_f04.png'
20:43.059  render           | Saved: '/Users/mohammedkalouti/Documents/Codex/2026-09-27/i/work/art/aircraft-final-production-v3/stage/assets/build/frames/unit.SA.fighter/team/takeoff_empty/d13_f04.png'
20:44.048  render           | Saved: '/Users/mohammedkalouti/Documents/Codex/2026-09-27/i/work/art/aircraft-final-production-v3/stage/assets/build/frames/unit.SA.fighter/shadow/takeoff_empty/d13_f04.png'
20:44.707  render           | Saved: '/Users/mohammedkalouti/Documents/Codex/2026-09-27/i/work/art/aircraft-final-production-v3/stage/assets/build/frames/unit.SA.fighter/beauty/takeoff_empty/d13_f05.png'
20:45.236  render           | Saved: '/Users/mohammedkalouti/Documents/Codex/2026-09-27/i/work/art/aircraft-final-production-v3/stage/assets/build/frames/unit.SA.fighter/team/takeoff_empty/d13_f05.png'
20:46.117  render           | Saved: '/Users/mohammedkalouti/Documents/Codex/2026-09-27/i/work/art/aircraft-final-production-v3/stage/assets/build/frames/unit.SA.fighter/shadow/takeoff_empty/d13_f05.png'
20:46.758  render           | Saved: '/Users/mohammedkalouti/Documents/Codex/2026-09-27/i/work/art/aircraft-final-production-v3/stage/assets/build/frames/unit.SA.fighter/beauty/takeoff_empty/d14_f00.png'
20:47.315  render           | Saved: '/Users/mohammedkalouti/Documents/Codex/2026-09-27/i/work/art/aircraft-final-production-v3/stage/assets/build/frames/unit.SA.fighter/team/takeoff_empty/d14_f00.png'
20:48.287  render           | Saved: '/Users/mohammedkalouti/Documents/Codex/2026-09-27/i/work/art/aircraft-final-production-v3/stage/assets/build/frames/unit.SA.fighter/shadow/takeoff_empty/d14_f00.png'
20:48.917  render           | Saved: '/Users/mohammedkalouti/Documents/Codex/2026-09-27/i/work/art/aircraft-final-production-v3/stage/assets/build/frames/unit.SA.fighter/beauty/takeoff_empty/d14_f01.png'
20:49.450  render           | Saved: '/Users/mohammedkalouti/Documents/Codex/2026-09-27/i/work/art/aircraft-final-production-v3/stage/assets/build/frames/unit.SA.fighter/team/takeoff_empty/d14_f01.png'
20:50.383  render           | Saved: '/Users/mohammedkalouti/Documents/Codex/2026-09-27/i/work/art/aircraft-final-production-v3/stage/assets/build/frames/unit.SA.fighter/shadow/takeoff_empty/d14_f01.png'
20:51.024  render           | Saved: '/Users/mohammedkalouti/Documents/Codex/2026-09-27/i/work/art/aircraft-final-production-v3/stage/assets/build/frames/unit.SA.fighter/beauty/takeoff_empty/d14_f02.png'
20:51.552  render           | Saved: '/Users/mohammedkalouti/Documents/Codex/2026-09-27/i/work/art/aircraft-final-production-v3/stage/assets/build/frames/unit.SA.fighter/team/takeoff_empty/d14_f02.png'
20:52.544  render           | Saved: '/Users/mohammedkalouti/Documents/Codex/2026-09-27/i/work/art/aircraft-final-production-v3/stage/assets/build/frames/unit.SA.fighter/shadow/takeoff_empty/d14_f02.png'
20:53.175  render           | Saved: '/Users/mohammedkalouti/Documents/Codex/2026-09-27/i/work/art/aircraft-final-production-v3/stage/assets/build/frames/unit.SA.fighter/beauty/takeoff_empty/d14_f03.png'
20:53.713  render           | Saved: '/Users/mohammedkalouti/Documents/Codex/2026-09-27/i/work/art/aircraft-final-production-v3/stage/assets/build/frames/unit.SA.fighter/team/takeoff_empty/d14_f03.png'
20:54.625  render           | Saved: '/Users/mohammedkalouti/Documents/Codex/2026-09-27/i/work/art/aircraft-final-production-v3/stage/assets/build/frames/unit.SA.fighter/shadow/takeoff_empty/d14_f03.png'
20:55.283  render           | Saved: '/Users/mohammedkalouti/Documents/Codex/2026-09-27/i/work/art/aircraft-final-production-v3/stage/assets/build/frames/unit.SA.fighter/beauty/takeoff_empty/d14_f04.png'
20:55.813  render           | Saved: '/Users/mohammedkalouti/Documents/Codex/2026-09-27/i/work/art/aircraft-final-production-v3/stage/assets/build/frames/unit.SA.fighter/team/takeoff_empty/d14_f04.png'
20:56.727  render           | Saved: '/Users/mohammedkalouti/Documents/Codex/2026-09-27/i/work/art/aircraft-final-production-v3/stage/assets/build/frames/unit.SA.fighter/shadow/takeoff_empty/d14_f04.png'
20:57.378  render           | Saved: '/Users/mohammedkalouti/Documents/Codex/2026-09-27/i/work/art/aircraft-final-production-v3/stage/assets/build/frames/unit.SA.fighter/beauty/takeoff_empty/d14_f05.png'
20:57.910  render           | Saved: '/Users/mohammedkalouti/Documents/Codex/2026-09-27/i/work/art/aircraft-final-production-v3/stage/assets/build/frames/unit.SA.fighter/team/takeoff_empty/d14_f05.png'
20:58.819  render           | Saved: '/Users/mohammedkalouti/Documents/Codex/2026-09-27/i/work/art/aircraft-final-production-v3/stage/assets/build/frames/unit.SA.fighter/shadow/takeoff_empty/d14_f05.png'
20:59.463  render           | Saved: '/Users/mohammedkalouti/Documents/Codex/2026-09-27/i/work/art/aircraft-final-production-v3/stage/assets/build/frames/unit.SA.fighter/beauty/takeoff_empty/d15_f00.png'
21:00.014  render           | Saved: '/Users/mohammedkalouti/Documents/Codex/2026-09-27/i/work/art/aircraft-final-production-v3/stage/assets/build/frames/unit.SA.fighter/team/takeoff_empty/d15_f00.png'
21:00.940  render           | Saved: '/Users/mohammedkalouti/Documents/Codex/2026-09-27/i/work/art/aircraft-final-production-v3/stage/assets/build/frames/unit.SA.fighter/shadow/takeoff_empty/d15_f00.png'
21:01.570  render           | Saved: '/Users/mohammedkalouti/Documents/Codex/2026-09-27/i/work/art/aircraft-final-production-v3/stage/assets/build/frames/unit.SA.fighter/beauty/takeoff_empty/d15_f01.png'
21:02.103  render           | Saved: '/Users/mohammedkalouti/Documents/Codex/2026-09-27/i/work/art/aircraft-final-production-v3/stage/assets/build/frames/unit.SA.fighter/team/takeoff_empty/d15_f01.png'
21:03.065  render           | Saved: '/Users/mohammedkalouti/Documents/Codex/2026-09-27/i/work/art/aircraft-final-production-v3/stage/assets/build/frames/unit.SA.fighter/shadow/takeoff_empty/d15_f01.png'
21:03.709  render           | Saved: '/Users/mohammedkalouti/Documents/Codex/2026-09-27/i/work/art/aircraft-final-production-v3/stage/assets/build/frames/unit.SA.fighter/beauty/takeoff_empty/d15_f02.png'
21:04.243  render           | Saved: '/Users/mohammedkalouti/Documents/Codex/2026-09-27/i/work/art/aircraft-final-production-v3/stage/assets/build/frames/unit.SA.fighter/team/takeoff_empty/d15_f02.png'
21:05.190  render           | Saved: '/Users/mohammedkalouti/Documents/Codex/2026-09-27/i/work/art/aircraft-final-production-v3/stage/assets/build/frames/unit.SA.fighter/shadow/takeoff_empty/d15_f02.png'
21:05.847  render           | Saved: '/Users/mohammedkalouti/Documents/Codex/2026-09-27/i/work/art/aircraft-final-production-v3/stage/assets/build/frames/unit.SA.fighter/beauty/takeoff_empty/d15_f03.png'
21:06.388  render           | Saved: '/Users/mohammedkalouti/Documents/Codex/2026-09-27/i/work/art/aircraft-final-production-v3/stage/assets/build/frames/unit.SA.fighter/team/takeoff_empty/d15_f03.png'
21:07.325  render           | Saved: '/Users/mohammedkalouti/Documents/Codex/2026-09-27/i/work/art/aircraft-final-production-v3/stage/assets/build/frames/unit.SA.fighter/shadow/takeoff_empty/d15_f03.png'
21:07.956  render           | Saved: '/Users/mohammedkalouti/Documents/Codex/2026-09-27/i/work/art/aircraft-final-production-v3/stage/assets/build/frames/unit.SA.fighter/beauty/takeoff_empty/d15_f04.png'
21:08.516  render           | Saved: '/Users/mohammedkalouti/Documents/Codex/2026-09-27/i/work/art/aircraft-final-production-v3/stage/assets/build/frames/unit.SA.fighter/team/takeoff_empty/d15_f04.png'
21:09.480  render           | Saved: '/Users/mohammedkalouti/Documents/Codex/2026-09-27/i/work/art/aircraft-final-production-v3/stage/assets/build/frames/unit.SA.fighter/shadow/takeoff_empty/d15_f04.png'
21:10.111  render           | Saved: '/Users/mohammedkalouti/Documents/Codex/2026-09-27/i/work/art/aircraft-final-production-v3/stage/assets/build/frames/unit.SA.fighter/beauty/takeoff_empty/d15_f05.png'
21:10.654  render           | Saved: '/Users/mohammedkalouti/Documents/Codex/2026-09-27/i/work/art/aircraft-final-production-v3/stage/assets/build/frames/unit.SA.fighter/team/takeoff_empty/d15_f05.png'
21:11.587  render           | Saved: '/Users/mohammedkalouti/Documents/Codex/2026-09-27/i/work/art/aircraft-final-production-v3/stage/assets/build/frames/unit.SA.fighter/shadow/takeoff_empty/d15_f05.png'
21:12.217  render           | Saved: '/Users/mohammedkalouti/Documents/Codex/2026-09-27/i/work/art/aircraft-final-production-v3/stage/assets/build/frames/unit.SA.fighter/beauty/landing_empty/d00_f00.png'
21:12.752  render           | Saved: '/Users/mohammedkalouti/Documents/Codex/2026-09-27/i/work/art/aircraft-final-production-v3/stage/assets/build/frames/unit.SA.fighter/team/landing_empty/d00_f00.png'
21:13.667  render           | Saved: '/Users/mohammedkalouti/Documents/Codex/2026-09-27/i/work/art/aircraft-final-production-v3/stage/assets/build/frames/unit.SA.fighter/shadow/landing_empty/d00_f00.png'
21:14.296  render           | Saved: '/Users/mohammedkalouti/Documents/Codex/2026-09-27/i/work/art/aircraft-final-production-v3/stage/assets/build/frames/unit.SA.fighter/beauty/landing_empty/d00_f01.png'
21:14.847  render           | Saved: '/Users/mohammedkalouti/Documents/Codex/2026-09-27/i/work/art/aircraft-final-production-v3/stage/assets/build/frames/unit.SA.fighter/team/landing_empty/d00_f01.png'
21:15.781  render           | Saved: '/Users/mohammedkalouti/Documents/Codex/2026-09-27/i/work/art/aircraft-final-production-v3/stage/assets/build/frames/unit.SA.fighter/shadow/landing_empty/d00_f01.png'
21:16.430  render           | Saved: '/Users/mohammedkalouti/Documents/Codex/2026-09-27/i/work/art/aircraft-final-production-v3/stage/assets/build/frames/unit.SA.fighter/beauty/landing_empty/d00_f02.png'
21:16.965  render           | Saved: '/Users/mohammedkalouti/Documents/Codex/2026-09-27/i/work/art/aircraft-final-production-v3/stage/assets/build/frames/unit.SA.fighter/team/landing_empty/d00_f02.png'
21:17.881  render           | Saved: '/Users/mohammedkalouti/Documents/Codex/2026-09-27/i/work/art/aircraft-final-production-v3/stage/assets/build/frames/unit.SA.fighter/shadow/landing_empty/d00_f02.png'
21:18.522  render           | Saved: '/Users/mohammedkalouti/Documents/Codex/2026-09-27/i/work/art/aircraft-final-production-v3/stage/assets/build/frames/unit.SA.fighter/beauty/landing_empty/d00_f03.png'
21:19.086  render           | Saved: '/Users/mohammedkalouti/Documents/Codex/2026-09-27/i/work/art/aircraft-final-production-v3/stage/assets/build/frames/unit.SA.fighter/team/landing_empty/d00_f03.png'
21:20.038  render           | Saved: '/Users/mohammedkalouti/Documents/Codex/2026-09-27/i/work/art/aircraft-final-production-v3/stage/assets/build/frames/unit.SA.fighter/shadow/landing_empty/d00_f03.png'
21:20.665  render           | Saved: '/Users/mohammedkalouti/Documents/Codex/2026-09-27/i/work/art/aircraft-final-production-v3/stage/assets/build/frames/unit.SA.fighter/beauty/landing_empty/d00_f04.png'
21:21.220  render           | Saved: '/Users/mohammedkalouti/Documents/Codex/2026-09-27/i/work/art/aircraft-final-production-v3/stage/assets/build/frames/unit.SA.fighter/team/landing_empty/d00_f04.png'
21:22.145  render           | Saved: '/Users/mohammedkalouti/Documents/Codex/2026-09-27/i/work/art/aircraft-final-production-v3/stage/assets/build/frames/unit.SA.fighter/shadow/landing_empty/d00_f04.png'
21:22.809  render           | Saved: '/Users/mohammedkalouti/Documents/Codex/2026-09-27/i/work/art/aircraft-final-production-v3/stage/assets/build/frames/unit.SA.fighter/beauty/landing_empty/d00_f05.png'
21:23.352  render           | Saved: '/Users/mohammedkalouti/Documents/Codex/2026-09-27/i/work/art/aircraft-final-production-v3/stage/assets/build/frames/unit.SA.fighter/team/landing_empty/d00_f05.png'
21:24.279  render           | Saved: '/Users/mohammedkalouti/Documents/Codex/2026-09-27/i/work/art/aircraft-final-production-v3/stage/assets/build/frames/unit.SA.fighter/shadow/landing_empty/d00_f05.png'
21:24.905  render           | Saved: '/Users/mohammedkalouti/Documents/Codex/2026-09-27/i/work/art/aircraft-final-production-v3/stage/assets/build/frames/unit.SA.fighter/beauty/landing_empty/d01_f00.png'
21:25.442  render           | Saved: '/Users/mohammedkalouti/Documents/Codex/2026-09-27/i/work/art/aircraft-final-production-v3/stage/assets/build/frames/unit.SA.fighter/team/landing_empty/d01_f00.png'
21:26.367  render           | Saved: '/Users/mohammedkalouti/Documents/Codex/2026-09-27/i/work/art/aircraft-final-production-v3/stage/assets/build/frames/unit.SA.fighter/shadow/landing_empty/d01_f00.png'
21:27.008  render           | Saved: '/Users/mohammedkalouti/Documents/Codex/2026-09-27/i/work/art/aircraft-final-production-v3/stage/assets/build/frames/unit.SA.fighter/beauty/landing_empty/d01_f01.png'
21:27.564  render           | Saved: '/Users/mohammedkalouti/Documents/Codex/2026-09-27/i/work/art/aircraft-final-production-v3/stage/assets/build/frames/unit.SA.fighter/team/landing_empty/d01_f01.png'
21:28.499  render           | Saved: '/Users/mohammedkalouti/Documents/Codex/2026-09-27/i/work/art/aircraft-final-production-v3/stage/assets/build/frames/unit.SA.fighter/shadow/landing_empty/d01_f01.png'
21:29.129  render           | Saved: '/Users/mohammedkalouti/Documents/Codex/2026-09-27/i/work/art/aircraft-final-production-v3/stage/assets/build/frames/unit.SA.fighter/beauty/landing_empty/d01_f02.png'
21:29.679  render           | Saved: '/Users/mohammedkalouti/Documents/Codex/2026-09-27/i/work/art/aircraft-final-production-v3/stage/assets/build/frames/unit.SA.fighter/team/landing_empty/d01_f02.png'
21:30.614  render           | Saved: '/Users/mohammedkalouti/Documents/Codex/2026-09-27/i/work/art/aircraft-final-production-v3/stage/assets/build/frames/unit.SA.fighter/shadow/landing_empty/d01_f02.png'
21:31.261  render           | Saved: '/Users/mohammedkalouti/Documents/Codex/2026-09-27/i/work/art/aircraft-final-production-v3/stage/assets/build/frames/unit.SA.fighter/beauty/landing_empty/d01_f03.png'
21:31.814  render           | Saved: '/Users/mohammedkalouti/Documents/Codex/2026-09-27/i/work/art/aircraft-final-production-v3/stage/assets/build/frames/unit.SA.fighter/team/landing_empty/d01_f03.png'
21:32.740  render           | Saved: '/Users/mohammedkalouti/Documents/Codex/2026-09-27/i/work/art/aircraft-final-production-v3/stage/assets/build/frames/unit.SA.fighter/shadow/landing_empty/d01_f03.png'
21:33.382  render           | Saved: '/Users/mohammedkalouti/Documents/Codex/2026-09-27/i/work/art/aircraft-final-production-v3/stage/assets/build/frames/unit.SA.fighter/beauty/landing_empty/d01_f04.png'
21:33.915  render           | Saved: '/Users/mohammedkalouti/Documents/Codex/2026-09-27/i/work/art/aircraft-final-production-v3/stage/assets/build/frames/unit.SA.fighter/team/landing_empty/d01_f04.png'
21:34.817  render           | Saved: '/Users/mohammedkalouti/Documents/Codex/2026-09-27/i/work/art/aircraft-final-production-v3/stage/assets/build/frames/unit.SA.fighter/shadow/landing_empty/d01_f04.png'
21:35.457  render           | Saved: '/Users/mohammedkalouti/Documents/Codex/2026-09-27/i/work/art/aircraft-final-production-v3/stage/assets/build/frames/unit.SA.fighter/beauty/landing_empty/d01_f05.png'
21:35.993  render           | Saved: '/Users/mohammedkalouti/Documents/Codex/2026-09-27/i/work/art/aircraft-final-production-v3/stage/assets/build/frames/unit.SA.fighter/team/landing_empty/d01_f05.png'
21:36.921  render           | Saved: '/Users/mohammedkalouti/Documents/Codex/2026-09-27/i/work/art/aircraft-final-production-v3/stage/assets/build/frames/unit.SA.fighter/shadow/landing_empty/d01_f05.png'
21:37.562  render           | Saved: '/Users/mohammedkalouti/Documents/Codex/2026-09-27/i/work/art/aircraft-final-production-v3/stage/assets/build/frames/unit.SA.fighter/beauty/landing_empty/d02_f00.png'
21:38.106  render           | Saved: '/Users/mohammedkalouti/Documents/Codex/2026-09-27/i/work/art/aircraft-final-production-v3/stage/assets/build/frames/unit.SA.fighter/team/landing_empty/d02_f00.png'
21:39.082  render           | Saved: '/Users/mohammedkalouti/Documents/Codex/2026-09-27/i/work/art/aircraft-final-production-v3/stage/assets/build/frames/unit.SA.fighter/shadow/landing_empty/d02_f00.png'
21:39.718  render           | Saved: '/Users/mohammedkalouti/Documents/Codex/2026-09-27/i/work/art/aircraft-final-production-v3/stage/assets/build/frames/unit.SA.fighter/beauty/landing_empty/d02_f01.png'
21:40.279  render           | Saved: '/Users/mohammedkalouti/Documents/Codex/2026-09-27/i/work/art/aircraft-final-production-v3/stage/assets/build/frames/unit.SA.fighter/team/landing_empty/d02_f01.png'
21:41.217  render           | Saved: '/Users/mohammedkalouti/Documents/Codex/2026-09-27/i/work/art/aircraft-final-production-v3/stage/assets/build/frames/unit.SA.fighter/shadow/landing_empty/d02_f01.png'
21:41.841  render           | Saved: '/Users/mohammedkalouti/Documents/Codex/2026-09-27/i/work/art/aircraft-final-production-v3/stage/assets/build/frames/unit.SA.fighter/beauty/landing_empty/d02_f02.png'
21:42.387  render           | Saved: '/Users/mohammedkalouti/Documents/Codex/2026-09-27/i/work/art/aircraft-final-production-v3/stage/assets/build/frames/unit.SA.fighter/team/landing_empty/d02_f02.png'
21:43.358  render           | Saved: '/Users/mohammedkalouti/Documents/Codex/2026-09-27/i/work/art/aircraft-final-production-v3/stage/assets/build/frames/unit.SA.fighter/shadow/landing_empty/d02_f02.png'
21:43.990  render           | Saved: '/Users/mohammedkalouti/Documents/Codex/2026-09-27/i/work/art/aircraft-final-production-v3/stage/assets/build/frames/unit.SA.fighter/beauty/landing_empty/d02_f03.png'
21:44.530  render           | Saved: '/Users/mohammedkalouti/Documents/Codex/2026-09-27/i/work/art/aircraft-final-production-v3/stage/assets/build/frames/unit.SA.fighter/team/landing_empty/d02_f03.png'
21:45.453  render           | Saved: '/Users/mohammedkalouti/Documents/Codex/2026-09-27/i/work/art/aircraft-final-production-v3/stage/assets/build/frames/unit.SA.fighter/shadow/landing_empty/d02_f03.png'
21:46.074  render           | Saved: '/Users/mohammedkalouti/Documents/Codex/2026-09-27/i/work/art/aircraft-final-production-v3/stage/assets/build/frames/unit.SA.fighter/beauty/landing_empty/d02_f04.png'
21:46.605  render           | Saved: '/Users/mohammedkalouti/Documents/Codex/2026-09-27/i/work/art/aircraft-final-production-v3/stage/assets/build/frames/unit.SA.fighter/team/landing_empty/d02_f04.png'
21:47.535  render           | Saved: '/Users/mohammedkalouti/Documents/Codex/2026-09-27/i/work/art/aircraft-final-production-v3/stage/assets/build/frames/unit.SA.fighter/shadow/landing_empty/d02_f04.png'
21:48.159  render           | Saved: '/Users/mohammedkalouti/Documents/Codex/2026-09-27/i/work/art/aircraft-final-production-v3/stage/assets/build/frames/unit.SA.fighter/beauty/landing_empty/d02_f05.png'
21:48.711  render           | Saved: '/Users/mohammedkalouti/Documents/Codex/2026-09-27/i/work/art/aircraft-final-production-v3/stage/assets/build/frames/unit.SA.fighter/team/landing_empty/d02_f05.png'
21:49.619  render           | Saved: '/Users/mohammedkalouti/Documents/Codex/2026-09-27/i/work/art/aircraft-final-production-v3/stage/assets/build/frames/unit.SA.fighter/shadow/landing_empty/d02_f05.png'
21:50.261  render           | Saved: '/Users/mohammedkalouti/Documents/Codex/2026-09-27/i/work/art/aircraft-final-production-v3/stage/assets/build/frames/unit.SA.fighter/beauty/landing_empty/d03_f00.png'
21:50.797  render           | Saved: '/Users/mohammedkalouti/Documents/Codex/2026-09-27/i/work/art/aircraft-final-production-v3/stage/assets/build/frames/unit.SA.fighter/team/landing_empty/d03_f00.png'
21:51.742  render           | Saved: '/Users/mohammedkalouti/Documents/Codex/2026-09-27/i/work/art/aircraft-final-production-v3/stage/assets/build/frames/unit.SA.fighter/shadow/landing_empty/d03_f00.png'
21:52.370  render           | Saved: '/Users/mohammedkalouti/Documents/Codex/2026-09-27/i/work/art/aircraft-final-production-v3/stage/assets/build/frames/unit.SA.fighter/beauty/landing_empty/d03_f01.png'
21:52.912  render           | Saved: '/Users/mohammedkalouti/Documents/Codex/2026-09-27/i/work/art/aircraft-final-production-v3/stage/assets/build/frames/unit.SA.fighter/team/landing_empty/d03_f01.png'
21:53.829  render           | Saved: '/Users/mohammedkalouti/Documents/Codex/2026-09-27/i/work/art/aircraft-final-production-v3/stage/assets/build/frames/unit.SA.fighter/shadow/landing_empty/d03_f01.png'
21:54.466  render           | Saved: '/Users/mohammedkalouti/Documents/Codex/2026-09-27/i/work/art/aircraft-final-production-v3/stage/assets/build/frames/unit.SA.fighter/beauty/landing_empty/d03_f02.png'
21:55.000  render           | Saved: '/Users/mohammedkalouti/Documents/Codex/2026-09-27/i/work/art/aircraft-final-production-v3/stage/assets/build/frames/unit.SA.fighter/team/landing_empty/d03_f02.png'
21:55.925  render           | Saved: '/Users/mohammedkalouti/Documents/Codex/2026-09-27/i/work/art/aircraft-final-production-v3/stage/assets/build/frames/unit.SA.fighter/shadow/landing_empty/d03_f02.png'
21:56.558  render           | Saved: '/Users/mohammedkalouti/Documents/Codex/2026-09-27/i/work/art/aircraft-final-production-v3/stage/assets/build/frames/unit.SA.fighter/beauty/landing_empty/d03_f03.png'
21:57.101  render           | Saved: '/Users/mohammedkalouti/Documents/Codex/2026-09-27/i/work/art/aircraft-final-production-v3/stage/assets/build/frames/unit.SA.fighter/team/landing_empty/d03_f03.png'
21:58.105  render           | Saved: '/Users/mohammedkalouti/Documents/Codex/2026-09-27/i/work/art/aircraft-final-production-v3/stage/assets/build/frames/unit.SA.fighter/shadow/landing_empty/d03_f03.png'
21:58.731  render           | Saved: '/Users/mohammedkalouti/Documents/Codex/2026-09-27/i/work/art/aircraft-final-production-v3/stage/assets/build/frames/unit.SA.fighter/beauty/landing_empty/d03_f04.png'
21:59.284  render           | Saved: '/Users/mohammedkalouti/Documents/Codex/2026-09-27/i/work/art/aircraft-final-production-v3/stage/assets/build/frames/unit.SA.fighter/team/landing_empty/d03_f04.png'
22:00.200  render           | Saved: '/Users/mohammedkalouti/Documents/Codex/2026-09-27/i/work/art/aircraft-final-production-v3/stage/assets/build/frames/unit.SA.fighter/shadow/landing_empty/d03_f04.png'
22:00.834  render           | Saved: '/Users/mohammedkalouti/Documents/Codex/2026-09-27/i/work/art/aircraft-final-production-v3/stage/assets/build/frames/unit.SA.fighter/beauty/landing_empty/d03_f05.png'
22:01.383  render           | Saved: '/Users/mohammedkalouti/Documents/Codex/2026-09-27/i/work/art/aircraft-final-production-v3/stage/assets/build/frames/unit.SA.fighter/team/landing_empty/d03_f05.png'
22:02.330  render           | Saved: '/Users/mohammedkalouti/Documents/Codex/2026-09-27/i/work/art/aircraft-final-production-v3/stage/assets/build/frames/unit.SA.fighter/shadow/landing_empty/d03_f05.png'
22:02.934  render           | Saved: '/Users/mohammedkalouti/Documents/Codex/2026-09-27/i/work/art/aircraft-final-production-v3/stage/assets/build/frames/unit.SA.fighter/beauty/landing_empty/d04_f00.png'
22:03.487  render           | Saved: '/Users/mohammedkalouti/Documents/Codex/2026-09-27/i/work/art/aircraft-final-production-v3/stage/assets/build/frames/unit.SA.fighter/team/landing_empty/d04_f00.png'
22:04.459  render           | Saved: '/Users/mohammedkalouti/Documents/Codex/2026-09-27/i/work/art/aircraft-final-production-v3/stage/assets/build/frames/unit.SA.fighter/shadow/landing_empty/d04_f00.png'
22:05.107  render           | Saved: '/Users/mohammedkalouti/Documents/Codex/2026-09-27/i/work/art/aircraft-final-production-v3/stage/assets/build/frames/unit.SA.fighter/beauty/landing_empty/d04_f01.png'
22:05.653  render           | Saved: '/Users/mohammedkalouti/Documents/Codex/2026-09-27/i/work/art/aircraft-final-production-v3/stage/assets/build/frames/unit.SA.fighter/team/landing_empty/d04_f01.png'
22:06.597  render           | Saved: '/Users/mohammedkalouti/Documents/Codex/2026-09-27/i/work/art/aircraft-final-production-v3/stage/assets/build/frames/unit.SA.fighter/shadow/landing_empty/d04_f01.png'
22:07.238  render           | Saved: '/Users/mohammedkalouti/Documents/Codex/2026-09-27/i/work/art/aircraft-final-production-v3/stage/assets/build/frames/unit.SA.fighter/beauty/landing_empty/d04_f02.png'
22:07.777  render           | Saved: '/Users/mohammedkalouti/Documents/Codex/2026-09-27/i/work/art/aircraft-final-production-v3/stage/assets/build/frames/unit.SA.fighter/team/landing_empty/d04_f02.png'
22:08.695  render           | Saved: '/Users/mohammedkalouti/Documents/Codex/2026-09-27/i/work/art/aircraft-final-production-v3/stage/assets/build/frames/unit.SA.fighter/shadow/landing_empty/d04_f02.png'
22:09.351  render           | Saved: '/Users/mohammedkalouti/Documents/Codex/2026-09-27/i/work/art/aircraft-final-production-v3/stage/assets/build/frames/unit.SA.fighter/beauty/landing_empty/d04_f03.png'
22:09.887  render           | Saved: '/Users/mohammedkalouti/Documents/Codex/2026-09-27/i/work/art/aircraft-final-production-v3/stage/assets/build/frames/unit.SA.fighter/team/landing_empty/d04_f03.png'
22:10.830  render           | Saved: '/Users/mohammedkalouti/Documents/Codex/2026-09-27/i/work/art/aircraft-final-production-v3/stage/assets/build/frames/unit.SA.fighter/shadow/landing_empty/d04_f03.png'
22:11.476  render           | Saved: '/Users/mohammedkalouti/Documents/Codex/2026-09-27/i/work/art/aircraft-final-production-v3/stage/assets/build/frames/unit.SA.fighter/beauty/landing_empty/d04_f04.png'
22:12.051  render           | Saved: '/Users/mohammedkalouti/Documents/Codex/2026-09-27/i/work/art/aircraft-final-production-v3/stage/assets/build/frames/unit.SA.fighter/team/landing_empty/d04_f04.png'
22:12.967  render           | Saved: '/Users/mohammedkalouti/Documents/Codex/2026-09-27/i/work/art/aircraft-final-production-v3/stage/assets/build/frames/unit.SA.fighter/shadow/landing_empty/d04_f04.png'
22:13.604  render           | Saved: '/Users/mohammedkalouti/Documents/Codex/2026-09-27/i/work/art/aircraft-final-production-v3/stage/assets/build/frames/unit.SA.fighter/beauty/landing_empty/d04_f05.png'
22:14.160  render           | Saved: '/Users/mohammedkalouti/Documents/Codex/2026-09-27/i/work/art/aircraft-final-production-v3/stage/assets/build/frames/unit.SA.fighter/team/landing_empty/d04_f05.png'
22:15.109  render           | Saved: '/Users/mohammedkalouti/Documents/Codex/2026-09-27/i/work/art/aircraft-final-production-v3/stage/assets/build/frames/unit.SA.fighter/shadow/landing_empty/d04_f05.png'
22:15.747  render           | Saved: '/Users/mohammedkalouti/Documents/Codex/2026-09-27/i/work/art/aircraft-final-production-v3/stage/assets/build/frames/unit.SA.fighter/beauty/landing_empty/d05_f00.png'
22:16.295  render           | Saved: '/Users/mohammedkalouti/Documents/Codex/2026-09-27/i/work/art/aircraft-final-production-v3/stage/assets/build/frames/unit.SA.fighter/team/landing_empty/d05_f00.png'
22:17.235  render           | Saved: '/Users/mohammedkalouti/Documents/Codex/2026-09-27/i/work/art/aircraft-final-production-v3/stage/assets/build/frames/unit.SA.fighter/shadow/landing_empty/d05_f00.png'
22:17.866  render           | Saved: '/Users/mohammedkalouti/Documents/Codex/2026-09-27/i/work/art/aircraft-final-production-v3/stage/assets/build/frames/unit.SA.fighter/beauty/landing_empty/d05_f01.png'
22:18.399  render           | Saved: '/Users/mohammedkalouti/Documents/Codex/2026-09-27/i/work/art/aircraft-final-production-v3/stage/assets/build/frames/unit.SA.fighter/team/landing_empty/d05_f01.png'
22:19.305  render           | Saved: '/Users/mohammedkalouti/Documents/Codex/2026-09-27/i/work/art/aircraft-final-production-v3/stage/assets/build/frames/unit.SA.fighter/shadow/landing_empty/d05_f01.png'
22:19.949  render           | Saved: '/Users/mohammedkalouti/Documents/Codex/2026-09-27/i/work/art/aircraft-final-production-v3/stage/assets/build/frames/unit.SA.fighter/beauty/landing_empty/d05_f02.png'
22:20.486  render           | Saved: '/Users/mohammedkalouti/Documents/Codex/2026-09-27/i/work/art/aircraft-final-production-v3/stage/assets/build/frames/unit.SA.fighter/team/landing_empty/d05_f02.png'
22:21.419  render           | Saved: '/Users/mohammedkalouti/Documents/Codex/2026-09-27/i/work/art/aircraft-final-production-v3/stage/assets/build/frames/unit.SA.fighter/shadow/landing_empty/d05_f02.png'
22:22.052  render           | Saved: '/Users/mohammedkalouti/Documents/Codex/2026-09-27/i/work/art/aircraft-final-production-v3/stage/assets/build/frames/unit.SA.fighter/beauty/landing_empty/d05_f03.png'
22:22.594  render           | Saved: '/Users/mohammedkalouti/Documents/Codex/2026-09-27/i/work/art/aircraft-final-production-v3/stage/assets/build/frames/unit.SA.fighter/team/landing_empty/d05_f03.png'
22:23.559  render           | Saved: '/Users/mohammedkalouti/Documents/Codex/2026-09-27/i/work/art/aircraft-final-production-v3/stage/assets/build/frames/unit.SA.fighter/shadow/landing_empty/d05_f03.png'
22:24.203  render           | Saved: '/Users/mohammedkalouti/Documents/Codex/2026-09-27/i/work/art/aircraft-final-production-v3/stage/assets/build/frames/unit.SA.fighter/beauty/landing_empty/d05_f04.png'
22:24.755  render           | Saved: '/Users/mohammedkalouti/Documents/Codex/2026-09-27/i/work/art/aircraft-final-production-v3/stage/assets/build/frames/unit.SA.fighter/team/landing_empty/d05_f04.png'
22:25.692  render           | Saved: '/Users/mohammedkalouti/Documents/Codex/2026-09-27/i/work/art/aircraft-final-production-v3/stage/assets/build/frames/unit.SA.fighter/shadow/landing_empty/d05_f04.png'
22:26.344  render           | Saved: '/Users/mohammedkalouti/Documents/Codex/2026-09-27/i/work/art/aircraft-final-production-v3/stage/assets/build/frames/unit.SA.fighter/beauty/landing_empty/d05_f05.png'
22:26.887  render           | Saved: '/Users/mohammedkalouti/Documents/Codex/2026-09-27/i/work/art/aircraft-final-production-v3/stage/assets/build/frames/unit.SA.fighter/team/landing_empty/d05_f05.png'
22:27.852  render           | Saved: '/Users/mohammedkalouti/Documents/Codex/2026-09-27/i/work/art/aircraft-final-production-v3/stage/assets/build/frames/unit.SA.fighter/shadow/landing_empty/d05_f05.png'
22:28.530  render           | Saved: '/Users/mohammedkalouti/Documents/Codex/2026-09-27/i/work/art/aircraft-final-production-v3/stage/assets/build/frames/unit.SA.fighter/beauty/landing_empty/d06_f00.png'
22:29.085  render           | Saved: '/Users/mohammedkalouti/Documents/Codex/2026-09-27/i/work/art/aircraft-final-production-v3/stage/assets/build/frames/unit.SA.fighter/team/landing_empty/d06_f00.png'
22:30.013  render           | Saved: '/Users/mohammedkalouti/Documents/Codex/2026-09-27/i/work/art/aircraft-final-production-v3/stage/assets/build/frames/unit.SA.fighter/shadow/landing_empty/d06_f00.png'
22:30.658  render           | Saved: '/Users/mohammedkalouti/Documents/Codex/2026-09-27/i/work/art/aircraft-final-production-v3/stage/assets/build/frames/unit.SA.fighter/beauty/landing_empty/d06_f01.png'
22:31.203  render           | Saved: '/Users/mohammedkalouti/Documents/Codex/2026-09-27/i/work/art/aircraft-final-production-v3/stage/assets/build/frames/unit.SA.fighter/team/landing_empty/d06_f01.png'
22:32.132  render           | Saved: '/Users/mohammedkalouti/Documents/Codex/2026-09-27/i/work/art/aircraft-final-production-v3/stage/assets/build/frames/unit.SA.fighter/shadow/landing_empty/d06_f01.png'
22:32.769  render           | Saved: '/Users/mohammedkalouti/Documents/Codex/2026-09-27/i/work/art/aircraft-final-production-v3/stage/assets/build/frames/unit.SA.fighter/beauty/landing_empty/d06_f02.png'
22:33.319  render           | Saved: '/Users/mohammedkalouti/Documents/Codex/2026-09-27/i/work/art/aircraft-final-production-v3/stage/assets/build/frames/unit.SA.fighter/team/landing_empty/d06_f02.png'
22:34.308  render           | Saved: '/Users/mohammedkalouti/Documents/Codex/2026-09-27/i/work/art/aircraft-final-production-v3/stage/assets/build/frames/unit.SA.fighter/shadow/landing_empty/d06_f02.png'
22:34.983  render           | Saved: '/Users/mohammedkalouti/Documents/Codex/2026-09-27/i/work/art/aircraft-final-production-v3/stage/assets/build/frames/unit.SA.fighter/beauty/landing_empty/d06_f03.png'
22:35.528  render           | Saved: '/Users/mohammedkalouti/Documents/Codex/2026-09-27/i/work/art/aircraft-final-production-v3/stage/assets/build/frames/unit.SA.fighter/team/landing_empty/d06_f03.png'
22:36.538  render           | Saved: '/Users/mohammedkalouti/Documents/Codex/2026-09-27/i/work/art/aircraft-final-production-v3/stage/assets/build/frames/unit.SA.fighter/shadow/landing_empty/d06_f03.png'
22:37.169  render           | Saved: '/Users/mohammedkalouti/Documents/Codex/2026-09-27/i/work/art/aircraft-final-production-v3/stage/assets/build/frames/unit.SA.fighter/beauty/landing_empty/d06_f04.png'
22:37.705  render           | Saved: '/Users/mohammedkalouti/Documents/Codex/2026-09-27/i/work/art/aircraft-final-production-v3/stage/assets/build/frames/unit.SA.fighter/team/landing_empty/d06_f04.png'
22:38.644  render           | Saved: '/Users/mohammedkalouti/Documents/Codex/2026-09-27/i/work/art/aircraft-final-production-v3/stage/assets/build/frames/unit.SA.fighter/shadow/landing_empty/d06_f04.png'
22:39.356  render           | Saved: '/Users/mohammedkalouti/Documents/Codex/2026-09-27/i/work/art/aircraft-final-production-v3/stage/assets/build/frames/unit.SA.fighter/beauty/landing_empty/d06_f05.png'
22:39.888  render           | Saved: '/Users/mohammedkalouti/Documents/Codex/2026-09-27/i/work/art/aircraft-final-production-v3/stage/assets/build/frames/unit.SA.fighter/team/landing_empty/d06_f05.png'
22:40.833  render           | Saved: '/Users/mohammedkalouti/Documents/Codex/2026-09-27/i/work/art/aircraft-final-production-v3/stage/assets/build/frames/unit.SA.fighter/shadow/landing_empty/d06_f05.png'
22:41.483  render           | Saved: '/Users/mohammedkalouti/Documents/Codex/2026-09-27/i/work/art/aircraft-final-production-v3/stage/assets/build/frames/unit.SA.fighter/beauty/landing_empty/d07_f00.png'
22:42.039  render           | Saved: '/Users/mohammedkalouti/Documents/Codex/2026-09-27/i/work/art/aircraft-final-production-v3/stage/assets/build/frames/unit.SA.fighter/team/landing_empty/d07_f00.png'
22:42.972  render           | Saved: '/Users/mohammedkalouti/Documents/Codex/2026-09-27/i/work/art/aircraft-final-production-v3/stage/assets/build/frames/unit.SA.fighter/shadow/landing_empty/d07_f00.png'
22:43.620  render           | Saved: '/Users/mohammedkalouti/Documents/Codex/2026-09-27/i/work/art/aircraft-final-production-v3/stage/assets/build/frames/unit.SA.fighter/beauty/landing_empty/d07_f01.png'
22:44.169  render           | Saved: '/Users/mohammedkalouti/Documents/Codex/2026-09-27/i/work/art/aircraft-final-production-v3/stage/assets/build/frames/unit.SA.fighter/team/landing_empty/d07_f01.png'
22:45.134  render           | Saved: '/Users/mohammedkalouti/Documents/Codex/2026-09-27/i/work/art/aircraft-final-production-v3/stage/assets/build/frames/unit.SA.fighter/shadow/landing_empty/d07_f01.png'
22:45.769  render           | Saved: '/Users/mohammedkalouti/Documents/Codex/2026-09-27/i/work/art/aircraft-final-production-v3/stage/assets/build/frames/unit.SA.fighter/beauty/landing_empty/d07_f02.png'
22:46.307  render           | Saved: '/Users/mohammedkalouti/Documents/Codex/2026-09-27/i/work/art/aircraft-final-production-v3/stage/assets/build/frames/unit.SA.fighter/team/landing_empty/d07_f02.png'
22:47.229  render           | Saved: '/Users/mohammedkalouti/Documents/Codex/2026-09-27/i/work/art/aircraft-final-production-v3/stage/assets/build/frames/unit.SA.fighter/shadow/landing_empty/d07_f02.png'
22:47.872  render           | Saved: '/Users/mohammedkalouti/Documents/Codex/2026-09-27/i/work/art/aircraft-final-production-v3/stage/assets/build/frames/unit.SA.fighter/beauty/landing_empty/d07_f03.png'
22:48.410  render           | Saved: '/Users/mohammedkalouti/Documents/Codex/2026-09-27/i/work/art/aircraft-final-production-v3/stage/assets/build/frames/unit.SA.fighter/team/landing_empty/d07_f03.png'
22:49.330  render           | Saved: '/Users/mohammedkalouti/Documents/Codex/2026-09-27/i/work/art/aircraft-final-production-v3/stage/assets/build/frames/unit.SA.fighter/shadow/landing_empty/d07_f03.png'
22:49.953  render           | Saved: '/Users/mohammedkalouti/Documents/Codex/2026-09-27/i/work/art/aircraft-final-production-v3/stage/assets/build/frames/unit.SA.fighter/beauty/landing_empty/d07_f04.png'
22:50.489  render           | Saved: '/Users/mohammedkalouti/Documents/Codex/2026-09-27/i/work/art/aircraft-final-production-v3/stage/assets/build/frames/unit.SA.fighter/team/landing_empty/d07_f04.png'
22:51.415  render           | Saved: '/Users/mohammedkalouti/Documents/Codex/2026-09-27/i/work/art/aircraft-final-production-v3/stage/assets/build/frames/unit.SA.fighter/shadow/landing_empty/d07_f04.png'
22:52.047  render           | Saved: '/Users/mohammedkalouti/Documents/Codex/2026-09-27/i/work/art/aircraft-final-production-v3/stage/assets/build/frames/unit.SA.fighter/beauty/landing_empty/d07_f05.png'
22:52.586  render           | Saved: '/Users/mohammedkalouti/Documents/Codex/2026-09-27/i/work/art/aircraft-final-production-v3/stage/assets/build/frames/unit.SA.fighter/team/landing_empty/d07_f05.png'
22:53.513  render           | Saved: '/Users/mohammedkalouti/Documents/Codex/2026-09-27/i/work/art/aircraft-final-production-v3/stage/assets/build/frames/unit.SA.fighter/shadow/landing_empty/d07_f05.png'
22:54.135  render           | Saved: '/Users/mohammedkalouti/Documents/Codex/2026-09-27/i/work/art/aircraft-final-production-v3/stage/assets/build/frames/unit.SA.fighter/beauty/landing_empty/d08_f00.png'
22:54.679  render           | Saved: '/Users/mohammedkalouti/Documents/Codex/2026-09-27/i/work/art/aircraft-final-production-v3/stage/assets/build/frames/unit.SA.fighter/team/landing_empty/d08_f00.png'
22:55.579  render           | Saved: '/Users/mohammedkalouti/Documents/Codex/2026-09-27/i/work/art/aircraft-final-production-v3/stage/assets/build/frames/unit.SA.fighter/shadow/landing_empty/d08_f00.png'
22:56.218  render           | Saved: '/Users/mohammedkalouti/Documents/Codex/2026-09-27/i/work/art/aircraft-final-production-v3/stage/assets/build/frames/unit.SA.fighter/beauty/landing_empty/d08_f01.png'
22:56.766  render           | Saved: '/Users/mohammedkalouti/Documents/Codex/2026-09-27/i/work/art/aircraft-final-production-v3/stage/assets/build/frames/unit.SA.fighter/team/landing_empty/d08_f01.png'
22:57.761  render           | Saved: '/Users/mohammedkalouti/Documents/Codex/2026-09-27/i/work/art/aircraft-final-production-v3/stage/assets/build/frames/unit.SA.fighter/shadow/landing_empty/d08_f01.png'
22:58.392  render           | Saved: '/Users/mohammedkalouti/Documents/Codex/2026-09-27/i/work/art/aircraft-final-production-v3/stage/assets/build/frames/unit.SA.fighter/beauty/landing_empty/d08_f02.png'
22:58.932  render           | Saved: '/Users/mohammedkalouti/Documents/Codex/2026-09-27/i/work/art/aircraft-final-production-v3/stage/assets/build/frames/unit.SA.fighter/team/landing_empty/d08_f02.png'
22:59.864  render           | Saved: '/Users/mohammedkalouti/Documents/Codex/2026-09-27/i/work/art/aircraft-final-production-v3/stage/assets/build/frames/unit.SA.fighter/shadow/landing_empty/d08_f02.png'
23:00.527  render           | Saved: '/Users/mohammedkalouti/Documents/Codex/2026-09-27/i/work/art/aircraft-final-production-v3/stage/assets/build/frames/unit.SA.fighter/beauty/landing_empty/d08_f03.png'
23:01.081  render           | Saved: '/Users/mohammedkalouti/Documents/Codex/2026-09-27/i/work/art/aircraft-final-production-v3/stage/assets/build/frames/unit.SA.fighter/team/landing_empty/d08_f03.png'
23:02.002  render           | Saved: '/Users/mohammedkalouti/Documents/Codex/2026-09-27/i/work/art/aircraft-final-production-v3/stage/assets/build/frames/unit.SA.fighter/shadow/landing_empty/d08_f03.png'
23:02.645  render           | Saved: '/Users/mohammedkalouti/Documents/Codex/2026-09-27/i/work/art/aircraft-final-production-v3/stage/assets/build/frames/unit.SA.fighter/beauty/landing_empty/d08_f04.png'
23:03.188  render           | Saved: '/Users/mohammedkalouti/Documents/Codex/2026-09-27/i/work/art/aircraft-final-production-v3/stage/assets/build/frames/unit.SA.fighter/team/landing_empty/d08_f04.png'
23:04.112  render           | Saved: '/Users/mohammedkalouti/Documents/Codex/2026-09-27/i/work/art/aircraft-final-production-v3/stage/assets/build/frames/unit.SA.fighter/shadow/landing_empty/d08_f04.png'
23:04.745  render           | Saved: '/Users/mohammedkalouti/Documents/Codex/2026-09-27/i/work/art/aircraft-final-production-v3/stage/assets/build/frames/unit.SA.fighter/beauty/landing_empty/d08_f05.png'
23:05.278  render           | Saved: '/Users/mohammedkalouti/Documents/Codex/2026-09-27/i/work/art/aircraft-final-production-v3/stage/assets/build/frames/unit.SA.fighter/team/landing_empty/d08_f05.png'
23:06.253  render           | Saved: '/Users/mohammedkalouti/Documents/Codex/2026-09-27/i/work/art/aircraft-final-production-v3/stage/assets/build/frames/unit.SA.fighter/shadow/landing_empty/d08_f05.png'
23:06.890  render           | Saved: '/Users/mohammedkalouti/Documents/Codex/2026-09-27/i/work/art/aircraft-final-production-v3/stage/assets/build/frames/unit.SA.fighter/beauty/landing_empty/d09_f00.png'
23:07.438  render           | Saved: '/Users/mohammedkalouti/Documents/Codex/2026-09-27/i/work/art/aircraft-final-production-v3/stage/assets/build/frames/unit.SA.fighter/team/landing_empty/d09_f00.png'
23:08.376  render           | Saved: '/Users/mohammedkalouti/Documents/Codex/2026-09-27/i/work/art/aircraft-final-production-v3/stage/assets/build/frames/unit.SA.fighter/shadow/landing_empty/d09_f00.png'
23:09.021  render           | Saved: '/Users/mohammedkalouti/Documents/Codex/2026-09-27/i/work/art/aircraft-final-production-v3/stage/assets/build/frames/unit.SA.fighter/beauty/landing_empty/d09_f01.png'
23:09.554  render           | Saved: '/Users/mohammedkalouti/Documents/Codex/2026-09-27/i/work/art/aircraft-final-production-v3/stage/assets/build/frames/unit.SA.fighter/team/landing_empty/d09_f01.png'
23:10.505  render           | Saved: '/Users/mohammedkalouti/Documents/Codex/2026-09-27/i/work/art/aircraft-final-production-v3/stage/assets/build/frames/unit.SA.fighter/shadow/landing_empty/d09_f01.png'
23:11.137  render           | Saved: '/Users/mohammedkalouti/Documents/Codex/2026-09-27/i/work/art/aircraft-final-production-v3/stage/assets/build/frames/unit.SA.fighter/beauty/landing_empty/d09_f02.png'
23:11.678  render           | Saved: '/Users/mohammedkalouti/Documents/Codex/2026-09-27/i/work/art/aircraft-final-production-v3/stage/assets/build/frames/unit.SA.fighter/team/landing_empty/d09_f02.png'
23:12.605  render           | Saved: '/Users/mohammedkalouti/Documents/Codex/2026-09-27/i/work/art/aircraft-final-production-v3/stage/assets/build/frames/unit.SA.fighter/shadow/landing_empty/d09_f02.png'
23:13.266  render           | Saved: '/Users/mohammedkalouti/Documents/Codex/2026-09-27/i/work/art/aircraft-final-production-v3/stage/assets/build/frames/unit.SA.fighter/beauty/landing_empty/d09_f03.png'
23:13.812  render           | Saved: '/Users/mohammedkalouti/Documents/Codex/2026-09-27/i/work/art/aircraft-final-production-v3/stage/assets/build/frames/unit.SA.fighter/team/landing_empty/d09_f03.png'
23:14.797  render           | Saved: '/Users/mohammedkalouti/Documents/Codex/2026-09-27/i/work/art/aircraft-final-production-v3/stage/assets/build/frames/unit.SA.fighter/shadow/landing_empty/d09_f03.png'
23:15.442  render           | Saved: '/Users/mohammedkalouti/Documents/Codex/2026-09-27/i/work/art/aircraft-final-production-v3/stage/assets/build/frames/unit.SA.fighter/beauty/landing_empty/d09_f04.png'
23:16.018  render           | Saved: '/Users/mohammedkalouti/Documents/Codex/2026-09-27/i/work/art/aircraft-final-production-v3/stage/assets/build/frames/unit.SA.fighter/team/landing_empty/d09_f04.png'
23:16.930  render           | Saved: '/Users/mohammedkalouti/Documents/Codex/2026-09-27/i/work/art/aircraft-final-production-v3/stage/assets/build/frames/unit.SA.fighter/shadow/landing_empty/d09_f04.png'
23:17.584  render           | Saved: '/Users/mohammedkalouti/Documents/Codex/2026-09-27/i/work/art/aircraft-final-production-v3/stage/assets/build/frames/unit.SA.fighter/beauty/landing_empty/d09_f05.png'
23:18.125  render           | Saved: '/Users/mohammedkalouti/Documents/Codex/2026-09-27/i/work/art/aircraft-final-production-v3/stage/assets/build/frames/unit.SA.fighter/team/landing_empty/d09_f05.png'
23:19.099  render           | Saved: '/Users/mohammedkalouti/Documents/Codex/2026-09-27/i/work/art/aircraft-final-production-v3/stage/assets/build/frames/unit.SA.fighter/shadow/landing_empty/d09_f05.png'
23:19.749  render           | Saved: '/Users/mohammedkalouti/Documents/Codex/2026-09-27/i/work/art/aircraft-final-production-v3/stage/assets/build/frames/unit.SA.fighter/beauty/landing_empty/d10_f00.png'
23:20.309  render           | Saved: '/Users/mohammedkalouti/Documents/Codex/2026-09-27/i/work/art/aircraft-final-production-v3/stage/assets/build/frames/unit.SA.fighter/team/landing_empty/d10_f00.png'
23:21.242  render           | Saved: '/Users/mohammedkalouti/Documents/Codex/2026-09-27/i/work/art/aircraft-final-production-v3/stage/assets/build/frames/unit.SA.fighter/shadow/landing_empty/d10_f00.png'
23:21.879  render           | Saved: '/Users/mohammedkalouti/Documents/Codex/2026-09-27/i/work/art/aircraft-final-production-v3/stage/assets/build/frames/unit.SA.fighter/beauty/landing_empty/d10_f01.png'
23:22.422  render           | Saved: '/Users/mohammedkalouti/Documents/Codex/2026-09-27/i/work/art/aircraft-final-production-v3/stage/assets/build/frames/unit.SA.fighter/team/landing_empty/d10_f01.png'
23:23.342  render           | Saved: '/Users/mohammedkalouti/Documents/Codex/2026-09-27/i/work/art/aircraft-final-production-v3/stage/assets/build/frames/unit.SA.fighter/shadow/landing_empty/d10_f01.png'
23:24.025  render           | Saved: '/Users/mohammedkalouti/Documents/Codex/2026-09-27/i/work/art/aircraft-final-production-v3/stage/assets/build/frames/unit.SA.fighter/beauty/landing_empty/d10_f02.png'
23:24.564  render           | Saved: '/Users/mohammedkalouti/Documents/Codex/2026-09-27/i/work/art/aircraft-final-production-v3/stage/assets/build/frames/unit.SA.fighter/team/landing_empty/d10_f02.png'
23:25.498  render           | Saved: '/Users/mohammedkalouti/Documents/Codex/2026-09-27/i/work/art/aircraft-final-production-v3/stage/assets/build/frames/unit.SA.fighter/shadow/landing_empty/d10_f02.png'
23:26.143  render           | Saved: '/Users/mohammedkalouti/Documents/Codex/2026-09-27/i/work/art/aircraft-final-production-v3/stage/assets/build/frames/unit.SA.fighter/beauty/landing_empty/d10_f03.png'
23:26.666  render           | Saved: '/Users/mohammedkalouti/Documents/Codex/2026-09-27/i/work/art/aircraft-final-production-v3/stage/assets/build/frames/unit.SA.fighter/team/landing_empty/d10_f03.png'
23:27.664  render           | Saved: '/Users/mohammedkalouti/Documents/Codex/2026-09-27/i/work/art/aircraft-final-production-v3/stage/assets/build/frames/unit.SA.fighter/shadow/landing_empty/d10_f03.png'
23:28.300  render           | Saved: '/Users/mohammedkalouti/Documents/Codex/2026-09-27/i/work/art/aircraft-final-production-v3/stage/assets/build/frames/unit.SA.fighter/beauty/landing_empty/d10_f04.png'
23:28.853  render           | Saved: '/Users/mohammedkalouti/Documents/Codex/2026-09-27/i/work/art/aircraft-final-production-v3/stage/assets/build/frames/unit.SA.fighter/team/landing_empty/d10_f04.png'
23:29.776  render           | Saved: '/Users/mohammedkalouti/Documents/Codex/2026-09-27/i/work/art/aircraft-final-production-v3/stage/assets/build/frames/unit.SA.fighter/shadow/landing_empty/d10_f04.png'
23:30.415  render           | Saved: '/Users/mohammedkalouti/Documents/Codex/2026-09-27/i/work/art/aircraft-final-production-v3/stage/assets/build/frames/unit.SA.fighter/beauty/landing_empty/d10_f05.png'
23:30.957  render           | Saved: '/Users/mohammedkalouti/Documents/Codex/2026-09-27/i/work/art/aircraft-final-production-v3/stage/assets/build/frames/unit.SA.fighter/team/landing_empty/d10_f05.png'
23:31.893  render           | Saved: '/Users/mohammedkalouti/Documents/Codex/2026-09-27/i/work/art/aircraft-final-production-v3/stage/assets/build/frames/unit.SA.fighter/shadow/landing_empty/d10_f05.png'
23:32.536  render           | Saved: '/Users/mohammedkalouti/Documents/Codex/2026-09-27/i/work/art/aircraft-final-production-v3/stage/assets/build/frames/unit.SA.fighter/beauty/landing_empty/d11_f00.png'
23:33.090  render           | Saved: '/Users/mohammedkalouti/Documents/Codex/2026-09-27/i/work/art/aircraft-final-production-v3/stage/assets/build/frames/unit.SA.fighter/team/landing_empty/d11_f00.png'
23:34.010  render           | Saved: '/Users/mohammedkalouti/Documents/Codex/2026-09-27/i/work/art/aircraft-final-production-v3/stage/assets/build/frames/unit.SA.fighter/shadow/landing_empty/d11_f00.png'
23:34.653  render           | Saved: '/Users/mohammedkalouti/Documents/Codex/2026-09-27/i/work/art/aircraft-final-production-v3/stage/assets/build/frames/unit.SA.fighter/beauty/landing_empty/d11_f01.png'
23:35.211  render           | Saved: '/Users/mohammedkalouti/Documents/Codex/2026-09-27/i/work/art/aircraft-final-production-v3/stage/assets/build/frames/unit.SA.fighter/team/landing_empty/d11_f01.png'
23:36.164  render           | Saved: '/Users/mohammedkalouti/Documents/Codex/2026-09-27/i/work/art/aircraft-final-production-v3/stage/assets/build/frames/unit.SA.fighter/shadow/landing_empty/d11_f01.png'
23:36.785  render           | Saved: '/Users/mohammedkalouti/Documents/Codex/2026-09-27/i/work/art/aircraft-final-production-v3/stage/assets/build/frames/unit.SA.fighter/beauty/landing_empty/d11_f02.png'
23:37.333  render           | Saved: '/Users/mohammedkalouti/Documents/Codex/2026-09-27/i/work/art/aircraft-final-production-v3/stage/assets/build/frames/unit.SA.fighter/team/landing_empty/d11_f02.png'
23:38.283  render           | Saved: '/Users/mohammedkalouti/Documents/Codex/2026-09-27/i/work/art/aircraft-final-production-v3/stage/assets/build/frames/unit.SA.fighter/shadow/landing_empty/d11_f02.png'
23:38.962  render           | Saved: '/Users/mohammedkalouti/Documents/Codex/2026-09-27/i/work/art/aircraft-final-production-v3/stage/assets/build/frames/unit.SA.fighter/beauty/landing_empty/d11_f03.png'
23:39.487  render           | Saved: '/Users/mohammedkalouti/Documents/Codex/2026-09-27/i/work/art/aircraft-final-production-v3/stage/assets/build/frames/unit.SA.fighter/team/landing_empty/d11_f03.png'
23:40.483  render           | Saved: '/Users/mohammedkalouti/Documents/Codex/2026-09-27/i/work/art/aircraft-final-production-v3/stage/assets/build/frames/unit.SA.fighter/shadow/landing_empty/d11_f03.png'
23:41.115  render           | Saved: '/Users/mohammedkalouti/Documents/Codex/2026-09-27/i/work/art/aircraft-final-production-v3/stage/assets/build/frames/unit.SA.fighter/beauty/landing_empty/d11_f04.png'
23:41.658  render           | Saved: '/Users/mohammedkalouti/Documents/Codex/2026-09-27/i/work/art/aircraft-final-production-v3/stage/assets/build/frames/unit.SA.fighter/team/landing_empty/d11_f04.png'
23:42.585  render           | Saved: '/Users/mohammedkalouti/Documents/Codex/2026-09-27/i/work/art/aircraft-final-production-v3/stage/assets/build/frames/unit.SA.fighter/shadow/landing_empty/d11_f04.png'
23:43.226  render           | Saved: '/Users/mohammedkalouti/Documents/Codex/2026-09-27/i/work/art/aircraft-final-production-v3/stage/assets/build/frames/unit.SA.fighter/beauty/landing_empty/d11_f05.png'
23:43.765  render           | Saved: '/Users/mohammedkalouti/Documents/Codex/2026-09-27/i/work/art/aircraft-final-production-v3/stage/assets/build/frames/unit.SA.fighter/team/landing_empty/d11_f05.png'
23:44.706  render           | Saved: '/Users/mohammedkalouti/Documents/Codex/2026-09-27/i/work/art/aircraft-final-production-v3/stage/assets/build/frames/unit.SA.fighter/shadow/landing_empty/d11_f05.png'
23:45.341  render           | Saved: '/Users/mohammedkalouti/Documents/Codex/2026-09-27/i/work/art/aircraft-final-production-v3/stage/assets/build/frames/unit.SA.fighter/beauty/landing_empty/d12_f00.png'
23:45.873  render           | Saved: '/Users/mohammedkalouti/Documents/Codex/2026-09-27/i/work/art/aircraft-final-production-v3/stage/assets/build/frames/unit.SA.fighter/team/landing_empty/d12_f00.png'
23:46.785  render           | Saved: '/Users/mohammedkalouti/Documents/Codex/2026-09-27/i/work/art/aircraft-final-production-v3/stage/assets/build/frames/unit.SA.fighter/shadow/landing_empty/d12_f00.png'
23:47.429  render           | Saved: '/Users/mohammedkalouti/Documents/Codex/2026-09-27/i/work/art/aircraft-final-production-v3/stage/assets/build/frames/unit.SA.fighter/beauty/landing_empty/d12_f01.png'
23:47.985  render           | Saved: '/Users/mohammedkalouti/Documents/Codex/2026-09-27/i/work/art/aircraft-final-production-v3/stage/assets/build/frames/unit.SA.fighter/team/landing_empty/d12_f01.png'
23:48.914  render           | Saved: '/Users/mohammedkalouti/Documents/Codex/2026-09-27/i/work/art/aircraft-final-production-v3/stage/assets/build/frames/unit.SA.fighter/shadow/landing_empty/d12_f01.png'
23:49.566  render           | Saved: '/Users/mohammedkalouti/Documents/Codex/2026-09-27/i/work/art/aircraft-final-production-v3/stage/assets/build/frames/unit.SA.fighter/beauty/landing_empty/d12_f02.png'
23:50.131  render           | Saved: '/Users/mohammedkalouti/Documents/Codex/2026-09-27/i/work/art/aircraft-final-production-v3/stage/assets/build/frames/unit.SA.fighter/team/landing_empty/d12_f02.png'
23:51.129  render           | Saved: '/Users/mohammedkalouti/Documents/Codex/2026-09-27/i/work/art/aircraft-final-production-v3/stage/assets/build/frames/unit.SA.fighter/shadow/landing_empty/d12_f02.png'
23:51.752  render           | Saved: '/Users/mohammedkalouti/Documents/Codex/2026-09-27/i/work/art/aircraft-final-production-v3/stage/assets/build/frames/unit.SA.fighter/beauty/landing_empty/d12_f03.png'
23:52.289  render           | Saved: '/Users/mohammedkalouti/Documents/Codex/2026-09-27/i/work/art/aircraft-final-production-v3/stage/assets/build/frames/unit.SA.fighter/team/landing_empty/d12_f03.png'
23:53.210  render           | Saved: '/Users/mohammedkalouti/Documents/Codex/2026-09-27/i/work/art/aircraft-final-production-v3/stage/assets/build/frames/unit.SA.fighter/shadow/landing_empty/d12_f03.png'
23:53.834  render           | Saved: '/Users/mohammedkalouti/Documents/Codex/2026-09-27/i/work/art/aircraft-final-production-v3/stage/assets/build/frames/unit.SA.fighter/beauty/landing_empty/d12_f04.png'
23:54.385  render           | Saved: '/Users/mohammedkalouti/Documents/Codex/2026-09-27/i/work/art/aircraft-final-production-v3/stage/assets/build/frames/unit.SA.fighter/team/landing_empty/d12_f04.png'
23:55.317  render           | Saved: '/Users/mohammedkalouti/Documents/Codex/2026-09-27/i/work/art/aircraft-final-production-v3/stage/assets/build/frames/unit.SA.fighter/shadow/landing_empty/d12_f04.png'
23:55.970  render           | Saved: '/Users/mohammedkalouti/Documents/Codex/2026-09-27/i/work/art/aircraft-final-production-v3/stage/assets/build/frames/unit.SA.fighter/beauty/landing_empty/d12_f05.png'
23:56.516  render           | Saved: '/Users/mohammedkalouti/Documents/Codex/2026-09-27/i/work/art/aircraft-final-production-v3/stage/assets/build/frames/unit.SA.fighter/team/landing_empty/d12_f05.png'
23:57.520  render           | Saved: '/Users/mohammedkalouti/Documents/Codex/2026-09-27/i/work/art/aircraft-final-production-v3/stage/assets/build/frames/unit.SA.fighter/shadow/landing_empty/d12_f05.png'
23:58.157  render           | Saved: '/Users/mohammedkalouti/Documents/Codex/2026-09-27/i/work/art/aircraft-final-production-v3/stage/assets/build/frames/unit.SA.fighter/beauty/landing_empty/d13_f00.png'
23:58.695  render           | Saved: '/Users/mohammedkalouti/Documents/Codex/2026-09-27/i/work/art/aircraft-final-production-v3/stage/assets/build/frames/unit.SA.fighter/team/landing_empty/d13_f00.png'
23:59.646  render           | Saved: '/Users/mohammedkalouti/Documents/Codex/2026-09-27/i/work/art/aircraft-final-production-v3/stage/assets/build/frames/unit.SA.fighter/shadow/landing_empty/d13_f00.png'
24:00.304  render           | Saved: '/Users/mohammedkalouti/Documents/Codex/2026-09-27/i/work/art/aircraft-final-production-v3/stage/assets/build/frames/unit.SA.fighter/beauty/landing_empty/d13_f01.png'
24:00.833  render           | Saved: '/Users/mohammedkalouti/Documents/Codex/2026-09-27/i/work/art/aircraft-final-production-v3/stage/assets/build/frames/unit.SA.fighter/team/landing_empty/d13_f01.png'
24:01.751  render           | Saved: '/Users/mohammedkalouti/Documents/Codex/2026-09-27/i/work/art/aircraft-final-production-v3/stage/assets/build/frames/unit.SA.fighter/shadow/landing_empty/d13_f01.png'
24:02.388  render           | Saved: '/Users/mohammedkalouti/Documents/Codex/2026-09-27/i/work/art/aircraft-final-production-v3/stage/assets/build/frames/unit.SA.fighter/beauty/landing_empty/d13_f02.png'
24:02.941  render           | Saved: '/Users/mohammedkalouti/Documents/Codex/2026-09-27/i/work/art/aircraft-final-production-v3/stage/assets/build/frames/unit.SA.fighter/team/landing_empty/d13_f02.png'
24:03.865  render           | Saved: '/Users/mohammedkalouti/Documents/Codex/2026-09-27/i/work/art/aircraft-final-production-v3/stage/assets/build/frames/unit.SA.fighter/shadow/landing_empty/d13_f02.png'
24:04.523  render           | Saved: '/Users/mohammedkalouti/Documents/Codex/2026-09-27/i/work/art/aircraft-final-production-v3/stage/assets/build/frames/unit.SA.fighter/beauty/landing_empty/d13_f03.png'
24:05.066  render           | Saved: '/Users/mohammedkalouti/Documents/Codex/2026-09-27/i/work/art/aircraft-final-production-v3/stage/assets/build/frames/unit.SA.fighter/team/landing_empty/d13_f03.png'
24:06.024  render           | Saved: '/Users/mohammedkalouti/Documents/Codex/2026-09-27/i/work/art/aircraft-final-production-v3/stage/assets/build/frames/unit.SA.fighter/shadow/landing_empty/d13_f03.png'
24:06.691  render           | Saved: '/Users/mohammedkalouti/Documents/Codex/2026-09-27/i/work/art/aircraft-final-production-v3/stage/assets/build/frames/unit.SA.fighter/beauty/landing_empty/d13_f04.png'
24:07.227  render           | Saved: '/Users/mohammedkalouti/Documents/Codex/2026-09-27/i/work/art/aircraft-final-production-v3/stage/assets/build/frames/unit.SA.fighter/team/landing_empty/d13_f04.png'
24:08.165  render           | Saved: '/Users/mohammedkalouti/Documents/Codex/2026-09-27/i/work/art/aircraft-final-production-v3/stage/assets/build/frames/unit.SA.fighter/shadow/landing_empty/d13_f04.png'
24:08.812  render           | Saved: '/Users/mohammedkalouti/Documents/Codex/2026-09-27/i/work/art/aircraft-final-production-v3/stage/assets/build/frames/unit.SA.fighter/beauty/landing_empty/d13_f05.png'
24:09.378  render           | Saved: '/Users/mohammedkalouti/Documents/Codex/2026-09-27/i/work/art/aircraft-final-production-v3/stage/assets/build/frames/unit.SA.fighter/team/landing_empty/d13_f05.png'
24:10.321  render           | Saved: '/Users/mohammedkalouti/Documents/Codex/2026-09-27/i/work/art/aircraft-final-production-v3/stage/assets/build/frames/unit.SA.fighter/shadow/landing_empty/d13_f05.png'
24:10.958  render           | Saved: '/Users/mohammedkalouti/Documents/Codex/2026-09-27/i/work/art/aircraft-final-production-v3/stage/assets/build/frames/unit.SA.fighter/beauty/landing_empty/d14_f00.png'
24:11.515  render           | Saved: '/Users/mohammedkalouti/Documents/Codex/2026-09-27/i/work/art/aircraft-final-production-v3/stage/assets/build/frames/unit.SA.fighter/team/landing_empty/d14_f00.png'
24:12.437  render           | Saved: '/Users/mohammedkalouti/Documents/Codex/2026-09-27/i/work/art/aircraft-final-production-v3/stage/assets/build/frames/unit.SA.fighter/shadow/landing_empty/d14_f00.png'
24:13.088  render           | Saved: '/Users/mohammedkalouti/Documents/Codex/2026-09-27/i/work/art/aircraft-final-production-v3/stage/assets/build/frames/unit.SA.fighter/beauty/landing_empty/d14_f01.png'
24:13.633  render           | Saved: '/Users/mohammedkalouti/Documents/Codex/2026-09-27/i/work/art/aircraft-final-production-v3/stage/assets/build/frames/unit.SA.fighter/team/landing_empty/d14_f01.png'
24:14.569  render           | Saved: '/Users/mohammedkalouti/Documents/Codex/2026-09-27/i/work/art/aircraft-final-production-v3/stage/assets/build/frames/unit.SA.fighter/shadow/landing_empty/d14_f01.png'
24:15.228  render           | Saved: '/Users/mohammedkalouti/Documents/Codex/2026-09-27/i/work/art/aircraft-final-production-v3/stage/assets/build/frames/unit.SA.fighter/beauty/landing_empty/d14_f02.png'
24:15.769  render           | Saved: '/Users/mohammedkalouti/Documents/Codex/2026-09-27/i/work/art/aircraft-final-production-v3/stage/assets/build/frames/unit.SA.fighter/team/landing_empty/d14_f02.png'
24:16.711  render           | Saved: '/Users/mohammedkalouti/Documents/Codex/2026-09-27/i/work/art/aircraft-final-production-v3/stage/assets/build/frames/unit.SA.fighter/shadow/landing_empty/d14_f02.png'
24:17.345  render           | Saved: '/Users/mohammedkalouti/Documents/Codex/2026-09-27/i/work/art/aircraft-final-production-v3/stage/assets/build/frames/unit.SA.fighter/beauty/landing_empty/d14_f03.png'
24:17.894  render           | Saved: '/Users/mohammedkalouti/Documents/Codex/2026-09-27/i/work/art/aircraft-final-production-v3/stage/assets/build/frames/unit.SA.fighter/team/landing_empty/d14_f03.png'
24:18.836  render           | Saved: '/Users/mohammedkalouti/Documents/Codex/2026-09-27/i/work/art/aircraft-final-production-v3/stage/assets/build/frames/unit.SA.fighter/shadow/landing_empty/d14_f03.png'
24:19.489  render           | Saved: '/Users/mohammedkalouti/Documents/Codex/2026-09-27/i/work/art/aircraft-final-production-v3/stage/assets/build/frames/unit.SA.fighter/beauty/landing_empty/d14_f04.png'
24:20.043  render           | Saved: '/Users/mohammedkalouti/Documents/Codex/2026-09-27/i/work/art/aircraft-final-production-v3/stage/assets/build/frames/unit.SA.fighter/team/landing_empty/d14_f04.png'
24:20.988  render           | Saved: '/Users/mohammedkalouti/Documents/Codex/2026-09-27/i/work/art/aircraft-final-production-v3/stage/assets/build/frames/unit.SA.fighter/shadow/landing_empty/d14_f04.png'
24:21.655  render           | Saved: '/Users/mohammedkalouti/Documents/Codex/2026-09-27/i/work/art/aircraft-final-production-v3/stage/assets/build/frames/unit.SA.fighter/beauty/landing_empty/d14_f05.png'
24:22.181  render           | Saved: '/Users/mohammedkalouti/Documents/Codex/2026-09-27/i/work/art/aircraft-final-production-v3/stage/assets/build/frames/unit.SA.fighter/team/landing_empty/d14_f05.png'
24:23.117  render           | Saved: '/Users/mohammedkalouti/Documents/Codex/2026-09-27/i/work/art/aircraft-final-production-v3/stage/assets/build/frames/unit.SA.fighter/shadow/landing_empty/d14_f05.png'
24:23.737  render           | Saved: '/Users/mohammedkalouti/Documents/Codex/2026-09-27/i/work/art/aircraft-final-production-v3/stage/assets/build/frames/unit.SA.fighter/beauty/landing_empty/d15_f00.png'
24:24.287  render           | Saved: '/Users/mohammedkalouti/Documents/Codex/2026-09-27/i/work/art/aircraft-final-production-v3/stage/assets/build/frames/unit.SA.fighter/team/landing_empty/d15_f00.png'
24:25.276  render           | Saved: '/Users/mohammedkalouti/Documents/Codex/2026-09-27/i/work/art/aircraft-final-production-v3/stage/assets/build/frames/unit.SA.fighter/shadow/landing_empty/d15_f00.png'
24:25.924  render           | Saved: '/Users/mohammedkalouti/Documents/Codex/2026-09-27/i/work/art/aircraft-final-production-v3/stage/assets/build/frames/unit.SA.fighter/beauty/landing_empty/d15_f01.png'
24:26.475  render           | Saved: '/Users/mohammedkalouti/Documents/Codex/2026-09-27/i/work/art/aircraft-final-production-v3/stage/assets/build/frames/unit.SA.fighter/team/landing_empty/d15_f01.png'
24:27.415  render           | Saved: '/Users/mohammedkalouti/Documents/Codex/2026-09-27/i/work/art/aircraft-final-production-v3/stage/assets/build/frames/unit.SA.fighter/shadow/landing_empty/d15_f01.png'
24:28.054  render           | Saved: '/Users/mohammedkalouti/Documents/Codex/2026-09-27/i/work/art/aircraft-final-production-v3/stage/assets/build/frames/unit.SA.fighter/beauty/landing_empty/d15_f02.png'
24:28.588  render           | Saved: '/Users/mohammedkalouti/Documents/Codex/2026-09-27/i/work/art/aircraft-final-production-v3/stage/assets/build/frames/unit.SA.fighter/team/landing_empty/d15_f02.png'
24:29.498  render           | Saved: '/Users/mohammedkalouti/Documents/Codex/2026-09-27/i/work/art/aircraft-final-production-v3/stage/assets/build/frames/unit.SA.fighter/shadow/landing_empty/d15_f02.png'
24:30.136  render           | Saved: '/Users/mohammedkalouti/Documents/Codex/2026-09-27/i/work/art/aircraft-final-production-v3/stage/assets/build/frames/unit.SA.fighter/beauty/landing_empty/d15_f03.png'
24:30.667  render           | Saved: '/Users/mohammedkalouti/Documents/Codex/2026-09-27/i/work/art/aircraft-final-production-v3/stage/assets/build/frames/unit.SA.fighter/team/landing_empty/d15_f03.png'
24:31.600  render           | Saved: '/Users/mohammedkalouti/Documents/Codex/2026-09-27/i/work/art/aircraft-final-production-v3/stage/assets/build/frames/unit.SA.fighter/shadow/landing_empty/d15_f03.png'
24:32.244  render           | Saved: '/Users/mohammedkalouti/Documents/Codex/2026-09-27/i/work/art/aircraft-final-production-v3/stage/assets/build/frames/unit.SA.fighter/beauty/landing_empty/d15_f04.png'
24:32.774  render           | Saved: '/Users/mohammedkalouti/Documents/Codex/2026-09-27/i/work/art/aircraft-final-production-v3/stage/assets/build/frames/unit.SA.fighter/team/landing_empty/d15_f04.png'
24:33.705  render           | Saved: '/Users/mohammedkalouti/Documents/Codex/2026-09-27/i/work/art/aircraft-final-production-v3/stage/assets/build/frames/unit.SA.fighter/shadow/landing_empty/d15_f04.png'
24:34.348  render           | Saved: '/Users/mohammedkalouti/Documents/Codex/2026-09-27/i/work/art/aircraft-final-production-v3/stage/assets/build/frames/unit.SA.fighter/beauty/landing_empty/d15_f05.png'
24:34.908  render           | Saved: '/Users/mohammedkalouti/Documents/Codex/2026-09-27/i/work/art/aircraft-final-production-v3/stage/assets/build/frames/unit.SA.fighter/team/landing_empty/d15_f05.png'
24:35.854  render           | Saved: '/Users/mohammedkalouti/Documents/Codex/2026-09-27/i/work/art/aircraft-final-production-v3/stage/assets/build/frames/unit.SA.fighter/shadow/landing_empty/d15_f05.png'
24:36.482  render           | Saved: '/Users/mohammedkalouti/Documents/Codex/2026-09-27/i/work/art/aircraft-final-production-v3/stage/assets/build/frames/unit.SA.fighter/beauty/damaged_empty/d00_f00.png'
24:37.024  render           | Saved: '/Users/mohammedkalouti/Documents/Codex/2026-09-27/i/work/art/aircraft-final-production-v3/stage/assets/build/frames/unit.SA.fighter/team/damaged_empty/d00_f00.png'
24:37.941  render           | Saved: '/Users/mohammedkalouti/Documents/Codex/2026-09-27/i/work/art/aircraft-final-production-v3/stage/assets/build/frames/unit.SA.fighter/shadow/damaged_empty/d00_f00.png'
24:38.576  render           | Saved: '/Users/mohammedkalouti/Documents/Codex/2026-09-27/i/work/art/aircraft-final-production-v3/stage/assets/build/frames/unit.SA.fighter/beauty/damaged_empty/d01_f00.png'
24:39.137  render           | Saved: '/Users/mohammedkalouti/Documents/Codex/2026-09-27/i/work/art/aircraft-final-production-v3/stage/assets/build/frames/unit.SA.fighter/team/damaged_empty/d01_f00.png'
24:40.077  render           | Saved: '/Users/mohammedkalouti/Documents/Codex/2026-09-27/i/work/art/aircraft-final-production-v3/stage/assets/build/frames/unit.SA.fighter/shadow/damaged_empty/d01_f00.png'
24:40.697  render           | Saved: '/Users/mohammedkalouti/Documents/Codex/2026-09-27/i/work/art/aircraft-final-production-v3/stage/assets/build/frames/unit.SA.fighter/beauty/damaged_empty/d02_f00.png'
24:41.241  render           | Saved: '/Users/mohammedkalouti/Documents/Codex/2026-09-27/i/work/art/aircraft-final-production-v3/stage/assets/build/frames/unit.SA.fighter/team/damaged_empty/d02_f00.png'
24:42.171  render           | Saved: '/Users/mohammedkalouti/Documents/Codex/2026-09-27/i/work/art/aircraft-final-production-v3/stage/assets/build/frames/unit.SA.fighter/shadow/damaged_empty/d02_f00.png'
24:42.803  render           | Saved: '/Users/mohammedkalouti/Documents/Codex/2026-09-27/i/work/art/aircraft-final-production-v3/stage/assets/build/frames/unit.SA.fighter/beauty/damaged_empty/d03_f00.png'
24:43.364  render           | Saved: '/Users/mohammedkalouti/Documents/Codex/2026-09-27/i/work/art/aircraft-final-production-v3/stage/assets/build/frames/unit.SA.fighter/team/damaged_empty/d03_f00.png'
24:44.348  render           | Saved: '/Users/mohammedkalouti/Documents/Codex/2026-09-27/i/work/art/aircraft-final-production-v3/stage/assets/build/frames/unit.SA.fighter/shadow/damaged_empty/d03_f00.png'
24:45.027  render           | Saved: '/Users/mohammedkalouti/Documents/Codex/2026-09-27/i/work/art/aircraft-final-production-v3/stage/assets/build/frames/unit.SA.fighter/beauty/damaged_empty/d04_f00.png'
24:45.564  render           | Saved: '/Users/mohammedkalouti/Documents/Codex/2026-09-27/i/work/art/aircraft-final-production-v3/stage/assets/build/frames/unit.SA.fighter/team/damaged_empty/d04_f00.png'
24:46.498  render           | Saved: '/Users/mohammedkalouti/Documents/Codex/2026-09-27/i/work/art/aircraft-final-production-v3/stage/assets/build/frames/unit.SA.fighter/shadow/damaged_empty/d04_f00.png'
24:47.173  render           | Saved: '/Users/mohammedkalouti/Documents/Codex/2026-09-27/i/work/art/aircraft-final-production-v3/stage/assets/build/frames/unit.SA.fighter/beauty/damaged_empty/d05_f00.png'
24:47.722  render           | Saved: '/Users/mohammedkalouti/Documents/Codex/2026-09-27/i/work/art/aircraft-final-production-v3/stage/assets/build/frames/unit.SA.fighter/team/damaged_empty/d05_f00.png'
24:48.660  render           | Saved: '/Users/mohammedkalouti/Documents/Codex/2026-09-27/i/work/art/aircraft-final-production-v3/stage/assets/build/frames/unit.SA.fighter/shadow/damaged_empty/d05_f00.png'
24:49.309  render           | Saved: '/Users/mohammedkalouti/Documents/Codex/2026-09-27/i/work/art/aircraft-final-production-v3/stage/assets/build/frames/unit.SA.fighter/beauty/damaged_empty/d06_f00.png'
24:49.851  render           | Saved: '/Users/mohammedkalouti/Documents/Codex/2026-09-27/i/work/art/aircraft-final-production-v3/stage/assets/build/frames/unit.SA.fighter/team/damaged_empty/d06_f00.png'
24:50.788  render           | Saved: '/Users/mohammedkalouti/Documents/Codex/2026-09-27/i/work/art/aircraft-final-production-v3/stage/assets/build/frames/unit.SA.fighter/shadow/damaged_empty/d06_f00.png'
24:51.436  render           | Saved: '/Users/mohammedkalouti/Documents/Codex/2026-09-27/i/work/art/aircraft-final-production-v3/stage/assets/build/frames/unit.SA.fighter/beauty/damaged_empty/d07_f00.png'
24:51.984  render           | Saved: '/Users/mohammedkalouti/Documents/Codex/2026-09-27/i/work/art/aircraft-final-production-v3/stage/assets/build/frames/unit.SA.fighter/team/damaged_empty/d07_f00.png'
24:52.910  render           | Saved: '/Users/mohammedkalouti/Documents/Codex/2026-09-27/i/work/art/aircraft-final-production-v3/stage/assets/build/frames/unit.SA.fighter/shadow/damaged_empty/d07_f00.png'
24:53.516  render           | Saved: '/Users/mohammedkalouti/Documents/Codex/2026-09-27/i/work/art/aircraft-final-production-v3/stage/assets/build/frames/unit.SA.fighter/beauty/damaged_empty/d08_f00.png'
24:54.056  render           | Saved: '/Users/mohammedkalouti/Documents/Codex/2026-09-27/i/work/art/aircraft-final-production-v3/stage/assets/build/frames/unit.SA.fighter/team/damaged_empty/d08_f00.png'
24:54.986  render           | Saved: '/Users/mohammedkalouti/Documents/Codex/2026-09-27/i/work/art/aircraft-final-production-v3/stage/assets/build/frames/unit.SA.fighter/shadow/damaged_empty/d08_f00.png'
24:55.633  render           | Saved: '/Users/mohammedkalouti/Documents/Codex/2026-09-27/i/work/art/aircraft-final-production-v3/stage/assets/build/frames/unit.SA.fighter/beauty/damaged_empty/d09_f00.png'
24:56.187  render           | Saved: '/Users/mohammedkalouti/Documents/Codex/2026-09-27/i/work/art/aircraft-final-production-v3/stage/assets/build/frames/unit.SA.fighter/team/damaged_empty/d09_f00.png'
24:57.126  render           | Saved: '/Users/mohammedkalouti/Documents/Codex/2026-09-27/i/work/art/aircraft-final-production-v3/stage/assets/build/frames/unit.SA.fighter/shadow/damaged_empty/d09_f00.png'
24:57.757  render           | Saved: '/Users/mohammedkalouti/Documents/Codex/2026-09-27/i/work/art/aircraft-final-production-v3/stage/assets/build/frames/unit.SA.fighter/beauty/damaged_empty/d10_f00.png'
24:58.288  render           | Saved: '/Users/mohammedkalouti/Documents/Codex/2026-09-27/i/work/art/aircraft-final-production-v3/stage/assets/build/frames/unit.SA.fighter/team/damaged_empty/d10_f00.png'
24:59.196  render           | Saved: '/Users/mohammedkalouti/Documents/Codex/2026-09-27/i/work/art/aircraft-final-production-v3/stage/assets/build/frames/unit.SA.fighter/shadow/damaged_empty/d10_f00.png'
24:59.846  render           | Saved: '/Users/mohammedkalouti/Documents/Codex/2026-09-27/i/work/art/aircraft-final-production-v3/stage/assets/build/frames/unit.SA.fighter/beauty/damaged_empty/d11_f00.png'
25:00.395  render           | Saved: '/Users/mohammedkalouti/Documents/Codex/2026-09-27/i/work/art/aircraft-final-production-v3/stage/assets/build/frames/unit.SA.fighter/team/damaged_empty/d11_f00.png'
25:01.330  render           | Saved: '/Users/mohammedkalouti/Documents/Codex/2026-09-27/i/work/art/aircraft-final-production-v3/stage/assets/build/frames/unit.SA.fighter/shadow/damaged_empty/d11_f00.png'
25:01.967  render           | Saved: '/Users/mohammedkalouti/Documents/Codex/2026-09-27/i/work/art/aircraft-final-production-v3/stage/assets/build/frames/unit.SA.fighter/beauty/damaged_empty/d12_f00.png'
25:02.511  render           | Saved: '/Users/mohammedkalouti/Documents/Codex/2026-09-27/i/work/art/aircraft-final-production-v3/stage/assets/build/frames/unit.SA.fighter/team/damaged_empty/d12_f00.png'
25:03.426  render           | Saved: '/Users/mohammedkalouti/Documents/Codex/2026-09-27/i/work/art/aircraft-final-production-v3/stage/assets/build/frames/unit.SA.fighter/shadow/damaged_empty/d12_f00.png'
25:04.068  render           | Saved: '/Users/mohammedkalouti/Documents/Codex/2026-09-27/i/work/art/aircraft-final-production-v3/stage/assets/build/frames/unit.SA.fighter/beauty/damaged_empty/d13_f00.png'
25:04.604  render           | Saved: '/Users/mohammedkalouti/Documents/Codex/2026-09-27/i/work/art/aircraft-final-production-v3/stage/assets/build/frames/unit.SA.fighter/team/damaged_empty/d13_f00.png'
25:05.555  render           | Saved: '/Users/mohammedkalouti/Documents/Codex/2026-09-27/i/work/art/aircraft-final-production-v3/stage/assets/build/frames/unit.SA.fighter/shadow/damaged_empty/d13_f00.png'
25:06.203  render           | Saved: '/Users/mohammedkalouti/Documents/Codex/2026-09-27/i/work/art/aircraft-final-production-v3/stage/assets/build/frames/unit.SA.fighter/beauty/damaged_empty/d14_f00.png'
25:06.770  render           | Saved: '/Users/mohammedkalouti/Documents/Codex/2026-09-27/i/work/art/aircraft-final-production-v3/stage/assets/build/frames/unit.SA.fighter/team/damaged_empty/d14_f00.png'
25:07.728  render           | Saved: '/Users/mohammedkalouti/Documents/Codex/2026-09-27/i/work/art/aircraft-final-production-v3/stage/assets/build/frames/unit.SA.fighter/shadow/damaged_empty/d14_f00.png'
25:08.380  render           | Saved: '/Users/mohammedkalouti/Documents/Codex/2026-09-27/i/work/art/aircraft-final-production-v3/stage/assets/build/frames/unit.SA.fighter/beauty/damaged_empty/d15_f00.png'
25:08.920  render           | Saved: '/Users/mohammedkalouti/Documents/Codex/2026-09-27/i/work/art/aircraft-final-production-v3/stage/assets/build/frames/unit.SA.fighter/team/damaged_empty/d15_f00.png'
25:09.896  render           | Saved: '/Users/mohammedkalouti/Documents/Codex/2026-09-27/i/work/art/aircraft-final-production-v3/stage/assets/build/frames/unit.SA.fighter/shadow/damaged_empty/d15_f00.png'
25:10.533  render           | Saved: '/Users/mohammedkalouti/Documents/Codex/2026-09-27/i/work/art/aircraft-final-production-v3/stage/assets/build/frames/unit.SA.fighter/beauty/rearm_empty/d00_f00.png'
25:11.097  render           | Saved: '/Users/mohammedkalouti/Documents/Codex/2026-09-27/i/work/art/aircraft-final-production-v3/stage/assets/build/frames/unit.SA.fighter/team/rearm_empty/d00_f00.png'
25:12.132  render           | Saved: '/Users/mohammedkalouti/Documents/Codex/2026-09-27/i/work/art/aircraft-final-production-v3/stage/assets/build/frames/unit.SA.fighter/shadow/rearm_empty/d00_f00.png'
25:12.771  render           | Saved: '/Users/mohammedkalouti/Documents/Codex/2026-09-27/i/work/art/aircraft-final-production-v3/stage/assets/build/frames/unit.SA.fighter/beauty/rearm_empty/d00_f01.png'
25:13.315  render           | Saved: '/Users/mohammedkalouti/Documents/Codex/2026-09-27/i/work/art/aircraft-final-production-v3/stage/assets/build/frames/unit.SA.fighter/team/rearm_empty/d00_f01.png'
25:14.324  render           | Saved: '/Users/mohammedkalouti/Documents/Codex/2026-09-27/i/work/art/aircraft-final-production-v3/stage/assets/build/frames/unit.SA.fighter/shadow/rearm_empty/d00_f01.png'
25:14.957  render           | Saved: '/Users/mohammedkalouti/Documents/Codex/2026-09-27/i/work/art/aircraft-final-production-v3/stage/assets/build/frames/unit.SA.fighter/beauty/rearm_empty/d00_f02.png'
25:15.515  render           | Saved: '/Users/mohammedkalouti/Documents/Codex/2026-09-27/i/work/art/aircraft-final-production-v3/stage/assets/build/frames/unit.SA.fighter/team/rearm_empty/d00_f02.png'
25:16.538  render           | Saved: '/Users/mohammedkalouti/Documents/Codex/2026-09-27/i/work/art/aircraft-final-production-v3/stage/assets/build/frames/unit.SA.fighter/shadow/rearm_empty/d00_f02.png'
25:17.174  render           | Saved: '/Users/mohammedkalouti/Documents/Codex/2026-09-27/i/work/art/aircraft-final-production-v3/stage/assets/build/frames/unit.SA.fighter/beauty/rearm_empty/d00_f03.png'
25:17.718  render           | Saved: '/Users/mohammedkalouti/Documents/Codex/2026-09-27/i/work/art/aircraft-final-production-v3/stage/assets/build/frames/unit.SA.fighter/team/rearm_empty/d00_f03.png'
25:18.728  render           | Saved: '/Users/mohammedkalouti/Documents/Codex/2026-09-27/i/work/art/aircraft-final-production-v3/stage/assets/build/frames/unit.SA.fighter/shadow/rearm_empty/d00_f03.png'
25:19.386  render           | Saved: '/Users/mohammedkalouti/Documents/Codex/2026-09-27/i/work/art/aircraft-final-production-v3/stage/assets/build/frames/unit.SA.fighter/beauty/rearm_empty/d00_f04.png'
25:19.962  render           | Saved: '/Users/mohammedkalouti/Documents/Codex/2026-09-27/i/work/art/aircraft-final-production-v3/stage/assets/build/frames/unit.SA.fighter/team/rearm_empty/d00_f04.png'
25:20.973  render           | Saved: '/Users/mohammedkalouti/Documents/Codex/2026-09-27/i/work/art/aircraft-final-production-v3/stage/assets/build/frames/unit.SA.fighter/shadow/rearm_empty/d00_f04.png'
25:21.612  render           | Saved: '/Users/mohammedkalouti/Documents/Codex/2026-09-27/i/work/art/aircraft-final-production-v3/stage/assets/build/frames/unit.SA.fighter/beauty/rearm_empty/d00_f05.png'
25:22.155  render           | Saved: '/Users/mohammedkalouti/Documents/Codex/2026-09-27/i/work/art/aircraft-final-production-v3/stage/assets/build/frames/unit.SA.fighter/team/rearm_empty/d00_f05.png'
25:23.190  render           | Saved: '/Users/mohammedkalouti/Documents/Codex/2026-09-27/i/work/art/aircraft-final-production-v3/stage/assets/build/frames/unit.SA.fighter/shadow/rearm_empty/d00_f05.png'
25:23.822  render           | Saved: '/Users/mohammedkalouti/Documents/Codex/2026-09-27/i/work/art/aircraft-final-production-v3/stage/assets/build/frames/unit.SA.fighter/beauty/rearm_empty/d01_f00.png'
25:24.364  render           | Saved: '/Users/mohammedkalouti/Documents/Codex/2026-09-27/i/work/art/aircraft-final-production-v3/stage/assets/build/frames/unit.SA.fighter/team/rearm_empty/d01_f00.png'
25:25.379  render           | Saved: '/Users/mohammedkalouti/Documents/Codex/2026-09-27/i/work/art/aircraft-final-production-v3/stage/assets/build/frames/unit.SA.fighter/shadow/rearm_empty/d01_f00.png'
25:26.038  render           | Saved: '/Users/mohammedkalouti/Documents/Codex/2026-09-27/i/work/art/aircraft-final-production-v3/stage/assets/build/frames/unit.SA.fighter/beauty/rearm_empty/d01_f01.png'
25:26.593  render           | Saved: '/Users/mohammedkalouti/Documents/Codex/2026-09-27/i/work/art/aircraft-final-production-v3/stage/assets/build/frames/unit.SA.fighter/team/rearm_empty/d01_f01.png'
25:27.621  render           | Saved: '/Users/mohammedkalouti/Documents/Codex/2026-09-27/i/work/art/aircraft-final-production-v3/stage/assets/build/frames/unit.SA.fighter/shadow/rearm_empty/d01_f01.png'
25:28.265  render           | Saved: '/Users/mohammedkalouti/Documents/Codex/2026-09-27/i/work/art/aircraft-final-production-v3/stage/assets/build/frames/unit.SA.fighter/beauty/rearm_empty/d01_f02.png'
25:28.795  render           | Saved: '/Users/mohammedkalouti/Documents/Codex/2026-09-27/i/work/art/aircraft-final-production-v3/stage/assets/build/frames/unit.SA.fighter/team/rearm_empty/d01_f02.png'
25:29.817  render           | Saved: '/Users/mohammedkalouti/Documents/Codex/2026-09-27/i/work/art/aircraft-final-production-v3/stage/assets/build/frames/unit.SA.fighter/shadow/rearm_empty/d01_f02.png'
25:30.525  render           | Saved: '/Users/mohammedkalouti/Documents/Codex/2026-09-27/i/work/art/aircraft-final-production-v3/stage/assets/build/frames/unit.SA.fighter/beauty/rearm_empty/d01_f03.png'
25:31.075  render           | Saved: '/Users/mohammedkalouti/Documents/Codex/2026-09-27/i/work/art/aircraft-final-production-v3/stage/assets/build/frames/unit.SA.fighter/team/rearm_empty/d01_f03.png'
25:32.080  render           | Saved: '/Users/mohammedkalouti/Documents/Codex/2026-09-27/i/work/art/aircraft-final-production-v3/stage/assets/build/frames/unit.SA.fighter/shadow/rearm_empty/d01_f03.png'
25:32.740  render           | Saved: '/Users/mohammedkalouti/Documents/Codex/2026-09-27/i/work/art/aircraft-final-production-v3/stage/assets/build/frames/unit.SA.fighter/beauty/rearm_empty/d01_f04.png'
25:33.272  render           | Saved: '/Users/mohammedkalouti/Documents/Codex/2026-09-27/i/work/art/aircraft-final-production-v3/stage/assets/build/frames/unit.SA.fighter/team/rearm_empty/d01_f04.png'
25:34.322  render           | Saved: '/Users/mohammedkalouti/Documents/Codex/2026-09-27/i/work/art/aircraft-final-production-v3/stage/assets/build/frames/unit.SA.fighter/shadow/rearm_empty/d01_f04.png'
25:34.960  render           | Saved: '/Users/mohammedkalouti/Documents/Codex/2026-09-27/i/work/art/aircraft-final-production-v3/stage/assets/build/frames/unit.SA.fighter/beauty/rearm_empty/d01_f05.png'
25:35.485  render           | Saved: '/Users/mohammedkalouti/Documents/Codex/2026-09-27/i/work/art/aircraft-final-production-v3/stage/assets/build/frames/unit.SA.fighter/team/rearm_empty/d01_f05.png'
25:36.522  render           | Saved: '/Users/mohammedkalouti/Documents/Codex/2026-09-27/i/work/art/aircraft-final-production-v3/stage/assets/build/frames/unit.SA.fighter/shadow/rearm_empty/d01_f05.png'
25:37.170  render           | Saved: '/Users/mohammedkalouti/Documents/Codex/2026-09-27/i/work/art/aircraft-final-production-v3/stage/assets/build/frames/unit.SA.fighter/beauty/rearm_empty/d02_f00.png'
25:37.724  render           | Saved: '/Users/mohammedkalouti/Documents/Codex/2026-09-27/i/work/art/aircraft-final-production-v3/stage/assets/build/frames/unit.SA.fighter/team/rearm_empty/d02_f00.png'
25:38.763  render           | Saved: '/Users/mohammedkalouti/Documents/Codex/2026-09-27/i/work/art/aircraft-final-production-v3/stage/assets/build/frames/unit.SA.fighter/shadow/rearm_empty/d02_f00.png'
25:39.411  render           | Saved: '/Users/mohammedkalouti/Documents/Codex/2026-09-27/i/work/art/aircraft-final-production-v3/stage/assets/build/frames/unit.SA.fighter/beauty/rearm_empty/d02_f01.png'
25:39.977  render           | Saved: '/Users/mohammedkalouti/Documents/Codex/2026-09-27/i/work/art/aircraft-final-production-v3/stage/assets/build/frames/unit.SA.fighter/team/rearm_empty/d02_f01.png'
25:40.994  render           | Saved: '/Users/mohammedkalouti/Documents/Codex/2026-09-27/i/work/art/aircraft-final-production-v3/stage/assets/build/frames/unit.SA.fighter/shadow/rearm_empty/d02_f01.png'
25:41.635  render           | Saved: '/Users/mohammedkalouti/Documents/Codex/2026-09-27/i/work/art/aircraft-final-production-v3/stage/assets/build/frames/unit.SA.fighter/beauty/rearm_empty/d02_f02.png'
25:42.210  render           | Saved: '/Users/mohammedkalouti/Documents/Codex/2026-09-27/i/work/art/aircraft-final-production-v3/stage/assets/build/frames/unit.SA.fighter/team/rearm_empty/d02_f02.png'
25:43.221  render           | Saved: '/Users/mohammedkalouti/Documents/Codex/2026-09-27/i/work/art/aircraft-final-production-v3/stage/assets/build/frames/unit.SA.fighter/shadow/rearm_empty/d02_f02.png'
25:43.888  render           | Saved: '/Users/mohammedkalouti/Documents/Codex/2026-09-27/i/work/art/aircraft-final-production-v3/stage/assets/build/frames/unit.SA.fighter/beauty/rearm_empty/d02_f03.png'
25:44.454  render           | Saved: '/Users/mohammedkalouti/Documents/Codex/2026-09-27/i/work/art/aircraft-final-production-v3/stage/assets/build/frames/unit.SA.fighter/team/rearm_empty/d02_f03.png'
25:45.555  render           | Saved: '/Users/mohammedkalouti/Documents/Codex/2026-09-27/i/work/art/aircraft-final-production-v3/stage/assets/build/frames/unit.SA.fighter/shadow/rearm_empty/d02_f03.png'
25:46.190  render           | Saved: '/Users/mohammedkalouti/Documents/Codex/2026-09-27/i/work/art/aircraft-final-production-v3/stage/assets/build/frames/unit.SA.fighter/beauty/rearm_empty/d02_f04.png'
25:46.736  render           | Saved: '/Users/mohammedkalouti/Documents/Codex/2026-09-27/i/work/art/aircraft-final-production-v3/stage/assets/build/frames/unit.SA.fighter/team/rearm_empty/d02_f04.png'
25:47.772  render           | Saved: '/Users/mohammedkalouti/Documents/Codex/2026-09-27/i/work/art/aircraft-final-production-v3/stage/assets/build/frames/unit.SA.fighter/shadow/rearm_empty/d02_f04.png'
25:48.430  render           | Saved: '/Users/mohammedkalouti/Documents/Codex/2026-09-27/i/work/art/aircraft-final-production-v3/stage/assets/build/frames/unit.SA.fighter/beauty/rearm_empty/d02_f05.png'
25:49.006  render           | Saved: '/Users/mohammedkalouti/Documents/Codex/2026-09-27/i/work/art/aircraft-final-production-v3/stage/assets/build/frames/unit.SA.fighter/team/rearm_empty/d02_f05.png'
25:50.037  render           | Saved: '/Users/mohammedkalouti/Documents/Codex/2026-09-27/i/work/art/aircraft-final-production-v3/stage/assets/build/frames/unit.SA.fighter/shadow/rearm_empty/d02_f05.png'
25:50.671  render           | Saved: '/Users/mohammedkalouti/Documents/Codex/2026-09-27/i/work/art/aircraft-final-production-v3/stage/assets/build/frames/unit.SA.fighter/beauty/rearm_empty/d03_f01.png'
25:51.209  render           | Saved: '/Users/mohammedkalouti/Documents/Codex/2026-09-27/i/work/art/aircraft-final-production-v3/stage/assets/build/frames/unit.SA.fighter/team/rearm_empty/d03_f01.png'
25:52.246  render           | Saved: '/Users/mohammedkalouti/Documents/Codex/2026-09-27/i/work/art/aircraft-final-production-v3/stage/assets/build/frames/unit.SA.fighter/shadow/rearm_empty/d03_f01.png'
25:52.885  render           | Saved: '/Users/mohammedkalouti/Documents/Codex/2026-09-27/i/work/art/aircraft-final-production-v3/stage/assets/build/frames/unit.SA.fighter/beauty/rearm_empty/d03_f02.png'
25:53.427  render           | Saved: '/Users/mohammedkalouti/Documents/Codex/2026-09-27/i/work/art/aircraft-final-production-v3/stage/assets/build/frames/unit.SA.fighter/team/rearm_empty/d03_f02.png'
25:54.448  render           | Saved: '/Users/mohammedkalouti/Documents/Codex/2026-09-27/i/work/art/aircraft-final-production-v3/stage/assets/build/frames/unit.SA.fighter/shadow/rearm_empty/d03_f02.png'
25:55.086  render           | Saved: '/Users/mohammedkalouti/Documents/Codex/2026-09-27/i/work/art/aircraft-final-production-v3/stage/assets/build/frames/unit.SA.fighter/beauty/rearm_empty/d03_f04.png'
25:55.623  render           | Saved: '/Users/mohammedkalouti/Documents/Codex/2026-09-27/i/work/art/aircraft-final-production-v3/stage/assets/build/frames/unit.SA.fighter/team/rearm_empty/d03_f04.png'
25:56.670  render           | Saved: '/Users/mohammedkalouti/Documents/Codex/2026-09-27/i/work/art/aircraft-final-production-v3/stage/assets/build/frames/unit.SA.fighter/shadow/rearm_empty/d03_f04.png'
25:57.315  render           | Saved: '/Users/mohammedkalouti/Documents/Codex/2026-09-27/i/work/art/aircraft-final-production-v3/stage/assets/build/frames/unit.SA.fighter/beauty/rearm_empty/d03_f05.png'
25:57.866  render           | Saved: '/Users/mohammedkalouti/Documents/Codex/2026-09-27/i/work/art/aircraft-final-production-v3/stage/assets/build/frames/unit.SA.fighter/team/rearm_empty/d03_f05.png'
25:58.895  render           | Saved: '/Users/mohammedkalouti/Documents/Codex/2026-09-27/i/work/art/aircraft-final-production-v3/stage/assets/build/frames/unit.SA.fighter/shadow/rearm_empty/d03_f05.png'
25:59.541  render           | Saved: '/Users/mohammedkalouti/Documents/Codex/2026-09-27/i/work/art/aircraft-final-production-v3/stage/assets/build/frames/unit.SA.fighter/beauty/rearm_empty/d04_f00.png'
26:00.080  render           | Saved: '/Users/mohammedkalouti/Documents/Codex/2026-09-27/i/work/art/aircraft-final-production-v3/stage/assets/build/frames/unit.SA.fighter/team/rearm_empty/d04_f00.png'
26:01.079  render           | Saved: '/Users/mohammedkalouti/Documents/Codex/2026-09-27/i/work/art/aircraft-final-production-v3/stage/assets/build/frames/unit.SA.fighter/shadow/rearm_empty/d04_f00.png'
26:01.728  render           | Saved: '/Users/mohammedkalouti/Documents/Codex/2026-09-27/i/work/art/aircraft-final-production-v3/stage/assets/build/frames/unit.SA.fighter/beauty/rearm_empty/d04_f01.png'
26:02.284  render           | Saved: '/Users/mohammedkalouti/Documents/Codex/2026-09-27/i/work/art/aircraft-final-production-v3/stage/assets/build/frames/unit.SA.fighter/team/rearm_empty/d04_f01.png'
26:03.279  render           | Saved: '/Users/mohammedkalouti/Documents/Codex/2026-09-27/i/work/art/aircraft-final-production-v3/stage/assets/build/frames/unit.SA.fighter/shadow/rearm_empty/d04_f01.png'
26:03.929  render           | Saved: '/Users/mohammedkalouti/Documents/Codex/2026-09-27/i/work/art/aircraft-final-production-v3/stage/assets/build/frames/unit.SA.fighter/beauty/rearm_empty/d04_f02.png'
26:04.467  render           | Saved: '/Users/mohammedkalouti/Documents/Codex/2026-09-27/i/work/art/aircraft-final-production-v3/stage/assets/build/frames/unit.SA.fighter/team/rearm_empty/d04_f02.png'
26:05.481  render           | Saved: '/Users/mohammedkalouti/Documents/Codex/2026-09-27/i/work/art/aircraft-final-production-v3/stage/assets/build/frames/unit.SA.fighter/shadow/rearm_empty/d04_f02.png'
26:06.119  render           | Saved: '/Users/mohammedkalouti/Documents/Codex/2026-09-27/i/work/art/aircraft-final-production-v3/stage/assets/build/frames/unit.SA.fighter/beauty/rearm_empty/d04_f03.png'
26:06.659  render           | Saved: '/Users/mohammedkalouti/Documents/Codex/2026-09-27/i/work/art/aircraft-final-production-v3/stage/assets/build/frames/unit.SA.fighter/team/rearm_empty/d04_f03.png'
26:07.704  render           | Saved: '/Users/mohammedkalouti/Documents/Codex/2026-09-27/i/work/art/aircraft-final-production-v3/stage/assets/build/frames/unit.SA.fighter/shadow/rearm_empty/d04_f03.png'
26:08.396  render           | Saved: '/Users/mohammedkalouti/Documents/Codex/2026-09-27/i/work/art/aircraft-final-production-v3/stage/assets/build/frames/unit.SA.fighter/beauty/rearm_empty/d04_f04.png'
26:08.947  render           | Saved: '/Users/mohammedkalouti/Documents/Codex/2026-09-27/i/work/art/aircraft-final-production-v3/stage/assets/build/frames/unit.SA.fighter/team/rearm_empty/d04_f04.png'
26:09.970  render           | Saved: '/Users/mohammedkalouti/Documents/Codex/2026-09-27/i/work/art/aircraft-final-production-v3/stage/assets/build/frames/unit.SA.fighter/shadow/rearm_empty/d04_f04.png'
26:10.644  render           | Saved: '/Users/mohammedkalouti/Documents/Codex/2026-09-27/i/work/art/aircraft-final-production-v3/stage/assets/build/frames/unit.SA.fighter/beauty/rearm_empty/d04_f05.png'
26:11.179  render           | Saved: '/Users/mohammedkalouti/Documents/Codex/2026-09-27/i/work/art/aircraft-final-production-v3/stage/assets/build/frames/unit.SA.fighter/team/rearm_empty/d04_f05.png'
26:12.183  render           | Saved: '/Users/mohammedkalouti/Documents/Codex/2026-09-27/i/work/art/aircraft-final-production-v3/stage/assets/build/frames/unit.SA.fighter/shadow/rearm_empty/d04_f05.png'
26:12.843  render           | Saved: '/Users/mohammedkalouti/Documents/Codex/2026-09-27/i/work/art/aircraft-final-production-v3/stage/assets/build/frames/unit.SA.fighter/beauty/rearm_empty/d05_f00.png'
26:13.390  render           | Saved: '/Users/mohammedkalouti/Documents/Codex/2026-09-27/i/work/art/aircraft-final-production-v3/stage/assets/build/frames/unit.SA.fighter/team/rearm_empty/d05_f00.png'
26:14.486  render           | Saved: '/Users/mohammedkalouti/Documents/Codex/2026-09-27/i/work/art/aircraft-final-production-v3/stage/assets/build/frames/unit.SA.fighter/shadow/rearm_empty/d05_f00.png'
26:15.131  render           | Saved: '/Users/mohammedkalouti/Documents/Codex/2026-09-27/i/work/art/aircraft-final-production-v3/stage/assets/build/frames/unit.SA.fighter/beauty/rearm_empty/d05_f01.png'
26:15.672  render           | Saved: '/Users/mohammedkalouti/Documents/Codex/2026-09-27/i/work/art/aircraft-final-production-v3/stage/assets/build/frames/unit.SA.fighter/team/rearm_empty/d05_f01.png'
26:16.685  render           | Saved: '/Users/mohammedkalouti/Documents/Codex/2026-09-27/i/work/art/aircraft-final-production-v3/stage/assets/build/frames/unit.SA.fighter/shadow/rearm_empty/d05_f01.png'
26:17.349  render           | Saved: '/Users/mohammedkalouti/Documents/Codex/2026-09-27/i/work/art/aircraft-final-production-v3/stage/assets/build/frames/unit.SA.fighter/beauty/rearm_empty/d05_f02.png'
26:17.895  render           | Saved: '/Users/mohammedkalouti/Documents/Codex/2026-09-27/i/work/art/aircraft-final-production-v3/stage/assets/build/frames/unit.SA.fighter/team/rearm_empty/d05_f02.png'
26:18.937  render           | Saved: '/Users/mohammedkalouti/Documents/Codex/2026-09-27/i/work/art/aircraft-final-production-v3/stage/assets/build/frames/unit.SA.fighter/shadow/rearm_empty/d05_f02.png'
26:19.578  render           | Saved: '/Users/mohammedkalouti/Documents/Codex/2026-09-27/i/work/art/aircraft-final-production-v3/stage/assets/build/frames/unit.SA.fighter/beauty/rearm_empty/d05_f03.png'
26:20.150  render           | Saved: '/Users/mohammedkalouti/Documents/Codex/2026-09-27/i/work/art/aircraft-final-production-v3/stage/assets/build/frames/unit.SA.fighter/team/rearm_empty/d05_f03.png'
26:21.175  render           | Saved: '/Users/mohammedkalouti/Documents/Codex/2026-09-27/i/work/art/aircraft-final-production-v3/stage/assets/build/frames/unit.SA.fighter/shadow/rearm_empty/d05_f03.png'
26:21.825  render           | Saved: '/Users/mohammedkalouti/Documents/Codex/2026-09-27/i/work/art/aircraft-final-production-v3/stage/assets/build/frames/unit.SA.fighter/beauty/rearm_empty/d05_f04.png'
26:22.365  render           | Saved: '/Users/mohammedkalouti/Documents/Codex/2026-09-27/i/work/art/aircraft-final-production-v3/stage/assets/build/frames/unit.SA.fighter/team/rearm_empty/d05_f04.png'
26:23.397  render           | Saved: '/Users/mohammedkalouti/Documents/Codex/2026-09-27/i/work/art/aircraft-final-production-v3/stage/assets/build/frames/unit.SA.fighter/shadow/rearm_empty/d05_f04.png'
26:24.047  render           | Saved: '/Users/mohammedkalouti/Documents/Codex/2026-09-27/i/work/art/aircraft-final-production-v3/stage/assets/build/frames/unit.SA.fighter/beauty/rearm_empty/d05_f05.png'
26:24.596  render           | Saved: '/Users/mohammedkalouti/Documents/Codex/2026-09-27/i/work/art/aircraft-final-production-v3/stage/assets/build/frames/unit.SA.fighter/team/rearm_empty/d05_f05.png'
26:25.634  render           | Saved: '/Users/mohammedkalouti/Documents/Codex/2026-09-27/i/work/art/aircraft-final-production-v3/stage/assets/build/frames/unit.SA.fighter/shadow/rearm_empty/d05_f05.png'
26:26.329  render           | Saved: '/Users/mohammedkalouti/Documents/Codex/2026-09-27/i/work/art/aircraft-final-production-v3/stage/assets/build/frames/unit.SA.fighter/beauty/rearm_empty/d06_f00.png'
26:26.892  render           | Saved: '/Users/mohammedkalouti/Documents/Codex/2026-09-27/i/work/art/aircraft-final-production-v3/stage/assets/build/frames/unit.SA.fighter/team/rearm_empty/d06_f00.png'
26:27.914  render           | Saved: '/Users/mohammedkalouti/Documents/Codex/2026-09-27/i/work/art/aircraft-final-production-v3/stage/assets/build/frames/unit.SA.fighter/shadow/rearm_empty/d06_f00.png'
26:28.566  render           | Saved: '/Users/mohammedkalouti/Documents/Codex/2026-09-27/i/work/art/aircraft-final-production-v3/stage/assets/build/frames/unit.SA.fighter/beauty/rearm_empty/d06_f01.png'
26:29.114  render           | Saved: '/Users/mohammedkalouti/Documents/Codex/2026-09-27/i/work/art/aircraft-final-production-v3/stage/assets/build/frames/unit.SA.fighter/team/rearm_empty/d06_f01.png'
26:30.125  render           | Saved: '/Users/mohammedkalouti/Documents/Codex/2026-09-27/i/work/art/aircraft-final-production-v3/stage/assets/build/frames/unit.SA.fighter/shadow/rearm_empty/d06_f01.png'
26:30.761  render           | Saved: '/Users/mohammedkalouti/Documents/Codex/2026-09-27/i/work/art/aircraft-final-production-v3/stage/assets/build/frames/unit.SA.fighter/beauty/rearm_empty/d06_f02.png'
26:31.303  render           | Saved: '/Users/mohammedkalouti/Documents/Codex/2026-09-27/i/work/art/aircraft-final-production-v3/stage/assets/build/frames/unit.SA.fighter/team/rearm_empty/d06_f02.png'
26:32.328  render           | Saved: '/Users/mohammedkalouti/Documents/Codex/2026-09-27/i/work/art/aircraft-final-production-v3/stage/assets/build/frames/unit.SA.fighter/shadow/rearm_empty/d06_f02.png'
26:32.966  render           | Saved: '/Users/mohammedkalouti/Documents/Codex/2026-09-27/i/work/art/aircraft-final-production-v3/stage/assets/build/frames/unit.SA.fighter/beauty/rearm_empty/d06_f03.png'
26:33.525  render           | Saved: '/Users/mohammedkalouti/Documents/Codex/2026-09-27/i/work/art/aircraft-final-production-v3/stage/assets/build/frames/unit.SA.fighter/team/rearm_empty/d06_f03.png'
26:34.546  render           | Saved: '/Users/mohammedkalouti/Documents/Codex/2026-09-27/i/work/art/aircraft-final-production-v3/stage/assets/build/frames/unit.SA.fighter/shadow/rearm_empty/d06_f03.png'
26:35.228  render           | Saved: '/Users/mohammedkalouti/Documents/Codex/2026-09-27/i/work/art/aircraft-final-production-v3/stage/assets/build/frames/unit.SA.fighter/beauty/rearm_empty/d06_f04.png'
26:35.790  render           | Saved: '/Users/mohammedkalouti/Documents/Codex/2026-09-27/i/work/art/aircraft-final-production-v3/stage/assets/build/frames/unit.SA.fighter/team/rearm_empty/d06_f04.png'
26:36.833  render           | Saved: '/Users/mohammedkalouti/Documents/Codex/2026-09-27/i/work/art/aircraft-final-production-v3/stage/assets/build/frames/unit.SA.fighter/shadow/rearm_empty/d06_f04.png'
26:37.498  render           | Saved: '/Users/mohammedkalouti/Documents/Codex/2026-09-27/i/work/art/aircraft-final-production-v3/stage/assets/build/frames/unit.SA.fighter/beauty/rearm_empty/d06_f05.png'
26:38.059  render           | Saved: '/Users/mohammedkalouti/Documents/Codex/2026-09-27/i/work/art/aircraft-final-production-v3/stage/assets/build/frames/unit.SA.fighter/team/rearm_empty/d06_f05.png'
26:39.101  render           | Saved: '/Users/mohammedkalouti/Documents/Codex/2026-09-27/i/work/art/aircraft-final-production-v3/stage/assets/build/frames/unit.SA.fighter/shadow/rearm_empty/d06_f05.png'
26:39.734  render           | Saved: '/Users/mohammedkalouti/Documents/Codex/2026-09-27/i/work/art/aircraft-final-production-v3/stage/assets/build/frames/unit.SA.fighter/beauty/rearm_empty/d07_f01.png'
26:40.283  render           | Saved: '/Users/mohammedkalouti/Documents/Codex/2026-09-27/i/work/art/aircraft-final-production-v3/stage/assets/build/frames/unit.SA.fighter/team/rearm_empty/d07_f01.png'
26:41.315  render           | Saved: '/Users/mohammedkalouti/Documents/Codex/2026-09-27/i/work/art/aircraft-final-production-v3/stage/assets/build/frames/unit.SA.fighter/shadow/rearm_empty/d07_f01.png'
26:41.985  render           | Saved: '/Users/mohammedkalouti/Documents/Codex/2026-09-27/i/work/art/aircraft-final-production-v3/stage/assets/build/frames/unit.SA.fighter/beauty/rearm_empty/d07_f02.png'
26:42.534  render           | Saved: '/Users/mohammedkalouti/Documents/Codex/2026-09-27/i/work/art/aircraft-final-production-v3/stage/assets/build/frames/unit.SA.fighter/team/rearm_empty/d07_f02.png'
26:43.559  render           | Saved: '/Users/mohammedkalouti/Documents/Codex/2026-09-27/i/work/art/aircraft-final-production-v3/stage/assets/build/frames/unit.SA.fighter/shadow/rearm_empty/d07_f02.png'
26:44.245  render           | Saved: '/Users/mohammedkalouti/Documents/Codex/2026-09-27/i/work/art/aircraft-final-production-v3/stage/assets/build/frames/unit.SA.fighter/beauty/rearm_empty/d07_f04.png'
26:44.800  render           | Saved: '/Users/mohammedkalouti/Documents/Codex/2026-09-27/i/work/art/aircraft-final-production-v3/stage/assets/build/frames/unit.SA.fighter/team/rearm_empty/d07_f04.png'
26:45.896  render           | Saved: '/Users/mohammedkalouti/Documents/Codex/2026-09-27/i/work/art/aircraft-final-production-v3/stage/assets/build/frames/unit.SA.fighter/shadow/rearm_empty/d07_f04.png'
26:46.551  render           | Saved: '/Users/mohammedkalouti/Documents/Codex/2026-09-27/i/work/art/aircraft-final-production-v3/stage/assets/build/frames/unit.SA.fighter/beauty/rearm_empty/d07_f05.png'
26:47.106  render           | Saved: '/Users/mohammedkalouti/Documents/Codex/2026-09-27/i/work/art/aircraft-final-production-v3/stage/assets/build/frames/unit.SA.fighter/team/rearm_empty/d07_f05.png'
26:48.147  render           | Saved: '/Users/mohammedkalouti/Documents/Codex/2026-09-27/i/work/art/aircraft-final-production-v3/stage/assets/build/frames/unit.SA.fighter/shadow/rearm_empty/d07_f05.png'
26:48.800  render           | Saved: '/Users/mohammedkalouti/Documents/Codex/2026-09-27/i/work/art/aircraft-final-production-v3/stage/assets/build/frames/unit.SA.fighter/beauty/rearm_empty/d08_f00.png'
26:49.366  render           | Saved: '/Users/mohammedkalouti/Documents/Codex/2026-09-27/i/work/art/aircraft-final-production-v3/stage/assets/build/frames/unit.SA.fighter/team/rearm_empty/d08_f00.png'
26:50.427  render           | Saved: '/Users/mohammedkalouti/Documents/Codex/2026-09-27/i/work/art/aircraft-final-production-v3/stage/assets/build/frames/unit.SA.fighter/shadow/rearm_empty/d08_f00.png'
26:51.061  render           | Saved: '/Users/mohammedkalouti/Documents/Codex/2026-09-27/i/work/art/aircraft-final-production-v3/stage/assets/build/frames/unit.SA.fighter/beauty/rearm_empty/d08_f01.png'
26:51.625  render           | Saved: '/Users/mohammedkalouti/Documents/Codex/2026-09-27/i/work/art/aircraft-final-production-v3/stage/assets/build/frames/unit.SA.fighter/team/rearm_empty/d08_f01.png'
26:52.669  render           | Saved: '/Users/mohammedkalouti/Documents/Codex/2026-09-27/i/work/art/aircraft-final-production-v3/stage/assets/build/frames/unit.SA.fighter/shadow/rearm_empty/d08_f01.png'
26:53.321  render           | Saved: '/Users/mohammedkalouti/Documents/Codex/2026-09-27/i/work/art/aircraft-final-production-v3/stage/assets/build/frames/unit.SA.fighter/beauty/rearm_empty/d08_f02.png'
26:53.861  render           | Saved: '/Users/mohammedkalouti/Documents/Codex/2026-09-27/i/work/art/aircraft-final-production-v3/stage/assets/build/frames/unit.SA.fighter/team/rearm_empty/d08_f02.png'
26:54.860  render           | Saved: '/Users/mohammedkalouti/Documents/Codex/2026-09-27/i/work/art/aircraft-final-production-v3/stage/assets/build/frames/unit.SA.fighter/shadow/rearm_empty/d08_f02.png'
26:55.504  render           | Saved: '/Users/mohammedkalouti/Documents/Codex/2026-09-27/i/work/art/aircraft-final-production-v3/stage/assets/build/frames/unit.SA.fighter/beauty/rearm_empty/d08_f03.png'
26:56.041  render           | Saved: '/Users/mohammedkalouti/Documents/Codex/2026-09-27/i/work/art/aircraft-final-production-v3/stage/assets/build/frames/unit.SA.fighter/team/rearm_empty/d08_f03.png'
26:57.067  render           | Saved: '/Users/mohammedkalouti/Documents/Codex/2026-09-27/i/work/art/aircraft-final-production-v3/stage/assets/build/frames/unit.SA.fighter/shadow/rearm_empty/d08_f03.png'
26:57.693  render           | Saved: '/Users/mohammedkalouti/Documents/Codex/2026-09-27/i/work/art/aircraft-final-production-v3/stage/assets/build/frames/unit.SA.fighter/beauty/rearm_empty/d08_f04.png'
26:58.260  render           | Saved: '/Users/mohammedkalouti/Documents/Codex/2026-09-27/i/work/art/aircraft-final-production-v3/stage/assets/build/frames/unit.SA.fighter/team/rearm_empty/d08_f04.png'
26:59.332  render           | Saved: '/Users/mohammedkalouti/Documents/Codex/2026-09-27/i/work/art/aircraft-final-production-v3/stage/assets/build/frames/unit.SA.fighter/shadow/rearm_empty/d08_f04.png'
27:00.017  render           | Saved: '/Users/mohammedkalouti/Documents/Codex/2026-09-27/i/work/art/aircraft-final-production-v3/stage/assets/build/frames/unit.SA.fighter/beauty/rearm_empty/d08_f05.png'
27:00.563  render           | Saved: '/Users/mohammedkalouti/Documents/Codex/2026-09-27/i/work/art/aircraft-final-production-v3/stage/assets/build/frames/unit.SA.fighter/team/rearm_empty/d08_f05.png'
27:01.573  render           | Saved: '/Users/mohammedkalouti/Documents/Codex/2026-09-27/i/work/art/aircraft-final-production-v3/stage/assets/build/frames/unit.SA.fighter/shadow/rearm_empty/d08_f05.png'
27:02.232  render           | Saved: '/Users/mohammedkalouti/Documents/Codex/2026-09-27/i/work/art/aircraft-final-production-v3/stage/assets/build/frames/unit.SA.fighter/beauty/rearm_empty/d09_f00.png'
27:02.778  render           | Saved: '/Users/mohammedkalouti/Documents/Codex/2026-09-27/i/work/art/aircraft-final-production-v3/stage/assets/build/frames/unit.SA.fighter/team/rearm_empty/d09_f00.png'
27:03.800  render           | Saved: '/Users/mohammedkalouti/Documents/Codex/2026-09-27/i/work/art/aircraft-final-production-v3/stage/assets/build/frames/unit.SA.fighter/shadow/rearm_empty/d09_f00.png'
27:04.468  render           | Saved: '/Users/mohammedkalouti/Documents/Codex/2026-09-27/i/work/art/aircraft-final-production-v3/stage/assets/build/frames/unit.SA.fighter/beauty/rearm_empty/d09_f01.png'
27:05.031  render           | Saved: '/Users/mohammedkalouti/Documents/Codex/2026-09-27/i/work/art/aircraft-final-production-v3/stage/assets/build/frames/unit.SA.fighter/team/rearm_empty/d09_f01.png'
27:06.106  render           | Saved: '/Users/mohammedkalouti/Documents/Codex/2026-09-27/i/work/art/aircraft-final-production-v3/stage/assets/build/frames/unit.SA.fighter/shadow/rearm_empty/d09_f01.png'
27:06.763  render           | Saved: '/Users/mohammedkalouti/Documents/Codex/2026-09-27/i/work/art/aircraft-final-production-v3/stage/assets/build/frames/unit.SA.fighter/beauty/rearm_empty/d09_f02.png'
27:07.301  render           | Saved: '/Users/mohammedkalouti/Documents/Codex/2026-09-27/i/work/art/aircraft-final-production-v3/stage/assets/build/frames/unit.SA.fighter/team/rearm_empty/d09_f02.png'
27:08.344  render           | Saved: '/Users/mohammedkalouti/Documents/Codex/2026-09-27/i/work/art/aircraft-final-production-v3/stage/assets/build/frames/unit.SA.fighter/shadow/rearm_empty/d09_f02.png'
27:08.979  render           | Saved: '/Users/mohammedkalouti/Documents/Codex/2026-09-27/i/work/art/aircraft-final-production-v3/stage/assets/build/frames/unit.SA.fighter/beauty/rearm_empty/d09_f03.png'
27:09.528  render           | Saved: '/Users/mohammedkalouti/Documents/Codex/2026-09-27/i/work/art/aircraft-final-production-v3/stage/assets/build/frames/unit.SA.fighter/team/rearm_empty/d09_f03.png'
27:10.584  render           | Saved: '/Users/mohammedkalouti/Documents/Codex/2026-09-27/i/work/art/aircraft-final-production-v3/stage/assets/build/frames/unit.SA.fighter/shadow/rearm_empty/d09_f03.png'
27:11.246  render           | Saved: '/Users/mohammedkalouti/Documents/Codex/2026-09-27/i/work/art/aircraft-final-production-v3/stage/assets/build/frames/unit.SA.fighter/beauty/rearm_empty/d09_f04.png'
27:11.790  render           | Saved: '/Users/mohammedkalouti/Documents/Codex/2026-09-27/i/work/art/aircraft-final-production-v3/stage/assets/build/frames/unit.SA.fighter/team/rearm_empty/d09_f04.png'
27:12.856  render           | Saved: '/Users/mohammedkalouti/Documents/Codex/2026-09-27/i/work/art/aircraft-final-production-v3/stage/assets/build/frames/unit.SA.fighter/shadow/rearm_empty/d09_f04.png'
27:13.519  render           | Saved: '/Users/mohammedkalouti/Documents/Codex/2026-09-27/i/work/art/aircraft-final-production-v3/stage/assets/build/frames/unit.SA.fighter/beauty/rearm_empty/d09_f05.png'
27:14.080  render           | Saved: '/Users/mohammedkalouti/Documents/Codex/2026-09-27/i/work/art/aircraft-final-production-v3/stage/assets/build/frames/unit.SA.fighter/team/rearm_empty/d09_f05.png'
27:15.136  render           | Saved: '/Users/mohammedkalouti/Documents/Codex/2026-09-27/i/work/art/aircraft-final-production-v3/stage/assets/build/frames/unit.SA.fighter/shadow/rearm_empty/d09_f05.png'
27:15.832  render           | Saved: '/Users/mohammedkalouti/Documents/Codex/2026-09-27/i/work/art/aircraft-final-production-v3/stage/assets/build/frames/unit.SA.fighter/beauty/rearm_empty/d10_f00.png'
27:16.390  render           | Saved: '/Users/mohammedkalouti/Documents/Codex/2026-09-27/i/work/art/aircraft-final-production-v3/stage/assets/build/frames/unit.SA.fighter/team/rearm_empty/d10_f00.png'
27:17.450  render           | Saved: '/Users/mohammedkalouti/Documents/Codex/2026-09-27/i/work/art/aircraft-final-production-v3/stage/assets/build/frames/unit.SA.fighter/shadow/rearm_empty/d10_f00.png'
27:18.106  render           | Saved: '/Users/mohammedkalouti/Documents/Codex/2026-09-27/i/work/art/aircraft-final-production-v3/stage/assets/build/frames/unit.SA.fighter/beauty/rearm_empty/d10_f01.png'
27:18.660  render           | Saved: '/Users/mohammedkalouti/Documents/Codex/2026-09-27/i/work/art/aircraft-final-production-v3/stage/assets/build/frames/unit.SA.fighter/team/rearm_empty/d10_f01.png'
27:19.708  render           | Saved: '/Users/mohammedkalouti/Documents/Codex/2026-09-27/i/work/art/aircraft-final-production-v3/stage/assets/build/frames/unit.SA.fighter/shadow/rearm_empty/d10_f01.png'
27:20.364  render           | Saved: '/Users/mohammedkalouti/Documents/Codex/2026-09-27/i/work/art/aircraft-final-production-v3/stage/assets/build/frames/unit.SA.fighter/beauty/rearm_empty/d10_f02.png'
27:20.916  render           | Saved: '/Users/mohammedkalouti/Documents/Codex/2026-09-27/i/work/art/aircraft-final-production-v3/stage/assets/build/frames/unit.SA.fighter/team/rearm_empty/d10_f02.png'
27:21.939  render           | Saved: '/Users/mohammedkalouti/Documents/Codex/2026-09-27/i/work/art/aircraft-final-production-v3/stage/assets/build/frames/unit.SA.fighter/shadow/rearm_empty/d10_f02.png'
27:22.571  render           | Saved: '/Users/mohammedkalouti/Documents/Codex/2026-09-27/i/work/art/aircraft-final-production-v3/stage/assets/build/frames/unit.SA.fighter/beauty/rearm_empty/d10_f03.png'
27:23.142  render           | Saved: '/Users/mohammedkalouti/Documents/Codex/2026-09-27/i/work/art/aircraft-final-production-v3/stage/assets/build/frames/unit.SA.fighter/team/rearm_empty/d10_f03.png'
27:24.156  render           | Saved: '/Users/mohammedkalouti/Documents/Codex/2026-09-27/i/work/art/aircraft-final-production-v3/stage/assets/build/frames/unit.SA.fighter/shadow/rearm_empty/d10_f03.png'
27:24.801  render           | Saved: '/Users/mohammedkalouti/Documents/Codex/2026-09-27/i/work/art/aircraft-final-production-v3/stage/assets/build/frames/unit.SA.fighter/beauty/rearm_empty/d10_f04.png'
27:25.361  render           | Saved: '/Users/mohammedkalouti/Documents/Codex/2026-09-27/i/work/art/aircraft-final-production-v3/stage/assets/build/frames/unit.SA.fighter/team/rearm_empty/d10_f04.png'
27:26.399  render           | Saved: '/Users/mohammedkalouti/Documents/Codex/2026-09-27/i/work/art/aircraft-final-production-v3/stage/assets/build/frames/unit.SA.fighter/shadow/rearm_empty/d10_f04.png'
27:27.045  render           | Saved: '/Users/mohammedkalouti/Documents/Codex/2026-09-27/i/work/art/aircraft-final-production-v3/stage/assets/build/frames/unit.SA.fighter/beauty/rearm_empty/d10_f05.png'
27:27.608  render           | Saved: '/Users/mohammedkalouti/Documents/Codex/2026-09-27/i/work/art/aircraft-final-production-v3/stage/assets/build/frames/unit.SA.fighter/team/rearm_empty/d10_f05.png'
27:28.634  render           | Saved: '/Users/mohammedkalouti/Documents/Codex/2026-09-27/i/work/art/aircraft-final-production-v3/stage/assets/build/frames/unit.SA.fighter/shadow/rearm_empty/d10_f05.png'
27:29.289  render           | Saved: '/Users/mohammedkalouti/Documents/Codex/2026-09-27/i/work/art/aircraft-final-production-v3/stage/assets/build/frames/unit.SA.fighter/beauty/rearm_empty/d11_f01.png'
27:29.823  render           | Saved: '/Users/mohammedkalouti/Documents/Codex/2026-09-27/i/work/art/aircraft-final-production-v3/stage/assets/build/frames/unit.SA.fighter/team/rearm_empty/d11_f01.png'
27:30.866  render           | Saved: '/Users/mohammedkalouti/Documents/Codex/2026-09-27/i/work/art/aircraft-final-production-v3/stage/assets/build/frames/unit.SA.fighter/shadow/rearm_empty/d11_f01.png'
27:31.541  render           | Saved: '/Users/mohammedkalouti/Documents/Codex/2026-09-27/i/work/art/aircraft-final-production-v3/stage/assets/build/frames/unit.SA.fighter/beauty/rearm_empty/d11_f02.png'
27:32.118  render           | Saved: '/Users/mohammedkalouti/Documents/Codex/2026-09-27/i/work/art/aircraft-final-production-v3/stage/assets/build/frames/unit.SA.fighter/team/rearm_empty/d11_f02.png'
27:33.140  render           | Saved: '/Users/mohammedkalouti/Documents/Codex/2026-09-27/i/work/art/aircraft-final-production-v3/stage/assets/build/frames/unit.SA.fighter/shadow/rearm_empty/d11_f02.png'
27:33.802  render           | Saved: '/Users/mohammedkalouti/Documents/Codex/2026-09-27/i/work/art/aircraft-final-production-v3/stage/assets/build/frames/unit.SA.fighter/beauty/rearm_empty/d11_f04.png'
27:34.351  render           | Saved: '/Users/mohammedkalouti/Documents/Codex/2026-09-27/i/work/art/aircraft-final-production-v3/stage/assets/build/frames/unit.SA.fighter/team/rearm_empty/d11_f04.png'
27:35.360  render           | Saved: '/Users/mohammedkalouti/Documents/Codex/2026-09-27/i/work/art/aircraft-final-production-v3/stage/assets/build/frames/unit.SA.fighter/shadow/rearm_empty/d11_f04.png'
27:36.019  render           | Saved: '/Users/mohammedkalouti/Documents/Codex/2026-09-27/i/work/art/aircraft-final-production-v3/stage/assets/build/frames/unit.SA.fighter/beauty/rearm_empty/d11_f05.png'
27:36.566  render           | Saved: '/Users/mohammedkalouti/Documents/Codex/2026-09-27/i/work/art/aircraft-final-production-v3/stage/assets/build/frames/unit.SA.fighter/team/rearm_empty/d11_f05.png'
27:37.608  render           | Saved: '/Users/mohammedkalouti/Documents/Codex/2026-09-27/i/work/art/aircraft-final-production-v3/stage/assets/build/frames/unit.SA.fighter/shadow/rearm_empty/d11_f05.png'
27:38.247  render           | Saved: '/Users/mohammedkalouti/Documents/Codex/2026-09-27/i/work/art/aircraft-final-production-v3/stage/assets/build/frames/unit.SA.fighter/beauty/rearm_empty/d12_f00.png'
27:38.901  render           | Saved: '/Users/mohammedkalouti/Documents/Codex/2026-09-27/i/work/art/aircraft-final-production-v3/stage/assets/build/frames/unit.SA.fighter/team/rearm_empty/d12_f00.png'
27:39.976  render           | Saved: '/Users/mohammedkalouti/Documents/Codex/2026-09-27/i/work/art/aircraft-final-production-v3/stage/assets/build/frames/unit.SA.fighter/shadow/rearm_empty/d12_f00.png'
27:40.638  render           | Saved: '/Users/mohammedkalouti/Documents/Codex/2026-09-27/i/work/art/aircraft-final-production-v3/stage/assets/build/frames/unit.SA.fighter/beauty/rearm_empty/d12_f01.png'
27:41.210  render           | Saved: '/Users/mohammedkalouti/Documents/Codex/2026-09-27/i/work/art/aircraft-final-production-v3/stage/assets/build/frames/unit.SA.fighter/team/rearm_empty/d12_f01.png'
27:42.228  render           | Saved: '/Users/mohammedkalouti/Documents/Codex/2026-09-27/i/work/art/aircraft-final-production-v3/stage/assets/build/frames/unit.SA.fighter/shadow/rearm_empty/d12_f01.png'
27:42.866  render           | Saved: '/Users/mohammedkalouti/Documents/Codex/2026-09-27/i/work/art/aircraft-final-production-v3/stage/assets/build/frames/unit.SA.fighter/beauty/rearm_empty/d12_f02.png'
27:43.424  render           | Saved: '/Users/mohammedkalouti/Documents/Codex/2026-09-27/i/work/art/aircraft-final-production-v3/stage/assets/build/frames/unit.SA.fighter/team/rearm_empty/d12_f02.png'
27:44.447  render           | Saved: '/Users/mohammedkalouti/Documents/Codex/2026-09-27/i/work/art/aircraft-final-production-v3/stage/assets/build/frames/unit.SA.fighter/shadow/rearm_empty/d12_f02.png'
27:45.140  render           | Saved: '/Users/mohammedkalouti/Documents/Codex/2026-09-27/i/work/art/aircraft-final-production-v3/stage/assets/build/frames/unit.SA.fighter/beauty/rearm_empty/d12_f03.png'
27:45.689  render           | Saved: '/Users/mohammedkalouti/Documents/Codex/2026-09-27/i/work/art/aircraft-final-production-v3/stage/assets/build/frames/unit.SA.fighter/team/rearm_empty/d12_f03.png'
27:46.715  render           | Saved: '/Users/mohammedkalouti/Documents/Codex/2026-09-27/i/work/art/aircraft-final-production-v3/stage/assets/build/frames/unit.SA.fighter/shadow/rearm_empty/d12_f03.png'
27:47.382  render           | Saved: '/Users/mohammedkalouti/Documents/Codex/2026-09-27/i/work/art/aircraft-final-production-v3/stage/assets/build/frames/unit.SA.fighter/beauty/rearm_empty/d12_f04.png'
27:47.928  render           | Saved: '/Users/mohammedkalouti/Documents/Codex/2026-09-27/i/work/art/aircraft-final-production-v3/stage/assets/build/frames/unit.SA.fighter/team/rearm_empty/d12_f04.png'
27:48.908  render           | Saved: '/Users/mohammedkalouti/Documents/Codex/2026-09-27/i/work/art/aircraft-final-production-v3/stage/assets/build/frames/unit.SA.fighter/shadow/rearm_empty/d12_f04.png'
27:49.554  render           | Saved: '/Users/mohammedkalouti/Documents/Codex/2026-09-27/i/work/art/aircraft-final-production-v3/stage/assets/build/frames/unit.SA.fighter/beauty/rearm_empty/d12_f05.png'
27:50.088  render           | Saved: '/Users/mohammedkalouti/Documents/Codex/2026-09-27/i/work/art/aircraft-final-production-v3/stage/assets/build/frames/unit.SA.fighter/team/rearm_empty/d12_f05.png'
27:51.110  render           | Saved: '/Users/mohammedkalouti/Documents/Codex/2026-09-27/i/work/art/aircraft-final-production-v3/stage/assets/build/frames/unit.SA.fighter/shadow/rearm_empty/d12_f05.png'
27:51.766  render           | Saved: '/Users/mohammedkalouti/Documents/Codex/2026-09-27/i/work/art/aircraft-final-production-v3/stage/assets/build/frames/unit.SA.fighter/beauty/rearm_empty/d13_f00.png'
27:52.313  render           | Saved: '/Users/mohammedkalouti/Documents/Codex/2026-09-27/i/work/art/aircraft-final-production-v3/stage/assets/build/frames/unit.SA.fighter/team/rearm_empty/d13_f00.png'
27:53.344  render           | Saved: '/Users/mohammedkalouti/Documents/Codex/2026-09-27/i/work/art/aircraft-final-production-v3/stage/assets/build/frames/unit.SA.fighter/shadow/rearm_empty/d13_f00.png'
27:54.021  render           | Saved: '/Users/mohammedkalouti/Documents/Codex/2026-09-27/i/work/art/aircraft-final-production-v3/stage/assets/build/frames/unit.SA.fighter/beauty/rearm_empty/d13_f01.png'
27:54.574  render           | Saved: '/Users/mohammedkalouti/Documents/Codex/2026-09-27/i/work/art/aircraft-final-production-v3/stage/assets/build/frames/unit.SA.fighter/team/rearm_empty/d13_f01.png'
27:55.621  render           | Saved: '/Users/mohammedkalouti/Documents/Codex/2026-09-27/i/work/art/aircraft-final-production-v3/stage/assets/build/frames/unit.SA.fighter/shadow/rearm_empty/d13_f01.png'
27:56.278  render           | Saved: '/Users/mohammedkalouti/Documents/Codex/2026-09-27/i/work/art/aircraft-final-production-v3/stage/assets/build/frames/unit.SA.fighter/beauty/rearm_empty/d13_f02.png'
27:56.813  render           | Saved: '/Users/mohammedkalouti/Documents/Codex/2026-09-27/i/work/art/aircraft-final-production-v3/stage/assets/build/frames/unit.SA.fighter/team/rearm_empty/d13_f02.png'
27:57.853  render           | Saved: '/Users/mohammedkalouti/Documents/Codex/2026-09-27/i/work/art/aircraft-final-production-v3/stage/assets/build/frames/unit.SA.fighter/shadow/rearm_empty/d13_f02.png'
27:58.521  render           | Saved: '/Users/mohammedkalouti/Documents/Codex/2026-09-27/i/work/art/aircraft-final-production-v3/stage/assets/build/frames/unit.SA.fighter/beauty/rearm_empty/d13_f03.png'
27:59.080  render           | Saved: '/Users/mohammedkalouti/Documents/Codex/2026-09-27/i/work/art/aircraft-final-production-v3/stage/assets/build/frames/unit.SA.fighter/team/rearm_empty/d13_f03.png'
28:00.136  render           | Saved: '/Users/mohammedkalouti/Documents/Codex/2026-09-27/i/work/art/aircraft-final-production-v3/stage/assets/build/frames/unit.SA.fighter/shadow/rearm_empty/d13_f03.png'
28:00.795  render           | Saved: '/Users/mohammedkalouti/Documents/Codex/2026-09-27/i/work/art/aircraft-final-production-v3/stage/assets/build/frames/unit.SA.fighter/beauty/rearm_empty/d13_f04.png'
28:01.344  render           | Saved: '/Users/mohammedkalouti/Documents/Codex/2026-09-27/i/work/art/aircraft-final-production-v3/stage/assets/build/frames/unit.SA.fighter/team/rearm_empty/d13_f04.png'
28:02.364  render           | Saved: '/Users/mohammedkalouti/Documents/Codex/2026-09-27/i/work/art/aircraft-final-production-v3/stage/assets/build/frames/unit.SA.fighter/shadow/rearm_empty/d13_f04.png'
28:03.044  render           | Saved: '/Users/mohammedkalouti/Documents/Codex/2026-09-27/i/work/art/aircraft-final-production-v3/stage/assets/build/frames/unit.SA.fighter/beauty/rearm_empty/d13_f05.png'
28:03.607  render           | Saved: '/Users/mohammedkalouti/Documents/Codex/2026-09-27/i/work/art/aircraft-final-production-v3/stage/assets/build/frames/unit.SA.fighter/team/rearm_empty/d13_f05.png'
28:04.650  render           | Saved: '/Users/mohammedkalouti/Documents/Codex/2026-09-27/i/work/art/aircraft-final-production-v3/stage/assets/build/frames/unit.SA.fighter/shadow/rearm_empty/d13_f05.png'
28:05.307  render           | Saved: '/Users/mohammedkalouti/Documents/Codex/2026-09-27/i/work/art/aircraft-final-production-v3/stage/assets/build/frames/unit.SA.fighter/beauty/rearm_empty/d14_f00.png'
28:05.849  render           | Saved: '/Users/mohammedkalouti/Documents/Codex/2026-09-27/i/work/art/aircraft-final-production-v3/stage/assets/build/frames/unit.SA.fighter/team/rearm_empty/d14_f00.png'
28:06.936  render           | Saved: '/Users/mohammedkalouti/Documents/Codex/2026-09-27/i/work/art/aircraft-final-production-v3/stage/assets/build/frames/unit.SA.fighter/shadow/rearm_empty/d14_f00.png'
28:07.578  render           | Saved: '/Users/mohammedkalouti/Documents/Codex/2026-09-27/i/work/art/aircraft-final-production-v3/stage/assets/build/frames/unit.SA.fighter/beauty/rearm_empty/d14_f01.png'
28:08.126  render           | Saved: '/Users/mohammedkalouti/Documents/Codex/2026-09-27/i/work/art/aircraft-final-production-v3/stage/assets/build/frames/unit.SA.fighter/team/rearm_empty/d14_f01.png'
28:09.154  render           | Saved: '/Users/mohammedkalouti/Documents/Codex/2026-09-27/i/work/art/aircraft-final-production-v3/stage/assets/build/frames/unit.SA.fighter/shadow/rearm_empty/d14_f01.png'
28:09.805  render           | Saved: '/Users/mohammedkalouti/Documents/Codex/2026-09-27/i/work/art/aircraft-final-production-v3/stage/assets/build/frames/unit.SA.fighter/beauty/rearm_empty/d14_f02.png'
28:10.373  render           | Saved: '/Users/mohammedkalouti/Documents/Codex/2026-09-27/i/work/art/aircraft-final-production-v3/stage/assets/build/frames/unit.SA.fighter/team/rearm_empty/d14_f02.png'
28:11.423  render           | Saved: '/Users/mohammedkalouti/Documents/Codex/2026-09-27/i/work/art/aircraft-final-production-v3/stage/assets/build/frames/unit.SA.fighter/shadow/rearm_empty/d14_f02.png'
28:12.074  render           | Saved: '/Users/mohammedkalouti/Documents/Codex/2026-09-27/i/work/art/aircraft-final-production-v3/stage/assets/build/frames/unit.SA.fighter/beauty/rearm_empty/d14_f03.png'
28:12.619  render           | Saved: '/Users/mohammedkalouti/Documents/Codex/2026-09-27/i/work/art/aircraft-final-production-v3/stage/assets/build/frames/unit.SA.fighter/team/rearm_empty/d14_f03.png'
28:13.658  render           | Saved: '/Users/mohammedkalouti/Documents/Codex/2026-09-27/i/work/art/aircraft-final-production-v3/stage/assets/build/frames/unit.SA.fighter/shadow/rearm_empty/d14_f03.png'
28:14.321  render           | Saved: '/Users/mohammedkalouti/Documents/Codex/2026-09-27/i/work/art/aircraft-final-production-v3/stage/assets/build/frames/unit.SA.fighter/beauty/rearm_empty/d14_f04.png'
28:14.864  render           | Saved: '/Users/mohammedkalouti/Documents/Codex/2026-09-27/i/work/art/aircraft-final-production-v3/stage/assets/build/frames/unit.SA.fighter/team/rearm_empty/d14_f04.png'
28:15.910  render           | Saved: '/Users/mohammedkalouti/Documents/Codex/2026-09-27/i/work/art/aircraft-final-production-v3/stage/assets/build/frames/unit.SA.fighter/shadow/rearm_empty/d14_f04.png'
28:16.563  render           | Saved: '/Users/mohammedkalouti/Documents/Codex/2026-09-27/i/work/art/aircraft-final-production-v3/stage/assets/build/frames/unit.SA.fighter/beauty/rearm_empty/d14_f05.png'
28:17.115  render           | Saved: '/Users/mohammedkalouti/Documents/Codex/2026-09-27/i/work/art/aircraft-final-production-v3/stage/assets/build/frames/unit.SA.fighter/team/rearm_empty/d14_f05.png'
28:18.155  render           | Saved: '/Users/mohammedkalouti/Documents/Codex/2026-09-27/i/work/art/aircraft-final-production-v3/stage/assets/build/frames/unit.SA.fighter/shadow/rearm_empty/d14_f05.png'
28:18.831  render           | Saved: '/Users/mohammedkalouti/Documents/Codex/2026-09-27/i/work/art/aircraft-final-production-v3/stage/assets/build/frames/unit.SA.fighter/beauty/rearm_empty/d15_f01.png'
28:19.401  render           | Saved: '/Users/mohammedkalouti/Documents/Codex/2026-09-27/i/work/art/aircraft-final-production-v3/stage/assets/build/frames/unit.SA.fighter/team/rearm_empty/d15_f01.png'
28:20.479  render           | Saved: '/Users/mohammedkalouti/Documents/Codex/2026-09-27/i/work/art/aircraft-final-production-v3/stage/assets/build/frames/unit.SA.fighter/shadow/rearm_empty/d15_f01.png'
28:21.136  render           | Saved: '/Users/mohammedkalouti/Documents/Codex/2026-09-27/i/work/art/aircraft-final-production-v3/stage/assets/build/frames/unit.SA.fighter/beauty/rearm_empty/d15_f02.png'
28:21.697  render           | Saved: '/Users/mohammedkalouti/Documents/Codex/2026-09-27/i/work/art/aircraft-final-production-v3/stage/assets/build/frames/unit.SA.fighter/team/rearm_empty/d15_f02.png'
28:22.715  render           | Saved: '/Users/mohammedkalouti/Documents/Codex/2026-09-27/i/work/art/aircraft-final-production-v3/stage/assets/build/frames/unit.SA.fighter/shadow/rearm_empty/d15_f02.png'
28:23.459  render           | Saved: '/Users/mohammedkalouti/Documents/Codex/2026-09-27/i/work/art/aircraft-final-production-v3/stage/assets/build/frames/unit.SA.fighter/beauty/rearm_empty/d15_f04.png'
28:24.051  render           | Saved: '/Users/mohammedkalouti/Documents/Codex/2026-09-27/i/work/art/aircraft-final-production-v3/stage/assets/build/frames/unit.SA.fighter/team/rearm_empty/d15_f04.png'
28:25.112  render           | Saved: '/Users/mohammedkalouti/Documents/Codex/2026-09-27/i/work/art/aircraft-final-production-v3/stage/assets/build/frames/unit.SA.fighter/shadow/rearm_empty/d15_f04.png'
28:25.767  render           | Saved: '/Users/mohammedkalouti/Documents/Codex/2026-09-27/i/work/art/aircraft-final-production-v3/stage/assets/build/frames/unit.SA.fighter/beauty/rearm_empty/d15_f05.png'
28:26.317  render           | Saved: '/Users/mohammedkalouti/Documents/Codex/2026-09-27/i/work/art/aircraft-final-production-v3/stage/assets/build/frames/unit.SA.fighter/team/rearm_empty/d15_f05.png'
28:27.394  render           | Saved: '/Users/mohammedkalouti/Documents/Codex/2026-09-27/i/work/art/aircraft-final-production-v3/stage/assets/build/frames/unit.SA.fighter/shadow/rearm_empty/d15_f05.png'
Info: Saved as "unit.SA.fighter.blend"
FC_REUSED_POSES unit.SA.fighter poses=40
FC_RENDER_DONE unit.SA.fighter poses=896 seconds=1707.1
Blender 5.2.2 LTS (hash d13f752e3b9c built 2026-09-15 01:49:19)

Blender quit
