00:01.018  render           | Saved: '/Users/mohammedkalouti/Documents/Codex/2026-09-27/i/work/art/aircraft-final-production-v3/stage/assets/build/frames/unit.SY.scout_drone/beauty/fly/d00_f00.png'
00:01.565  render           | Saved: '/Users/mohammedkalouti/Documents/Codex/2026-09-27/i/work/art/aircraft-final-production-v3/stage/assets/build/frames/unit.SY.scout_drone/team/fly/d00_f00.png'
00:01.856  render           | Saved: '/var/folders/n4/43n_jxh10gg3s770b_8jbzb80000gn/T/fc-team-coverage-wr7alqe1.png'
00:03.097  render           | Saved: '/Users/mohammedkalouti/Documents/Codex/2026-09-27/i/work/art/aircraft-final-production-v3/stage/assets/build/frames/unit.SY.scout_drone/shadow/fly/d00_f00.png'
00:03.843  render           | Saved: '/Users/mohammedkalouti/Documents/Codex/2026-09-27/i/work/art/aircraft-final-production-v3/stage/assets/build/frames/unit.SY.scout_drone/beauty/fly/d00_f01.png'
00:04.330  render           | Saved: '/Users/mohammedkalouti/Documents/Codex/2026-09-27/i/work/art/aircraft-final-production-v3/stage/assets/build/frames/unit.SY.scout_drone/team/fly/d00_f01.png'
00:04.624  render           | Saved: '/var/folders/n4/43n_jxh10gg3s770b_8jbzb80000gn/T/fc-team-coverage-4v5xqdg8.png'
00:05.764  render           | Saved: '/Users/mohammedkalouti/Documents/Codex/2026-09-27/i/work/art/aircraft-final-production-v3/stage/assets/build/frames/unit.SY.scout_drone/shadow/fly/d00_f01.png'
00:06.356  render           | Saved: '/Users/mohammedkalouti/Documents/Codex/2026-09-27/i/work/art/aircraft-final-production-v3/stage/assets/build/frames/unit.SY.scout_drone/beauty/fly/d00_f02.png'
00:06.851  render           | Saved: '/Users/mohammedkalouti/Documents/Codex/2026-09-27/i/work/art/aircraft-final-production-v3/stage/assets/build/frames/unit.SY.scout_drone/team/fly/d00_f02.png'
00:07.108  render           | Saved: '/var/folders/n4/43n_jxh10gg3s770b_8jbzb80000gn/T/fc-team-coverage-zu0de4yy.png'
00:08.077  render           | Saved: '/Users/mohammedkalouti/Documents/Codex/2026-09-27/i/work/art/aircraft-final-production-v3/stage/assets/build/frames/unit.SY.scout_drone/shadow/fly/d00_f02.png'
00:08.626  render           | Saved: '/Users/mohammedkalouti/Documents/Codex/2026-09-27/i/work/art/aircraft-final-production-v3/stage/assets/build/frames/unit.SY.scout_drone/beauty/fly/d01_f00.png'
00:09.115  render           | Saved: '/Users/mohammedkalouti/Documents/Codex/2026-09-27/i/work/art/aircraft-final-production-v3/stage/assets/build/frames/unit.SY.scout_drone/team/fly/d01_f00.png'
00:09.385  render           | Saved: '/var/folders/n4/43n_jxh10gg3s770b_8jbzb80000gn/T/fc-team-coverage-4gg_lucl.png'
00:10.253  render           | Saved: '/Users/mohammedkalouti/Documents/Codex/2026-09-27/i/work/art/aircraft-final-production-v3/stage/assets/build/frames/unit.SY.scout_drone/shadow/fly/d01_f00.png'
00:10.821  render           | Saved: '/Users/mohammedkalouti/Documents/Codex/2026-09-27/i/work/art/aircraft-final-production-v3/stage/assets/build/frames/unit.SY.scout_drone/beauty/fly/d01_f01.png'
00:11.322  render           | Saved: '/Users/mohammedkalouti/Documents/Codex/2026-09-27/i/work/art/aircraft-final-production-v3/stage/assets/build/frames/unit.SY.scout_drone/team/fly/d01_f01.png'
00:11.578  render           | Saved: '/var/folders/n4/43n_jxh10gg3s770b_8jbzb80000gn/T/fc-team-coverage-ii4ag_lh.png'
00:12.443  render           | Saved: '/Users/mohammedkalouti/Documents/Codex/2026-09-27/i/work/art/aircraft-final-production-v3/stage/assets/build/frames/unit.SY.scout_drone/shadow/fly/d01_f01.png'
00:12.989  render           | Saved: '/Users/mohammedkalouti/Documents/Codex/2026-09-27/i/work/art/aircraft-final-production-v3/stage/assets/build/frames/unit.SY.scout_drone/beauty/fly/d01_f02.png'
00:13.472  render           | Saved: '/Users/mohammedkalouti/Documents/Codex/2026-09-27/i/work/art/aircraft-final-production-v3/stage/assets/build/frames/unit.SY.scout_drone/team/fly/d01_f02.png'
00:13.724  render           | Saved: '/var/folders/n4/43n_jxh10gg3s770b_8jbzb80000gn/T/fc-team-coverage-n36qnp4l.png'
00:14.620  render           | Saved: '/Users/mohammedkalouti/Documents/Codex/2026-09-27/i/work/art/aircraft-final-production-v3/stage/assets/build/frames/unit.SY.scout_drone/shadow/fly/d01_f02.png'
00:15.193  render           | Saved: '/Users/mohammedkalouti/Documents/Codex/2026-09-27/i/work/art/aircraft-final-production-v3/stage/assets/build/frames/unit.SY.scout_drone/beauty/fly/d02_f00.png'
00:15.676  render           | Saved: '/Users/mohammedkalouti/Documents/Codex/2026-09-27/i/work/art/aircraft-final-production-v3/stage/assets/build/frames/unit.SY.scout_drone/team/fly/d02_f00.png'
00:15.929  render           | Saved: '/var/folders/n4/43n_jxh10gg3s770b_8jbzb80000gn/T/fc-team-coverage-vqtb_8zo.png'
00:16.783  render           | Saved: '/Users/mohammedkalouti/Documents/Codex/2026-09-27/i/work/art/aircraft-final-production-v3/stage/assets/build/frames/unit.SY.scout_drone/shadow/fly/d02_f00.png'
00:17.351  render           | Saved: '/Users/mohammedkalouti/Documents/Codex/2026-09-27/i/work/art/aircraft-final-production-v3/stage/assets/build/frames/unit.SY.scout_drone/beauty/fly/d02_f01.png'
00:17.912  render           | Saved: '/Users/mohammedkalouti/Documents/Codex/2026-09-27/i/work/art/aircraft-final-production-v3/stage/assets/build/frames/unit.SY.scout_drone/team/fly/d02_f01.png'
00:18.149  render           | Saved: '/var/folders/n4/43n_jxh10gg3s770b_8jbzb80000gn/T/fc-team-coverage-gvvles28.png'
00:19.004  render           | Saved: '/Users/mohammedkalouti/Documents/Codex/2026-09-27/i/work/art/aircraft-final-production-v3/stage/assets/build/frames/unit.SY.scout_drone/shadow/fly/d02_f01.png'
00:19.579  render           | Saved: '/Users/mohammedkalouti/Documents/Codex/2026-09-27/i/work/art/aircraft-final-production-v3/stage/assets/build/frames/unit.SY.scout_drone/beauty/fly/d02_f02.png'
00:20.074  render           | Saved: '/Users/mohammedkalouti/Documents/Codex/2026-09-27/i/work/art/aircraft-final-production-v3/stage/assets/build/frames/unit.SY.scout_drone/team/fly/d02_f02.png'
00:20.341  render           | Saved: '/var/folders/n4/43n_jxh10gg3s770b_8jbzb80000gn/T/fc-team-coverage-97wobmau.png'
00:21.289  render           | Saved: '/Users/mohammedkalouti/Documents/Codex/2026-09-27/i/work/art/aircraft-final-production-v3/stage/assets/build/frames/unit.SY.scout_drone/shadow/fly/d02_f02.png'
00:21.909  render           | Saved: '/Users/mohammedkalouti/Documents/Codex/2026-09-27/i/work/art/aircraft-final-production-v3/stage/assets/build/frames/unit.SY.scout_drone/beauty/fly/d03_f00.png'
00:22.625  render           | Saved: '/Users/mohammedkalouti/Documents/Codex/2026-09-27/i/work/art/aircraft-final-production-v3/stage/assets/build/frames/unit.SY.scout_drone/team/fly/d03_f00.png'
00:23.115  render           | Saved: '/var/folders/n4/43n_jxh10gg3s770b_8jbzb80000gn/T/fc-team-coverage-0k8z4k9e.png'
00:24.282  render           | Saved: '/Users/mohammedkalouti/Documents/Codex/2026-09-27/i/work/art/aircraft-final-production-v3/stage/assets/build/frames/unit.SY.scout_drone/shadow/fly/d03_f00.png'
00:24.936  render           | Saved: '/Users/mohammedkalouti/Documents/Codex/2026-09-27/i/work/art/aircraft-final-production-v3/stage/assets/build/frames/unit.SY.scout_drone/beauty/fly/d03_f01.png'
00:25.534  render           | Saved: '/Users/mohammedkalouti/Documents/Codex/2026-09-27/i/work/art/aircraft-final-production-v3/stage/assets/build/frames/unit.SY.scout_drone/team/fly/d03_f01.png'
00:25.834  render           | Saved: '/var/folders/n4/43n_jxh10gg3s770b_8jbzb80000gn/T/fc-team-coverage-kib8s7iy.png'
00:26.916  render           | Saved: '/Users/mohammedkalouti/Documents/Codex/2026-09-27/i/work/art/aircraft-final-production-v3/stage/assets/build/frames/unit.SY.scout_drone/shadow/fly/d03_f01.png'
00:27.594  render           | Saved: '/Users/mohammedkalouti/Documents/Codex/2026-09-27/i/work/art/aircraft-final-production-v3/stage/assets/build/frames/unit.SY.scout_drone/beauty/fly/d03_f02.png'
00:28.151  render           | Saved: '/Users/mohammedkalouti/Documents/Codex/2026-09-27/i/work/art/aircraft-final-production-v3/stage/assets/build/frames/unit.SY.scout_drone/team/fly/d03_f02.png'
00:28.415  render           | Saved: '/var/folders/n4/43n_jxh10gg3s770b_8jbzb80000gn/T/fc-team-coverage-lwb__j1v.png'
00:29.359  render           | Saved: '/Users/mohammedkalouti/Documents/Codex/2026-09-27/i/work/art/aircraft-final-production-v3/stage/assets/build/frames/unit.SY.scout_drone/shadow/fly/d03_f02.png'
00:29.952  render           | Saved: '/Users/mohammedkalouti/Documents/Codex/2026-09-27/i/work/art/aircraft-final-production-v3/stage/assets/build/frames/unit.SY.scout_drone/beauty/fly/d04_f00.png'
00:30.473  render           | Saved: '/Users/mohammedkalouti/Documents/Codex/2026-09-27/i/work/art/aircraft-final-production-v3/stage/assets/build/frames/unit.SY.scout_drone/team/fly/d04_f00.png'
00:30.724  render           | Saved: '/var/folders/n4/43n_jxh10gg3s770b_8jbzb80000gn/T/fc-team-coverage-42n7z16q.png'
00:31.663  render           | Saved: '/Users/mohammedkalouti/Documents/Codex/2026-09-27/i/work/art/aircraft-final-production-v3/stage/assets/build/frames/unit.SY.scout_drone/shadow/fly/d04_f00.png'
00:32.269  render           | Saved: '/Users/mohammedkalouti/Documents/Codex/2026-09-27/i/work/art/aircraft-final-production-v3/stage/assets/build/frames/unit.SY.scout_drone/beauty/fly/d04_f01.png'
00:32.795  render           | Saved: '/Users/mohammedkalouti/Documents/Codex/2026-09-27/i/work/art/aircraft-final-production-v3/stage/assets/build/frames/unit.SY.scout_drone/team/fly/d04_f01.png'
00:33.064  render           | Saved: '/var/folders/n4/43n_jxh10gg3s770b_8jbzb80000gn/T/fc-team-coverage-o87rgqd4.png'
00:34.058  render           | Saved: '/Users/mohammedkalouti/Documents/Codex/2026-09-27/i/work/art/aircraft-final-production-v3/stage/assets/build/frames/unit.SY.scout_drone/shadow/fly/d04_f01.png'
00:34.676  render           | Saved: '/Users/mohammedkalouti/Documents/Codex/2026-09-27/i/work/art/aircraft-final-production-v3/stage/assets/build/frames/unit.SY.scout_drone/beauty/fly/d04_f02.png'
00:35.214  render           | Saved: '/Users/mohammedkalouti/Documents/Codex/2026-09-27/i/work/art/aircraft-final-production-v3/stage/assets/build/frames/unit.SY.scout_drone/team/fly/d04_f02.png'
00:35.496  render           | Saved: '/var/folders/n4/43n_jxh10gg3s770b_8jbzb80000gn/T/fc-team-coverage-uf7ybq3l.png'
00:36.440  render           | Saved: '/Users/mohammedkalouti/Documents/Codex/2026-09-27/i/work/art/aircraft-final-production-v3/stage/assets/build/frames/unit.SY.scout_drone/shadow/fly/d04_f02.png'
00:37.020  render           | Saved: '/Users/mohammedkalouti/Documents/Codex/2026-09-27/i/work/art/aircraft-final-production-v3/stage/assets/build/frames/unit.SY.scout_drone/beauty/fly/d05_f00.png'
00:37.546  render           | Saved: '/Users/mohammedkalouti/Documents/Codex/2026-09-27/i/work/art/aircraft-final-production-v3/stage/assets/build/frames/unit.SY.scout_drone/team/fly/d05_f00.png'
00:37.820  render           | Saved: '/var/folders/n4/43n_jxh10gg3s770b_8jbzb80000gn/T/fc-team-coverage-zrfj69ce.png'
00:38.797  render           | Saved: '/Users/mohammedkalouti/Documents/Codex/2026-09-27/i/work/art/aircraft-final-production-v3/stage/assets/build/frames/unit.SY.scout_drone/shadow/fly/d05_f00.png'
00:39.485  render           | Saved: '/Users/mohammedkalouti/Documents/Codex/2026-09-27/i/work/art/aircraft-final-production-v3/stage/assets/build/frames/unit.SY.scout_drone/beauty/fly/d05_f01.png'
00:40.013  render           | Saved: '/Users/mohammedkalouti/Documents/Codex/2026-09-27/i/work/art/aircraft-final-production-v3/stage/assets/build/frames/unit.SY.scout_drone/team/fly/d05_f01.png'
00:40.290  render           | Saved: '/var/folders/n4/43n_jxh10gg3s770b_8jbzb80000gn/T/fc-team-coverage-tggk4jj8.png'
00:41.239  render           | Saved: '/Users/mohammedkalouti/Documents/Codex/2026-09-27/i/work/art/aircraft-final-production-v3/stage/assets/build/frames/unit.SY.scout_drone/shadow/fly/d05_f01.png'
00:41.897  render           | Saved: '/Users/mohammedkalouti/Documents/Codex/2026-09-27/i/work/art/aircraft-final-production-v3/stage/assets/build/frames/unit.SY.scout_drone/beauty/fly/d05_f02.png'
00:42.401  render           | Saved: '/Users/mohammedkalouti/Documents/Codex/2026-09-27/i/work/art/aircraft-final-production-v3/stage/assets/build/frames/unit.SY.scout_drone/team/fly/d05_f02.png'
00:42.673  render           | Saved: '/var/folders/n4/43n_jxh10gg3s770b_8jbzb80000gn/T/fc-team-coverage-ikqodiqo.png'
00:43.624  render           | Saved: '/Users/mohammedkalouti/Documents/Codex/2026-09-27/i/work/art/aircraft-final-production-v3/stage/assets/build/frames/unit.SY.scout_drone/shadow/fly/d05_f02.png'
00:44.203  render           | Saved: '/Users/mohammedkalouti/Documents/Codex/2026-09-27/i/work/art/aircraft-final-production-v3/stage/assets/build/frames/unit.SY.scout_drone/beauty/fly/d06_f00.png'
00:44.711  render           | Saved: '/Users/mohammedkalouti/Documents/Codex/2026-09-27/i/work/art/aircraft-final-production-v3/stage/assets/build/frames/unit.SY.scout_drone/team/fly/d06_f00.png'
00:44.995  render           | Saved: '/var/folders/n4/43n_jxh10gg3s770b_8jbzb80000gn/T/fc-team-coverage-_xfyajgy.png'
00:46.007  render           | Saved: '/Users/mohammedkalouti/Documents/Codex/2026-09-27/i/work/art/aircraft-final-production-v3/stage/assets/build/frames/unit.SY.scout_drone/shadow/fly/d06_f00.png'
00:46.581  render           | Saved: '/Users/mohammedkalouti/Documents/Codex/2026-09-27/i/work/art/aircraft-final-production-v3/stage/assets/build/frames/unit.SY.scout_drone/beauty/fly/d06_f01.png'
00:47.090  render           | Saved: '/Users/mohammedkalouti/Documents/Codex/2026-09-27/i/work/art/aircraft-final-production-v3/stage/assets/build/frames/unit.SY.scout_drone/team/fly/d06_f01.png'
00:47.358  render           | Saved: '/var/folders/n4/43n_jxh10gg3s770b_8jbzb80000gn/T/fc-team-coverage-ofgn8n9t.png'
00:48.278  render           | Saved: '/Users/mohammedkalouti/Documents/Codex/2026-09-27/i/work/art/aircraft-final-production-v3/stage/assets/build/frames/unit.SY.scout_drone/shadow/fly/d06_f01.png'
00:48.854  render           | Saved: '/Users/mohammedkalouti/Documents/Codex/2026-09-27/i/work/art/aircraft-final-production-v3/stage/assets/build/frames/unit.SY.scout_drone/beauty/fly/d06_f02.png'
00:49.366  render           | Saved: '/Users/mohammedkalouti/Documents/Codex/2026-09-27/i/work/art/aircraft-final-production-v3/stage/assets/build/frames/unit.SY.scout_drone/team/fly/d06_f02.png'
00:49.636  render           | Saved: '/var/folders/n4/43n_jxh10gg3s770b_8jbzb80000gn/T/fc-team-coverage-p9jr96yv.png'
00:50.582  render           | Saved: '/Users/mohammedkalouti/Documents/Codex/2026-09-27/i/work/art/aircraft-final-production-v3/stage/assets/build/frames/unit.SY.scout_drone/shadow/fly/d06_f02.png'
00:51.249  render           | Saved: '/Users/mohammedkalouti/Documents/Codex/2026-09-27/i/work/art/aircraft-final-production-v3/stage/assets/build/frames/unit.SY.scout_drone/beauty/fly/d07_f00.png'
00:51.810  render           | Saved: '/Users/mohammedkalouti/Documents/Codex/2026-09-27/i/work/art/aircraft-final-production-v3/stage/assets/build/frames/unit.SY.scout_drone/team/fly/d07_f00.png'
00:52.104  render           | Saved: '/var/folders/n4/43n_jxh10gg3s770b_8jbzb80000gn/T/fc-team-coverage-1646aby0.png'
00:53.146  render           | Saved: '/Users/mohammedkalouti/Documents/Codex/2026-09-27/i/work/art/aircraft-final-production-v3/stage/assets/build/frames/unit.SY.scout_drone/shadow/fly/d07_f00.png'
00:53.752  render           | Saved: '/Users/mohammedkalouti/Documents/Codex/2026-09-27/i/work/art/aircraft-final-production-v3/stage/assets/build/frames/unit.SY.scout_drone/beauty/fly/d07_f01.png'
00:54.275  render           | Saved: '/Users/mohammedkalouti/Documents/Codex/2026-09-27/i/work/art/aircraft-final-production-v3/stage/assets/build/frames/unit.SY.scout_drone/team/fly/d07_f01.png'
00:54.526  render           | Saved: '/var/folders/n4/43n_jxh10gg3s770b_8jbzb80000gn/T/fc-team-coverage-_ej410v5.png'
00:55.367  render           | Saved: '/Users/mohammedkalouti/Documents/Codex/2026-09-27/i/work/art/aircraft-final-production-v3/stage/assets/build/frames/unit.SY.scout_drone/shadow/fly/d07_f01.png'
00:55.921  render           | Saved: '/Users/mohammedkalouti/Documents/Codex/2026-09-27/i/work/art/aircraft-final-production-v3/stage/assets/build/frames/unit.SY.scout_drone/beauty/fly/d07_f02.png'
00:56.419  render           | Saved: '/Users/mohammedkalouti/Documents/Codex/2026-09-27/i/work/art/aircraft-final-production-v3/stage/assets/build/frames/unit.SY.scout_drone/team/fly/d07_f02.png'
00:56.652  render           | Saved: '/var/folders/n4/43n_jxh10gg3s770b_8jbzb80000gn/T/fc-team-coverage-wq9hv4w1.png'
00:57.487  render           | Saved: '/Users/mohammedkalouti/Documents/Codex/2026-09-27/i/work/art/aircraft-final-production-v3/stage/assets/build/frames/unit.SY.scout_drone/shadow/fly/d07_f02.png'
00:58.027  render           | Saved: '/Users/mohammedkalouti/Documents/Codex/2026-09-27/i/work/art/aircraft-final-production-v3/stage/assets/build/frames/unit.SY.scout_drone/beauty/fly/d08_f00.png'
00:58.501  render           | Saved: '/Users/mohammedkalouti/Documents/Codex/2026-09-27/i/work/art/aircraft-final-production-v3/stage/assets/build/frames/unit.SY.scout_drone/team/fly/d08_f00.png'
00:58.744  render           | Saved: '/var/folders/n4/43n_jxh10gg3s770b_8jbzb80000gn/T/fc-team-coverage-c8byf6um.png'
00:59.566  render           | Saved: '/Users/mohammedkalouti/Documents/Codex/2026-09-27/i/work/art/aircraft-final-production-v3/stage/assets/build/frames/unit.SY.scout_drone/shadow/fly/d08_f00.png'
01:00.090  render           | Saved: '/Users/mohammedkalouti/Documents/Codex/2026-09-27/i/work/art/aircraft-final-production-v3/stage/assets/build/frames/unit.SY.scout_drone/beauty/fly/d08_f01.png'
01:00.549  render           | Saved: '/Users/mohammedkalouti/Documents/Codex/2026-09-27/i/work/art/aircraft-final-production-v3/stage/assets/build/frames/unit.SY.scout_drone/team/fly/d08_f01.png'
01:00.777  render           | Saved: '/var/folders/n4/43n_jxh10gg3s770b_8jbzb80000gn/T/fc-team-coverage-ysvjidlt.png'
01:01.613  render           | Saved: '/Users/mohammedkalouti/Documents/Codex/2026-09-27/i/work/art/aircraft-final-production-v3/stage/assets/build/frames/unit.SY.scout_drone/shadow/fly/d08_f01.png'
01:02.153  render           | Saved: '/Users/mohammedkalouti/Documents/Codex/2026-09-27/i/work/art/aircraft-final-production-v3/stage/assets/build/frames/unit.SY.scout_drone/beauty/fly/d08_f02.png'
01:02.653  render           | Saved: '/Users/mohammedkalouti/Documents/Codex/2026-09-27/i/work/art/aircraft-final-production-v3/stage/assets/build/frames/unit.SY.scout_drone/team/fly/d08_f02.png'
01:02.888  render           | Saved: '/var/folders/n4/43n_jxh10gg3s770b_8jbzb80000gn/T/fc-team-coverage-rsxttbk9.png'
01:03.718  render           | Saved: '/Users/mohammedkalouti/Documents/Codex/2026-09-27/i/work/art/aircraft-final-production-v3/stage/assets/build/frames/unit.SY.scout_drone/shadow/fly/d08_f02.png'
01:04.241  render           | Saved: '/Users/mohammedkalouti/Documents/Codex/2026-09-27/i/work/art/aircraft-final-production-v3/stage/assets/build/frames/unit.SY.scout_drone/beauty/fly/d09_f00.png'
01:04.715  render           | Saved: '/Users/mohammedkalouti/Documents/Codex/2026-09-27/i/work/art/aircraft-final-production-v3/stage/assets/build/frames/unit.SY.scout_drone/team/fly/d09_f00.png'
01:04.963  render           | Saved: '/var/folders/n4/43n_jxh10gg3s770b_8jbzb80000gn/T/fc-team-coverage-2e6aw3b7.png'
01:05.787  render           | Saved: '/Users/mohammedkalouti/Documents/Codex/2026-09-27/i/work/art/aircraft-final-production-v3/stage/assets/build/frames/unit.SY.scout_drone/shadow/fly/d09_f00.png'
01:06.310  render           | Saved: '/Users/mohammedkalouti/Documents/Codex/2026-09-27/i/work/art/aircraft-final-production-v3/stage/assets/build/frames/unit.SY.scout_drone/beauty/fly/d09_f01.png'
01:06.786  render           | Saved: '/Users/mohammedkalouti/Documents/Codex/2026-09-27/i/work/art/aircraft-final-production-v3/stage/assets/build/frames/unit.SY.scout_drone/team/fly/d09_f01.png'
01:07.014  render           | Saved: '/var/folders/n4/43n_jxh10gg3s770b_8jbzb80000gn/T/fc-team-coverage-s7pf7b8j.png'
01:07.860  render           | Saved: '/Users/mohammedkalouti/Documents/Codex/2026-09-27/i/work/art/aircraft-final-production-v3/stage/assets/build/frames/unit.SY.scout_drone/shadow/fly/d09_f01.png'
01:08.384  render           | Saved: '/Users/mohammedkalouti/Documents/Codex/2026-09-27/i/work/art/aircraft-final-production-v3/stage/assets/build/frames/unit.SY.scout_drone/beauty/fly/d09_f02.png'
01:08.853  render           | Saved: '/Users/mohammedkalouti/Documents/Codex/2026-09-27/i/work/art/aircraft-final-production-v3/stage/assets/build/frames/unit.SY.scout_drone/team/fly/d09_f02.png'
01:09.090  render           | Saved: '/var/folders/n4/43n_jxh10gg3s770b_8jbzb80000gn/T/fc-team-coverage-ozb1o27z.png'
01:09.917  render           | Saved: '/Users/mohammedkalouti/Documents/Codex/2026-09-27/i/work/art/aircraft-final-production-v3/stage/assets/build/frames/unit.SY.scout_drone/shadow/fly/d09_f02.png'
01:10.442  render           | Saved: '/Users/mohammedkalouti/Documents/Codex/2026-09-27/i/work/art/aircraft-final-production-v3/stage/assets/build/frames/unit.SY.scout_drone/beauty/fly/d10_f00.png'
01:10.918  render           | Saved: '/Users/mohammedkalouti/Documents/Codex/2026-09-27/i/work/art/aircraft-final-production-v3/stage/assets/build/frames/unit.SY.scout_drone/team/fly/d10_f00.png'
01:11.150  render           | Saved: '/var/folders/n4/43n_jxh10gg3s770b_8jbzb80000gn/T/fc-team-coverage-254phg7_.png'
01:11.966  render           | Saved: '/Users/mohammedkalouti/Documents/Codex/2026-09-27/i/work/art/aircraft-final-production-v3/stage/assets/build/frames/unit.SY.scout_drone/shadow/fly/d10_f00.png'
01:12.495  render           | Saved: '/Users/mohammedkalouti/Documents/Codex/2026-09-27/i/work/art/aircraft-final-production-v3/stage/assets/build/frames/unit.SY.scout_drone/beauty/fly/d10_f01.png'
01:12.964  render           | Saved: '/Users/mohammedkalouti/Documents/Codex/2026-09-27/i/work/art/aircraft-final-production-v3/stage/assets/build/frames/unit.SY.scout_drone/team/fly/d10_f01.png'
AGX: exceeded compiled variants footprint limit
01:13.194  render           | Saved: '/var/folders/n4/43n_jxh10gg3s770b_8jbzb80000gn/T/fc-team-coverage-9ta2kqt6.png'
01:14.002  render           | Saved: '/Users/mohammedkalouti/Documents/Codex/2026-09-27/i/work/art/aircraft-final-production-v3/stage/assets/build/frames/unit.SY.scout_drone/shadow/fly/d10_f01.png'
01:14.531  render           | Saved: '/Users/mohammedkalouti/Documents/Codex/2026-09-27/i/work/art/aircraft-final-production-v3/stage/assets/build/frames/unit.SY.scout_drone/beauty/fly/d10_f02.png'
01:14.991  render           | Saved: '/Users/mohammedkalouti/Documents/Codex/2026-09-27/i/work/art/aircraft-final-production-v3/stage/assets/build/frames/unit.SY.scout_drone/team/fly/d10_f02.png'
01:15.229  render           | Saved: '/var/folders/n4/43n_jxh10gg3s770b_8jbzb80000gn/T/fc-team-coverage-o0kbwr9g.png'
01:16.083  render           | Saved: '/Users/mohammedkalouti/Documents/Codex/2026-09-27/i/work/art/aircraft-final-production-v3/stage/assets/build/frames/unit.SY.scout_drone/shadow/fly/d10_f02.png'
01:16.650  render           | Saved: '/Users/mohammedkalouti/Documents/Codex/2026-09-27/i/work/art/aircraft-final-production-v3/stage/assets/build/frames/unit.SY.scout_drone/beauty/fly/d11_f00.png'
01:17.135  render           | Saved: '/Users/mohammedkalouti/Documents/Codex/2026-09-27/i/work/art/aircraft-final-production-v3/stage/assets/build/frames/unit.SY.scout_drone/team/fly/d11_f00.png'
01:17.381  render           | Saved: '/var/folders/n4/43n_jxh10gg3s770b_8jbzb80000gn/T/fc-team-coverage-acs32hgd.png'
01:18.242  render           | Saved: '/Users/mohammedkalouti/Documents/Codex/2026-09-27/i/work/art/aircraft-final-production-v3/stage/assets/build/frames/unit.SY.scout_drone/shadow/fly/d11_f00.png'
01:18.800  render           | Saved: '/Users/mohammedkalouti/Documents/Codex/2026-09-27/i/work/art/aircraft-final-production-v3/stage/assets/build/frames/unit.SY.scout_drone/beauty/fly/d11_f01.png'
01:19.289  render           | Saved: '/Users/mohammedkalouti/Documents/Codex/2026-09-27/i/work/art/aircraft-final-production-v3/stage/assets/build/frames/unit.SY.scout_drone/team/fly/d11_f01.png'
01:19.522  render           | Saved: '/var/folders/n4/43n_jxh10gg3s770b_8jbzb80000gn/T/fc-team-coverage-1e99lm8n.png'
01:20.376  render           | Saved: '/Users/mohammedkalouti/Documents/Codex/2026-09-27/i/work/art/aircraft-final-production-v3/stage/assets/build/frames/unit.SY.scout_drone/shadow/fly/d11_f01.png'
01:20.913  render           | Saved: '/Users/mohammedkalouti/Documents/Codex/2026-09-27/i/work/art/aircraft-final-production-v3/stage/assets/build/frames/unit.SY.scout_drone/beauty/fly/d11_f02.png'
01:21.387  render           | Saved: '/Users/mohammedkalouti/Documents/Codex/2026-09-27/i/work/art/aircraft-final-production-v3/stage/assets/build/frames/unit.SY.scout_drone/team/fly/d11_f02.png'
01:21.643  render           | Saved: '/var/folders/n4/43n_jxh10gg3s770b_8jbzb80000gn/T/fc-team-coverage-g89xmg9o.png'
01:22.469  render           | Saved: '/Users/mohammedkalouti/Documents/Codex/2026-09-27/i/work/art/aircraft-final-production-v3/stage/assets/build/frames/unit.SY.scout_drone/shadow/fly/d11_f02.png'
01:23.021  render           | Saved: '/Users/mohammedkalouti/Documents/Codex/2026-09-27/i/work/art/aircraft-final-production-v3/stage/assets/build/frames/unit.SY.scout_drone/beauty/fly/d12_f00.png'
01:23.499  render           | Saved: '/Users/mohammedkalouti/Documents/Codex/2026-09-27/i/work/art/aircraft-final-production-v3/stage/assets/build/frames/unit.SY.scout_drone/team/fly/d12_f00.png'
01:23.728  render           | Saved: '/var/folders/n4/43n_jxh10gg3s770b_8jbzb80000gn/T/fc-team-coverage-wldgbz_b.png'
01:24.597  render           | Saved: '/Users/mohammedkalouti/Documents/Codex/2026-09-27/i/work/art/aircraft-final-production-v3/stage/assets/build/frames/unit.SY.scout_drone/shadow/fly/d12_f00.png'
01:25.161  render           | Saved: '/Users/mohammedkalouti/Documents/Codex/2026-09-27/i/work/art/aircraft-final-production-v3/stage/assets/build/frames/unit.SY.scout_drone/beauty/fly/d12_f01.png'
01:25.665  render           | Saved: '/Users/mohammedkalouti/Documents/Codex/2026-09-27/i/work/art/aircraft-final-production-v3/stage/assets/build/frames/unit.SY.scout_drone/team/fly/d12_f01.png'
01:25.927  render           | Saved: '/var/folders/n4/43n_jxh10gg3s770b_8jbzb80000gn/T/fc-team-coverage-nak2rm92.png'
01:26.786  render           | Saved: '/Users/mohammedkalouti/Documents/Codex/2026-09-27/i/work/art/aircraft-final-production-v3/stage/assets/build/frames/unit.SY.scout_drone/shadow/fly/d12_f01.png'
01:27.351  render           | Saved: '/Users/mohammedkalouti/Documents/Codex/2026-09-27/i/work/art/aircraft-final-production-v3/stage/assets/build/frames/unit.SY.scout_drone/beauty/fly/d12_f02.png'
01:27.843  render           | Saved: '/Users/mohammedkalouti/Documents/Codex/2026-09-27/i/work/art/aircraft-final-production-v3/stage/assets/build/frames/unit.SY.scout_drone/team/fly/d12_f02.png'
01:28.083  render           | Saved: '/var/folders/n4/43n_jxh10gg3s770b_8jbzb80000gn/T/fc-team-coverage-zdmrod0o.png'
01:28.949  render           | Saved: '/Users/mohammedkalouti/Documents/Codex/2026-09-27/i/work/art/aircraft-final-production-v3/stage/assets/build/frames/unit.SY.scout_drone/shadow/fly/d12_f02.png'
01:29.509  render           | Saved: '/Users/mohammedkalouti/Documents/Codex/2026-09-27/i/work/art/aircraft-final-production-v3/stage/assets/build/frames/unit.SY.scout_drone/beauty/fly/d13_f00.png'
01:29.985  render           | Saved: '/Users/mohammedkalouti/Documents/Codex/2026-09-27/i/work/art/aircraft-final-production-v3/stage/assets/build/frames/unit.SY.scout_drone/team/fly/d13_f00.png'
01:30.219  render           | Saved: '/var/folders/n4/43n_jxh10gg3s770b_8jbzb80000gn/T/fc-team-coverage-sbmgpnwl.png'
01:31.056  render           | Saved: '/Users/mohammedkalouti/Documents/Codex/2026-09-27/i/work/art/aircraft-final-production-v3/stage/assets/build/frames/unit.SY.scout_drone/shadow/fly/d13_f00.png'
01:31.604  render           | Saved: '/Users/mohammedkalouti/Documents/Codex/2026-09-27/i/work/art/aircraft-final-production-v3/stage/assets/build/frames/unit.SY.scout_drone/beauty/fly/d13_f01.png'
01:32.070  render           | Saved: '/Users/mohammedkalouti/Documents/Codex/2026-09-27/i/work/art/aircraft-final-production-v3/stage/assets/build/frames/unit.SY.scout_drone/team/fly/d13_f01.png'
01:32.303  render           | Saved: '/var/folders/n4/43n_jxh10gg3s770b_8jbzb80000gn/T/fc-team-coverage-piauuyg4.png'
01:33.203  render           | Saved: '/Users/mohammedkalouti/Documents/Codex/2026-09-27/i/work/art/aircraft-final-production-v3/stage/assets/build/frames/unit.SY.scout_drone/shadow/fly/d13_f01.png'
01:33.763  render           | Saved: '/Users/mohammedkalouti/Documents/Codex/2026-09-27/i/work/art/aircraft-final-production-v3/stage/assets/build/frames/unit.SY.scout_drone/beauty/fly/d13_f02.png'
01:34.261  render           | Saved: '/Users/mohammedkalouti/Documents/Codex/2026-09-27/i/work/art/aircraft-final-production-v3/stage/assets/build/frames/unit.SY.scout_drone/team/fly/d13_f02.png'
01:34.506  render           | Saved: '/var/folders/n4/43n_jxh10gg3s770b_8jbzb80000gn/T/fc-team-coverage-kl6s2w19.png'
01:35.366  render           | Saved: '/Users/mohammedkalouti/Documents/Codex/2026-09-27/i/work/art/aircraft-final-production-v3/stage/assets/build/frames/unit.SY.scout_drone/shadow/fly/d13_f02.png'
01:35.900  render           | Saved: '/Users/mohammedkalouti/Documents/Codex/2026-09-27/i/work/art/aircraft-final-production-v3/stage/assets/build/frames/unit.SY.scout_drone/beauty/fly/d14_f00.png'
01:36.366  render           | Saved: '/Users/mohammedkalouti/Documents/Codex/2026-09-27/i/work/art/aircraft-final-production-v3/stage/assets/build/frames/unit.SY.scout_drone/team/fly/d14_f00.png'
01:36.601  render           | Saved: '/var/folders/n4/43n_jxh10gg3s770b_8jbzb80000gn/T/fc-team-coverage-ekafiaxn.png'
01:37.457  render           | Saved: '/Users/mohammedkalouti/Documents/Codex/2026-09-27/i/work/art/aircraft-final-production-v3/stage/assets/build/frames/unit.SY.scout_drone/shadow/fly/d14_f00.png'
01:37.994  render           | Saved: '/Users/mohammedkalouti/Documents/Codex/2026-09-27/i/work/art/aircraft-final-production-v3/stage/assets/build/frames/unit.SY.scout_drone/beauty/fly/d14_f01.png'
01:38.468  render           | Saved: '/Users/mohammedkalouti/Documents/Codex/2026-09-27/i/work/art/aircraft-final-production-v3/stage/assets/build/frames/unit.SY.scout_drone/team/fly/d14_f01.png'
01:38.702  render           | Saved: '/var/folders/n4/43n_jxh10gg3s770b_8jbzb80000gn/T/fc-team-coverage-ci71pc37.png'
01:39.543  render           | Saved: '/Users/mohammedkalouti/Documents/Codex/2026-09-27/i/work/art/aircraft-final-production-v3/stage/assets/build/frames/unit.SY.scout_drone/shadow/fly/d14_f01.png'
01:40.081  render           | Saved: '/Users/mohammedkalouti/Documents/Codex/2026-09-27/i/work/art/aircraft-final-production-v3/stage/assets/build/frames/unit.SY.scout_drone/beauty/fly/d14_f02.png'
01:40.553  render           | Saved: '/Users/mohammedkalouti/Documents/Codex/2026-09-27/i/work/art/aircraft-final-production-v3/stage/assets/build/frames/unit.SY.scout_drone/team/fly/d14_f02.png'
01:40.790  render           | Saved: '/var/folders/n4/43n_jxh10gg3s770b_8jbzb80000gn/T/fc-team-coverage-20mqhrja.png'
01:41.629  render           | Saved: '/Users/mohammedkalouti/Documents/Codex/2026-09-27/i/work/art/aircraft-final-production-v3/stage/assets/build/frames/unit.SY.scout_drone/shadow/fly/d14_f02.png'
01:42.280  render           | Saved: '/Users/mohammedkalouti/Documents/Codex/2026-09-27/i/work/art/aircraft-final-production-v3/stage/assets/build/frames/unit.SY.scout_drone/beauty/fly/d15_f00.png'
01:42.777  render           | Saved: '/Users/mohammedkalouti/Documents/Codex/2026-09-27/i/work/art/aircraft-final-production-v3/stage/assets/build/frames/unit.SY.scout_drone/team/fly/d15_f00.png'
01:43.023  render           | Saved: '/var/folders/n4/43n_jxh10gg3s770b_8jbzb80000gn/T/fc-team-coverage-bkugtb6d.png'
01:43.885  render           | Saved: '/Users/mohammedkalouti/Documents/Codex/2026-09-27/i/work/art/aircraft-final-production-v3/stage/assets/build/frames/unit.SY.scout_drone/shadow/fly/d15_f00.png'
01:44.442  render           | Saved: '/Users/mohammedkalouti/Documents/Codex/2026-09-27/i/work/art/aircraft-final-production-v3/stage/assets/build/frames/unit.SY.scout_drone/beauty/fly/d15_f01.png'
01:44.933  render           | Saved: '/Users/mohammedkalouti/Documents/Codex/2026-09-27/i/work/art/aircraft-final-production-v3/stage/assets/build/frames/unit.SY.scout_drone/team/fly/d15_f01.png'
01:45.170  render           | Saved: '/var/folders/n4/43n_jxh10gg3s770b_8jbzb80000gn/T/fc-team-coverage-rtqa0uo_.png'
01:46.001  render           | Saved: '/Users/mohammedkalouti/Documents/Codex/2026-09-27/i/work/art/aircraft-final-production-v3/stage/assets/build/frames/unit.SY.scout_drone/shadow/fly/d15_f01.png'
01:46.537  render           | Saved: '/Users/mohammedkalouti/Documents/Codex/2026-09-27/i/work/art/aircraft-final-production-v3/stage/assets/build/frames/unit.SY.scout_drone/beauty/fly/d15_f02.png'
01:47.000  render           | Saved: '/Users/mohammedkalouti/Documents/Codex/2026-09-27/i/work/art/aircraft-final-production-v3/stage/assets/build/frames/unit.SY.scout_drone/team/fly/d15_f02.png'
01:47.239  render           | Saved: '/var/folders/n4/43n_jxh10gg3s770b_8jbzb80000gn/T/fc-team-coverage-rcswmu_8.png'
01:48.112  render           | Saved: '/Users/mohammedkalouti/Documents/Codex/2026-09-27/i/work/art/aircraft-final-production-v3/stage/assets/build/frames/unit.SY.scout_drone/shadow/fly/d15_f02.png'
01:48.658  render           | Saved: '/Users/mohammedkalouti/Documents/Codex/2026-09-27/i/work/art/aircraft-final-production-v3/stage/assets/build/frames/unit.SY.scout_drone/beauty/bank_left/d00_f00.png'
01:49.127  render           | Saved: '/Users/mohammedkalouti/Documents/Codex/2026-09-27/i/work/art/aircraft-final-production-v3/stage/assets/build/frames/unit.SY.scout_drone/team/bank_left/d00_f00.png'
01:49.374  render           | Saved: '/var/folders/n4/43n_jxh10gg3s770b_8jbzb80000gn/T/fc-team-coverage-3k9_o_zl.png'
01:50.201  render           | Saved: '/Users/mohammedkalouti/Documents/Codex/2026-09-27/i/work/art/aircraft-final-production-v3/stage/assets/build/frames/unit.SY.scout_drone/shadow/bank_left/d00_f00.png'
01:50.741  render           | Saved: '/Users/mohammedkalouti/Documents/Codex/2026-09-27/i/work/art/aircraft-final-production-v3/stage/assets/build/frames/unit.SY.scout_drone/beauty/bank_left/d00_f01.png'
01:51.208  render           | Saved: '/Users/mohammedkalouti/Documents/Codex/2026-09-27/i/work/art/aircraft-final-production-v3/stage/assets/build/frames/unit.SY.scout_drone/team/bank_left/d00_f01.png'
01:51.443  render           | Saved: '/var/folders/n4/43n_jxh10gg3s770b_8jbzb80000gn/T/fc-team-coverage-_u1gso7d.png'
01:52.271  render           | Saved: '/Users/mohammedkalouti/Documents/Codex/2026-09-27/i/work/art/aircraft-final-production-v3/stage/assets/build/frames/unit.SY.scout_drone/shadow/bank_left/d00_f01.png'
01:52.817  render           | Saved: '/Users/mohammedkalouti/Documents/Codex/2026-09-27/i/work/art/aircraft-final-production-v3/stage/assets/build/frames/unit.SY.scout_drone/beauty/bank_left/d00_f02.png'
01:53.287  render           | Saved: '/Users/mohammedkalouti/Documents/Codex/2026-09-27/i/work/art/aircraft-final-production-v3/stage/assets/build/frames/unit.SY.scout_drone/team/bank_left/d00_f02.png'
01:53.536  render           | Saved: '/var/folders/n4/43n_jxh10gg3s770b_8jbzb80000gn/T/fc-team-coverage-4we7dr1_.png'
01:54.386  render           | Saved: '/Users/mohammedkalouti/Documents/Codex/2026-09-27/i/work/art/aircraft-final-production-v3/stage/assets/build/frames/unit.SY.scout_drone/shadow/bank_left/d00_f02.png'
01:54.957  render           | Saved: '/Users/mohammedkalouti/Documents/Codex/2026-09-27/i/work/art/aircraft-final-production-v3/stage/assets/build/frames/unit.SY.scout_drone/beauty/bank_left/d01_f00.png'
01:55.451  render           | Saved: '/Users/mohammedkalouti/Documents/Codex/2026-09-27/i/work/art/aircraft-final-production-v3/stage/assets/build/frames/unit.SY.scout_drone/team/bank_left/d01_f00.png'
01:55.687  render           | Saved: '/var/folders/n4/43n_jxh10gg3s770b_8jbzb80000gn/T/fc-team-coverage-aeu5oo_5.png'
01:56.561  render           | Saved: '/Users/mohammedkalouti/Documents/Codex/2026-09-27/i/work/art/aircraft-final-production-v3/stage/assets/build/frames/unit.SY.scout_drone/shadow/bank_left/d01_f00.png'
01:57.108  render           | Saved: '/Users/mohammedkalouti/Documents/Codex/2026-09-27/i/work/art/aircraft-final-production-v3/stage/assets/build/frames/unit.SY.scout_drone/beauty/bank_left/d01_f01.png'
01:57.609  render           | Saved: '/Users/mohammedkalouti/Documents/Codex/2026-09-27/i/work/art/aircraft-final-production-v3/stage/assets/build/frames/unit.SY.scout_drone/team/bank_left/d01_f01.png'
01:57.853  render           | Saved: '/var/folders/n4/43n_jxh10gg3s770b_8jbzb80000gn/T/fc-team-coverage-azer4g33.png'
01:58.725  render           | Saved: '/Users/mohammedkalouti/Documents/Codex/2026-09-27/i/work/art/aircraft-final-production-v3/stage/assets/build/frames/unit.SY.scout_drone/shadow/bank_left/d01_f01.png'
01:59.285  render           | Saved: '/Users/mohammedkalouti/Documents/Codex/2026-09-27/i/work/art/aircraft-final-production-v3/stage/assets/build/frames/unit.SY.scout_drone/beauty/bank_left/d01_f02.png'
01:59.786  render           | Saved: '/Users/mohammedkalouti/Documents/Codex/2026-09-27/i/work/art/aircraft-final-production-v3/stage/assets/build/frames/unit.SY.scout_drone/team/bank_left/d01_f02.png'
02:00.022  render           | Saved: '/var/folders/n4/43n_jxh10gg3s770b_8jbzb80000gn/T/fc-team-coverage-0qfrbsjn.png'
02:00.879  render           | Saved: '/Users/mohammedkalouti/Documents/Codex/2026-09-27/i/work/art/aircraft-final-production-v3/stage/assets/build/frames/unit.SY.scout_drone/shadow/bank_left/d01_f02.png'
02:01.424  render           | Saved: '/Users/mohammedkalouti/Documents/Codex/2026-09-27/i/work/art/aircraft-final-production-v3/stage/assets/build/frames/unit.SY.scout_drone/beauty/bank_left/d02_f00.png'
02:01.926  render           | Saved: '/Users/mohammedkalouti/Documents/Codex/2026-09-27/i/work/art/aircraft-final-production-v3/stage/assets/build/frames/unit.SY.scout_drone/team/bank_left/d02_f00.png'
02:02.176  render           | Saved: '/var/folders/n4/43n_jxh10gg3s770b_8jbzb80000gn/T/fc-team-coverage-noi9x_bj.png'
02:03.015  render           | Saved: '/Users/mohammedkalouti/Documents/Codex/2026-09-27/i/work/art/aircraft-final-production-v3/stage/assets/build/frames/unit.SY.scout_drone/shadow/bank_left/d02_f00.png'
02:03.550  render           | Saved: '/Users/mohammedkalouti/Documents/Codex/2026-09-27/i/work/art/aircraft-final-production-v3/stage/assets/build/frames/unit.SY.scout_drone/beauty/bank_left/d02_f01.png'
02:04.021  render           | Saved: '/Users/mohammedkalouti/Documents/Codex/2026-09-27/i/work/art/aircraft-final-production-v3/stage/assets/build/frames/unit.SY.scout_drone/team/bank_left/d02_f01.png'
02:04.268  render           | Saved: '/var/folders/n4/43n_jxh10gg3s770b_8jbzb80000gn/T/fc-team-coverage-cb_vnz2h.png'
02:05.125  render           | Saved: '/Users/mohammedkalouti/Documents/Codex/2026-09-27/i/work/art/aircraft-final-production-v3/stage/assets/build/frames/unit.SY.scout_drone/shadow/bank_left/d02_f01.png'
02:05.699  render           | Saved: '/Users/mohammedkalouti/Documents/Codex/2026-09-27/i/work/art/aircraft-final-production-v3/stage/assets/build/frames/unit.SY.scout_drone/beauty/bank_left/d02_f02.png'
02:06.173  render           | Saved: '/Users/mohammedkalouti/Documents/Codex/2026-09-27/i/work/art/aircraft-final-production-v3/stage/assets/build/frames/unit.SY.scout_drone/team/bank_left/d02_f02.png'
02:06.408  render           | Saved: '/var/folders/n4/43n_jxh10gg3s770b_8jbzb80000gn/T/fc-team-coverage-3bnugx74.png'
02:07.252  render           | Saved: '/Users/mohammedkalouti/Documents/Codex/2026-09-27/i/work/art/aircraft-final-production-v3/stage/assets/build/frames/unit.SY.scout_drone/shadow/bank_left/d02_f02.png'
02:07.928  render           | Saved: '/Users/mohammedkalouti/Documents/Codex/2026-09-27/i/work/art/aircraft-final-production-v3/stage/assets/build/frames/unit.SY.scout_drone/beauty/bank_left/d03_f00.png'
02:08.439  render           | Saved: '/Users/mohammedkalouti/Documents/Codex/2026-09-27/i/work/art/aircraft-final-production-v3/stage/assets/build/frames/unit.SY.scout_drone/team/bank_left/d03_f00.png'
02:08.689  render           | Saved: '/var/folders/n4/43n_jxh10gg3s770b_8jbzb80000gn/T/fc-team-coverage-3vobv5q8.png'
02:09.532  render           | Saved: '/Users/mohammedkalouti/Documents/Codex/2026-09-27/i/work/art/aircraft-final-production-v3/stage/assets/build/frames/unit.SY.scout_drone/shadow/bank_left/d03_f00.png'
02:10.070  render           | Saved: '/Users/mohammedkalouti/Documents/Codex/2026-09-27/i/work/art/aircraft-final-production-v3/stage/assets/build/frames/unit.SY.scout_drone/beauty/bank_left/d03_f01.png'
02:10.536  render           | Saved: '/Users/mohammedkalouti/Documents/Codex/2026-09-27/i/work/art/aircraft-final-production-v3/stage/assets/build/frames/unit.SY.scout_drone/team/bank_left/d03_f01.png'
02:10.783  render           | Saved: '/var/folders/n4/43n_jxh10gg3s770b_8jbzb80000gn/T/fc-team-coverage-hw47b_vh.png'
02:11.640  render           | Saved: '/Users/mohammedkalouti/Documents/Codex/2026-09-27/i/work/art/aircraft-final-production-v3/stage/assets/build/frames/unit.SY.scout_drone/shadow/bank_left/d03_f01.png'
02:12.193  render           | Saved: '/Users/mohammedkalouti/Documents/Codex/2026-09-27/i/work/art/aircraft-final-production-v3/stage/assets/build/frames/unit.SY.scout_drone/beauty/bank_left/d03_f02.png'
02:12.674  render           | Saved: '/Users/mohammedkalouti/Documents/Codex/2026-09-27/i/work/art/aircraft-final-production-v3/stage/assets/build/frames/unit.SY.scout_drone/team/bank_left/d03_f02.png'
02:12.929  render           | Saved: '/var/folders/n4/43n_jxh10gg3s770b_8jbzb80000gn/T/fc-team-coverage-lr8cjklb.png'
02:13.775  render           | Saved: '/Users/mohammedkalouti/Documents/Codex/2026-09-27/i/work/art/aircraft-final-production-v3/stage/assets/build/frames/unit.SY.scout_drone/shadow/bank_left/d03_f02.png'
02:14.398  render           | Saved: '/Users/mohammedkalouti/Documents/Codex/2026-09-27/i/work/art/aircraft-final-production-v3/stage/assets/build/frames/unit.SY.scout_drone/beauty/bank_left/d04_f00.png'
02:14.904  render           | Saved: '/Users/mohammedkalouti/Documents/Codex/2026-09-27/i/work/art/aircraft-final-production-v3/stage/assets/build/frames/unit.SY.scout_drone/team/bank_left/d04_f00.png'
02:15.156  render           | Saved: '/var/folders/n4/43n_jxh10gg3s770b_8jbzb80000gn/T/fc-team-coverage-lzoy_9cc.png'
02:16.216  render           | Saved: '/Users/mohammedkalouti/Documents/Codex/2026-09-27/i/work/art/aircraft-final-production-v3/stage/assets/build/frames/unit.SY.scout_drone/shadow/bank_left/d04_f00.png'
02:16.807  render           | Saved: '/Users/mohammedkalouti/Documents/Codex/2026-09-27/i/work/art/aircraft-final-production-v3/stage/assets/build/frames/unit.SY.scout_drone/beauty/bank_left/d04_f01.png'
02:17.288  render           | Saved: '/Users/mohammedkalouti/Documents/Codex/2026-09-27/i/work/art/aircraft-final-production-v3/stage/assets/build/frames/unit.SY.scout_drone/team/bank_left/d04_f01.png'
02:17.545  render           | Saved: '/var/folders/n4/43n_jxh10gg3s770b_8jbzb80000gn/T/fc-team-coverage-knky7qso.png'
02:18.384  render           | Saved: '/Users/mohammedkalouti/Documents/Codex/2026-09-27/i/work/art/aircraft-final-production-v3/stage/assets/build/frames/unit.SY.scout_drone/shadow/bank_left/d04_f01.png'
02:18.938  render           | Saved: '/Users/mohammedkalouti/Documents/Codex/2026-09-27/i/work/art/aircraft-final-production-v3/stage/assets/build/frames/unit.SY.scout_drone/beauty/bank_left/d04_f02.png'
02:19.430  render           | Saved: '/Users/mohammedkalouti/Documents/Codex/2026-09-27/i/work/art/aircraft-final-production-v3/stage/assets/build/frames/unit.SY.scout_drone/team/bank_left/d04_f02.png'
02:19.664  render           | Saved: '/var/folders/n4/43n_jxh10gg3s770b_8jbzb80000gn/T/fc-team-coverage-2ruel44j.png'
02:20.523  render           | Saved: '/Users/mohammedkalouti/Documents/Codex/2026-09-27/i/work/art/aircraft-final-production-v3/stage/assets/build/frames/unit.SY.scout_drone/shadow/bank_left/d04_f02.png'
02:21.074  render           | Saved: '/Users/mohammedkalouti/Documents/Codex/2026-09-27/i/work/art/aircraft-final-production-v3/stage/assets/build/frames/unit.SY.scout_drone/beauty/bank_left/d05_f00.png'
02:21.539  render           | Saved: '/Users/mohammedkalouti/Documents/Codex/2026-09-27/i/work/art/aircraft-final-production-v3/stage/assets/build/frames/unit.SY.scout_drone/team/bank_left/d05_f00.png'
02:21.792  render           | Saved: '/var/folders/n4/43n_jxh10gg3s770b_8jbzb80000gn/T/fc-team-coverage-sw_ltgpp.png'
02:22.623  render           | Saved: '/Users/mohammedkalouti/Documents/Codex/2026-09-27/i/work/art/aircraft-final-production-v3/stage/assets/build/frames/unit.SY.scout_drone/shadow/bank_left/d05_f00.png'
02:23.187  render           | Saved: '/Users/mohammedkalouti/Documents/Codex/2026-09-27/i/work/art/aircraft-final-production-v3/stage/assets/build/frames/unit.SY.scout_drone/beauty/bank_left/d05_f01.png'
02:23.654  render           | Saved: '/Users/mohammedkalouti/Documents/Codex/2026-09-27/i/work/art/aircraft-final-production-v3/stage/assets/build/frames/unit.SY.scout_drone/team/bank_left/d05_f01.png'
02:23.892  render           | Saved: '/var/folders/n4/43n_jxh10gg3s770b_8jbzb80000gn/T/fc-team-coverage-_22k_sgw.png'
02:24.743  render           | Saved: '/Users/mohammedkalouti/Documents/Codex/2026-09-27/i/work/art/aircraft-final-production-v3/stage/assets/build/frames/unit.SY.scout_drone/shadow/bank_left/d05_f01.png'
02:25.296  render           | Saved: '/Users/mohammedkalouti/Documents/Codex/2026-09-27/i/work/art/aircraft-final-production-v3/stage/assets/build/frames/unit.SY.scout_drone/beauty/bank_left/d05_f02.png'
02:25.759  render           | Saved: '/Users/mohammedkalouti/Documents/Codex/2026-09-27/i/work/art/aircraft-final-production-v3/stage/assets/build/frames/unit.SY.scout_drone/team/bank_left/d05_f02.png'
02:26.001  render           | Saved: '/var/folders/n4/43n_jxh10gg3s770b_8jbzb80000gn/T/fc-team-coverage-pyqlrydx.png'
02:26.882  render           | Saved: '/Users/mohammedkalouti/Documents/Codex/2026-09-27/i/work/art/aircraft-final-production-v3/stage/assets/build/frames/unit.SY.scout_drone/shadow/bank_left/d05_f02.png'
02:27.449  render           | Saved: '/Users/mohammedkalouti/Documents/Codex/2026-09-27/i/work/art/aircraft-final-production-v3/stage/assets/build/frames/unit.SY.scout_drone/beauty/bank_left/d06_f00.png'
02:27.917  render           | Saved: '/Users/mohammedkalouti/Documents/Codex/2026-09-27/i/work/art/aircraft-final-production-v3/stage/assets/build/frames/unit.SY.scout_drone/team/bank_left/d06_f00.png'
02:28.160  render           | Saved: '/var/folders/n4/43n_jxh10gg3s770b_8jbzb80000gn/T/fc-team-coverage-75z0_rdg.png'
02:29.000  render           | Saved: '/Users/mohammedkalouti/Documents/Codex/2026-09-27/i/work/art/aircraft-final-production-v3/stage/assets/build/frames/unit.SY.scout_drone/shadow/bank_left/d06_f00.png'
02:29.549  render           | Saved: '/Users/mohammedkalouti/Documents/Codex/2026-09-27/i/work/art/aircraft-final-production-v3/stage/assets/build/frames/unit.SY.scout_drone/beauty/bank_left/d06_f01.png'
02:30.017  render           | Saved: '/Users/mohammedkalouti/Documents/Codex/2026-09-27/i/work/art/aircraft-final-production-v3/stage/assets/build/frames/unit.SY.scout_drone/team/bank_left/d06_f01.png'
02:30.255  render           | Saved: '/var/folders/n4/43n_jxh10gg3s770b_8jbzb80000gn/T/fc-team-coverage-6te0icuo.png'
02:31.118  render           | Saved: '/Users/mohammedkalouti/Documents/Codex/2026-09-27/i/work/art/aircraft-final-production-v3/stage/assets/build/frames/unit.SY.scout_drone/shadow/bank_left/d06_f01.png'
02:31.669  render           | Saved: '/Users/mohammedkalouti/Documents/Codex/2026-09-27/i/work/art/aircraft-final-production-v3/stage/assets/build/frames/unit.SY.scout_drone/beauty/bank_left/d06_f02.png'
02:32.141  render           | Saved: '/Users/mohammedkalouti/Documents/Codex/2026-09-27/i/work/art/aircraft-final-production-v3/stage/assets/build/frames/unit.SY.scout_drone/team/bank_left/d06_f02.png'
02:32.393  render           | Saved: '/var/folders/n4/43n_jxh10gg3s770b_8jbzb80000gn/T/fc-team-coverage-n9uo8w33.png'
02:33.241  render           | Saved: '/Users/mohammedkalouti/Documents/Codex/2026-09-27/i/work/art/aircraft-final-production-v3/stage/assets/build/frames/unit.SY.scout_drone/shadow/bank_left/d06_f02.png'
02:33.846  render           | Saved: '/Users/mohammedkalouti/Documents/Codex/2026-09-27/i/work/art/aircraft-final-production-v3/stage/assets/build/frames/unit.SY.scout_drone/beauty/bank_left/d07_f00.png'
02:34.337  render           | Saved: '/Users/mohammedkalouti/Documents/Codex/2026-09-27/i/work/art/aircraft-final-production-v3/stage/assets/build/frames/unit.SY.scout_drone/team/bank_left/d07_f00.png'
02:34.578  render           | Saved: '/var/folders/n4/43n_jxh10gg3s770b_8jbzb80000gn/T/fc-team-coverage-moijz7i1.png'
02:35.460  render           | Saved: '/Users/mohammedkalouti/Documents/Codex/2026-09-27/i/work/art/aircraft-final-production-v3/stage/assets/build/frames/unit.SY.scout_drone/shadow/bank_left/d07_f00.png'
02:36.016  render           | Saved: '/Users/mohammedkalouti/Documents/Codex/2026-09-27/i/work/art/aircraft-final-production-v3/stage/assets/build/frames/unit.SY.scout_drone/beauty/bank_left/d07_f01.png'
02:36.486  render           | Saved: '/Users/mohammedkalouti/Documents/Codex/2026-09-27/i/work/art/aircraft-final-production-v3/stage/assets/build/frames/unit.SY.scout_drone/team/bank_left/d07_f01.png'
02:36.727  render           | Saved: '/var/folders/n4/43n_jxh10gg3s770b_8jbzb80000gn/T/fc-team-coverage-jgf5_pzf.png'
02:37.579  render           | Saved: '/Users/mohammedkalouti/Documents/Codex/2026-09-27/i/work/art/aircraft-final-production-v3/stage/assets/build/frames/unit.SY.scout_drone/shadow/bank_left/d07_f01.png'
02:38.116  render           | Saved: '/Users/mohammedkalouti/Documents/Codex/2026-09-27/i/work/art/aircraft-final-production-v3/stage/assets/build/frames/unit.SY.scout_drone/beauty/bank_left/d07_f02.png'
02:38.584  render           | Saved: '/Users/mohammedkalouti/Documents/Codex/2026-09-27/i/work/art/aircraft-final-production-v3/stage/assets/build/frames/unit.SY.scout_drone/team/bank_left/d07_f02.png'
02:38.822  render           | Saved: '/var/folders/n4/43n_jxh10gg3s770b_8jbzb80000gn/T/fc-team-coverage-8hh6q3dv.png'
02:39.661  render           | Saved: '/Users/mohammedkalouti/Documents/Codex/2026-09-27/i/work/art/aircraft-final-production-v3/stage/assets/build/frames/unit.SY.scout_drone/shadow/bank_left/d07_f02.png'
02:40.223  render           | Saved: '/Users/mohammedkalouti/Documents/Codex/2026-09-27/i/work/art/aircraft-final-production-v3/stage/assets/build/frames/unit.SY.scout_drone/beauty/bank_left/d08_f00.png'
02:40.703  render           | Saved: '/Users/mohammedkalouti/Documents/Codex/2026-09-27/i/work/art/aircraft-final-production-v3/stage/assets/build/frames/unit.SY.scout_drone/team/bank_left/d08_f00.png'
02:40.935  render           | Saved: '/var/folders/n4/43n_jxh10gg3s770b_8jbzb80000gn/T/fc-team-coverage-m3384g7u.png'
02:41.818  render           | Saved: '/Users/mohammedkalouti/Documents/Codex/2026-09-27/i/work/art/aircraft-final-production-v3/stage/assets/build/frames/unit.SY.scout_drone/shadow/bank_left/d08_f00.png'
02:42.429  render           | Saved: '/Users/mohammedkalouti/Documents/Codex/2026-09-27/i/work/art/aircraft-final-production-v3/stage/assets/build/frames/unit.SY.scout_drone/beauty/bank_left/d08_f01.png'
02:42.905  render           | Saved: '/Users/mohammedkalouti/Documents/Codex/2026-09-27/i/work/art/aircraft-final-production-v3/stage/assets/build/frames/unit.SY.scout_drone/team/bank_left/d08_f01.png'
02:43.132  render           | Saved: '/var/folders/n4/43n_jxh10gg3s770b_8jbzb80000gn/T/fc-team-coverage-5d19wga_.png'
02:43.975  render           | Saved: '/Users/mohammedkalouti/Documents/Codex/2026-09-27/i/work/art/aircraft-final-production-v3/stage/assets/build/frames/unit.SY.scout_drone/shadow/bank_left/d08_f01.png'
02:44.529  render           | Saved: '/Users/mohammedkalouti/Documents/Codex/2026-09-27/i/work/art/aircraft-final-production-v3/stage/assets/build/frames/unit.SY.scout_drone/beauty/bank_left/d08_f02.png'
02:45.011  render           | Saved: '/Users/mohammedkalouti/Documents/Codex/2026-09-27/i/work/art/aircraft-final-production-v3/stage/assets/build/frames/unit.SY.scout_drone/team/bank_left/d08_f02.png'
02:45.257  render           | Saved: '/var/folders/n4/43n_jxh10gg3s770b_8jbzb80000gn/T/fc-team-coverage-h0a06pe1.png'
02:46.088  render           | Saved: '/Users/mohammedkalouti/Documents/Codex/2026-09-27/i/work/art/aircraft-final-production-v3/stage/assets/build/frames/unit.SY.scout_drone/shadow/bank_left/d08_f02.png'
02:46.633  render           | Saved: '/Users/mohammedkalouti/Documents/Codex/2026-09-27/i/work/art/aircraft-final-production-v3/stage/assets/build/frames/unit.SY.scout_drone/beauty/bank_left/d09_f00.png'
02:47.114  render           | Saved: '/Users/mohammedkalouti/Documents/Codex/2026-09-27/i/work/art/aircraft-final-production-v3/stage/assets/build/frames/unit.SY.scout_drone/team/bank_left/d09_f00.png'
02:47.351  render           | Saved: '/var/folders/n4/43n_jxh10gg3s770b_8jbzb80000gn/T/fc-team-coverage-ijel17oh.png'
02:48.184  render           | Saved: '/Users/mohammedkalouti/Documents/Codex/2026-09-27/i/work/art/aircraft-final-production-v3/stage/assets/build/frames/unit.SY.scout_drone/shadow/bank_left/d09_f00.png'
02:48.744  render           | Saved: '/Users/mohammedkalouti/Documents/Codex/2026-09-27/i/work/art/aircraft-final-production-v3/stage/assets/build/frames/unit.SY.scout_drone/beauty/bank_left/d09_f01.png'
02:49.212  render           | Saved: '/Users/mohammedkalouti/Documents/Codex/2026-09-27/i/work/art/aircraft-final-production-v3/stage/assets/build/frames/unit.SY.scout_drone/team/bank_left/d09_f01.png'
02:49.459  render           | Saved: '/var/folders/n4/43n_jxh10gg3s770b_8jbzb80000gn/T/fc-team-coverage-cj8pvgg1.png'
02:50.315  render           | Saved: '/Users/mohammedkalouti/Documents/Codex/2026-09-27/i/work/art/aircraft-final-production-v3/stage/assets/build/frames/unit.SY.scout_drone/shadow/bank_left/d09_f01.png'
02:50.859  render           | Saved: '/Users/mohammedkalouti/Documents/Codex/2026-09-27/i/work/art/aircraft-final-production-v3/stage/assets/build/frames/unit.SY.scout_drone/beauty/bank_left/d09_f02.png'
02:51.335  render           | Saved: '/Users/mohammedkalouti/Documents/Codex/2026-09-27/i/work/art/aircraft-final-production-v3/stage/assets/build/frames/unit.SY.scout_drone/team/bank_left/d09_f02.png'
02:51.575  render           | Saved: '/var/folders/n4/43n_jxh10gg3s770b_8jbzb80000gn/T/fc-team-coverage-8m39m_fx.png'
02:52.420  render           | Saved: '/Users/mohammedkalouti/Documents/Codex/2026-09-27/i/work/art/aircraft-final-production-v3/stage/assets/build/frames/unit.SY.scout_drone/shadow/bank_left/d09_f02.png'
02:53.064  render           | Saved: '/Users/mohammedkalouti/Documents/Codex/2026-09-27/i/work/art/aircraft-final-production-v3/stage/assets/build/frames/unit.SY.scout_drone/beauty/bank_left/d10_f00.png'
02:53.537  render           | Saved: '/Users/mohammedkalouti/Documents/Codex/2026-09-27/i/work/art/aircraft-final-production-v3/stage/assets/build/frames/unit.SY.scout_drone/team/bank_left/d10_f00.png'
02:53.772  render           | Saved: '/var/folders/n4/43n_jxh10gg3s770b_8jbzb80000gn/T/fc-team-coverage-qa0wrsaf.png'
02:54.627  render           | Saved: '/Users/mohammedkalouti/Documents/Codex/2026-09-27/i/work/art/aircraft-final-production-v3/stage/assets/build/frames/unit.SY.scout_drone/shadow/bank_left/d10_f00.png'
02:55.164  render           | Saved: '/Users/mohammedkalouti/Documents/Codex/2026-09-27/i/work/art/aircraft-final-production-v3/stage/assets/build/frames/unit.SY.scout_drone/beauty/bank_left/d10_f01.png'
02:55.643  render           | Saved: '/Users/mohammedkalouti/Documents/Codex/2026-09-27/i/work/art/aircraft-final-production-v3/stage/assets/build/frames/unit.SY.scout_drone/team/bank_left/d10_f01.png'
02:55.879  render           | Saved: '/var/folders/n4/43n_jxh10gg3s770b_8jbzb80000gn/T/fc-team-coverage-fyrk6zex.png'
02:56.733  render           | Saved: '/Users/mohammedkalouti/Documents/Codex/2026-09-27/i/work/art/aircraft-final-production-v3/stage/assets/build/frames/unit.SY.scout_drone/shadow/bank_left/d10_f01.png'
02:57.279  render           | Saved: '/Users/mohammedkalouti/Documents/Codex/2026-09-27/i/work/art/aircraft-final-production-v3/stage/assets/build/frames/unit.SY.scout_drone/beauty/bank_left/d10_f02.png'
02:57.743  render           | Saved: '/Users/mohammedkalouti/Documents/Codex/2026-09-27/i/work/art/aircraft-final-production-v3/stage/assets/build/frames/unit.SY.scout_drone/team/bank_left/d10_f02.png'
02:57.976  render           | Saved: '/var/folders/n4/43n_jxh10gg3s770b_8jbzb80000gn/T/fc-team-coverage-9lpcbag1.png'
02:58.817  render           | Saved: '/Users/mohammedkalouti/Documents/Codex/2026-09-27/i/work/art/aircraft-final-production-v3/stage/assets/build/frames/unit.SY.scout_drone/shadow/bank_left/d10_f02.png'
02:59.378  render           | Saved: '/Users/mohammedkalouti/Documents/Codex/2026-09-27/i/work/art/aircraft-final-production-v3/stage/assets/build/frames/unit.SY.scout_drone/beauty/bank_left/d11_f00.png'
02:59.860  render           | Saved: '/Users/mohammedkalouti/Documents/Codex/2026-09-27/i/work/art/aircraft-final-production-v3/stage/assets/build/frames/unit.SY.scout_drone/team/bank_left/d11_f00.png'
03:00.105  render           | Saved: '/var/folders/n4/43n_jxh10gg3s770b_8jbzb80000gn/T/fc-team-coverage-40922hkg.png'
03:00.969  render           | Saved: '/Users/mohammedkalouti/Documents/Codex/2026-09-27/i/work/art/aircraft-final-production-v3/stage/assets/build/frames/unit.SY.scout_drone/shadow/bank_left/d11_f00.png'
03:01.512  render           | Saved: '/Users/mohammedkalouti/Documents/Codex/2026-09-27/i/work/art/aircraft-final-production-v3/stage/assets/build/frames/unit.SY.scout_drone/beauty/bank_left/d11_f01.png'
03:01.988  render           | Saved: '/Users/mohammedkalouti/Documents/Codex/2026-09-27/i/work/art/aircraft-final-production-v3/stage/assets/build/frames/unit.SY.scout_drone/team/bank_left/d11_f01.png'
03:02.235  render           | Saved: '/var/folders/n4/43n_jxh10gg3s770b_8jbzb80000gn/T/fc-team-coverage-5acvy6af.png'
03:03.087  render           | Saved: '/Users/mohammedkalouti/Documents/Codex/2026-09-27/i/work/art/aircraft-final-production-v3/stage/assets/build/frames/unit.SY.scout_drone/shadow/bank_left/d11_f01.png'
03:03.643  render           | Saved: '/Users/mohammedkalouti/Documents/Codex/2026-09-27/i/work/art/aircraft-final-production-v3/stage/assets/build/frames/unit.SY.scout_drone/beauty/bank_left/d11_f02.png'
03:04.131  render           | Saved: '/Users/mohammedkalouti/Documents/Codex/2026-09-27/i/work/art/aircraft-final-production-v3/stage/assets/build/frames/unit.SY.scout_drone/team/bank_left/d11_f02.png'
03:04.367  render           | Saved: '/var/folders/n4/43n_jxh10gg3s770b_8jbzb80000gn/T/fc-team-coverage-3nd153bl.png'
03:05.196  render           | Saved: '/Users/mohammedkalouti/Documents/Codex/2026-09-27/i/work/art/aircraft-final-production-v3/stage/assets/build/frames/unit.SY.scout_drone/shadow/bank_left/d11_f02.png'
03:05.732  render           | Saved: '/Users/mohammedkalouti/Documents/Codex/2026-09-27/i/work/art/aircraft-final-production-v3/stage/assets/build/frames/unit.SY.scout_drone/beauty/bank_left/d12_f00.png'
03:06.204  render           | Saved: '/Users/mohammedkalouti/Documents/Codex/2026-09-27/i/work/art/aircraft-final-production-v3/stage/assets/build/frames/unit.SY.scout_drone/team/bank_left/d12_f00.png'
03:06.438  render           | Saved: '/var/folders/n4/43n_jxh10gg3s770b_8jbzb80000gn/T/fc-team-coverage-45av29y2.png'
03:07.286  render           | Saved: '/Users/mohammedkalouti/Documents/Codex/2026-09-27/i/work/art/aircraft-final-production-v3/stage/assets/build/frames/unit.SY.scout_drone/shadow/bank_left/d12_f00.png'
03:07.821  render           | Saved: '/Users/mohammedkalouti/Documents/Codex/2026-09-27/i/work/art/aircraft-final-production-v3/stage/assets/build/frames/unit.SY.scout_drone/beauty/bank_left/d12_f01.png'
03:08.377  render           | Saved: '/Users/mohammedkalouti/Documents/Codex/2026-09-27/i/work/art/aircraft-final-production-v3/stage/assets/build/frames/unit.SY.scout_drone/team/bank_left/d12_f01.png'
03:08.622  render           | Saved: '/var/folders/n4/43n_jxh10gg3s770b_8jbzb80000gn/T/fc-team-coverage-6lt2eae7.png'
03:09.496  render           | Saved: '/Users/mohammedkalouti/Documents/Codex/2026-09-27/i/work/art/aircraft-final-production-v3/stage/assets/build/frames/unit.SY.scout_drone/shadow/bank_left/d12_f01.png'
03:10.045  render           | Saved: '/Users/mohammedkalouti/Documents/Codex/2026-09-27/i/work/art/aircraft-final-production-v3/stage/assets/build/frames/unit.SY.scout_drone/beauty/bank_left/d12_f02.png'
03:10.517  render           | Saved: '/Users/mohammedkalouti/Documents/Codex/2026-09-27/i/work/art/aircraft-final-production-v3/stage/assets/build/frames/unit.SY.scout_drone/team/bank_left/d12_f02.png'
03:10.751  render           | Saved: '/var/folders/n4/43n_jxh10gg3s770b_8jbzb80000gn/T/fc-team-coverage-xeiel7ft.png'
03:11.600  render           | Saved: '/Users/mohammedkalouti/Documents/Codex/2026-09-27/i/work/art/aircraft-final-production-v3/stage/assets/build/frames/unit.SY.scout_drone/shadow/bank_left/d12_f02.png'
03:12.152  render           | Saved: '/Users/mohammedkalouti/Documents/Codex/2026-09-27/i/work/art/aircraft-final-production-v3/stage/assets/build/frames/unit.SY.scout_drone/beauty/bank_left/d13_f00.png'
03:12.627  render           | Saved: '/Users/mohammedkalouti/Documents/Codex/2026-09-27/i/work/art/aircraft-final-production-v3/stage/assets/build/frames/unit.SY.scout_drone/team/bank_left/d13_f00.png'
03:12.863  render           | Saved: '/var/folders/n4/43n_jxh10gg3s770b_8jbzb80000gn/T/fc-team-coverage-29uhem2u.png'
03:13.693  render           | Saved: '/Users/mohammedkalouti/Documents/Codex/2026-09-27/i/work/art/aircraft-final-production-v3/stage/assets/build/frames/unit.SY.scout_drone/shadow/bank_left/d13_f00.png'
03:14.231  render           | Saved: '/Users/mohammedkalouti/Documents/Codex/2026-09-27/i/work/art/aircraft-final-production-v3/stage/assets/build/frames/unit.SY.scout_drone/beauty/bank_left/d13_f01.png'
03:14.721  render           | Saved: '/Users/mohammedkalouti/Documents/Codex/2026-09-27/i/work/art/aircraft-final-production-v3/stage/assets/build/frames/unit.SY.scout_drone/team/bank_left/d13_f01.png'
03:14.955  render           | Saved: '/var/folders/n4/43n_jxh10gg3s770b_8jbzb80000gn/T/fc-team-coverage-3jqdk3n7.png'
03:15.846  render           | Saved: '/Users/mohammedkalouti/Documents/Codex/2026-09-27/i/work/art/aircraft-final-production-v3/stage/assets/build/frames/unit.SY.scout_drone/shadow/bank_left/d13_f01.png'
03:16.399  render           | Saved: '/Users/mohammedkalouti/Documents/Codex/2026-09-27/i/work/art/aircraft-final-production-v3/stage/assets/build/frames/unit.SY.scout_drone/beauty/bank_left/d13_f02.png'
03:16.873  render           | Saved: '/Users/mohammedkalouti/Documents/Codex/2026-09-27/i/work/art/aircraft-final-production-v3/stage/assets/build/frames/unit.SY.scout_drone/team/bank_left/d13_f02.png'
03:17.112  render           | Saved: '/var/folders/n4/43n_jxh10gg3s770b_8jbzb80000gn/T/fc-team-coverage-hquq89dd.png'
03:17.959  render           | Saved: '/Users/mohammedkalouti/Documents/Codex/2026-09-27/i/work/art/aircraft-final-production-v3/stage/assets/build/frames/unit.SY.scout_drone/shadow/bank_left/d13_f02.png'
03:18.497  render           | Saved: '/Users/mohammedkalouti/Documents/Codex/2026-09-27/i/work/art/aircraft-final-production-v3/stage/assets/build/frames/unit.SY.scout_drone/beauty/bank_left/d14_f00.png'
03:18.970  render           | Saved: '/Users/mohammedkalouti/Documents/Codex/2026-09-27/i/work/art/aircraft-final-production-v3/stage/assets/build/frames/unit.SY.scout_drone/team/bank_left/d14_f00.png'
03:19.211  render           | Saved: '/var/folders/n4/43n_jxh10gg3s770b_8jbzb80000gn/T/fc-team-coverage-lx54e1i7.png'
03:20.068  render           | Saved: '/Users/mohammedkalouti/Documents/Codex/2026-09-27/i/work/art/aircraft-final-production-v3/stage/assets/build/frames/unit.SY.scout_drone/shadow/bank_left/d14_f00.png'
03:20.614  render           | Saved: '/Users/mohammedkalouti/Documents/Codex/2026-09-27/i/work/art/aircraft-final-production-v3/stage/assets/build/frames/unit.SY.scout_drone/beauty/bank_left/d14_f01.png'
03:21.111  render           | Saved: '/Users/mohammedkalouti/Documents/Codex/2026-09-27/i/work/art/aircraft-final-production-v3/stage/assets/build/frames/unit.SY.scout_drone/team/bank_left/d14_f01.png'
03:21.361  render           | Saved: '/var/folders/n4/43n_jxh10gg3s770b_8jbzb80000gn/T/fc-team-coverage-tgyn1p7j.png'
03:22.265  render           | Saved: '/Users/mohammedkalouti/Documents/Codex/2026-09-27/i/work/art/aircraft-final-production-v3/stage/assets/build/frames/unit.SY.scout_drone/shadow/bank_left/d14_f01.png'
03:22.829  render           | Saved: '/Users/mohammedkalouti/Documents/Codex/2026-09-27/i/work/art/aircraft-final-production-v3/stage/assets/build/frames/unit.SY.scout_drone/beauty/bank_left/d14_f02.png'
03:23.321  render           | Saved: '/Users/mohammedkalouti/Documents/Codex/2026-09-27/i/work/art/aircraft-final-production-v3/stage/assets/build/frames/unit.SY.scout_drone/team/bank_left/d14_f02.png'
03:23.566  render           | Saved: '/var/folders/n4/43n_jxh10gg3s770b_8jbzb80000gn/T/fc-team-coverage-foxgt51g.png'
03:24.462  render           | Saved: '/Users/mohammedkalouti/Documents/Codex/2026-09-27/i/work/art/aircraft-final-production-v3/stage/assets/build/frames/unit.SY.scout_drone/shadow/bank_left/d14_f02.png'
03:25.022  render           | Saved: '/Users/mohammedkalouti/Documents/Codex/2026-09-27/i/work/art/aircraft-final-production-v3/stage/assets/build/frames/unit.SY.scout_drone/beauty/bank_left/d15_f00.png'
03:25.511  render           | Saved: '/Users/mohammedkalouti/Documents/Codex/2026-09-27/i/work/art/aircraft-final-production-v3/stage/assets/build/frames/unit.SY.scout_drone/team/bank_left/d15_f00.png'
03:25.757  render           | Saved: '/var/folders/n4/43n_jxh10gg3s770b_8jbzb80000gn/T/fc-team-coverage-cnakhrqw.png'
03:26.609  render           | Saved: '/Users/mohammedkalouti/Documents/Codex/2026-09-27/i/work/art/aircraft-final-production-v3/stage/assets/build/frames/unit.SY.scout_drone/shadow/bank_left/d15_f00.png'
03:27.152  render           | Saved: '/Users/mohammedkalouti/Documents/Codex/2026-09-27/i/work/art/aircraft-final-production-v3/stage/assets/build/frames/unit.SY.scout_drone/beauty/bank_left/d15_f01.png'
03:27.635  render           | Saved: '/Users/mohammedkalouti/Documents/Codex/2026-09-27/i/work/art/aircraft-final-production-v3/stage/assets/build/frames/unit.SY.scout_drone/team/bank_left/d15_f01.png'
03:27.894  render           | Saved: '/var/folders/n4/43n_jxh10gg3s770b_8jbzb80000gn/T/fc-team-coverage-isxc9a2s.png'
03:28.728  render           | Saved: '/Users/mohammedkalouti/Documents/Codex/2026-09-27/i/work/art/aircraft-final-production-v3/stage/assets/build/frames/unit.SY.scout_drone/shadow/bank_left/d15_f01.png'
03:29.273  render           | Saved: '/Users/mohammedkalouti/Documents/Codex/2026-09-27/i/work/art/aircraft-final-production-v3/stage/assets/build/frames/unit.SY.scout_drone/beauty/bank_left/d15_f02.png'
03:29.773  render           | Saved: '/Users/mohammedkalouti/Documents/Codex/2026-09-27/i/work/art/aircraft-final-production-v3/stage/assets/build/frames/unit.SY.scout_drone/team/bank_left/d15_f02.png'
03:30.032  render           | Saved: '/var/folders/n4/43n_jxh10gg3s770b_8jbzb80000gn/T/fc-team-coverage-woz8gjef.png'
03:30.871  render           | Saved: '/Users/mohammedkalouti/Documents/Codex/2026-09-27/i/work/art/aircraft-final-production-v3/stage/assets/build/frames/unit.SY.scout_drone/shadow/bank_left/d15_f02.png'
03:31.449  render           | Saved: '/Users/mohammedkalouti/Documents/Codex/2026-09-27/i/work/art/aircraft-final-production-v3/stage/assets/build/frames/unit.SY.scout_drone/beauty/bank_right/d00_f00.png'
03:31.918  render           | Saved: '/Users/mohammedkalouti/Documents/Codex/2026-09-27/i/work/art/aircraft-final-production-v3/stage/assets/build/frames/unit.SY.scout_drone/team/bank_right/d00_f00.png'
03:32.153  render           | Saved: '/var/folders/n4/43n_jxh10gg3s770b_8jbzb80000gn/T/fc-team-coverage-fk2ewzh4.png'
03:33.020  render           | Saved: '/Users/mohammedkalouti/Documents/Codex/2026-09-27/i/work/art/aircraft-final-production-v3/stage/assets/build/frames/unit.SY.scout_drone/shadow/bank_right/d00_f00.png'
03:33.564  render           | Saved: '/Users/mohammedkalouti/Documents/Codex/2026-09-27/i/work/art/aircraft-final-production-v3/stage/assets/build/frames/unit.SY.scout_drone/beauty/bank_right/d00_f01.png'
03:34.050  render           | Saved: '/Users/mohammedkalouti/Documents/Codex/2026-09-27/i/work/art/aircraft-final-production-v3/stage/assets/build/frames/unit.SY.scout_drone/team/bank_right/d00_f01.png'
03:34.289  render           | Saved: '/var/folders/n4/43n_jxh10gg3s770b_8jbzb80000gn/T/fc-team-coverage-fdn5lvvy.png'
03:35.146  render           | Saved: '/Users/mohammedkalouti/Documents/Codex/2026-09-27/i/work/art/aircraft-final-production-v3/stage/assets/build/frames/unit.SY.scout_drone/shadow/bank_right/d00_f01.png'
03:35.698  render           | Saved: '/Users/mohammedkalouti/Documents/Codex/2026-09-27/i/work/art/aircraft-final-production-v3/stage/assets/build/frames/unit.SY.scout_drone/beauty/bank_right/d00_f02.png'
03:36.173  render           | Saved: '/Users/mohammedkalouti/Documents/Codex/2026-09-27/i/work/art/aircraft-final-production-v3/stage/assets/build/frames/unit.SY.scout_drone/team/bank_right/d00_f02.png'
03:36.411  render           | Saved: '/var/folders/n4/43n_jxh10gg3s770b_8jbzb80000gn/T/fc-team-coverage-dr30zi34.png'
03:37.256  render           | Saved: '/Users/mohammedkalouti/Documents/Codex/2026-09-27/i/work/art/aircraft-final-production-v3/stage/assets/build/frames/unit.SY.scout_drone/shadow/bank_right/d00_f02.png'
03:37.801  render           | Saved: '/Users/mohammedkalouti/Documents/Codex/2026-09-27/i/work/art/aircraft-final-production-v3/stage/assets/build/frames/unit.SY.scout_drone/beauty/bank_right/d01_f00.png'
03:38.272  render           | Saved: '/Users/mohammedkalouti/Documents/Codex/2026-09-27/i/work/art/aircraft-final-production-v3/stage/assets/build/frames/unit.SY.scout_drone/team/bank_right/d01_f00.png'
03:38.508  render           | Saved: '/var/folders/n4/43n_jxh10gg3s770b_8jbzb80000gn/T/fc-team-coverage-lvhr_5qk.png'
03:39.362  render           | Saved: '/Users/mohammedkalouti/Documents/Codex/2026-09-27/i/work/art/aircraft-final-production-v3/stage/assets/build/frames/unit.SY.scout_drone/shadow/bank_right/d01_f00.png'
03:39.902  render           | Saved: '/Users/mohammedkalouti/Documents/Codex/2026-09-27/i/work/art/aircraft-final-production-v3/stage/assets/build/frames/unit.SY.scout_drone/beauty/bank_right/d01_f01.png'
03:40.377  render           | Saved: '/Users/mohammedkalouti/Documents/Codex/2026-09-27/i/work/art/aircraft-final-production-v3/stage/assets/build/frames/unit.SY.scout_drone/team/bank_right/d01_f01.png'
03:40.614  render           | Saved: '/var/folders/n4/43n_jxh10gg3s770b_8jbzb80000gn/T/fc-team-coverage-1yn7pn6h.png'
03:41.480  render           | Saved: '/Users/mohammedkalouti/Documents/Codex/2026-09-27/i/work/art/aircraft-final-production-v3/stage/assets/build/frames/unit.SY.scout_drone/shadow/bank_right/d01_f01.png'
03:42.047  render           | Saved: '/Users/mohammedkalouti/Documents/Codex/2026-09-27/i/work/art/aircraft-final-production-v3/stage/assets/build/frames/unit.SY.scout_drone/beauty/bank_right/d01_f02.png'
03:42.524  render           | Saved: '/Users/mohammedkalouti/Documents/Codex/2026-09-27/i/work/art/aircraft-final-production-v3/stage/assets/build/frames/unit.SY.scout_drone/team/bank_right/d01_f02.png'
03:42.777  render           | Saved: '/var/folders/n4/43n_jxh10gg3s770b_8jbzb80000gn/T/fc-team-coverage-c5yv7lk1.png'
03:43.628  render           | Saved: '/Users/mohammedkalouti/Documents/Codex/2026-09-27/i/work/art/aircraft-final-production-v3/stage/assets/build/frames/unit.SY.scout_drone/shadow/bank_right/d01_f02.png'
03:44.188  render           | Saved: '/Users/mohammedkalouti/Documents/Codex/2026-09-27/i/work/art/aircraft-final-production-v3/stage/assets/build/frames/unit.SY.scout_drone/beauty/bank_right/d02_f00.png'
03:44.657  render           | Saved: '/Users/mohammedkalouti/Documents/Codex/2026-09-27/i/work/art/aircraft-final-production-v3/stage/assets/build/frames/unit.SY.scout_drone/team/bank_right/d02_f00.png'
03:44.910  render           | Saved: '/var/folders/n4/43n_jxh10gg3s770b_8jbzb80000gn/T/fc-team-coverage-to_sadd8.png'
03:45.734  render           | Saved: '/Users/mohammedkalouti/Documents/Codex/2026-09-27/i/work/art/aircraft-final-production-v3/stage/assets/build/frames/unit.SY.scout_drone/shadow/bank_right/d02_f00.png'
03:46.272  render           | Saved: '/Users/mohammedkalouti/Documents/Codex/2026-09-27/i/work/art/aircraft-final-production-v3/stage/assets/build/frames/unit.SY.scout_drone/beauty/bank_right/d02_f01.png'
03:46.745  render           | Saved: '/Users/mohammedkalouti/Documents/Codex/2026-09-27/i/work/art/aircraft-final-production-v3/stage/assets/build/frames/unit.SY.scout_drone/team/bank_right/d02_f01.png'
03:46.991  render           | Saved: '/var/folders/n4/43n_jxh10gg3s770b_8jbzb80000gn/T/fc-team-coverage-q0duqnad.png'
03:47.845  render           | Saved: '/Users/mohammedkalouti/Documents/Codex/2026-09-27/i/work/art/aircraft-final-production-v3/stage/assets/build/frames/unit.SY.scout_drone/shadow/bank_right/d02_f01.png'
03:48.397  render           | Saved: '/Users/mohammedkalouti/Documents/Codex/2026-09-27/i/work/art/aircraft-final-production-v3/stage/assets/build/frames/unit.SY.scout_drone/beauty/bank_right/d02_f02.png'
03:48.870  render           | Saved: '/Users/mohammedkalouti/Documents/Codex/2026-09-27/i/work/art/aircraft-final-production-v3/stage/assets/build/frames/unit.SY.scout_drone/team/bank_right/d02_f02.png'
03:49.110  render           | Saved: '/var/folders/n4/43n_jxh10gg3s770b_8jbzb80000gn/T/fc-team-coverage-zr6ickih.png'
03:49.974  render           | Saved: '/Users/mohammedkalouti/Documents/Codex/2026-09-27/i/work/art/aircraft-final-production-v3/stage/assets/build/frames/unit.SY.scout_drone/shadow/bank_right/d02_f02.png'
03:50.527  render           | Saved: '/Users/mohammedkalouti/Documents/Codex/2026-09-27/i/work/art/aircraft-final-production-v3/stage/assets/build/frames/unit.SY.scout_drone/beauty/bank_right/d03_f00.png'
03:51.012  render           | Saved: '/Users/mohammedkalouti/Documents/Codex/2026-09-27/i/work/art/aircraft-final-production-v3/stage/assets/build/frames/unit.SY.scout_drone/team/bank_right/d03_f00.png'
03:51.249  render           | Saved: '/var/folders/n4/43n_jxh10gg3s770b_8jbzb80000gn/T/fc-team-coverage-b6qyydw7.png'
03:52.117  render           | Saved: '/Users/mohammedkalouti/Documents/Codex/2026-09-27/i/work/art/aircraft-final-production-v3/stage/assets/build/frames/unit.SY.scout_drone/shadow/bank_right/d03_f00.png'
03:52.667  render           | Saved: '/Users/mohammedkalouti/Documents/Codex/2026-09-27/i/work/art/aircraft-final-production-v3/stage/assets/build/frames/unit.SY.scout_drone/beauty/bank_right/d03_f01.png'
03:53.135  render           | Saved: '/Users/mohammedkalouti/Documents/Codex/2026-09-27/i/work/art/aircraft-final-production-v3/stage/assets/build/frames/unit.SY.scout_drone/team/bank_right/d03_f01.png'
03:53.375  render           | Saved: '/var/folders/n4/43n_jxh10gg3s770b_8jbzb80000gn/T/fc-team-coverage-g1hgv8_x.png'
03:54.288  render           | Saved: '/Users/mohammedkalouti/Documents/Codex/2026-09-27/i/work/art/aircraft-final-production-v3/stage/assets/build/frames/unit.SY.scout_drone/shadow/bank_right/d03_f01.png'
03:54.864  render           | Saved: '/Users/mohammedkalouti/Documents/Codex/2026-09-27/i/work/art/aircraft-final-production-v3/stage/assets/build/frames/unit.SY.scout_drone/beauty/bank_right/d03_f02.png'
03:55.354  render           | Saved: '/Users/mohammedkalouti/Documents/Codex/2026-09-27/i/work/art/aircraft-final-production-v3/stage/assets/build/frames/unit.SY.scout_drone/team/bank_right/d03_f02.png'
03:55.610  render           | Saved: '/var/folders/n4/43n_jxh10gg3s770b_8jbzb80000gn/T/fc-team-coverage-kk0b788y.png'
03:56.459  render           | Saved: '/Users/mohammedkalouti/Documents/Codex/2026-09-27/i/work/art/aircraft-final-production-v3/stage/assets/build/frames/unit.SY.scout_drone/shadow/bank_right/d03_f02.png'
03:57.015  render           | Saved: '/Users/mohammedkalouti/Documents/Codex/2026-09-27/i/work/art/aircraft-final-production-v3/stage/assets/build/frames/unit.SY.scout_drone/beauty/bank_right/d04_f00.png'
03:57.489  render           | Saved: '/Users/mohammedkalouti/Documents/Codex/2026-09-27/i/work/art/aircraft-final-production-v3/stage/assets/build/frames/unit.SY.scout_drone/team/bank_right/d04_f00.png'
03:57.737  render           | Saved: '/var/folders/n4/43n_jxh10gg3s770b_8jbzb80000gn/T/fc-team-coverage-4anz5frd.png'
03:58.568  render           | Saved: '/Users/mohammedkalouti/Documents/Codex/2026-09-27/i/work/art/aircraft-final-production-v3/stage/assets/build/frames/unit.SY.scout_drone/shadow/bank_right/d04_f00.png'
03:59.117  render           | Saved: '/Users/mohammedkalouti/Documents/Codex/2026-09-27/i/work/art/aircraft-final-production-v3/stage/assets/build/frames/unit.SY.scout_drone/beauty/bank_right/d04_f01.png'
03:59.590  render           | Saved: '/Users/mohammedkalouti/Documents/Codex/2026-09-27/i/work/art/aircraft-final-production-v3/stage/assets/build/frames/unit.SY.scout_drone/team/bank_right/d04_f01.png'
03:59.830  render           | Saved: '/var/folders/n4/43n_jxh10gg3s770b_8jbzb80000gn/T/fc-team-coverage-b6hcekfk.png'
04:00.656  render           | Saved: '/Users/mohammedkalouti/Documents/Codex/2026-09-27/i/work/art/aircraft-final-production-v3/stage/assets/build/frames/unit.SY.scout_drone/shadow/bank_right/d04_f01.png'
04:01.205  render           | Saved: '/Users/mohammedkalouti/Documents/Codex/2026-09-27/i/work/art/aircraft-final-production-v3/stage/assets/build/frames/unit.SY.scout_drone/beauty/bank_right/d04_f02.png'
04:01.692  render           | Saved: '/Users/mohammedkalouti/Documents/Codex/2026-09-27/i/work/art/aircraft-final-production-v3/stage/assets/build/frames/unit.SY.scout_drone/team/bank_right/d04_f02.png'
04:01.942  render           | Saved: '/var/folders/n4/43n_jxh10gg3s770b_8jbzb80000gn/T/fc-team-coverage-b04wc11r.png'
04:02.791  render           | Saved: '/Users/mohammedkalouti/Documents/Codex/2026-09-27/i/work/art/aircraft-final-production-v3/stage/assets/build/frames/unit.SY.scout_drone/shadow/bank_right/d04_f02.png'
04:03.335  render           | Saved: '/Users/mohammedkalouti/Documents/Codex/2026-09-27/i/work/art/aircraft-final-production-v3/stage/assets/build/frames/unit.SY.scout_drone/beauty/bank_right/d05_f00.png'
04:03.803  render           | Saved: '/Users/mohammedkalouti/Documents/Codex/2026-09-27/i/work/art/aircraft-final-production-v3/stage/assets/build/frames/unit.SY.scout_drone/team/bank_right/d05_f00.png'
04:04.057  render           | Saved: '/var/folders/n4/43n_jxh10gg3s770b_8jbzb80000gn/T/fc-team-coverage-hj9is3bm.png'
04:04.943  render           | Saved: '/Users/mohammedkalouti/Documents/Codex/2026-09-27/i/work/art/aircraft-final-production-v3/stage/assets/build/frames/unit.SY.scout_drone/shadow/bank_right/d05_f00.png'
04:05.486  render           | Saved: '/Users/mohammedkalouti/Documents/Codex/2026-09-27/i/work/art/aircraft-final-production-v3/stage/assets/build/frames/unit.SY.scout_drone/beauty/bank_right/d05_f01.png'
04:06.005  render           | Saved: '/Users/mohammedkalouti/Documents/Codex/2026-09-27/i/work/art/aircraft-final-production-v3/stage/assets/build/frames/unit.SY.scout_drone/team/bank_right/d05_f01.png'
04:06.249  render           | Saved: '/var/folders/n4/43n_jxh10gg3s770b_8jbzb80000gn/T/fc-team-coverage-_azjpjn5.png'
04:07.144  render           | Saved: '/Users/mohammedkalouti/Documents/Codex/2026-09-27/i/work/art/aircraft-final-production-v3/stage/assets/build/frames/unit.SY.scout_drone/shadow/bank_right/d05_f01.png'
04:07.704  render           | Saved: '/Users/mohammedkalouti/Documents/Codex/2026-09-27/i/work/art/aircraft-final-production-v3/stage/assets/build/frames/unit.SY.scout_drone/beauty/bank_right/d05_f02.png'
04:08.212  render           | Saved: '/Users/mohammedkalouti/Documents/Codex/2026-09-27/i/work/art/aircraft-final-production-v3/stage/assets/build/frames/unit.SY.scout_drone/team/bank_right/d05_f02.png'
04:08.447  render           | Saved: '/var/folders/n4/43n_jxh10gg3s770b_8jbzb80000gn/T/fc-team-coverage-ycie61tw.png'
04:09.369  render           | Saved: '/Users/mohammedkalouti/Documents/Codex/2026-09-27/i/work/art/aircraft-final-production-v3/stage/assets/build/frames/unit.SY.scout_drone/shadow/bank_right/d05_f02.png'
04:09.913  render           | Saved: '/Users/mohammedkalouti/Documents/Codex/2026-09-27/i/work/art/aircraft-final-production-v3/stage/assets/build/frames/unit.SY.scout_drone/beauty/bank_right/d06_f00.png'
04:10.389  render           | Saved: '/Users/mohammedkalouti/Documents/Codex/2026-09-27/i/work/art/aircraft-final-production-v3/stage/assets/build/frames/unit.SY.scout_drone/team/bank_right/d06_f00.png'
04:10.644  render           | Saved: '/var/folders/n4/43n_jxh10gg3s770b_8jbzb80000gn/T/fc-team-coverage-c_l9iubx.png'
04:11.466  render           | Saved: '/Users/mohammedkalouti/Documents/Codex/2026-09-27/i/work/art/aircraft-final-production-v3/stage/assets/build/frames/unit.SY.scout_drone/shadow/bank_right/d06_f00.png'
04:12.034  render           | Saved: '/Users/mohammedkalouti/Documents/Codex/2026-09-27/i/work/art/aircraft-final-production-v3/stage/assets/build/frames/unit.SY.scout_drone/beauty/bank_right/d06_f01.png'
04:12.650  render           | Saved: '/Users/mohammedkalouti/Documents/Codex/2026-09-27/i/work/art/aircraft-final-production-v3/stage/assets/build/frames/unit.SY.scout_drone/team/bank_right/d06_f01.png'
04:12.936  render           | Saved: '/var/folders/n4/43n_jxh10gg3s770b_8jbzb80000gn/T/fc-team-coverage-qjqzkngx.png'
04:13.911  render           | Saved: '/Users/mohammedkalouti/Documents/Codex/2026-09-27/i/work/art/aircraft-final-production-v3/stage/assets/build/frames/unit.SY.scout_drone/shadow/bank_right/d06_f01.png'
04:14.559  render           | Saved: '/Users/mohammedkalouti/Documents/Codex/2026-09-27/i/work/art/aircraft-final-production-v3/stage/assets/build/frames/unit.SY.scout_drone/beauty/bank_right/d06_f02.png'
04:15.043  render           | Saved: '/Users/mohammedkalouti/Documents/Codex/2026-09-27/i/work/art/aircraft-final-production-v3/stage/assets/build/frames/unit.SY.scout_drone/team/bank_right/d06_f02.png'
04:15.278  render           | Saved: '/var/folders/n4/43n_jxh10gg3s770b_8jbzb80000gn/T/fc-team-coverage-1q4ydovr.png'
04:16.152  render           | Saved: '/Users/mohammedkalouti/Documents/Codex/2026-09-27/i/work/art/aircraft-final-production-v3/stage/assets/build/frames/unit.SY.scout_drone/shadow/bank_right/d06_f02.png'
04:16.703  render           | Saved: '/Users/mohammedkalouti/Documents/Codex/2026-09-27/i/work/art/aircraft-final-production-v3/stage/assets/build/frames/unit.SY.scout_drone/beauty/bank_right/d07_f00.png'
04:17.184  render           | Saved: '/Users/mohammedkalouti/Documents/Codex/2026-09-27/i/work/art/aircraft-final-production-v3/stage/assets/build/frames/unit.SY.scout_drone/team/bank_right/d07_f00.png'
04:17.425  render           | Saved: '/var/folders/n4/43n_jxh10gg3s770b_8jbzb80000gn/T/fc-team-coverage-ef6sbqb1.png'
04:18.289  render           | Saved: '/Users/mohammedkalouti/Documents/Codex/2026-09-27/i/work/art/aircraft-final-production-v3/stage/assets/build/frames/unit.SY.scout_drone/shadow/bank_right/d07_f00.png'
04:18.850  render           | Saved: '/Users/mohammedkalouti/Documents/Codex/2026-09-27/i/work/art/aircraft-final-production-v3/stage/assets/build/frames/unit.SY.scout_drone/beauty/bank_right/d07_f01.png'
04:19.363  render           | Saved: '/Users/mohammedkalouti/Documents/Codex/2026-09-27/i/work/art/aircraft-final-production-v3/stage/assets/build/frames/unit.SY.scout_drone/team/bank_right/d07_f01.png'
04:19.598  render           | Saved: '/var/folders/n4/43n_jxh10gg3s770b_8jbzb80000gn/T/fc-team-coverage-hnhq1b6z.png'
04:20.433  render           | Saved: '/Users/mohammedkalouti/Documents/Codex/2026-09-27/i/work/art/aircraft-final-production-v3/stage/assets/build/frames/unit.SY.scout_drone/shadow/bank_right/d07_f01.png'
04:20.965  render           | Saved: '/Users/mohammedkalouti/Documents/Codex/2026-09-27/i/work/art/aircraft-final-production-v3/stage/assets/build/frames/unit.SY.scout_drone/beauty/bank_right/d07_f02.png'
04:21.438  render           | Saved: '/Users/mohammedkalouti/Documents/Codex/2026-09-27/i/work/art/aircraft-final-production-v3/stage/assets/build/frames/unit.SY.scout_drone/team/bank_right/d07_f02.png'
04:21.687  render           | Saved: '/var/folders/n4/43n_jxh10gg3s770b_8jbzb80000gn/T/fc-team-coverage-p33ggfc0.png'
04:22.532  render           | Saved: '/Users/mohammedkalouti/Documents/Codex/2026-09-27/i/work/art/aircraft-final-production-v3/stage/assets/build/frames/unit.SY.scout_drone/shadow/bank_right/d07_f02.png'
04:23.084  render           | Saved: '/Users/mohammedkalouti/Documents/Codex/2026-09-27/i/work/art/aircraft-final-production-v3/stage/assets/build/frames/unit.SY.scout_drone/beauty/bank_right/d08_f00.png'
04:23.585  render           | Saved: '/Users/mohammedkalouti/Documents/Codex/2026-09-27/i/work/art/aircraft-final-production-v3/stage/assets/build/frames/unit.SY.scout_drone/team/bank_right/d08_f00.png'
04:23.837  render           | Saved: '/var/folders/n4/43n_jxh10gg3s770b_8jbzb80000gn/T/fc-team-coverage-1jh36hrh.png'
04:24.703  render           | Saved: '/Users/mohammedkalouti/Documents/Codex/2026-09-27/i/work/art/aircraft-final-production-v3/stage/assets/build/frames/unit.SY.scout_drone/shadow/bank_right/d08_f00.png'
04:25.252  render           | Saved: '/Users/mohammedkalouti/Documents/Codex/2026-09-27/i/work/art/aircraft-final-production-v3/stage/assets/build/frames/unit.SY.scout_drone/beauty/bank_right/d08_f01.png'
04:25.719  render           | Saved: '/Users/mohammedkalouti/Documents/Codex/2026-09-27/i/work/art/aircraft-final-production-v3/stage/assets/build/frames/unit.SY.scout_drone/team/bank_right/d08_f01.png'
04:25.954  render           | Saved: '/var/folders/n4/43n_jxh10gg3s770b_8jbzb80000gn/T/fc-team-coverage-m71eyyb4.png'
04:26.809  render           | Saved: '/Users/mohammedkalouti/Documents/Codex/2026-09-27/i/work/art/aircraft-final-production-v3/stage/assets/build/frames/unit.SY.scout_drone/shadow/bank_right/d08_f01.png'
04:27.426  render           | Saved: '/Users/mohammedkalouti/Documents/Codex/2026-09-27/i/work/art/aircraft-final-production-v3/stage/assets/build/frames/unit.SY.scout_drone/beauty/bank_right/d08_f02.png'
04:28.057  render           | Saved: '/Users/mohammedkalouti/Documents/Codex/2026-09-27/i/work/art/aircraft-final-production-v3/stage/assets/build/frames/unit.SY.scout_drone/team/bank_right/d08_f02.png'
04:28.312  render           | Saved: '/var/folders/n4/43n_jxh10gg3s770b_8jbzb80000gn/T/fc-team-coverage-k0hilw3s.png'
04:29.175  render           | Saved: '/Users/mohammedkalouti/Documents/Codex/2026-09-27/i/work/art/aircraft-final-production-v3/stage/assets/build/frames/unit.SY.scout_drone/shadow/bank_right/d08_f02.png'
04:29.756  render           | Saved: '/Users/mohammedkalouti/Documents/Codex/2026-09-27/i/work/art/aircraft-final-production-v3/stage/assets/build/frames/unit.SY.scout_drone/beauty/bank_right/d09_f00.png'
04:30.249  render           | Saved: '/Users/mohammedkalouti/Documents/Codex/2026-09-27/i/work/art/aircraft-final-production-v3/stage/assets/build/frames/unit.SY.scout_drone/team/bank_right/d09_f00.png'
04:30.487  render           | Saved: '/var/folders/n4/43n_jxh10gg3s770b_8jbzb80000gn/T/fc-team-coverage-xx8qynuu.png'
04:31.319  render           | Saved: '/Users/mohammedkalouti/Documents/Codex/2026-09-27/i/work/art/aircraft-final-production-v3/stage/assets/build/frames/unit.SY.scout_drone/shadow/bank_right/d09_f00.png'
04:31.880  render           | Saved: '/Users/mohammedkalouti/Documents/Codex/2026-09-27/i/work/art/aircraft-final-production-v3/stage/assets/build/frames/unit.SY.scout_drone/beauty/bank_right/d09_f01.png'
04:32.380  render           | Saved: '/Users/mohammedkalouti/Documents/Codex/2026-09-27/i/work/art/aircraft-final-production-v3/stage/assets/build/frames/unit.SY.scout_drone/team/bank_right/d09_f01.png'
04:32.629  render           | Saved: '/var/folders/n4/43n_jxh10gg3s770b_8jbzb80000gn/T/fc-team-coverage-m1eyhcsv.png'
04:33.475  render           | Saved: '/Users/mohammedkalouti/Documents/Codex/2026-09-27/i/work/art/aircraft-final-production-v3/stage/assets/build/frames/unit.SY.scout_drone/shadow/bank_right/d09_f01.png'
04:34.011  render           | Saved: '/Users/mohammedkalouti/Documents/Codex/2026-09-27/i/work/art/aircraft-final-production-v3/stage/assets/build/frames/unit.SY.scout_drone/beauty/bank_right/d09_f02.png'
04:34.501  render           | Saved: '/Users/mohammedkalouti/Documents/Codex/2026-09-27/i/work/art/aircraft-final-production-v3/stage/assets/build/frames/unit.SY.scout_drone/team/bank_right/d09_f02.png'
04:34.757  render           | Saved: '/var/folders/n4/43n_jxh10gg3s770b_8jbzb80000gn/T/fc-team-coverage-gcrk64q0.png'
04:35.697  render           | Saved: '/Users/mohammedkalouti/Documents/Codex/2026-09-27/i/work/art/aircraft-final-production-v3/stage/assets/build/frames/unit.SY.scout_drone/shadow/bank_right/d09_f02.png'
04:36.237  render           | Saved: '/Users/mohammedkalouti/Documents/Codex/2026-09-27/i/work/art/aircraft-final-production-v3/stage/assets/build/frames/unit.SY.scout_drone/beauty/bank_right/d10_f00.png'
04:36.711  render           | Saved: '/Users/mohammedkalouti/Documents/Codex/2026-09-27/i/work/art/aircraft-final-production-v3/stage/assets/build/frames/unit.SY.scout_drone/team/bank_right/d10_f00.png'
04:36.956  render           | Saved: '/var/folders/n4/43n_jxh10gg3s770b_8jbzb80000gn/T/fc-team-coverage-88jdaaad.png'
04:37.790  render           | Saved: '/Users/mohammedkalouti/Documents/Codex/2026-09-27/i/work/art/aircraft-final-production-v3/stage/assets/build/frames/unit.SY.scout_drone/shadow/bank_right/d10_f00.png'
04:38.350  render           | Saved: '/Users/mohammedkalouti/Documents/Codex/2026-09-27/i/work/art/aircraft-final-production-v3/stage/assets/build/frames/unit.SY.scout_drone/beauty/bank_right/d10_f01.png'
04:38.854  render           | Saved: '/Users/mohammedkalouti/Documents/Codex/2026-09-27/i/work/art/aircraft-final-production-v3/stage/assets/build/frames/unit.SY.scout_drone/team/bank_right/d10_f01.png'
04:39.106  render           | Saved: '/var/folders/n4/43n_jxh10gg3s770b_8jbzb80000gn/T/fc-team-coverage-6zsmo5t_.png'
04:39.954  render           | Saved: '/Users/mohammedkalouti/Documents/Codex/2026-09-27/i/work/art/aircraft-final-production-v3/stage/assets/build/frames/unit.SY.scout_drone/shadow/bank_right/d10_f01.png'
04:40.496  render           | Saved: '/Users/mohammedkalouti/Documents/Codex/2026-09-27/i/work/art/aircraft-final-production-v3/stage/assets/build/frames/unit.SY.scout_drone/beauty/bank_right/d10_f02.png'
04:40.971  render           | Saved: '/Users/mohammedkalouti/Documents/Codex/2026-09-27/i/work/art/aircraft-final-production-v3/stage/assets/build/frames/unit.SY.scout_drone/team/bank_right/d10_f02.png'
04:41.226  render           | Saved: '/var/folders/n4/43n_jxh10gg3s770b_8jbzb80000gn/T/fc-team-coverage-2r0uk5ox.png'
04:42.054  render           | Saved: '/Users/mohammedkalouti/Documents/Codex/2026-09-27/i/work/art/aircraft-final-production-v3/stage/assets/build/frames/unit.SY.scout_drone/shadow/bank_right/d10_f02.png'
04:42.619  render           | Saved: '/Users/mohammedkalouti/Documents/Codex/2026-09-27/i/work/art/aircraft-final-production-v3/stage/assets/build/frames/unit.SY.scout_drone/beauty/bank_right/d11_f00.png'
04:43.139  render           | Saved: '/Users/mohammedkalouti/Documents/Codex/2026-09-27/i/work/art/aircraft-final-production-v3/stage/assets/build/frames/unit.SY.scout_drone/team/bank_right/d11_f00.png'
04:43.407  render           | Saved: '/var/folders/n4/43n_jxh10gg3s770b_8jbzb80000gn/T/fc-team-coverage-l40g4a0b.png'
04:44.355  render           | Saved: '/Users/mohammedkalouti/Documents/Codex/2026-09-27/i/work/art/aircraft-final-production-v3/stage/assets/build/frames/unit.SY.scout_drone/shadow/bank_right/d11_f00.png'
04:44.933  render           | Saved: '/Users/mohammedkalouti/Documents/Codex/2026-09-27/i/work/art/aircraft-final-production-v3/stage/assets/build/frames/unit.SY.scout_drone/beauty/bank_right/d11_f01.png'
04:45.433  render           | Saved: '/Users/mohammedkalouti/Documents/Codex/2026-09-27/i/work/art/aircraft-final-production-v3/stage/assets/build/frames/unit.SY.scout_drone/team/bank_right/d11_f01.png'
04:45.685  render           | Saved: '/var/folders/n4/43n_jxh10gg3s770b_8jbzb80000gn/T/fc-team-coverage-9pb85qyq.png'
04:46.575  render           | Saved: '/Users/mohammedkalouti/Documents/Codex/2026-09-27/i/work/art/aircraft-final-production-v3/stage/assets/build/frames/unit.SY.scout_drone/shadow/bank_right/d11_f01.png'
04:47.166  render           | Saved: '/Users/mohammedkalouti/Documents/Codex/2026-09-27/i/work/art/aircraft-final-production-v3/stage/assets/build/frames/unit.SY.scout_drone/beauty/bank_right/d11_f02.png'
04:47.711  render           | Saved: '/Users/mohammedkalouti/Documents/Codex/2026-09-27/i/work/art/aircraft-final-production-v3/stage/assets/build/frames/unit.SY.scout_drone/team/bank_right/d11_f02.png'
04:47.960  render           | Saved: '/var/folders/n4/43n_jxh10gg3s770b_8jbzb80000gn/T/fc-team-coverage-yqnwry24.png'
04:48.833  render           | Saved: '/Users/mohammedkalouti/Documents/Codex/2026-09-27/i/work/art/aircraft-final-production-v3/stage/assets/build/frames/unit.SY.scout_drone/shadow/bank_right/d11_f02.png'
04:49.374  render           | Saved: '/Users/mohammedkalouti/Documents/Codex/2026-09-27/i/work/art/aircraft-final-production-v3/stage/assets/build/frames/unit.SY.scout_drone/beauty/bank_right/d12_f00.png'
04:49.866  render           | Saved: '/Users/mohammedkalouti/Documents/Codex/2026-09-27/i/work/art/aircraft-final-production-v3/stage/assets/build/frames/unit.SY.scout_drone/team/bank_right/d12_f00.png'
04:50.104  render           | Saved: '/var/folders/n4/43n_jxh10gg3s770b_8jbzb80000gn/T/fc-team-coverage-x4t_6e88.png'
04:50.963  render           | Saved: '/Users/mohammedkalouti/Documents/Codex/2026-09-27/i/work/art/aircraft-final-production-v3/stage/assets/build/frames/unit.SY.scout_drone/shadow/bank_right/d12_f00.png'
04:51.503  render           | Saved: '/Users/mohammedkalouti/Documents/Codex/2026-09-27/i/work/art/aircraft-final-production-v3/stage/assets/build/frames/unit.SY.scout_drone/beauty/bank_right/d12_f01.png'
04:51.978  render           | Saved: '/Users/mohammedkalouti/Documents/Codex/2026-09-27/i/work/art/aircraft-final-production-v3/stage/assets/build/frames/unit.SY.scout_drone/team/bank_right/d12_f01.png'
04:52.217  render           | Saved: '/var/folders/n4/43n_jxh10gg3s770b_8jbzb80000gn/T/fc-team-coverage-ccqz1a_q.png'
04:53.080  render           | Saved: '/Users/mohammedkalouti/Documents/Codex/2026-09-27/i/work/art/aircraft-final-production-v3/stage/assets/build/frames/unit.SY.scout_drone/shadow/bank_right/d12_f01.png'
04:53.643  render           | Saved: '/Users/mohammedkalouti/Documents/Codex/2026-09-27/i/work/art/aircraft-final-production-v3/stage/assets/build/frames/unit.SY.scout_drone/beauty/bank_right/d12_f02.png'
04:54.133  render           | Saved: '/Users/mohammedkalouti/Documents/Codex/2026-09-27/i/work/art/aircraft-final-production-v3/stage/assets/build/frames/unit.SY.scout_drone/team/bank_right/d12_f02.png'
04:54.388  render           | Saved: '/var/folders/n4/43n_jxh10gg3s770b_8jbzb80000gn/T/fc-team-coverage-yp9jwgrk.png'
04:55.263  render           | Saved: '/Users/mohammedkalouti/Documents/Codex/2026-09-27/i/work/art/aircraft-final-production-v3/stage/assets/build/frames/unit.SY.scout_drone/shadow/bank_right/d12_f02.png'
04:55.835  render           | Saved: '/Users/mohammedkalouti/Documents/Codex/2026-09-27/i/work/art/aircraft-final-production-v3/stage/assets/build/frames/unit.SY.scout_drone/beauty/bank_right/d13_f00.png'
04:56.322  render           | Saved: '/Users/mohammedkalouti/Documents/Codex/2026-09-27/i/work/art/aircraft-final-production-v3/stage/assets/build/frames/unit.SY.scout_drone/team/bank_right/d13_f00.png'
04:56.566  render           | Saved: '/var/folders/n4/43n_jxh10gg3s770b_8jbzb80000gn/T/fc-team-coverage-v2gsc1lo.png'
04:57.415  render           | Saved: '/Users/mohammedkalouti/Documents/Codex/2026-09-27/i/work/art/aircraft-final-production-v3/stage/assets/build/frames/unit.SY.scout_drone/shadow/bank_right/d13_f00.png'
04:57.957  render           | Saved: '/Users/mohammedkalouti/Documents/Codex/2026-09-27/i/work/art/aircraft-final-production-v3/stage/assets/build/frames/unit.SY.scout_drone/beauty/bank_right/d13_f01.png'
04:58.441  render           | Saved: '/Users/mohammedkalouti/Documents/Codex/2026-09-27/i/work/art/aircraft-final-production-v3/stage/assets/build/frames/unit.SY.scout_drone/team/bank_right/d13_f01.png'
04:58.697  render           | Saved: '/var/folders/n4/43n_jxh10gg3s770b_8jbzb80000gn/T/fc-team-coverage-thevmox7.png'
04:59.534  render           | Saved: '/Users/mohammedkalouti/Documents/Codex/2026-09-27/i/work/art/aircraft-final-production-v3/stage/assets/build/frames/unit.SY.scout_drone/shadow/bank_right/d13_f01.png'
05:00.075  render           | Saved: '/Users/mohammedkalouti/Documents/Codex/2026-09-27/i/work/art/aircraft-final-production-v3/stage/assets/build/frames/unit.SY.scout_drone/beauty/bank_right/d13_f02.png'
05:00.559  render           | Saved: '/Users/mohammedkalouti/Documents/Codex/2026-09-27/i/work/art/aircraft-final-production-v3/stage/assets/build/frames/unit.SY.scout_drone/team/bank_right/d13_f02.png'
05:00.800  render           | Saved: '/var/folders/n4/43n_jxh10gg3s770b_8jbzb80000gn/T/fc-team-coverage-p3i4dd3c.png'
05:01.960  render           | Saved: '/Users/mohammedkalouti/Documents/Codex/2026-09-27/i/work/art/aircraft-final-production-v3/stage/assets/build/frames/unit.SY.scout_drone/shadow/bank_right/d13_f02.png'
05:02.532  render           | Saved: '/Users/mohammedkalouti/Documents/Codex/2026-09-27/i/work/art/aircraft-final-production-v3/stage/assets/build/frames/unit.SY.scout_drone/beauty/bank_right/d14_f00.png'
05:03.054  render           | Saved: '/Users/mohammedkalouti/Documents/Codex/2026-09-27/i/work/art/aircraft-final-production-v3/stage/assets/build/frames/unit.SY.scout_drone/team/bank_right/d14_f00.png'
05:03.310  render           | Saved: '/var/folders/n4/43n_jxh10gg3s770b_8jbzb80000gn/T/fc-team-coverage-dyzvxmm9.png'
05:04.169  render           | Saved: '/Users/mohammedkalouti/Documents/Codex/2026-09-27/i/work/art/aircraft-final-production-v3/stage/assets/build/frames/unit.SY.scout_drone/shadow/bank_right/d14_f00.png'
05:04.719  render           | Saved: '/Users/mohammedkalouti/Documents/Codex/2026-09-27/i/work/art/aircraft-final-production-v3/stage/assets/build/frames/unit.SY.scout_drone/beauty/bank_right/d14_f01.png'
05:05.190  render           | Saved: '/Users/mohammedkalouti/Documents/Codex/2026-09-27/i/work/art/aircraft-final-production-v3/stage/assets/build/frames/unit.SY.scout_drone/team/bank_right/d14_f01.png'
05:05.446  render           | Saved: '/var/folders/n4/43n_jxh10gg3s770b_8jbzb80000gn/T/fc-team-coverage-47z726px.png'
05:06.300  render           | Saved: '/Users/mohammedkalouti/Documents/Codex/2026-09-27/i/work/art/aircraft-final-production-v3/stage/assets/build/frames/unit.SY.scout_drone/shadow/bank_right/d14_f01.png'
05:06.871  render           | Saved: '/Users/mohammedkalouti/Documents/Codex/2026-09-27/i/work/art/aircraft-final-production-v3/stage/assets/build/frames/unit.SY.scout_drone/beauty/bank_right/d14_f02.png'
05:07.342  render           | Saved: '/Users/mohammedkalouti/Documents/Codex/2026-09-27/i/work/art/aircraft-final-production-v3/stage/assets/build/frames/unit.SY.scout_drone/team/bank_right/d14_f02.png'
05:07.581  render           | Saved: '/var/folders/n4/43n_jxh10gg3s770b_8jbzb80000gn/T/fc-team-coverage-mrx06nkk.png'
05:08.462  render           | Saved: '/Users/mohammedkalouti/Documents/Codex/2026-09-27/i/work/art/aircraft-final-production-v3/stage/assets/build/frames/unit.SY.scout_drone/shadow/bank_right/d14_f02.png'
05:09.012  render           | Saved: '/Users/mohammedkalouti/Documents/Codex/2026-09-27/i/work/art/aircraft-final-production-v3/stage/assets/build/frames/unit.SY.scout_drone/beauty/bank_right/d15_f00.png'
05:09.491  render           | Saved: '/Users/mohammedkalouti/Documents/Codex/2026-09-27/i/work/art/aircraft-final-production-v3/stage/assets/build/frames/unit.SY.scout_drone/team/bank_right/d15_f00.png'
05:09.731  render           | Saved: '/var/folders/n4/43n_jxh10gg3s770b_8jbzb80000gn/T/fc-team-coverage-t_pkbukq.png'
05:10.594  render           | Saved: '/Users/mohammedkalouti/Documents/Codex/2026-09-27/i/work/art/aircraft-final-production-v3/stage/assets/build/frames/unit.SY.scout_drone/shadow/bank_right/d15_f00.png'
05:11.159  render           | Saved: '/Users/mohammedkalouti/Documents/Codex/2026-09-27/i/work/art/aircraft-final-production-v3/stage/assets/build/frames/unit.SY.scout_drone/beauty/bank_right/d15_f01.png'
05:11.632  render           | Saved: '/Users/mohammedkalouti/Documents/Codex/2026-09-27/i/work/art/aircraft-final-production-v3/stage/assets/build/frames/unit.SY.scout_drone/team/bank_right/d15_f01.png'
05:11.873  render           | Saved: '/var/folders/n4/43n_jxh10gg3s770b_8jbzb80000gn/T/fc-team-coverage-9soth1c4.png'
05:12.793  render           | Saved: '/Users/mohammedkalouti/Documents/Codex/2026-09-27/i/work/art/aircraft-final-production-v3/stage/assets/build/frames/unit.SY.scout_drone/shadow/bank_right/d15_f01.png'
05:13.358  render           | Saved: '/Users/mohammedkalouti/Documents/Codex/2026-09-27/i/work/art/aircraft-final-production-v3/stage/assets/build/frames/unit.SY.scout_drone/beauty/bank_right/d15_f02.png'
05:13.841  render           | Saved: '/Users/mohammedkalouti/Documents/Codex/2026-09-27/i/work/art/aircraft-final-production-v3/stage/assets/build/frames/unit.SY.scout_drone/team/bank_right/d15_f02.png'
05:14.098  render           | Saved: '/var/folders/n4/43n_jxh10gg3s770b_8jbzb80000gn/T/fc-team-coverage-yz9x7gkw.png'
05:14.960  render           | Saved: '/Users/mohammedkalouti/Documents/Codex/2026-09-27/i/work/art/aircraft-final-production-v3/stage/assets/build/frames/unit.SY.scout_drone/shadow/bank_right/d15_f02.png'
05:15.520  render           | Saved: '/Users/mohammedkalouti/Documents/Codex/2026-09-27/i/work/art/aircraft-final-production-v3/stage/assets/build/frames/unit.SY.scout_drone/beauty/parked/d00_f00.png'
05:16.026  render           | Saved: '/Users/mohammedkalouti/Documents/Codex/2026-09-27/i/work/art/aircraft-final-production-v3/stage/assets/build/frames/unit.SY.scout_drone/team/parked/d00_f00.png'
05:16.800  render           | Saved: '/Users/mohammedkalouti/Documents/Codex/2026-09-27/i/work/art/aircraft-final-production-v3/stage/assets/build/frames/unit.SY.scout_drone/shadow/parked/d00_f00.png'
05:17.313  render           | Saved: '/Users/mohammedkalouti/Documents/Codex/2026-09-27/i/work/art/aircraft-final-production-v3/stage/assets/build/frames/unit.SY.scout_drone/beauty/parked/d01_f00.png'
05:17.789  render           | Saved: '/Users/mohammedkalouti/Documents/Codex/2026-09-27/i/work/art/aircraft-final-production-v3/stage/assets/build/frames/unit.SY.scout_drone/team/parked/d01_f00.png'
05:18.586  render           | Saved: '/Users/mohammedkalouti/Documents/Codex/2026-09-27/i/work/art/aircraft-final-production-v3/stage/assets/build/frames/unit.SY.scout_drone/shadow/parked/d01_f00.png'
05:19.109  render           | Saved: '/Users/mohammedkalouti/Documents/Codex/2026-09-27/i/work/art/aircraft-final-production-v3/stage/assets/build/frames/unit.SY.scout_drone/beauty/parked/d02_f00.png'
05:19.594  render           | Saved: '/Users/mohammedkalouti/Documents/Codex/2026-09-27/i/work/art/aircraft-final-production-v3/stage/assets/build/frames/unit.SY.scout_drone/team/parked/d02_f00.png'
05:20.393  render           | Saved: '/Users/mohammedkalouti/Documents/Codex/2026-09-27/i/work/art/aircraft-final-production-v3/stage/assets/build/frames/unit.SY.scout_drone/shadow/parked/d02_f00.png'
05:20.928  render           | Saved: '/Users/mohammedkalouti/Documents/Codex/2026-09-27/i/work/art/aircraft-final-production-v3/stage/assets/build/frames/unit.SY.scout_drone/beauty/parked/d03_f00.png'
05:21.410  render           | Saved: '/Users/mohammedkalouti/Documents/Codex/2026-09-27/i/work/art/aircraft-final-production-v3/stage/assets/build/frames/unit.SY.scout_drone/team/parked/d03_f00.png'
05:22.196  render           | Saved: '/Users/mohammedkalouti/Documents/Codex/2026-09-27/i/work/art/aircraft-final-production-v3/stage/assets/build/frames/unit.SY.scout_drone/shadow/parked/d03_f00.png'
05:22.706  render           | Saved: '/Users/mohammedkalouti/Documents/Codex/2026-09-27/i/work/art/aircraft-final-production-v3/stage/assets/build/frames/unit.SY.scout_drone/beauty/parked/d04_f00.png'
05:23.189  render           | Saved: '/Users/mohammedkalouti/Documents/Codex/2026-09-27/i/work/art/aircraft-final-production-v3/stage/assets/build/frames/unit.SY.scout_drone/team/parked/d04_f00.png'
05:23.972  render           | Saved: '/Users/mohammedkalouti/Documents/Codex/2026-09-27/i/work/art/aircraft-final-production-v3/stage/assets/build/frames/unit.SY.scout_drone/shadow/parked/d04_f00.png'
05:24.505  render           | Saved: '/Users/mohammedkalouti/Documents/Codex/2026-09-27/i/work/art/aircraft-final-production-v3/stage/assets/build/frames/unit.SY.scout_drone/beauty/parked/d05_f00.png'
05:24.979  render           | Saved: '/Users/mohammedkalouti/Documents/Codex/2026-09-27/i/work/art/aircraft-final-production-v3/stage/assets/build/frames/unit.SY.scout_drone/team/parked/d05_f00.png'
05:25.845  render           | Saved: '/Users/mohammedkalouti/Documents/Codex/2026-09-27/i/work/art/aircraft-final-production-v3/stage/assets/build/frames/unit.SY.scout_drone/shadow/parked/d05_f00.png'
05:26.377  render           | Saved: '/Users/mohammedkalouti/Documents/Codex/2026-09-27/i/work/art/aircraft-final-production-v3/stage/assets/build/frames/unit.SY.scout_drone/beauty/parked/d06_f00.png'
05:26.873  render           | Saved: '/Users/mohammedkalouti/Documents/Codex/2026-09-27/i/work/art/aircraft-final-production-v3/stage/assets/build/frames/unit.SY.scout_drone/team/parked/d06_f00.png'
05:27.691  render           | Saved: '/Users/mohammedkalouti/Documents/Codex/2026-09-27/i/work/art/aircraft-final-production-v3/stage/assets/build/frames/unit.SY.scout_drone/shadow/parked/d06_f00.png'
05:28.212  render           | Saved: '/Users/mohammedkalouti/Documents/Codex/2026-09-27/i/work/art/aircraft-final-production-v3/stage/assets/build/frames/unit.SY.scout_drone/beauty/parked/d07_f00.png'
05:28.689  render           | Saved: '/Users/mohammedkalouti/Documents/Codex/2026-09-27/i/work/art/aircraft-final-production-v3/stage/assets/build/frames/unit.SY.scout_drone/team/parked/d07_f00.png'
05:29.486  render           | Saved: '/Users/mohammedkalouti/Documents/Codex/2026-09-27/i/work/art/aircraft-final-production-v3/stage/assets/build/frames/unit.SY.scout_drone/shadow/parked/d07_f00.png'
05:30.018  render           | Saved: '/Users/mohammedkalouti/Documents/Codex/2026-09-27/i/work/art/aircraft-final-production-v3/stage/assets/build/frames/unit.SY.scout_drone/beauty/parked/d08_f00.png'
05:30.511  render           | Saved: '/Users/mohammedkalouti/Documents/Codex/2026-09-27/i/work/art/aircraft-final-production-v3/stage/assets/build/frames/unit.SY.scout_drone/team/parked/d08_f00.png'
05:31.299  render           | Saved: '/Users/mohammedkalouti/Documents/Codex/2026-09-27/i/work/art/aircraft-final-production-v3/stage/assets/build/frames/unit.SY.scout_drone/shadow/parked/d08_f00.png'
05:31.828  render           | Saved: '/Users/mohammedkalouti/Documents/Codex/2026-09-27/i/work/art/aircraft-final-production-v3/stage/assets/build/frames/unit.SY.scout_drone/beauty/parked/d09_f00.png'
05:32.327  render           | Saved: '/Users/mohammedkalouti/Documents/Codex/2026-09-27/i/work/art/aircraft-final-production-v3/stage/assets/build/frames/unit.SY.scout_drone/team/parked/d09_f00.png'
05:33.106  render           | Saved: '/Users/mohammedkalouti/Documents/Codex/2026-09-27/i/work/art/aircraft-final-production-v3/stage/assets/build/frames/unit.SY.scout_drone/shadow/parked/d09_f00.png'
05:33.638  render           | Saved: '/Users/mohammedkalouti/Documents/Codex/2026-09-27/i/work/art/aircraft-final-production-v3/stage/assets/build/frames/unit.SY.scout_drone/beauty/parked/d10_f00.png'
05:34.111  render           | Saved: '/Users/mohammedkalouti/Documents/Codex/2026-09-27/i/work/art/aircraft-final-production-v3/stage/assets/build/frames/unit.SY.scout_drone/team/parked/d10_f00.png'
05:34.891  render           | Saved: '/Users/mohammedkalouti/Documents/Codex/2026-09-27/i/work/art/aircraft-final-production-v3/stage/assets/build/frames/unit.SY.scout_drone/shadow/parked/d10_f00.png'
05:35.431  render           | Saved: '/Users/mohammedkalouti/Documents/Codex/2026-09-27/i/work/art/aircraft-final-production-v3/stage/assets/build/frames/unit.SY.scout_drone/beauty/parked/d11_f00.png'
05:35.931  render           | Saved: '/Users/mohammedkalouti/Documents/Codex/2026-09-27/i/work/art/aircraft-final-production-v3/stage/assets/build/frames/unit.SY.scout_drone/team/parked/d11_f00.png'
05:36.701  render           | Saved: '/Users/mohammedkalouti/Documents/Codex/2026-09-27/i/work/art/aircraft-final-production-v3/stage/assets/build/frames/unit.SY.scout_drone/shadow/parked/d11_f00.png'
05:37.209  render           | Saved: '/Users/mohammedkalouti/Documents/Codex/2026-09-27/i/work/art/aircraft-final-production-v3/stage/assets/build/frames/unit.SY.scout_drone/beauty/parked/d12_f00.png'
05:37.698  render           | Saved: '/Users/mohammedkalouti/Documents/Codex/2026-09-27/i/work/art/aircraft-final-production-v3/stage/assets/build/frames/unit.SY.scout_drone/team/parked/d12_f00.png'
05:38.486  render           | Saved: '/Users/mohammedkalouti/Documents/Codex/2026-09-27/i/work/art/aircraft-final-production-v3/stage/assets/build/frames/unit.SY.scout_drone/shadow/parked/d12_f00.png'
05:38.994  render           | Saved: '/Users/mohammedkalouti/Documents/Codex/2026-09-27/i/work/art/aircraft-final-production-v3/stage/assets/build/frames/unit.SY.scout_drone/beauty/parked/d13_f00.png'
05:39.473  render           | Saved: '/Users/mohammedkalouti/Documents/Codex/2026-09-27/i/work/art/aircraft-final-production-v3/stage/assets/build/frames/unit.SY.scout_drone/team/parked/d13_f00.png'
05:40.253  render           | Saved: '/Users/mohammedkalouti/Documents/Codex/2026-09-27/i/work/art/aircraft-final-production-v3/stage/assets/build/frames/unit.SY.scout_drone/shadow/parked/d13_f00.png'
05:40.761  render           | Saved: '/Users/mohammedkalouti/Documents/Codex/2026-09-27/i/work/art/aircraft-final-production-v3/stage/assets/build/frames/unit.SY.scout_drone/beauty/parked/d14_f00.png'
05:41.232  render           | Saved: '/Users/mohammedkalouti/Documents/Codex/2026-09-27/i/work/art/aircraft-final-production-v3/stage/assets/build/frames/unit.SY.scout_drone/team/parked/d14_f00.png'
05:42.017  render           | Saved: '/Users/mohammedkalouti/Documents/Codex/2026-09-27/i/work/art/aircraft-final-production-v3/stage/assets/build/frames/unit.SY.scout_drone/shadow/parked/d14_f00.png'
05:42.548  render           | Saved: '/Users/mohammedkalouti/Documents/Codex/2026-09-27/i/work/art/aircraft-final-production-v3/stage/assets/build/frames/unit.SY.scout_drone/beauty/parked/d15_f00.png'
05:43.022  render           | Saved: '/Users/mohammedkalouti/Documents/Codex/2026-09-27/i/work/art/aircraft-final-production-v3/stage/assets/build/frames/unit.SY.scout_drone/team/parked/d15_f00.png'
05:43.818  render           | Saved: '/Users/mohammedkalouti/Documents/Codex/2026-09-27/i/work/art/aircraft-final-production-v3/stage/assets/build/frames/unit.SY.scout_drone/shadow/parked/d15_f00.png'
05:44.370  render           | Saved: '/Users/mohammedkalouti/Documents/Codex/2026-09-27/i/work/art/aircraft-final-production-v3/stage/assets/build/frames/unit.SY.scout_drone/beauty/launch/d00_f00.png'
05:44.835  render           | Saved: '/Users/mohammedkalouti/Documents/Codex/2026-09-27/i/work/art/aircraft-final-production-v3/stage/assets/build/frames/unit.SY.scout_drone/team/launch/d00_f00.png'
05:45.070  render           | Saved: '/var/folders/n4/43n_jxh10gg3s770b_8jbzb80000gn/T/fc-team-coverage-y_iv3he2.png'
05:45.918  render           | Saved: '/Users/mohammedkalouti/Documents/Codex/2026-09-27/i/work/art/aircraft-final-production-v3/stage/assets/build/frames/unit.SY.scout_drone/shadow/launch/d00_f00.png'
05:46.451  render           | Saved: '/Users/mohammedkalouti/Documents/Codex/2026-09-27/i/work/art/aircraft-final-production-v3/stage/assets/build/frames/unit.SY.scout_drone/beauty/launch/d00_f01.png'
05:46.918  render           | Saved: '/Users/mohammedkalouti/Documents/Codex/2026-09-27/i/work/art/aircraft-final-production-v3/stage/assets/build/frames/unit.SY.scout_drone/team/launch/d00_f01.png'
05:47.171  render           | Saved: '/var/folders/n4/43n_jxh10gg3s770b_8jbzb80000gn/T/fc-team-coverage-ov7stbp7.png'
05:48.010  render           | Saved: '/Users/mohammedkalouti/Documents/Codex/2026-09-27/i/work/art/aircraft-final-production-v3/stage/assets/build/frames/unit.SY.scout_drone/shadow/launch/d00_f01.png'
05:48.564  render           | Saved: '/Users/mohammedkalouti/Documents/Codex/2026-09-27/i/work/art/aircraft-final-production-v3/stage/assets/build/frames/unit.SY.scout_drone/beauty/launch/d00_f02.png'
05:49.036  render           | Saved: '/Users/mohammedkalouti/Documents/Codex/2026-09-27/i/work/art/aircraft-final-production-v3/stage/assets/build/frames/unit.SY.scout_drone/team/launch/d00_f02.png'
05:49.268  render           | Saved: '/var/folders/n4/43n_jxh10gg3s770b_8jbzb80000gn/T/fc-team-coverage-8cyfb3fv.png'
05:50.121  render           | Saved: '/Users/mohammedkalouti/Documents/Codex/2026-09-27/i/work/art/aircraft-final-production-v3/stage/assets/build/frames/unit.SY.scout_drone/shadow/launch/d00_f02.png'
05:50.672  render           | Saved: '/Users/mohammedkalouti/Documents/Codex/2026-09-27/i/work/art/aircraft-final-production-v3/stage/assets/build/frames/unit.SY.scout_drone/beauty/launch/d00_f03.png'
05:51.149  render           | Saved: '/Users/mohammedkalouti/Documents/Codex/2026-09-27/i/work/art/aircraft-final-production-v3/stage/assets/build/frames/unit.SY.scout_drone/team/launch/d00_f03.png'
05:51.408  render           | Saved: '/var/folders/n4/43n_jxh10gg3s770b_8jbzb80000gn/T/fc-team-coverage-ejo6vizq.png'
05:52.304  render           | Saved: '/Users/mohammedkalouti/Documents/Codex/2026-09-27/i/work/art/aircraft-final-production-v3/stage/assets/build/frames/unit.SY.scout_drone/shadow/launch/d00_f03.png'
05:52.885  render           | Saved: '/Users/mohammedkalouti/Documents/Codex/2026-09-27/i/work/art/aircraft-final-production-v3/stage/assets/build/frames/unit.SY.scout_drone/beauty/launch/d01_f00.png'
05:53.364  render           | Saved: '/Users/mohammedkalouti/Documents/Codex/2026-09-27/i/work/art/aircraft-final-production-v3/stage/assets/build/frames/unit.SY.scout_drone/team/launch/d01_f00.png'
05:53.613  render           | Saved: '/var/folders/n4/43n_jxh10gg3s770b_8jbzb80000gn/T/fc-team-coverage-hj9f41vf.png'
05:54.488  render           | Saved: '/Users/mohammedkalouti/Documents/Codex/2026-09-27/i/work/art/aircraft-final-production-v3/stage/assets/build/frames/unit.SY.scout_drone/shadow/launch/d01_f00.png'
05:55.046  render           | Saved: '/Users/mohammedkalouti/Documents/Codex/2026-09-27/i/work/art/aircraft-final-production-v3/stage/assets/build/frames/unit.SY.scout_drone/beauty/launch/d01_f01.png'
05:55.530  render           | Saved: '/Users/mohammedkalouti/Documents/Codex/2026-09-27/i/work/art/aircraft-final-production-v3/stage/assets/build/frames/unit.SY.scout_drone/team/launch/d01_f01.png'
05:55.769  render           | Saved: '/var/folders/n4/43n_jxh10gg3s770b_8jbzb80000gn/T/fc-team-coverage-b3r9hpm9.png'
05:56.600  render           | Saved: '/Users/mohammedkalouti/Documents/Codex/2026-09-27/i/work/art/aircraft-final-production-v3/stage/assets/build/frames/unit.SY.scout_drone/shadow/launch/d01_f01.png'
05:57.159  render           | Saved: '/Users/mohammedkalouti/Documents/Codex/2026-09-27/i/work/art/aircraft-final-production-v3/stage/assets/build/frames/unit.SY.scout_drone/beauty/launch/d01_f02.png'
05:57.641  render           | Saved: '/Users/mohammedkalouti/Documents/Codex/2026-09-27/i/work/art/aircraft-final-production-v3/stage/assets/build/frames/unit.SY.scout_drone/team/launch/d01_f02.png'
05:57.880  render           | Saved: '/var/folders/n4/43n_jxh10gg3s770b_8jbzb80000gn/T/fc-team-coverage-jtgbckg7.png'
05:58.747  render           | Saved: '/Users/mohammedkalouti/Documents/Codex/2026-09-27/i/work/art/aircraft-final-production-v3/stage/assets/build/frames/unit.SY.scout_drone/shadow/launch/d01_f02.png'
05:59.308  render           | Saved: '/Users/mohammedkalouti/Documents/Codex/2026-09-27/i/work/art/aircraft-final-production-v3/stage/assets/build/frames/unit.SY.scout_drone/beauty/launch/d01_f03.png'
05:59.795  render           | Saved: '/Users/mohammedkalouti/Documents/Codex/2026-09-27/i/work/art/aircraft-final-production-v3/stage/assets/build/frames/unit.SY.scout_drone/team/launch/d01_f03.png'
06:00.042  render           | Saved: '/var/folders/n4/43n_jxh10gg3s770b_8jbzb80000gn/T/fc-team-coverage-v_28scjz.png'
06:00.888  render           | Saved: '/Users/mohammedkalouti/Documents/Codex/2026-09-27/i/work/art/aircraft-final-production-v3/stage/assets/build/frames/unit.SY.scout_drone/shadow/launch/d01_f03.png'
06:01.438  render           | Saved: '/Users/mohammedkalouti/Documents/Codex/2026-09-27/i/work/art/aircraft-final-production-v3/stage/assets/build/frames/unit.SY.scout_drone/beauty/launch/d02_f00.png'
06:01.908  render           | Saved: '/Users/mohammedkalouti/Documents/Codex/2026-09-27/i/work/art/aircraft-final-production-v3/stage/assets/build/frames/unit.SY.scout_drone/team/launch/d02_f00.png'
06:02.140  render           | Saved: '/var/folders/n4/43n_jxh10gg3s770b_8jbzb80000gn/T/fc-team-coverage-zbs9g9as.png'
06:02.972  render           | Saved: '/Users/mohammedkalouti/Documents/Codex/2026-09-27/i/work/art/aircraft-final-production-v3/stage/assets/build/frames/unit.SY.scout_drone/shadow/launch/d02_f00.png'
06:03.506  render           | Saved: '/Users/mohammedkalouti/Documents/Codex/2026-09-27/i/work/art/aircraft-final-production-v3/stage/assets/build/frames/unit.SY.scout_drone/beauty/launch/d02_f01.png'
06:03.995  render           | Saved: '/Users/mohammedkalouti/Documents/Codex/2026-09-27/i/work/art/aircraft-final-production-v3/stage/assets/build/frames/unit.SY.scout_drone/team/launch/d02_f01.png'
06:04.227  render           | Saved: '/var/folders/n4/43n_jxh10gg3s770b_8jbzb80000gn/T/fc-team-coverage-qxzxdmxu.png'
06:05.061  render           | Saved: '/Users/mohammedkalouti/Documents/Codex/2026-09-27/i/work/art/aircraft-final-production-v3/stage/assets/build/frames/unit.SY.scout_drone/shadow/launch/d02_f01.png'
06:05.607  render           | Saved: '/Users/mohammedkalouti/Documents/Codex/2026-09-27/i/work/art/aircraft-final-production-v3/stage/assets/build/frames/unit.SY.scout_drone/beauty/launch/d02_f02.png'
06:06.102  render           | Saved: '/Users/mohammedkalouti/Documents/Codex/2026-09-27/i/work/art/aircraft-final-production-v3/stage/assets/build/frames/unit.SY.scout_drone/team/launch/d02_f02.png'
06:06.337  render           | Saved: '/var/folders/n4/43n_jxh10gg3s770b_8jbzb80000gn/T/fc-team-coverage-4wrq49n3.png'
06:07.185  render           | Saved: '/Users/mohammedkalouti/Documents/Codex/2026-09-27/i/work/art/aircraft-final-production-v3/stage/assets/build/frames/unit.SY.scout_drone/shadow/launch/d02_f02.png'
06:07.734  render           | Saved: '/Users/mohammedkalouti/Documents/Codex/2026-09-27/i/work/art/aircraft-final-production-v3/stage/assets/build/frames/unit.SY.scout_drone/beauty/launch/d02_f03.png'
06:08.210  render           | Saved: '/Users/mohammedkalouti/Documents/Codex/2026-09-27/i/work/art/aircraft-final-production-v3/stage/assets/build/frames/unit.SY.scout_drone/team/launch/d02_f03.png'
06:08.447  render           | Saved: '/var/folders/n4/43n_jxh10gg3s770b_8jbzb80000gn/T/fc-team-coverage-1bgip7g9.png'
06:09.270  render           | Saved: '/Users/mohammedkalouti/Documents/Codex/2026-09-27/i/work/art/aircraft-final-production-v3/stage/assets/build/frames/unit.SY.scout_drone/shadow/launch/d02_f03.png'
06:09.810  render           | Saved: '/Users/mohammedkalouti/Documents/Codex/2026-09-27/i/work/art/aircraft-final-production-v3/stage/assets/build/frames/unit.SY.scout_drone/beauty/launch/d03_f00.png'
06:10.278  render           | Saved: '/Users/mohammedkalouti/Documents/Codex/2026-09-27/i/work/art/aircraft-final-production-v3/stage/assets/build/frames/unit.SY.scout_drone/team/launch/d03_f00.png'
06:10.527  render           | Saved: '/var/folders/n4/43n_jxh10gg3s770b_8jbzb80000gn/T/fc-team-coverage-83xarpjj.png'
06:11.385  render           | Saved: '/Users/mohammedkalouti/Documents/Codex/2026-09-27/i/work/art/aircraft-final-production-v3/stage/assets/build/frames/unit.SY.scout_drone/shadow/launch/d03_f00.png'
06:11.934  render           | Saved: '/Users/mohammedkalouti/Documents/Codex/2026-09-27/i/work/art/aircraft-final-production-v3/stage/assets/build/frames/unit.SY.scout_drone/beauty/launch/d03_f01.png'
06:12.408  render           | Saved: '/Users/mohammedkalouti/Documents/Codex/2026-09-27/i/work/art/aircraft-final-production-v3/stage/assets/build/frames/unit.SY.scout_drone/team/launch/d03_f01.png'
06:12.654  render           | Saved: '/var/folders/n4/43n_jxh10gg3s770b_8jbzb80000gn/T/fc-team-coverage-gdam65w9.png'
06:13.478  render           | Saved: '/Users/mohammedkalouti/Documents/Codex/2026-09-27/i/work/art/aircraft-final-production-v3/stage/assets/build/frames/unit.SY.scout_drone/shadow/launch/d03_f01.png'
06:14.026  render           | Saved: '/Users/mohammedkalouti/Documents/Codex/2026-09-27/i/work/art/aircraft-final-production-v3/stage/assets/build/frames/unit.SY.scout_drone/beauty/launch/d03_f02.png'
06:14.528  render           | Saved: '/Users/mohammedkalouti/Documents/Codex/2026-09-27/i/work/art/aircraft-final-production-v3/stage/assets/build/frames/unit.SY.scout_drone/team/launch/d03_f02.png'
06:14.771  render           | Saved: '/var/folders/n4/43n_jxh10gg3s770b_8jbzb80000gn/T/fc-team-coverage-fr2y8i2g.png'
06:15.611  render           | Saved: '/Users/mohammedkalouti/Documents/Codex/2026-09-27/i/work/art/aircraft-final-production-v3/stage/assets/build/frames/unit.SY.scout_drone/shadow/launch/d03_f02.png'
06:16.167  render           | Saved: '/Users/mohammedkalouti/Documents/Codex/2026-09-27/i/work/art/aircraft-final-production-v3/stage/assets/build/frames/unit.SY.scout_drone/beauty/launch/d03_f03.png'
06:16.633  render           | Saved: '/Users/mohammedkalouti/Documents/Codex/2026-09-27/i/work/art/aircraft-final-production-v3/stage/assets/build/frames/unit.SY.scout_drone/team/launch/d03_f03.png'
06:16.867  render           | Saved: '/var/folders/n4/43n_jxh10gg3s770b_8jbzb80000gn/T/fc-team-coverage-4wwg3a4s.png'
06:17.717  render           | Saved: '/Users/mohammedkalouti/Documents/Codex/2026-09-27/i/work/art/aircraft-final-production-v3/stage/assets/build/frames/unit.SY.scout_drone/shadow/launch/d03_f03.png'
06:18.250  render           | Saved: '/Users/mohammedkalouti/Documents/Codex/2026-09-27/i/work/art/aircraft-final-production-v3/stage/assets/build/frames/unit.SY.scout_drone/beauty/launch/d04_f00.png'
06:18.718  render           | Saved: '/Users/mohammedkalouti/Documents/Codex/2026-09-27/i/work/art/aircraft-final-production-v3/stage/assets/build/frames/unit.SY.scout_drone/team/launch/d04_f00.png'
06:18.958  render           | Saved: '/var/folders/n4/43n_jxh10gg3s770b_8jbzb80000gn/T/fc-team-coverage-wv39dzv5.png'
06:19.786  render           | Saved: '/Users/mohammedkalouti/Documents/Codex/2026-09-27/i/work/art/aircraft-final-production-v3/stage/assets/build/frames/unit.SY.scout_drone/shadow/launch/d04_f00.png'
06:20.342  render           | Saved: '/Users/mohammedkalouti/Documents/Codex/2026-09-27/i/work/art/aircraft-final-production-v3/stage/assets/build/frames/unit.SY.scout_drone/beauty/launch/d04_f01.png'
06:20.833  render           | Saved: '/Users/mohammedkalouti/Documents/Codex/2026-09-27/i/work/art/aircraft-final-production-v3/stage/assets/build/frames/unit.SY.scout_drone/team/launch/d04_f01.png'
06:21.068  render           | Saved: '/var/folders/n4/43n_jxh10gg3s770b_8jbzb80000gn/T/fc-team-coverage-ax422kck.png'
06:21.923  render           | Saved: '/Users/mohammedkalouti/Documents/Codex/2026-09-27/i/work/art/aircraft-final-production-v3/stage/assets/build/frames/unit.SY.scout_drone/shadow/launch/d04_f01.png'
06:22.469  render           | Saved: '/Users/mohammedkalouti/Documents/Codex/2026-09-27/i/work/art/aircraft-final-production-v3/stage/assets/build/frames/unit.SY.scout_drone/beauty/launch/d04_f02.png'
06:22.958  render           | Saved: '/Users/mohammedkalouti/Documents/Codex/2026-09-27/i/work/art/aircraft-final-production-v3/stage/assets/build/frames/unit.SY.scout_drone/team/launch/d04_f02.png'
06:23.201  render           | Saved: '/var/folders/n4/43n_jxh10gg3s770b_8jbzb80000gn/T/fc-team-coverage-e436nxb5.png'
06:24.045  render           | Saved: '/Users/mohammedkalouti/Documents/Codex/2026-09-27/i/work/art/aircraft-final-production-v3/stage/assets/build/frames/unit.SY.scout_drone/shadow/launch/d04_f02.png'
06:24.573  render           | Saved: '/Users/mohammedkalouti/Documents/Codex/2026-09-27/i/work/art/aircraft-final-production-v3/stage/assets/build/frames/unit.SY.scout_drone/beauty/launch/d04_f03.png'
06:25.062  render           | Saved: '/Users/mohammedkalouti/Documents/Codex/2026-09-27/i/work/art/aircraft-final-production-v3/stage/assets/build/frames/unit.SY.scout_drone/team/launch/d04_f03.png'
06:25.302  render           | Saved: '/var/folders/n4/43n_jxh10gg3s770b_8jbzb80000gn/T/fc-team-coverage-y8el_xi5.png'
06:26.126  render           | Saved: '/Users/mohammedkalouti/Documents/Codex/2026-09-27/i/work/art/aircraft-final-production-v3/stage/assets/build/frames/unit.SY.scout_drone/shadow/launch/d04_f03.png'
06:26.662  render           | Saved: '/Users/mohammedkalouti/Documents/Codex/2026-09-27/i/work/art/aircraft-final-production-v3/stage/assets/build/frames/unit.SY.scout_drone/beauty/launch/d05_f00.png'
06:27.131  render           | Saved: '/Users/mohammedkalouti/Documents/Codex/2026-09-27/i/work/art/aircraft-final-production-v3/stage/assets/build/frames/unit.SY.scout_drone/team/launch/d05_f00.png'
06:27.371  render           | Saved: '/var/folders/n4/43n_jxh10gg3s770b_8jbzb80000gn/T/fc-team-coverage-xf__8wui.png'
06:28.214  render           | Saved: '/Users/mohammedkalouti/Documents/Codex/2026-09-27/i/work/art/aircraft-final-production-v3/stage/assets/build/frames/unit.SY.scout_drone/shadow/launch/d05_f00.png'
06:28.749  render           | Saved: '/Users/mohammedkalouti/Documents/Codex/2026-09-27/i/work/art/aircraft-final-production-v3/stage/assets/build/frames/unit.SY.scout_drone/beauty/launch/d05_f01.png'
06:29.220  render           | Saved: '/Users/mohammedkalouti/Documents/Codex/2026-09-27/i/work/art/aircraft-final-production-v3/stage/assets/build/frames/unit.SY.scout_drone/team/launch/d05_f01.png'
06:29.468  render           | Saved: '/var/folders/n4/43n_jxh10gg3s770b_8jbzb80000gn/T/fc-team-coverage-yfuukkqg.png'
06:30.311  render           | Saved: '/Users/mohammedkalouti/Documents/Codex/2026-09-27/i/work/art/aircraft-final-production-v3/stage/assets/build/frames/unit.SY.scout_drone/shadow/launch/d05_f01.png'
06:30.849  render           | Saved: '/Users/mohammedkalouti/Documents/Codex/2026-09-27/i/work/art/aircraft-final-production-v3/stage/assets/build/frames/unit.SY.scout_drone/beauty/launch/d05_f02.png'
06:31.318  render           | Saved: '/Users/mohammedkalouti/Documents/Codex/2026-09-27/i/work/art/aircraft-final-production-v3/stage/assets/build/frames/unit.SY.scout_drone/team/launch/d05_f02.png'
06:31.558  render           | Saved: '/var/folders/n4/43n_jxh10gg3s770b_8jbzb80000gn/T/fc-team-coverage-0i4iq_q4.png'
06:32.393  render           | Saved: '/Users/mohammedkalouti/Documents/Codex/2026-09-27/i/work/art/aircraft-final-production-v3/stage/assets/build/frames/unit.SY.scout_drone/shadow/launch/d05_f02.png'
06:32.929  render           | Saved: '/Users/mohammedkalouti/Documents/Codex/2026-09-27/i/work/art/aircraft-final-production-v3/stage/assets/build/frames/unit.SY.scout_drone/beauty/launch/d05_f03.png'
06:33.409  render           | Saved: '/Users/mohammedkalouti/Documents/Codex/2026-09-27/i/work/art/aircraft-final-production-v3/stage/assets/build/frames/unit.SY.scout_drone/team/launch/d05_f03.png'
06:33.645  render           | Saved: '/var/folders/n4/43n_jxh10gg3s770b_8jbzb80000gn/T/fc-team-coverage-p8ws9t0w.png'
06:34.494  render           | Saved: '/Users/mohammedkalouti/Documents/Codex/2026-09-27/i/work/art/aircraft-final-production-v3/stage/assets/build/frames/unit.SY.scout_drone/shadow/launch/d05_f03.png'
06:35.075  render           | Saved: '/Users/mohammedkalouti/Documents/Codex/2026-09-27/i/work/art/aircraft-final-production-v3/stage/assets/build/frames/unit.SY.scout_drone/beauty/launch/d06_f00.png'
06:35.588  render           | Saved: '/Users/mohammedkalouti/Documents/Codex/2026-09-27/i/work/art/aircraft-final-production-v3/stage/assets/build/frames/unit.SY.scout_drone/team/launch/d06_f00.png'
06:35.825  render           | Saved: '/var/folders/n4/43n_jxh10gg3s770b_8jbzb80000gn/T/fc-team-coverage-6d0ox7yi.png'
06:36.674  render           | Saved: '/Users/mohammedkalouti/Documents/Codex/2026-09-27/i/work/art/aircraft-final-production-v3/stage/assets/build/frames/unit.SY.scout_drone/shadow/launch/d06_f00.png'
06:37.219  render           | Saved: '/Users/mohammedkalouti/Documents/Codex/2026-09-27/i/work/art/aircraft-final-production-v3/stage/assets/build/frames/unit.SY.scout_drone/beauty/launch/d06_f01.png'
06:37.723  render           | Saved: '/Users/mohammedkalouti/Documents/Codex/2026-09-27/i/work/art/aircraft-final-production-v3/stage/assets/build/frames/unit.SY.scout_drone/team/launch/d06_f01.png'
06:37.969  render           | Saved: '/var/folders/n4/43n_jxh10gg3s770b_8jbzb80000gn/T/fc-team-coverage-agux0otz.png'
06:38.854  render           | Saved: '/Users/mohammedkalouti/Documents/Codex/2026-09-27/i/work/art/aircraft-final-production-v3/stage/assets/build/frames/unit.SY.scout_drone/shadow/launch/d06_f01.png'
06:39.407  render           | Saved: '/Users/mohammedkalouti/Documents/Codex/2026-09-27/i/work/art/aircraft-final-production-v3/stage/assets/build/frames/unit.SY.scout_drone/beauty/launch/d06_f02.png'
06:39.899  render           | Saved: '/Users/mohammedkalouti/Documents/Codex/2026-09-27/i/work/art/aircraft-final-production-v3/stage/assets/build/frames/unit.SY.scout_drone/team/launch/d06_f02.png'
06:40.132  render           | Saved: '/var/folders/n4/43n_jxh10gg3s770b_8jbzb80000gn/T/fc-team-coverage-2jo5s61o.png'
06:40.992  render           | Saved: '/Users/mohammedkalouti/Documents/Codex/2026-09-27/i/work/art/aircraft-final-production-v3/stage/assets/build/frames/unit.SY.scout_drone/shadow/launch/d06_f02.png'
06:41.521  render           | Saved: '/Users/mohammedkalouti/Documents/Codex/2026-09-27/i/work/art/aircraft-final-production-v3/stage/assets/build/frames/unit.SY.scout_drone/beauty/launch/d06_f03.png'
06:42.002  render           | Saved: '/Users/mohammedkalouti/Documents/Codex/2026-09-27/i/work/art/aircraft-final-production-v3/stage/assets/build/frames/unit.SY.scout_drone/team/launch/d06_f03.png'
06:42.254  render           | Saved: '/var/folders/n4/43n_jxh10gg3s770b_8jbzb80000gn/T/fc-team-coverage-9drot3yt.png'
06:43.091  render           | Saved: '/Users/mohammedkalouti/Documents/Codex/2026-09-27/i/work/art/aircraft-final-production-v3/stage/assets/build/frames/unit.SY.scout_drone/shadow/launch/d06_f03.png'
06:43.633  render           | Saved: '/Users/mohammedkalouti/Documents/Codex/2026-09-27/i/work/art/aircraft-final-production-v3/stage/assets/build/frames/unit.SY.scout_drone/beauty/launch/d07_f00.png'
06:44.096  render           | Saved: '/Users/mohammedkalouti/Documents/Codex/2026-09-27/i/work/art/aircraft-final-production-v3/stage/assets/build/frames/unit.SY.scout_drone/team/launch/d07_f00.png'
06:44.338  render           | Saved: '/var/folders/n4/43n_jxh10gg3s770b_8jbzb80000gn/T/fc-team-coverage-ng5a_yuo.png'
06:45.185  render           | Saved: '/Users/mohammedkalouti/Documents/Codex/2026-09-27/i/work/art/aircraft-final-production-v3/stage/assets/build/frames/unit.SY.scout_drone/shadow/launch/d07_f00.png'
06:45.718  render           | Saved: '/Users/mohammedkalouti/Documents/Codex/2026-09-27/i/work/art/aircraft-final-production-v3/stage/assets/build/frames/unit.SY.scout_drone/beauty/launch/d07_f01.png'
06:46.186  render           | Saved: '/Users/mohammedkalouti/Documents/Codex/2026-09-27/i/work/art/aircraft-final-production-v3/stage/assets/build/frames/unit.SY.scout_drone/team/launch/d07_f01.png'
06:46.422  render           | Saved: '/var/folders/n4/43n_jxh10gg3s770b_8jbzb80000gn/T/fc-team-coverage-b8tz7746.png'
06:47.267  render           | Saved: '/Users/mohammedkalouti/Documents/Codex/2026-09-27/i/work/art/aircraft-final-production-v3/stage/assets/build/frames/unit.SY.scout_drone/shadow/launch/d07_f01.png'
06:47.825  render           | Saved: '/Users/mohammedkalouti/Documents/Codex/2026-09-27/i/work/art/aircraft-final-production-v3/stage/assets/build/frames/unit.SY.scout_drone/beauty/launch/d07_f02.png'
06:48.310  render           | Saved: '/Users/mohammedkalouti/Documents/Codex/2026-09-27/i/work/art/aircraft-final-production-v3/stage/assets/build/frames/unit.SY.scout_drone/team/launch/d07_f02.png'
06:48.546  render           | Saved: '/var/folders/n4/43n_jxh10gg3s770b_8jbzb80000gn/T/fc-team-coverage-pyd5121e.png'
06:49.375  render           | Saved: '/Users/mohammedkalouti/Documents/Codex/2026-09-27/i/work/art/aircraft-final-production-v3/stage/assets/build/frames/unit.SY.scout_drone/shadow/launch/d07_f02.png'
06:49.924  render           | Saved: '/Users/mohammedkalouti/Documents/Codex/2026-09-27/i/work/art/aircraft-final-production-v3/stage/assets/build/frames/unit.SY.scout_drone/beauty/launch/d07_f03.png'
06:50.406  render           | Saved: '/Users/mohammedkalouti/Documents/Codex/2026-09-27/i/work/art/aircraft-final-production-v3/stage/assets/build/frames/unit.SY.scout_drone/team/launch/d07_f03.png'
06:50.645  render           | Saved: '/var/folders/n4/43n_jxh10gg3s770b_8jbzb80000gn/T/fc-team-coverage-22qh4384.png'
06:51.472  render           | Saved: '/Users/mohammedkalouti/Documents/Codex/2026-09-27/i/work/art/aircraft-final-production-v3/stage/assets/build/frames/unit.SY.scout_drone/shadow/launch/d07_f03.png'
06:52.021  render           | Saved: '/Users/mohammedkalouti/Documents/Codex/2026-09-27/i/work/art/aircraft-final-production-v3/stage/assets/build/frames/unit.SY.scout_drone/beauty/launch/d08_f00.png'
06:52.504  render           | Saved: '/Users/mohammedkalouti/Documents/Codex/2026-09-27/i/work/art/aircraft-final-production-v3/stage/assets/build/frames/unit.SY.scout_drone/team/launch/d08_f00.png'
06:52.751  render           | Saved: '/var/folders/n4/43n_jxh10gg3s770b_8jbzb80000gn/T/fc-team-coverage-wuwnu7nr.png'
06:53.608  render           | Saved: '/Users/mohammedkalouti/Documents/Codex/2026-09-27/i/work/art/aircraft-final-production-v3/stage/assets/build/frames/unit.SY.scout_drone/shadow/launch/d08_f00.png'
06:54.154  render           | Saved: '/Users/mohammedkalouti/Documents/Codex/2026-09-27/i/work/art/aircraft-final-production-v3/stage/assets/build/frames/unit.SY.scout_drone/beauty/launch/d08_f01.png'
06:54.643  render           | Saved: '/Users/mohammedkalouti/Documents/Codex/2026-09-27/i/work/art/aircraft-final-production-v3/stage/assets/build/frames/unit.SY.scout_drone/team/launch/d08_f01.png'
06:54.890  render           | Saved: '/var/folders/n4/43n_jxh10gg3s770b_8jbzb80000gn/T/fc-team-coverage-4zjuouep.png'
06:55.720  render           | Saved: '/Users/mohammedkalouti/Documents/Codex/2026-09-27/i/work/art/aircraft-final-production-v3/stage/assets/build/frames/unit.SY.scout_drone/shadow/launch/d08_f01.png'
06:56.267  render           | Saved: '/Users/mohammedkalouti/Documents/Codex/2026-09-27/i/work/art/aircraft-final-production-v3/stage/assets/build/frames/unit.SY.scout_drone/beauty/launch/d08_f02.png'
06:56.737  render           | Saved: '/Users/mohammedkalouti/Documents/Codex/2026-09-27/i/work/art/aircraft-final-production-v3/stage/assets/build/frames/unit.SY.scout_drone/team/launch/d08_f02.png'
06:56.992  render           | Saved: '/var/folders/n4/43n_jxh10gg3s770b_8jbzb80000gn/T/fc-team-coverage-jl33oymw.png'
06:57.825  render           | Saved: '/Users/mohammedkalouti/Documents/Codex/2026-09-27/i/work/art/aircraft-final-production-v3/stage/assets/build/frames/unit.SY.scout_drone/shadow/launch/d08_f02.png'
06:58.356  render           | Saved: '/Users/mohammedkalouti/Documents/Codex/2026-09-27/i/work/art/aircraft-final-production-v3/stage/assets/build/frames/unit.SY.scout_drone/beauty/launch/d08_f03.png'
06:58.839  render           | Saved: '/Users/mohammedkalouti/Documents/Codex/2026-09-27/i/work/art/aircraft-final-production-v3/stage/assets/build/frames/unit.SY.scout_drone/team/launch/d08_f03.png'
06:59.067  render           | Saved: '/var/folders/n4/43n_jxh10gg3s770b_8jbzb80000gn/T/fc-team-coverage-768w149r.png'
06:59.924  render           | Saved: '/Users/mohammedkalouti/Documents/Codex/2026-09-27/i/work/art/aircraft-final-production-v3/stage/assets/build/frames/unit.SY.scout_drone/shadow/launch/d08_f03.png'
07:00.475  render           | Saved: '/Users/mohammedkalouti/Documents/Codex/2026-09-27/i/work/art/aircraft-final-production-v3/stage/assets/build/frames/unit.SY.scout_drone/beauty/launch/d09_f00.png'
07:00.946  render           | Saved: '/Users/mohammedkalouti/Documents/Codex/2026-09-27/i/work/art/aircraft-final-production-v3/stage/assets/build/frames/unit.SY.scout_drone/team/launch/d09_f00.png'
07:01.186  render           | Saved: '/var/folders/n4/43n_jxh10gg3s770b_8jbzb80000gn/T/fc-team-coverage-66hu0cei.png'
07:02.087  render           | Saved: '/Users/mohammedkalouti/Documents/Codex/2026-09-27/i/work/art/aircraft-final-production-v3/stage/assets/build/frames/unit.SY.scout_drone/shadow/launch/d09_f00.png'
07:02.623  render           | Saved: '/Users/mohammedkalouti/Documents/Codex/2026-09-27/i/work/art/aircraft-final-production-v3/stage/assets/build/frames/unit.SY.scout_drone/beauty/launch/d09_f01.png'
07:03.104  render           | Saved: '/Users/mohammedkalouti/Documents/Codex/2026-09-27/i/work/art/aircraft-final-production-v3/stage/assets/build/frames/unit.SY.scout_drone/team/launch/d09_f01.png'
07:03.348  render           | Saved: '/var/folders/n4/43n_jxh10gg3s770b_8jbzb80000gn/T/fc-team-coverage-lvblm_tm.png'
07:04.195  render           | Saved: '/Users/mohammedkalouti/Documents/Codex/2026-09-27/i/work/art/aircraft-final-production-v3/stage/assets/build/frames/unit.SY.scout_drone/shadow/launch/d09_f01.png'
07:04.732  render           | Saved: '/Users/mohammedkalouti/Documents/Codex/2026-09-27/i/work/art/aircraft-final-production-v3/stage/assets/build/frames/unit.SY.scout_drone/beauty/launch/d09_f02.png'
07:05.197  render           | Saved: '/Users/mohammedkalouti/Documents/Codex/2026-09-27/i/work/art/aircraft-final-production-v3/stage/assets/build/frames/unit.SY.scout_drone/team/launch/d09_f02.png'
07:05.439  render           | Saved: '/var/folders/n4/43n_jxh10gg3s770b_8jbzb80000gn/T/fc-team-coverage-yojv8e71.png'
07:06.278  render           | Saved: '/Users/mohammedkalouti/Documents/Codex/2026-09-27/i/work/art/aircraft-final-production-v3/stage/assets/build/frames/unit.SY.scout_drone/shadow/launch/d09_f02.png'
07:06.812  render           | Saved: '/Users/mohammedkalouti/Documents/Codex/2026-09-27/i/work/art/aircraft-final-production-v3/stage/assets/build/frames/unit.SY.scout_drone/beauty/launch/d09_f03.png'
07:07.280  render           | Saved: '/Users/mohammedkalouti/Documents/Codex/2026-09-27/i/work/art/aircraft-final-production-v3/stage/assets/build/frames/unit.SY.scout_drone/team/launch/d09_f03.png'
07:07.528  render           | Saved: '/var/folders/n4/43n_jxh10gg3s770b_8jbzb80000gn/T/fc-team-coverage-b2hsu09z.png'
07:08.388  render           | Saved: '/Users/mohammedkalouti/Documents/Codex/2026-09-27/i/work/art/aircraft-final-production-v3/stage/assets/build/frames/unit.SY.scout_drone/shadow/launch/d09_f03.png'
07:08.943  render           | Saved: '/Users/mohammedkalouti/Documents/Codex/2026-09-27/i/work/art/aircraft-final-production-v3/stage/assets/build/frames/unit.SY.scout_drone/beauty/launch/d10_f00.png'
07:09.440  render           | Saved: '/Users/mohammedkalouti/Documents/Codex/2026-09-27/i/work/art/aircraft-final-production-v3/stage/assets/build/frames/unit.SY.scout_drone/team/launch/d10_f00.png'
07:09.694  render           | Saved: '/var/folders/n4/43n_jxh10gg3s770b_8jbzb80000gn/T/fc-team-coverage-re8h9scm.png'
07:10.528  render           | Saved: '/Users/mohammedkalouti/Documents/Codex/2026-09-27/i/work/art/aircraft-final-production-v3/stage/assets/build/frames/unit.SY.scout_drone/shadow/launch/d10_f00.png'
07:11.062  render           | Saved: '/Users/mohammedkalouti/Documents/Codex/2026-09-27/i/work/art/aircraft-final-production-v3/stage/assets/build/frames/unit.SY.scout_drone/beauty/launch/d10_f01.png'
07:11.539  render           | Saved: '/Users/mohammedkalouti/Documents/Codex/2026-09-27/i/work/art/aircraft-final-production-v3/stage/assets/build/frames/unit.SY.scout_drone/team/launch/d10_f01.png'
07:11.775  render           | Saved: '/var/folders/n4/43n_jxh10gg3s770b_8jbzb80000gn/T/fc-team-coverage-yy6fpw3c.png'
07:12.596  render           | Saved: '/Users/mohammedkalouti/Documents/Codex/2026-09-27/i/work/art/aircraft-final-production-v3/stage/assets/build/frames/unit.SY.scout_drone/shadow/launch/d10_f01.png'
07:13.135  render           | Saved: '/Users/mohammedkalouti/Documents/Codex/2026-09-27/i/work/art/aircraft-final-production-v3/stage/assets/build/frames/unit.SY.scout_drone/beauty/launch/d10_f02.png'
07:13.603  render           | Saved: '/Users/mohammedkalouti/Documents/Codex/2026-09-27/i/work/art/aircraft-final-production-v3/stage/assets/build/frames/unit.SY.scout_drone/team/launch/d10_f02.png'
07:13.842  render           | Saved: '/var/folders/n4/43n_jxh10gg3s770b_8jbzb80000gn/T/fc-team-coverage-l9mvzbea.png'
07:14.781  render           | Saved: '/Users/mohammedkalouti/Documents/Codex/2026-09-27/i/work/art/aircraft-final-production-v3/stage/assets/build/frames/unit.SY.scout_drone/shadow/launch/d10_f02.png'
07:15.361  render           | Saved: '/Users/mohammedkalouti/Documents/Codex/2026-09-27/i/work/art/aircraft-final-production-v3/stage/assets/build/frames/unit.SY.scout_drone/beauty/launch/d10_f03.png'
07:15.864  render           | Saved: '/Users/mohammedkalouti/Documents/Codex/2026-09-27/i/work/art/aircraft-final-production-v3/stage/assets/build/frames/unit.SY.scout_drone/team/launch/d10_f03.png'
07:16.127  render           | Saved: '/var/folders/n4/43n_jxh10gg3s770b_8jbzb80000gn/T/fc-team-coverage-i5kcflbb.png'
07:16.957  render           | Saved: '/Users/mohammedkalouti/Documents/Codex/2026-09-27/i/work/art/aircraft-final-production-v3/stage/assets/build/frames/unit.SY.scout_drone/shadow/launch/d10_f03.png'
07:17.504  render           | Saved: '/Users/mohammedkalouti/Documents/Codex/2026-09-27/i/work/art/aircraft-final-production-v3/stage/assets/build/frames/unit.SY.scout_drone/beauty/launch/d11_f00.png'
07:17.969  render           | Saved: '/Users/mohammedkalouti/Documents/Codex/2026-09-27/i/work/art/aircraft-final-production-v3/stage/assets/build/frames/unit.SY.scout_drone/team/launch/d11_f00.png'
07:18.223  render           | Saved: '/var/folders/n4/43n_jxh10gg3s770b_8jbzb80000gn/T/fc-team-coverage-f2tu1jud.png'
07:19.051  render           | Saved: '/Users/mohammedkalouti/Documents/Codex/2026-09-27/i/work/art/aircraft-final-production-v3/stage/assets/build/frames/unit.SY.scout_drone/shadow/launch/d11_f00.png'
07:19.600  render           | Saved: '/Users/mohammedkalouti/Documents/Codex/2026-09-27/i/work/art/aircraft-final-production-v3/stage/assets/build/frames/unit.SY.scout_drone/beauty/launch/d11_f01.png'
07:20.070  render           | Saved: '/Users/mohammedkalouti/Documents/Codex/2026-09-27/i/work/art/aircraft-final-production-v3/stage/assets/build/frames/unit.SY.scout_drone/team/launch/d11_f01.png'
07:20.322  render           | Saved: '/var/folders/n4/43n_jxh10gg3s770b_8jbzb80000gn/T/fc-team-coverage-_djmuko4.png'
07:21.169  render           | Saved: '/Users/mohammedkalouti/Documents/Codex/2026-09-27/i/work/art/aircraft-final-production-v3/stage/assets/build/frames/unit.SY.scout_drone/shadow/launch/d11_f01.png'
07:21.709  render           | Saved: '/Users/mohammedkalouti/Documents/Codex/2026-09-27/i/work/art/aircraft-final-production-v3/stage/assets/build/frames/unit.SY.scout_drone/beauty/launch/d11_f02.png'
07:22.187  render           | Saved: '/Users/mohammedkalouti/Documents/Codex/2026-09-27/i/work/art/aircraft-final-production-v3/stage/assets/build/frames/unit.SY.scout_drone/team/launch/d11_f02.png'
07:22.440  render           | Saved: '/var/folders/n4/43n_jxh10gg3s770b_8jbzb80000gn/T/fc-team-coverage-s64z_uio.png'
07:23.278  render           | Saved: '/Users/mohammedkalouti/Documents/Codex/2026-09-27/i/work/art/aircraft-final-production-v3/stage/assets/build/frames/unit.SY.scout_drone/shadow/launch/d11_f02.png'
07:23.819  render           | Saved: '/Users/mohammedkalouti/Documents/Codex/2026-09-27/i/work/art/aircraft-final-production-v3/stage/assets/build/frames/unit.SY.scout_drone/beauty/launch/d11_f03.png'
07:24.281  render           | Saved: '/Users/mohammedkalouti/Documents/Codex/2026-09-27/i/work/art/aircraft-final-production-v3/stage/assets/build/frames/unit.SY.scout_drone/team/launch/d11_f03.png'
07:24.522  render           | Saved: '/var/folders/n4/43n_jxh10gg3s770b_8jbzb80000gn/T/fc-team-coverage-oupq5g5k.png'
07:25.350  render           | Saved: '/Users/mohammedkalouti/Documents/Codex/2026-09-27/i/work/art/aircraft-final-production-v3/stage/assets/build/frames/unit.SY.scout_drone/shadow/launch/d11_f03.png'
07:25.902  render           | Saved: '/Users/mohammedkalouti/Documents/Codex/2026-09-27/i/work/art/aircraft-final-production-v3/stage/assets/build/frames/unit.SY.scout_drone/beauty/launch/d12_f00.png'
07:26.368  render           | Saved: '/Users/mohammedkalouti/Documents/Codex/2026-09-27/i/work/art/aircraft-final-production-v3/stage/assets/build/frames/unit.SY.scout_drone/team/launch/d12_f00.png'
07:26.602  render           | Saved: '/var/folders/n4/43n_jxh10gg3s770b_8jbzb80000gn/T/fc-team-coverage-h8exl71y.png'
07:27.450  render           | Saved: '/Users/mohammedkalouti/Documents/Codex/2026-09-27/i/work/art/aircraft-final-production-v3/stage/assets/build/frames/unit.SY.scout_drone/shadow/launch/d12_f00.png'
07:27.978  render           | Saved: '/Users/mohammedkalouti/Documents/Codex/2026-09-27/i/work/art/aircraft-final-production-v3/stage/assets/build/frames/unit.SY.scout_drone/beauty/launch/d12_f01.png'
07:28.455  render           | Saved: '/Users/mohammedkalouti/Documents/Codex/2026-09-27/i/work/art/aircraft-final-production-v3/stage/assets/build/frames/unit.SY.scout_drone/team/launch/d12_f01.png'
07:28.693  render           | Saved: '/var/folders/n4/43n_jxh10gg3s770b_8jbzb80000gn/T/fc-team-coverage-r3qa4lwh.png'
07:29.522  render           | Saved: '/Users/mohammedkalouti/Documents/Codex/2026-09-27/i/work/art/aircraft-final-production-v3/stage/assets/build/frames/unit.SY.scout_drone/shadow/launch/d12_f01.png'
07:30.064  render           | Saved: '/Users/mohammedkalouti/Documents/Codex/2026-09-27/i/work/art/aircraft-final-production-v3/stage/assets/build/frames/unit.SY.scout_drone/beauty/launch/d12_f02.png'
07:30.532  render           | Saved: '/Users/mohammedkalouti/Documents/Codex/2026-09-27/i/work/art/aircraft-final-production-v3/stage/assets/build/frames/unit.SY.scout_drone/team/launch/d12_f02.png'
07:30.764  render           | Saved: '/var/folders/n4/43n_jxh10gg3s770b_8jbzb80000gn/T/fc-team-coverage-5w8bdzc6.png'
07:31.623  render           | Saved: '/Users/mohammedkalouti/Documents/Codex/2026-09-27/i/work/art/aircraft-final-production-v3/stage/assets/build/frames/unit.SY.scout_drone/shadow/launch/d12_f02.png'
07:32.168  render           | Saved: '/Users/mohammedkalouti/Documents/Codex/2026-09-27/i/work/art/aircraft-final-production-v3/stage/assets/build/frames/unit.SY.scout_drone/beauty/launch/d12_f03.png'
07:32.630  render           | Saved: '/Users/mohammedkalouti/Documents/Codex/2026-09-27/i/work/art/aircraft-final-production-v3/stage/assets/build/frames/unit.SY.scout_drone/team/launch/d12_f03.png'
07:32.869  render           | Saved: '/var/folders/n4/43n_jxh10gg3s770b_8jbzb80000gn/T/fc-team-coverage-9v81if60.png'
07:33.704  render           | Saved: '/Users/mohammedkalouti/Documents/Codex/2026-09-27/i/work/art/aircraft-final-production-v3/stage/assets/build/frames/unit.SY.scout_drone/shadow/launch/d12_f03.png'
07:34.239  render           | Saved: '/Users/mohammedkalouti/Documents/Codex/2026-09-27/i/work/art/aircraft-final-production-v3/stage/assets/build/frames/unit.SY.scout_drone/beauty/launch/d13_f00.png'
07:34.730  render           | Saved: '/Users/mohammedkalouti/Documents/Codex/2026-09-27/i/work/art/aircraft-final-production-v3/stage/assets/build/frames/unit.SY.scout_drone/team/launch/d13_f00.png'
07:34.958  render           | Saved: '/var/folders/n4/43n_jxh10gg3s770b_8jbzb80000gn/T/fc-team-coverage-ue34a61i.png'
07:35.812  render           | Saved: '/Users/mohammedkalouti/Documents/Codex/2026-09-27/i/work/art/aircraft-final-production-v3/stage/assets/build/frames/unit.SY.scout_drone/shadow/launch/d13_f00.png'
07:36.346  render           | Saved: '/Users/mohammedkalouti/Documents/Codex/2026-09-27/i/work/art/aircraft-final-production-v3/stage/assets/build/frames/unit.SY.scout_drone/beauty/launch/d13_f01.png'
07:36.821  render           | Saved: '/Users/mohammedkalouti/Documents/Codex/2026-09-27/i/work/art/aircraft-final-production-v3/stage/assets/build/frames/unit.SY.scout_drone/team/launch/d13_f01.png'
07:37.068  render           | Saved: '/var/folders/n4/43n_jxh10gg3s770b_8jbzb80000gn/T/fc-team-coverage-1_90y3ha.png'
07:37.897  render           | Saved: '/Users/mohammedkalouti/Documents/Codex/2026-09-27/i/work/art/aircraft-final-production-v3/stage/assets/build/frames/unit.SY.scout_drone/shadow/launch/d13_f01.png'
07:38.441  render           | Saved: '/Users/mohammedkalouti/Documents/Codex/2026-09-27/i/work/art/aircraft-final-production-v3/stage/assets/build/frames/unit.SY.scout_drone/beauty/launch/d13_f02.png'
07:38.923  render           | Saved: '/Users/mohammedkalouti/Documents/Codex/2026-09-27/i/work/art/aircraft-final-production-v3/stage/assets/build/frames/unit.SY.scout_drone/team/launch/d13_f02.png'
07:39.175  render           | Saved: '/var/folders/n4/43n_jxh10gg3s770b_8jbzb80000gn/T/fc-team-coverage-y5ucntga.png'
07:40.006  render           | Saved: '/Users/mohammedkalouti/Documents/Codex/2026-09-27/i/work/art/aircraft-final-production-v3/stage/assets/build/frames/unit.SY.scout_drone/shadow/launch/d13_f02.png'
07:40.561  render           | Saved: '/Users/mohammedkalouti/Documents/Codex/2026-09-27/i/work/art/aircraft-final-production-v3/stage/assets/build/frames/unit.SY.scout_drone/beauty/launch/d13_f03.png'
07:41.026  render           | Saved: '/Users/mohammedkalouti/Documents/Codex/2026-09-27/i/work/art/aircraft-final-production-v3/stage/assets/build/frames/unit.SY.scout_drone/team/launch/d13_f03.png'
07:41.275  render           | Saved: '/var/folders/n4/43n_jxh10gg3s770b_8jbzb80000gn/T/fc-team-coverage-lpjd_z6s.png'
07:42.150  render           | Saved: '/Users/mohammedkalouti/Documents/Codex/2026-09-27/i/work/art/aircraft-final-production-v3/stage/assets/build/frames/unit.SY.scout_drone/shadow/launch/d13_f03.png'
07:42.683  render           | Saved: '/Users/mohammedkalouti/Documents/Codex/2026-09-27/i/work/art/aircraft-final-production-v3/stage/assets/build/frames/unit.SY.scout_drone/beauty/launch/d14_f00.png'
07:43.146  render           | Saved: '/Users/mohammedkalouti/Documents/Codex/2026-09-27/i/work/art/aircraft-final-production-v3/stage/assets/build/frames/unit.SY.scout_drone/team/launch/d14_f00.png'
07:43.380  render           | Saved: '/var/folders/n4/43n_jxh10gg3s770b_8jbzb80000gn/T/fc-team-coverage-y9ryjb0c.png'
07:44.212  render           | Saved: '/Users/mohammedkalouti/Documents/Codex/2026-09-27/i/work/art/aircraft-final-production-v3/stage/assets/build/frames/unit.SY.scout_drone/shadow/launch/d14_f00.png'
07:44.750  render           | Saved: '/Users/mohammedkalouti/Documents/Codex/2026-09-27/i/work/art/aircraft-final-production-v3/stage/assets/build/frames/unit.SY.scout_drone/beauty/launch/d14_f01.png'
07:45.216  render           | Saved: '/Users/mohammedkalouti/Documents/Codex/2026-09-27/i/work/art/aircraft-final-production-v3/stage/assets/build/frames/unit.SY.scout_drone/team/launch/d14_f01.png'
07:45.451  render           | Saved: '/var/folders/n4/43n_jxh10gg3s770b_8jbzb80000gn/T/fc-team-coverage-r0xt7l5v.png'
07:46.294  render           | Saved: '/Users/mohammedkalouti/Documents/Codex/2026-09-27/i/work/art/aircraft-final-production-v3/stage/assets/build/frames/unit.SY.scout_drone/shadow/launch/d14_f01.png'
07:46.844  render           | Saved: '/Users/mohammedkalouti/Documents/Codex/2026-09-27/i/work/art/aircraft-final-production-v3/stage/assets/build/frames/unit.SY.scout_drone/beauty/launch/d14_f02.png'
07:47.304  render           | Saved: '/Users/mohammedkalouti/Documents/Codex/2026-09-27/i/work/art/aircraft-final-production-v3/stage/assets/build/frames/unit.SY.scout_drone/team/launch/d14_f02.png'
07:47.557  render           | Saved: '/var/folders/n4/43n_jxh10gg3s770b_8jbzb80000gn/T/fc-team-coverage-5q0e3ceh.png'
07:48.404  render           | Saved: '/Users/mohammedkalouti/Documents/Codex/2026-09-27/i/work/art/aircraft-final-production-v3/stage/assets/build/frames/unit.SY.scout_drone/shadow/launch/d14_f02.png'
07:48.945  render           | Saved: '/Users/mohammedkalouti/Documents/Codex/2026-09-27/i/work/art/aircraft-final-production-v3/stage/assets/build/frames/unit.SY.scout_drone/beauty/launch/d14_f03.png'
07:49.414  render           | Saved: '/Users/mohammedkalouti/Documents/Codex/2026-09-27/i/work/art/aircraft-final-production-v3/stage/assets/build/frames/unit.SY.scout_drone/team/launch/d14_f03.png'
07:49.642  render           | Saved: '/var/folders/n4/43n_jxh10gg3s770b_8jbzb80000gn/T/fc-team-coverage-9bmxkxj7.png'
07:50.479  render           | Saved: '/Users/mohammedkalouti/Documents/Codex/2026-09-27/i/work/art/aircraft-final-production-v3/stage/assets/build/frames/unit.SY.scout_drone/shadow/launch/d14_f03.png'
07:51.029  render           | Saved: '/Users/mohammedkalouti/Documents/Codex/2026-09-27/i/work/art/aircraft-final-production-v3/stage/assets/build/frames/unit.SY.scout_drone/beauty/launch/d15_f00.png'
07:51.505  render           | Saved: '/Users/mohammedkalouti/Documents/Codex/2026-09-27/i/work/art/aircraft-final-production-v3/stage/assets/build/frames/unit.SY.scout_drone/team/launch/d15_f00.png'
07:51.756  render           | Saved: '/var/folders/n4/43n_jxh10gg3s770b_8jbzb80000gn/T/fc-team-coverage-8kxk3k4l.png'
07:52.620  render           | Saved: '/Users/mohammedkalouti/Documents/Codex/2026-09-27/i/work/art/aircraft-final-production-v3/stage/assets/build/frames/unit.SY.scout_drone/shadow/launch/d15_f00.png'
07:53.172  render           | Saved: '/Users/mohammedkalouti/Documents/Codex/2026-09-27/i/work/art/aircraft-final-production-v3/stage/assets/build/frames/unit.SY.scout_drone/beauty/launch/d15_f01.png'
07:53.657  render           | Saved: '/Users/mohammedkalouti/Documents/Codex/2026-09-27/i/work/art/aircraft-final-production-v3/stage/assets/build/frames/unit.SY.scout_drone/team/launch/d15_f01.png'
07:53.889  render           | Saved: '/var/folders/n4/43n_jxh10gg3s770b_8jbzb80000gn/T/fc-team-coverage-b_va6u9z.png'
07:54.711  render           | Saved: '/Users/mohammedkalouti/Documents/Codex/2026-09-27/i/work/art/aircraft-final-production-v3/stage/assets/build/frames/unit.SY.scout_drone/shadow/launch/d15_f01.png'
07:55.246  render           | Saved: '/Users/mohammedkalouti/Documents/Codex/2026-09-27/i/work/art/aircraft-final-production-v3/stage/assets/build/frames/unit.SY.scout_drone/beauty/launch/d15_f02.png'
07:55.713  render           | Saved: '/Users/mohammedkalouti/Documents/Codex/2026-09-27/i/work/art/aircraft-final-production-v3/stage/assets/build/frames/unit.SY.scout_drone/team/launch/d15_f02.png'
07:55.954  render           | Saved: '/var/folders/n4/43n_jxh10gg3s770b_8jbzb80000gn/T/fc-team-coverage-vnk_kbck.png'
07:56.785  render           | Saved: '/Users/mohammedkalouti/Documents/Codex/2026-09-27/i/work/art/aircraft-final-production-v3/stage/assets/build/frames/unit.SY.scout_drone/shadow/launch/d15_f02.png'
07:57.330  render           | Saved: '/Users/mohammedkalouti/Documents/Codex/2026-09-27/i/work/art/aircraft-final-production-v3/stage/assets/build/frames/unit.SY.scout_drone/beauty/launch/d15_f03.png'
07:57.805  render           | Saved: '/Users/mohammedkalouti/Documents/Codex/2026-09-27/i/work/art/aircraft-final-production-v3/stage/assets/build/frames/unit.SY.scout_drone/team/launch/d15_f03.png'
07:58.053  render           | Saved: '/var/folders/n4/43n_jxh10gg3s770b_8jbzb80000gn/T/fc-team-coverage-jmlt0nyj.png'
07:58.909  render           | Saved: '/Users/mohammedkalouti/Documents/Codex/2026-09-27/i/work/art/aircraft-final-production-v3/stage/assets/build/frames/unit.SY.scout_drone/shadow/launch/d15_f03.png'
07:59.446  render           | Saved: '/Users/mohammedkalouti/Documents/Codex/2026-09-27/i/work/art/aircraft-final-production-v3/stage/assets/build/frames/unit.SY.scout_drone/beauty/recover/d00_f00.png'
07:59.928  render           | Saved: '/Users/mohammedkalouti/Documents/Codex/2026-09-27/i/work/art/aircraft-final-production-v3/stage/assets/build/frames/unit.SY.scout_drone/team/recover/d00_f00.png'
08:00.168  render           | Saved: '/var/folders/n4/43n_jxh10gg3s770b_8jbzb80000gn/T/fc-team-coverage-3v1fr52m.png'
08:01.098  render           | Saved: '/Users/mohammedkalouti/Documents/Codex/2026-09-27/i/work/art/aircraft-final-production-v3/stage/assets/build/frames/unit.SY.scout_drone/shadow/recover/d00_f00.png'
08:01.682  render           | Saved: '/Users/mohammedkalouti/Documents/Codex/2026-09-27/i/work/art/aircraft-final-production-v3/stage/assets/build/frames/unit.SY.scout_drone/beauty/recover/d00_f01.png'
08:02.163  render           | Saved: '/Users/mohammedkalouti/Documents/Codex/2026-09-27/i/work/art/aircraft-final-production-v3/stage/assets/build/frames/unit.SY.scout_drone/team/recover/d00_f01.png'
08:02.399  render           | Saved: '/var/folders/n4/43n_jxh10gg3s770b_8jbzb80000gn/T/fc-team-coverage-ffqtqkd1.png'
08:03.240  render           | Saved: '/Users/mohammedkalouti/Documents/Codex/2026-09-27/i/work/art/aircraft-final-production-v3/stage/assets/build/frames/unit.SY.scout_drone/shadow/recover/d00_f01.png'
08:03.791  render           | Saved: '/Users/mohammedkalouti/Documents/Codex/2026-09-27/i/work/art/aircraft-final-production-v3/stage/assets/build/frames/unit.SY.scout_drone/beauty/recover/d00_f02.png'
08:04.261  render           | Saved: '/Users/mohammedkalouti/Documents/Codex/2026-09-27/i/work/art/aircraft-final-production-v3/stage/assets/build/frames/unit.SY.scout_drone/team/recover/d00_f02.png'
08:04.500  render           | Saved: '/var/folders/n4/43n_jxh10gg3s770b_8jbzb80000gn/T/fc-team-coverage-67iw3db_.png'
08:05.330  render           | Saved: '/Users/mohammedkalouti/Documents/Codex/2026-09-27/i/work/art/aircraft-final-production-v3/stage/assets/build/frames/unit.SY.scout_drone/shadow/recover/d00_f02.png'
08:05.874  render           | Saved: '/Users/mohammedkalouti/Documents/Codex/2026-09-27/i/work/art/aircraft-final-production-v3/stage/assets/build/frames/unit.SY.scout_drone/beauty/recover/d00_f03.png'
08:06.345  render           | Saved: '/Users/mohammedkalouti/Documents/Codex/2026-09-27/i/work/art/aircraft-final-production-v3/stage/assets/build/frames/unit.SY.scout_drone/team/recover/d00_f03.png'
08:06.587  render           | Saved: '/var/folders/n4/43n_jxh10gg3s770b_8jbzb80000gn/T/fc-team-coverage-vsd6ksmb.png'
08:07.420  render           | Saved: '/Users/mohammedkalouti/Documents/Codex/2026-09-27/i/work/art/aircraft-final-production-v3/stage/assets/build/frames/unit.SY.scout_drone/shadow/recover/d00_f03.png'
08:07.986  render           | Saved: '/Users/mohammedkalouti/Documents/Codex/2026-09-27/i/work/art/aircraft-final-production-v3/stage/assets/build/frames/unit.SY.scout_drone/beauty/recover/d01_f00.png'
08:08.478  render           | Saved: '/Users/mohammedkalouti/Documents/Codex/2026-09-27/i/work/art/aircraft-final-production-v3/stage/assets/build/frames/unit.SY.scout_drone/team/recover/d01_f00.png'
08:08.711  render           | Saved: '/var/folders/n4/43n_jxh10gg3s770b_8jbzb80000gn/T/fc-team-coverage-wanec_p4.png'
08:09.574  render           | Saved: '/Users/mohammedkalouti/Documents/Codex/2026-09-27/i/work/art/aircraft-final-production-v3/stage/assets/build/frames/unit.SY.scout_drone/shadow/recover/d01_f00.png'
08:10.127  render           | Saved: '/Users/mohammedkalouti/Documents/Codex/2026-09-27/i/work/art/aircraft-final-production-v3/stage/assets/build/frames/unit.SY.scout_drone/beauty/recover/d01_f01.png'
08:10.609  render           | Saved: '/Users/mohammedkalouti/Documents/Codex/2026-09-27/i/work/art/aircraft-final-production-v3/stage/assets/build/frames/unit.SY.scout_drone/team/recover/d01_f01.png'
08:10.859  render           | Saved: '/var/folders/n4/43n_jxh10gg3s770b_8jbzb80000gn/T/fc-team-coverage-irdzxje4.png'
08:11.688  render           | Saved: '/Users/mohammedkalouti/Documents/Codex/2026-09-27/i/work/art/aircraft-final-production-v3/stage/assets/build/frames/unit.SY.scout_drone/shadow/recover/d01_f01.png'
08:12.223  render           | Saved: '/Users/mohammedkalouti/Documents/Codex/2026-09-27/i/work/art/aircraft-final-production-v3/stage/assets/build/frames/unit.SY.scout_drone/beauty/recover/d01_f02.png'
08:12.709  render           | Saved: '/Users/mohammedkalouti/Documents/Codex/2026-09-27/i/work/art/aircraft-final-production-v3/stage/assets/build/frames/unit.SY.scout_drone/team/recover/d01_f02.png'
08:12.945  render           | Saved: '/var/folders/n4/43n_jxh10gg3s770b_8jbzb80000gn/T/fc-team-coverage-9523qzbb.png'
08:13.796  render           | Saved: '/Users/mohammedkalouti/Documents/Codex/2026-09-27/i/work/art/aircraft-final-production-v3/stage/assets/build/frames/unit.SY.scout_drone/shadow/recover/d01_f02.png'
08:14.376  render           | Saved: '/Users/mohammedkalouti/Documents/Codex/2026-09-27/i/work/art/aircraft-final-production-v3/stage/assets/build/frames/unit.SY.scout_drone/beauty/recover/d01_f03.png'
08:14.852  render           | Saved: '/Users/mohammedkalouti/Documents/Codex/2026-09-27/i/work/art/aircraft-final-production-v3/stage/assets/build/frames/unit.SY.scout_drone/team/recover/d01_f03.png'
08:15.086  render           | Saved: '/var/folders/n4/43n_jxh10gg3s770b_8jbzb80000gn/T/fc-team-coverage-1agy4dqx.png'
08:15.931  render           | Saved: '/Users/mohammedkalouti/Documents/Codex/2026-09-27/i/work/art/aircraft-final-production-v3/stage/assets/build/frames/unit.SY.scout_drone/shadow/recover/d01_f03.png'
08:16.476  render           | Saved: '/Users/mohammedkalouti/Documents/Codex/2026-09-27/i/work/art/aircraft-final-production-v3/stage/assets/build/frames/unit.SY.scout_drone/beauty/recover/d02_f00.png'
08:16.939  render           | Saved: '/Users/mohammedkalouti/Documents/Codex/2026-09-27/i/work/art/aircraft-final-production-v3/stage/assets/build/frames/unit.SY.scout_drone/team/recover/d02_f00.png'
08:17.175  render           | Saved: '/var/folders/n4/43n_jxh10gg3s770b_8jbzb80000gn/T/fc-team-coverage-x525l8mi.png'
08:18.002  render           | Saved: '/Users/mohammedkalouti/Documents/Codex/2026-09-27/i/work/art/aircraft-final-production-v3/stage/assets/build/frames/unit.SY.scout_drone/shadow/recover/d02_f00.png'
08:18.539  render           | Saved: '/Users/mohammedkalouti/Documents/Codex/2026-09-27/i/work/art/aircraft-final-production-v3/stage/assets/build/frames/unit.SY.scout_drone/beauty/recover/d02_f01.png'
08:19.019  render           | Saved: '/Users/mohammedkalouti/Documents/Codex/2026-09-27/i/work/art/aircraft-final-production-v3/stage/assets/build/frames/unit.SY.scout_drone/team/recover/d02_f01.png'
08:19.253  render           | Saved: '/var/folders/n4/43n_jxh10gg3s770b_8jbzb80000gn/T/fc-team-coverage-kjzspqvm.png'
08:20.109  render           | Saved: '/Users/mohammedkalouti/Documents/Codex/2026-09-27/i/work/art/aircraft-final-production-v3/stage/assets/build/frames/unit.SY.scout_drone/shadow/recover/d02_f01.png'
08:20.659  render           | Saved: '/Users/mohammedkalouti/Documents/Codex/2026-09-27/i/work/art/aircraft-final-production-v3/stage/assets/build/frames/unit.SY.scout_drone/beauty/recover/d02_f02.png'
08:21.123  render           | Saved: '/Users/mohammedkalouti/Documents/Codex/2026-09-27/i/work/art/aircraft-final-production-v3/stage/assets/build/frames/unit.SY.scout_drone/team/recover/d02_f02.png'
08:21.366  render           | Saved: '/var/folders/n4/43n_jxh10gg3s770b_8jbzb80000gn/T/fc-team-coverage-8c4sg4ro.png'
08:22.227  render           | Saved: '/Users/mohammedkalouti/Documents/Codex/2026-09-27/i/work/art/aircraft-final-production-v3/stage/assets/build/frames/unit.SY.scout_drone/shadow/recover/d02_f02.png'
08:22.765  render           | Saved: '/Users/mohammedkalouti/Documents/Codex/2026-09-27/i/work/art/aircraft-final-production-v3/stage/assets/build/frames/unit.SY.scout_drone/beauty/recover/d02_f03.png'
08:23.327  render           | Saved: '/Users/mohammedkalouti/Documents/Codex/2026-09-27/i/work/art/aircraft-final-production-v3/stage/assets/build/frames/unit.SY.scout_drone/team/recover/d02_f03.png'
08:23.595  render           | Saved: '/var/folders/n4/43n_jxh10gg3s770b_8jbzb80000gn/T/fc-team-coverage-d3adnve5.png'
08:24.677  render           | Saved: '/Users/mohammedkalouti/Documents/Codex/2026-09-27/i/work/art/aircraft-final-production-v3/stage/assets/build/frames/unit.SY.scout_drone/shadow/recover/d02_f03.png'
08:25.306  render           | Saved: '/Users/mohammedkalouti/Documents/Codex/2026-09-27/i/work/art/aircraft-final-production-v3/stage/assets/build/frames/unit.SY.scout_drone/beauty/recover/d03_f00.png'
08:25.862  render           | Saved: '/Users/mohammedkalouti/Documents/Codex/2026-09-27/i/work/art/aircraft-final-production-v3/stage/assets/build/frames/unit.SY.scout_drone/team/recover/d03_f00.png'
08:26.122  render           | Saved: '/var/folders/n4/43n_jxh10gg3s770b_8jbzb80000gn/T/fc-team-coverage-7qfzn1jy.png'
08:27.159  render           | Saved: '/Users/mohammedkalouti/Documents/Codex/2026-09-27/i/work/art/aircraft-final-production-v3/stage/assets/build/frames/unit.SY.scout_drone/shadow/recover/d03_f00.png'
08:27.745  render           | Saved: '/Users/mohammedkalouti/Documents/Codex/2026-09-27/i/work/art/aircraft-final-production-v3/stage/assets/build/frames/unit.SY.scout_drone/beauty/recover/d03_f01.png'
08:28.269  render           | Saved: '/Users/mohammedkalouti/Documents/Codex/2026-09-27/i/work/art/aircraft-final-production-v3/stage/assets/build/frames/unit.SY.scout_drone/team/recover/d03_f01.png'
08:28.520  render           | Saved: '/var/folders/n4/43n_jxh10gg3s770b_8jbzb80000gn/T/fc-team-coverage-9bubxehc.png'
08:29.371  render           | Saved: '/Users/mohammedkalouti/Documents/Codex/2026-09-27/i/work/art/aircraft-final-production-v3/stage/assets/build/frames/unit.SY.scout_drone/shadow/recover/d03_f01.png'
08:29.929  render           | Saved: '/Users/mohammedkalouti/Documents/Codex/2026-09-27/i/work/art/aircraft-final-production-v3/stage/assets/build/frames/unit.SY.scout_drone/beauty/recover/d03_f02.png'
08:30.422  render           | Saved: '/Users/mohammedkalouti/Documents/Codex/2026-09-27/i/work/art/aircraft-final-production-v3/stage/assets/build/frames/unit.SY.scout_drone/team/recover/d03_f02.png'
08:30.675  render           | Saved: '/var/folders/n4/43n_jxh10gg3s770b_8jbzb80000gn/T/fc-team-coverage-02_zqazf.png'
08:31.536  render           | Saved: '/Users/mohammedkalouti/Documents/Codex/2026-09-27/i/work/art/aircraft-final-production-v3/stage/assets/build/frames/unit.SY.scout_drone/shadow/recover/d03_f02.png'
08:32.093  render           | Saved: '/Users/mohammedkalouti/Documents/Codex/2026-09-27/i/work/art/aircraft-final-production-v3/stage/assets/build/frames/unit.SY.scout_drone/beauty/recover/d03_f03.png'
08:32.576  render           | Saved: '/Users/mohammedkalouti/Documents/Codex/2026-09-27/i/work/art/aircraft-final-production-v3/stage/assets/build/frames/unit.SY.scout_drone/team/recover/d03_f03.png'
08:32.826  render           | Saved: '/var/folders/n4/43n_jxh10gg3s770b_8jbzb80000gn/T/fc-team-coverage-sa3wzpap.png'
08:33.713  render           | Saved: '/Users/mohammedkalouti/Documents/Codex/2026-09-27/i/work/art/aircraft-final-production-v3/stage/assets/build/frames/unit.SY.scout_drone/shadow/recover/d03_f03.png'
08:34.268  render           | Saved: '/Users/mohammedkalouti/Documents/Codex/2026-09-27/i/work/art/aircraft-final-production-v3/stage/assets/build/frames/unit.SY.scout_drone/beauty/recover/d04_f00.png'
08:34.740  render           | Saved: '/Users/mohammedkalouti/Documents/Codex/2026-09-27/i/work/art/aircraft-final-production-v3/stage/assets/build/frames/unit.SY.scout_drone/team/recover/d04_f00.png'
08:34.977  render           | Saved: '/var/folders/n4/43n_jxh10gg3s770b_8jbzb80000gn/T/fc-team-coverage-o0cp0zsp.png'
08:35.832  render           | Saved: '/Users/mohammedkalouti/Documents/Codex/2026-09-27/i/work/art/aircraft-final-production-v3/stage/assets/build/frames/unit.SY.scout_drone/shadow/recover/d04_f00.png'
08:36.388  render           | Saved: '/Users/mohammedkalouti/Documents/Codex/2026-09-27/i/work/art/aircraft-final-production-v3/stage/assets/build/frames/unit.SY.scout_drone/beauty/recover/d04_f01.png'
08:36.872  render           | Saved: '/Users/mohammedkalouti/Documents/Codex/2026-09-27/i/work/art/aircraft-final-production-v3/stage/assets/build/frames/unit.SY.scout_drone/team/recover/d04_f01.png'
08:37.119  render           | Saved: '/var/folders/n4/43n_jxh10gg3s770b_8jbzb80000gn/T/fc-team-coverage-geednqym.png'
08:37.957  render           | Saved: '/Users/mohammedkalouti/Documents/Codex/2026-09-27/i/work/art/aircraft-final-production-v3/stage/assets/build/frames/unit.SY.scout_drone/shadow/recover/d04_f01.png'
08:38.491  render           | Saved: '/Users/mohammedkalouti/Documents/Codex/2026-09-27/i/work/art/aircraft-final-production-v3/stage/assets/build/frames/unit.SY.scout_drone/beauty/recover/d04_f02.png'
08:38.972  render           | Saved: '/Users/mohammedkalouti/Documents/Codex/2026-09-27/i/work/art/aircraft-final-production-v3/stage/assets/build/frames/unit.SY.scout_drone/team/recover/d04_f02.png'
08:39.224  render           | Saved: '/var/folders/n4/43n_jxh10gg3s770b_8jbzb80000gn/T/fc-team-coverage-mqbldkrh.png'
08:40.130  render           | Saved: '/Users/mohammedkalouti/Documents/Codex/2026-09-27/i/work/art/aircraft-final-production-v3/stage/assets/build/frames/unit.SY.scout_drone/shadow/recover/d04_f02.png'
08:40.825  render           | Saved: '/Users/mohammedkalouti/Documents/Codex/2026-09-27/i/work/art/aircraft-final-production-v3/stage/assets/build/frames/unit.SY.scout_drone/beauty/recover/d04_f03.png'
08:41.489  render           | Saved: '/Users/mohammedkalouti/Documents/Codex/2026-09-27/i/work/art/aircraft-final-production-v3/stage/assets/build/frames/unit.SY.scout_drone/team/recover/d04_f03.png'
08:41.858  render           | Saved: '/var/folders/n4/43n_jxh10gg3s770b_8jbzb80000gn/T/fc-team-coverage-s26qxt51.png'
08:43.188  render           | Saved: '/Users/mohammedkalouti/Documents/Codex/2026-09-27/i/work/art/aircraft-final-production-v3/stage/assets/build/frames/unit.SY.scout_drone/shadow/recover/d04_f03.png'
08:43.944  render           | Saved: '/Users/mohammedkalouti/Documents/Codex/2026-09-27/i/work/art/aircraft-final-production-v3/stage/assets/build/frames/unit.SY.scout_drone/beauty/recover/d05_f00.png'
08:44.588  render           | Saved: '/Users/mohammedkalouti/Documents/Codex/2026-09-27/i/work/art/aircraft-final-production-v3/stage/assets/build/frames/unit.SY.scout_drone/team/recover/d05_f00.png'
08:44.911  render           | Saved: '/var/folders/n4/43n_jxh10gg3s770b_8jbzb80000gn/T/fc-team-coverage-vp6wtwm9.png'
08:46.073  render           | Saved: '/Users/mohammedkalouti/Documents/Codex/2026-09-27/i/work/art/aircraft-final-production-v3/stage/assets/build/frames/unit.SY.scout_drone/shadow/recover/d05_f00.png'
08:46.921  render           | Saved: '/Users/mohammedkalouti/Documents/Codex/2026-09-27/i/work/art/aircraft-final-production-v3/stage/assets/build/frames/unit.SY.scout_drone/beauty/recover/d05_f01.png'
08:47.614  render           | Saved: '/Users/mohammedkalouti/Documents/Codex/2026-09-27/i/work/art/aircraft-final-production-v3/stage/assets/build/frames/unit.SY.scout_drone/team/recover/d05_f01.png'
08:47.899  render           | Saved: '/var/folders/n4/43n_jxh10gg3s770b_8jbzb80000gn/T/fc-team-coverage-rpv07fg2.png'
08:49.148  render           | Saved: '/Users/mohammedkalouti/Documents/Codex/2026-09-27/i/work/art/aircraft-final-production-v3/stage/assets/build/frames/unit.SY.scout_drone/shadow/recover/d05_f01.png'
08:49.881  render           | Saved: '/Users/mohammedkalouti/Documents/Codex/2026-09-27/i/work/art/aircraft-final-production-v3/stage/assets/build/frames/unit.SY.scout_drone/beauty/recover/d05_f02.png'
08:50.516  render           | Saved: '/Users/mohammedkalouti/Documents/Codex/2026-09-27/i/work/art/aircraft-final-production-v3/stage/assets/build/frames/unit.SY.scout_drone/team/recover/d05_f02.png'
08:50.833  render           | Saved: '/var/folders/n4/43n_jxh10gg3s770b_8jbzb80000gn/T/fc-team-coverage-l06nqdwm.png'
08:52.122  render           | Saved: '/Users/mohammedkalouti/Documents/Codex/2026-09-27/i/work/art/aircraft-final-production-v3/stage/assets/build/frames/unit.SY.scout_drone/shadow/recover/d05_f02.png'
08:52.971  render           | Saved: '/Users/mohammedkalouti/Documents/Codex/2026-09-27/i/work/art/aircraft-final-production-v3/stage/assets/build/frames/unit.SY.scout_drone/beauty/recover/d05_f03.png'
08:53.586  render           | Saved: '/Users/mohammedkalouti/Documents/Codex/2026-09-27/i/work/art/aircraft-final-production-v3/stage/assets/build/frames/unit.SY.scout_drone/team/recover/d05_f03.png'
08:53.881  render           | Saved: '/var/folders/n4/43n_jxh10gg3s770b_8jbzb80000gn/T/fc-team-coverage-c5itn5qt.png'
08:54.832  render           | Saved: '/Users/mohammedkalouti/Documents/Codex/2026-09-27/i/work/art/aircraft-final-production-v3/stage/assets/build/frames/unit.SY.scout_drone/shadow/recover/d05_f03.png'
08:55.410  render           | Saved: '/Users/mohammedkalouti/Documents/Codex/2026-09-27/i/work/art/aircraft-final-production-v3/stage/assets/build/frames/unit.SY.scout_drone/beauty/recover/d06_f00.png'
08:55.905  render           | Saved: '/Users/mohammedkalouti/Documents/Codex/2026-09-27/i/work/art/aircraft-final-production-v3/stage/assets/build/frames/unit.SY.scout_drone/team/recover/d06_f00.png'
08:56.148  render           | Saved: '/var/folders/n4/43n_jxh10gg3s770b_8jbzb80000gn/T/fc-team-coverage-8lrcnxzc.png'
08:57.063  render           | Saved: '/Users/mohammedkalouti/Documents/Codex/2026-09-27/i/work/art/aircraft-final-production-v3/stage/assets/build/frames/unit.SY.scout_drone/shadow/recover/d06_f00.png'
08:57.674  render           | Saved: '/Users/mohammedkalouti/Documents/Codex/2026-09-27/i/work/art/aircraft-final-production-v3/stage/assets/build/frames/unit.SY.scout_drone/beauty/recover/d06_f01.png'
08:58.170  render           | Saved: '/Users/mohammedkalouti/Documents/Codex/2026-09-27/i/work/art/aircraft-final-production-v3/stage/assets/build/frames/unit.SY.scout_drone/team/recover/d06_f01.png'
08:58.422  render           | Saved: '/var/folders/n4/43n_jxh10gg3s770b_8jbzb80000gn/T/fc-team-coverage-opqa8tpz.png'
08:59.278  render           | Saved: '/Users/mohammedkalouti/Documents/Codex/2026-09-27/i/work/art/aircraft-final-production-v3/stage/assets/build/frames/unit.SY.scout_drone/shadow/recover/d06_f01.png'
08:59.853  render           | Saved: '/Users/mohammedkalouti/Documents/Codex/2026-09-27/i/work/art/aircraft-final-production-v3/stage/assets/build/frames/unit.SY.scout_drone/beauty/recover/d06_f02.png'
09:00.368  render           | Saved: '/Users/mohammedkalouti/Documents/Codex/2026-09-27/i/work/art/aircraft-final-production-v3/stage/assets/build/frames/unit.SY.scout_drone/team/recover/d06_f02.png'
09:00.625  render           | Saved: '/var/folders/n4/43n_jxh10gg3s770b_8jbzb80000gn/T/fc-team-coverage-0i4wanvn.png'
09:01.476  render           | Saved: '/Users/mohammedkalouti/Documents/Codex/2026-09-27/i/work/art/aircraft-final-production-v3/stage/assets/build/frames/unit.SY.scout_drone/shadow/recover/d06_f02.png'
09:02.047  render           | Saved: '/Users/mohammedkalouti/Documents/Codex/2026-09-27/i/work/art/aircraft-final-production-v3/stage/assets/build/frames/unit.SY.scout_drone/beauty/recover/d06_f03.png'
09:02.567  render           | Saved: '/Users/mohammedkalouti/Documents/Codex/2026-09-27/i/work/art/aircraft-final-production-v3/stage/assets/build/frames/unit.SY.scout_drone/team/recover/d06_f03.png'
09:02.843  render           | Saved: '/var/folders/n4/43n_jxh10gg3s770b_8jbzb80000gn/T/fc-team-coverage-n4khw62z.png'
09:03.725  render           | Saved: '/Users/mohammedkalouti/Documents/Codex/2026-09-27/i/work/art/aircraft-final-production-v3/stage/assets/build/frames/unit.SY.scout_drone/shadow/recover/d06_f03.png'
09:04.444  render           | Saved: '/Users/mohammedkalouti/Documents/Codex/2026-09-27/i/work/art/aircraft-final-production-v3/stage/assets/build/frames/unit.SY.scout_drone/beauty/recover/d07_f00.png'
09:04.958  render           | Saved: '/Users/mohammedkalouti/Documents/Codex/2026-09-27/i/work/art/aircraft-final-production-v3/stage/assets/build/frames/unit.SY.scout_drone/team/recover/d07_f00.png'
09:05.198  render           | Saved: '/var/folders/n4/43n_jxh10gg3s770b_8jbzb80000gn/T/fc-team-coverage-3f4_5pxw.png'
09:06.068  render           | Saved: '/Users/mohammedkalouti/Documents/Codex/2026-09-27/i/work/art/aircraft-final-production-v3/stage/assets/build/frames/unit.SY.scout_drone/shadow/recover/d07_f00.png'
09:06.637  render           | Saved: '/Users/mohammedkalouti/Documents/Codex/2026-09-27/i/work/art/aircraft-final-production-v3/stage/assets/build/frames/unit.SY.scout_drone/beauty/recover/d07_f01.png'
09:07.159  render           | Saved: '/Users/mohammedkalouti/Documents/Codex/2026-09-27/i/work/art/aircraft-final-production-v3/stage/assets/build/frames/unit.SY.scout_drone/team/recover/d07_f01.png'
09:07.404  render           | Saved: '/var/folders/n4/43n_jxh10gg3s770b_8jbzb80000gn/T/fc-team-coverage-frqqoxop.png'
09:08.257  render           | Saved: '/Users/mohammedkalouti/Documents/Codex/2026-09-27/i/work/art/aircraft-final-production-v3/stage/assets/build/frames/unit.SY.scout_drone/shadow/recover/d07_f01.png'
09:08.839  render           | Saved: '/Users/mohammedkalouti/Documents/Codex/2026-09-27/i/work/art/aircraft-final-production-v3/stage/assets/build/frames/unit.SY.scout_drone/beauty/recover/d07_f02.png'
09:09.340  render           | Saved: '/Users/mohammedkalouti/Documents/Codex/2026-09-27/i/work/art/aircraft-final-production-v3/stage/assets/build/frames/unit.SY.scout_drone/team/recover/d07_f02.png'
09:09.576  render           | Saved: '/var/folders/n4/43n_jxh10gg3s770b_8jbzb80000gn/T/fc-team-coverage-9cah09h7.png'
09:10.416  render           | Saved: '/Users/mohammedkalouti/Documents/Codex/2026-09-27/i/work/art/aircraft-final-production-v3/stage/assets/build/frames/unit.SY.scout_drone/shadow/recover/d07_f02.png'
09:10.961  render           | Saved: '/Users/mohammedkalouti/Documents/Codex/2026-09-27/i/work/art/aircraft-final-production-v3/stage/assets/build/frames/unit.SY.scout_drone/beauty/recover/d07_f03.png'
09:11.447  render           | Saved: '/Users/mohammedkalouti/Documents/Codex/2026-09-27/i/work/art/aircraft-final-production-v3/stage/assets/build/frames/unit.SY.scout_drone/team/recover/d07_f03.png'
09:11.682  render           | Saved: '/var/folders/n4/43n_jxh10gg3s770b_8jbzb80000gn/T/fc-team-coverage-gcjgvluj.png'
09:12.561  render           | Saved: '/Users/mohammedkalouti/Documents/Codex/2026-09-27/i/work/art/aircraft-final-production-v3/stage/assets/build/frames/unit.SY.scout_drone/shadow/recover/d07_f03.png'
09:13.134  render           | Saved: '/Users/mohammedkalouti/Documents/Codex/2026-09-27/i/work/art/aircraft-final-production-v3/stage/assets/build/frames/unit.SY.scout_drone/beauty/recover/d08_f00.png'
09:13.602  render           | Saved: '/Users/mohammedkalouti/Documents/Codex/2026-09-27/i/work/art/aircraft-final-production-v3/stage/assets/build/frames/unit.SY.scout_drone/team/recover/d08_f00.png'
09:13.856  render           | Saved: '/var/folders/n4/43n_jxh10gg3s770b_8jbzb80000gn/T/fc-team-coverage-dnxnmqza.png'
09:14.705  render           | Saved: '/Users/mohammedkalouti/Documents/Codex/2026-09-27/i/work/art/aircraft-final-production-v3/stage/assets/build/frames/unit.SY.scout_drone/shadow/recover/d08_f00.png'
09:15.241  render           | Saved: '/Users/mohammedkalouti/Documents/Codex/2026-09-27/i/work/art/aircraft-final-production-v3/stage/assets/build/frames/unit.SY.scout_drone/beauty/recover/d08_f01.png'
09:15.748  render           | Saved: '/Users/mohammedkalouti/Documents/Codex/2026-09-27/i/work/art/aircraft-final-production-v3/stage/assets/build/frames/unit.SY.scout_drone/team/recover/d08_f01.png'
09:15.984  render           | Saved: '/var/folders/n4/43n_jxh10gg3s770b_8jbzb80000gn/T/fc-team-coverage-qd6yxn96.png'
09:16.824  render           | Saved: '/Users/mohammedkalouti/Documents/Codex/2026-09-27/i/work/art/aircraft-final-production-v3/stage/assets/build/frames/unit.SY.scout_drone/shadow/recover/d08_f01.png'
09:17.359  render           | Saved: '/Users/mohammedkalouti/Documents/Codex/2026-09-27/i/work/art/aircraft-final-production-v3/stage/assets/build/frames/unit.SY.scout_drone/beauty/recover/d08_f02.png'
09:17.835  render           | Saved: '/Users/mohammedkalouti/Documents/Codex/2026-09-27/i/work/art/aircraft-final-production-v3/stage/assets/build/frames/unit.SY.scout_drone/team/recover/d08_f02.png'
09:18.092  render           | Saved: '/var/folders/n4/43n_jxh10gg3s770b_8jbzb80000gn/T/fc-team-coverage-qc9f53st.png'
09:18.943  render           | Saved: '/Users/mohammedkalouti/Documents/Codex/2026-09-27/i/work/art/aircraft-final-production-v3/stage/assets/build/frames/unit.SY.scout_drone/shadow/recover/d08_f02.png'
09:19.480  render           | Saved: '/Users/mohammedkalouti/Documents/Codex/2026-09-27/i/work/art/aircraft-final-production-v3/stage/assets/build/frames/unit.SY.scout_drone/beauty/recover/d08_f03.png'
09:19.960  render           | Saved: '/Users/mohammedkalouti/Documents/Codex/2026-09-27/i/work/art/aircraft-final-production-v3/stage/assets/build/frames/unit.SY.scout_drone/team/recover/d08_f03.png'
09:20.201  render           | Saved: '/var/folders/n4/43n_jxh10gg3s770b_8jbzb80000gn/T/fc-team-coverage-_1jql0yf.png'
09:21.032  render           | Saved: '/Users/mohammedkalouti/Documents/Codex/2026-09-27/i/work/art/aircraft-final-production-v3/stage/assets/build/frames/unit.SY.scout_drone/shadow/recover/d08_f03.png'
09:21.587  render           | Saved: '/Users/mohammedkalouti/Documents/Codex/2026-09-27/i/work/art/aircraft-final-production-v3/stage/assets/build/frames/unit.SY.scout_drone/beauty/recover/d09_f00.png'
09:22.085  render           | Saved: '/Users/mohammedkalouti/Documents/Codex/2026-09-27/i/work/art/aircraft-final-production-v3/stage/assets/build/frames/unit.SY.scout_drone/team/recover/d09_f00.png'
09:22.321  render           | Saved: '/var/folders/n4/43n_jxh10gg3s770b_8jbzb80000gn/T/fc-team-coverage-x_rapn24.png'
09:23.174  render           | Saved: '/Users/mohammedkalouti/Documents/Codex/2026-09-27/i/work/art/aircraft-final-production-v3/stage/assets/build/frames/unit.SY.scout_drone/shadow/recover/d09_f00.png'
09:23.737  render           | Saved: '/Users/mohammedkalouti/Documents/Codex/2026-09-27/i/work/art/aircraft-final-production-v3/stage/assets/build/frames/unit.SY.scout_drone/beauty/recover/d09_f01.png'
09:24.235  render           | Saved: '/Users/mohammedkalouti/Documents/Codex/2026-09-27/i/work/art/aircraft-final-production-v3/stage/assets/build/frames/unit.SY.scout_drone/team/recover/d09_f01.png'
09:24.486  render           | Saved: '/var/folders/n4/43n_jxh10gg3s770b_8jbzb80000gn/T/fc-team-coverage-64nl8jt0.png'
09:25.333  render           | Saved: '/Users/mohammedkalouti/Documents/Codex/2026-09-27/i/work/art/aircraft-final-production-v3/stage/assets/build/frames/unit.SY.scout_drone/shadow/recover/d09_f01.png'
09:25.884  render           | Saved: '/Users/mohammedkalouti/Documents/Codex/2026-09-27/i/work/art/aircraft-final-production-v3/stage/assets/build/frames/unit.SY.scout_drone/beauty/recover/d09_f02.png'
09:26.384  render           | Saved: '/Users/mohammedkalouti/Documents/Codex/2026-09-27/i/work/art/aircraft-final-production-v3/stage/assets/build/frames/unit.SY.scout_drone/team/recover/d09_f02.png'
09:26.636  render           | Saved: '/var/folders/n4/43n_jxh10gg3s770b_8jbzb80000gn/T/fc-team-coverage-dwsg28sv.png'
09:27.484  render           | Saved: '/Users/mohammedkalouti/Documents/Codex/2026-09-27/i/work/art/aircraft-final-production-v3/stage/assets/build/frames/unit.SY.scout_drone/shadow/recover/d09_f02.png'
09:28.047  render           | Saved: '/Users/mohammedkalouti/Documents/Codex/2026-09-27/i/work/art/aircraft-final-production-v3/stage/assets/build/frames/unit.SY.scout_drone/beauty/recover/d09_f03.png'
09:28.526  render           | Saved: '/Users/mohammedkalouti/Documents/Codex/2026-09-27/i/work/art/aircraft-final-production-v3/stage/assets/build/frames/unit.SY.scout_drone/team/recover/d09_f03.png'
09:28.764  render           | Saved: '/var/folders/n4/43n_jxh10gg3s770b_8jbzb80000gn/T/fc-team-coverage-cvic1xk9.png'
09:29.615  render           | Saved: '/Users/mohammedkalouti/Documents/Codex/2026-09-27/i/work/art/aircraft-final-production-v3/stage/assets/build/frames/unit.SY.scout_drone/shadow/recover/d09_f03.png'
09:30.187  render           | Saved: '/Users/mohammedkalouti/Documents/Codex/2026-09-27/i/work/art/aircraft-final-production-v3/stage/assets/build/frames/unit.SY.scout_drone/beauty/recover/d10_f00.png'
09:30.670  render           | Saved: '/Users/mohammedkalouti/Documents/Codex/2026-09-27/i/work/art/aircraft-final-production-v3/stage/assets/build/frames/unit.SY.scout_drone/team/recover/d10_f00.png'
09:30.921  render           | Saved: '/var/folders/n4/43n_jxh10gg3s770b_8jbzb80000gn/T/fc-team-coverage-jsc91gi8.png'
09:31.790  render           | Saved: '/Users/mohammedkalouti/Documents/Codex/2026-09-27/i/work/art/aircraft-final-production-v3/stage/assets/build/frames/unit.SY.scout_drone/shadow/recover/d10_f00.png'
09:32.339  render           | Saved: '/Users/mohammedkalouti/Documents/Codex/2026-09-27/i/work/art/aircraft-final-production-v3/stage/assets/build/frames/unit.SY.scout_drone/beauty/recover/d10_f01.png'
09:32.824  render           | Saved: '/Users/mohammedkalouti/Documents/Codex/2026-09-27/i/work/art/aircraft-final-production-v3/stage/assets/build/frames/unit.SY.scout_drone/team/recover/d10_f01.png'
09:33.073  render           | Saved: '/var/folders/n4/43n_jxh10gg3s770b_8jbzb80000gn/T/fc-team-coverage-zas6ocrs.png'
09:33.915  render           | Saved: '/Users/mohammedkalouti/Documents/Codex/2026-09-27/i/work/art/aircraft-final-production-v3/stage/assets/build/frames/unit.SY.scout_drone/shadow/recover/d10_f01.png'
09:34.458  render           | Saved: '/Users/mohammedkalouti/Documents/Codex/2026-09-27/i/work/art/aircraft-final-production-v3/stage/assets/build/frames/unit.SY.scout_drone/beauty/recover/d10_f02.png'
09:35.007  render           | Saved: '/Users/mohammedkalouti/Documents/Codex/2026-09-27/i/work/art/aircraft-final-production-v3/stage/assets/build/frames/unit.SY.scout_drone/team/recover/d10_f02.png'
09:35.261  render           | Saved: '/var/folders/n4/43n_jxh10gg3s770b_8jbzb80000gn/T/fc-team-coverage-u0w5ox_3.png'
09:36.190  render           | Saved: '/Users/mohammedkalouti/Documents/Codex/2026-09-27/i/work/art/aircraft-final-production-v3/stage/assets/build/frames/unit.SY.scout_drone/shadow/recover/d10_f02.png'
09:36.725  render           | Saved: '/Users/mohammedkalouti/Documents/Codex/2026-09-27/i/work/art/aircraft-final-production-v3/stage/assets/build/frames/unit.SY.scout_drone/beauty/recover/d10_f03.png'
09:37.210  render           | Saved: '/Users/mohammedkalouti/Documents/Codex/2026-09-27/i/work/art/aircraft-final-production-v3/stage/assets/build/frames/unit.SY.scout_drone/team/recover/d10_f03.png'
09:37.457  render           | Saved: '/var/folders/n4/43n_jxh10gg3s770b_8jbzb80000gn/T/fc-team-coverage-6cfeuafa.png'
09:38.284  render           | Saved: '/Users/mohammedkalouti/Documents/Codex/2026-09-27/i/work/art/aircraft-final-production-v3/stage/assets/build/frames/unit.SY.scout_drone/shadow/recover/d10_f03.png'
09:38.846  render           | Saved: '/Users/mohammedkalouti/Documents/Codex/2026-09-27/i/work/art/aircraft-final-production-v3/stage/assets/build/frames/unit.SY.scout_drone/beauty/recover/d11_f00.png'
09:39.323  render           | Saved: '/Users/mohammedkalouti/Documents/Codex/2026-09-27/i/work/art/aircraft-final-production-v3/stage/assets/build/frames/unit.SY.scout_drone/team/recover/d11_f00.png'
09:39.562  render           | Saved: '/var/folders/n4/43n_jxh10gg3s770b_8jbzb80000gn/T/fc-team-coverage-ozzpvm6n.png'
09:40.412  render           | Saved: '/Users/mohammedkalouti/Documents/Codex/2026-09-27/i/work/art/aircraft-final-production-v3/stage/assets/build/frames/unit.SY.scout_drone/shadow/recover/d11_f00.png'
09:40.959  render           | Saved: '/Users/mohammedkalouti/Documents/Codex/2026-09-27/i/work/art/aircraft-final-production-v3/stage/assets/build/frames/unit.SY.scout_drone/beauty/recover/d11_f01.png'
09:41.443  render           | Saved: '/Users/mohammedkalouti/Documents/Codex/2026-09-27/i/work/art/aircraft-final-production-v3/stage/assets/build/frames/unit.SY.scout_drone/team/recover/d11_f01.png'
09:41.675  render           | Saved: '/var/folders/n4/43n_jxh10gg3s770b_8jbzb80000gn/T/fc-team-coverage-vmtjxmh0.png'
09:42.562  render           | Saved: '/Users/mohammedkalouti/Documents/Codex/2026-09-27/i/work/art/aircraft-final-production-v3/stage/assets/build/frames/unit.SY.scout_drone/shadow/recover/d11_f01.png'
09:43.103  render           | Saved: '/Users/mohammedkalouti/Documents/Codex/2026-09-27/i/work/art/aircraft-final-production-v3/stage/assets/build/frames/unit.SY.scout_drone/beauty/recover/d11_f02.png'
09:43.609  render           | Saved: '/Users/mohammedkalouti/Documents/Codex/2026-09-27/i/work/art/aircraft-final-production-v3/stage/assets/build/frames/unit.SY.scout_drone/team/recover/d11_f02.png'
09:43.856  render           | Saved: '/var/folders/n4/43n_jxh10gg3s770b_8jbzb80000gn/T/fc-team-coverage-7kb6866j.png'
09:44.692  render           | Saved: '/Users/mohammedkalouti/Documents/Codex/2026-09-27/i/work/art/aircraft-final-production-v3/stage/assets/build/frames/unit.SY.scout_drone/shadow/recover/d11_f02.png'
09:45.250  render           | Saved: '/Users/mohammedkalouti/Documents/Codex/2026-09-27/i/work/art/aircraft-final-production-v3/stage/assets/build/frames/unit.SY.scout_drone/beauty/recover/d11_f03.png'
09:45.721  render           | Saved: '/Users/mohammedkalouti/Documents/Codex/2026-09-27/i/work/art/aircraft-final-production-v3/stage/assets/build/frames/unit.SY.scout_drone/team/recover/d11_f03.png'
09:45.970  render           | Saved: '/var/folders/n4/43n_jxh10gg3s770b_8jbzb80000gn/T/fc-team-coverage-kd9sa8qz.png'
09:46.802  render           | Saved: '/Users/mohammedkalouti/Documents/Codex/2026-09-27/i/work/art/aircraft-final-production-v3/stage/assets/build/frames/unit.SY.scout_drone/shadow/recover/d11_f03.png'
09:47.355  render           | Saved: '/Users/mohammedkalouti/Documents/Codex/2026-09-27/i/work/art/aircraft-final-production-v3/stage/assets/build/frames/unit.SY.scout_drone/beauty/recover/d12_f00.png'
09:47.845  render           | Saved: '/Users/mohammedkalouti/Documents/Codex/2026-09-27/i/work/art/aircraft-final-production-v3/stage/assets/build/frames/unit.SY.scout_drone/team/recover/d12_f00.png'
09:48.106  render           | Saved: '/var/folders/n4/43n_jxh10gg3s770b_8jbzb80000gn/T/fc-team-coverage-173dz7rk.png'
09:48.986  render           | Saved: '/Users/mohammedkalouti/Documents/Codex/2026-09-27/i/work/art/aircraft-final-production-v3/stage/assets/build/frames/unit.SY.scout_drone/shadow/recover/d12_f00.png'
09:49.534  render           | Saved: '/Users/mohammedkalouti/Documents/Codex/2026-09-27/i/work/art/aircraft-final-production-v3/stage/assets/build/frames/unit.SY.scout_drone/beauty/recover/d12_f01.png'
09:50.008  render           | Saved: '/Users/mohammedkalouti/Documents/Codex/2026-09-27/i/work/art/aircraft-final-production-v3/stage/assets/build/frames/unit.SY.scout_drone/team/recover/d12_f01.png'
09:50.248  render           | Saved: '/var/folders/n4/43n_jxh10gg3s770b_8jbzb80000gn/T/fc-team-coverage-lags4u3t.png'
09:51.086  render           | Saved: '/Users/mohammedkalouti/Documents/Codex/2026-09-27/i/work/art/aircraft-final-production-v3/stage/assets/build/frames/unit.SY.scout_drone/shadow/recover/d12_f01.png'
09:51.633  render           | Saved: '/Users/mohammedkalouti/Documents/Codex/2026-09-27/i/work/art/aircraft-final-production-v3/stage/assets/build/frames/unit.SY.scout_drone/beauty/recover/d12_f02.png'
09:52.105  render           | Saved: '/Users/mohammedkalouti/Documents/Codex/2026-09-27/i/work/art/aircraft-final-production-v3/stage/assets/build/frames/unit.SY.scout_drone/team/recover/d12_f02.png'
09:52.349  render           | Saved: '/var/folders/n4/43n_jxh10gg3s770b_8jbzb80000gn/T/fc-team-coverage-2_im5uru.png'
09:53.199  render           | Saved: '/Users/mohammedkalouti/Documents/Codex/2026-09-27/i/work/art/aircraft-final-production-v3/stage/assets/build/frames/unit.SY.scout_drone/shadow/recover/d12_f02.png'
09:53.738  render           | Saved: '/Users/mohammedkalouti/Documents/Codex/2026-09-27/i/work/art/aircraft-final-production-v3/stage/assets/build/frames/unit.SY.scout_drone/beauty/recover/d12_f03.png'
09:54.239  render           | Saved: '/Users/mohammedkalouti/Documents/Codex/2026-09-27/i/work/art/aircraft-final-production-v3/stage/assets/build/frames/unit.SY.scout_drone/team/recover/d12_f03.png'
09:54.491  render           | Saved: '/var/folders/n4/43n_jxh10gg3s770b_8jbzb80000gn/T/fc-team-coverage-4kal28vw.png'
09:55.358  render           | Saved: '/Users/mohammedkalouti/Documents/Codex/2026-09-27/i/work/art/aircraft-final-production-v3/stage/assets/build/frames/unit.SY.scout_drone/shadow/recover/d12_f03.png'
09:55.905  render           | Saved: '/Users/mohammedkalouti/Documents/Codex/2026-09-27/i/work/art/aircraft-final-production-v3/stage/assets/build/frames/unit.SY.scout_drone/beauty/recover/d13_f00.png'
09:56.395  render           | Saved: '/Users/mohammedkalouti/Documents/Codex/2026-09-27/i/work/art/aircraft-final-production-v3/stage/assets/build/frames/unit.SY.scout_drone/team/recover/d13_f00.png'
09:56.635  render           | Saved: '/var/folders/n4/43n_jxh10gg3s770b_8jbzb80000gn/T/fc-team-coverage-_owhxqhe.png'
09:57.468  render           | Saved: '/Users/mohammedkalouti/Documents/Codex/2026-09-27/i/work/art/aircraft-final-production-v3/stage/assets/build/frames/unit.SY.scout_drone/shadow/recover/d13_f00.png'
09:58.021  render           | Saved: '/Users/mohammedkalouti/Documents/Codex/2026-09-27/i/work/art/aircraft-final-production-v3/stage/assets/build/frames/unit.SY.scout_drone/beauty/recover/d13_f01.png'
09:58.513  render           | Saved: '/Users/mohammedkalouti/Documents/Codex/2026-09-27/i/work/art/aircraft-final-production-v3/stage/assets/build/frames/unit.SY.scout_drone/team/recover/d13_f01.png'
09:58.754  render           | Saved: '/var/folders/n4/43n_jxh10gg3s770b_8jbzb80000gn/T/fc-team-coverage-gdyuq0ew.png'
09:59.628  render           | Saved: '/Users/mohammedkalouti/Documents/Codex/2026-09-27/i/work/art/aircraft-final-production-v3/stage/assets/build/frames/unit.SY.scout_drone/shadow/recover/d13_f01.png'
10:00.296  render           | Saved: '/Users/mohammedkalouti/Documents/Codex/2026-09-27/i/work/art/aircraft-final-production-v3/stage/assets/build/frames/unit.SY.scout_drone/beauty/recover/d13_f02.png'
10:00.772  render           | Saved: '/Users/mohammedkalouti/Documents/Codex/2026-09-27/i/work/art/aircraft-final-production-v3/stage/assets/build/frames/unit.SY.scout_drone/team/recover/d13_f02.png'
10:01.021  render           | Saved: '/var/folders/n4/43n_jxh10gg3s770b_8jbzb80000gn/T/fc-team-coverage-frvdjosb.png'
10:01.887  render           | Saved: '/Users/mohammedkalouti/Documents/Codex/2026-09-27/i/work/art/aircraft-final-production-v3/stage/assets/build/frames/unit.SY.scout_drone/shadow/recover/d13_f02.png'
10:02.442  render           | Saved: '/Users/mohammedkalouti/Documents/Codex/2026-09-27/i/work/art/aircraft-final-production-v3/stage/assets/build/frames/unit.SY.scout_drone/beauty/recover/d13_f03.png'
10:02.940  render           | Saved: '/Users/mohammedkalouti/Documents/Codex/2026-09-27/i/work/art/aircraft-final-production-v3/stage/assets/build/frames/unit.SY.scout_drone/team/recover/d13_f03.png'
10:03.186  render           | Saved: '/var/folders/n4/43n_jxh10gg3s770b_8jbzb80000gn/T/fc-team-coverage-b4_dbbma.png'
10:04.043  render           | Saved: '/Users/mohammedkalouti/Documents/Codex/2026-09-27/i/work/art/aircraft-final-production-v3/stage/assets/build/frames/unit.SY.scout_drone/shadow/recover/d13_f03.png'
10:04.594  render           | Saved: '/Users/mohammedkalouti/Documents/Codex/2026-09-27/i/work/art/aircraft-final-production-v3/stage/assets/build/frames/unit.SY.scout_drone/beauty/recover/d14_f00.png'
10:05.099  render           | Saved: '/Users/mohammedkalouti/Documents/Codex/2026-09-27/i/work/art/aircraft-final-production-v3/stage/assets/build/frames/unit.SY.scout_drone/team/recover/d14_f00.png'
10:05.357  render           | Saved: '/var/folders/n4/43n_jxh10gg3s770b_8jbzb80000gn/T/fc-team-coverage-iqjjseju.png'
10:06.233  render           | Saved: '/Users/mohammedkalouti/Documents/Codex/2026-09-27/i/work/art/aircraft-final-production-v3/stage/assets/build/frames/unit.SY.scout_drone/shadow/recover/d14_f00.png'
10:06.817  render           | Saved: '/Users/mohammedkalouti/Documents/Codex/2026-09-27/i/work/art/aircraft-final-production-v3/stage/assets/build/frames/unit.SY.scout_drone/beauty/recover/d14_f01.png'
10:07.314  render           | Saved: '/Users/mohammedkalouti/Documents/Codex/2026-09-27/i/work/art/aircraft-final-production-v3/stage/assets/build/frames/unit.SY.scout_drone/team/recover/d14_f01.png'
10:07.552  render           | Saved: '/var/folders/n4/43n_jxh10gg3s770b_8jbzb80000gn/T/fc-team-coverage-s9cjq0ey.png'
10:08.443  render           | Saved: '/Users/mohammedkalouti/Documents/Codex/2026-09-27/i/work/art/aircraft-final-production-v3/stage/assets/build/frames/unit.SY.scout_drone/shadow/recover/d14_f01.png'
10:09.015  render           | Saved: '/Users/mohammedkalouti/Documents/Codex/2026-09-27/i/work/art/aircraft-final-production-v3/stage/assets/build/frames/unit.SY.scout_drone/beauty/recover/d14_f02.png'
10:09.527  render           | Saved: '/Users/mohammedkalouti/Documents/Codex/2026-09-27/i/work/art/aircraft-final-production-v3/stage/assets/build/frames/unit.SY.scout_drone/team/recover/d14_f02.png'
10:09.790  render           | Saved: '/var/folders/n4/43n_jxh10gg3s770b_8jbzb80000gn/T/fc-team-coverage-izulotcr.png'
10:10.686  render           | Saved: '/Users/mohammedkalouti/Documents/Codex/2026-09-27/i/work/art/aircraft-final-production-v3/stage/assets/build/frames/unit.SY.scout_drone/shadow/recover/d14_f02.png'
10:11.230  render           | Saved: '/Users/mohammedkalouti/Documents/Codex/2026-09-27/i/work/art/aircraft-final-production-v3/stage/assets/build/frames/unit.SY.scout_drone/beauty/recover/d14_f03.png'
10:11.740  render           | Saved: '/Users/mohammedkalouti/Documents/Codex/2026-09-27/i/work/art/aircraft-final-production-v3/stage/assets/build/frames/unit.SY.scout_drone/team/recover/d14_f03.png'
10:11.992  render           | Saved: '/var/folders/n4/43n_jxh10gg3s770b_8jbzb80000gn/T/fc-team-coverage-u17ft73h.png'
10:12.889  render           | Saved: '/Users/mohammedkalouti/Documents/Codex/2026-09-27/i/work/art/aircraft-final-production-v3/stage/assets/build/frames/unit.SY.scout_drone/shadow/recover/d14_f03.png'
10:13.437  render           | Saved: '/Users/mohammedkalouti/Documents/Codex/2026-09-27/i/work/art/aircraft-final-production-v3/stage/assets/build/frames/unit.SY.scout_drone/beauty/recover/d15_f00.png'
10:13.942  render           | Saved: '/Users/mohammedkalouti/Documents/Codex/2026-09-27/i/work/art/aircraft-final-production-v3/stage/assets/build/frames/unit.SY.scout_drone/team/recover/d15_f00.png'
10:14.206  render           | Saved: '/var/folders/n4/43n_jxh10gg3s770b_8jbzb80000gn/T/fc-team-coverage-flnfa8vl.png'
10:15.161  render           | Saved: '/Users/mohammedkalouti/Documents/Codex/2026-09-27/i/work/art/aircraft-final-production-v3/stage/assets/build/frames/unit.SY.scout_drone/shadow/recover/d15_f00.png'
10:15.717  render           | Saved: '/Users/mohammedkalouti/Documents/Codex/2026-09-27/i/work/art/aircraft-final-production-v3/stage/assets/build/frames/unit.SY.scout_drone/beauty/recover/d15_f01.png'
10:16.216  render           | Saved: '/Users/mohammedkalouti/Documents/Codex/2026-09-27/i/work/art/aircraft-final-production-v3/stage/assets/build/frames/unit.SY.scout_drone/team/recover/d15_f01.png'
10:16.455  render           | Saved: '/var/folders/n4/43n_jxh10gg3s770b_8jbzb80000gn/T/fc-team-coverage-8msv6uum.png'
10:17.290  render           | Saved: '/Users/mohammedkalouti/Documents/Codex/2026-09-27/i/work/art/aircraft-final-production-v3/stage/assets/build/frames/unit.SY.scout_drone/shadow/recover/d15_f01.png'
10:17.843  render           | Saved: '/Users/mohammedkalouti/Documents/Codex/2026-09-27/i/work/art/aircraft-final-production-v3/stage/assets/build/frames/unit.SY.scout_drone/beauty/recover/d15_f02.png'
10:18.326  render           | Saved: '/Users/mohammedkalouti/Documents/Codex/2026-09-27/i/work/art/aircraft-final-production-v3/stage/assets/build/frames/unit.SY.scout_drone/team/recover/d15_f02.png'
10:18.588  render           | Saved: '/var/folders/n4/43n_jxh10gg3s770b_8jbzb80000gn/T/fc-team-coverage-g08o1oe5.png'
10:19.435  render           | Saved: '/Users/mohammedkalouti/Documents/Codex/2026-09-27/i/work/art/aircraft-final-production-v3/stage/assets/build/frames/unit.SY.scout_drone/shadow/recover/d15_f02.png'
10:20.017  render           | Saved: '/Users/mohammedkalouti/Documents/Codex/2026-09-27/i/work/art/aircraft-final-production-v3/stage/assets/build/frames/unit.SY.scout_drone/beauty/recover/d15_f03.png'
10:20.600  render           | Saved: '/Users/mohammedkalouti/Documents/Codex/2026-09-27/i/work/art/aircraft-final-production-v3/stage/assets/build/frames/unit.SY.scout_drone/team/recover/d15_f03.png'
10:20.876  render           | Saved: '/var/folders/n4/43n_jxh10gg3s770b_8jbzb80000gn/T/fc-team-coverage-w_2vkzqx.png'
10:21.752  render           | Saved: '/Users/mohammedkalouti/Documents/Codex/2026-09-27/i/work/art/aircraft-final-production-v3/stage/assets/build/frames/unit.SY.scout_drone/shadow/recover/d15_f03.png'
10:22.329  render           | Saved: '/Users/mohammedkalouti/Documents/Codex/2026-09-27/i/work/art/aircraft-final-production-v3/stage/assets/build/frames/unit.SY.scout_drone/beauty/damaged/d00_f00.png'
10:22.808  render           | Saved: '/Users/mohammedkalouti/Documents/Codex/2026-09-27/i/work/art/aircraft-final-production-v3/stage/assets/build/frames/unit.SY.scout_drone/team/damaged/d00_f00.png'
10:23.056  render           | Saved: '/var/folders/n4/43n_jxh10gg3s770b_8jbzb80000gn/T/fc-team-coverage-1ni_b9j_.png'
10:24.040  render           | Saved: '/Users/mohammedkalouti/Documents/Codex/2026-09-27/i/work/art/aircraft-final-production-v3/stage/assets/build/frames/unit.SY.scout_drone/shadow/damaged/d00_f00.png'
10:24.635  render           | Saved: '/Users/mohammedkalouti/Documents/Codex/2026-09-27/i/work/art/aircraft-final-production-v3/stage/assets/build/frames/unit.SY.scout_drone/beauty/damaged/d01_f00.png'
10:25.147  render           | Saved: '/Users/mohammedkalouti/Documents/Codex/2026-09-27/i/work/art/aircraft-final-production-v3/stage/assets/build/frames/unit.SY.scout_drone/team/damaged/d01_f00.png'
10:25.404  render           | Saved: '/var/folders/n4/43n_jxh10gg3s770b_8jbzb80000gn/T/fc-team-coverage-ytgc5lkw.png'
10:26.325  render           | Saved: '/Users/mohammedkalouti/Documents/Codex/2026-09-27/i/work/art/aircraft-final-production-v3/stage/assets/build/frames/unit.SY.scout_drone/shadow/damaged/d01_f00.png'
10:26.940  render           | Saved: '/Users/mohammedkalouti/Documents/Codex/2026-09-27/i/work/art/aircraft-final-production-v3/stage/assets/build/frames/unit.SY.scout_drone/beauty/damaged/d02_f00.png'
10:27.470  render           | Saved: '/Users/mohammedkalouti/Documents/Codex/2026-09-27/i/work/art/aircraft-final-production-v3/stage/assets/build/frames/unit.SY.scout_drone/team/damaged/d02_f00.png'
10:27.726  render           | Saved: '/var/folders/n4/43n_jxh10gg3s770b_8jbzb80000gn/T/fc-team-coverage-y6uc9ho6.png'
10:28.651  render           | Saved: '/Users/mohammedkalouti/Documents/Codex/2026-09-27/i/work/art/aircraft-final-production-v3/stage/assets/build/frames/unit.SY.scout_drone/shadow/damaged/d02_f00.png'
10:29.208  render           | Saved: '/Users/mohammedkalouti/Documents/Codex/2026-09-27/i/work/art/aircraft-final-production-v3/stage/assets/build/frames/unit.SY.scout_drone/beauty/damaged/d03_f00.png'
10:29.691  render           | Saved: '/Users/mohammedkalouti/Documents/Codex/2026-09-27/i/work/art/aircraft-final-production-v3/stage/assets/build/frames/unit.SY.scout_drone/team/damaged/d03_f00.png'
10:29.938  render           | Saved: '/var/folders/n4/43n_jxh10gg3s770b_8jbzb80000gn/T/fc-team-coverage-zfbax74l.png'
10:30.823  render           | Saved: '/Users/mohammedkalouti/Documents/Codex/2026-09-27/i/work/art/aircraft-final-production-v3/stage/assets/build/frames/unit.SY.scout_drone/shadow/damaged/d03_f00.png'
10:31.377  render           | Saved: '/Users/mohammedkalouti/Documents/Codex/2026-09-27/i/work/art/aircraft-final-production-v3/stage/assets/build/frames/unit.SY.scout_drone/beauty/damaged/d04_f00.png'
10:31.855  render           | Saved: '/Users/mohammedkalouti/Documents/Codex/2026-09-27/i/work/art/aircraft-final-production-v3/stage/assets/build/frames/unit.SY.scout_drone/team/damaged/d04_f00.png'
10:32.107  render           | Saved: '/var/folders/n4/43n_jxh10gg3s770b_8jbzb80000gn/T/fc-team-coverage-m4u31d7r.png'
10:33.015  render           | Saved: '/Users/mohammedkalouti/Documents/Codex/2026-09-27/i/work/art/aircraft-final-production-v3/stage/assets/build/frames/unit.SY.scout_drone/shadow/damaged/d04_f00.png'
10:33.576  render           | Saved: '/Users/mohammedkalouti/Documents/Codex/2026-09-27/i/work/art/aircraft-final-production-v3/stage/assets/build/frames/unit.SY.scout_drone/beauty/damaged/d05_f00.png'
10:34.063  render           | Saved: '/Users/mohammedkalouti/Documents/Codex/2026-09-27/i/work/art/aircraft-final-production-v3/stage/assets/build/frames/unit.SY.scout_drone/team/damaged/d05_f00.png'
10:34.304  render           | Saved: '/var/folders/n4/43n_jxh10gg3s770b_8jbzb80000gn/T/fc-team-coverage-kkgvs8n1.png'
10:35.162  render           | Saved: '/Users/mohammedkalouti/Documents/Codex/2026-09-27/i/work/art/aircraft-final-production-v3/stage/assets/build/frames/unit.SY.scout_drone/shadow/damaged/d05_f00.png'
10:35.712  render           | Saved: '/Users/mohammedkalouti/Documents/Codex/2026-09-27/i/work/art/aircraft-final-production-v3/stage/assets/build/frames/unit.SY.scout_drone/beauty/damaged/d06_f00.png'
10:36.240  render           | Saved: '/Users/mohammedkalouti/Documents/Codex/2026-09-27/i/work/art/aircraft-final-production-v3/stage/assets/build/frames/unit.SY.scout_drone/team/damaged/d06_f00.png'
10:36.489  render           | Saved: '/var/folders/n4/43n_jxh10gg3s770b_8jbzb80000gn/T/fc-team-coverage-t7_616f2.png'
10:37.382  render           | Saved: '/Users/mohammedkalouti/Documents/Codex/2026-09-27/i/work/art/aircraft-final-production-v3/stage/assets/build/frames/unit.SY.scout_drone/shadow/damaged/d06_f00.png'
10:37.934  render           | Saved: '/Users/mohammedkalouti/Documents/Codex/2026-09-27/i/work/art/aircraft-final-production-v3/stage/assets/build/frames/unit.SY.scout_drone/beauty/damaged/d07_f00.png'
10:38.407  render           | Saved: '/Users/mohammedkalouti/Documents/Codex/2026-09-27/i/work/art/aircraft-final-production-v3/stage/assets/build/frames/unit.SY.scout_drone/team/damaged/d07_f00.png'
10:38.644  render           | Saved: '/var/folders/n4/43n_jxh10gg3s770b_8jbzb80000gn/T/fc-team-coverage-h38bjngz.png'
10:39.499  render           | Saved: '/Users/mohammedkalouti/Documents/Codex/2026-09-27/i/work/art/aircraft-final-production-v3/stage/assets/build/frames/unit.SY.scout_drone/shadow/damaged/d07_f00.png'
10:40.052  render           | Saved: '/Users/mohammedkalouti/Documents/Codex/2026-09-27/i/work/art/aircraft-final-production-v3/stage/assets/build/frames/unit.SY.scout_drone/beauty/damaged/d08_f00.png'
10:40.522  render           | Saved: '/Users/mohammedkalouti/Documents/Codex/2026-09-27/i/work/art/aircraft-final-production-v3/stage/assets/build/frames/unit.SY.scout_drone/team/damaged/d08_f00.png'
10:40.760  render           | Saved: '/var/folders/n4/43n_jxh10gg3s770b_8jbzb80000gn/T/fc-team-coverage-lm0qmb1l.png'
10:41.623  render           | Saved: '/Users/mohammedkalouti/Documents/Codex/2026-09-27/i/work/art/aircraft-final-production-v3/stage/assets/build/frames/unit.SY.scout_drone/shadow/damaged/d08_f00.png'
10:42.181  render           | Saved: '/Users/mohammedkalouti/Documents/Codex/2026-09-27/i/work/art/aircraft-final-production-v3/stage/assets/build/frames/unit.SY.scout_drone/beauty/damaged/d09_f00.png'
10:42.667  render           | Saved: '/Users/mohammedkalouti/Documents/Codex/2026-09-27/i/work/art/aircraft-final-production-v3/stage/assets/build/frames/unit.SY.scout_drone/team/damaged/d09_f00.png'
10:42.913  render           | Saved: '/var/folders/n4/43n_jxh10gg3s770b_8jbzb80000gn/T/fc-team-coverage-9ljts9pe.png'
10:43.881  render           | Saved: '/Users/mohammedkalouti/Documents/Codex/2026-09-27/i/work/art/aircraft-final-production-v3/stage/assets/build/frames/unit.SY.scout_drone/shadow/damaged/d09_f00.png'
10:44.481  render           | Saved: '/Users/mohammedkalouti/Documents/Codex/2026-09-27/i/work/art/aircraft-final-production-v3/stage/assets/build/frames/unit.SY.scout_drone/beauty/damaged/d10_f00.png'
10:44.965  render           | Saved: '/Users/mohammedkalouti/Documents/Codex/2026-09-27/i/work/art/aircraft-final-production-v3/stage/assets/build/frames/unit.SY.scout_drone/team/damaged/d10_f00.png'
10:45.210  render           | Saved: '/var/folders/n4/43n_jxh10gg3s770b_8jbzb80000gn/T/fc-team-coverage-fn2b0x9k.png'
10:46.061  render           | Saved: '/Users/mohammedkalouti/Documents/Codex/2026-09-27/i/work/art/aircraft-final-production-v3/stage/assets/build/frames/unit.SY.scout_drone/shadow/damaged/d10_f00.png'
10:46.603  render           | Saved: '/Users/mohammedkalouti/Documents/Codex/2026-09-27/i/work/art/aircraft-final-production-v3/stage/assets/build/frames/unit.SY.scout_drone/beauty/damaged/d11_f00.png'
10:47.106  render           | Saved: '/Users/mohammedkalouti/Documents/Codex/2026-09-27/i/work/art/aircraft-final-production-v3/stage/assets/build/frames/unit.SY.scout_drone/team/damaged/d11_f00.png'
10:47.411  render           | Saved: '/var/folders/n4/43n_jxh10gg3s770b_8jbzb80000gn/T/fc-team-coverage-3vywzz3c.png'
10:48.282  render           | Saved: '/Users/mohammedkalouti/Documents/Codex/2026-09-27/i/work/art/aircraft-final-production-v3/stage/assets/build/frames/unit.SY.scout_drone/shadow/damaged/d11_f00.png'
10:48.853  render           | Saved: '/Users/mohammedkalouti/Documents/Codex/2026-09-27/i/work/art/aircraft-final-production-v3/stage/assets/build/frames/unit.SY.scout_drone/beauty/damaged/d12_f00.png'
10:49.347  render           | Saved: '/Users/mohammedkalouti/Documents/Codex/2026-09-27/i/work/art/aircraft-final-production-v3/stage/assets/build/frames/unit.SY.scout_drone/team/damaged/d12_f00.png'
10:49.608  render           | Saved: '/var/folders/n4/43n_jxh10gg3s770b_8jbzb80000gn/T/fc-team-coverage-rfma6iy7.png'
10:50.522  render           | Saved: '/Users/mohammedkalouti/Documents/Codex/2026-09-27/i/work/art/aircraft-final-production-v3/stage/assets/build/frames/unit.SY.scout_drone/shadow/damaged/d12_f00.png'
10:51.069  render           | Saved: '/Users/mohammedkalouti/Documents/Codex/2026-09-27/i/work/art/aircraft-final-production-v3/stage/assets/build/frames/unit.SY.scout_drone/beauty/damaged/d13_f00.png'
10:51.539  render           | Saved: '/Users/mohammedkalouti/Documents/Codex/2026-09-27/i/work/art/aircraft-final-production-v3/stage/assets/build/frames/unit.SY.scout_drone/team/damaged/d13_f00.png'
10:51.788  render           | Saved: '/var/folders/n4/43n_jxh10gg3s770b_8jbzb80000gn/T/fc-team-coverage-dofnbmca.png'
10:52.623  render           | Saved: '/Users/mohammedkalouti/Documents/Codex/2026-09-27/i/work/art/aircraft-final-production-v3/stage/assets/build/frames/unit.SY.scout_drone/shadow/damaged/d13_f00.png'
10:53.174  render           | Saved: '/Users/mohammedkalouti/Documents/Codex/2026-09-27/i/work/art/aircraft-final-production-v3/stage/assets/build/frames/unit.SY.scout_drone/beauty/damaged/d14_f00.png'
10:53.648  render           | Saved: '/Users/mohammedkalouti/Documents/Codex/2026-09-27/i/work/art/aircraft-final-production-v3/stage/assets/build/frames/unit.SY.scout_drone/team/damaged/d14_f00.png'
10:53.887  render           | Saved: '/var/folders/n4/43n_jxh10gg3s770b_8jbzb80000gn/T/fc-team-coverage-hldh5r0q.png'
10:54.725  render           | Saved: '/Users/mohammedkalouti/Documents/Codex/2026-09-27/i/work/art/aircraft-final-production-v3/stage/assets/build/frames/unit.SY.scout_drone/shadow/damaged/d14_f00.png'
10:55.270  render           | Saved: '/Users/mohammedkalouti/Documents/Codex/2026-09-27/i/work/art/aircraft-final-production-v3/stage/assets/build/frames/unit.SY.scout_drone/beauty/damaged/d15_f00.png'
10:55.767  render           | Saved: '/Users/mohammedkalouti/Documents/Codex/2026-09-27/i/work/art/aircraft-final-production-v3/stage/assets/build/frames/unit.SY.scout_drone/team/damaged/d15_f00.png'
10:56.022  render           | Saved: '/var/folders/n4/43n_jxh10gg3s770b_8jbzb80000gn/T/fc-team-coverage-pp1e0zmq.png'
10:56.876  render           | Saved: '/Users/mohammedkalouti/Documents/Codex/2026-09-27/i/work/art/aircraft-final-production-v3/stage/assets/build/frames/unit.SY.scout_drone/shadow/damaged/d15_f00.png'
10:57.411  render           | Saved: '/Users/mohammedkalouti/Documents/Codex/2026-09-27/i/work/art/aircraft-final-production-v3/stage/assets/build/frames/unit.SY.scout_drone/beauty/crash/d00_f00.png'
10:58.223  render           | Saved: '/Users/mohammedkalouti/Documents/Codex/2026-09-27/i/work/art/aircraft-final-production-v3/stage/assets/build/frames/unit.SY.scout_drone/shadow/crash/d00_f00.png'
10:58.735  render           | Saved: '/Users/mohammedkalouti/Documents/Codex/2026-09-27/i/work/art/aircraft-final-production-v3/stage/assets/build/frames/unit.SY.scout_drone/beauty/crash/d00_f01.png'
10:59.525  render           | Saved: '/Users/mohammedkalouti/Documents/Codex/2026-09-27/i/work/art/aircraft-final-production-v3/stage/assets/build/frames/unit.SY.scout_drone/shadow/crash/d00_f01.png'
11:00.048  render           | Saved: '/Users/mohammedkalouti/Documents/Codex/2026-09-27/i/work/art/aircraft-final-production-v3/stage/assets/build/frames/unit.SY.scout_drone/beauty/crash/d00_f02.png'
11:00.826  render           | Saved: '/Users/mohammedkalouti/Documents/Codex/2026-09-27/i/work/art/aircraft-final-production-v3/stage/assets/build/frames/unit.SY.scout_drone/shadow/crash/d00_f02.png'
11:01.334  render           | Saved: '/Users/mohammedkalouti/Documents/Codex/2026-09-27/i/work/art/aircraft-final-production-v3/stage/assets/build/frames/unit.SY.scout_drone/beauty/crash/d00_f03.png'
11:02.128  render           | Saved: '/Users/mohammedkalouti/Documents/Codex/2026-09-27/i/work/art/aircraft-final-production-v3/stage/assets/build/frames/unit.SY.scout_drone/shadow/crash/d00_f03.png'
11:02.669  render           | Saved: '/Users/mohammedkalouti/Documents/Codex/2026-09-27/i/work/art/aircraft-final-production-v3/stage/assets/build/frames/unit.SY.scout_drone/beauty/crash/d01_f00.png'
11:03.472  render           | Saved: '/Users/mohammedkalouti/Documents/Codex/2026-09-27/i/work/art/aircraft-final-production-v3/stage/assets/build/frames/unit.SY.scout_drone/shadow/crash/d01_f00.png'
11:03.994  render           | Saved: '/Users/mohammedkalouti/Documents/Codex/2026-09-27/i/work/art/aircraft-final-production-v3/stage/assets/build/frames/unit.SY.scout_drone/beauty/crash/d01_f01.png'
11:04.783  render           | Saved: '/Users/mohammedkalouti/Documents/Codex/2026-09-27/i/work/art/aircraft-final-production-v3/stage/assets/build/frames/unit.SY.scout_drone/shadow/crash/d01_f01.png'
11:05.301  render           | Saved: '/Users/mohammedkalouti/Documents/Codex/2026-09-27/i/work/art/aircraft-final-production-v3/stage/assets/build/frames/unit.SY.scout_drone/beauty/crash/d01_f02.png'
11:06.083  render           | Saved: '/Users/mohammedkalouti/Documents/Codex/2026-09-27/i/work/art/aircraft-final-production-v3/stage/assets/build/frames/unit.SY.scout_drone/shadow/crash/d01_f02.png'
11:06.617  render           | Saved: '/Users/mohammedkalouti/Documents/Codex/2026-09-27/i/work/art/aircraft-final-production-v3/stage/assets/build/frames/unit.SY.scout_drone/beauty/crash/d01_f03.png'
11:07.405  render           | Saved: '/Users/mohammedkalouti/Documents/Codex/2026-09-27/i/work/art/aircraft-final-production-v3/stage/assets/build/frames/unit.SY.scout_drone/shadow/crash/d01_f03.png'
11:07.967  render           | Saved: '/Users/mohammedkalouti/Documents/Codex/2026-09-27/i/work/art/aircraft-final-production-v3/stage/assets/build/frames/unit.SY.scout_drone/beauty/crash/d02_f00.png'
11:08.840  render           | Saved: '/Users/mohammedkalouti/Documents/Codex/2026-09-27/i/work/art/aircraft-final-production-v3/stage/assets/build/frames/unit.SY.scout_drone/shadow/crash/d02_f00.png'
11:09.362  render           | Saved: '/Users/mohammedkalouti/Documents/Codex/2026-09-27/i/work/art/aircraft-final-production-v3/stage/assets/build/frames/unit.SY.scout_drone/beauty/crash/d02_f01.png'
11:10.158  render           | Saved: '/Users/mohammedkalouti/Documents/Codex/2026-09-27/i/work/art/aircraft-final-production-v3/stage/assets/build/frames/unit.SY.scout_drone/shadow/crash/d02_f01.png'
11:10.690  render           | Saved: '/Users/mohammedkalouti/Documents/Codex/2026-09-27/i/work/art/aircraft-final-production-v3/stage/assets/build/frames/unit.SY.scout_drone/beauty/crash/d02_f02.png'
11:11.469  render           | Saved: '/Users/mohammedkalouti/Documents/Codex/2026-09-27/i/work/art/aircraft-final-production-v3/stage/assets/build/frames/unit.SY.scout_drone/shadow/crash/d02_f02.png'
11:11.993  render           | Saved: '/Users/mohammedkalouti/Documents/Codex/2026-09-27/i/work/art/aircraft-final-production-v3/stage/assets/build/frames/unit.SY.scout_drone/beauty/crash/d02_f03.png'
11:12.785  render           | Saved: '/Users/mohammedkalouti/Documents/Codex/2026-09-27/i/work/art/aircraft-final-production-v3/stage/assets/build/frames/unit.SY.scout_drone/shadow/crash/d02_f03.png'
11:13.315  render           | Saved: '/Users/mohammedkalouti/Documents/Codex/2026-09-27/i/work/art/aircraft-final-production-v3/stage/assets/build/frames/unit.SY.scout_drone/beauty/crash/d03_f00.png'
11:14.087  render           | Saved: '/Users/mohammedkalouti/Documents/Codex/2026-09-27/i/work/art/aircraft-final-production-v3/stage/assets/build/frames/unit.SY.scout_drone/shadow/crash/d03_f00.png'
11:14.606  render           | Saved: '/Users/mohammedkalouti/Documents/Codex/2026-09-27/i/work/art/aircraft-final-production-v3/stage/assets/build/frames/unit.SY.scout_drone/beauty/crash/d03_f01.png'
11:15.402  render           | Saved: '/Users/mohammedkalouti/Documents/Codex/2026-09-27/i/work/art/aircraft-final-production-v3/stage/assets/build/frames/unit.SY.scout_drone/shadow/crash/d03_f01.png'
11:15.921  render           | Saved: '/Users/mohammedkalouti/Documents/Codex/2026-09-27/i/work/art/aircraft-final-production-v3/stage/assets/build/frames/unit.SY.scout_drone/beauty/crash/d03_f02.png'
11:16.713  render           | Saved: '/Users/mohammedkalouti/Documents/Codex/2026-09-27/i/work/art/aircraft-final-production-v3/stage/assets/build/frames/unit.SY.scout_drone/shadow/crash/d03_f02.png'
11:17.232  render           | Saved: '/Users/mohammedkalouti/Documents/Codex/2026-09-27/i/work/art/aircraft-final-production-v3/stage/assets/build/frames/unit.SY.scout_drone/beauty/crash/d03_f03.png'
11:18.004  render           | Saved: '/Users/mohammedkalouti/Documents/Codex/2026-09-27/i/work/art/aircraft-final-production-v3/stage/assets/build/frames/unit.SY.scout_drone/shadow/crash/d03_f03.png'
11:18.514  render           | Saved: '/Users/mohammedkalouti/Documents/Codex/2026-09-27/i/work/art/aircraft-final-production-v3/stage/assets/build/frames/unit.SY.scout_drone/beauty/crash/d04_f00.png'
11:19.303  render           | Saved: '/Users/mohammedkalouti/Documents/Codex/2026-09-27/i/work/art/aircraft-final-production-v3/stage/assets/build/frames/unit.SY.scout_drone/shadow/crash/d04_f00.png'
11:19.817  render           | Saved: '/Users/mohammedkalouti/Documents/Codex/2026-09-27/i/work/art/aircraft-final-production-v3/stage/assets/build/frames/unit.SY.scout_drone/beauty/crash/d04_f01.png'
11:20.597  render           | Saved: '/Users/mohammedkalouti/Documents/Codex/2026-09-27/i/work/art/aircraft-final-production-v3/stage/assets/build/frames/unit.SY.scout_drone/shadow/crash/d04_f01.png'
11:21.108  render           | Saved: '/Users/mohammedkalouti/Documents/Codex/2026-09-27/i/work/art/aircraft-final-production-v3/stage/assets/build/frames/unit.SY.scout_drone/beauty/crash/d04_f02.png'
11:21.883  render           | Saved: '/Users/mohammedkalouti/Documents/Codex/2026-09-27/i/work/art/aircraft-final-production-v3/stage/assets/build/frames/unit.SY.scout_drone/shadow/crash/d04_f02.png'
11:22.402  render           | Saved: '/Users/mohammedkalouti/Documents/Codex/2026-09-27/i/work/art/aircraft-final-production-v3/stage/assets/build/frames/unit.SY.scout_drone/beauty/crash/d04_f03.png'
11:23.206  render           | Saved: '/Users/mohammedkalouti/Documents/Codex/2026-09-27/i/work/art/aircraft-final-production-v3/stage/assets/build/frames/unit.SY.scout_drone/shadow/crash/d04_f03.png'
11:23.733  render           | Saved: '/Users/mohammedkalouti/Documents/Codex/2026-09-27/i/work/art/aircraft-final-production-v3/stage/assets/build/frames/unit.SY.scout_drone/beauty/crash/d05_f00.png'
11:24.515  render           | Saved: '/Users/mohammedkalouti/Documents/Codex/2026-09-27/i/work/art/aircraft-final-production-v3/stage/assets/build/frames/unit.SY.scout_drone/shadow/crash/d05_f00.png'
11:25.020  render           | Saved: '/Users/mohammedkalouti/Documents/Codex/2026-09-27/i/work/art/aircraft-final-production-v3/stage/assets/build/frames/unit.SY.scout_drone/beauty/crash/d05_f01.png'
11:25.863  render           | Saved: '/Users/mohammedkalouti/Documents/Codex/2026-09-27/i/work/art/aircraft-final-production-v3/stage/assets/build/frames/unit.SY.scout_drone/shadow/crash/d05_f01.png'
11:26.448  render           | Saved: '/Users/mohammedkalouti/Documents/Codex/2026-09-27/i/work/art/aircraft-final-production-v3/stage/assets/build/frames/unit.SY.scout_drone/beauty/crash/d05_f02.png'
11:27.526  render           | Saved: '/Users/mohammedkalouti/Documents/Codex/2026-09-27/i/work/art/aircraft-final-production-v3/stage/assets/build/frames/unit.SY.scout_drone/shadow/crash/d05_f02.png'
11:28.068  render           | Saved: '/Users/mohammedkalouti/Documents/Codex/2026-09-27/i/work/art/aircraft-final-production-v3/stage/assets/build/frames/unit.SY.scout_drone/beauty/crash/d05_f03.png'
11:28.893  render           | Saved: '/Users/mohammedkalouti/Documents/Codex/2026-09-27/i/work/art/aircraft-final-production-v3/stage/assets/build/frames/unit.SY.scout_drone/shadow/crash/d05_f03.png'
11:29.433  render           | Saved: '/Users/mohammedkalouti/Documents/Codex/2026-09-27/i/work/art/aircraft-final-production-v3/stage/assets/build/frames/unit.SY.scout_drone/beauty/crash/d06_f00.png'
11:30.237  render           | Saved: '/Users/mohammedkalouti/Documents/Codex/2026-09-27/i/work/art/aircraft-final-production-v3/stage/assets/build/frames/unit.SY.scout_drone/shadow/crash/d06_f00.png'
11:30.795  render           | Saved: '/Users/mohammedkalouti/Documents/Codex/2026-09-27/i/work/art/aircraft-final-production-v3/stage/assets/build/frames/unit.SY.scout_drone/beauty/crash/d06_f01.png'
11:31.580  render           | Saved: '/Users/mohammedkalouti/Documents/Codex/2026-09-27/i/work/art/aircraft-final-production-v3/stage/assets/build/frames/unit.SY.scout_drone/shadow/crash/d06_f01.png'
11:32.096  render           | Saved: '/Users/mohammedkalouti/Documents/Codex/2026-09-27/i/work/art/aircraft-final-production-v3/stage/assets/build/frames/unit.SY.scout_drone/beauty/crash/d06_f02.png'
11:32.924  render           | Saved: '/Users/mohammedkalouti/Documents/Codex/2026-09-27/i/work/art/aircraft-final-production-v3/stage/assets/build/frames/unit.SY.scout_drone/shadow/crash/d06_f02.png'
11:33.565  render           | Saved: '/Users/mohammedkalouti/Documents/Codex/2026-09-27/i/work/art/aircraft-final-production-v3/stage/assets/build/frames/unit.SY.scout_drone/beauty/crash/d06_f03.png'
11:34.842  render           | Saved: '/Users/mohammedkalouti/Documents/Codex/2026-09-27/i/work/art/aircraft-final-production-v3/stage/assets/build/frames/unit.SY.scout_drone/shadow/crash/d06_f03.png'
11:35.504  render           | Saved: '/Users/mohammedkalouti/Documents/Codex/2026-09-27/i/work/art/aircraft-final-production-v3/stage/assets/build/frames/unit.SY.scout_drone/beauty/crash/d07_f00.png'
11:36.544  render           | Saved: '/Users/mohammedkalouti/Documents/Codex/2026-09-27/i/work/art/aircraft-final-production-v3/stage/assets/build/frames/unit.SY.scout_drone/shadow/crash/d07_f00.png'
11:37.297  render           | Saved: '/Users/mohammedkalouti/Documents/Codex/2026-09-27/i/work/art/aircraft-final-production-v3/stage/assets/build/frames/unit.SY.scout_drone/beauty/crash/d07_f01.png'
11:38.333  render           | Saved: '/Users/mohammedkalouti/Documents/Codex/2026-09-27/i/work/art/aircraft-final-production-v3/stage/assets/build/frames/unit.SY.scout_drone/shadow/crash/d07_f01.png'
11:39.012  render           | Saved: '/Users/mohammedkalouti/Documents/Codex/2026-09-27/i/work/art/aircraft-final-production-v3/stage/assets/build/frames/unit.SY.scout_drone/beauty/crash/d07_f02.png'
11:40.008  render           | Saved: '/Users/mohammedkalouti/Documents/Codex/2026-09-27/i/work/art/aircraft-final-production-v3/stage/assets/build/frames/unit.SY.scout_drone/shadow/crash/d07_f02.png'
11:40.967  render           | Saved: '/Users/mohammedkalouti/Documents/Codex/2026-09-27/i/work/art/aircraft-final-production-v3/stage/assets/build/frames/unit.SY.scout_drone/beauty/crash/d07_f03.png'
11:41.974  render           | Saved: '/Users/mohammedkalouti/Documents/Codex/2026-09-27/i/work/art/aircraft-final-production-v3/stage/assets/build/frames/unit.SY.scout_drone/shadow/crash/d07_f03.png'
11:42.663  render           | Saved: '/Users/mohammedkalouti/Documents/Codex/2026-09-27/i/work/art/aircraft-final-production-v3/stage/assets/build/frames/unit.SY.scout_drone/beauty/crash/d08_f00.png'
11:43.709  render           | Saved: '/Users/mohammedkalouti/Documents/Codex/2026-09-27/i/work/art/aircraft-final-production-v3/stage/assets/build/frames/unit.SY.scout_drone/shadow/crash/d08_f00.png'
11:44.413  render           | Saved: '/Users/mohammedkalouti/Documents/Codex/2026-09-27/i/work/art/aircraft-final-production-v3/stage/assets/build/frames/unit.SY.scout_drone/beauty/crash/d08_f01.png'
11:45.354  render           | Saved: '/Users/mohammedkalouti/Documents/Codex/2026-09-27/i/work/art/aircraft-final-production-v3/stage/assets/build/frames/unit.SY.scout_drone/shadow/crash/d08_f01.png'
11:46.319  render           | Saved: '/Users/mohammedkalouti/Documents/Codex/2026-09-27/i/work/art/aircraft-final-production-v3/stage/assets/build/frames/unit.SY.scout_drone/beauty/crash/d08_f02.png'
11:47.291  render           | Saved: '/Users/mohammedkalouti/Documents/Codex/2026-09-27/i/work/art/aircraft-final-production-v3/stage/assets/build/frames/unit.SY.scout_drone/shadow/crash/d08_f02.png'
11:47.962  render           | Saved: '/Users/mohammedkalouti/Documents/Codex/2026-09-27/i/work/art/aircraft-final-production-v3/stage/assets/build/frames/unit.SY.scout_drone/beauty/crash/d08_f03.png'
11:48.917  render           | Saved: '/Users/mohammedkalouti/Documents/Codex/2026-09-27/i/work/art/aircraft-final-production-v3/stage/assets/build/frames/unit.SY.scout_drone/shadow/crash/d08_f03.png'
11:49.742  render           | Saved: '/Users/mohammedkalouti/Documents/Codex/2026-09-27/i/work/art/aircraft-final-production-v3/stage/assets/build/frames/unit.SY.scout_drone/beauty/crash/d09_f00.png'
11:50.850  render           | Saved: '/Users/mohammedkalouti/Documents/Codex/2026-09-27/i/work/art/aircraft-final-production-v3/stage/assets/build/frames/unit.SY.scout_drone/shadow/crash/d09_f00.png'
11:51.534  render           | Saved: '/Users/mohammedkalouti/Documents/Codex/2026-09-27/i/work/art/aircraft-final-production-v3/stage/assets/build/frames/unit.SY.scout_drone/beauty/crash/d09_f01.png'
11:52.519  render           | Saved: '/Users/mohammedkalouti/Documents/Codex/2026-09-27/i/work/art/aircraft-final-production-v3/stage/assets/build/frames/unit.SY.scout_drone/shadow/crash/d09_f01.png'
11:53.147  render           | Saved: '/Users/mohammedkalouti/Documents/Codex/2026-09-27/i/work/art/aircraft-final-production-v3/stage/assets/build/frames/unit.SY.scout_drone/beauty/crash/d09_f02.png'
11:54.052  render           | Saved: '/Users/mohammedkalouti/Documents/Codex/2026-09-27/i/work/art/aircraft-final-production-v3/stage/assets/build/frames/unit.SY.scout_drone/shadow/crash/d09_f02.png'
11:54.605  render           | Saved: '/Users/mohammedkalouti/Documents/Codex/2026-09-27/i/work/art/aircraft-final-production-v3/stage/assets/build/frames/unit.SY.scout_drone/beauty/crash/d09_f03.png'
11:55.465  render           | Saved: '/Users/mohammedkalouti/Documents/Codex/2026-09-27/i/work/art/aircraft-final-production-v3/stage/assets/build/frames/unit.SY.scout_drone/shadow/crash/d09_f03.png'
11:56.028  render           | Saved: '/Users/mohammedkalouti/Documents/Codex/2026-09-27/i/work/art/aircraft-final-production-v3/stage/assets/build/frames/unit.SY.scout_drone/beauty/crash/d10_f00.png'
11:56.893  render           | Saved: '/Users/mohammedkalouti/Documents/Codex/2026-09-27/i/work/art/aircraft-final-production-v3/stage/assets/build/frames/unit.SY.scout_drone/shadow/crash/d10_f00.png'
11:57.428  render           | Saved: '/Users/mohammedkalouti/Documents/Codex/2026-09-27/i/work/art/aircraft-final-production-v3/stage/assets/build/frames/unit.SY.scout_drone/beauty/crash/d10_f01.png'
11:58.281  render           | Saved: '/Users/mohammedkalouti/Documents/Codex/2026-09-27/i/work/art/aircraft-final-production-v3/stage/assets/build/frames/unit.SY.scout_drone/shadow/crash/d10_f01.png'
11:58.820  render           | Saved: '/Users/mohammedkalouti/Documents/Codex/2026-09-27/i/work/art/aircraft-final-production-v3/stage/assets/build/frames/unit.SY.scout_drone/beauty/crash/d10_f02.png'
11:59.614  render           | Saved: '/Users/mohammedkalouti/Documents/Codex/2026-09-27/i/work/art/aircraft-final-production-v3/stage/assets/build/frames/unit.SY.scout_drone/shadow/crash/d10_f02.png'
12:00.152  render           | Saved: '/Users/mohammedkalouti/Documents/Codex/2026-09-27/i/work/art/aircraft-final-production-v3/stage/assets/build/frames/unit.SY.scout_drone/beauty/crash/d10_f03.png'
12:00.946  render           | Saved: '/Users/mohammedkalouti/Documents/Codex/2026-09-27/i/work/art/aircraft-final-production-v3/stage/assets/build/frames/unit.SY.scout_drone/shadow/crash/d10_f03.png'
12:01.475  render           | Saved: '/Users/mohammedkalouti/Documents/Codex/2026-09-27/i/work/art/aircraft-final-production-v3/stage/assets/build/frames/unit.SY.scout_drone/beauty/crash/d11_f00.png'
12:02.289  render           | Saved: '/Users/mohammedkalouti/Documents/Codex/2026-09-27/i/work/art/aircraft-final-production-v3/stage/assets/build/frames/unit.SY.scout_drone/shadow/crash/d11_f00.png'
12:02.808  render           | Saved: '/Users/mohammedkalouti/Documents/Codex/2026-09-27/i/work/art/aircraft-final-production-v3/stage/assets/build/frames/unit.SY.scout_drone/beauty/crash/d11_f01.png'
12:03.606  render           | Saved: '/Users/mohammedkalouti/Documents/Codex/2026-09-27/i/work/art/aircraft-final-production-v3/stage/assets/build/frames/unit.SY.scout_drone/shadow/crash/d11_f01.png'
12:04.158  render           | Saved: '/Users/mohammedkalouti/Documents/Codex/2026-09-27/i/work/art/aircraft-final-production-v3/stage/assets/build/frames/unit.SY.scout_drone/beauty/crash/d11_f02.png'
12:04.946  render           | Saved: '/Users/mohammedkalouti/Documents/Codex/2026-09-27/i/work/art/aircraft-final-production-v3/stage/assets/build/frames/unit.SY.scout_drone/shadow/crash/d11_f02.png'
12:05.464  render           | Saved: '/Users/mohammedkalouti/Documents/Codex/2026-09-27/i/work/art/aircraft-final-production-v3/stage/assets/build/frames/unit.SY.scout_drone/beauty/crash/d11_f03.png'
12:06.287  render           | Saved: '/Users/mohammedkalouti/Documents/Codex/2026-09-27/i/work/art/aircraft-final-production-v3/stage/assets/build/frames/unit.SY.scout_drone/shadow/crash/d11_f03.png'
12:06.841  render           | Saved: '/Users/mohammedkalouti/Documents/Codex/2026-09-27/i/work/art/aircraft-final-production-v3/stage/assets/build/frames/unit.SY.scout_drone/beauty/crash/d12_f00.png'
12:07.615  render           | Saved: '/Users/mohammedkalouti/Documents/Codex/2026-09-27/i/work/art/aircraft-final-production-v3/stage/assets/build/frames/unit.SY.scout_drone/shadow/crash/d12_f00.png'
12:08.125  render           | Saved: '/Users/mohammedkalouti/Documents/Codex/2026-09-27/i/work/art/aircraft-final-production-v3/stage/assets/build/frames/unit.SY.scout_drone/beauty/crash/d12_f01.png'
12:08.923  render           | Saved: '/Users/mohammedkalouti/Documents/Codex/2026-09-27/i/work/art/aircraft-final-production-v3/stage/assets/build/frames/unit.SY.scout_drone/shadow/crash/d12_f01.png'
12:09.447  render           | Saved: '/Users/mohammedkalouti/Documents/Codex/2026-09-27/i/work/art/aircraft-final-production-v3/stage/assets/build/frames/unit.SY.scout_drone/beauty/crash/d12_f02.png'
12:10.266  render           | Saved: '/Users/mohammedkalouti/Documents/Codex/2026-09-27/i/work/art/aircraft-final-production-v3/stage/assets/build/frames/unit.SY.scout_drone/shadow/crash/d12_f02.png'
12:10.800  render           | Saved: '/Users/mohammedkalouti/Documents/Codex/2026-09-27/i/work/art/aircraft-final-production-v3/stage/assets/build/frames/unit.SY.scout_drone/beauty/crash/d12_f03.png'
12:11.589  render           | Saved: '/Users/mohammedkalouti/Documents/Codex/2026-09-27/i/work/art/aircraft-final-production-v3/stage/assets/build/frames/unit.SY.scout_drone/shadow/crash/d12_f03.png'
12:12.110  render           | Saved: '/Users/mohammedkalouti/Documents/Codex/2026-09-27/i/work/art/aircraft-final-production-v3/stage/assets/build/frames/unit.SY.scout_drone/beauty/crash/d13_f00.png'
12:12.942  render           | Saved: '/Users/mohammedkalouti/Documents/Codex/2026-09-27/i/work/art/aircraft-final-production-v3/stage/assets/build/frames/unit.SY.scout_drone/shadow/crash/d13_f00.png'
12:13.480  render           | Saved: '/Users/mohammedkalouti/Documents/Codex/2026-09-27/i/work/art/aircraft-final-production-v3/stage/assets/build/frames/unit.SY.scout_drone/beauty/crash/d13_f01.png'
12:14.286  render           | Saved: '/Users/mohammedkalouti/Documents/Codex/2026-09-27/i/work/art/aircraft-final-production-v3/stage/assets/build/frames/unit.SY.scout_drone/shadow/crash/d13_f01.png'
12:14.849  render           | Saved: '/Users/mohammedkalouti/Documents/Codex/2026-09-27/i/work/art/aircraft-final-production-v3/stage/assets/build/frames/unit.SY.scout_drone/beauty/crash/d13_f02.png'
12:15.778  render           | Saved: '/Users/mohammedkalouti/Documents/Codex/2026-09-27/i/work/art/aircraft-final-production-v3/stage/assets/build/frames/unit.SY.scout_drone/shadow/crash/d13_f02.png'
12:16.341  render           | Saved: '/Users/mohammedkalouti/Documents/Codex/2026-09-27/i/work/art/aircraft-final-production-v3/stage/assets/build/frames/unit.SY.scout_drone/beauty/crash/d13_f03.png'
12:17.121  render           | Saved: '/Users/mohammedkalouti/Documents/Codex/2026-09-27/i/work/art/aircraft-final-production-v3/stage/assets/build/frames/unit.SY.scout_drone/shadow/crash/d13_f03.png'
12:17.653  render           | Saved: '/Users/mohammedkalouti/Documents/Codex/2026-09-27/i/work/art/aircraft-final-production-v3/stage/assets/build/frames/unit.SY.scout_drone/beauty/crash/d14_f00.png'
12:18.458  render           | Saved: '/Users/mohammedkalouti/Documents/Codex/2026-09-27/i/work/art/aircraft-final-production-v3/stage/assets/build/frames/unit.SY.scout_drone/shadow/crash/d14_f00.png'
12:18.979  render           | Saved: '/Users/mohammedkalouti/Documents/Codex/2026-09-27/i/work/art/aircraft-final-production-v3/stage/assets/build/frames/unit.SY.scout_drone/beauty/crash/d14_f01.png'
12:19.787  render           | Saved: '/Users/mohammedkalouti/Documents/Codex/2026-09-27/i/work/art/aircraft-final-production-v3/stage/assets/build/frames/unit.SY.scout_drone/shadow/crash/d14_f01.png'
12:20.294  render           | Saved: '/Users/mohammedkalouti/Documents/Codex/2026-09-27/i/work/art/aircraft-final-production-v3/stage/assets/build/frames/unit.SY.scout_drone/beauty/crash/d14_f02.png'
12:21.090  render           | Saved: '/Users/mohammedkalouti/Documents/Codex/2026-09-27/i/work/art/aircraft-final-production-v3/stage/assets/build/frames/unit.SY.scout_drone/shadow/crash/d14_f02.png'
12:21.651  render           | Saved: '/Users/mohammedkalouti/Documents/Codex/2026-09-27/i/work/art/aircraft-final-production-v3/stage/assets/build/frames/unit.SY.scout_drone/beauty/crash/d14_f03.png'
12:22.444  render           | Saved: '/Users/mohammedkalouti/Documents/Codex/2026-09-27/i/work/art/aircraft-final-production-v3/stage/assets/build/frames/unit.SY.scout_drone/shadow/crash/d14_f03.png'
12:22.965  render           | Saved: '/Users/mohammedkalouti/Documents/Codex/2026-09-27/i/work/art/aircraft-final-production-v3/stage/assets/build/frames/unit.SY.scout_drone/beauty/crash/d15_f00.png'
12:23.779  render           | Saved: '/Users/mohammedkalouti/Documents/Codex/2026-09-27/i/work/art/aircraft-final-production-v3/stage/assets/build/frames/unit.SY.scout_drone/shadow/crash/d15_f00.png'
12:24.303  render           | Saved: '/Users/mohammedkalouti/Documents/Codex/2026-09-27/i/work/art/aircraft-final-production-v3/stage/assets/build/frames/unit.SY.scout_drone/beauty/crash/d15_f01.png'
12:25.087  render           | Saved: '/Users/mohammedkalouti/Documents/Codex/2026-09-27/i/work/art/aircraft-final-production-v3/stage/assets/build/frames/unit.SY.scout_drone/shadow/crash/d15_f01.png'
12:25.638  render           | Saved: '/Users/mohammedkalouti/Documents/Codex/2026-09-27/i/work/art/aircraft-final-production-v3/stage/assets/build/frames/unit.SY.scout_drone/beauty/crash/d15_f02.png'
12:26.437  render           | Saved: '/Users/mohammedkalouti/Documents/Codex/2026-09-27/i/work/art/aircraft-final-production-v3/stage/assets/build/frames/unit.SY.scout_drone/shadow/crash/d15_f02.png'
12:26.960  render           | Saved: '/Users/mohammedkalouti/Documents/Codex/2026-09-27/i/work/art/aircraft-final-production-v3/stage/assets/build/frames/unit.SY.scout_drone/beauty/crash/d15_f03.png'
12:27.748  render           | Saved: '/Users/mohammedkalouti/Documents/Codex/2026-09-27/i/work/art/aircraft-final-production-v3/stage/assets/build/frames/unit.SY.scout_drone/shadow/crash/d15_f03.png'
12:28.295  render           | Saved: '/Users/mohammedkalouti/Documents/Codex/2026-09-27/i/work/art/aircraft-final-production-v3/stage/assets/build/frames/unit.SY.scout_drone/beauty/rearm/d00_f00.png'
12:28.787  render           | Saved: '/Users/mohammedkalouti/Documents/Codex/2026-09-27/i/work/art/aircraft-final-production-v3/stage/assets/build/frames/unit.SY.scout_drone/team/rearm/d00_f00.png'
12:29.597  render           | Saved: '/Users/mohammedkalouti/Documents/Codex/2026-09-27/i/work/art/aircraft-final-production-v3/stage/assets/build/frames/unit.SY.scout_drone/shadow/rearm/d00_f00.png'
12:30.133  render           | Saved: '/Users/mohammedkalouti/Documents/Codex/2026-09-27/i/work/art/aircraft-final-production-v3/stage/assets/build/frames/unit.SY.scout_drone/beauty/rearm/d00_f01.png'
12:30.615  render           | Saved: '/Users/mohammedkalouti/Documents/Codex/2026-09-27/i/work/art/aircraft-final-production-v3/stage/assets/build/frames/unit.SY.scout_drone/team/rearm/d00_f01.png'
12:31.409  render           | Saved: '/Users/mohammedkalouti/Documents/Codex/2026-09-27/i/work/art/aircraft-final-production-v3/stage/assets/build/frames/unit.SY.scout_drone/shadow/rearm/d00_f01.png'
12:31.956  render           | Saved: '/Users/mohammedkalouti/Documents/Codex/2026-09-27/i/work/art/aircraft-final-production-v3/stage/assets/build/frames/unit.SY.scout_drone/beauty/rearm/d00_f02.png'
12:32.442  render           | Saved: '/Users/mohammedkalouti/Documents/Codex/2026-09-27/i/work/art/aircraft-final-production-v3/stage/assets/build/frames/unit.SY.scout_drone/team/rearm/d00_f02.png'
12:33.281  render           | Saved: '/Users/mohammedkalouti/Documents/Codex/2026-09-27/i/work/art/aircraft-final-production-v3/stage/assets/build/frames/unit.SY.scout_drone/shadow/rearm/d00_f02.png'
12:33.810  render           | Saved: '/Users/mohammedkalouti/Documents/Codex/2026-09-27/i/work/art/aircraft-final-production-v3/stage/assets/build/frames/unit.SY.scout_drone/beauty/rearm/d00_f03.png'
12:34.291  render           | Saved: '/Users/mohammedkalouti/Documents/Codex/2026-09-27/i/work/art/aircraft-final-production-v3/stage/assets/build/frames/unit.SY.scout_drone/team/rearm/d00_f03.png'
12:35.099  render           | Saved: '/Users/mohammedkalouti/Documents/Codex/2026-09-27/i/work/art/aircraft-final-production-v3/stage/assets/build/frames/unit.SY.scout_drone/shadow/rearm/d00_f03.png'
12:35.630  render           | Saved: '/Users/mohammedkalouti/Documents/Codex/2026-09-27/i/work/art/aircraft-final-production-v3/stage/assets/build/frames/unit.SY.scout_drone/beauty/rearm/d00_f04.png'
12:36.148  render           | Saved: '/Users/mohammedkalouti/Documents/Codex/2026-09-27/i/work/art/aircraft-final-production-v3/stage/assets/build/frames/unit.SY.scout_drone/team/rearm/d00_f04.png'
12:36.934  render           | Saved: '/Users/mohammedkalouti/Documents/Codex/2026-09-27/i/work/art/aircraft-final-production-v3/stage/assets/build/frames/unit.SY.scout_drone/shadow/rearm/d00_f04.png'
12:37.470  render           | Saved: '/Users/mohammedkalouti/Documents/Codex/2026-09-27/i/work/art/aircraft-final-production-v3/stage/assets/build/frames/unit.SY.scout_drone/beauty/rearm/d00_f05.png'
12:37.964  render           | Saved: '/Users/mohammedkalouti/Documents/Codex/2026-09-27/i/work/art/aircraft-final-production-v3/stage/assets/build/frames/unit.SY.scout_drone/team/rearm/d00_f05.png'
12:38.797  render           | Saved: '/Users/mohammedkalouti/Documents/Codex/2026-09-27/i/work/art/aircraft-final-production-v3/stage/assets/build/frames/unit.SY.scout_drone/shadow/rearm/d00_f05.png'
12:39.344  render           | Saved: '/Users/mohammedkalouti/Documents/Codex/2026-09-27/i/work/art/aircraft-final-production-v3/stage/assets/build/frames/unit.SY.scout_drone/beauty/rearm/d01_f00.png'
12:39.840  render           | Saved: '/Users/mohammedkalouti/Documents/Codex/2026-09-27/i/work/art/aircraft-final-production-v3/stage/assets/build/frames/unit.SY.scout_drone/team/rearm/d01_f00.png'
12:40.645  render           | Saved: '/Users/mohammedkalouti/Documents/Codex/2026-09-27/i/work/art/aircraft-final-production-v3/stage/assets/build/frames/unit.SY.scout_drone/shadow/rearm/d01_f00.png'
12:41.158  render           | Saved: '/Users/mohammedkalouti/Documents/Codex/2026-09-27/i/work/art/aircraft-final-production-v3/stage/assets/build/frames/unit.SY.scout_drone/beauty/rearm/d01_f01.png'
12:41.638  render           | Saved: '/Users/mohammedkalouti/Documents/Codex/2026-09-27/i/work/art/aircraft-final-production-v3/stage/assets/build/frames/unit.SY.scout_drone/team/rearm/d01_f01.png'
12:42.422  render           | Saved: '/Users/mohammedkalouti/Documents/Codex/2026-09-27/i/work/art/aircraft-final-production-v3/stage/assets/build/frames/unit.SY.scout_drone/shadow/rearm/d01_f01.png'
12:42.954  render           | Saved: '/Users/mohammedkalouti/Documents/Codex/2026-09-27/i/work/art/aircraft-final-production-v3/stage/assets/build/frames/unit.SY.scout_drone/beauty/rearm/d01_f02.png'
12:43.443  render           | Saved: '/Users/mohammedkalouti/Documents/Codex/2026-09-27/i/work/art/aircraft-final-production-v3/stage/assets/build/frames/unit.SY.scout_drone/team/rearm/d01_f02.png'
12:44.238  render           | Saved: '/Users/mohammedkalouti/Documents/Codex/2026-09-27/i/work/art/aircraft-final-production-v3/stage/assets/build/frames/unit.SY.scout_drone/shadow/rearm/d01_f02.png'
12:44.770  render           | Saved: '/Users/mohammedkalouti/Documents/Codex/2026-09-27/i/work/art/aircraft-final-production-v3/stage/assets/build/frames/unit.SY.scout_drone/beauty/rearm/d01_f03.png'
12:45.262  render           | Saved: '/Users/mohammedkalouti/Documents/Codex/2026-09-27/i/work/art/aircraft-final-production-v3/stage/assets/build/frames/unit.SY.scout_drone/team/rearm/d01_f03.png'
12:46.067  render           | Saved: '/Users/mohammedkalouti/Documents/Codex/2026-09-27/i/work/art/aircraft-final-production-v3/stage/assets/build/frames/unit.SY.scout_drone/shadow/rearm/d01_f03.png'
12:46.591  render           | Saved: '/Users/mohammedkalouti/Documents/Codex/2026-09-27/i/work/art/aircraft-final-production-v3/stage/assets/build/frames/unit.SY.scout_drone/beauty/rearm/d01_f04.png'
12:47.068  render           | Saved: '/Users/mohammedkalouti/Documents/Codex/2026-09-27/i/work/art/aircraft-final-production-v3/stage/assets/build/frames/unit.SY.scout_drone/team/rearm/d01_f04.png'
12:47.858  render           | Saved: '/Users/mohammedkalouti/Documents/Codex/2026-09-27/i/work/art/aircraft-final-production-v3/stage/assets/build/frames/unit.SY.scout_drone/shadow/rearm/d01_f04.png'
12:48.383  render           | Saved: '/Users/mohammedkalouti/Documents/Codex/2026-09-27/i/work/art/aircraft-final-production-v3/stage/assets/build/frames/unit.SY.scout_drone/beauty/rearm/d01_f05.png'
12:48.870  render           | Saved: '/Users/mohammedkalouti/Documents/Codex/2026-09-27/i/work/art/aircraft-final-production-v3/stage/assets/build/frames/unit.SY.scout_drone/team/rearm/d01_f05.png'
12:49.726  render           | Saved: '/Users/mohammedkalouti/Documents/Codex/2026-09-27/i/work/art/aircraft-final-production-v3/stage/assets/build/frames/unit.SY.scout_drone/shadow/rearm/d01_f05.png'
12:50.277  render           | Saved: '/Users/mohammedkalouti/Documents/Codex/2026-09-27/i/work/art/aircraft-final-production-v3/stage/assets/build/frames/unit.SY.scout_drone/beauty/rearm/d02_f00.png'
12:50.760  render           | Saved: '/Users/mohammedkalouti/Documents/Codex/2026-09-27/i/work/art/aircraft-final-production-v3/stage/assets/build/frames/unit.SY.scout_drone/team/rearm/d02_f00.png'
12:51.582  render           | Saved: '/Users/mohammedkalouti/Documents/Codex/2026-09-27/i/work/art/aircraft-final-production-v3/stage/assets/build/frames/unit.SY.scout_drone/shadow/rearm/d02_f00.png'
12:52.100  render           | Saved: '/Users/mohammedkalouti/Documents/Codex/2026-09-27/i/work/art/aircraft-final-production-v3/stage/assets/build/frames/unit.SY.scout_drone/beauty/rearm/d02_f01.png'
12:52.594  render           | Saved: '/Users/mohammedkalouti/Documents/Codex/2026-09-27/i/work/art/aircraft-final-production-v3/stage/assets/build/frames/unit.SY.scout_drone/team/rearm/d02_f01.png'
12:53.389  render           | Saved: '/Users/mohammedkalouti/Documents/Codex/2026-09-27/i/work/art/aircraft-final-production-v3/stage/assets/build/frames/unit.SY.scout_drone/shadow/rearm/d02_f01.png'
12:53.933  render           | Saved: '/Users/mohammedkalouti/Documents/Codex/2026-09-27/i/work/art/aircraft-final-production-v3/stage/assets/build/frames/unit.SY.scout_drone/beauty/rearm/d02_f02.png'
12:54.479  render           | Saved: '/Users/mohammedkalouti/Documents/Codex/2026-09-27/i/work/art/aircraft-final-production-v3/stage/assets/build/frames/unit.SY.scout_drone/team/rearm/d02_f02.png'
12:55.308  render           | Saved: '/Users/mohammedkalouti/Documents/Codex/2026-09-27/i/work/art/aircraft-final-production-v3/stage/assets/build/frames/unit.SY.scout_drone/shadow/rearm/d02_f02.png'
12:55.838  render           | Saved: '/Users/mohammedkalouti/Documents/Codex/2026-09-27/i/work/art/aircraft-final-production-v3/stage/assets/build/frames/unit.SY.scout_drone/beauty/rearm/d02_f03.png'
12:56.334  render           | Saved: '/Users/mohammedkalouti/Documents/Codex/2026-09-27/i/work/art/aircraft-final-production-v3/stage/assets/build/frames/unit.SY.scout_drone/team/rearm/d02_f03.png'
12:57.147  render           | Saved: '/Users/mohammedkalouti/Documents/Codex/2026-09-27/i/work/art/aircraft-final-production-v3/stage/assets/build/frames/unit.SY.scout_drone/shadow/rearm/d02_f03.png'
12:57.680  render           | Saved: '/Users/mohammedkalouti/Documents/Codex/2026-09-27/i/work/art/aircraft-final-production-v3/stage/assets/build/frames/unit.SY.scout_drone/beauty/rearm/d02_f04.png'
12:58.149  render           | Saved: '/Users/mohammedkalouti/Documents/Codex/2026-09-27/i/work/art/aircraft-final-production-v3/stage/assets/build/frames/unit.SY.scout_drone/team/rearm/d02_f04.png'
12:58.934  render           | Saved: '/Users/mohammedkalouti/Documents/Codex/2026-09-27/i/work/art/aircraft-final-production-v3/stage/assets/build/frames/unit.SY.scout_drone/shadow/rearm/d02_f04.png'
12:59.450  render           | Saved: '/Users/mohammedkalouti/Documents/Codex/2026-09-27/i/work/art/aircraft-final-production-v3/stage/assets/build/frames/unit.SY.scout_drone/beauty/rearm/d02_f05.png'
12:59.926  render           | Saved: '/Users/mohammedkalouti/Documents/Codex/2026-09-27/i/work/art/aircraft-final-production-v3/stage/assets/build/frames/unit.SY.scout_drone/team/rearm/d02_f05.png'
13:00.729  render           | Saved: '/Users/mohammedkalouti/Documents/Codex/2026-09-27/i/work/art/aircraft-final-production-v3/stage/assets/build/frames/unit.SY.scout_drone/shadow/rearm/d02_f05.png'
13:01.263  render           | Saved: '/Users/mohammedkalouti/Documents/Codex/2026-09-27/i/work/art/aircraft-final-production-v3/stage/assets/build/frames/unit.SY.scout_drone/beauty/rearm/d03_f00.png'
13:01.793  render           | Saved: '/Users/mohammedkalouti/Documents/Codex/2026-09-27/i/work/art/aircraft-final-production-v3/stage/assets/build/frames/unit.SY.scout_drone/team/rearm/d03_f00.png'
13:02.580  render           | Saved: '/Users/mohammedkalouti/Documents/Codex/2026-09-27/i/work/art/aircraft-final-production-v3/stage/assets/build/frames/unit.SY.scout_drone/shadow/rearm/d03_f00.png'
13:03.139  render           | Saved: '/Users/mohammedkalouti/Documents/Codex/2026-09-27/i/work/art/aircraft-final-production-v3/stage/assets/build/frames/unit.SY.scout_drone/beauty/rearm/d03_f01.png'
13:03.630  render           | Saved: '/Users/mohammedkalouti/Documents/Codex/2026-09-27/i/work/art/aircraft-final-production-v3/stage/assets/build/frames/unit.SY.scout_drone/team/rearm/d03_f01.png'
13:04.461  render           | Saved: '/Users/mohammedkalouti/Documents/Codex/2026-09-27/i/work/art/aircraft-final-production-v3/stage/assets/build/frames/unit.SY.scout_drone/shadow/rearm/d03_f01.png'
13:04.973  render           | Saved: '/Users/mohammedkalouti/Documents/Codex/2026-09-27/i/work/art/aircraft-final-production-v3/stage/assets/build/frames/unit.SY.scout_drone/beauty/rearm/d03_f02.png'
13:05.441  render           | Saved: '/Users/mohammedkalouti/Documents/Codex/2026-09-27/i/work/art/aircraft-final-production-v3/stage/assets/build/frames/unit.SY.scout_drone/team/rearm/d03_f02.png'
13:06.221  render           | Saved: '/Users/mohammedkalouti/Documents/Codex/2026-09-27/i/work/art/aircraft-final-production-v3/stage/assets/build/frames/unit.SY.scout_drone/shadow/rearm/d03_f02.png'
13:06.743  render           | Saved: '/Users/mohammedkalouti/Documents/Codex/2026-09-27/i/work/art/aircraft-final-production-v3/stage/assets/build/frames/unit.SY.scout_drone/beauty/rearm/d03_f03.png'
13:07.226  render           | Saved: '/Users/mohammedkalouti/Documents/Codex/2026-09-27/i/work/art/aircraft-final-production-v3/stage/assets/build/frames/unit.SY.scout_drone/team/rearm/d03_f03.png'
13:08.015  render           | Saved: '/Users/mohammedkalouti/Documents/Codex/2026-09-27/i/work/art/aircraft-final-production-v3/stage/assets/build/frames/unit.SY.scout_drone/shadow/rearm/d03_f03.png'
13:08.646  render           | Saved: '/Users/mohammedkalouti/Documents/Codex/2026-09-27/i/work/art/aircraft-final-production-v3/stage/assets/build/frames/unit.SY.scout_drone/beauty/rearm/d03_f04.png'
13:09.179  render           | Saved: '/Users/mohammedkalouti/Documents/Codex/2026-09-27/i/work/art/aircraft-final-production-v3/stage/assets/build/frames/unit.SY.scout_drone/team/rearm/d03_f04.png'
13:09.973  render           | Saved: '/Users/mohammedkalouti/Documents/Codex/2026-09-27/i/work/art/aircraft-final-production-v3/stage/assets/build/frames/unit.SY.scout_drone/shadow/rearm/d03_f04.png'
13:10.538  render           | Saved: '/Users/mohammedkalouti/Documents/Codex/2026-09-27/i/work/art/aircraft-final-production-v3/stage/assets/build/frames/unit.SY.scout_drone/beauty/rearm/d03_f05.png'
13:11.034  render           | Saved: '/Users/mohammedkalouti/Documents/Codex/2026-09-27/i/work/art/aircraft-final-production-v3/stage/assets/build/frames/unit.SY.scout_drone/team/rearm/d03_f05.png'
13:11.816  render           | Saved: '/Users/mohammedkalouti/Documents/Codex/2026-09-27/i/work/art/aircraft-final-production-v3/stage/assets/build/frames/unit.SY.scout_drone/shadow/rearm/d03_f05.png'
13:12.346  render           | Saved: '/Users/mohammedkalouti/Documents/Codex/2026-09-27/i/work/art/aircraft-final-production-v3/stage/assets/build/frames/unit.SY.scout_drone/beauty/rearm/d04_f00.png'
13:12.825  render           | Saved: '/Users/mohammedkalouti/Documents/Codex/2026-09-27/i/work/art/aircraft-final-production-v3/stage/assets/build/frames/unit.SY.scout_drone/team/rearm/d04_f00.png'
13:13.616  render           | Saved: '/Users/mohammedkalouti/Documents/Codex/2026-09-27/i/work/art/aircraft-final-production-v3/stage/assets/build/frames/unit.SY.scout_drone/shadow/rearm/d04_f00.png'
13:14.165  render           | Saved: '/Users/mohammedkalouti/Documents/Codex/2026-09-27/i/work/art/aircraft-final-production-v3/stage/assets/build/frames/unit.SY.scout_drone/beauty/rearm/d04_f01.png'
13:14.656  render           | Saved: '/Users/mohammedkalouti/Documents/Codex/2026-09-27/i/work/art/aircraft-final-production-v3/stage/assets/build/frames/unit.SY.scout_drone/team/rearm/d04_f01.png'
13:15.459  render           | Saved: '/Users/mohammedkalouti/Documents/Codex/2026-09-27/i/work/art/aircraft-final-production-v3/stage/assets/build/frames/unit.SY.scout_drone/shadow/rearm/d04_f01.png'
13:15.984  render           | Saved: '/Users/mohammedkalouti/Documents/Codex/2026-09-27/i/work/art/aircraft-final-production-v3/stage/assets/build/frames/unit.SY.scout_drone/beauty/rearm/d04_f02.png'
13:16.467  render           | Saved: '/Users/mohammedkalouti/Documents/Codex/2026-09-27/i/work/art/aircraft-final-production-v3/stage/assets/build/frames/unit.SY.scout_drone/team/rearm/d04_f02.png'
13:17.256  render           | Saved: '/Users/mohammedkalouti/Documents/Codex/2026-09-27/i/work/art/aircraft-final-production-v3/stage/assets/build/frames/unit.SY.scout_drone/shadow/rearm/d04_f02.png'
13:17.788  render           | Saved: '/Users/mohammedkalouti/Documents/Codex/2026-09-27/i/work/art/aircraft-final-production-v3/stage/assets/build/frames/unit.SY.scout_drone/beauty/rearm/d04_f03.png'
13:18.267  render           | Saved: '/Users/mohammedkalouti/Documents/Codex/2026-09-27/i/work/art/aircraft-final-production-v3/stage/assets/build/frames/unit.SY.scout_drone/team/rearm/d04_f03.png'
13:19.066  render           | Saved: '/Users/mohammedkalouti/Documents/Codex/2026-09-27/i/work/art/aircraft-final-production-v3/stage/assets/build/frames/unit.SY.scout_drone/shadow/rearm/d04_f03.png'
13:19.607  render           | Saved: '/Users/mohammedkalouti/Documents/Codex/2026-09-27/i/work/art/aircraft-final-production-v3/stage/assets/build/frames/unit.SY.scout_drone/beauty/rearm/d04_f04.png'
13:20.080  render           | Saved: '/Users/mohammedkalouti/Documents/Codex/2026-09-27/i/work/art/aircraft-final-production-v3/stage/assets/build/frames/unit.SY.scout_drone/team/rearm/d04_f04.png'
13:20.859  render           | Saved: '/Users/mohammedkalouti/Documents/Codex/2026-09-27/i/work/art/aircraft-final-production-v3/stage/assets/build/frames/unit.SY.scout_drone/shadow/rearm/d04_f04.png'
13:21.369  render           | Saved: '/Users/mohammedkalouti/Documents/Codex/2026-09-27/i/work/art/aircraft-final-production-v3/stage/assets/build/frames/unit.SY.scout_drone/beauty/rearm/d04_f05.png'
13:21.843  render           | Saved: '/Users/mohammedkalouti/Documents/Codex/2026-09-27/i/work/art/aircraft-final-production-v3/stage/assets/build/frames/unit.SY.scout_drone/team/rearm/d04_f05.png'
13:22.668  render           | Saved: '/Users/mohammedkalouti/Documents/Codex/2026-09-27/i/work/art/aircraft-final-production-v3/stage/assets/build/frames/unit.SY.scout_drone/shadow/rearm/d04_f05.png'
13:23.195  render           | Saved: '/Users/mohammedkalouti/Documents/Codex/2026-09-27/i/work/art/aircraft-final-production-v3/stage/assets/build/frames/unit.SY.scout_drone/beauty/rearm/d05_f00.png'
13:23.670  render           | Saved: '/Users/mohammedkalouti/Documents/Codex/2026-09-27/i/work/art/aircraft-final-production-v3/stage/assets/build/frames/unit.SY.scout_drone/team/rearm/d05_f00.png'
13:24.466  render           | Saved: '/Users/mohammedkalouti/Documents/Codex/2026-09-27/i/work/art/aircraft-final-production-v3/stage/assets/build/frames/unit.SY.scout_drone/shadow/rearm/d05_f00.png'
13:24.995  render           | Saved: '/Users/mohammedkalouti/Documents/Codex/2026-09-27/i/work/art/aircraft-final-production-v3/stage/assets/build/frames/unit.SY.scout_drone/beauty/rearm/d05_f01.png'
13:25.494  render           | Saved: '/Users/mohammedkalouti/Documents/Codex/2026-09-27/i/work/art/aircraft-final-production-v3/stage/assets/build/frames/unit.SY.scout_drone/team/rearm/d05_f01.png'
13:26.286  render           | Saved: '/Users/mohammedkalouti/Documents/Codex/2026-09-27/i/work/art/aircraft-final-production-v3/stage/assets/build/frames/unit.SY.scout_drone/shadow/rearm/d05_f01.png'
13:26.822  render           | Saved: '/Users/mohammedkalouti/Documents/Codex/2026-09-27/i/work/art/aircraft-final-production-v3/stage/assets/build/frames/unit.SY.scout_drone/beauty/rearm/d05_f02.png'
13:27.299  render           | Saved: '/Users/mohammedkalouti/Documents/Codex/2026-09-27/i/work/art/aircraft-final-production-v3/stage/assets/build/frames/unit.SY.scout_drone/team/rearm/d05_f02.png'
13:28.102  render           | Saved: '/Users/mohammedkalouti/Documents/Codex/2026-09-27/i/work/art/aircraft-final-production-v3/stage/assets/build/frames/unit.SY.scout_drone/shadow/rearm/d05_f02.png'
13:28.630  render           | Saved: '/Users/mohammedkalouti/Documents/Codex/2026-09-27/i/work/art/aircraft-final-production-v3/stage/assets/build/frames/unit.SY.scout_drone/beauty/rearm/d05_f03.png'
13:29.106  render           | Saved: '/Users/mohammedkalouti/Documents/Codex/2026-09-27/i/work/art/aircraft-final-production-v3/stage/assets/build/frames/unit.SY.scout_drone/team/rearm/d05_f03.png'
13:29.909  render           | Saved: '/Users/mohammedkalouti/Documents/Codex/2026-09-27/i/work/art/aircraft-final-production-v3/stage/assets/build/frames/unit.SY.scout_drone/shadow/rearm/d05_f03.png'
13:30.420  render           | Saved: '/Users/mohammedkalouti/Documents/Codex/2026-09-27/i/work/art/aircraft-final-production-v3/stage/assets/build/frames/unit.SY.scout_drone/beauty/rearm/d05_f04.png'
13:30.905  render           | Saved: '/Users/mohammedkalouti/Documents/Codex/2026-09-27/i/work/art/aircraft-final-production-v3/stage/assets/build/frames/unit.SY.scout_drone/team/rearm/d05_f04.png'
13:31.690  render           | Saved: '/Users/mohammedkalouti/Documents/Codex/2026-09-27/i/work/art/aircraft-final-production-v3/stage/assets/build/frames/unit.SY.scout_drone/shadow/rearm/d05_f04.png'
13:32.209  render           | Saved: '/Users/mohammedkalouti/Documents/Codex/2026-09-27/i/work/art/aircraft-final-production-v3/stage/assets/build/frames/unit.SY.scout_drone/beauty/rearm/d05_f05.png'
13:32.715  render           | Saved: '/Users/mohammedkalouti/Documents/Codex/2026-09-27/i/work/art/aircraft-final-production-v3/stage/assets/build/frames/unit.SY.scout_drone/team/rearm/d05_f05.png'
13:33.501  render           | Saved: '/Users/mohammedkalouti/Documents/Codex/2026-09-27/i/work/art/aircraft-final-production-v3/stage/assets/build/frames/unit.SY.scout_drone/shadow/rearm/d05_f05.png'
13:34.042  render           | Saved: '/Users/mohammedkalouti/Documents/Codex/2026-09-27/i/work/art/aircraft-final-production-v3/stage/assets/build/frames/unit.SY.scout_drone/beauty/rearm/d06_f00.png'
13:34.518  render           | Saved: '/Users/mohammedkalouti/Documents/Codex/2026-09-27/i/work/art/aircraft-final-production-v3/stage/assets/build/frames/unit.SY.scout_drone/team/rearm/d06_f00.png'
13:35.322  render           | Saved: '/Users/mohammedkalouti/Documents/Codex/2026-09-27/i/work/art/aircraft-final-production-v3/stage/assets/build/frames/unit.SY.scout_drone/shadow/rearm/d06_f00.png'
13:35.901  render           | Saved: '/Users/mohammedkalouti/Documents/Codex/2026-09-27/i/work/art/aircraft-final-production-v3/stage/assets/build/frames/unit.SY.scout_drone/beauty/rearm/d06_f01.png'
13:36.401  render           | Saved: '/Users/mohammedkalouti/Documents/Codex/2026-09-27/i/work/art/aircraft-final-production-v3/stage/assets/build/frames/unit.SY.scout_drone/team/rearm/d06_f01.png'
13:37.243  render           | Saved: '/Users/mohammedkalouti/Documents/Codex/2026-09-27/i/work/art/aircraft-final-production-v3/stage/assets/build/frames/unit.SY.scout_drone/shadow/rearm/d06_f01.png'
13:37.804  render           | Saved: '/Users/mohammedkalouti/Documents/Codex/2026-09-27/i/work/art/aircraft-final-production-v3/stage/assets/build/frames/unit.SY.scout_drone/beauty/rearm/d06_f02.png'
13:38.297  render           | Saved: '/Users/mohammedkalouti/Documents/Codex/2026-09-27/i/work/art/aircraft-final-production-v3/stage/assets/build/frames/unit.SY.scout_drone/team/rearm/d06_f02.png'
13:39.161  render           | Saved: '/Users/mohammedkalouti/Documents/Codex/2026-09-27/i/work/art/aircraft-final-production-v3/stage/assets/build/frames/unit.SY.scout_drone/shadow/rearm/d06_f02.png'
13:39.719  render           | Saved: '/Users/mohammedkalouti/Documents/Codex/2026-09-27/i/work/art/aircraft-final-production-v3/stage/assets/build/frames/unit.SY.scout_drone/beauty/rearm/d06_f03.png'
13:40.238  render           | Saved: '/Users/mohammedkalouti/Documents/Codex/2026-09-27/i/work/art/aircraft-final-production-v3/stage/assets/build/frames/unit.SY.scout_drone/team/rearm/d06_f03.png'
13:41.030  render           | Saved: '/Users/mohammedkalouti/Documents/Codex/2026-09-27/i/work/art/aircraft-final-production-v3/stage/assets/build/frames/unit.SY.scout_drone/shadow/rearm/d06_f03.png'
13:41.556  render           | Saved: '/Users/mohammedkalouti/Documents/Codex/2026-09-27/i/work/art/aircraft-final-production-v3/stage/assets/build/frames/unit.SY.scout_drone/beauty/rearm/d06_f04.png'
13:42.027  render           | Saved: '/Users/mohammedkalouti/Documents/Codex/2026-09-27/i/work/art/aircraft-final-production-v3/stage/assets/build/frames/unit.SY.scout_drone/team/rearm/d06_f04.png'
13:42.811  render           | Saved: '/Users/mohammedkalouti/Documents/Codex/2026-09-27/i/work/art/aircraft-final-production-v3/stage/assets/build/frames/unit.SY.scout_drone/shadow/rearm/d06_f04.png'
13:43.335  render           | Saved: '/Users/mohammedkalouti/Documents/Codex/2026-09-27/i/work/art/aircraft-final-production-v3/stage/assets/build/frames/unit.SY.scout_drone/beauty/rearm/d06_f05.png'
13:43.843  render           | Saved: '/Users/mohammedkalouti/Documents/Codex/2026-09-27/i/work/art/aircraft-final-production-v3/stage/assets/build/frames/unit.SY.scout_drone/team/rearm/d06_f05.png'
13:44.617  render           | Saved: '/Users/mohammedkalouti/Documents/Codex/2026-09-27/i/work/art/aircraft-final-production-v3/stage/assets/build/frames/unit.SY.scout_drone/shadow/rearm/d06_f05.png'
13:45.146  render           | Saved: '/Users/mohammedkalouti/Documents/Codex/2026-09-27/i/work/art/aircraft-final-production-v3/stage/assets/build/frames/unit.SY.scout_drone/beauty/rearm/d07_f00.png'
13:46.369  render           | Saved: '/Users/mohammedkalouti/Documents/Codex/2026-09-27/i/work/art/aircraft-final-production-v3/stage/assets/build/frames/unit.SY.scout_drone/team/rearm/d07_f00.png'
13:47.835  render           | Saved: '/Users/mohammedkalouti/Documents/Codex/2026-09-27/i/work/art/aircraft-final-production-v3/stage/assets/build/frames/unit.SY.scout_drone/shadow/rearm/d07_f00.png'
13:48.408  render           | Saved: '/Users/mohammedkalouti/Documents/Codex/2026-09-27/i/work/art/aircraft-final-production-v3/stage/assets/build/frames/unit.SY.scout_drone/beauty/rearm/d07_f01.png'
13:48.903  render           | Saved: '/Users/mohammedkalouti/Documents/Codex/2026-09-27/i/work/art/aircraft-final-production-v3/stage/assets/build/frames/unit.SY.scout_drone/team/rearm/d07_f01.png'
13:49.707  render           | Saved: '/Users/mohammedkalouti/Documents/Codex/2026-09-27/i/work/art/aircraft-final-production-v3/stage/assets/build/frames/unit.SY.scout_drone/shadow/rearm/d07_f01.png'
13:50.238  render           | Saved: '/Users/mohammedkalouti/Documents/Codex/2026-09-27/i/work/art/aircraft-final-production-v3/stage/assets/build/frames/unit.SY.scout_drone/beauty/rearm/d07_f02.png'
13:50.725  render           | Saved: '/Users/mohammedkalouti/Documents/Codex/2026-09-27/i/work/art/aircraft-final-production-v3/stage/assets/build/frames/unit.SY.scout_drone/team/rearm/d07_f02.png'
13:51.522  render           | Saved: '/Users/mohammedkalouti/Documents/Codex/2026-09-27/i/work/art/aircraft-final-production-v3/stage/assets/build/frames/unit.SY.scout_drone/shadow/rearm/d07_f02.png'
13:52.045  render           | Saved: '/Users/mohammedkalouti/Documents/Codex/2026-09-27/i/work/art/aircraft-final-production-v3/stage/assets/build/frames/unit.SY.scout_drone/beauty/rearm/d07_f03.png'
13:52.530  render           | Saved: '/Users/mohammedkalouti/Documents/Codex/2026-09-27/i/work/art/aircraft-final-production-v3/stage/assets/build/frames/unit.SY.scout_drone/team/rearm/d07_f03.png'
13:53.344  render           | Saved: '/Users/mohammedkalouti/Documents/Codex/2026-09-27/i/work/art/aircraft-final-production-v3/stage/assets/build/frames/unit.SY.scout_drone/shadow/rearm/d07_f03.png'
13:53.880  render           | Saved: '/Users/mohammedkalouti/Documents/Codex/2026-09-27/i/work/art/aircraft-final-production-v3/stage/assets/build/frames/unit.SY.scout_drone/beauty/rearm/d07_f04.png'
13:54.398  render           | Saved: '/Users/mohammedkalouti/Documents/Codex/2026-09-27/i/work/art/aircraft-final-production-v3/stage/assets/build/frames/unit.SY.scout_drone/team/rearm/d07_f04.png'
13:55.215  render           | Saved: '/Users/mohammedkalouti/Documents/Codex/2026-09-27/i/work/art/aircraft-final-production-v3/stage/assets/build/frames/unit.SY.scout_drone/shadow/rearm/d07_f04.png'
13:55.733  render           | Saved: '/Users/mohammedkalouti/Documents/Codex/2026-09-27/i/work/art/aircraft-final-production-v3/stage/assets/build/frames/unit.SY.scout_drone/beauty/rearm/d07_f05.png'
13:56.230  render           | Saved: '/Users/mohammedkalouti/Documents/Codex/2026-09-27/i/work/art/aircraft-final-production-v3/stage/assets/build/frames/unit.SY.scout_drone/team/rearm/d07_f05.png'
13:57.060  render           | Saved: '/Users/mohammedkalouti/Documents/Codex/2026-09-27/i/work/art/aircraft-final-production-v3/stage/assets/build/frames/unit.SY.scout_drone/shadow/rearm/d07_f05.png'
13:57.645  render           | Saved: '/Users/mohammedkalouti/Documents/Codex/2026-09-27/i/work/art/aircraft-final-production-v3/stage/assets/build/frames/unit.SY.scout_drone/beauty/rearm/d08_f00.png'
13:58.126  render           | Saved: '/Users/mohammedkalouti/Documents/Codex/2026-09-27/i/work/art/aircraft-final-production-v3/stage/assets/build/frames/unit.SY.scout_drone/team/rearm/d08_f00.png'
13:58.932  render           | Saved: '/Users/mohammedkalouti/Documents/Codex/2026-09-27/i/work/art/aircraft-final-production-v3/stage/assets/build/frames/unit.SY.scout_drone/shadow/rearm/d08_f00.png'
13:59.476  render           | Saved: '/Users/mohammedkalouti/Documents/Codex/2026-09-27/i/work/art/aircraft-final-production-v3/stage/assets/build/frames/unit.SY.scout_drone/beauty/rearm/d08_f01.png'
13:59.949  render           | Saved: '/Users/mohammedkalouti/Documents/Codex/2026-09-27/i/work/art/aircraft-final-production-v3/stage/assets/build/frames/unit.SY.scout_drone/team/rearm/d08_f01.png'
14:00.762  render           | Saved: '/Users/mohammedkalouti/Documents/Codex/2026-09-27/i/work/art/aircraft-final-production-v3/stage/assets/build/frames/unit.SY.scout_drone/shadow/rearm/d08_f01.png'
14:01.284  render           | Saved: '/Users/mohammedkalouti/Documents/Codex/2026-09-27/i/work/art/aircraft-final-production-v3/stage/assets/build/frames/unit.SY.scout_drone/beauty/rearm/d08_f02.png'
14:01.763  render           | Saved: '/Users/mohammedkalouti/Documents/Codex/2026-09-27/i/work/art/aircraft-final-production-v3/stage/assets/build/frames/unit.SY.scout_drone/team/rearm/d08_f02.png'
14:02.550  render           | Saved: '/Users/mohammedkalouti/Documents/Codex/2026-09-27/i/work/art/aircraft-final-production-v3/stage/assets/build/frames/unit.SY.scout_drone/shadow/rearm/d08_f02.png'
14:03.063  render           | Saved: '/Users/mohammedkalouti/Documents/Codex/2026-09-27/i/work/art/aircraft-final-production-v3/stage/assets/build/frames/unit.SY.scout_drone/beauty/rearm/d08_f03.png'
14:03.534  render           | Saved: '/Users/mohammedkalouti/Documents/Codex/2026-09-27/i/work/art/aircraft-final-production-v3/stage/assets/build/frames/unit.SY.scout_drone/team/rearm/d08_f03.png'
14:04.326  render           | Saved: '/Users/mohammedkalouti/Documents/Codex/2026-09-27/i/work/art/aircraft-final-production-v3/stage/assets/build/frames/unit.SY.scout_drone/shadow/rearm/d08_f03.png'
14:04.847  render           | Saved: '/Users/mohammedkalouti/Documents/Codex/2026-09-27/i/work/art/aircraft-final-production-v3/stage/assets/build/frames/unit.SY.scout_drone/beauty/rearm/d08_f04.png'
14:05.372  render           | Saved: '/Users/mohammedkalouti/Documents/Codex/2026-09-27/i/work/art/aircraft-final-production-v3/stage/assets/build/frames/unit.SY.scout_drone/team/rearm/d08_f04.png'
14:06.218  render           | Saved: '/Users/mohammedkalouti/Documents/Codex/2026-09-27/i/work/art/aircraft-final-production-v3/stage/assets/build/frames/unit.SY.scout_drone/shadow/rearm/d08_f04.png'
14:06.746  render           | Saved: '/Users/mohammedkalouti/Documents/Codex/2026-09-27/i/work/art/aircraft-final-production-v3/stage/assets/build/frames/unit.SY.scout_drone/beauty/rearm/d08_f05.png'
14:07.255  render           | Saved: '/Users/mohammedkalouti/Documents/Codex/2026-09-27/i/work/art/aircraft-final-production-v3/stage/assets/build/frames/unit.SY.scout_drone/team/rearm/d08_f05.png'
14:08.086  render           | Saved: '/Users/mohammedkalouti/Documents/Codex/2026-09-27/i/work/art/aircraft-final-production-v3/stage/assets/build/frames/unit.SY.scout_drone/shadow/rearm/d08_f05.png'
14:08.609  render           | Saved: '/Users/mohammedkalouti/Documents/Codex/2026-09-27/i/work/art/aircraft-final-production-v3/stage/assets/build/frames/unit.SY.scout_drone/beauty/rearm/d09_f00.png'
14:09.122  render           | Saved: '/Users/mohammedkalouti/Documents/Codex/2026-09-27/i/work/art/aircraft-final-production-v3/stage/assets/build/frames/unit.SY.scout_drone/team/rearm/d09_f00.png'
14:09.941  render           | Saved: '/Users/mohammedkalouti/Documents/Codex/2026-09-27/i/work/art/aircraft-final-production-v3/stage/assets/build/frames/unit.SY.scout_drone/shadow/rearm/d09_f00.png'
14:10.504  render           | Saved: '/Users/mohammedkalouti/Documents/Codex/2026-09-27/i/work/art/aircraft-final-production-v3/stage/assets/build/frames/unit.SY.scout_drone/beauty/rearm/d09_f01.png'
14:11.010  render           | Saved: '/Users/mohammedkalouti/Documents/Codex/2026-09-27/i/work/art/aircraft-final-production-v3/stage/assets/build/frames/unit.SY.scout_drone/team/rearm/d09_f01.png'
14:11.805  render           | Saved: '/Users/mohammedkalouti/Documents/Codex/2026-09-27/i/work/art/aircraft-final-production-v3/stage/assets/build/frames/unit.SY.scout_drone/shadow/rearm/d09_f01.png'
14:12.315  render           | Saved: '/Users/mohammedkalouti/Documents/Codex/2026-09-27/i/work/art/aircraft-final-production-v3/stage/assets/build/frames/unit.SY.scout_drone/beauty/rearm/d09_f02.png'
14:12.784  render           | Saved: '/Users/mohammedkalouti/Documents/Codex/2026-09-27/i/work/art/aircraft-final-production-v3/stage/assets/build/frames/unit.SY.scout_drone/team/rearm/d09_f02.png'
14:13.592  render           | Saved: '/Users/mohammedkalouti/Documents/Codex/2026-09-27/i/work/art/aircraft-final-production-v3/stage/assets/build/frames/unit.SY.scout_drone/shadow/rearm/d09_f02.png'
14:14.135  render           | Saved: '/Users/mohammedkalouti/Documents/Codex/2026-09-27/i/work/art/aircraft-final-production-v3/stage/assets/build/frames/unit.SY.scout_drone/beauty/rearm/d09_f03.png'
14:14.627  render           | Saved: '/Users/mohammedkalouti/Documents/Codex/2026-09-27/i/work/art/aircraft-final-production-v3/stage/assets/build/frames/unit.SY.scout_drone/team/rearm/d09_f03.png'
14:15.425  render           | Saved: '/Users/mohammedkalouti/Documents/Codex/2026-09-27/i/work/art/aircraft-final-production-v3/stage/assets/build/frames/unit.SY.scout_drone/shadow/rearm/d09_f03.png'
14:15.958  render           | Saved: '/Users/mohammedkalouti/Documents/Codex/2026-09-27/i/work/art/aircraft-final-production-v3/stage/assets/build/frames/unit.SY.scout_drone/beauty/rearm/d09_f04.png'
14:16.432  render           | Saved: '/Users/mohammedkalouti/Documents/Codex/2026-09-27/i/work/art/aircraft-final-production-v3/stage/assets/build/frames/unit.SY.scout_drone/team/rearm/d09_f04.png'
14:17.221  render           | Saved: '/Users/mohammedkalouti/Documents/Codex/2026-09-27/i/work/art/aircraft-final-production-v3/stage/assets/build/frames/unit.SY.scout_drone/shadow/rearm/d09_f04.png'
14:17.740  render           | Saved: '/Users/mohammedkalouti/Documents/Codex/2026-09-27/i/work/art/aircraft-final-production-v3/stage/assets/build/frames/unit.SY.scout_drone/beauty/rearm/d09_f05.png'
14:18.268  render           | Saved: '/Users/mohammedkalouti/Documents/Codex/2026-09-27/i/work/art/aircraft-final-production-v3/stage/assets/build/frames/unit.SY.scout_drone/team/rearm/d09_f05.png'
14:19.070  render           | Saved: '/Users/mohammedkalouti/Documents/Codex/2026-09-27/i/work/art/aircraft-final-production-v3/stage/assets/build/frames/unit.SY.scout_drone/shadow/rearm/d09_f05.png'
14:19.633  render           | Saved: '/Users/mohammedkalouti/Documents/Codex/2026-09-27/i/work/art/aircraft-final-production-v3/stage/assets/build/frames/unit.SY.scout_drone/beauty/rearm/d10_f00.png'
14:20.120  render           | Saved: '/Users/mohammedkalouti/Documents/Codex/2026-09-27/i/work/art/aircraft-final-production-v3/stage/assets/build/frames/unit.SY.scout_drone/team/rearm/d10_f00.png'
14:20.930  render           | Saved: '/Users/mohammedkalouti/Documents/Codex/2026-09-27/i/work/art/aircraft-final-production-v3/stage/assets/build/frames/unit.SY.scout_drone/shadow/rearm/d10_f00.png'
14:21.461  render           | Saved: '/Users/mohammedkalouti/Documents/Codex/2026-09-27/i/work/art/aircraft-final-production-v3/stage/assets/build/frames/unit.SY.scout_drone/beauty/rearm/d10_f01.png'
14:21.942  render           | Saved: '/Users/mohammedkalouti/Documents/Codex/2026-09-27/i/work/art/aircraft-final-production-v3/stage/assets/build/frames/unit.SY.scout_drone/team/rearm/d10_f01.png'
14:22.777  render           | Saved: '/Users/mohammedkalouti/Documents/Codex/2026-09-27/i/work/art/aircraft-final-production-v3/stage/assets/build/frames/unit.SY.scout_drone/shadow/rearm/d10_f01.png'
14:23.322  render           | Saved: '/Users/mohammedkalouti/Documents/Codex/2026-09-27/i/work/art/aircraft-final-production-v3/stage/assets/build/frames/unit.SY.scout_drone/beauty/rearm/d10_f02.png'
14:23.795  render           | Saved: '/Users/mohammedkalouti/Documents/Codex/2026-09-27/i/work/art/aircraft-final-production-v3/stage/assets/build/frames/unit.SY.scout_drone/team/rearm/d10_f02.png'
14:24.572  render           | Saved: '/Users/mohammedkalouti/Documents/Codex/2026-09-27/i/work/art/aircraft-final-production-v3/stage/assets/build/frames/unit.SY.scout_drone/shadow/rearm/d10_f02.png'
14:25.086  render           | Saved: '/Users/mohammedkalouti/Documents/Codex/2026-09-27/i/work/art/aircraft-final-production-v3/stage/assets/build/frames/unit.SY.scout_drone/beauty/rearm/d10_f03.png'
14:25.575  render           | Saved: '/Users/mohammedkalouti/Documents/Codex/2026-09-27/i/work/art/aircraft-final-production-v3/stage/assets/build/frames/unit.SY.scout_drone/team/rearm/d10_f03.png'
14:26.383  render           | Saved: '/Users/mohammedkalouti/Documents/Codex/2026-09-27/i/work/art/aircraft-final-production-v3/stage/assets/build/frames/unit.SY.scout_drone/shadow/rearm/d10_f03.png'
14:26.927  render           | Saved: '/Users/mohammedkalouti/Documents/Codex/2026-09-27/i/work/art/aircraft-final-production-v3/stage/assets/build/frames/unit.SY.scout_drone/beauty/rearm/d10_f04.png'
14:27.441  render           | Saved: '/Users/mohammedkalouti/Documents/Codex/2026-09-27/i/work/art/aircraft-final-production-v3/stage/assets/build/frames/unit.SY.scout_drone/team/rearm/d10_f04.png'
14:28.245  render           | Saved: '/Users/mohammedkalouti/Documents/Codex/2026-09-27/i/work/art/aircraft-final-production-v3/stage/assets/build/frames/unit.SY.scout_drone/shadow/rearm/d10_f04.png'
14:28.766  render           | Saved: '/Users/mohammedkalouti/Documents/Codex/2026-09-27/i/work/art/aircraft-final-production-v3/stage/assets/build/frames/unit.SY.scout_drone/beauty/rearm/d10_f05.png'
14:29.248  render           | Saved: '/Users/mohammedkalouti/Documents/Codex/2026-09-27/i/work/art/aircraft-final-production-v3/stage/assets/build/frames/unit.SY.scout_drone/team/rearm/d10_f05.png'
14:30.052  render           | Saved: '/Users/mohammedkalouti/Documents/Codex/2026-09-27/i/work/art/aircraft-final-production-v3/stage/assets/build/frames/unit.SY.scout_drone/shadow/rearm/d10_f05.png'
14:30.605  render           | Saved: '/Users/mohammedkalouti/Documents/Codex/2026-09-27/i/work/art/aircraft-final-production-v3/stage/assets/build/frames/unit.SY.scout_drone/beauty/rearm/d11_f00.png'
14:31.080  render           | Saved: '/Users/mohammedkalouti/Documents/Codex/2026-09-27/i/work/art/aircraft-final-production-v3/stage/assets/build/frames/unit.SY.scout_drone/team/rearm/d11_f00.png'
14:31.875  render           | Saved: '/Users/mohammedkalouti/Documents/Codex/2026-09-27/i/work/art/aircraft-final-production-v3/stage/assets/build/frames/unit.SY.scout_drone/shadow/rearm/d11_f00.png'
14:32.446  render           | Saved: '/Users/mohammedkalouti/Documents/Codex/2026-09-27/i/work/art/aircraft-final-production-v3/stage/assets/build/frames/unit.SY.scout_drone/beauty/rearm/d11_f01.png'
14:32.930  render           | Saved: '/Users/mohammedkalouti/Documents/Codex/2026-09-27/i/work/art/aircraft-final-production-v3/stage/assets/build/frames/unit.SY.scout_drone/team/rearm/d11_f01.png'
14:33.722  render           | Saved: '/Users/mohammedkalouti/Documents/Codex/2026-09-27/i/work/art/aircraft-final-production-v3/stage/assets/build/frames/unit.SY.scout_drone/shadow/rearm/d11_f01.png'
14:34.249  render           | Saved: '/Users/mohammedkalouti/Documents/Codex/2026-09-27/i/work/art/aircraft-final-production-v3/stage/assets/build/frames/unit.SY.scout_drone/beauty/rearm/d11_f02.png'
14:34.766  render           | Saved: '/Users/mohammedkalouti/Documents/Codex/2026-09-27/i/work/art/aircraft-final-production-v3/stage/assets/build/frames/unit.SY.scout_drone/team/rearm/d11_f02.png'
14:35.576  render           | Saved: '/Users/mohammedkalouti/Documents/Codex/2026-09-27/i/work/art/aircraft-final-production-v3/stage/assets/build/frames/unit.SY.scout_drone/shadow/rearm/d11_f02.png'
14:36.103  render           | Saved: '/Users/mohammedkalouti/Documents/Codex/2026-09-27/i/work/art/aircraft-final-production-v3/stage/assets/build/frames/unit.SY.scout_drone/beauty/rearm/d11_f03.png'
14:36.582  render           | Saved: '/Users/mohammedkalouti/Documents/Codex/2026-09-27/i/work/art/aircraft-final-production-v3/stage/assets/build/frames/unit.SY.scout_drone/team/rearm/d11_f03.png'
14:37.389  render           | Saved: '/Users/mohammedkalouti/Documents/Codex/2026-09-27/i/work/art/aircraft-final-production-v3/stage/assets/build/frames/unit.SY.scout_drone/shadow/rearm/d11_f03.png'
14:37.910  render           | Saved: '/Users/mohammedkalouti/Documents/Codex/2026-09-27/i/work/art/aircraft-final-production-v3/stage/assets/build/frames/unit.SY.scout_drone/beauty/rearm/d11_f04.png'
14:38.380  render           | Saved: '/Users/mohammedkalouti/Documents/Codex/2026-09-27/i/work/art/aircraft-final-production-v3/stage/assets/build/frames/unit.SY.scout_drone/team/rearm/d11_f04.png'
14:39.167  render           | Saved: '/Users/mohammedkalouti/Documents/Codex/2026-09-27/i/work/art/aircraft-final-production-v3/stage/assets/build/frames/unit.SY.scout_drone/shadow/rearm/d11_f04.png'
14:39.678  render           | Saved: '/Users/mohammedkalouti/Documents/Codex/2026-09-27/i/work/art/aircraft-final-production-v3/stage/assets/build/frames/unit.SY.scout_drone/beauty/rearm/d11_f05.png'
14:40.150  render           | Saved: '/Users/mohammedkalouti/Documents/Codex/2026-09-27/i/work/art/aircraft-final-production-v3/stage/assets/build/frames/unit.SY.scout_drone/team/rearm/d11_f05.png'
14:40.965  render           | Saved: '/Users/mohammedkalouti/Documents/Codex/2026-09-27/i/work/art/aircraft-final-production-v3/stage/assets/build/frames/unit.SY.scout_drone/shadow/rearm/d11_f05.png'
14:41.479  render           | Saved: '/Users/mohammedkalouti/Documents/Codex/2026-09-27/i/work/art/aircraft-final-production-v3/stage/assets/build/frames/unit.SY.scout_drone/beauty/rearm/d12_f00.png'
14:41.949  render           | Saved: '/Users/mohammedkalouti/Documents/Codex/2026-09-27/i/work/art/aircraft-final-production-v3/stage/assets/build/frames/unit.SY.scout_drone/team/rearm/d12_f00.png'
14:42.757  render           | Saved: '/Users/mohammedkalouti/Documents/Codex/2026-09-27/i/work/art/aircraft-final-production-v3/stage/assets/build/frames/unit.SY.scout_drone/shadow/rearm/d12_f00.png'
14:43.368  render           | Saved: '/Users/mohammedkalouti/Documents/Codex/2026-09-27/i/work/art/aircraft-final-production-v3/stage/assets/build/frames/unit.SY.scout_drone/beauty/rearm/d12_f01.png'
14:43.949  render           | Saved: '/Users/mohammedkalouti/Documents/Codex/2026-09-27/i/work/art/aircraft-final-production-v3/stage/assets/build/frames/unit.SY.scout_drone/team/rearm/d12_f01.png'
14:44.843  render           | Saved: '/Users/mohammedkalouti/Documents/Codex/2026-09-27/i/work/art/aircraft-final-production-v3/stage/assets/build/frames/unit.SY.scout_drone/shadow/rearm/d12_f01.png'
14:45.431  render           | Saved: '/Users/mohammedkalouti/Documents/Codex/2026-09-27/i/work/art/aircraft-final-production-v3/stage/assets/build/frames/unit.SY.scout_drone/beauty/rearm/d12_f02.png'
14:45.994  render           | Saved: '/Users/mohammedkalouti/Documents/Codex/2026-09-27/i/work/art/aircraft-final-production-v3/stage/assets/build/frames/unit.SY.scout_drone/team/rearm/d12_f02.png'
14:47.056  render           | Saved: '/Users/mohammedkalouti/Documents/Codex/2026-09-27/i/work/art/aircraft-final-production-v3/stage/assets/build/frames/unit.SY.scout_drone/shadow/rearm/d12_f02.png'
14:47.663  render           | Saved: '/Users/mohammedkalouti/Documents/Codex/2026-09-27/i/work/art/aircraft-final-production-v3/stage/assets/build/frames/unit.SY.scout_drone/beauty/rearm/d12_f03.png'
14:48.250  render           | Saved: '/Users/mohammedkalouti/Documents/Codex/2026-09-27/i/work/art/aircraft-final-production-v3/stage/assets/build/frames/unit.SY.scout_drone/team/rearm/d12_f03.png'
14:49.201  render           | Saved: '/Users/mohammedkalouti/Documents/Codex/2026-09-27/i/work/art/aircraft-final-production-v3/stage/assets/build/frames/unit.SY.scout_drone/shadow/rearm/d12_f03.png'
14:49.826  render           | Saved: '/Users/mohammedkalouti/Documents/Codex/2026-09-27/i/work/art/aircraft-final-production-v3/stage/assets/build/frames/unit.SY.scout_drone/beauty/rearm/d12_f04.png'
14:50.380  render           | Saved: '/Users/mohammedkalouti/Documents/Codex/2026-09-27/i/work/art/aircraft-final-production-v3/stage/assets/build/frames/unit.SY.scout_drone/team/rearm/d12_f04.png'
14:51.354  render           | Saved: '/Users/mohammedkalouti/Documents/Codex/2026-09-27/i/work/art/aircraft-final-production-v3/stage/assets/build/frames/unit.SY.scout_drone/shadow/rearm/d12_f04.png'
14:52.052  render           | Saved: '/Users/mohammedkalouti/Documents/Codex/2026-09-27/i/work/art/aircraft-final-production-v3/stage/assets/build/frames/unit.SY.scout_drone/beauty/rearm/d12_f05.png'
14:52.613  render           | Saved: '/Users/mohammedkalouti/Documents/Codex/2026-09-27/i/work/art/aircraft-final-production-v3/stage/assets/build/frames/unit.SY.scout_drone/team/rearm/d12_f05.png'
14:53.622  render           | Saved: '/Users/mohammedkalouti/Documents/Codex/2026-09-27/i/work/art/aircraft-final-production-v3/stage/assets/build/frames/unit.SY.scout_drone/shadow/rearm/d12_f05.png'
14:54.228  render           | Saved: '/Users/mohammedkalouti/Documents/Codex/2026-09-27/i/work/art/aircraft-final-production-v3/stage/assets/build/frames/unit.SY.scout_drone/beauty/rearm/d13_f00.png'
14:54.771  render           | Saved: '/Users/mohammedkalouti/Documents/Codex/2026-09-27/i/work/art/aircraft-final-production-v3/stage/assets/build/frames/unit.SY.scout_drone/team/rearm/d13_f00.png'
14:55.601  render           | Saved: '/Users/mohammedkalouti/Documents/Codex/2026-09-27/i/work/art/aircraft-final-production-v3/stage/assets/build/frames/unit.SY.scout_drone/shadow/rearm/d13_f00.png'
14:56.153  render           | Saved: '/Users/mohammedkalouti/Documents/Codex/2026-09-27/i/work/art/aircraft-final-production-v3/stage/assets/build/frames/unit.SY.scout_drone/beauty/rearm/d13_f01.png'
14:56.661  render           | Saved: '/Users/mohammedkalouti/Documents/Codex/2026-09-27/i/work/art/aircraft-final-production-v3/stage/assets/build/frames/unit.SY.scout_drone/team/rearm/d13_f01.png'
14:57.506  render           | Saved: '/Users/mohammedkalouti/Documents/Codex/2026-09-27/i/work/art/aircraft-final-production-v3/stage/assets/build/frames/unit.SY.scout_drone/shadow/rearm/d13_f01.png'
14:58.044  render           | Saved: '/Users/mohammedkalouti/Documents/Codex/2026-09-27/i/work/art/aircraft-final-production-v3/stage/assets/build/frames/unit.SY.scout_drone/beauty/rearm/d13_f02.png'
14:58.572  render           | Saved: '/Users/mohammedkalouti/Documents/Codex/2026-09-27/i/work/art/aircraft-final-production-v3/stage/assets/build/frames/unit.SY.scout_drone/team/rearm/d13_f02.png'
14:59.434  render           | Saved: '/Users/mohammedkalouti/Documents/Codex/2026-09-27/i/work/art/aircraft-final-production-v3/stage/assets/build/frames/unit.SY.scout_drone/shadow/rearm/d13_f02.png'
15:00.008  render           | Saved: '/Users/mohammedkalouti/Documents/Codex/2026-09-27/i/work/art/aircraft-final-production-v3/stage/assets/build/frames/unit.SY.scout_drone/beauty/rearm/d13_f03.png'
15:00.533  render           | Saved: '/Users/mohammedkalouti/Documents/Codex/2026-09-27/i/work/art/aircraft-final-production-v3/stage/assets/build/frames/unit.SY.scout_drone/team/rearm/d13_f03.png'
15:01.386  render           | Saved: '/Users/mohammedkalouti/Documents/Codex/2026-09-27/i/work/art/aircraft-final-production-v3/stage/assets/build/frames/unit.SY.scout_drone/shadow/rearm/d13_f03.png'
15:01.941  render           | Saved: '/Users/mohammedkalouti/Documents/Codex/2026-09-27/i/work/art/aircraft-final-production-v3/stage/assets/build/frames/unit.SY.scout_drone/beauty/rearm/d13_f04.png'
15:02.473  render           | Saved: '/Users/mohammedkalouti/Documents/Codex/2026-09-27/i/work/art/aircraft-final-production-v3/stage/assets/build/frames/unit.SY.scout_drone/team/rearm/d13_f04.png'
15:03.317  render           | Saved: '/Users/mohammedkalouti/Documents/Codex/2026-09-27/i/work/art/aircraft-final-production-v3/stage/assets/build/frames/unit.SY.scout_drone/shadow/rearm/d13_f04.png'
15:03.860  render           | Saved: '/Users/mohammedkalouti/Documents/Codex/2026-09-27/i/work/art/aircraft-final-production-v3/stage/assets/build/frames/unit.SY.scout_drone/beauty/rearm/d13_f05.png'
15:04.419  render           | Saved: '/Users/mohammedkalouti/Documents/Codex/2026-09-27/i/work/art/aircraft-final-production-v3/stage/assets/build/frames/unit.SY.scout_drone/team/rearm/d13_f05.png'
15:05.339  render           | Saved: '/Users/mohammedkalouti/Documents/Codex/2026-09-27/i/work/art/aircraft-final-production-v3/stage/assets/build/frames/unit.SY.scout_drone/shadow/rearm/d13_f05.png'
15:05.927  render           | Saved: '/Users/mohammedkalouti/Documents/Codex/2026-09-27/i/work/art/aircraft-final-production-v3/stage/assets/build/frames/unit.SY.scout_drone/beauty/rearm/d14_f00.png'
15:06.457  render           | Saved: '/Users/mohammedkalouti/Documents/Codex/2026-09-27/i/work/art/aircraft-final-production-v3/stage/assets/build/frames/unit.SY.scout_drone/team/rearm/d14_f00.png'
15:07.253  render           | Saved: '/Users/mohammedkalouti/Documents/Codex/2026-09-27/i/work/art/aircraft-final-production-v3/stage/assets/build/frames/unit.SY.scout_drone/shadow/rearm/d14_f00.png'
15:07.802  render           | Saved: '/Users/mohammedkalouti/Documents/Codex/2026-09-27/i/work/art/aircraft-final-production-v3/stage/assets/build/frames/unit.SY.scout_drone/beauty/rearm/d14_f01.png'
15:08.341  render           | Saved: '/Users/mohammedkalouti/Documents/Codex/2026-09-27/i/work/art/aircraft-final-production-v3/stage/assets/build/frames/unit.SY.scout_drone/team/rearm/d14_f01.png'
15:09.227  render           | Saved: '/Users/mohammedkalouti/Documents/Codex/2026-09-27/i/work/art/aircraft-final-production-v3/stage/assets/build/frames/unit.SY.scout_drone/shadow/rearm/d14_f01.png'
15:09.759  render           | Saved: '/Users/mohammedkalouti/Documents/Codex/2026-09-27/i/work/art/aircraft-final-production-v3/stage/assets/build/frames/unit.SY.scout_drone/beauty/rearm/d14_f02.png'
15:10.254  render           | Saved: '/Users/mohammedkalouti/Documents/Codex/2026-09-27/i/work/art/aircraft-final-production-v3/stage/assets/build/frames/unit.SY.scout_drone/team/rearm/d14_f02.png'
15:11.068  render           | Saved: '/Users/mohammedkalouti/Documents/Codex/2026-09-27/i/work/art/aircraft-final-production-v3/stage/assets/build/frames/unit.SY.scout_drone/shadow/rearm/d14_f02.png'
15:11.624  render           | Saved: '/Users/mohammedkalouti/Documents/Codex/2026-09-27/i/work/art/aircraft-final-production-v3/stage/assets/build/frames/unit.SY.scout_drone/beauty/rearm/d14_f03.png'
15:12.116  render           | Saved: '/Users/mohammedkalouti/Documents/Codex/2026-09-27/i/work/art/aircraft-final-production-v3/stage/assets/build/frames/unit.SY.scout_drone/team/rearm/d14_f03.png'
15:12.929  render           | Saved: '/Users/mohammedkalouti/Documents/Codex/2026-09-27/i/work/art/aircraft-final-production-v3/stage/assets/build/frames/unit.SY.scout_drone/shadow/rearm/d14_f03.png'
15:13.514  render           | Saved: '/Users/mohammedkalouti/Documents/Codex/2026-09-27/i/work/art/aircraft-final-production-v3/stage/assets/build/frames/unit.SY.scout_drone/beauty/rearm/d14_f04.png'
15:14.018  render           | Saved: '/Users/mohammedkalouti/Documents/Codex/2026-09-27/i/work/art/aircraft-final-production-v3/stage/assets/build/frames/unit.SY.scout_drone/team/rearm/d14_f04.png'
15:14.824  render           | Saved: '/Users/mohammedkalouti/Documents/Codex/2026-09-27/i/work/art/aircraft-final-production-v3/stage/assets/build/frames/unit.SY.scout_drone/shadow/rearm/d14_f04.png'
15:15.368  render           | Saved: '/Users/mohammedkalouti/Documents/Codex/2026-09-27/i/work/art/aircraft-final-production-v3/stage/assets/build/frames/unit.SY.scout_drone/beauty/rearm/d14_f05.png'
15:15.865  render           | Saved: '/Users/mohammedkalouti/Documents/Codex/2026-09-27/i/work/art/aircraft-final-production-v3/stage/assets/build/frames/unit.SY.scout_drone/team/rearm/d14_f05.png'
15:16.731  render           | Saved: '/Users/mohammedkalouti/Documents/Codex/2026-09-27/i/work/art/aircraft-final-production-v3/stage/assets/build/frames/unit.SY.scout_drone/shadow/rearm/d14_f05.png'
15:17.257  render           | Saved: '/Users/mohammedkalouti/Documents/Codex/2026-09-27/i/work/art/aircraft-final-production-v3/stage/assets/build/frames/unit.SY.scout_drone/beauty/rearm/d15_f00.png'
15:17.740  render           | Saved: '/Users/mohammedkalouti/Documents/Codex/2026-09-27/i/work/art/aircraft-final-production-v3/stage/assets/build/frames/unit.SY.scout_drone/team/rearm/d15_f00.png'
15:18.547  render           | Saved: '/Users/mohammedkalouti/Documents/Codex/2026-09-27/i/work/art/aircraft-final-production-v3/stage/assets/build/frames/unit.SY.scout_drone/shadow/rearm/d15_f00.png'
15:19.088  render           | Saved: '/Users/mohammedkalouti/Documents/Codex/2026-09-27/i/work/art/aircraft-final-production-v3/stage/assets/build/frames/unit.SY.scout_drone/beauty/rearm/d15_f01.png'
15:19.729  render           | Saved: '/Users/mohammedkalouti/Documents/Codex/2026-09-27/i/work/art/aircraft-final-production-v3/stage/assets/build/frames/unit.SY.scout_drone/team/rearm/d15_f01.png'
15:20.579  render           | Saved: '/Users/mohammedkalouti/Documents/Codex/2026-09-27/i/work/art/aircraft-final-production-v3/stage/assets/build/frames/unit.SY.scout_drone/shadow/rearm/d15_f01.png'
15:21.166  render           | Saved: '/Users/mohammedkalouti/Documents/Codex/2026-09-27/i/work/art/aircraft-final-production-v3/stage/assets/build/frames/unit.SY.scout_drone/beauty/rearm/d15_f02.png'
15:21.676  render           | Saved: '/Users/mohammedkalouti/Documents/Codex/2026-09-27/i/work/art/aircraft-final-production-v3/stage/assets/build/frames/unit.SY.scout_drone/team/rearm/d15_f02.png'
15:22.457  render           | Saved: '/Users/mohammedkalouti/Documents/Codex/2026-09-27/i/work/art/aircraft-final-production-v3/stage/assets/build/frames/unit.SY.scout_drone/shadow/rearm/d15_f02.png'
15:22.989  render           | Saved: '/Users/mohammedkalouti/Documents/Codex/2026-09-27/i/work/art/aircraft-final-production-v3/stage/assets/build/frames/unit.SY.scout_drone/beauty/rearm/d15_f03.png'
15:23.513  render           | Saved: '/Users/mohammedkalouti/Documents/Codex/2026-09-27/i/work/art/aircraft-final-production-v3/stage/assets/build/frames/unit.SY.scout_drone/team/rearm/d15_f03.png'
15:24.318  render           | Saved: '/Users/mohammedkalouti/Documents/Codex/2026-09-27/i/work/art/aircraft-final-production-v3/stage/assets/build/frames/unit.SY.scout_drone/shadow/rearm/d15_f03.png'
15:24.862  render           | Saved: '/Users/mohammedkalouti/Documents/Codex/2026-09-27/i/work/art/aircraft-final-production-v3/stage/assets/build/frames/unit.SY.scout_drone/beauty/rearm/d15_f04.png'
15:25.354  render           | Saved: '/Users/mohammedkalouti/Documents/Codex/2026-09-27/i/work/art/aircraft-final-production-v3/stage/assets/build/frames/unit.SY.scout_drone/team/rearm/d15_f04.png'
15:26.144  render           | Saved: '/Users/mohammedkalouti/Documents/Codex/2026-09-27/i/work/art/aircraft-final-production-v3/stage/assets/build/frames/unit.SY.scout_drone/shadow/rearm/d15_f04.png'
15:26.704  render           | Saved: '/Users/mohammedkalouti/Documents/Codex/2026-09-27/i/work/art/aircraft-final-production-v3/stage/assets/build/frames/unit.SY.scout_drone/beauty/rearm/d15_f05.png'
15:27.236  render           | Saved: '/Users/mohammedkalouti/Documents/Codex/2026-09-27/i/work/art/aircraft-final-production-v3/stage/assets/build/frames/unit.SY.scout_drone/team/rearm/d15_f05.png'
15:28.047  render           | Saved: '/Users/mohammedkalouti/Documents/Codex/2026-09-27/i/work/art/aircraft-final-production-v3/stage/assets/build/frames/unit.SY.scout_drone/shadow/rearm/d15_f05.png'
Info: Saved as "unit.SY.scout_drone.blend"
FC_REUSED_POSES unit.SY.scout_drone poses=0
FC_RENDER_DONE unit.SY.scout_drone poses=464 seconds=927.7
Blender 5.2.2 LTS (hash d13f752e3b9c built 2026-09-15 01:49:19)

Blender quit
