00:01.028  render           | Saved: '/Users/mohammedkalouti/Documents/Codex/2026-09-27/i/work/art/aircraft-final-production-v3/stage/assets/build/frames/unit.IR.fighter/beauty/fly/d00_f00.png'
00:01.498  render           | Saved: '/Users/mohammedkalouti/Documents/Codex/2026-09-27/i/work/art/aircraft-final-production-v3/stage/assets/build/frames/unit.IR.fighter/team/fly/d00_f00.png'
00:02.459  render           | Saved: '/Users/mohammedkalouti/Documents/Codex/2026-09-27/i/work/art/aircraft-final-production-v3/stage/assets/build/frames/unit.IR.fighter/shadow/fly/d00_f00.png'
00:03.074  render           | Saved: '/Users/mohammedkalouti/Documents/Codex/2026-09-27/i/work/art/aircraft-final-production-v3/stage/assets/build/frames/unit.IR.fighter/beauty/fly/d00_f01.png'
00:03.643  render           | Saved: '/Users/mohammedkalouti/Documents/Codex/2026-09-27/i/work/art/aircraft-final-production-v3/stage/assets/build/frames/unit.IR.fighter/team/fly/d00_f01.png'
00:04.575  render           | Saved: '/Users/mohammedkalouti/Documents/Codex/2026-09-27/i/work/art/aircraft-final-production-v3/stage/assets/build/frames/unit.IR.fighter/shadow/fly/d00_f01.png'
00:05.130  render           | Saved: '/Users/mohammedkalouti/Documents/Codex/2026-09-27/i/work/art/aircraft-final-production-v3/stage/assets/build/frames/unit.IR.fighter/beauty/fly/d00_f02.png'
00:05.596  render           | Saved: '/Users/mohammedkalouti/Documents/Codex/2026-09-27/i/work/art/aircraft-final-production-v3/stage/assets/build/frames/unit.IR.fighter/team/fly/d00_f02.png'
00:06.396  render           | Saved: '/Users/mohammedkalouti/Documents/Codex/2026-09-27/i/work/art/aircraft-final-production-v3/stage/assets/build/frames/unit.IR.fighter/shadow/fly/d00_f02.png'
00:06.937  render           | Saved: '/Users/mohammedkalouti/Documents/Codex/2026-09-27/i/work/art/aircraft-final-production-v3/stage/assets/build/frames/unit.IR.fighter/beauty/fly/d01_f00.png'
00:07.404  render           | Saved: '/Users/mohammedkalouti/Documents/Codex/2026-09-27/i/work/art/aircraft-final-production-v3/stage/assets/build/frames/unit.IR.fighter/team/fly/d01_f00.png'
00:08.207  render           | Saved: '/Users/mohammedkalouti/Documents/Codex/2026-09-27/i/work/art/aircraft-final-production-v3/stage/assets/build/frames/unit.IR.fighter/shadow/fly/d01_f00.png'
00:08.731  render           | Saved: '/Users/mohammedkalouti/Documents/Codex/2026-09-27/i/work/art/aircraft-final-production-v3/stage/assets/build/frames/unit.IR.fighter/beauty/fly/d01_f01.png'
00:09.215  render           | Saved: '/Users/mohammedkalouti/Documents/Codex/2026-09-27/i/work/art/aircraft-final-production-v3/stage/assets/build/frames/unit.IR.fighter/team/fly/d01_f01.png'
00:10.062  render           | Saved: '/Users/mohammedkalouti/Documents/Codex/2026-09-27/i/work/art/aircraft-final-production-v3/stage/assets/build/frames/unit.IR.fighter/shadow/fly/d01_f01.png'
00:10.602  render           | Saved: '/Users/mohammedkalouti/Documents/Codex/2026-09-27/i/work/art/aircraft-final-production-v3/stage/assets/build/frames/unit.IR.fighter/beauty/fly/d01_f02.png'
00:11.083  render           | Saved: '/Users/mohammedkalouti/Documents/Codex/2026-09-27/i/work/art/aircraft-final-production-v3/stage/assets/build/frames/unit.IR.fighter/team/fly/d01_f02.png'
00:11.903  render           | Saved: '/Users/mohammedkalouti/Documents/Codex/2026-09-27/i/work/art/aircraft-final-production-v3/stage/assets/build/frames/unit.IR.fighter/shadow/fly/d01_f02.png'
00:12.441  render           | Saved: '/Users/mohammedkalouti/Documents/Codex/2026-09-27/i/work/art/aircraft-final-production-v3/stage/assets/build/frames/unit.IR.fighter/beauty/fly/d02_f00.png'
00:12.907  render           | Saved: '/Users/mohammedkalouti/Documents/Codex/2026-09-27/i/work/art/aircraft-final-production-v3/stage/assets/build/frames/unit.IR.fighter/team/fly/d02_f00.png'
00:13.706  render           | Saved: '/Users/mohammedkalouti/Documents/Codex/2026-09-27/i/work/art/aircraft-final-production-v3/stage/assets/build/frames/unit.IR.fighter/shadow/fly/d02_f00.png'
00:14.250  render           | Saved: '/Users/mohammedkalouti/Documents/Codex/2026-09-27/i/work/art/aircraft-final-production-v3/stage/assets/build/frames/unit.IR.fighter/beauty/fly/d02_f01.png'
00:14.728  render           | Saved: '/Users/mohammedkalouti/Documents/Codex/2026-09-27/i/work/art/aircraft-final-production-v3/stage/assets/build/frames/unit.IR.fighter/team/fly/d02_f01.png'
00:15.539  render           | Saved: '/Users/mohammedkalouti/Documents/Codex/2026-09-27/i/work/art/aircraft-final-production-v3/stage/assets/build/frames/unit.IR.fighter/shadow/fly/d02_f01.png'
00:16.081  render           | Saved: '/Users/mohammedkalouti/Documents/Codex/2026-09-27/i/work/art/aircraft-final-production-v3/stage/assets/build/frames/unit.IR.fighter/beauty/fly/d02_f02.png'
00:16.557  render           | Saved: '/Users/mohammedkalouti/Documents/Codex/2026-09-27/i/work/art/aircraft-final-production-v3/stage/assets/build/frames/unit.IR.fighter/team/fly/d02_f02.png'
00:17.371  render           | Saved: '/Users/mohammedkalouti/Documents/Codex/2026-09-27/i/work/art/aircraft-final-production-v3/stage/assets/build/frames/unit.IR.fighter/shadow/fly/d02_f02.png'
00:17.904  render           | Saved: '/Users/mohammedkalouti/Documents/Codex/2026-09-27/i/work/art/aircraft-final-production-v3/stage/assets/build/frames/unit.IR.fighter/beauty/fly/d03_f00.png'
00:18.379  render           | Saved: '/Users/mohammedkalouti/Documents/Codex/2026-09-27/i/work/art/aircraft-final-production-v3/stage/assets/build/frames/unit.IR.fighter/team/fly/d03_f00.png'
00:19.195  render           | Saved: '/Users/mohammedkalouti/Documents/Codex/2026-09-27/i/work/art/aircraft-final-production-v3/stage/assets/build/frames/unit.IR.fighter/shadow/fly/d03_f00.png'
00:19.735  render           | Saved: '/Users/mohammedkalouti/Documents/Codex/2026-09-27/i/work/art/aircraft-final-production-v3/stage/assets/build/frames/unit.IR.fighter/beauty/fly/d03_f01.png'
00:20.212  render           | Saved: '/Users/mohammedkalouti/Documents/Codex/2026-09-27/i/work/art/aircraft-final-production-v3/stage/assets/build/frames/unit.IR.fighter/team/fly/d03_f01.png'
00:21.021  render           | Saved: '/Users/mohammedkalouti/Documents/Codex/2026-09-27/i/work/art/aircraft-final-production-v3/stage/assets/build/frames/unit.IR.fighter/shadow/fly/d03_f01.png'
00:21.554  render           | Saved: '/Users/mohammedkalouti/Documents/Codex/2026-09-27/i/work/art/aircraft-final-production-v3/stage/assets/build/frames/unit.IR.fighter/beauty/fly/d03_f02.png'
00:22.029  render           | Saved: '/Users/mohammedkalouti/Documents/Codex/2026-09-27/i/work/art/aircraft-final-production-v3/stage/assets/build/frames/unit.IR.fighter/team/fly/d03_f02.png'
00:22.831  render           | Saved: '/Users/mohammedkalouti/Documents/Codex/2026-09-27/i/work/art/aircraft-final-production-v3/stage/assets/build/frames/unit.IR.fighter/shadow/fly/d03_f02.png'
00:23.393  render           | Saved: '/Users/mohammedkalouti/Documents/Codex/2026-09-27/i/work/art/aircraft-final-production-v3/stage/assets/build/frames/unit.IR.fighter/beauty/fly/d04_f00.png'
00:23.941  render           | Saved: '/Users/mohammedkalouti/Documents/Codex/2026-09-27/i/work/art/aircraft-final-production-v3/stage/assets/build/frames/unit.IR.fighter/team/fly/d04_f00.png'
00:24.778  render           | Saved: '/Users/mohammedkalouti/Documents/Codex/2026-09-27/i/work/art/aircraft-final-production-v3/stage/assets/build/frames/unit.IR.fighter/shadow/fly/d04_f00.png'
00:25.343  render           | Saved: '/Users/mohammedkalouti/Documents/Codex/2026-09-27/i/work/art/aircraft-final-production-v3/stage/assets/build/frames/unit.IR.fighter/beauty/fly/d04_f01.png'
00:25.845  render           | Saved: '/Users/mohammedkalouti/Documents/Codex/2026-09-27/i/work/art/aircraft-final-production-v3/stage/assets/build/frames/unit.IR.fighter/team/fly/d04_f01.png'
00:26.694  render           | Saved: '/Users/mohammedkalouti/Documents/Codex/2026-09-27/i/work/art/aircraft-final-production-v3/stage/assets/build/frames/unit.IR.fighter/shadow/fly/d04_f01.png'
00:27.275  render           | Saved: '/Users/mohammedkalouti/Documents/Codex/2026-09-27/i/work/art/aircraft-final-production-v3/stage/assets/build/frames/unit.IR.fighter/beauty/fly/d04_f02.png'
00:27.786  render           | Saved: '/Users/mohammedkalouti/Documents/Codex/2026-09-27/i/work/art/aircraft-final-production-v3/stage/assets/build/frames/unit.IR.fighter/team/fly/d04_f02.png'
00:28.664  render           | Saved: '/Users/mohammedkalouti/Documents/Codex/2026-09-27/i/work/art/aircraft-final-production-v3/stage/assets/build/frames/unit.IR.fighter/shadow/fly/d04_f02.png'
00:29.263  render           | Saved: '/Users/mohammedkalouti/Documents/Codex/2026-09-27/i/work/art/aircraft-final-production-v3/stage/assets/build/frames/unit.IR.fighter/beauty/fly/d05_f00.png'
00:29.783  render           | Saved: '/Users/mohammedkalouti/Documents/Codex/2026-09-27/i/work/art/aircraft-final-production-v3/stage/assets/build/frames/unit.IR.fighter/team/fly/d05_f00.png'
00:30.684  render           | Saved: '/Users/mohammedkalouti/Documents/Codex/2026-09-27/i/work/art/aircraft-final-production-v3/stage/assets/build/frames/unit.IR.fighter/shadow/fly/d05_f00.png'
00:31.535  render           | Saved: '/Users/mohammedkalouti/Documents/Codex/2026-09-27/i/work/art/aircraft-final-production-v3/stage/assets/build/frames/unit.IR.fighter/beauty/fly/d05_f01.png'
00:32.078  render           | Saved: '/Users/mohammedkalouti/Documents/Codex/2026-09-27/i/work/art/aircraft-final-production-v3/stage/assets/build/frames/unit.IR.fighter/team/fly/d05_f01.png'
00:32.957  render           | Saved: '/Users/mohammedkalouti/Documents/Codex/2026-09-27/i/work/art/aircraft-final-production-v3/stage/assets/build/frames/unit.IR.fighter/shadow/fly/d05_f01.png'
00:33.523  render           | Saved: '/Users/mohammedkalouti/Documents/Codex/2026-09-27/i/work/art/aircraft-final-production-v3/stage/assets/build/frames/unit.IR.fighter/beauty/fly/d05_f02.png'
00:34.019  render           | Saved: '/Users/mohammedkalouti/Documents/Codex/2026-09-27/i/work/art/aircraft-final-production-v3/stage/assets/build/frames/unit.IR.fighter/team/fly/d05_f02.png'
00:34.833  render           | Saved: '/Users/mohammedkalouti/Documents/Codex/2026-09-27/i/work/art/aircraft-final-production-v3/stage/assets/build/frames/unit.IR.fighter/shadow/fly/d05_f02.png'
00:35.396  render           | Saved: '/Users/mohammedkalouti/Documents/Codex/2026-09-27/i/work/art/aircraft-final-production-v3/stage/assets/build/frames/unit.IR.fighter/beauty/fly/d06_f00.png'
00:35.878  render           | Saved: '/Users/mohammedkalouti/Documents/Codex/2026-09-27/i/work/art/aircraft-final-production-v3/stage/assets/build/frames/unit.IR.fighter/team/fly/d06_f00.png'
00:36.669  render           | Saved: '/Users/mohammedkalouti/Documents/Codex/2026-09-27/i/work/art/aircraft-final-production-v3/stage/assets/build/frames/unit.IR.fighter/shadow/fly/d06_f00.png'
00:37.217  render           | Saved: '/Users/mohammedkalouti/Documents/Codex/2026-09-27/i/work/art/aircraft-final-production-v3/stage/assets/build/frames/unit.IR.fighter/beauty/fly/d06_f01.png'
00:37.709  render           | Saved: '/Users/mohammedkalouti/Documents/Codex/2026-09-27/i/work/art/aircraft-final-production-v3/stage/assets/build/frames/unit.IR.fighter/team/fly/d06_f01.png'
00:38.524  render           | Saved: '/Users/mohammedkalouti/Documents/Codex/2026-09-27/i/work/art/aircraft-final-production-v3/stage/assets/build/frames/unit.IR.fighter/shadow/fly/d06_f01.png'
00:39.063  render           | Saved: '/Users/mohammedkalouti/Documents/Codex/2026-09-27/i/work/art/aircraft-final-production-v3/stage/assets/build/frames/unit.IR.fighter/beauty/fly/d06_f02.png'
00:39.572  render           | Saved: '/Users/mohammedkalouti/Documents/Codex/2026-09-27/i/work/art/aircraft-final-production-v3/stage/assets/build/frames/unit.IR.fighter/team/fly/d06_f02.png'
00:40.389  render           | Saved: '/Users/mohammedkalouti/Documents/Codex/2026-09-27/i/work/art/aircraft-final-production-v3/stage/assets/build/frames/unit.IR.fighter/shadow/fly/d06_f02.png'
00:40.934  render           | Saved: '/Users/mohammedkalouti/Documents/Codex/2026-09-27/i/work/art/aircraft-final-production-v3/stage/assets/build/frames/unit.IR.fighter/beauty/fly/d07_f00.png'
00:41.435  render           | Saved: '/Users/mohammedkalouti/Documents/Codex/2026-09-27/i/work/art/aircraft-final-production-v3/stage/assets/build/frames/unit.IR.fighter/team/fly/d07_f00.png'
00:42.239  render           | Saved: '/Users/mohammedkalouti/Documents/Codex/2026-09-27/i/work/art/aircraft-final-production-v3/stage/assets/build/frames/unit.IR.fighter/shadow/fly/d07_f00.png'
00:42.792  render           | Saved: '/Users/mohammedkalouti/Documents/Codex/2026-09-27/i/work/art/aircraft-final-production-v3/stage/assets/build/frames/unit.IR.fighter/beauty/fly/d07_f01.png'
00:43.289  render           | Saved: '/Users/mohammedkalouti/Documents/Codex/2026-09-27/i/work/art/aircraft-final-production-v3/stage/assets/build/frames/unit.IR.fighter/team/fly/d07_f01.png'
00:44.102  render           | Saved: '/Users/mohammedkalouti/Documents/Codex/2026-09-27/i/work/art/aircraft-final-production-v3/stage/assets/build/frames/unit.IR.fighter/shadow/fly/d07_f01.png'
00:44.638  render           | Saved: '/Users/mohammedkalouti/Documents/Codex/2026-09-27/i/work/art/aircraft-final-production-v3/stage/assets/build/frames/unit.IR.fighter/beauty/fly/d07_f02.png'
00:45.132  render           | Saved: '/Users/mohammedkalouti/Documents/Codex/2026-09-27/i/work/art/aircraft-final-production-v3/stage/assets/build/frames/unit.IR.fighter/team/fly/d07_f02.png'
00:45.921  render           | Saved: '/Users/mohammedkalouti/Documents/Codex/2026-09-27/i/work/art/aircraft-final-production-v3/stage/assets/build/frames/unit.IR.fighter/shadow/fly/d07_f02.png'
00:46.463  render           | Saved: '/Users/mohammedkalouti/Documents/Codex/2026-09-27/i/work/art/aircraft-final-production-v3/stage/assets/build/frames/unit.IR.fighter/beauty/fly/d08_f00.png'
00:46.929  render           | Saved: '/Users/mohammedkalouti/Documents/Codex/2026-09-27/i/work/art/aircraft-final-production-v3/stage/assets/build/frames/unit.IR.fighter/team/fly/d08_f00.png'
00:47.750  render           | Saved: '/Users/mohammedkalouti/Documents/Codex/2026-09-27/i/work/art/aircraft-final-production-v3/stage/assets/build/frames/unit.IR.fighter/shadow/fly/d08_f00.png'
00:48.460  render           | Saved: '/Users/mohammedkalouti/Documents/Codex/2026-09-27/i/work/art/aircraft-final-production-v3/stage/assets/build/frames/unit.IR.fighter/beauty/fly/d08_f01.png'
00:48.956  render           | Saved: '/Users/mohammedkalouti/Documents/Codex/2026-09-27/i/work/art/aircraft-final-production-v3/stage/assets/build/frames/unit.IR.fighter/team/fly/d08_f01.png'
00:49.770  render           | Saved: '/Users/mohammedkalouti/Documents/Codex/2026-09-27/i/work/art/aircraft-final-production-v3/stage/assets/build/frames/unit.IR.fighter/shadow/fly/d08_f01.png'
00:50.330  render           | Saved: '/Users/mohammedkalouti/Documents/Codex/2026-09-27/i/work/art/aircraft-final-production-v3/stage/assets/build/frames/unit.IR.fighter/beauty/fly/d08_f02.png'
00:50.807  render           | Saved: '/Users/mohammedkalouti/Documents/Codex/2026-09-27/i/work/art/aircraft-final-production-v3/stage/assets/build/frames/unit.IR.fighter/team/fly/d08_f02.png'
00:51.603  render           | Saved: '/Users/mohammedkalouti/Documents/Codex/2026-09-27/i/work/art/aircraft-final-production-v3/stage/assets/build/frames/unit.IR.fighter/shadow/fly/d08_f02.png'
00:52.155  render           | Saved: '/Users/mohammedkalouti/Documents/Codex/2026-09-27/i/work/art/aircraft-final-production-v3/stage/assets/build/frames/unit.IR.fighter/beauty/fly/d09_f00.png'
00:52.643  render           | Saved: '/Users/mohammedkalouti/Documents/Codex/2026-09-27/i/work/art/aircraft-final-production-v3/stage/assets/build/frames/unit.IR.fighter/team/fly/d09_f00.png'
00:53.449  render           | Saved: '/Users/mohammedkalouti/Documents/Codex/2026-09-27/i/work/art/aircraft-final-production-v3/stage/assets/build/frames/unit.IR.fighter/shadow/fly/d09_f00.png'
00:53.987  render           | Saved: '/Users/mohammedkalouti/Documents/Codex/2026-09-27/i/work/art/aircraft-final-production-v3/stage/assets/build/frames/unit.IR.fighter/beauty/fly/d09_f01.png'
00:54.482  render           | Saved: '/Users/mohammedkalouti/Documents/Codex/2026-09-27/i/work/art/aircraft-final-production-v3/stage/assets/build/frames/unit.IR.fighter/team/fly/d09_f01.png'
00:55.301  render           | Saved: '/Users/mohammedkalouti/Documents/Codex/2026-09-27/i/work/art/aircraft-final-production-v3/stage/assets/build/frames/unit.IR.fighter/shadow/fly/d09_f01.png'
00:55.835  render           | Saved: '/Users/mohammedkalouti/Documents/Codex/2026-09-27/i/work/art/aircraft-final-production-v3/stage/assets/build/frames/unit.IR.fighter/beauty/fly/d09_f02.png'
00:56.318  render           | Saved: '/Users/mohammedkalouti/Documents/Codex/2026-09-27/i/work/art/aircraft-final-production-v3/stage/assets/build/frames/unit.IR.fighter/team/fly/d09_f02.png'
00:57.140  render           | Saved: '/Users/mohammedkalouti/Documents/Codex/2026-09-27/i/work/art/aircraft-final-production-v3/stage/assets/build/frames/unit.IR.fighter/shadow/fly/d09_f02.png'
00:57.677  render           | Saved: '/Users/mohammedkalouti/Documents/Codex/2026-09-27/i/work/art/aircraft-final-production-v3/stage/assets/build/frames/unit.IR.fighter/beauty/fly/d10_f00.png'
00:58.160  render           | Saved: '/Users/mohammedkalouti/Documents/Codex/2026-09-27/i/work/art/aircraft-final-production-v3/stage/assets/build/frames/unit.IR.fighter/team/fly/d10_f00.png'
00:58.963  render           | Saved: '/Users/mohammedkalouti/Documents/Codex/2026-09-27/i/work/art/aircraft-final-production-v3/stage/assets/build/frames/unit.IR.fighter/shadow/fly/d10_f00.png'
00:59.496  render           | Saved: '/Users/mohammedkalouti/Documents/Codex/2026-09-27/i/work/art/aircraft-final-production-v3/stage/assets/build/frames/unit.IR.fighter/beauty/fly/d10_f01.png'
00:59.977  render           | Saved: '/Users/mohammedkalouti/Documents/Codex/2026-09-27/i/work/art/aircraft-final-production-v3/stage/assets/build/frames/unit.IR.fighter/team/fly/d10_f01.png'
01:00.784  render           | Saved: '/Users/mohammedkalouti/Documents/Codex/2026-09-27/i/work/art/aircraft-final-production-v3/stage/assets/build/frames/unit.IR.fighter/shadow/fly/d10_f01.png'
01:01.367  render           | Saved: '/Users/mohammedkalouti/Documents/Codex/2026-09-27/i/work/art/aircraft-final-production-v3/stage/assets/build/frames/unit.IR.fighter/beauty/fly/d10_f02.png'
01:01.844  render           | Saved: '/Users/mohammedkalouti/Documents/Codex/2026-09-27/i/work/art/aircraft-final-production-v3/stage/assets/build/frames/unit.IR.fighter/team/fly/d10_f02.png'
01:02.628  render           | Saved: '/Users/mohammedkalouti/Documents/Codex/2026-09-27/i/work/art/aircraft-final-production-v3/stage/assets/build/frames/unit.IR.fighter/shadow/fly/d10_f02.png'
01:03.170  render           | Saved: '/Users/mohammedkalouti/Documents/Codex/2026-09-27/i/work/art/aircraft-final-production-v3/stage/assets/build/frames/unit.IR.fighter/beauty/fly/d11_f00.png'
01:03.650  render           | Saved: '/Users/mohammedkalouti/Documents/Codex/2026-09-27/i/work/art/aircraft-final-production-v3/stage/assets/build/frames/unit.IR.fighter/team/fly/d11_f00.png'
01:04.458  render           | Saved: '/Users/mohammedkalouti/Documents/Codex/2026-09-27/i/work/art/aircraft-final-production-v3/stage/assets/build/frames/unit.IR.fighter/shadow/fly/d11_f00.png'
01:04.989  render           | Saved: '/Users/mohammedkalouti/Documents/Codex/2026-09-27/i/work/art/aircraft-final-production-v3/stage/assets/build/frames/unit.IR.fighter/beauty/fly/d11_f01.png'
01:05.472  render           | Saved: '/Users/mohammedkalouti/Documents/Codex/2026-09-27/i/work/art/aircraft-final-production-v3/stage/assets/build/frames/unit.IR.fighter/team/fly/d11_f01.png'
01:06.302  render           | Saved: '/Users/mohammedkalouti/Documents/Codex/2026-09-27/i/work/art/aircraft-final-production-v3/stage/assets/build/frames/unit.IR.fighter/shadow/fly/d11_f01.png'
01:06.831  render           | Saved: '/Users/mohammedkalouti/Documents/Codex/2026-09-27/i/work/art/aircraft-final-production-v3/stage/assets/build/frames/unit.IR.fighter/beauty/fly/d11_f02.png'
01:07.323  render           | Saved: '/Users/mohammedkalouti/Documents/Codex/2026-09-27/i/work/art/aircraft-final-production-v3/stage/assets/build/frames/unit.IR.fighter/team/fly/d11_f02.png'
01:08.219  render           | Saved: '/Users/mohammedkalouti/Documents/Codex/2026-09-27/i/work/art/aircraft-final-production-v3/stage/assets/build/frames/unit.IR.fighter/shadow/fly/d11_f02.png'
01:08.838  render           | Saved: '/Users/mohammedkalouti/Documents/Codex/2026-09-27/i/work/art/aircraft-final-production-v3/stage/assets/build/frames/unit.IR.fighter/beauty/fly/d12_f00.png'
01:09.376  render           | Saved: '/Users/mohammedkalouti/Documents/Codex/2026-09-27/i/work/art/aircraft-final-production-v3/stage/assets/build/frames/unit.IR.fighter/team/fly/d12_f00.png'
01:10.342  render           | Saved: '/Users/mohammedkalouti/Documents/Codex/2026-09-27/i/work/art/aircraft-final-production-v3/stage/assets/build/frames/unit.IR.fighter/shadow/fly/d12_f00.png'
01:10.956  render           | Saved: '/Users/mohammedkalouti/Documents/Codex/2026-09-27/i/work/art/aircraft-final-production-v3/stage/assets/build/frames/unit.IR.fighter/beauty/fly/d12_f01.png'
01:11.514  render           | Saved: '/Users/mohammedkalouti/Documents/Codex/2026-09-27/i/work/art/aircraft-final-production-v3/stage/assets/build/frames/unit.IR.fighter/team/fly/d12_f01.png'
01:12.466  render           | Saved: '/Users/mohammedkalouti/Documents/Codex/2026-09-27/i/work/art/aircraft-final-production-v3/stage/assets/build/frames/unit.IR.fighter/shadow/fly/d12_f01.png'
01:13.097  render           | Saved: '/Users/mohammedkalouti/Documents/Codex/2026-09-27/i/work/art/aircraft-final-production-v3/stage/assets/build/frames/unit.IR.fighter/beauty/fly/d12_f02.png'
01:13.649  render           | Saved: '/Users/mohammedkalouti/Documents/Codex/2026-09-27/i/work/art/aircraft-final-production-v3/stage/assets/build/frames/unit.IR.fighter/team/fly/d12_f02.png'
01:14.609  render           | Saved: '/Users/mohammedkalouti/Documents/Codex/2026-09-27/i/work/art/aircraft-final-production-v3/stage/assets/build/frames/unit.IR.fighter/shadow/fly/d12_f02.png'
01:15.253  render           | Saved: '/Users/mohammedkalouti/Documents/Codex/2026-09-27/i/work/art/aircraft-final-production-v3/stage/assets/build/frames/unit.IR.fighter/beauty/fly/d13_f00.png'
01:15.806  render           | Saved: '/Users/mohammedkalouti/Documents/Codex/2026-09-27/i/work/art/aircraft-final-production-v3/stage/assets/build/frames/unit.IR.fighter/team/fly/d13_f00.png'
01:16.798  render           | Saved: '/Users/mohammedkalouti/Documents/Codex/2026-09-27/i/work/art/aircraft-final-production-v3/stage/assets/build/frames/unit.IR.fighter/shadow/fly/d13_f00.png'
01:17.414  render           | Saved: '/Users/mohammedkalouti/Documents/Codex/2026-09-27/i/work/art/aircraft-final-production-v3/stage/assets/build/frames/unit.IR.fighter/beauty/fly/d13_f01.png'
01:17.964  render           | Saved: '/Users/mohammedkalouti/Documents/Codex/2026-09-27/i/work/art/aircraft-final-production-v3/stage/assets/build/frames/unit.IR.fighter/team/fly/d13_f01.png'
01:18.908  render           | Saved: '/Users/mohammedkalouti/Documents/Codex/2026-09-27/i/work/art/aircraft-final-production-v3/stage/assets/build/frames/unit.IR.fighter/shadow/fly/d13_f01.png'
01:19.545  render           | Saved: '/Users/mohammedkalouti/Documents/Codex/2026-09-27/i/work/art/aircraft-final-production-v3/stage/assets/build/frames/unit.IR.fighter/beauty/fly/d13_f02.png'
01:20.111  render           | Saved: '/Users/mohammedkalouti/Documents/Codex/2026-09-27/i/work/art/aircraft-final-production-v3/stage/assets/build/frames/unit.IR.fighter/team/fly/d13_f02.png'
01:21.033  render           | Saved: '/Users/mohammedkalouti/Documents/Codex/2026-09-27/i/work/art/aircraft-final-production-v3/stage/assets/build/frames/unit.IR.fighter/shadow/fly/d13_f02.png'
01:21.669  render           | Saved: '/Users/mohammedkalouti/Documents/Codex/2026-09-27/i/work/art/aircraft-final-production-v3/stage/assets/build/frames/unit.IR.fighter/beauty/fly/d14_f00.png'
01:22.227  render           | Saved: '/Users/mohammedkalouti/Documents/Codex/2026-09-27/i/work/art/aircraft-final-production-v3/stage/assets/build/frames/unit.IR.fighter/team/fly/d14_f00.png'
01:23.167  render           | Saved: '/Users/mohammedkalouti/Documents/Codex/2026-09-27/i/work/art/aircraft-final-production-v3/stage/assets/build/frames/unit.IR.fighter/shadow/fly/d14_f00.png'
01:23.787  render           | Saved: '/Users/mohammedkalouti/Documents/Codex/2026-09-27/i/work/art/aircraft-final-production-v3/stage/assets/build/frames/unit.IR.fighter/beauty/fly/d14_f01.png'
01:24.361  render           | Saved: '/Users/mohammedkalouti/Documents/Codex/2026-09-27/i/work/art/aircraft-final-production-v3/stage/assets/build/frames/unit.IR.fighter/team/fly/d14_f01.png'
01:25.321  render           | Saved: '/Users/mohammedkalouti/Documents/Codex/2026-09-27/i/work/art/aircraft-final-production-v3/stage/assets/build/frames/unit.IR.fighter/shadow/fly/d14_f01.png'
01:26.011  render           | Saved: '/Users/mohammedkalouti/Documents/Codex/2026-09-27/i/work/art/aircraft-final-production-v3/stage/assets/build/frames/unit.IR.fighter/beauty/fly/d14_f02.png'
01:26.595  render           | Saved: '/Users/mohammedkalouti/Documents/Codex/2026-09-27/i/work/art/aircraft-final-production-v3/stage/assets/build/frames/unit.IR.fighter/team/fly/d14_f02.png'
01:27.550  render           | Saved: '/Users/mohammedkalouti/Documents/Codex/2026-09-27/i/work/art/aircraft-final-production-v3/stage/assets/build/frames/unit.IR.fighter/shadow/fly/d14_f02.png'
01:28.195  render           | Saved: '/Users/mohammedkalouti/Documents/Codex/2026-09-27/i/work/art/aircraft-final-production-v3/stage/assets/build/frames/unit.IR.fighter/beauty/fly/d15_f00.png'
01:28.759  render           | Saved: '/Users/mohammedkalouti/Documents/Codex/2026-09-27/i/work/art/aircraft-final-production-v3/stage/assets/build/frames/unit.IR.fighter/team/fly/d15_f00.png'
01:29.742  render           | Saved: '/Users/mohammedkalouti/Documents/Codex/2026-09-27/i/work/art/aircraft-final-production-v3/stage/assets/build/frames/unit.IR.fighter/shadow/fly/d15_f00.png'
01:30.397  render           | Saved: '/Users/mohammedkalouti/Documents/Codex/2026-09-27/i/work/art/aircraft-final-production-v3/stage/assets/build/frames/unit.IR.fighter/beauty/fly/d15_f01.png'
01:30.956  render           | Saved: '/Users/mohammedkalouti/Documents/Codex/2026-09-27/i/work/art/aircraft-final-production-v3/stage/assets/build/frames/unit.IR.fighter/team/fly/d15_f01.png'
01:31.908  render           | Saved: '/Users/mohammedkalouti/Documents/Codex/2026-09-27/i/work/art/aircraft-final-production-v3/stage/assets/build/frames/unit.IR.fighter/shadow/fly/d15_f01.png'
01:32.567  render           | Saved: '/Users/mohammedkalouti/Documents/Codex/2026-09-27/i/work/art/aircraft-final-production-v3/stage/assets/build/frames/unit.IR.fighter/beauty/fly/d15_f02.png'
01:33.189  render           | Saved: '/Users/mohammedkalouti/Documents/Codex/2026-09-27/i/work/art/aircraft-final-production-v3/stage/assets/build/frames/unit.IR.fighter/team/fly/d15_f02.png'
01:34.292  render           | Saved: '/Users/mohammedkalouti/Documents/Codex/2026-09-27/i/work/art/aircraft-final-production-v3/stage/assets/build/frames/unit.IR.fighter/shadow/fly/d15_f02.png'
01:34.978  render           | Saved: '/Users/mohammedkalouti/Documents/Codex/2026-09-27/i/work/art/aircraft-final-production-v3/stage/assets/build/frames/unit.IR.fighter/beauty/bank_left/d00_f00.png'
01:35.628  render           | Saved: '/Users/mohammedkalouti/Documents/Codex/2026-09-27/i/work/art/aircraft-final-production-v3/stage/assets/build/frames/unit.IR.fighter/team/bank_left/d00_f00.png'
01:36.566  render           | Saved: '/Users/mohammedkalouti/Documents/Codex/2026-09-27/i/work/art/aircraft-final-production-v3/stage/assets/build/frames/unit.IR.fighter/shadow/bank_left/d00_f00.png'
01:37.186  render           | Saved: '/Users/mohammedkalouti/Documents/Codex/2026-09-27/i/work/art/aircraft-final-production-v3/stage/assets/build/frames/unit.IR.fighter/beauty/bank_left/d00_f01.png'
01:37.750  render           | Saved: '/Users/mohammedkalouti/Documents/Codex/2026-09-27/i/work/art/aircraft-final-production-v3/stage/assets/build/frames/unit.IR.fighter/team/bank_left/d00_f01.png'
01:38.624  render           | Saved: '/Users/mohammedkalouti/Documents/Codex/2026-09-27/i/work/art/aircraft-final-production-v3/stage/assets/build/frames/unit.IR.fighter/shadow/bank_left/d00_f01.png'
01:39.189  render           | Saved: '/Users/mohammedkalouti/Documents/Codex/2026-09-27/i/work/art/aircraft-final-production-v3/stage/assets/build/frames/unit.IR.fighter/beauty/bank_left/d00_f02.png'
01:39.675  render           | Saved: '/Users/mohammedkalouti/Documents/Codex/2026-09-27/i/work/art/aircraft-final-production-v3/stage/assets/build/frames/unit.IR.fighter/team/bank_left/d00_f02.png'
01:40.486  render           | Saved: '/Users/mohammedkalouti/Documents/Codex/2026-09-27/i/work/art/aircraft-final-production-v3/stage/assets/build/frames/unit.IR.fighter/shadow/bank_left/d00_f02.png'
01:41.028  render           | Saved: '/Users/mohammedkalouti/Documents/Codex/2026-09-27/i/work/art/aircraft-final-production-v3/stage/assets/build/frames/unit.IR.fighter/beauty/bank_left/d01_f00.png'
01:41.537  render           | Saved: '/Users/mohammedkalouti/Documents/Codex/2026-09-27/i/work/art/aircraft-final-production-v3/stage/assets/build/frames/unit.IR.fighter/team/bank_left/d01_f00.png'
01:42.358  render           | Saved: '/Users/mohammedkalouti/Documents/Codex/2026-09-27/i/work/art/aircraft-final-production-v3/stage/assets/build/frames/unit.IR.fighter/shadow/bank_left/d01_f00.png'
01:42.911  render           | Saved: '/Users/mohammedkalouti/Documents/Codex/2026-09-27/i/work/art/aircraft-final-production-v3/stage/assets/build/frames/unit.IR.fighter/beauty/bank_left/d01_f01.png'
01:43.407  render           | Saved: '/Users/mohammedkalouti/Documents/Codex/2026-09-27/i/work/art/aircraft-final-production-v3/stage/assets/build/frames/unit.IR.fighter/team/bank_left/d01_f01.png'
01:44.228  render           | Saved: '/Users/mohammedkalouti/Documents/Codex/2026-09-27/i/work/art/aircraft-final-production-v3/stage/assets/build/frames/unit.IR.fighter/shadow/bank_left/d01_f01.png'
01:44.765  render           | Saved: '/Users/mohammedkalouti/Documents/Codex/2026-09-27/i/work/art/aircraft-final-production-v3/stage/assets/build/frames/unit.IR.fighter/beauty/bank_left/d01_f02.png'
01:45.257  render           | Saved: '/Users/mohammedkalouti/Documents/Codex/2026-09-27/i/work/art/aircraft-final-production-v3/stage/assets/build/frames/unit.IR.fighter/team/bank_left/d01_f02.png'
01:46.068  render           | Saved: '/Users/mohammedkalouti/Documents/Codex/2026-09-27/i/work/art/aircraft-final-production-v3/stage/assets/build/frames/unit.IR.fighter/shadow/bank_left/d01_f02.png'
01:46.612  render           | Saved: '/Users/mohammedkalouti/Documents/Codex/2026-09-27/i/work/art/aircraft-final-production-v3/stage/assets/build/frames/unit.IR.fighter/beauty/bank_left/d02_f00.png'
01:47.083  render           | Saved: '/Users/mohammedkalouti/Documents/Codex/2026-09-27/i/work/art/aircraft-final-production-v3/stage/assets/build/frames/unit.IR.fighter/team/bank_left/d02_f00.png'
01:47.908  render           | Saved: '/Users/mohammedkalouti/Documents/Codex/2026-09-27/i/work/art/aircraft-final-production-v3/stage/assets/build/frames/unit.IR.fighter/shadow/bank_left/d02_f00.png'
01:48.462  render           | Saved: '/Users/mohammedkalouti/Documents/Codex/2026-09-27/i/work/art/aircraft-final-production-v3/stage/assets/build/frames/unit.IR.fighter/beauty/bank_left/d02_f01.png'
01:49.036  render           | Saved: '/Users/mohammedkalouti/Documents/Codex/2026-09-27/i/work/art/aircraft-final-production-v3/stage/assets/build/frames/unit.IR.fighter/team/bank_left/d02_f01.png'
01:49.926  render           | Saved: '/Users/mohammedkalouti/Documents/Codex/2026-09-27/i/work/art/aircraft-final-production-v3/stage/assets/build/frames/unit.IR.fighter/shadow/bank_left/d02_f01.png'
01:50.488  render           | Saved: '/Users/mohammedkalouti/Documents/Codex/2026-09-27/i/work/art/aircraft-final-production-v3/stage/assets/build/frames/unit.IR.fighter/beauty/bank_left/d02_f02.png'
01:50.963  render           | Saved: '/Users/mohammedkalouti/Documents/Codex/2026-09-27/i/work/art/aircraft-final-production-v3/stage/assets/build/frames/unit.IR.fighter/team/bank_left/d02_f02.png'
01:51.790  render           | Saved: '/Users/mohammedkalouti/Documents/Codex/2026-09-27/i/work/art/aircraft-final-production-v3/stage/assets/build/frames/unit.IR.fighter/shadow/bank_left/d02_f02.png'
01:52.329  render           | Saved: '/Users/mohammedkalouti/Documents/Codex/2026-09-27/i/work/art/aircraft-final-production-v3/stage/assets/build/frames/unit.IR.fighter/beauty/bank_left/d03_f00.png'
01:52.807  render           | Saved: '/Users/mohammedkalouti/Documents/Codex/2026-09-27/i/work/art/aircraft-final-production-v3/stage/assets/build/frames/unit.IR.fighter/team/bank_left/d03_f00.png'
01:53.608  render           | Saved: '/Users/mohammedkalouti/Documents/Codex/2026-09-27/i/work/art/aircraft-final-production-v3/stage/assets/build/frames/unit.IR.fighter/shadow/bank_left/d03_f00.png'
01:54.166  render           | Saved: '/Users/mohammedkalouti/Documents/Codex/2026-09-27/i/work/art/aircraft-final-production-v3/stage/assets/build/frames/unit.IR.fighter/beauty/bank_left/d03_f01.png'
01:54.652  render           | Saved: '/Users/mohammedkalouti/Documents/Codex/2026-09-27/i/work/art/aircraft-final-production-v3/stage/assets/build/frames/unit.IR.fighter/team/bank_left/d03_f01.png'
01:55.477  render           | Saved: '/Users/mohammedkalouti/Documents/Codex/2026-09-27/i/work/art/aircraft-final-production-v3/stage/assets/build/frames/unit.IR.fighter/shadow/bank_left/d03_f01.png'
01:56.057  render           | Saved: '/Users/mohammedkalouti/Documents/Codex/2026-09-27/i/work/art/aircraft-final-production-v3/stage/assets/build/frames/unit.IR.fighter/beauty/bank_left/d03_f02.png'
01:56.580  render           | Saved: '/Users/mohammedkalouti/Documents/Codex/2026-09-27/i/work/art/aircraft-final-production-v3/stage/assets/build/frames/unit.IR.fighter/team/bank_left/d03_f02.png'
01:57.498  render           | Saved: '/Users/mohammedkalouti/Documents/Codex/2026-09-27/i/work/art/aircraft-final-production-v3/stage/assets/build/frames/unit.IR.fighter/shadow/bank_left/d03_f02.png'
01:58.161  render           | Saved: '/Users/mohammedkalouti/Documents/Codex/2026-09-27/i/work/art/aircraft-final-production-v3/stage/assets/build/frames/unit.IR.fighter/beauty/bank_left/d04_f00.png'
01:58.712  render           | Saved: '/Users/mohammedkalouti/Documents/Codex/2026-09-27/i/work/art/aircraft-final-production-v3/stage/assets/build/frames/unit.IR.fighter/team/bank_left/d04_f00.png'
01:59.692  render           | Saved: '/Users/mohammedkalouti/Documents/Codex/2026-09-27/i/work/art/aircraft-final-production-v3/stage/assets/build/frames/unit.IR.fighter/shadow/bank_left/d04_f00.png'
02:00.285  render           | Saved: '/Users/mohammedkalouti/Documents/Codex/2026-09-27/i/work/art/aircraft-final-production-v3/stage/assets/build/frames/unit.IR.fighter/beauty/bank_left/d04_f01.png'
02:00.821  render           | Saved: '/Users/mohammedkalouti/Documents/Codex/2026-09-27/i/work/art/aircraft-final-production-v3/stage/assets/build/frames/unit.IR.fighter/team/bank_left/d04_f01.png'
02:01.795  render           | Saved: '/Users/mohammedkalouti/Documents/Codex/2026-09-27/i/work/art/aircraft-final-production-v3/stage/assets/build/frames/unit.IR.fighter/shadow/bank_left/d04_f01.png'
02:02.394  render           | Saved: '/Users/mohammedkalouti/Documents/Codex/2026-09-27/i/work/art/aircraft-final-production-v3/stage/assets/build/frames/unit.IR.fighter/beauty/bank_left/d04_f02.png'
02:02.904  render           | Saved: '/Users/mohammedkalouti/Documents/Codex/2026-09-27/i/work/art/aircraft-final-production-v3/stage/assets/build/frames/unit.IR.fighter/team/bank_left/d04_f02.png'
02:03.849  render           | Saved: '/Users/mohammedkalouti/Documents/Codex/2026-09-27/i/work/art/aircraft-final-production-v3/stage/assets/build/frames/unit.IR.fighter/shadow/bank_left/d04_f02.png'
02:04.435  render           | Saved: '/Users/mohammedkalouti/Documents/Codex/2026-09-27/i/work/art/aircraft-final-production-v3/stage/assets/build/frames/unit.IR.fighter/beauty/bank_left/d05_f00.png'
02:04.947  render           | Saved: '/Users/mohammedkalouti/Documents/Codex/2026-09-27/i/work/art/aircraft-final-production-v3/stage/assets/build/frames/unit.IR.fighter/team/bank_left/d05_f00.png'
02:05.865  render           | Saved: '/Users/mohammedkalouti/Documents/Codex/2026-09-27/i/work/art/aircraft-final-production-v3/stage/assets/build/frames/unit.IR.fighter/shadow/bank_left/d05_f00.png'
02:06.506  render           | Saved: '/Users/mohammedkalouti/Documents/Codex/2026-09-27/i/work/art/aircraft-final-production-v3/stage/assets/build/frames/unit.IR.fighter/beauty/bank_left/d05_f01.png'
02:07.036  render           | Saved: '/Users/mohammedkalouti/Documents/Codex/2026-09-27/i/work/art/aircraft-final-production-v3/stage/assets/build/frames/unit.IR.fighter/team/bank_left/d05_f01.png'
02:07.917  render           | Saved: '/Users/mohammedkalouti/Documents/Codex/2026-09-27/i/work/art/aircraft-final-production-v3/stage/assets/build/frames/unit.IR.fighter/shadow/bank_left/d05_f01.png'
02:08.520  render           | Saved: '/Users/mohammedkalouti/Documents/Codex/2026-09-27/i/work/art/aircraft-final-production-v3/stage/assets/build/frames/unit.IR.fighter/beauty/bank_left/d05_f02.png'
02:09.034  render           | Saved: '/Users/mohammedkalouti/Documents/Codex/2026-09-27/i/work/art/aircraft-final-production-v3/stage/assets/build/frames/unit.IR.fighter/team/bank_left/d05_f02.png'
02:09.906  render           | Saved: '/Users/mohammedkalouti/Documents/Codex/2026-09-27/i/work/art/aircraft-final-production-v3/stage/assets/build/frames/unit.IR.fighter/shadow/bank_left/d05_f02.png'
02:10.540  render           | Saved: '/Users/mohammedkalouti/Documents/Codex/2026-09-27/i/work/art/aircraft-final-production-v3/stage/assets/build/frames/unit.IR.fighter/beauty/bank_left/d06_f00.png'
02:11.061  render           | Saved: '/Users/mohammedkalouti/Documents/Codex/2026-09-27/i/work/art/aircraft-final-production-v3/stage/assets/build/frames/unit.IR.fighter/team/bank_left/d06_f00.png'
02:11.951  render           | Saved: '/Users/mohammedkalouti/Documents/Codex/2026-09-27/i/work/art/aircraft-final-production-v3/stage/assets/build/frames/unit.IR.fighter/shadow/bank_left/d06_f00.png'
02:12.530  render           | Saved: '/Users/mohammedkalouti/Documents/Codex/2026-09-27/i/work/art/aircraft-final-production-v3/stage/assets/build/frames/unit.IR.fighter/beauty/bank_left/d06_f01.png'
02:13.059  render           | Saved: '/Users/mohammedkalouti/Documents/Codex/2026-09-27/i/work/art/aircraft-final-production-v3/stage/assets/build/frames/unit.IR.fighter/team/bank_left/d06_f01.png'
02:13.962  render           | Saved: '/Users/mohammedkalouti/Documents/Codex/2026-09-27/i/work/art/aircraft-final-production-v3/stage/assets/build/frames/unit.IR.fighter/shadow/bank_left/d06_f01.png'
02:14.577  render           | Saved: '/Users/mohammedkalouti/Documents/Codex/2026-09-27/i/work/art/aircraft-final-production-v3/stage/assets/build/frames/unit.IR.fighter/beauty/bank_left/d06_f02.png'
02:15.104  render           | Saved: '/Users/mohammedkalouti/Documents/Codex/2026-09-27/i/work/art/aircraft-final-production-v3/stage/assets/build/frames/unit.IR.fighter/team/bank_left/d06_f02.png'
02:15.991  render           | Saved: '/Users/mohammedkalouti/Documents/Codex/2026-09-27/i/work/art/aircraft-final-production-v3/stage/assets/build/frames/unit.IR.fighter/shadow/bank_left/d06_f02.png'
02:16.588  render           | Saved: '/Users/mohammedkalouti/Documents/Codex/2026-09-27/i/work/art/aircraft-final-production-v3/stage/assets/build/frames/unit.IR.fighter/beauty/bank_left/d07_f00.png'
02:17.096  render           | Saved: '/Users/mohammedkalouti/Documents/Codex/2026-09-27/i/work/art/aircraft-final-production-v3/stage/assets/build/frames/unit.IR.fighter/team/bank_left/d07_f00.png'
02:17.979  render           | Saved: '/Users/mohammedkalouti/Documents/Codex/2026-09-27/i/work/art/aircraft-final-production-v3/stage/assets/build/frames/unit.IR.fighter/shadow/bank_left/d07_f00.png'
02:18.576  render           | Saved: '/Users/mohammedkalouti/Documents/Codex/2026-09-27/i/work/art/aircraft-final-production-v3/stage/assets/build/frames/unit.IR.fighter/beauty/bank_left/d07_f01.png'
02:19.099  render           | Saved: '/Users/mohammedkalouti/Documents/Codex/2026-09-27/i/work/art/aircraft-final-production-v3/stage/assets/build/frames/unit.IR.fighter/team/bank_left/d07_f01.png'
02:19.975  render           | Saved: '/Users/mohammedkalouti/Documents/Codex/2026-09-27/i/work/art/aircraft-final-production-v3/stage/assets/build/frames/unit.IR.fighter/shadow/bank_left/d07_f01.png'
02:20.564  render           | Saved: '/Users/mohammedkalouti/Documents/Codex/2026-09-27/i/work/art/aircraft-final-production-v3/stage/assets/build/frames/unit.IR.fighter/beauty/bank_left/d07_f02.png'
02:21.087  render           | Saved: '/Users/mohammedkalouti/Documents/Codex/2026-09-27/i/work/art/aircraft-final-production-v3/stage/assets/build/frames/unit.IR.fighter/team/bank_left/d07_f02.png'
02:21.950  render           | Saved: '/Users/mohammedkalouti/Documents/Codex/2026-09-27/i/work/art/aircraft-final-production-v3/stage/assets/build/frames/unit.IR.fighter/shadow/bank_left/d07_f02.png'
02:22.557  render           | Saved: '/Users/mohammedkalouti/Documents/Codex/2026-09-27/i/work/art/aircraft-final-production-v3/stage/assets/build/frames/unit.IR.fighter/beauty/bank_left/d08_f00.png'
02:23.080  render           | Saved: '/Users/mohammedkalouti/Documents/Codex/2026-09-27/i/work/art/aircraft-final-production-v3/stage/assets/build/frames/unit.IR.fighter/team/bank_left/d08_f00.png'
02:23.960  render           | Saved: '/Users/mohammedkalouti/Documents/Codex/2026-09-27/i/work/art/aircraft-final-production-v3/stage/assets/build/frames/unit.IR.fighter/shadow/bank_left/d08_f00.png'
02:24.567  render           | Saved: '/Users/mohammedkalouti/Documents/Codex/2026-09-27/i/work/art/aircraft-final-production-v3/stage/assets/build/frames/unit.IR.fighter/beauty/bank_left/d08_f01.png'
02:25.109  render           | Saved: '/Users/mohammedkalouti/Documents/Codex/2026-09-27/i/work/art/aircraft-final-production-v3/stage/assets/build/frames/unit.IR.fighter/team/bank_left/d08_f01.png'
02:25.983  render           | Saved: '/Users/mohammedkalouti/Documents/Codex/2026-09-27/i/work/art/aircraft-final-production-v3/stage/assets/build/frames/unit.IR.fighter/shadow/bank_left/d08_f01.png'
02:26.598  render           | Saved: '/Users/mohammedkalouti/Documents/Codex/2026-09-27/i/work/art/aircraft-final-production-v3/stage/assets/build/frames/unit.IR.fighter/beauty/bank_left/d08_f02.png'
02:27.108  render           | Saved: '/Users/mohammedkalouti/Documents/Codex/2026-09-27/i/work/art/aircraft-final-production-v3/stage/assets/build/frames/unit.IR.fighter/team/bank_left/d08_f02.png'
02:28.024  render           | Saved: '/Users/mohammedkalouti/Documents/Codex/2026-09-27/i/work/art/aircraft-final-production-v3/stage/assets/build/frames/unit.IR.fighter/shadow/bank_left/d08_f02.png'
02:28.624  render           | Saved: '/Users/mohammedkalouti/Documents/Codex/2026-09-27/i/work/art/aircraft-final-production-v3/stage/assets/build/frames/unit.IR.fighter/beauty/bank_left/d09_f00.png'
02:29.161  render           | Saved: '/Users/mohammedkalouti/Documents/Codex/2026-09-27/i/work/art/aircraft-final-production-v3/stage/assets/build/frames/unit.IR.fighter/team/bank_left/d09_f00.png'
02:30.029  render           | Saved: '/Users/mohammedkalouti/Documents/Codex/2026-09-27/i/work/art/aircraft-final-production-v3/stage/assets/build/frames/unit.IR.fighter/shadow/bank_left/d09_f00.png'
02:30.641  render           | Saved: '/Users/mohammedkalouti/Documents/Codex/2026-09-27/i/work/art/aircraft-final-production-v3/stage/assets/build/frames/unit.IR.fighter/beauty/bank_left/d09_f01.png'
02:31.193  render           | Saved: '/Users/mohammedkalouti/Documents/Codex/2026-09-27/i/work/art/aircraft-final-production-v3/stage/assets/build/frames/unit.IR.fighter/team/bank_left/d09_f01.png'
02:32.108  render           | Saved: '/Users/mohammedkalouti/Documents/Codex/2026-09-27/i/work/art/aircraft-final-production-v3/stage/assets/build/frames/unit.IR.fighter/shadow/bank_left/d09_f01.png'
02:32.698  render           | Saved: '/Users/mohammedkalouti/Documents/Codex/2026-09-27/i/work/art/aircraft-final-production-v3/stage/assets/build/frames/unit.IR.fighter/beauty/bank_left/d09_f02.png'
02:33.247  render           | Saved: '/Users/mohammedkalouti/Documents/Codex/2026-09-27/i/work/art/aircraft-final-production-v3/stage/assets/build/frames/unit.IR.fighter/team/bank_left/d09_f02.png'
02:34.132  render           | Saved: '/Users/mohammedkalouti/Documents/Codex/2026-09-27/i/work/art/aircraft-final-production-v3/stage/assets/build/frames/unit.IR.fighter/shadow/bank_left/d09_f02.png'
02:34.746  render           | Saved: '/Users/mohammedkalouti/Documents/Codex/2026-09-27/i/work/art/aircraft-final-production-v3/stage/assets/build/frames/unit.IR.fighter/beauty/bank_left/d10_f00.png'
02:35.283  render           | Saved: '/Users/mohammedkalouti/Documents/Codex/2026-09-27/i/work/art/aircraft-final-production-v3/stage/assets/build/frames/unit.IR.fighter/team/bank_left/d10_f00.png'
02:36.273  render           | Saved: '/Users/mohammedkalouti/Documents/Codex/2026-09-27/i/work/art/aircraft-final-production-v3/stage/assets/build/frames/unit.IR.fighter/shadow/bank_left/d10_f00.png'
02:36.846  render           | Saved: '/Users/mohammedkalouti/Documents/Codex/2026-09-27/i/work/art/aircraft-final-production-v3/stage/assets/build/frames/unit.IR.fighter/beauty/bank_left/d10_f01.png'
02:37.365  render           | Saved: '/Users/mohammedkalouti/Documents/Codex/2026-09-27/i/work/art/aircraft-final-production-v3/stage/assets/build/frames/unit.IR.fighter/team/bank_left/d10_f01.png'
02:38.261  render           | Saved: '/Users/mohammedkalouti/Documents/Codex/2026-09-27/i/work/art/aircraft-final-production-v3/stage/assets/build/frames/unit.IR.fighter/shadow/bank_left/d10_f01.png'
02:38.859  render           | Saved: '/Users/mohammedkalouti/Documents/Codex/2026-09-27/i/work/art/aircraft-final-production-v3/stage/assets/build/frames/unit.IR.fighter/beauty/bank_left/d10_f02.png'
02:39.381  render           | Saved: '/Users/mohammedkalouti/Documents/Codex/2026-09-27/i/work/art/aircraft-final-production-v3/stage/assets/build/frames/unit.IR.fighter/team/bank_left/d10_f02.png'
02:40.402  render           | Saved: '/Users/mohammedkalouti/Documents/Codex/2026-09-27/i/work/art/aircraft-final-production-v3/stage/assets/build/frames/unit.IR.fighter/shadow/bank_left/d10_f02.png'
02:40.971  render           | Saved: '/Users/mohammedkalouti/Documents/Codex/2026-09-27/i/work/art/aircraft-final-production-v3/stage/assets/build/frames/unit.IR.fighter/beauty/bank_left/d11_f00.png'
02:41.485  render           | Saved: '/Users/mohammedkalouti/Documents/Codex/2026-09-27/i/work/art/aircraft-final-production-v3/stage/assets/build/frames/unit.IR.fighter/team/bank_left/d11_f00.png'
02:42.366  render           | Saved: '/Users/mohammedkalouti/Documents/Codex/2026-09-27/i/work/art/aircraft-final-production-v3/stage/assets/build/frames/unit.IR.fighter/shadow/bank_left/d11_f00.png'
02:42.963  render           | Saved: '/Users/mohammedkalouti/Documents/Codex/2026-09-27/i/work/art/aircraft-final-production-v3/stage/assets/build/frames/unit.IR.fighter/beauty/bank_left/d11_f01.png'
02:43.535  render           | Saved: '/Users/mohammedkalouti/Documents/Codex/2026-09-27/i/work/art/aircraft-final-production-v3/stage/assets/build/frames/unit.IR.fighter/team/bank_left/d11_f01.png'
02:44.443  render           | Saved: '/Users/mohammedkalouti/Documents/Codex/2026-09-27/i/work/art/aircraft-final-production-v3/stage/assets/build/frames/unit.IR.fighter/shadow/bank_left/d11_f01.png'
02:45.023  render           | Saved: '/Users/mohammedkalouti/Documents/Codex/2026-09-27/i/work/art/aircraft-final-production-v3/stage/assets/build/frames/unit.IR.fighter/beauty/bank_left/d11_f02.png'
02:45.561  render           | Saved: '/Users/mohammedkalouti/Documents/Codex/2026-09-27/i/work/art/aircraft-final-production-v3/stage/assets/build/frames/unit.IR.fighter/team/bank_left/d11_f02.png'
02:46.441  render           | Saved: '/Users/mohammedkalouti/Documents/Codex/2026-09-27/i/work/art/aircraft-final-production-v3/stage/assets/build/frames/unit.IR.fighter/shadow/bank_left/d11_f02.png'
02:47.027  render           | Saved: '/Users/mohammedkalouti/Documents/Codex/2026-09-27/i/work/art/aircraft-final-production-v3/stage/assets/build/frames/unit.IR.fighter/beauty/bank_left/d12_f00.png'
02:47.559  render           | Saved: '/Users/mohammedkalouti/Documents/Codex/2026-09-27/i/work/art/aircraft-final-production-v3/stage/assets/build/frames/unit.IR.fighter/team/bank_left/d12_f00.png'
02:48.455  render           | Saved: '/Users/mohammedkalouti/Documents/Codex/2026-09-27/i/work/art/aircraft-final-production-v3/stage/assets/build/frames/unit.IR.fighter/shadow/bank_left/d12_f00.png'
02:49.041  render           | Saved: '/Users/mohammedkalouti/Documents/Codex/2026-09-27/i/work/art/aircraft-final-production-v3/stage/assets/build/frames/unit.IR.fighter/beauty/bank_left/d12_f01.png'
02:49.574  render           | Saved: '/Users/mohammedkalouti/Documents/Codex/2026-09-27/i/work/art/aircraft-final-production-v3/stage/assets/build/frames/unit.IR.fighter/team/bank_left/d12_f01.png'
02:50.542  render           | Saved: '/Users/mohammedkalouti/Documents/Codex/2026-09-27/i/work/art/aircraft-final-production-v3/stage/assets/build/frames/unit.IR.fighter/shadow/bank_left/d12_f01.png'
02:51.138  render           | Saved: '/Users/mohammedkalouti/Documents/Codex/2026-09-27/i/work/art/aircraft-final-production-v3/stage/assets/build/frames/unit.IR.fighter/beauty/bank_left/d12_f02.png'
02:51.666  render           | Saved: '/Users/mohammedkalouti/Documents/Codex/2026-09-27/i/work/art/aircraft-final-production-v3/stage/assets/build/frames/unit.IR.fighter/team/bank_left/d12_f02.png'
02:52.571  render           | Saved: '/Users/mohammedkalouti/Documents/Codex/2026-09-27/i/work/art/aircraft-final-production-v3/stage/assets/build/frames/unit.IR.fighter/shadow/bank_left/d12_f02.png'
02:53.179  render           | Saved: '/Users/mohammedkalouti/Documents/Codex/2026-09-27/i/work/art/aircraft-final-production-v3/stage/assets/build/frames/unit.IR.fighter/beauty/bank_left/d13_f00.png'
02:53.726  render           | Saved: '/Users/mohammedkalouti/Documents/Codex/2026-09-27/i/work/art/aircraft-final-production-v3/stage/assets/build/frames/unit.IR.fighter/team/bank_left/d13_f00.png'
02:54.623  render           | Saved: '/Users/mohammedkalouti/Documents/Codex/2026-09-27/i/work/art/aircraft-final-production-v3/stage/assets/build/frames/unit.IR.fighter/shadow/bank_left/d13_f00.png'
02:55.198  render           | Saved: '/Users/mohammedkalouti/Documents/Codex/2026-09-27/i/work/art/aircraft-final-production-v3/stage/assets/build/frames/unit.IR.fighter/beauty/bank_left/d13_f01.png'
02:55.713  render           | Saved: '/Users/mohammedkalouti/Documents/Codex/2026-09-27/i/work/art/aircraft-final-production-v3/stage/assets/build/frames/unit.IR.fighter/team/bank_left/d13_f01.png'
02:56.600  render           | Saved: '/Users/mohammedkalouti/Documents/Codex/2026-09-27/i/work/art/aircraft-final-production-v3/stage/assets/build/frames/unit.IR.fighter/shadow/bank_left/d13_f01.png'
02:57.194  render           | Saved: '/Users/mohammedkalouti/Documents/Codex/2026-09-27/i/work/art/aircraft-final-production-v3/stage/assets/build/frames/unit.IR.fighter/beauty/bank_left/d13_f02.png'
02:57.712  render           | Saved: '/Users/mohammedkalouti/Documents/Codex/2026-09-27/i/work/art/aircraft-final-production-v3/stage/assets/build/frames/unit.IR.fighter/team/bank_left/d13_f02.png'
02:58.605  render           | Saved: '/Users/mohammedkalouti/Documents/Codex/2026-09-27/i/work/art/aircraft-final-production-v3/stage/assets/build/frames/unit.IR.fighter/shadow/bank_left/d13_f02.png'
02:59.182  render           | Saved: '/Users/mohammedkalouti/Documents/Codex/2026-09-27/i/work/art/aircraft-final-production-v3/stage/assets/build/frames/unit.IR.fighter/beauty/bank_left/d14_f00.png'
02:59.697  render           | Saved: '/Users/mohammedkalouti/Documents/Codex/2026-09-27/i/work/art/aircraft-final-production-v3/stage/assets/build/frames/unit.IR.fighter/team/bank_left/d14_f00.png'
03:00.600  render           | Saved: '/Users/mohammedkalouti/Documents/Codex/2026-09-27/i/work/art/aircraft-final-production-v3/stage/assets/build/frames/unit.IR.fighter/shadow/bank_left/d14_f00.png'
03:01.193  render           | Saved: '/Users/mohammedkalouti/Documents/Codex/2026-09-27/i/work/art/aircraft-final-production-v3/stage/assets/build/frames/unit.IR.fighter/beauty/bank_left/d14_f01.png'
03:01.704  render           | Saved: '/Users/mohammedkalouti/Documents/Codex/2026-09-27/i/work/art/aircraft-final-production-v3/stage/assets/build/frames/unit.IR.fighter/team/bank_left/d14_f01.png'
03:02.662  render           | Saved: '/Users/mohammedkalouti/Documents/Codex/2026-09-27/i/work/art/aircraft-final-production-v3/stage/assets/build/frames/unit.IR.fighter/shadow/bank_left/d14_f01.png'
03:03.250  render           | Saved: '/Users/mohammedkalouti/Documents/Codex/2026-09-27/i/work/art/aircraft-final-production-v3/stage/assets/build/frames/unit.IR.fighter/beauty/bank_left/d14_f02.png'
03:03.772  render           | Saved: '/Users/mohammedkalouti/Documents/Codex/2026-09-27/i/work/art/aircraft-final-production-v3/stage/assets/build/frames/unit.IR.fighter/team/bank_left/d14_f02.png'
03:04.669  render           | Saved: '/Users/mohammedkalouti/Documents/Codex/2026-09-27/i/work/art/aircraft-final-production-v3/stage/assets/build/frames/unit.IR.fighter/shadow/bank_left/d14_f02.png'
03:05.259  render           | Saved: '/Users/mohammedkalouti/Documents/Codex/2026-09-27/i/work/art/aircraft-final-production-v3/stage/assets/build/frames/unit.IR.fighter/beauty/bank_left/d15_f00.png'
03:05.815  render           | Saved: '/Users/mohammedkalouti/Documents/Codex/2026-09-27/i/work/art/aircraft-final-production-v3/stage/assets/build/frames/unit.IR.fighter/team/bank_left/d15_f00.png'
03:06.707  render           | Saved: '/Users/mohammedkalouti/Documents/Codex/2026-09-27/i/work/art/aircraft-final-production-v3/stage/assets/build/frames/unit.IR.fighter/shadow/bank_left/d15_f00.png'
03:07.281  render           | Saved: '/Users/mohammedkalouti/Documents/Codex/2026-09-27/i/work/art/aircraft-final-production-v3/stage/assets/build/frames/unit.IR.fighter/beauty/bank_left/d15_f01.png'
03:07.801  render           | Saved: '/Users/mohammedkalouti/Documents/Codex/2026-09-27/i/work/art/aircraft-final-production-v3/stage/assets/build/frames/unit.IR.fighter/team/bank_left/d15_f01.png'
03:08.673  render           | Saved: '/Users/mohammedkalouti/Documents/Codex/2026-09-27/i/work/art/aircraft-final-production-v3/stage/assets/build/frames/unit.IR.fighter/shadow/bank_left/d15_f01.png'
03:09.274  render           | Saved: '/Users/mohammedkalouti/Documents/Codex/2026-09-27/i/work/art/aircraft-final-production-v3/stage/assets/build/frames/unit.IR.fighter/beauty/bank_left/d15_f02.png'
03:09.815  render           | Saved: '/Users/mohammedkalouti/Documents/Codex/2026-09-27/i/work/art/aircraft-final-production-v3/stage/assets/build/frames/unit.IR.fighter/team/bank_left/d15_f02.png'
03:10.774  render           | Saved: '/Users/mohammedkalouti/Documents/Codex/2026-09-27/i/work/art/aircraft-final-production-v3/stage/assets/build/frames/unit.IR.fighter/shadow/bank_left/d15_f02.png'
03:11.409  render           | Saved: '/Users/mohammedkalouti/Documents/Codex/2026-09-27/i/work/art/aircraft-final-production-v3/stage/assets/build/frames/unit.IR.fighter/beauty/bank_right/d00_f00.png'
03:11.928  render           | Saved: '/Users/mohammedkalouti/Documents/Codex/2026-09-27/i/work/art/aircraft-final-production-v3/stage/assets/build/frames/unit.IR.fighter/team/bank_right/d00_f00.png'
03:12.832  render           | Saved: '/Users/mohammedkalouti/Documents/Codex/2026-09-27/i/work/art/aircraft-final-production-v3/stage/assets/build/frames/unit.IR.fighter/shadow/bank_right/d00_f00.png'
03:13.463  render           | Saved: '/Users/mohammedkalouti/Documents/Codex/2026-09-27/i/work/art/aircraft-final-production-v3/stage/assets/build/frames/unit.IR.fighter/beauty/bank_right/d00_f01.png'
03:14.001  render           | Saved: '/Users/mohammedkalouti/Documents/Codex/2026-09-27/i/work/art/aircraft-final-production-v3/stage/assets/build/frames/unit.IR.fighter/team/bank_right/d00_f01.png'
03:14.915  render           | Saved: '/Users/mohammedkalouti/Documents/Codex/2026-09-27/i/work/art/aircraft-final-production-v3/stage/assets/build/frames/unit.IR.fighter/shadow/bank_right/d00_f01.png'
03:15.544  render           | Saved: '/Users/mohammedkalouti/Documents/Codex/2026-09-27/i/work/art/aircraft-final-production-v3/stage/assets/build/frames/unit.IR.fighter/beauty/bank_right/d00_f02.png'
03:16.100  render           | Saved: '/Users/mohammedkalouti/Documents/Codex/2026-09-27/i/work/art/aircraft-final-production-v3/stage/assets/build/frames/unit.IR.fighter/team/bank_right/d00_f02.png'
03:17.000  render           | Saved: '/Users/mohammedkalouti/Documents/Codex/2026-09-27/i/work/art/aircraft-final-production-v3/stage/assets/build/frames/unit.IR.fighter/shadow/bank_right/d00_f02.png'
03:17.593  render           | Saved: '/Users/mohammedkalouti/Documents/Codex/2026-09-27/i/work/art/aircraft-final-production-v3/stage/assets/build/frames/unit.IR.fighter/beauty/bank_right/d01_f00.png'
03:18.125  render           | Saved: '/Users/mohammedkalouti/Documents/Codex/2026-09-27/i/work/art/aircraft-final-production-v3/stage/assets/build/frames/unit.IR.fighter/team/bank_right/d01_f00.png'
03:19.019  render           | Saved: '/Users/mohammedkalouti/Documents/Codex/2026-09-27/i/work/art/aircraft-final-production-v3/stage/assets/build/frames/unit.IR.fighter/shadow/bank_right/d01_f00.png'
03:19.635  render           | Saved: '/Users/mohammedkalouti/Documents/Codex/2026-09-27/i/work/art/aircraft-final-production-v3/stage/assets/build/frames/unit.IR.fighter/beauty/bank_right/d01_f01.png'
03:20.152  render           | Saved: '/Users/mohammedkalouti/Documents/Codex/2026-09-27/i/work/art/aircraft-final-production-v3/stage/assets/build/frames/unit.IR.fighter/team/bank_right/d01_f01.png'
03:21.034  render           | Saved: '/Users/mohammedkalouti/Documents/Codex/2026-09-27/i/work/art/aircraft-final-production-v3/stage/assets/build/frames/unit.IR.fighter/shadow/bank_right/d01_f01.png'
03:21.629  render           | Saved: '/Users/mohammedkalouti/Documents/Codex/2026-09-27/i/work/art/aircraft-final-production-v3/stage/assets/build/frames/unit.IR.fighter/beauty/bank_right/d01_f02.png'
03:22.170  render           | Saved: '/Users/mohammedkalouti/Documents/Codex/2026-09-27/i/work/art/aircraft-final-production-v3/stage/assets/build/frames/unit.IR.fighter/team/bank_right/d01_f02.png'
03:23.084  render           | Saved: '/Users/mohammedkalouti/Documents/Codex/2026-09-27/i/work/art/aircraft-final-production-v3/stage/assets/build/frames/unit.IR.fighter/shadow/bank_right/d01_f02.png'
03:23.714  render           | Saved: '/Users/mohammedkalouti/Documents/Codex/2026-09-27/i/work/art/aircraft-final-production-v3/stage/assets/build/frames/unit.IR.fighter/beauty/bank_right/d02_f00.png'
03:24.258  render           | Saved: '/Users/mohammedkalouti/Documents/Codex/2026-09-27/i/work/art/aircraft-final-production-v3/stage/assets/build/frames/unit.IR.fighter/team/bank_right/d02_f00.png'
03:25.139  render           | Saved: '/Users/mohammedkalouti/Documents/Codex/2026-09-27/i/work/art/aircraft-final-production-v3/stage/assets/build/frames/unit.IR.fighter/shadow/bank_right/d02_f00.png'
03:25.733  render           | Saved: '/Users/mohammedkalouti/Documents/Codex/2026-09-27/i/work/art/aircraft-final-production-v3/stage/assets/build/frames/unit.IR.fighter/beauty/bank_right/d02_f01.png'
03:26.269  render           | Saved: '/Users/mohammedkalouti/Documents/Codex/2026-09-27/i/work/art/aircraft-final-production-v3/stage/assets/build/frames/unit.IR.fighter/team/bank_right/d02_f01.png'
03:27.142  render           | Saved: '/Users/mohammedkalouti/Documents/Codex/2026-09-27/i/work/art/aircraft-final-production-v3/stage/assets/build/frames/unit.IR.fighter/shadow/bank_right/d02_f01.png'
03:27.740  render           | Saved: '/Users/mohammedkalouti/Documents/Codex/2026-09-27/i/work/art/aircraft-final-production-v3/stage/assets/build/frames/unit.IR.fighter/beauty/bank_right/d02_f02.png'
03:28.233  render           | Saved: '/Users/mohammedkalouti/Documents/Codex/2026-09-27/i/work/art/aircraft-final-production-v3/stage/assets/build/frames/unit.IR.fighter/team/bank_right/d02_f02.png'
03:29.084  render           | Saved: '/Users/mohammedkalouti/Documents/Codex/2026-09-27/i/work/art/aircraft-final-production-v3/stage/assets/build/frames/unit.IR.fighter/shadow/bank_right/d02_f02.png'
03:29.647  render           | Saved: '/Users/mohammedkalouti/Documents/Codex/2026-09-27/i/work/art/aircraft-final-production-v3/stage/assets/build/frames/unit.IR.fighter/beauty/bank_right/d03_f00.png'
03:30.141  render           | Saved: '/Users/mohammedkalouti/Documents/Codex/2026-09-27/i/work/art/aircraft-final-production-v3/stage/assets/build/frames/unit.IR.fighter/team/bank_right/d03_f00.png'
03:30.937  render           | Saved: '/Users/mohammedkalouti/Documents/Codex/2026-09-27/i/work/art/aircraft-final-production-v3/stage/assets/build/frames/unit.IR.fighter/shadow/bank_right/d03_f00.png'
03:31.502  render           | Saved: '/Users/mohammedkalouti/Documents/Codex/2026-09-27/i/work/art/aircraft-final-production-v3/stage/assets/build/frames/unit.IR.fighter/beauty/bank_right/d03_f01.png'
03:32.032  render           | Saved: '/Users/mohammedkalouti/Documents/Codex/2026-09-27/i/work/art/aircraft-final-production-v3/stage/assets/build/frames/unit.IR.fighter/team/bank_right/d03_f01.png'
03:32.843  render           | Saved: '/Users/mohammedkalouti/Documents/Codex/2026-09-27/i/work/art/aircraft-final-production-v3/stage/assets/build/frames/unit.IR.fighter/shadow/bank_right/d03_f01.png'
03:33.384  render           | Saved: '/Users/mohammedkalouti/Documents/Codex/2026-09-27/i/work/art/aircraft-final-production-v3/stage/assets/build/frames/unit.IR.fighter/beauty/bank_right/d03_f02.png'
03:33.874  render           | Saved: '/Users/mohammedkalouti/Documents/Codex/2026-09-27/i/work/art/aircraft-final-production-v3/stage/assets/build/frames/unit.IR.fighter/team/bank_right/d03_f02.png'
03:34.703  render           | Saved: '/Users/mohammedkalouti/Documents/Codex/2026-09-27/i/work/art/aircraft-final-production-v3/stage/assets/build/frames/unit.IR.fighter/shadow/bank_right/d03_f02.png'
03:35.250  render           | Saved: '/Users/mohammedkalouti/Documents/Codex/2026-09-27/i/work/art/aircraft-final-production-v3/stage/assets/build/frames/unit.IR.fighter/beauty/bank_right/d04_f00.png'
03:35.730  render           | Saved: '/Users/mohammedkalouti/Documents/Codex/2026-09-27/i/work/art/aircraft-final-production-v3/stage/assets/build/frames/unit.IR.fighter/team/bank_right/d04_f00.png'
03:36.553  render           | Saved: '/Users/mohammedkalouti/Documents/Codex/2026-09-27/i/work/art/aircraft-final-production-v3/stage/assets/build/frames/unit.IR.fighter/shadow/bank_right/d04_f00.png'
03:37.137  render           | Saved: '/Users/mohammedkalouti/Documents/Codex/2026-09-27/i/work/art/aircraft-final-production-v3/stage/assets/build/frames/unit.IR.fighter/beauty/bank_right/d04_f01.png'
03:37.626  render           | Saved: '/Users/mohammedkalouti/Documents/Codex/2026-09-27/i/work/art/aircraft-final-production-v3/stage/assets/build/frames/unit.IR.fighter/team/bank_right/d04_f01.png'
03:38.430  render           | Saved: '/Users/mohammedkalouti/Documents/Codex/2026-09-27/i/work/art/aircraft-final-production-v3/stage/assets/build/frames/unit.IR.fighter/shadow/bank_right/d04_f01.png'
03:38.971  render           | Saved: '/Users/mohammedkalouti/Documents/Codex/2026-09-27/i/work/art/aircraft-final-production-v3/stage/assets/build/frames/unit.IR.fighter/beauty/bank_right/d04_f02.png'
03:39.454  render           | Saved: '/Users/mohammedkalouti/Documents/Codex/2026-09-27/i/work/art/aircraft-final-production-v3/stage/assets/build/frames/unit.IR.fighter/team/bank_right/d04_f02.png'
03:40.271  render           | Saved: '/Users/mohammedkalouti/Documents/Codex/2026-09-27/i/work/art/aircraft-final-production-v3/stage/assets/build/frames/unit.IR.fighter/shadow/bank_right/d04_f02.png'
03:40.810  render           | Saved: '/Users/mohammedkalouti/Documents/Codex/2026-09-27/i/work/art/aircraft-final-production-v3/stage/assets/build/frames/unit.IR.fighter/beauty/bank_right/d05_f00.png'
03:41.301  render           | Saved: '/Users/mohammedkalouti/Documents/Codex/2026-09-27/i/work/art/aircraft-final-production-v3/stage/assets/build/frames/unit.IR.fighter/team/bank_right/d05_f00.png'
03:42.120  render           | Saved: '/Users/mohammedkalouti/Documents/Codex/2026-09-27/i/work/art/aircraft-final-production-v3/stage/assets/build/frames/unit.IR.fighter/shadow/bank_right/d05_f00.png'
03:42.666  render           | Saved: '/Users/mohammedkalouti/Documents/Codex/2026-09-27/i/work/art/aircraft-final-production-v3/stage/assets/build/frames/unit.IR.fighter/beauty/bank_right/d05_f01.png'
03:43.141  render           | Saved: '/Users/mohammedkalouti/Documents/Codex/2026-09-27/i/work/art/aircraft-final-production-v3/stage/assets/build/frames/unit.IR.fighter/team/bank_right/d05_f01.png'
03:43.956  render           | Saved: '/Users/mohammedkalouti/Documents/Codex/2026-09-27/i/work/art/aircraft-final-production-v3/stage/assets/build/frames/unit.IR.fighter/shadow/bank_right/d05_f01.png'
03:44.499  render           | Saved: '/Users/mohammedkalouti/Documents/Codex/2026-09-27/i/work/art/aircraft-final-production-v3/stage/assets/build/frames/unit.IR.fighter/beauty/bank_right/d05_f02.png'
03:44.977  render           | Saved: '/Users/mohammedkalouti/Documents/Codex/2026-09-27/i/work/art/aircraft-final-production-v3/stage/assets/build/frames/unit.IR.fighter/team/bank_right/d05_f02.png'
03:45.799  render           | Saved: '/Users/mohammedkalouti/Documents/Codex/2026-09-27/i/work/art/aircraft-final-production-v3/stage/assets/build/frames/unit.IR.fighter/shadow/bank_right/d05_f02.png'
03:46.371  render           | Saved: '/Users/mohammedkalouti/Documents/Codex/2026-09-27/i/work/art/aircraft-final-production-v3/stage/assets/build/frames/unit.IR.fighter/beauty/bank_right/d06_f00.png'
03:46.850  render           | Saved: '/Users/mohammedkalouti/Documents/Codex/2026-09-27/i/work/art/aircraft-final-production-v3/stage/assets/build/frames/unit.IR.fighter/team/bank_right/d06_f00.png'
03:47.667  render           | Saved: '/Users/mohammedkalouti/Documents/Codex/2026-09-27/i/work/art/aircraft-final-production-v3/stage/assets/build/frames/unit.IR.fighter/shadow/bank_right/d06_f00.png'
03:48.224  render           | Saved: '/Users/mohammedkalouti/Documents/Codex/2026-09-27/i/work/art/aircraft-final-production-v3/stage/assets/build/frames/unit.IR.fighter/beauty/bank_right/d06_f01.png'
03:48.712  render           | Saved: '/Users/mohammedkalouti/Documents/Codex/2026-09-27/i/work/art/aircraft-final-production-v3/stage/assets/build/frames/unit.IR.fighter/team/bank_right/d06_f01.png'
03:49.530  render           | Saved: '/Users/mohammedkalouti/Documents/Codex/2026-09-27/i/work/art/aircraft-final-production-v3/stage/assets/build/frames/unit.IR.fighter/shadow/bank_right/d06_f01.png'
03:50.074  render           | Saved: '/Users/mohammedkalouti/Documents/Codex/2026-09-27/i/work/art/aircraft-final-production-v3/stage/assets/build/frames/unit.IR.fighter/beauty/bank_right/d06_f02.png'
03:50.550  render           | Saved: '/Users/mohammedkalouti/Documents/Codex/2026-09-27/i/work/art/aircraft-final-production-v3/stage/assets/build/frames/unit.IR.fighter/team/bank_right/d06_f02.png'
03:51.374  render           | Saved: '/Users/mohammedkalouti/Documents/Codex/2026-09-27/i/work/art/aircraft-final-production-v3/stage/assets/build/frames/unit.IR.fighter/shadow/bank_right/d06_f02.png'
03:51.915  render           | Saved: '/Users/mohammedkalouti/Documents/Codex/2026-09-27/i/work/art/aircraft-final-production-v3/stage/assets/build/frames/unit.IR.fighter/beauty/bank_right/d07_f00.png'
03:52.412  render           | Saved: '/Users/mohammedkalouti/Documents/Codex/2026-09-27/i/work/art/aircraft-final-production-v3/stage/assets/build/frames/unit.IR.fighter/team/bank_right/d07_f00.png'
03:53.219  render           | Saved: '/Users/mohammedkalouti/Documents/Codex/2026-09-27/i/work/art/aircraft-final-production-v3/stage/assets/build/frames/unit.IR.fighter/shadow/bank_right/d07_f00.png'
03:53.746  render           | Saved: '/Users/mohammedkalouti/Documents/Codex/2026-09-27/i/work/art/aircraft-final-production-v3/stage/assets/build/frames/unit.IR.fighter/beauty/bank_right/d07_f01.png'
03:54.232  render           | Saved: '/Users/mohammedkalouti/Documents/Codex/2026-09-27/i/work/art/aircraft-final-production-v3/stage/assets/build/frames/unit.IR.fighter/team/bank_right/d07_f01.png'
03:55.048  render           | Saved: '/Users/mohammedkalouti/Documents/Codex/2026-09-27/i/work/art/aircraft-final-production-v3/stage/assets/build/frames/unit.IR.fighter/shadow/bank_right/d07_f01.png'
03:55.575  render           | Saved: '/Users/mohammedkalouti/Documents/Codex/2026-09-27/i/work/art/aircraft-final-production-v3/stage/assets/build/frames/unit.IR.fighter/beauty/bank_right/d07_f02.png'
03:56.044  render           | Saved: '/Users/mohammedkalouti/Documents/Codex/2026-09-27/i/work/art/aircraft-final-production-v3/stage/assets/build/frames/unit.IR.fighter/team/bank_right/d07_f02.png'
03:56.862  render           | Saved: '/Users/mohammedkalouti/Documents/Codex/2026-09-27/i/work/art/aircraft-final-production-v3/stage/assets/build/frames/unit.IR.fighter/shadow/bank_right/d07_f02.png'
03:57.415  render           | Saved: '/Users/mohammedkalouti/Documents/Codex/2026-09-27/i/work/art/aircraft-final-production-v3/stage/assets/build/frames/unit.IR.fighter/beauty/bank_right/d08_f00.png'
03:57.903  render           | Saved: '/Users/mohammedkalouti/Documents/Codex/2026-09-27/i/work/art/aircraft-final-production-v3/stage/assets/build/frames/unit.IR.fighter/team/bank_right/d08_f00.png'
03:58.715  render           | Saved: '/Users/mohammedkalouti/Documents/Codex/2026-09-27/i/work/art/aircraft-final-production-v3/stage/assets/build/frames/unit.IR.fighter/shadow/bank_right/d08_f00.png'
03:59.247  render           | Saved: '/Users/mohammedkalouti/Documents/Codex/2026-09-27/i/work/art/aircraft-final-production-v3/stage/assets/build/frames/unit.IR.fighter/beauty/bank_right/d08_f01.png'
03:59.725  render           | Saved: '/Users/mohammedkalouti/Documents/Codex/2026-09-27/i/work/art/aircraft-final-production-v3/stage/assets/build/frames/unit.IR.fighter/team/bank_right/d08_f01.png'
04:00.668  render           | Saved: '/Users/mohammedkalouti/Documents/Codex/2026-09-27/i/work/art/aircraft-final-production-v3/stage/assets/build/frames/unit.IR.fighter/shadow/bank_right/d08_f01.png'
04:01.217  render           | Saved: '/Users/mohammedkalouti/Documents/Codex/2026-09-27/i/work/art/aircraft-final-production-v3/stage/assets/build/frames/unit.IR.fighter/beauty/bank_right/d08_f02.png'
04:01.862  render           | Saved: '/Users/mohammedkalouti/Documents/Codex/2026-09-27/i/work/art/aircraft-final-production-v3/stage/assets/build/frames/unit.IR.fighter/team/bank_right/d08_f02.png'
04:02.826  render           | Saved: '/Users/mohammedkalouti/Documents/Codex/2026-09-27/i/work/art/aircraft-final-production-v3/stage/assets/build/frames/unit.IR.fighter/shadow/bank_right/d08_f02.png'
04:03.470  render           | Saved: '/Users/mohammedkalouti/Documents/Codex/2026-09-27/i/work/art/aircraft-final-production-v3/stage/assets/build/frames/unit.IR.fighter/beauty/bank_right/d09_f00.png'
04:04.066  render           | Saved: '/Users/mohammedkalouti/Documents/Codex/2026-09-27/i/work/art/aircraft-final-production-v3/stage/assets/build/frames/unit.IR.fighter/team/bank_right/d09_f00.png'
04:04.999  render           | Saved: '/Users/mohammedkalouti/Documents/Codex/2026-09-27/i/work/art/aircraft-final-production-v3/stage/assets/build/frames/unit.IR.fighter/shadow/bank_right/d09_f00.png'
04:05.638  render           | Saved: '/Users/mohammedkalouti/Documents/Codex/2026-09-27/i/work/art/aircraft-final-production-v3/stage/assets/build/frames/unit.IR.fighter/beauty/bank_right/d09_f01.png'
04:06.198  render           | Saved: '/Users/mohammedkalouti/Documents/Codex/2026-09-27/i/work/art/aircraft-final-production-v3/stage/assets/build/frames/unit.IR.fighter/team/bank_right/d09_f01.png'
04:07.124  render           | Saved: '/Users/mohammedkalouti/Documents/Codex/2026-09-27/i/work/art/aircraft-final-production-v3/stage/assets/build/frames/unit.IR.fighter/shadow/bank_right/d09_f01.png'
04:07.810  render           | Saved: '/Users/mohammedkalouti/Documents/Codex/2026-09-27/i/work/art/aircraft-final-production-v3/stage/assets/build/frames/unit.IR.fighter/beauty/bank_right/d09_f02.png'
04:08.360  render           | Saved: '/Users/mohammedkalouti/Documents/Codex/2026-09-27/i/work/art/aircraft-final-production-v3/stage/assets/build/frames/unit.IR.fighter/team/bank_right/d09_f02.png'
04:09.371  render           | Saved: '/Users/mohammedkalouti/Documents/Codex/2026-09-27/i/work/art/aircraft-final-production-v3/stage/assets/build/frames/unit.IR.fighter/shadow/bank_right/d09_f02.png'
04:10.002  render           | Saved: '/Users/mohammedkalouti/Documents/Codex/2026-09-27/i/work/art/aircraft-final-production-v3/stage/assets/build/frames/unit.IR.fighter/beauty/bank_right/d10_f00.png'
04:10.591  render           | Saved: '/Users/mohammedkalouti/Documents/Codex/2026-09-27/i/work/art/aircraft-final-production-v3/stage/assets/build/frames/unit.IR.fighter/team/bank_right/d10_f00.png'
04:11.594  render           | Saved: '/Users/mohammedkalouti/Documents/Codex/2026-09-27/i/work/art/aircraft-final-production-v3/stage/assets/build/frames/unit.IR.fighter/shadow/bank_right/d10_f00.png'
04:12.262  render           | Saved: '/Users/mohammedkalouti/Documents/Codex/2026-09-27/i/work/art/aircraft-final-production-v3/stage/assets/build/frames/unit.IR.fighter/beauty/bank_right/d10_f01.png'
04:12.853  render           | Saved: '/Users/mohammedkalouti/Documents/Codex/2026-09-27/i/work/art/aircraft-final-production-v3/stage/assets/build/frames/unit.IR.fighter/team/bank_right/d10_f01.png'
04:13.875  render           | Saved: '/Users/mohammedkalouti/Documents/Codex/2026-09-27/i/work/art/aircraft-final-production-v3/stage/assets/build/frames/unit.IR.fighter/shadow/bank_right/d10_f01.png'
04:14.535  render           | Saved: '/Users/mohammedkalouti/Documents/Codex/2026-09-27/i/work/art/aircraft-final-production-v3/stage/assets/build/frames/unit.IR.fighter/beauty/bank_right/d10_f02.png'
04:15.105  render           | Saved: '/Users/mohammedkalouti/Documents/Codex/2026-09-27/i/work/art/aircraft-final-production-v3/stage/assets/build/frames/unit.IR.fighter/team/bank_right/d10_f02.png'
04:16.072  render           | Saved: '/Users/mohammedkalouti/Documents/Codex/2026-09-27/i/work/art/aircraft-final-production-v3/stage/assets/build/frames/unit.IR.fighter/shadow/bank_right/d10_f02.png'
04:16.744  render           | Saved: '/Users/mohammedkalouti/Documents/Codex/2026-09-27/i/work/art/aircraft-final-production-v3/stage/assets/build/frames/unit.IR.fighter/beauty/bank_right/d11_f00.png'
04:17.313  render           | Saved: '/Users/mohammedkalouti/Documents/Codex/2026-09-27/i/work/art/aircraft-final-production-v3/stage/assets/build/frames/unit.IR.fighter/team/bank_right/d11_f00.png'
04:18.275  render           | Saved: '/Users/mohammedkalouti/Documents/Codex/2026-09-27/i/work/art/aircraft-final-production-v3/stage/assets/build/frames/unit.IR.fighter/shadow/bank_right/d11_f00.png'
04:18.953  render           | Saved: '/Users/mohammedkalouti/Documents/Codex/2026-09-27/i/work/art/aircraft-final-production-v3/stage/assets/build/frames/unit.IR.fighter/beauty/bank_right/d11_f01.png'
04:19.637  render           | Saved: '/Users/mohammedkalouti/Documents/Codex/2026-09-27/i/work/art/aircraft-final-production-v3/stage/assets/build/frames/unit.IR.fighter/team/bank_right/d11_f01.png'
04:20.601  render           | Saved: '/Users/mohammedkalouti/Documents/Codex/2026-09-27/i/work/art/aircraft-final-production-v3/stage/assets/build/frames/unit.IR.fighter/shadow/bank_right/d11_f01.png'
04:21.212  render           | Saved: '/Users/mohammedkalouti/Documents/Codex/2026-09-27/i/work/art/aircraft-final-production-v3/stage/assets/build/frames/unit.IR.fighter/beauty/bank_right/d11_f02.png'
04:21.712  render           | Saved: '/Users/mohammedkalouti/Documents/Codex/2026-09-27/i/work/art/aircraft-final-production-v3/stage/assets/build/frames/unit.IR.fighter/team/bank_right/d11_f02.png'
04:22.539  render           | Saved: '/Users/mohammedkalouti/Documents/Codex/2026-09-27/i/work/art/aircraft-final-production-v3/stage/assets/build/frames/unit.IR.fighter/shadow/bank_right/d11_f02.png'
04:23.119  render           | Saved: '/Users/mohammedkalouti/Documents/Codex/2026-09-27/i/work/art/aircraft-final-production-v3/stage/assets/build/frames/unit.IR.fighter/beauty/bank_right/d12_f00.png'
04:23.614  render           | Saved: '/Users/mohammedkalouti/Documents/Codex/2026-09-27/i/work/art/aircraft-final-production-v3/stage/assets/build/frames/unit.IR.fighter/team/bank_right/d12_f00.png'
04:24.466  render           | Saved: '/Users/mohammedkalouti/Documents/Codex/2026-09-27/i/work/art/aircraft-final-production-v3/stage/assets/build/frames/unit.IR.fighter/shadow/bank_right/d12_f00.png'
04:25.042  render           | Saved: '/Users/mohammedkalouti/Documents/Codex/2026-09-27/i/work/art/aircraft-final-production-v3/stage/assets/build/frames/unit.IR.fighter/beauty/bank_right/d12_f01.png'
04:25.535  render           | Saved: '/Users/mohammedkalouti/Documents/Codex/2026-09-27/i/work/art/aircraft-final-production-v3/stage/assets/build/frames/unit.IR.fighter/team/bank_right/d12_f01.png'
04:26.371  render           | Saved: '/Users/mohammedkalouti/Documents/Codex/2026-09-27/i/work/art/aircraft-final-production-v3/stage/assets/build/frames/unit.IR.fighter/shadow/bank_right/d12_f01.png'
04:26.970  render           | Saved: '/Users/mohammedkalouti/Documents/Codex/2026-09-27/i/work/art/aircraft-final-production-v3/stage/assets/build/frames/unit.IR.fighter/beauty/bank_right/d12_f02.png'
04:27.463  render           | Saved: '/Users/mohammedkalouti/Documents/Codex/2026-09-27/i/work/art/aircraft-final-production-v3/stage/assets/build/frames/unit.IR.fighter/team/bank_right/d12_f02.png'
04:28.281  render           | Saved: '/Users/mohammedkalouti/Documents/Codex/2026-09-27/i/work/art/aircraft-final-production-v3/stage/assets/build/frames/unit.IR.fighter/shadow/bank_right/d12_f02.png'
04:28.835  render           | Saved: '/Users/mohammedkalouti/Documents/Codex/2026-09-27/i/work/art/aircraft-final-production-v3/stage/assets/build/frames/unit.IR.fighter/beauty/bank_right/d13_f00.png'
04:29.351  render           | Saved: '/Users/mohammedkalouti/Documents/Codex/2026-09-27/i/work/art/aircraft-final-production-v3/stage/assets/build/frames/unit.IR.fighter/team/bank_right/d13_f00.png'
04:30.173  render           | Saved: '/Users/mohammedkalouti/Documents/Codex/2026-09-27/i/work/art/aircraft-final-production-v3/stage/assets/build/frames/unit.IR.fighter/shadow/bank_right/d13_f00.png'
04:30.728  render           | Saved: '/Users/mohammedkalouti/Documents/Codex/2026-09-27/i/work/art/aircraft-final-production-v3/stage/assets/build/frames/unit.IR.fighter/beauty/bank_right/d13_f01.png'
04:31.222  render           | Saved: '/Users/mohammedkalouti/Documents/Codex/2026-09-27/i/work/art/aircraft-final-production-v3/stage/assets/build/frames/unit.IR.fighter/team/bank_right/d13_f01.png'
04:32.085  render           | Saved: '/Users/mohammedkalouti/Documents/Codex/2026-09-27/i/work/art/aircraft-final-production-v3/stage/assets/build/frames/unit.IR.fighter/shadow/bank_right/d13_f01.png'
04:32.690  render           | Saved: '/Users/mohammedkalouti/Documents/Codex/2026-09-27/i/work/art/aircraft-final-production-v3/stage/assets/build/frames/unit.IR.fighter/beauty/bank_right/d13_f02.png'
04:33.174  render           | Saved: '/Users/mohammedkalouti/Documents/Codex/2026-09-27/i/work/art/aircraft-final-production-v3/stage/assets/build/frames/unit.IR.fighter/team/bank_right/d13_f02.png'
04:33.988  render           | Saved: '/Users/mohammedkalouti/Documents/Codex/2026-09-27/i/work/art/aircraft-final-production-v3/stage/assets/build/frames/unit.IR.fighter/shadow/bank_right/d13_f02.png'
04:34.583  render           | Saved: '/Users/mohammedkalouti/Documents/Codex/2026-09-27/i/work/art/aircraft-final-production-v3/stage/assets/build/frames/unit.IR.fighter/beauty/bank_right/d14_f00.png'
04:35.071  render           | Saved: '/Users/mohammedkalouti/Documents/Codex/2026-09-27/i/work/art/aircraft-final-production-v3/stage/assets/build/frames/unit.IR.fighter/team/bank_right/d14_f00.png'
04:35.907  render           | Saved: '/Users/mohammedkalouti/Documents/Codex/2026-09-27/i/work/art/aircraft-final-production-v3/stage/assets/build/frames/unit.IR.fighter/shadow/bank_right/d14_f00.png'
04:36.488  render           | Saved: '/Users/mohammedkalouti/Documents/Codex/2026-09-27/i/work/art/aircraft-final-production-v3/stage/assets/build/frames/unit.IR.fighter/beauty/bank_right/d14_f01.png'
04:36.972  render           | Saved: '/Users/mohammedkalouti/Documents/Codex/2026-09-27/i/work/art/aircraft-final-production-v3/stage/assets/build/frames/unit.IR.fighter/team/bank_right/d14_f01.png'
04:37.759  render           | Saved: '/Users/mohammedkalouti/Documents/Codex/2026-09-27/i/work/art/aircraft-final-production-v3/stage/assets/build/frames/unit.IR.fighter/shadow/bank_right/d14_f01.png'
04:38.325  render           | Saved: '/Users/mohammedkalouti/Documents/Codex/2026-09-27/i/work/art/aircraft-final-production-v3/stage/assets/build/frames/unit.IR.fighter/beauty/bank_right/d14_f02.png'
04:38.824  render           | Saved: '/Users/mohammedkalouti/Documents/Codex/2026-09-27/i/work/art/aircraft-final-production-v3/stage/assets/build/frames/unit.IR.fighter/team/bank_right/d14_f02.png'
04:39.651  render           | Saved: '/Users/mohammedkalouti/Documents/Codex/2026-09-27/i/work/art/aircraft-final-production-v3/stage/assets/build/frames/unit.IR.fighter/shadow/bank_right/d14_f02.png'
04:40.212  render           | Saved: '/Users/mohammedkalouti/Documents/Codex/2026-09-27/i/work/art/aircraft-final-production-v3/stage/assets/build/frames/unit.IR.fighter/beauty/bank_right/d15_f00.png'
04:40.707  render           | Saved: '/Users/mohammedkalouti/Documents/Codex/2026-09-27/i/work/art/aircraft-final-production-v3/stage/assets/build/frames/unit.IR.fighter/team/bank_right/d15_f00.png'
04:41.531  render           | Saved: '/Users/mohammedkalouti/Documents/Codex/2026-09-27/i/work/art/aircraft-final-production-v3/stage/assets/build/frames/unit.IR.fighter/shadow/bank_right/d15_f00.png'
04:42.096  render           | Saved: '/Users/mohammedkalouti/Documents/Codex/2026-09-27/i/work/art/aircraft-final-production-v3/stage/assets/build/frames/unit.IR.fighter/beauty/bank_right/d15_f01.png'
04:42.596  render           | Saved: '/Users/mohammedkalouti/Documents/Codex/2026-09-27/i/work/art/aircraft-final-production-v3/stage/assets/build/frames/unit.IR.fighter/team/bank_right/d15_f01.png'
04:43.414  render           | Saved: '/Users/mohammedkalouti/Documents/Codex/2026-09-27/i/work/art/aircraft-final-production-v3/stage/assets/build/frames/unit.IR.fighter/shadow/bank_right/d15_f01.png'
04:43.967  render           | Saved: '/Users/mohammedkalouti/Documents/Codex/2026-09-27/i/work/art/aircraft-final-production-v3/stage/assets/build/frames/unit.IR.fighter/beauty/bank_right/d15_f02.png'
04:44.473  render           | Saved: '/Users/mohammedkalouti/Documents/Codex/2026-09-27/i/work/art/aircraft-final-production-v3/stage/assets/build/frames/unit.IR.fighter/team/bank_right/d15_f02.png'
04:45.300  render           | Saved: '/Users/mohammedkalouti/Documents/Codex/2026-09-27/i/work/art/aircraft-final-production-v3/stage/assets/build/frames/unit.IR.fighter/shadow/bank_right/d15_f02.png'
04:45.854  render           | Saved: '/Users/mohammedkalouti/Documents/Codex/2026-09-27/i/work/art/aircraft-final-production-v3/stage/assets/build/frames/unit.IR.fighter/beauty/parked/d00_f00.png'
04:46.354  render           | Saved: '/Users/mohammedkalouti/Documents/Codex/2026-09-27/i/work/art/aircraft-final-production-v3/stage/assets/build/frames/unit.IR.fighter/team/parked/d00_f00.png'
04:47.227  render           | Saved: '/Users/mohammedkalouti/Documents/Codex/2026-09-27/i/work/art/aircraft-final-production-v3/stage/assets/build/frames/unit.IR.fighter/shadow/parked/d00_f00.png'
04:47.790  render           | Saved: '/Users/mohammedkalouti/Documents/Codex/2026-09-27/i/work/art/aircraft-final-production-v3/stage/assets/build/frames/unit.IR.fighter/beauty/parked/d01_f00.png'
04:48.319  render           | Saved: '/Users/mohammedkalouti/Documents/Codex/2026-09-27/i/work/art/aircraft-final-production-v3/stage/assets/build/frames/unit.IR.fighter/team/parked/d01_f00.png'
04:49.192  render           | Saved: '/Users/mohammedkalouti/Documents/Codex/2026-09-27/i/work/art/aircraft-final-production-v3/stage/assets/build/frames/unit.IR.fighter/shadow/parked/d01_f00.png'
04:49.780  render           | Saved: '/Users/mohammedkalouti/Documents/Codex/2026-09-27/i/work/art/aircraft-final-production-v3/stage/assets/build/frames/unit.IR.fighter/beauty/parked/d02_f00.png'
04:50.264  render           | Saved: '/Users/mohammedkalouti/Documents/Codex/2026-09-27/i/work/art/aircraft-final-production-v3/stage/assets/build/frames/unit.IR.fighter/team/parked/d02_f00.png'
04:51.087  render           | Saved: '/Users/mohammedkalouti/Documents/Codex/2026-09-27/i/work/art/aircraft-final-production-v3/stage/assets/build/frames/unit.IR.fighter/shadow/parked/d02_f00.png'
04:51.625  render           | Saved: '/Users/mohammedkalouti/Documents/Codex/2026-09-27/i/work/art/aircraft-final-production-v3/stage/assets/build/frames/unit.IR.fighter/beauty/parked/d04_f00.png'
04:52.100  render           | Saved: '/Users/mohammedkalouti/Documents/Codex/2026-09-27/i/work/art/aircraft-final-production-v3/stage/assets/build/frames/unit.IR.fighter/team/parked/d04_f00.png'
04:52.914  render           | Saved: '/Users/mohammedkalouti/Documents/Codex/2026-09-27/i/work/art/aircraft-final-production-v3/stage/assets/build/frames/unit.IR.fighter/shadow/parked/d04_f00.png'
04:53.471  render           | Saved: '/Users/mohammedkalouti/Documents/Codex/2026-09-27/i/work/art/aircraft-final-production-v3/stage/assets/build/frames/unit.IR.fighter/beauty/parked/d05_f00.png'
04:53.944  render           | Saved: '/Users/mohammedkalouti/Documents/Codex/2026-09-27/i/work/art/aircraft-final-production-v3/stage/assets/build/frames/unit.IR.fighter/team/parked/d05_f00.png'
04:54.769  render           | Saved: '/Users/mohammedkalouti/Documents/Codex/2026-09-27/i/work/art/aircraft-final-production-v3/stage/assets/build/frames/unit.IR.fighter/shadow/parked/d05_f00.png'
04:55.314  render           | Saved: '/Users/mohammedkalouti/Documents/Codex/2026-09-27/i/work/art/aircraft-final-production-v3/stage/assets/build/frames/unit.IR.fighter/beauty/parked/d06_f00.png'
04:55.792  render           | Saved: '/Users/mohammedkalouti/Documents/Codex/2026-09-27/i/work/art/aircraft-final-production-v3/stage/assets/build/frames/unit.IR.fighter/team/parked/d06_f00.png'
04:56.622  render           | Saved: '/Users/mohammedkalouti/Documents/Codex/2026-09-27/i/work/art/aircraft-final-production-v3/stage/assets/build/frames/unit.IR.fighter/shadow/parked/d06_f00.png'
04:57.162  render           | Saved: '/Users/mohammedkalouti/Documents/Codex/2026-09-27/i/work/art/aircraft-final-production-v3/stage/assets/build/frames/unit.IR.fighter/beauty/parked/d08_f00.png'
04:57.646  render           | Saved: '/Users/mohammedkalouti/Documents/Codex/2026-09-27/i/work/art/aircraft-final-production-v3/stage/assets/build/frames/unit.IR.fighter/team/parked/d08_f00.png'
04:58.461  render           | Saved: '/Users/mohammedkalouti/Documents/Codex/2026-09-27/i/work/art/aircraft-final-production-v3/stage/assets/build/frames/unit.IR.fighter/shadow/parked/d08_f00.png'
04:58.989  render           | Saved: '/Users/mohammedkalouti/Documents/Codex/2026-09-27/i/work/art/aircraft-final-production-v3/stage/assets/build/frames/unit.IR.fighter/beauty/parked/d09_f00.png'
04:59.486  render           | Saved: '/Users/mohammedkalouti/Documents/Codex/2026-09-27/i/work/art/aircraft-final-production-v3/stage/assets/build/frames/unit.IR.fighter/team/parked/d09_f00.png'
05:00.280  render           | Saved: '/Users/mohammedkalouti/Documents/Codex/2026-09-27/i/work/art/aircraft-final-production-v3/stage/assets/build/frames/unit.IR.fighter/shadow/parked/d09_f00.png'
05:00.815  render           | Saved: '/Users/mohammedkalouti/Documents/Codex/2026-09-27/i/work/art/aircraft-final-production-v3/stage/assets/build/frames/unit.IR.fighter/beauty/parked/d10_f00.png'
05:01.297  render           | Saved: '/Users/mohammedkalouti/Documents/Codex/2026-09-27/i/work/art/aircraft-final-production-v3/stage/assets/build/frames/unit.IR.fighter/team/parked/d10_f00.png'
05:02.125  render           | Saved: '/Users/mohammedkalouti/Documents/Codex/2026-09-27/i/work/art/aircraft-final-production-v3/stage/assets/build/frames/unit.IR.fighter/shadow/parked/d10_f00.png'
05:02.668  render           | Saved: '/Users/mohammedkalouti/Documents/Codex/2026-09-27/i/work/art/aircraft-final-production-v3/stage/assets/build/frames/unit.IR.fighter/beauty/parked/d12_f00.png'
05:03.146  render           | Saved: '/Users/mohammedkalouti/Documents/Codex/2026-09-27/i/work/art/aircraft-final-production-v3/stage/assets/build/frames/unit.IR.fighter/team/parked/d12_f00.png'
05:03.952  render           | Saved: '/Users/mohammedkalouti/Documents/Codex/2026-09-27/i/work/art/aircraft-final-production-v3/stage/assets/build/frames/unit.IR.fighter/shadow/parked/d12_f00.png'
05:04.497  render           | Saved: '/Users/mohammedkalouti/Documents/Codex/2026-09-27/i/work/art/aircraft-final-production-v3/stage/assets/build/frames/unit.IR.fighter/beauty/parked/d13_f00.png'
05:04.982  render           | Saved: '/Users/mohammedkalouti/Documents/Codex/2026-09-27/i/work/art/aircraft-final-production-v3/stage/assets/build/frames/unit.IR.fighter/team/parked/d13_f00.png'
05:05.801  render           | Saved: '/Users/mohammedkalouti/Documents/Codex/2026-09-27/i/work/art/aircraft-final-production-v3/stage/assets/build/frames/unit.IR.fighter/shadow/parked/d13_f00.png'
05:06.345  render           | Saved: '/Users/mohammedkalouti/Documents/Codex/2026-09-27/i/work/art/aircraft-final-production-v3/stage/assets/build/frames/unit.IR.fighter/beauty/parked/d14_f00.png'
05:06.808  render           | Saved: '/Users/mohammedkalouti/Documents/Codex/2026-09-27/i/work/art/aircraft-final-production-v3/stage/assets/build/frames/unit.IR.fighter/team/parked/d14_f00.png'
05:07.632  render           | Saved: '/Users/mohammedkalouti/Documents/Codex/2026-09-27/i/work/art/aircraft-final-production-v3/stage/assets/build/frames/unit.IR.fighter/shadow/parked/d14_f00.png'
05:08.186  render           | Saved: '/Users/mohammedkalouti/Documents/Codex/2026-09-27/i/work/art/aircraft-final-production-v3/stage/assets/build/frames/unit.IR.fighter/beauty/launch/d00_f00.png'
05:08.676  render           | Saved: '/Users/mohammedkalouti/Documents/Codex/2026-09-27/i/work/art/aircraft-final-production-v3/stage/assets/build/frames/unit.IR.fighter/team/launch/d00_f00.png'
05:09.519  render           | Saved: '/Users/mohammedkalouti/Documents/Codex/2026-09-27/i/work/art/aircraft-final-production-v3/stage/assets/build/frames/unit.IR.fighter/shadow/launch/d00_f00.png'
05:10.087  render           | Saved: '/Users/mohammedkalouti/Documents/Codex/2026-09-27/i/work/art/aircraft-final-production-v3/stage/assets/build/frames/unit.IR.fighter/beauty/launch/d00_f01.png'
05:10.578  render           | Saved: '/Users/mohammedkalouti/Documents/Codex/2026-09-27/i/work/art/aircraft-final-production-v3/stage/assets/build/frames/unit.IR.fighter/team/launch/d00_f01.png'
05:11.398  render           | Saved: '/Users/mohammedkalouti/Documents/Codex/2026-09-27/i/work/art/aircraft-final-production-v3/stage/assets/build/frames/unit.IR.fighter/shadow/launch/d00_f01.png'
05:11.942  render           | Saved: '/Users/mohammedkalouti/Documents/Codex/2026-09-27/i/work/art/aircraft-final-production-v3/stage/assets/build/frames/unit.IR.fighter/beauty/launch/d00_f02.png'
05:12.444  render           | Saved: '/Users/mohammedkalouti/Documents/Codex/2026-09-27/i/work/art/aircraft-final-production-v3/stage/assets/build/frames/unit.IR.fighter/team/launch/d00_f02.png'
05:13.257  render           | Saved: '/Users/mohammedkalouti/Documents/Codex/2026-09-27/i/work/art/aircraft-final-production-v3/stage/assets/build/frames/unit.IR.fighter/shadow/launch/d00_f02.png'
05:13.807  render           | Saved: '/Users/mohammedkalouti/Documents/Codex/2026-09-27/i/work/art/aircraft-final-production-v3/stage/assets/build/frames/unit.IR.fighter/beauty/launch/d00_f03.png'
05:14.300  render           | Saved: '/Users/mohammedkalouti/Documents/Codex/2026-09-27/i/work/art/aircraft-final-production-v3/stage/assets/build/frames/unit.IR.fighter/team/launch/d00_f03.png'
05:15.094  render           | Saved: '/Users/mohammedkalouti/Documents/Codex/2026-09-27/i/work/art/aircraft-final-production-v3/stage/assets/build/frames/unit.IR.fighter/shadow/launch/d00_f03.png'
05:15.666  render           | Saved: '/Users/mohammedkalouti/Documents/Codex/2026-09-27/i/work/art/aircraft-final-production-v3/stage/assets/build/frames/unit.IR.fighter/beauty/launch/d01_f00.png'
05:16.147  render           | Saved: '/Users/mohammedkalouti/Documents/Codex/2026-09-27/i/work/art/aircraft-final-production-v3/stage/assets/build/frames/unit.IR.fighter/team/launch/d01_f00.png'
05:16.995  render           | Saved: '/Users/mohammedkalouti/Documents/Codex/2026-09-27/i/work/art/aircraft-final-production-v3/stage/assets/build/frames/unit.IR.fighter/shadow/launch/d01_f00.png'
05:17.529  render           | Saved: '/Users/mohammedkalouti/Documents/Codex/2026-09-27/i/work/art/aircraft-final-production-v3/stage/assets/build/frames/unit.IR.fighter/beauty/launch/d01_f01.png'
05:18.001  render           | Saved: '/Users/mohammedkalouti/Documents/Codex/2026-09-27/i/work/art/aircraft-final-production-v3/stage/assets/build/frames/unit.IR.fighter/team/launch/d01_f01.png'
05:18.807  render           | Saved: '/Users/mohammedkalouti/Documents/Codex/2026-09-27/i/work/art/aircraft-final-production-v3/stage/assets/build/frames/unit.IR.fighter/shadow/launch/d01_f01.png'
05:19.359  render           | Saved: '/Users/mohammedkalouti/Documents/Codex/2026-09-27/i/work/art/aircraft-final-production-v3/stage/assets/build/frames/unit.IR.fighter/beauty/launch/d01_f02.png'
05:19.832  render           | Saved: '/Users/mohammedkalouti/Documents/Codex/2026-09-27/i/work/art/aircraft-final-production-v3/stage/assets/build/frames/unit.IR.fighter/team/launch/d01_f02.png'
05:20.644  render           | Saved: '/Users/mohammedkalouti/Documents/Codex/2026-09-27/i/work/art/aircraft-final-production-v3/stage/assets/build/frames/unit.IR.fighter/shadow/launch/d01_f02.png'
05:21.179  render           | Saved: '/Users/mohammedkalouti/Documents/Codex/2026-09-27/i/work/art/aircraft-final-production-v3/stage/assets/build/frames/unit.IR.fighter/beauty/launch/d01_f03.png'
05:21.669  render           | Saved: '/Users/mohammedkalouti/Documents/Codex/2026-09-27/i/work/art/aircraft-final-production-v3/stage/assets/build/frames/unit.IR.fighter/team/launch/d01_f03.png'
05:22.501  render           | Saved: '/Users/mohammedkalouti/Documents/Codex/2026-09-27/i/work/art/aircraft-final-production-v3/stage/assets/build/frames/unit.IR.fighter/shadow/launch/d01_f03.png'
05:23.091  render           | Saved: '/Users/mohammedkalouti/Documents/Codex/2026-09-27/i/work/art/aircraft-final-production-v3/stage/assets/build/frames/unit.IR.fighter/beauty/launch/d02_f00.png'
05:23.660  render           | Saved: '/Users/mohammedkalouti/Documents/Codex/2026-09-27/i/work/art/aircraft-final-production-v3/stage/assets/build/frames/unit.IR.fighter/team/launch/d02_f00.png'
05:24.631  render           | Saved: '/Users/mohammedkalouti/Documents/Codex/2026-09-27/i/work/art/aircraft-final-production-v3/stage/assets/build/frames/unit.IR.fighter/shadow/launch/d02_f00.png'
05:25.198  render           | Saved: '/Users/mohammedkalouti/Documents/Codex/2026-09-27/i/work/art/aircraft-final-production-v3/stage/assets/build/frames/unit.IR.fighter/beauty/launch/d02_f01.png'
05:25.696  render           | Saved: '/Users/mohammedkalouti/Documents/Codex/2026-09-27/i/work/art/aircraft-final-production-v3/stage/assets/build/frames/unit.IR.fighter/team/launch/d02_f01.png'
05:26.527  render           | Saved: '/Users/mohammedkalouti/Documents/Codex/2026-09-27/i/work/art/aircraft-final-production-v3/stage/assets/build/frames/unit.IR.fighter/shadow/launch/d02_f01.png'
05:27.107  render           | Saved: '/Users/mohammedkalouti/Documents/Codex/2026-09-27/i/work/art/aircraft-final-production-v3/stage/assets/build/frames/unit.IR.fighter/beauty/launch/d02_f02.png'
05:27.606  render           | Saved: '/Users/mohammedkalouti/Documents/Codex/2026-09-27/i/work/art/aircraft-final-production-v3/stage/assets/build/frames/unit.IR.fighter/team/launch/d02_f02.png'
05:28.440  render           | Saved: '/Users/mohammedkalouti/Documents/Codex/2026-09-27/i/work/art/aircraft-final-production-v3/stage/assets/build/frames/unit.IR.fighter/shadow/launch/d02_f02.png'
05:28.988  render           | Saved: '/Users/mohammedkalouti/Documents/Codex/2026-09-27/i/work/art/aircraft-final-production-v3/stage/assets/build/frames/unit.IR.fighter/beauty/launch/d02_f03.png'
05:29.489  render           | Saved: '/Users/mohammedkalouti/Documents/Codex/2026-09-27/i/work/art/aircraft-final-production-v3/stage/assets/build/frames/unit.IR.fighter/team/launch/d02_f03.png'
05:30.286  render           | Saved: '/Users/mohammedkalouti/Documents/Codex/2026-09-27/i/work/art/aircraft-final-production-v3/stage/assets/build/frames/unit.IR.fighter/shadow/launch/d02_f03.png'
05:30.825  render           | Saved: '/Users/mohammedkalouti/Documents/Codex/2026-09-27/i/work/art/aircraft-final-production-v3/stage/assets/build/frames/unit.IR.fighter/beauty/launch/d03_f00.png'
05:31.309  render           | Saved: '/Users/mohammedkalouti/Documents/Codex/2026-09-27/i/work/art/aircraft-final-production-v3/stage/assets/build/frames/unit.IR.fighter/team/launch/d03_f00.png'
05:32.138  render           | Saved: '/Users/mohammedkalouti/Documents/Codex/2026-09-27/i/work/art/aircraft-final-production-v3/stage/assets/build/frames/unit.IR.fighter/shadow/launch/d03_f00.png'
05:32.703  render           | Saved: '/Users/mohammedkalouti/Documents/Codex/2026-09-27/i/work/art/aircraft-final-production-v3/stage/assets/build/frames/unit.IR.fighter/beauty/launch/d03_f01.png'
05:33.193  render           | Saved: '/Users/mohammedkalouti/Documents/Codex/2026-09-27/i/work/art/aircraft-final-production-v3/stage/assets/build/frames/unit.IR.fighter/team/launch/d03_f01.png'
05:34.008  render           | Saved: '/Users/mohammedkalouti/Documents/Codex/2026-09-27/i/work/art/aircraft-final-production-v3/stage/assets/build/frames/unit.IR.fighter/shadow/launch/d03_f01.png'
05:34.579  render           | Saved: '/Users/mohammedkalouti/Documents/Codex/2026-09-27/i/work/art/aircraft-final-production-v3/stage/assets/build/frames/unit.IR.fighter/beauty/launch/d03_f02.png'
05:35.087  render           | Saved: '/Users/mohammedkalouti/Documents/Codex/2026-09-27/i/work/art/aircraft-final-production-v3/stage/assets/build/frames/unit.IR.fighter/team/launch/d03_f02.png'
05:35.920  render           | Saved: '/Users/mohammedkalouti/Documents/Codex/2026-09-27/i/work/art/aircraft-final-production-v3/stage/assets/build/frames/unit.IR.fighter/shadow/launch/d03_f02.png'
05:36.493  render           | Saved: '/Users/mohammedkalouti/Documents/Codex/2026-09-27/i/work/art/aircraft-final-production-v3/stage/assets/build/frames/unit.IR.fighter/beauty/launch/d03_f03.png'
05:36.982  render           | Saved: '/Users/mohammedkalouti/Documents/Codex/2026-09-27/i/work/art/aircraft-final-production-v3/stage/assets/build/frames/unit.IR.fighter/team/launch/d03_f03.png'
05:37.786  render           | Saved: '/Users/mohammedkalouti/Documents/Codex/2026-09-27/i/work/art/aircraft-final-production-v3/stage/assets/build/frames/unit.IR.fighter/shadow/launch/d03_f03.png'
05:38.336  render           | Saved: '/Users/mohammedkalouti/Documents/Codex/2026-09-27/i/work/art/aircraft-final-production-v3/stage/assets/build/frames/unit.IR.fighter/beauty/launch/d04_f00.png'
05:38.815  render           | Saved: '/Users/mohammedkalouti/Documents/Codex/2026-09-27/i/work/art/aircraft-final-production-v3/stage/assets/build/frames/unit.IR.fighter/team/launch/d04_f00.png'
05:39.630  render           | Saved: '/Users/mohammedkalouti/Documents/Codex/2026-09-27/i/work/art/aircraft-final-production-v3/stage/assets/build/frames/unit.IR.fighter/shadow/launch/d04_f00.png'
05:40.173  render           | Saved: '/Users/mohammedkalouti/Documents/Codex/2026-09-27/i/work/art/aircraft-final-production-v3/stage/assets/build/frames/unit.IR.fighter/beauty/launch/d04_f01.png'
05:40.671  render           | Saved: '/Users/mohammedkalouti/Documents/Codex/2026-09-27/i/work/art/aircraft-final-production-v3/stage/assets/build/frames/unit.IR.fighter/team/launch/d04_f01.png'
05:41.492  render           | Saved: '/Users/mohammedkalouti/Documents/Codex/2026-09-27/i/work/art/aircraft-final-production-v3/stage/assets/build/frames/unit.IR.fighter/shadow/launch/d04_f01.png'
05:42.046  render           | Saved: '/Users/mohammedkalouti/Documents/Codex/2026-09-27/i/work/art/aircraft-final-production-v3/stage/assets/build/frames/unit.IR.fighter/beauty/launch/d04_f02.png'
05:42.546  render           | Saved: '/Users/mohammedkalouti/Documents/Codex/2026-09-27/i/work/art/aircraft-final-production-v3/stage/assets/build/frames/unit.IR.fighter/team/launch/d04_f02.png'
05:43.373  render           | Saved: '/Users/mohammedkalouti/Documents/Codex/2026-09-27/i/work/art/aircraft-final-production-v3/stage/assets/build/frames/unit.IR.fighter/shadow/launch/d04_f02.png'
05:43.920  render           | Saved: '/Users/mohammedkalouti/Documents/Codex/2026-09-27/i/work/art/aircraft-final-production-v3/stage/assets/build/frames/unit.IR.fighter/beauty/launch/d04_f03.png'
05:44.404  render           | Saved: '/Users/mohammedkalouti/Documents/Codex/2026-09-27/i/work/art/aircraft-final-production-v3/stage/assets/build/frames/unit.IR.fighter/team/launch/d04_f03.png'
05:45.212  render           | Saved: '/Users/mohammedkalouti/Documents/Codex/2026-09-27/i/work/art/aircraft-final-production-v3/stage/assets/build/frames/unit.IR.fighter/shadow/launch/d04_f03.png'
05:45.767  render           | Saved: '/Users/mohammedkalouti/Documents/Codex/2026-09-27/i/work/art/aircraft-final-production-v3/stage/assets/build/frames/unit.IR.fighter/beauty/launch/d05_f00.png'
05:46.254  render           | Saved: '/Users/mohammedkalouti/Documents/Codex/2026-09-27/i/work/art/aircraft-final-production-v3/stage/assets/build/frames/unit.IR.fighter/team/launch/d05_f00.png'
05:47.094  render           | Saved: '/Users/mohammedkalouti/Documents/Codex/2026-09-27/i/work/art/aircraft-final-production-v3/stage/assets/build/frames/unit.IR.fighter/shadow/launch/d05_f00.png'
05:47.658  render           | Saved: '/Users/mohammedkalouti/Documents/Codex/2026-09-27/i/work/art/aircraft-final-production-v3/stage/assets/build/frames/unit.IR.fighter/beauty/launch/d05_f01.png'
05:48.127  render           | Saved: '/Users/mohammedkalouti/Documents/Codex/2026-09-27/i/work/art/aircraft-final-production-v3/stage/assets/build/frames/unit.IR.fighter/team/launch/d05_f01.png'
05:48.947  render           | Saved: '/Users/mohammedkalouti/Documents/Codex/2026-09-27/i/work/art/aircraft-final-production-v3/stage/assets/build/frames/unit.IR.fighter/shadow/launch/d05_f01.png'
05:49.500  render           | Saved: '/Users/mohammedkalouti/Documents/Codex/2026-09-27/i/work/art/aircraft-final-production-v3/stage/assets/build/frames/unit.IR.fighter/beauty/launch/d05_f02.png'
05:49.980  render           | Saved: '/Users/mohammedkalouti/Documents/Codex/2026-09-27/i/work/art/aircraft-final-production-v3/stage/assets/build/frames/unit.IR.fighter/team/launch/d05_f02.png'
05:50.804  render           | Saved: '/Users/mohammedkalouti/Documents/Codex/2026-09-27/i/work/art/aircraft-final-production-v3/stage/assets/build/frames/unit.IR.fighter/shadow/launch/d05_f02.png'
05:51.360  render           | Saved: '/Users/mohammedkalouti/Documents/Codex/2026-09-27/i/work/art/aircraft-final-production-v3/stage/assets/build/frames/unit.IR.fighter/beauty/launch/d05_f03.png'
05:51.849  render           | Saved: '/Users/mohammedkalouti/Documents/Codex/2026-09-27/i/work/art/aircraft-final-production-v3/stage/assets/build/frames/unit.IR.fighter/team/launch/d05_f03.png'
05:52.657  render           | Saved: '/Users/mohammedkalouti/Documents/Codex/2026-09-27/i/work/art/aircraft-final-production-v3/stage/assets/build/frames/unit.IR.fighter/shadow/launch/d05_f03.png'
05:53.212  render           | Saved: '/Users/mohammedkalouti/Documents/Codex/2026-09-27/i/work/art/aircraft-final-production-v3/stage/assets/build/frames/unit.IR.fighter/beauty/launch/d06_f00.png'
05:53.699  render           | Saved: '/Users/mohammedkalouti/Documents/Codex/2026-09-27/i/work/art/aircraft-final-production-v3/stage/assets/build/frames/unit.IR.fighter/team/launch/d06_f00.png'
05:54.510  render           | Saved: '/Users/mohammedkalouti/Documents/Codex/2026-09-27/i/work/art/aircraft-final-production-v3/stage/assets/build/frames/unit.IR.fighter/shadow/launch/d06_f00.png'
05:55.046  render           | Saved: '/Users/mohammedkalouti/Documents/Codex/2026-09-27/i/work/art/aircraft-final-production-v3/stage/assets/build/frames/unit.IR.fighter/beauty/launch/d06_f01.png'
05:55.549  render           | Saved: '/Users/mohammedkalouti/Documents/Codex/2026-09-27/i/work/art/aircraft-final-production-v3/stage/assets/build/frames/unit.IR.fighter/team/launch/d06_f01.png'
05:56.366  render           | Saved: '/Users/mohammedkalouti/Documents/Codex/2026-09-27/i/work/art/aircraft-final-production-v3/stage/assets/build/frames/unit.IR.fighter/shadow/launch/d06_f01.png'
05:56.913  render           | Saved: '/Users/mohammedkalouti/Documents/Codex/2026-09-27/i/work/art/aircraft-final-production-v3/stage/assets/build/frames/unit.IR.fighter/beauty/launch/d06_f02.png'
05:57.402  render           | Saved: '/Users/mohammedkalouti/Documents/Codex/2026-09-27/i/work/art/aircraft-final-production-v3/stage/assets/build/frames/unit.IR.fighter/team/launch/d06_f02.png'
05:58.210  render           | Saved: '/Users/mohammedkalouti/Documents/Codex/2026-09-27/i/work/art/aircraft-final-production-v3/stage/assets/build/frames/unit.IR.fighter/shadow/launch/d06_f02.png'
05:58.753  render           | Saved: '/Users/mohammedkalouti/Documents/Codex/2026-09-27/i/work/art/aircraft-final-production-v3/stage/assets/build/frames/unit.IR.fighter/beauty/launch/d06_f03.png'
05:59.228  render           | Saved: '/Users/mohammedkalouti/Documents/Codex/2026-09-27/i/work/art/aircraft-final-production-v3/stage/assets/build/frames/unit.IR.fighter/team/launch/d06_f03.png'
06:00.057  render           | Saved: '/Users/mohammedkalouti/Documents/Codex/2026-09-27/i/work/art/aircraft-final-production-v3/stage/assets/build/frames/unit.IR.fighter/shadow/launch/d06_f03.png'
06:00.707  render           | Saved: '/Users/mohammedkalouti/Documents/Codex/2026-09-27/i/work/art/aircraft-final-production-v3/stage/assets/build/frames/unit.IR.fighter/beauty/launch/d07_f00.png'
06:01.199  render           | Saved: '/Users/mohammedkalouti/Documents/Codex/2026-09-27/i/work/art/aircraft-final-production-v3/stage/assets/build/frames/unit.IR.fighter/team/launch/d07_f00.png'
06:02.016  render           | Saved: '/Users/mohammedkalouti/Documents/Codex/2026-09-27/i/work/art/aircraft-final-production-v3/stage/assets/build/frames/unit.IR.fighter/shadow/launch/d07_f00.png'
06:02.577  render           | Saved: '/Users/mohammedkalouti/Documents/Codex/2026-09-27/i/work/art/aircraft-final-production-v3/stage/assets/build/frames/unit.IR.fighter/beauty/launch/d07_f01.png'
06:03.067  render           | Saved: '/Users/mohammedkalouti/Documents/Codex/2026-09-27/i/work/art/aircraft-final-production-v3/stage/assets/build/frames/unit.IR.fighter/team/launch/d07_f01.png'
06:03.889  render           | Saved: '/Users/mohammedkalouti/Documents/Codex/2026-09-27/i/work/art/aircraft-final-production-v3/stage/assets/build/frames/unit.IR.fighter/shadow/launch/d07_f01.png'
06:04.449  render           | Saved: '/Users/mohammedkalouti/Documents/Codex/2026-09-27/i/work/art/aircraft-final-production-v3/stage/assets/build/frames/unit.IR.fighter/beauty/launch/d07_f02.png'
06:04.929  render           | Saved: '/Users/mohammedkalouti/Documents/Codex/2026-09-27/i/work/art/aircraft-final-production-v3/stage/assets/build/frames/unit.IR.fighter/team/launch/d07_f02.png'
06:05.750  render           | Saved: '/Users/mohammedkalouti/Documents/Codex/2026-09-27/i/work/art/aircraft-final-production-v3/stage/assets/build/frames/unit.IR.fighter/shadow/launch/d07_f02.png'
06:06.280  render           | Saved: '/Users/mohammedkalouti/Documents/Codex/2026-09-27/i/work/art/aircraft-final-production-v3/stage/assets/build/frames/unit.IR.fighter/beauty/launch/d07_f03.png'
06:06.746  render           | Saved: '/Users/mohammedkalouti/Documents/Codex/2026-09-27/i/work/art/aircraft-final-production-v3/stage/assets/build/frames/unit.IR.fighter/team/launch/d07_f03.png'
06:07.556  render           | Saved: '/Users/mohammedkalouti/Documents/Codex/2026-09-27/i/work/art/aircraft-final-production-v3/stage/assets/build/frames/unit.IR.fighter/shadow/launch/d07_f03.png'
06:08.090  render           | Saved: '/Users/mohammedkalouti/Documents/Codex/2026-09-27/i/work/art/aircraft-final-production-v3/stage/assets/build/frames/unit.IR.fighter/beauty/launch/d08_f00.png'
06:08.569  render           | Saved: '/Users/mohammedkalouti/Documents/Codex/2026-09-27/i/work/art/aircraft-final-production-v3/stage/assets/build/frames/unit.IR.fighter/team/launch/d08_f00.png'
06:09.403  render           | Saved: '/Users/mohammedkalouti/Documents/Codex/2026-09-27/i/work/art/aircraft-final-production-v3/stage/assets/build/frames/unit.IR.fighter/shadow/launch/d08_f00.png'
06:09.953  render           | Saved: '/Users/mohammedkalouti/Documents/Codex/2026-09-27/i/work/art/aircraft-final-production-v3/stage/assets/build/frames/unit.IR.fighter/beauty/launch/d08_f01.png'
06:10.430  render           | Saved: '/Users/mohammedkalouti/Documents/Codex/2026-09-27/i/work/art/aircraft-final-production-v3/stage/assets/build/frames/unit.IR.fighter/team/launch/d08_f01.png'
06:11.245  render           | Saved: '/Users/mohammedkalouti/Documents/Codex/2026-09-27/i/work/art/aircraft-final-production-v3/stage/assets/build/frames/unit.IR.fighter/shadow/launch/d08_f01.png'
06:11.788  render           | Saved: '/Users/mohammedkalouti/Documents/Codex/2026-09-27/i/work/art/aircraft-final-production-v3/stage/assets/build/frames/unit.IR.fighter/beauty/launch/d08_f02.png'
06:12.278  render           | Saved: '/Users/mohammedkalouti/Documents/Codex/2026-09-27/i/work/art/aircraft-final-production-v3/stage/assets/build/frames/unit.IR.fighter/team/launch/d08_f02.png'
06:13.072  render           | Saved: '/Users/mohammedkalouti/Documents/Codex/2026-09-27/i/work/art/aircraft-final-production-v3/stage/assets/build/frames/unit.IR.fighter/shadow/launch/d08_f02.png'
06:13.616  render           | Saved: '/Users/mohammedkalouti/Documents/Codex/2026-09-27/i/work/art/aircraft-final-production-v3/stage/assets/build/frames/unit.IR.fighter/beauty/launch/d08_f03.png'
06:14.099  render           | Saved: '/Users/mohammedkalouti/Documents/Codex/2026-09-27/i/work/art/aircraft-final-production-v3/stage/assets/build/frames/unit.IR.fighter/team/launch/d08_f03.png'
06:14.905  render           | Saved: '/Users/mohammedkalouti/Documents/Codex/2026-09-27/i/work/art/aircraft-final-production-v3/stage/assets/build/frames/unit.IR.fighter/shadow/launch/d08_f03.png'
06:15.453  render           | Saved: '/Users/mohammedkalouti/Documents/Codex/2026-09-27/i/work/art/aircraft-final-production-v3/stage/assets/build/frames/unit.IR.fighter/beauty/launch/d09_f00.png'
06:15.965  render           | Saved: '/Users/mohammedkalouti/Documents/Codex/2026-09-27/i/work/art/aircraft-final-production-v3/stage/assets/build/frames/unit.IR.fighter/team/launch/d09_f00.png'
06:16.788  render           | Saved: '/Users/mohammedkalouti/Documents/Codex/2026-09-27/i/work/art/aircraft-final-production-v3/stage/assets/build/frames/unit.IR.fighter/shadow/launch/d09_f00.png'
06:17.351  render           | Saved: '/Users/mohammedkalouti/Documents/Codex/2026-09-27/i/work/art/aircraft-final-production-v3/stage/assets/build/frames/unit.IR.fighter/beauty/launch/d09_f01.png'
06:17.840  render           | Saved: '/Users/mohammedkalouti/Documents/Codex/2026-09-27/i/work/art/aircraft-final-production-v3/stage/assets/build/frames/unit.IR.fighter/team/launch/d09_f01.png'
06:18.703  render           | Saved: '/Users/mohammedkalouti/Documents/Codex/2026-09-27/i/work/art/aircraft-final-production-v3/stage/assets/build/frames/unit.IR.fighter/shadow/launch/d09_f01.png'
06:19.254  render           | Saved: '/Users/mohammedkalouti/Documents/Codex/2026-09-27/i/work/art/aircraft-final-production-v3/stage/assets/build/frames/unit.IR.fighter/beauty/launch/d09_f02.png'
06:19.733  render           | Saved: '/Users/mohammedkalouti/Documents/Codex/2026-09-27/i/work/art/aircraft-final-production-v3/stage/assets/build/frames/unit.IR.fighter/team/launch/d09_f02.png'
06:20.546  render           | Saved: '/Users/mohammedkalouti/Documents/Codex/2026-09-27/i/work/art/aircraft-final-production-v3/stage/assets/build/frames/unit.IR.fighter/shadow/launch/d09_f02.png'
06:21.115  render           | Saved: '/Users/mohammedkalouti/Documents/Codex/2026-09-27/i/work/art/aircraft-final-production-v3/stage/assets/build/frames/unit.IR.fighter/beauty/launch/d09_f03.png'
06:21.596  render           | Saved: '/Users/mohammedkalouti/Documents/Codex/2026-09-27/i/work/art/aircraft-final-production-v3/stage/assets/build/frames/unit.IR.fighter/team/launch/d09_f03.png'
06:22.421  render           | Saved: '/Users/mohammedkalouti/Documents/Codex/2026-09-27/i/work/art/aircraft-final-production-v3/stage/assets/build/frames/unit.IR.fighter/shadow/launch/d09_f03.png'
06:22.994  render           | Saved: '/Users/mohammedkalouti/Documents/Codex/2026-09-27/i/work/art/aircraft-final-production-v3/stage/assets/build/frames/unit.IR.fighter/beauty/launch/d10_f00.png'
06:23.469  render           | Saved: '/Users/mohammedkalouti/Documents/Codex/2026-09-27/i/work/art/aircraft-final-production-v3/stage/assets/build/frames/unit.IR.fighter/team/launch/d10_f00.png'
06:24.279  render           | Saved: '/Users/mohammedkalouti/Documents/Codex/2026-09-27/i/work/art/aircraft-final-production-v3/stage/assets/build/frames/unit.IR.fighter/shadow/launch/d10_f00.png'
06:24.822  render           | Saved: '/Users/mohammedkalouti/Documents/Codex/2026-09-27/i/work/art/aircraft-final-production-v3/stage/assets/build/frames/unit.IR.fighter/beauty/launch/d10_f01.png'
06:25.331  render           | Saved: '/Users/mohammedkalouti/Documents/Codex/2026-09-27/i/work/art/aircraft-final-production-v3/stage/assets/build/frames/unit.IR.fighter/team/launch/d10_f01.png'
06:26.151  render           | Saved: '/Users/mohammedkalouti/Documents/Codex/2026-09-27/i/work/art/aircraft-final-production-v3/stage/assets/build/frames/unit.IR.fighter/shadow/launch/d10_f01.png'
06:26.712  render           | Saved: '/Users/mohammedkalouti/Documents/Codex/2026-09-27/i/work/art/aircraft-final-production-v3/stage/assets/build/frames/unit.IR.fighter/beauty/launch/d10_f02.png'
06:27.220  render           | Saved: '/Users/mohammedkalouti/Documents/Codex/2026-09-27/i/work/art/aircraft-final-production-v3/stage/assets/build/frames/unit.IR.fighter/team/launch/d10_f02.png'
06:28.031  render           | Saved: '/Users/mohammedkalouti/Documents/Codex/2026-09-27/i/work/art/aircraft-final-production-v3/stage/assets/build/frames/unit.IR.fighter/shadow/launch/d10_f02.png'
06:28.574  render           | Saved: '/Users/mohammedkalouti/Documents/Codex/2026-09-27/i/work/art/aircraft-final-production-v3/stage/assets/build/frames/unit.IR.fighter/beauty/launch/d10_f03.png'
06:29.053  render           | Saved: '/Users/mohammedkalouti/Documents/Codex/2026-09-27/i/work/art/aircraft-final-production-v3/stage/assets/build/frames/unit.IR.fighter/team/launch/d10_f03.png'
06:29.870  render           | Saved: '/Users/mohammedkalouti/Documents/Codex/2026-09-27/i/work/art/aircraft-final-production-v3/stage/assets/build/frames/unit.IR.fighter/shadow/launch/d10_f03.png'
06:30.428  render           | Saved: '/Users/mohammedkalouti/Documents/Codex/2026-09-27/i/work/art/aircraft-final-production-v3/stage/assets/build/frames/unit.IR.fighter/beauty/launch/d11_f00.png'
06:30.901  render           | Saved: '/Users/mohammedkalouti/Documents/Codex/2026-09-27/i/work/art/aircraft-final-production-v3/stage/assets/build/frames/unit.IR.fighter/team/launch/d11_f00.png'
06:31.855  render           | Saved: '/Users/mohammedkalouti/Documents/Codex/2026-09-27/i/work/art/aircraft-final-production-v3/stage/assets/build/frames/unit.IR.fighter/shadow/launch/d11_f00.png'
06:32.417  render           | Saved: '/Users/mohammedkalouti/Documents/Codex/2026-09-27/i/work/art/aircraft-final-production-v3/stage/assets/build/frames/unit.IR.fighter/beauty/launch/d11_f01.png'
06:32.892  render           | Saved: '/Users/mohammedkalouti/Documents/Codex/2026-09-27/i/work/art/aircraft-final-production-v3/stage/assets/build/frames/unit.IR.fighter/team/launch/d11_f01.png'
06:33.726  render           | Saved: '/Users/mohammedkalouti/Documents/Codex/2026-09-27/i/work/art/aircraft-final-production-v3/stage/assets/build/frames/unit.IR.fighter/shadow/launch/d11_f01.png'
06:34.264  render           | Saved: '/Users/mohammedkalouti/Documents/Codex/2026-09-27/i/work/art/aircraft-final-production-v3/stage/assets/build/frames/unit.IR.fighter/beauty/launch/d11_f02.png'
06:34.737  render           | Saved: '/Users/mohammedkalouti/Documents/Codex/2026-09-27/i/work/art/aircraft-final-production-v3/stage/assets/build/frames/unit.IR.fighter/team/launch/d11_f02.png'
06:35.579  render           | Saved: '/Users/mohammedkalouti/Documents/Codex/2026-09-27/i/work/art/aircraft-final-production-v3/stage/assets/build/frames/unit.IR.fighter/shadow/launch/d11_f02.png'
06:36.122  render           | Saved: '/Users/mohammedkalouti/Documents/Codex/2026-09-27/i/work/art/aircraft-final-production-v3/stage/assets/build/frames/unit.IR.fighter/beauty/launch/d11_f03.png'
06:36.595  render           | Saved: '/Users/mohammedkalouti/Documents/Codex/2026-09-27/i/work/art/aircraft-final-production-v3/stage/assets/build/frames/unit.IR.fighter/team/launch/d11_f03.png'
06:37.462  render           | Saved: '/Users/mohammedkalouti/Documents/Codex/2026-09-27/i/work/art/aircraft-final-production-v3/stage/assets/build/frames/unit.IR.fighter/shadow/launch/d11_f03.png'
06:38.034  render           | Saved: '/Users/mohammedkalouti/Documents/Codex/2026-09-27/i/work/art/aircraft-final-production-v3/stage/assets/build/frames/unit.IR.fighter/beauty/launch/d12_f00.png'
06:38.551  render           | Saved: '/Users/mohammedkalouti/Documents/Codex/2026-09-27/i/work/art/aircraft-final-production-v3/stage/assets/build/frames/unit.IR.fighter/team/launch/d12_f00.png'
06:39.402  render           | Saved: '/Users/mohammedkalouti/Documents/Codex/2026-09-27/i/work/art/aircraft-final-production-v3/stage/assets/build/frames/unit.IR.fighter/shadow/launch/d12_f00.png'
06:39.944  render           | Saved: '/Users/mohammedkalouti/Documents/Codex/2026-09-27/i/work/art/aircraft-final-production-v3/stage/assets/build/frames/unit.IR.fighter/beauty/launch/d12_f01.png'
06:40.446  render           | Saved: '/Users/mohammedkalouti/Documents/Codex/2026-09-27/i/work/art/aircraft-final-production-v3/stage/assets/build/frames/unit.IR.fighter/team/launch/d12_f01.png'
06:41.327  render           | Saved: '/Users/mohammedkalouti/Documents/Codex/2026-09-27/i/work/art/aircraft-final-production-v3/stage/assets/build/frames/unit.IR.fighter/shadow/launch/d12_f01.png'
06:41.927  render           | Saved: '/Users/mohammedkalouti/Documents/Codex/2026-09-27/i/work/art/aircraft-final-production-v3/stage/assets/build/frames/unit.IR.fighter/beauty/launch/d12_f02.png'
06:42.449  render           | Saved: '/Users/mohammedkalouti/Documents/Codex/2026-09-27/i/work/art/aircraft-final-production-v3/stage/assets/build/frames/unit.IR.fighter/team/launch/d12_f02.png'
06:43.313  render           | Saved: '/Users/mohammedkalouti/Documents/Codex/2026-09-27/i/work/art/aircraft-final-production-v3/stage/assets/build/frames/unit.IR.fighter/shadow/launch/d12_f02.png'
06:43.945  render           | Saved: '/Users/mohammedkalouti/Documents/Codex/2026-09-27/i/work/art/aircraft-final-production-v3/stage/assets/build/frames/unit.IR.fighter/beauty/launch/d12_f03.png'
06:44.447  render           | Saved: '/Users/mohammedkalouti/Documents/Codex/2026-09-27/i/work/art/aircraft-final-production-v3/stage/assets/build/frames/unit.IR.fighter/team/launch/d12_f03.png'
06:45.281  render           | Saved: '/Users/mohammedkalouti/Documents/Codex/2026-09-27/i/work/art/aircraft-final-production-v3/stage/assets/build/frames/unit.IR.fighter/shadow/launch/d12_f03.png'
06:45.840  render           | Saved: '/Users/mohammedkalouti/Documents/Codex/2026-09-27/i/work/art/aircraft-final-production-v3/stage/assets/build/frames/unit.IR.fighter/beauty/launch/d13_f00.png'
06:46.344  render           | Saved: '/Users/mohammedkalouti/Documents/Codex/2026-09-27/i/work/art/aircraft-final-production-v3/stage/assets/build/frames/unit.IR.fighter/team/launch/d13_f00.png'
06:47.182  render           | Saved: '/Users/mohammedkalouti/Documents/Codex/2026-09-27/i/work/art/aircraft-final-production-v3/stage/assets/build/frames/unit.IR.fighter/shadow/launch/d13_f00.png'
06:47.763  render           | Saved: '/Users/mohammedkalouti/Documents/Codex/2026-09-27/i/work/art/aircraft-final-production-v3/stage/assets/build/frames/unit.IR.fighter/beauty/launch/d13_f01.png'
06:48.245  render           | Saved: '/Users/mohammedkalouti/Documents/Codex/2026-09-27/i/work/art/aircraft-final-production-v3/stage/assets/build/frames/unit.IR.fighter/team/launch/d13_f01.png'
06:49.057  render           | Saved: '/Users/mohammedkalouti/Documents/Codex/2026-09-27/i/work/art/aircraft-final-production-v3/stage/assets/build/frames/unit.IR.fighter/shadow/launch/d13_f01.png'
06:49.607  render           | Saved: '/Users/mohammedkalouti/Documents/Codex/2026-09-27/i/work/art/aircraft-final-production-v3/stage/assets/build/frames/unit.IR.fighter/beauty/launch/d13_f02.png'
06:50.122  render           | Saved: '/Users/mohammedkalouti/Documents/Codex/2026-09-27/i/work/art/aircraft-final-production-v3/stage/assets/build/frames/unit.IR.fighter/team/launch/d13_f02.png'
06:50.941  render           | Saved: '/Users/mohammedkalouti/Documents/Codex/2026-09-27/i/work/art/aircraft-final-production-v3/stage/assets/build/frames/unit.IR.fighter/shadow/launch/d13_f02.png'
06:51.494  render           | Saved: '/Users/mohammedkalouti/Documents/Codex/2026-09-27/i/work/art/aircraft-final-production-v3/stage/assets/build/frames/unit.IR.fighter/beauty/launch/d13_f03.png'
06:51.984  render           | Saved: '/Users/mohammedkalouti/Documents/Codex/2026-09-27/i/work/art/aircraft-final-production-v3/stage/assets/build/frames/unit.IR.fighter/team/launch/d13_f03.png'
06:52.819  render           | Saved: '/Users/mohammedkalouti/Documents/Codex/2026-09-27/i/work/art/aircraft-final-production-v3/stage/assets/build/frames/unit.IR.fighter/shadow/launch/d13_f03.png'
06:53.388  render           | Saved: '/Users/mohammedkalouti/Documents/Codex/2026-09-27/i/work/art/aircraft-final-production-v3/stage/assets/build/frames/unit.IR.fighter/beauty/launch/d14_f00.png'
06:53.856  render           | Saved: '/Users/mohammedkalouti/Documents/Codex/2026-09-27/i/work/art/aircraft-final-production-v3/stage/assets/build/frames/unit.IR.fighter/team/launch/d14_f00.png'
06:54.651  render           | Saved: '/Users/mohammedkalouti/Documents/Codex/2026-09-27/i/work/art/aircraft-final-production-v3/stage/assets/build/frames/unit.IR.fighter/shadow/launch/d14_f00.png'
06:55.201  render           | Saved: '/Users/mohammedkalouti/Documents/Codex/2026-09-27/i/work/art/aircraft-final-production-v3/stage/assets/build/frames/unit.IR.fighter/beauty/launch/d14_f01.png'
06:55.677  render           | Saved: '/Users/mohammedkalouti/Documents/Codex/2026-09-27/i/work/art/aircraft-final-production-v3/stage/assets/build/frames/unit.IR.fighter/team/launch/d14_f01.png'
06:56.495  render           | Saved: '/Users/mohammedkalouti/Documents/Codex/2026-09-27/i/work/art/aircraft-final-production-v3/stage/assets/build/frames/unit.IR.fighter/shadow/launch/d14_f01.png'
06:57.038  render           | Saved: '/Users/mohammedkalouti/Documents/Codex/2026-09-27/i/work/art/aircraft-final-production-v3/stage/assets/build/frames/unit.IR.fighter/beauty/launch/d14_f02.png'
06:57.506  render           | Saved: '/Users/mohammedkalouti/Documents/Codex/2026-09-27/i/work/art/aircraft-final-production-v3/stage/assets/build/frames/unit.IR.fighter/team/launch/d14_f02.png'
06:58.337  render           | Saved: '/Users/mohammedkalouti/Documents/Codex/2026-09-27/i/work/art/aircraft-final-production-v3/stage/assets/build/frames/unit.IR.fighter/shadow/launch/d14_f02.png'
06:58.889  render           | Saved: '/Users/mohammedkalouti/Documents/Codex/2026-09-27/i/work/art/aircraft-final-production-v3/stage/assets/build/frames/unit.IR.fighter/beauty/launch/d14_f03.png'
06:59.387  render           | Saved: '/Users/mohammedkalouti/Documents/Codex/2026-09-27/i/work/art/aircraft-final-production-v3/stage/assets/build/frames/unit.IR.fighter/team/launch/d14_f03.png'
07:00.187  render           | Saved: '/Users/mohammedkalouti/Documents/Codex/2026-09-27/i/work/art/aircraft-final-production-v3/stage/assets/build/frames/unit.IR.fighter/shadow/launch/d14_f03.png'
07:00.730  render           | Saved: '/Users/mohammedkalouti/Documents/Codex/2026-09-27/i/work/art/aircraft-final-production-v3/stage/assets/build/frames/unit.IR.fighter/beauty/launch/d15_f00.png'
07:01.215  render           | Saved: '/Users/mohammedkalouti/Documents/Codex/2026-09-27/i/work/art/aircraft-final-production-v3/stage/assets/build/frames/unit.IR.fighter/team/launch/d15_f00.png'
07:02.030  render           | Saved: '/Users/mohammedkalouti/Documents/Codex/2026-09-27/i/work/art/aircraft-final-production-v3/stage/assets/build/frames/unit.IR.fighter/shadow/launch/d15_f00.png'
07:02.588  render           | Saved: '/Users/mohammedkalouti/Documents/Codex/2026-09-27/i/work/art/aircraft-final-production-v3/stage/assets/build/frames/unit.IR.fighter/beauty/launch/d15_f01.png'
07:03.090  render           | Saved: '/Users/mohammedkalouti/Documents/Codex/2026-09-27/i/work/art/aircraft-final-production-v3/stage/assets/build/frames/unit.IR.fighter/team/launch/d15_f01.png'
07:03.989  render           | Saved: '/Users/mohammedkalouti/Documents/Codex/2026-09-27/i/work/art/aircraft-final-production-v3/stage/assets/build/frames/unit.IR.fighter/shadow/launch/d15_f01.png'
07:04.566  render           | Saved: '/Users/mohammedkalouti/Documents/Codex/2026-09-27/i/work/art/aircraft-final-production-v3/stage/assets/build/frames/unit.IR.fighter/beauty/launch/d15_f02.png'
07:05.071  render           | Saved: '/Users/mohammedkalouti/Documents/Codex/2026-09-27/i/work/art/aircraft-final-production-v3/stage/assets/build/frames/unit.IR.fighter/team/launch/d15_f02.png'
07:05.929  render           | Saved: '/Users/mohammedkalouti/Documents/Codex/2026-09-27/i/work/art/aircraft-final-production-v3/stage/assets/build/frames/unit.IR.fighter/shadow/launch/d15_f02.png'
07:06.514  render           | Saved: '/Users/mohammedkalouti/Documents/Codex/2026-09-27/i/work/art/aircraft-final-production-v3/stage/assets/build/frames/unit.IR.fighter/beauty/launch/d15_f03.png'
07:06.994  render           | Saved: '/Users/mohammedkalouti/Documents/Codex/2026-09-27/i/work/art/aircraft-final-production-v3/stage/assets/build/frames/unit.IR.fighter/team/launch/d15_f03.png'
07:07.838  render           | Saved: '/Users/mohammedkalouti/Documents/Codex/2026-09-27/i/work/art/aircraft-final-production-v3/stage/assets/build/frames/unit.IR.fighter/shadow/launch/d15_f03.png'
07:08.416  render           | Saved: '/Users/mohammedkalouti/Documents/Codex/2026-09-27/i/work/art/aircraft-final-production-v3/stage/assets/build/frames/unit.IR.fighter/beauty/recover/d00_f00.png'
07:08.918  render           | Saved: '/Users/mohammedkalouti/Documents/Codex/2026-09-27/i/work/art/aircraft-final-production-v3/stage/assets/build/frames/unit.IR.fighter/team/recover/d00_f00.png'
07:09.733  render           | Saved: '/Users/mohammedkalouti/Documents/Codex/2026-09-27/i/work/art/aircraft-final-production-v3/stage/assets/build/frames/unit.IR.fighter/shadow/recover/d00_f00.png'
07:10.311  render           | Saved: '/Users/mohammedkalouti/Documents/Codex/2026-09-27/i/work/art/aircraft-final-production-v3/stage/assets/build/frames/unit.IR.fighter/beauty/recover/d00_f01.png'
07:10.788  render           | Saved: '/Users/mohammedkalouti/Documents/Codex/2026-09-27/i/work/art/aircraft-final-production-v3/stage/assets/build/frames/unit.IR.fighter/team/recover/d00_f01.png'
07:11.601  render           | Saved: '/Users/mohammedkalouti/Documents/Codex/2026-09-27/i/work/art/aircraft-final-production-v3/stage/assets/build/frames/unit.IR.fighter/shadow/recover/d00_f01.png'
07:12.138  render           | Saved: '/Users/mohammedkalouti/Documents/Codex/2026-09-27/i/work/art/aircraft-final-production-v3/stage/assets/build/frames/unit.IR.fighter/beauty/recover/d00_f02.png'
07:12.636  render           | Saved: '/Users/mohammedkalouti/Documents/Codex/2026-09-27/i/work/art/aircraft-final-production-v3/stage/assets/build/frames/unit.IR.fighter/team/recover/d00_f02.png'
07:13.477  render           | Saved: '/Users/mohammedkalouti/Documents/Codex/2026-09-27/i/work/art/aircraft-final-production-v3/stage/assets/build/frames/unit.IR.fighter/shadow/recover/d00_f02.png'
07:14.044  render           | Saved: '/Users/mohammedkalouti/Documents/Codex/2026-09-27/i/work/art/aircraft-final-production-v3/stage/assets/build/frames/unit.IR.fighter/beauty/recover/d00_f03.png'
07:14.536  render           | Saved: '/Users/mohammedkalouti/Documents/Codex/2026-09-27/i/work/art/aircraft-final-production-v3/stage/assets/build/frames/unit.IR.fighter/team/recover/d00_f03.png'
07:15.361  render           | Saved: '/Users/mohammedkalouti/Documents/Codex/2026-09-27/i/work/art/aircraft-final-production-v3/stage/assets/build/frames/unit.IR.fighter/shadow/recover/d00_f03.png'
07:15.920  render           | Saved: '/Users/mohammedkalouti/Documents/Codex/2026-09-27/i/work/art/aircraft-final-production-v3/stage/assets/build/frames/unit.IR.fighter/beauty/recover/d01_f00.png'
07:16.423  render           | Saved: '/Users/mohammedkalouti/Documents/Codex/2026-09-27/i/work/art/aircraft-final-production-v3/stage/assets/build/frames/unit.IR.fighter/team/recover/d01_f00.png'
07:17.247  render           | Saved: '/Users/mohammedkalouti/Documents/Codex/2026-09-27/i/work/art/aircraft-final-production-v3/stage/assets/build/frames/unit.IR.fighter/shadow/recover/d01_f00.png'
07:17.816  render           | Saved: '/Users/mohammedkalouti/Documents/Codex/2026-09-27/i/work/art/aircraft-final-production-v3/stage/assets/build/frames/unit.IR.fighter/beauty/recover/d01_f01.png'
07:18.318  render           | Saved: '/Users/mohammedkalouti/Documents/Codex/2026-09-27/i/work/art/aircraft-final-production-v3/stage/assets/build/frames/unit.IR.fighter/team/recover/d01_f01.png'
07:19.132  render           | Saved: '/Users/mohammedkalouti/Documents/Codex/2026-09-27/i/work/art/aircraft-final-production-v3/stage/assets/build/frames/unit.IR.fighter/shadow/recover/d01_f01.png'
07:19.680  render           | Saved: '/Users/mohammedkalouti/Documents/Codex/2026-09-27/i/work/art/aircraft-final-production-v3/stage/assets/build/frames/unit.IR.fighter/beauty/recover/d01_f02.png'
07:20.162  render           | Saved: '/Users/mohammedkalouti/Documents/Codex/2026-09-27/i/work/art/aircraft-final-production-v3/stage/assets/build/frames/unit.IR.fighter/team/recover/d01_f02.png'
07:20.986  render           | Saved: '/Users/mohammedkalouti/Documents/Codex/2026-09-27/i/work/art/aircraft-final-production-v3/stage/assets/build/frames/unit.IR.fighter/shadow/recover/d01_f02.png'
07:21.529  render           | Saved: '/Users/mohammedkalouti/Documents/Codex/2026-09-27/i/work/art/aircraft-final-production-v3/stage/assets/build/frames/unit.IR.fighter/beauty/recover/d01_f03.png'
07:22.010  render           | Saved: '/Users/mohammedkalouti/Documents/Codex/2026-09-27/i/work/art/aircraft-final-production-v3/stage/assets/build/frames/unit.IR.fighter/team/recover/d01_f03.png'
07:22.851  render           | Saved: '/Users/mohammedkalouti/Documents/Codex/2026-09-27/i/work/art/aircraft-final-production-v3/stage/assets/build/frames/unit.IR.fighter/shadow/recover/d01_f03.png'
07:23.419  render           | Saved: '/Users/mohammedkalouti/Documents/Codex/2026-09-27/i/work/art/aircraft-final-production-v3/stage/assets/build/frames/unit.IR.fighter/beauty/recover/d02_f00.png'
07:23.922  render           | Saved: '/Users/mohammedkalouti/Documents/Codex/2026-09-27/i/work/art/aircraft-final-production-v3/stage/assets/build/frames/unit.IR.fighter/team/recover/d02_f00.png'
07:24.720  render           | Saved: '/Users/mohammedkalouti/Documents/Codex/2026-09-27/i/work/art/aircraft-final-production-v3/stage/assets/build/frames/unit.IR.fighter/shadow/recover/d02_f00.png'
07:25.329  render           | Saved: '/Users/mohammedkalouti/Documents/Codex/2026-09-27/i/work/art/aircraft-final-production-v3/stage/assets/build/frames/unit.IR.fighter/beauty/recover/d02_f01.png'
07:25.799  render           | Saved: '/Users/mohammedkalouti/Documents/Codex/2026-09-27/i/work/art/aircraft-final-production-v3/stage/assets/build/frames/unit.IR.fighter/team/recover/d02_f01.png'
07:26.615  render           | Saved: '/Users/mohammedkalouti/Documents/Codex/2026-09-27/i/work/art/aircraft-final-production-v3/stage/assets/build/frames/unit.IR.fighter/shadow/recover/d02_f01.png'
07:27.194  render           | Saved: '/Users/mohammedkalouti/Documents/Codex/2026-09-27/i/work/art/aircraft-final-production-v3/stage/assets/build/frames/unit.IR.fighter/beauty/recover/d02_f02.png'
07:27.683  render           | Saved: '/Users/mohammedkalouti/Documents/Codex/2026-09-27/i/work/art/aircraft-final-production-v3/stage/assets/build/frames/unit.IR.fighter/team/recover/d02_f02.png'
07:28.491  render           | Saved: '/Users/mohammedkalouti/Documents/Codex/2026-09-27/i/work/art/aircraft-final-production-v3/stage/assets/build/frames/unit.IR.fighter/shadow/recover/d02_f02.png'
07:29.048  render           | Saved: '/Users/mohammedkalouti/Documents/Codex/2026-09-27/i/work/art/aircraft-final-production-v3/stage/assets/build/frames/unit.IR.fighter/beauty/recover/d02_f03.png'
07:29.529  render           | Saved: '/Users/mohammedkalouti/Documents/Codex/2026-09-27/i/work/art/aircraft-final-production-v3/stage/assets/build/frames/unit.IR.fighter/team/recover/d02_f03.png'
07:30.353  render           | Saved: '/Users/mohammedkalouti/Documents/Codex/2026-09-27/i/work/art/aircraft-final-production-v3/stage/assets/build/frames/unit.IR.fighter/shadow/recover/d02_f03.png'
07:30.890  render           | Saved: '/Users/mohammedkalouti/Documents/Codex/2026-09-27/i/work/art/aircraft-final-production-v3/stage/assets/build/frames/unit.IR.fighter/beauty/recover/d03_f00.png'
07:31.387  render           | Saved: '/Users/mohammedkalouti/Documents/Codex/2026-09-27/i/work/art/aircraft-final-production-v3/stage/assets/build/frames/unit.IR.fighter/team/recover/d03_f00.png'
07:32.260  render           | Saved: '/Users/mohammedkalouti/Documents/Codex/2026-09-27/i/work/art/aircraft-final-production-v3/stage/assets/build/frames/unit.IR.fighter/shadow/recover/d03_f00.png'
07:32.851  render           | Saved: '/Users/mohammedkalouti/Documents/Codex/2026-09-27/i/work/art/aircraft-final-production-v3/stage/assets/build/frames/unit.IR.fighter/beauty/recover/d03_f01.png'
07:33.362  render           | Saved: '/Users/mohammedkalouti/Documents/Codex/2026-09-27/i/work/art/aircraft-final-production-v3/stage/assets/build/frames/unit.IR.fighter/team/recover/d03_f01.png'
07:34.265  render           | Saved: '/Users/mohammedkalouti/Documents/Codex/2026-09-27/i/work/art/aircraft-final-production-v3/stage/assets/build/frames/unit.IR.fighter/shadow/recover/d03_f01.png'
07:34.815  render           | Saved: '/Users/mohammedkalouti/Documents/Codex/2026-09-27/i/work/art/aircraft-final-production-v3/stage/assets/build/frames/unit.IR.fighter/beauty/recover/d03_f02.png'
07:35.286  render           | Saved: '/Users/mohammedkalouti/Documents/Codex/2026-09-27/i/work/art/aircraft-final-production-v3/stage/assets/build/frames/unit.IR.fighter/team/recover/d03_f02.png'
07:36.091  render           | Saved: '/Users/mohammedkalouti/Documents/Codex/2026-09-27/i/work/art/aircraft-final-production-v3/stage/assets/build/frames/unit.IR.fighter/shadow/recover/d03_f02.png'
07:36.677  render           | Saved: '/Users/mohammedkalouti/Documents/Codex/2026-09-27/i/work/art/aircraft-final-production-v3/stage/assets/build/frames/unit.IR.fighter/beauty/recover/d03_f03.png'
07:37.164  render           | Saved: '/Users/mohammedkalouti/Documents/Codex/2026-09-27/i/work/art/aircraft-final-production-v3/stage/assets/build/frames/unit.IR.fighter/team/recover/d03_f03.png'
07:37.996  render           | Saved: '/Users/mohammedkalouti/Documents/Codex/2026-09-27/i/work/art/aircraft-final-production-v3/stage/assets/build/frames/unit.IR.fighter/shadow/recover/d03_f03.png'
07:38.543  render           | Saved: '/Users/mohammedkalouti/Documents/Codex/2026-09-27/i/work/art/aircraft-final-production-v3/stage/assets/build/frames/unit.IR.fighter/beauty/recover/d04_f00.png'
07:39.036  render           | Saved: '/Users/mohammedkalouti/Documents/Codex/2026-09-27/i/work/art/aircraft-final-production-v3/stage/assets/build/frames/unit.IR.fighter/team/recover/d04_f00.png'
07:39.848  render           | Saved: '/Users/mohammedkalouti/Documents/Codex/2026-09-27/i/work/art/aircraft-final-production-v3/stage/assets/build/frames/unit.IR.fighter/shadow/recover/d04_f00.png'
07:40.394  render           | Saved: '/Users/mohammedkalouti/Documents/Codex/2026-09-27/i/work/art/aircraft-final-production-v3/stage/assets/build/frames/unit.IR.fighter/beauty/recover/d04_f01.png'
07:40.875  render           | Saved: '/Users/mohammedkalouti/Documents/Codex/2026-09-27/i/work/art/aircraft-final-production-v3/stage/assets/build/frames/unit.IR.fighter/team/recover/d04_f01.png'
07:41.693  render           | Saved: '/Users/mohammedkalouti/Documents/Codex/2026-09-27/i/work/art/aircraft-final-production-v3/stage/assets/build/frames/unit.IR.fighter/shadow/recover/d04_f01.png'
07:42.241  render           | Saved: '/Users/mohammedkalouti/Documents/Codex/2026-09-27/i/work/art/aircraft-final-production-v3/stage/assets/build/frames/unit.IR.fighter/beauty/recover/d04_f02.png'
07:42.727  render           | Saved: '/Users/mohammedkalouti/Documents/Codex/2026-09-27/i/work/art/aircraft-final-production-v3/stage/assets/build/frames/unit.IR.fighter/team/recover/d04_f02.png'
07:43.563  render           | Saved: '/Users/mohammedkalouti/Documents/Codex/2026-09-27/i/work/art/aircraft-final-production-v3/stage/assets/build/frames/unit.IR.fighter/shadow/recover/d04_f02.png'
07:44.145  render           | Saved: '/Users/mohammedkalouti/Documents/Codex/2026-09-27/i/work/art/aircraft-final-production-v3/stage/assets/build/frames/unit.IR.fighter/beauty/recover/d04_f03.png'
07:44.626  render           | Saved: '/Users/mohammedkalouti/Documents/Codex/2026-09-27/i/work/art/aircraft-final-production-v3/stage/assets/build/frames/unit.IR.fighter/team/recover/d04_f03.png'
07:45.442  render           | Saved: '/Users/mohammedkalouti/Documents/Codex/2026-09-27/i/work/art/aircraft-final-production-v3/stage/assets/build/frames/unit.IR.fighter/shadow/recover/d04_f03.png'
07:45.974  render           | Saved: '/Users/mohammedkalouti/Documents/Codex/2026-09-27/i/work/art/aircraft-final-production-v3/stage/assets/build/frames/unit.IR.fighter/beauty/recover/d05_f00.png'
07:46.463  render           | Saved: '/Users/mohammedkalouti/Documents/Codex/2026-09-27/i/work/art/aircraft-final-production-v3/stage/assets/build/frames/unit.IR.fighter/team/recover/d05_f00.png'
07:47.274  render           | Saved: '/Users/mohammedkalouti/Documents/Codex/2026-09-27/i/work/art/aircraft-final-production-v3/stage/assets/build/frames/unit.IR.fighter/shadow/recover/d05_f00.png'
07:47.816  render           | Saved: '/Users/mohammedkalouti/Documents/Codex/2026-09-27/i/work/art/aircraft-final-production-v3/stage/assets/build/frames/unit.IR.fighter/beauty/recover/d05_f01.png'
07:48.304  render           | Saved: '/Users/mohammedkalouti/Documents/Codex/2026-09-27/i/work/art/aircraft-final-production-v3/stage/assets/build/frames/unit.IR.fighter/team/recover/d05_f01.png'
07:49.091  render           | Saved: '/Users/mohammedkalouti/Documents/Codex/2026-09-27/i/work/art/aircraft-final-production-v3/stage/assets/build/frames/unit.IR.fighter/shadow/recover/d05_f01.png'
07:49.647  render           | Saved: '/Users/mohammedkalouti/Documents/Codex/2026-09-27/i/work/art/aircraft-final-production-v3/stage/assets/build/frames/unit.IR.fighter/beauty/recover/d05_f02.png'
07:50.135  render           | Saved: '/Users/mohammedkalouti/Documents/Codex/2026-09-27/i/work/art/aircraft-final-production-v3/stage/assets/build/frames/unit.IR.fighter/team/recover/d05_f02.png'
07:50.955  render           | Saved: '/Users/mohammedkalouti/Documents/Codex/2026-09-27/i/work/art/aircraft-final-production-v3/stage/assets/build/frames/unit.IR.fighter/shadow/recover/d05_f02.png'
07:51.490  render           | Saved: '/Users/mohammedkalouti/Documents/Codex/2026-09-27/i/work/art/aircraft-final-production-v3/stage/assets/build/frames/unit.IR.fighter/beauty/recover/d05_f03.png'
07:51.965  render           | Saved: '/Users/mohammedkalouti/Documents/Codex/2026-09-27/i/work/art/aircraft-final-production-v3/stage/assets/build/frames/unit.IR.fighter/team/recover/d05_f03.png'
07:52.783  render           | Saved: '/Users/mohammedkalouti/Documents/Codex/2026-09-27/i/work/art/aircraft-final-production-v3/stage/assets/build/frames/unit.IR.fighter/shadow/recover/d05_f03.png'
07:53.326  render           | Saved: '/Users/mohammedkalouti/Documents/Codex/2026-09-27/i/work/art/aircraft-final-production-v3/stage/assets/build/frames/unit.IR.fighter/beauty/recover/d06_f00.png'
07:53.804  render           | Saved: '/Users/mohammedkalouti/Documents/Codex/2026-09-27/i/work/art/aircraft-final-production-v3/stage/assets/build/frames/unit.IR.fighter/team/recover/d06_f00.png'
07:54.629  render           | Saved: '/Users/mohammedkalouti/Documents/Codex/2026-09-27/i/work/art/aircraft-final-production-v3/stage/assets/build/frames/unit.IR.fighter/shadow/recover/d06_f00.png'
07:55.169  render           | Saved: '/Users/mohammedkalouti/Documents/Codex/2026-09-27/i/work/art/aircraft-final-production-v3/stage/assets/build/frames/unit.IR.fighter/beauty/recover/d06_f01.png'
07:55.646  render           | Saved: '/Users/mohammedkalouti/Documents/Codex/2026-09-27/i/work/art/aircraft-final-production-v3/stage/assets/build/frames/unit.IR.fighter/team/recover/d06_f01.png'
07:56.458  render           | Saved: '/Users/mohammedkalouti/Documents/Codex/2026-09-27/i/work/art/aircraft-final-production-v3/stage/assets/build/frames/unit.IR.fighter/shadow/recover/d06_f01.png'
07:57.015  render           | Saved: '/Users/mohammedkalouti/Documents/Codex/2026-09-27/i/work/art/aircraft-final-production-v3/stage/assets/build/frames/unit.IR.fighter/beauty/recover/d06_f02.png'
07:57.507  render           | Saved: '/Users/mohammedkalouti/Documents/Codex/2026-09-27/i/work/art/aircraft-final-production-v3/stage/assets/build/frames/unit.IR.fighter/team/recover/d06_f02.png'
07:58.324  render           | Saved: '/Users/mohammedkalouti/Documents/Codex/2026-09-27/i/work/art/aircraft-final-production-v3/stage/assets/build/frames/unit.IR.fighter/shadow/recover/d06_f02.png'
07:58.863  render           | Saved: '/Users/mohammedkalouti/Documents/Codex/2026-09-27/i/work/art/aircraft-final-production-v3/stage/assets/build/frames/unit.IR.fighter/beauty/recover/d06_f03.png'
07:59.369  render           | Saved: '/Users/mohammedkalouti/Documents/Codex/2026-09-27/i/work/art/aircraft-final-production-v3/stage/assets/build/frames/unit.IR.fighter/team/recover/d06_f03.png'
08:00.184  render           | Saved: '/Users/mohammedkalouti/Documents/Codex/2026-09-27/i/work/art/aircraft-final-production-v3/stage/assets/build/frames/unit.IR.fighter/shadow/recover/d06_f03.png'
08:00.735  render           | Saved: '/Users/mohammedkalouti/Documents/Codex/2026-09-27/i/work/art/aircraft-final-production-v3/stage/assets/build/frames/unit.IR.fighter/beauty/recover/d07_f00.png'
08:01.228  render           | Saved: '/Users/mohammedkalouti/Documents/Codex/2026-09-27/i/work/art/aircraft-final-production-v3/stage/assets/build/frames/unit.IR.fighter/team/recover/d07_f00.png'
08:02.050  render           | Saved: '/Users/mohammedkalouti/Documents/Codex/2026-09-27/i/work/art/aircraft-final-production-v3/stage/assets/build/frames/unit.IR.fighter/shadow/recover/d07_f00.png'
08:02.597  render           | Saved: '/Users/mohammedkalouti/Documents/Codex/2026-09-27/i/work/art/aircraft-final-production-v3/stage/assets/build/frames/unit.IR.fighter/beauty/recover/d07_f01.png'
08:03.070  render           | Saved: '/Users/mohammedkalouti/Documents/Codex/2026-09-27/i/work/art/aircraft-final-production-v3/stage/assets/build/frames/unit.IR.fighter/team/recover/d07_f01.png'
08:03.874  render           | Saved: '/Users/mohammedkalouti/Documents/Codex/2026-09-27/i/work/art/aircraft-final-production-v3/stage/assets/build/frames/unit.IR.fighter/shadow/recover/d07_f01.png'
08:04.419  render           | Saved: '/Users/mohammedkalouti/Documents/Codex/2026-09-27/i/work/art/aircraft-final-production-v3/stage/assets/build/frames/unit.IR.fighter/beauty/recover/d07_f02.png'
08:04.888  render           | Saved: '/Users/mohammedkalouti/Documents/Codex/2026-09-27/i/work/art/aircraft-final-production-v3/stage/assets/build/frames/unit.IR.fighter/team/recover/d07_f02.png'
08:05.692  render           | Saved: '/Users/mohammedkalouti/Documents/Codex/2026-09-27/i/work/art/aircraft-final-production-v3/stage/assets/build/frames/unit.IR.fighter/shadow/recover/d07_f02.png'
08:06.244  render           | Saved: '/Users/mohammedkalouti/Documents/Codex/2026-09-27/i/work/art/aircraft-final-production-v3/stage/assets/build/frames/unit.IR.fighter/beauty/recover/d07_f03.png'
08:06.712  render           | Saved: '/Users/mohammedkalouti/Documents/Codex/2026-09-27/i/work/art/aircraft-final-production-v3/stage/assets/build/frames/unit.IR.fighter/team/recover/d07_f03.png'
08:07.538  render           | Saved: '/Users/mohammedkalouti/Documents/Codex/2026-09-27/i/work/art/aircraft-final-production-v3/stage/assets/build/frames/unit.IR.fighter/shadow/recover/d07_f03.png'
08:08.080  render           | Saved: '/Users/mohammedkalouti/Documents/Codex/2026-09-27/i/work/art/aircraft-final-production-v3/stage/assets/build/frames/unit.IR.fighter/beauty/recover/d08_f00.png'
08:08.546  render           | Saved: '/Users/mohammedkalouti/Documents/Codex/2026-09-27/i/work/art/aircraft-final-production-v3/stage/assets/build/frames/unit.IR.fighter/team/recover/d08_f00.png'
08:09.371  render           | Saved: '/Users/mohammedkalouti/Documents/Codex/2026-09-27/i/work/art/aircraft-final-production-v3/stage/assets/build/frames/unit.IR.fighter/shadow/recover/d08_f00.png'
08:09.935  render           | Saved: '/Users/mohammedkalouti/Documents/Codex/2026-09-27/i/work/art/aircraft-final-production-v3/stage/assets/build/frames/unit.IR.fighter/beauty/recover/d08_f01.png'
08:10.418  render           | Saved: '/Users/mohammedkalouti/Documents/Codex/2026-09-27/i/work/art/aircraft-final-production-v3/stage/assets/build/frames/unit.IR.fighter/team/recover/d08_f01.png'
08:11.218  render           | Saved: '/Users/mohammedkalouti/Documents/Codex/2026-09-27/i/work/art/aircraft-final-production-v3/stage/assets/build/frames/unit.IR.fighter/shadow/recover/d08_f01.png'
08:11.749  render           | Saved: '/Users/mohammedkalouti/Documents/Codex/2026-09-27/i/work/art/aircraft-final-production-v3/stage/assets/build/frames/unit.IR.fighter/beauty/recover/d08_f02.png'
08:12.236  render           | Saved: '/Users/mohammedkalouti/Documents/Codex/2026-09-27/i/work/art/aircraft-final-production-v3/stage/assets/build/frames/unit.IR.fighter/team/recover/d08_f02.png'
08:13.018  render           | Saved: '/Users/mohammedkalouti/Documents/Codex/2026-09-27/i/work/art/aircraft-final-production-v3/stage/assets/build/frames/unit.IR.fighter/shadow/recover/d08_f02.png'
08:13.576  render           | Saved: '/Users/mohammedkalouti/Documents/Codex/2026-09-27/i/work/art/aircraft-final-production-v3/stage/assets/build/frames/unit.IR.fighter/beauty/recover/d08_f03.png'
08:14.052  render           | Saved: '/Users/mohammedkalouti/Documents/Codex/2026-09-27/i/work/art/aircraft-final-production-v3/stage/assets/build/frames/unit.IR.fighter/team/recover/d08_f03.png'
08:14.871  render           | Saved: '/Users/mohammedkalouti/Documents/Codex/2026-09-27/i/work/art/aircraft-final-production-v3/stage/assets/build/frames/unit.IR.fighter/shadow/recover/d08_f03.png'
08:15.434  render           | Saved: '/Users/mohammedkalouti/Documents/Codex/2026-09-27/i/work/art/aircraft-final-production-v3/stage/assets/build/frames/unit.IR.fighter/beauty/recover/d09_f00.png'
08:15.930  render           | Saved: '/Users/mohammedkalouti/Documents/Codex/2026-09-27/i/work/art/aircraft-final-production-v3/stage/assets/build/frames/unit.IR.fighter/team/recover/d09_f00.png'
08:16.753  render           | Saved: '/Users/mohammedkalouti/Documents/Codex/2026-09-27/i/work/art/aircraft-final-production-v3/stage/assets/build/frames/unit.IR.fighter/shadow/recover/d09_f00.png'
08:17.305  render           | Saved: '/Users/mohammedkalouti/Documents/Codex/2026-09-27/i/work/art/aircraft-final-production-v3/stage/assets/build/frames/unit.IR.fighter/beauty/recover/d09_f01.png'
08:17.780  render           | Saved: '/Users/mohammedkalouti/Documents/Codex/2026-09-27/i/work/art/aircraft-final-production-v3/stage/assets/build/frames/unit.IR.fighter/team/recover/d09_f01.png'
08:18.600  render           | Saved: '/Users/mohammedkalouti/Documents/Codex/2026-09-27/i/work/art/aircraft-final-production-v3/stage/assets/build/frames/unit.IR.fighter/shadow/recover/d09_f01.png'
08:19.148  render           | Saved: '/Users/mohammedkalouti/Documents/Codex/2026-09-27/i/work/art/aircraft-final-production-v3/stage/assets/build/frames/unit.IR.fighter/beauty/recover/d09_f02.png'
08:19.618  render           | Saved: '/Users/mohammedkalouti/Documents/Codex/2026-09-27/i/work/art/aircraft-final-production-v3/stage/assets/build/frames/unit.IR.fighter/team/recover/d09_f02.png'
08:20.435  render           | Saved: '/Users/mohammedkalouti/Documents/Codex/2026-09-27/i/work/art/aircraft-final-production-v3/stage/assets/build/frames/unit.IR.fighter/shadow/recover/d09_f02.png'
08:20.970  render           | Saved: '/Users/mohammedkalouti/Documents/Codex/2026-09-27/i/work/art/aircraft-final-production-v3/stage/assets/build/frames/unit.IR.fighter/beauty/recover/d09_f03.png'
08:21.439  render           | Saved: '/Users/mohammedkalouti/Documents/Codex/2026-09-27/i/work/art/aircraft-final-production-v3/stage/assets/build/frames/unit.IR.fighter/team/recover/d09_f03.png'
08:22.270  render           | Saved: '/Users/mohammedkalouti/Documents/Codex/2026-09-27/i/work/art/aircraft-final-production-v3/stage/assets/build/frames/unit.IR.fighter/shadow/recover/d09_f03.png'
08:22.823  render           | Saved: '/Users/mohammedkalouti/Documents/Codex/2026-09-27/i/work/art/aircraft-final-production-v3/stage/assets/build/frames/unit.IR.fighter/beauty/recover/d10_f00.png'
08:23.295  render           | Saved: '/Users/mohammedkalouti/Documents/Codex/2026-09-27/i/work/art/aircraft-final-production-v3/stage/assets/build/frames/unit.IR.fighter/team/recover/d10_f00.png'
08:24.112  render           | Saved: '/Users/mohammedkalouti/Documents/Codex/2026-09-27/i/work/art/aircraft-final-production-v3/stage/assets/build/frames/unit.IR.fighter/shadow/recover/d10_f00.png'
08:24.660  render           | Saved: '/Users/mohammedkalouti/Documents/Codex/2026-09-27/i/work/art/aircraft-final-production-v3/stage/assets/build/frames/unit.IR.fighter/beauty/recover/d10_f01.png'
08:25.134  render           | Saved: '/Users/mohammedkalouti/Documents/Codex/2026-09-27/i/work/art/aircraft-final-production-v3/stage/assets/build/frames/unit.IR.fighter/team/recover/d10_f01.png'
08:25.951  render           | Saved: '/Users/mohammedkalouti/Documents/Codex/2026-09-27/i/work/art/aircraft-final-production-v3/stage/assets/build/frames/unit.IR.fighter/shadow/recover/d10_f01.png'
08:26.500  render           | Saved: '/Users/mohammedkalouti/Documents/Codex/2026-09-27/i/work/art/aircraft-final-production-v3/stage/assets/build/frames/unit.IR.fighter/beauty/recover/d10_f02.png'
08:26.984  render           | Saved: '/Users/mohammedkalouti/Documents/Codex/2026-09-27/i/work/art/aircraft-final-production-v3/stage/assets/build/frames/unit.IR.fighter/team/recover/d10_f02.png'
08:27.799  render           | Saved: '/Users/mohammedkalouti/Documents/Codex/2026-09-27/i/work/art/aircraft-final-production-v3/stage/assets/build/frames/unit.IR.fighter/shadow/recover/d10_f02.png'
08:28.334  render           | Saved: '/Users/mohammedkalouti/Documents/Codex/2026-09-27/i/work/art/aircraft-final-production-v3/stage/assets/build/frames/unit.IR.fighter/beauty/recover/d10_f03.png'
08:28.815  render           | Saved: '/Users/mohammedkalouti/Documents/Codex/2026-09-27/i/work/art/aircraft-final-production-v3/stage/assets/build/frames/unit.IR.fighter/team/recover/d10_f03.png'
08:29.624  render           | Saved: '/Users/mohammedkalouti/Documents/Codex/2026-09-27/i/work/art/aircraft-final-production-v3/stage/assets/build/frames/unit.IR.fighter/shadow/recover/d10_f03.png'
08:30.172  render           | Saved: '/Users/mohammedkalouti/Documents/Codex/2026-09-27/i/work/art/aircraft-final-production-v3/stage/assets/build/frames/unit.IR.fighter/beauty/recover/d11_f00.png'
08:30.655  render           | Saved: '/Users/mohammedkalouti/Documents/Codex/2026-09-27/i/work/art/aircraft-final-production-v3/stage/assets/build/frames/unit.IR.fighter/team/recover/d11_f00.png'
08:31.444  render           | Saved: '/Users/mohammedkalouti/Documents/Codex/2026-09-27/i/work/art/aircraft-final-production-v3/stage/assets/build/frames/unit.IR.fighter/shadow/recover/d11_f00.png'
08:31.978  render           | Saved: '/Users/mohammedkalouti/Documents/Codex/2026-09-27/i/work/art/aircraft-final-production-v3/stage/assets/build/frames/unit.IR.fighter/beauty/recover/d11_f01.png'
08:32.466  render           | Saved: '/Users/mohammedkalouti/Documents/Codex/2026-09-27/i/work/art/aircraft-final-production-v3/stage/assets/build/frames/unit.IR.fighter/team/recover/d11_f01.png'
08:33.295  render           | Saved: '/Users/mohammedkalouti/Documents/Codex/2026-09-27/i/work/art/aircraft-final-production-v3/stage/assets/build/frames/unit.IR.fighter/shadow/recover/d11_f01.png'
08:33.834  render           | Saved: '/Users/mohammedkalouti/Documents/Codex/2026-09-27/i/work/art/aircraft-final-production-v3/stage/assets/build/frames/unit.IR.fighter/beauty/recover/d11_f02.png'
08:34.321  render           | Saved: '/Users/mohammedkalouti/Documents/Codex/2026-09-27/i/work/art/aircraft-final-production-v3/stage/assets/build/frames/unit.IR.fighter/team/recover/d11_f02.png'
08:35.138  render           | Saved: '/Users/mohammedkalouti/Documents/Codex/2026-09-27/i/work/art/aircraft-final-production-v3/stage/assets/build/frames/unit.IR.fighter/shadow/recover/d11_f02.png'
08:35.677  render           | Saved: '/Users/mohammedkalouti/Documents/Codex/2026-09-27/i/work/art/aircraft-final-production-v3/stage/assets/build/frames/unit.IR.fighter/beauty/recover/d11_f03.png'
08:36.162  render           | Saved: '/Users/mohammedkalouti/Documents/Codex/2026-09-27/i/work/art/aircraft-final-production-v3/stage/assets/build/frames/unit.IR.fighter/team/recover/d11_f03.png'
08:36.990  render           | Saved: '/Users/mohammedkalouti/Documents/Codex/2026-09-27/i/work/art/aircraft-final-production-v3/stage/assets/build/frames/unit.IR.fighter/shadow/recover/d11_f03.png'
08:37.530  render           | Saved: '/Users/mohammedkalouti/Documents/Codex/2026-09-27/i/work/art/aircraft-final-production-v3/stage/assets/build/frames/unit.IR.fighter/beauty/recover/d12_f00.png'
08:38.005  render           | Saved: '/Users/mohammedkalouti/Documents/Codex/2026-09-27/i/work/art/aircraft-final-production-v3/stage/assets/build/frames/unit.IR.fighter/team/recover/d12_f00.png'
08:38.821  render           | Saved: '/Users/mohammedkalouti/Documents/Codex/2026-09-27/i/work/art/aircraft-final-production-v3/stage/assets/build/frames/unit.IR.fighter/shadow/recover/d12_f00.png'
08:39.363  render           | Saved: '/Users/mohammedkalouti/Documents/Codex/2026-09-27/i/work/art/aircraft-final-production-v3/stage/assets/build/frames/unit.IR.fighter/beauty/recover/d12_f01.png'
08:39.827  render           | Saved: '/Users/mohammedkalouti/Documents/Codex/2026-09-27/i/work/art/aircraft-final-production-v3/stage/assets/build/frames/unit.IR.fighter/team/recover/d12_f01.png'
08:40.639  render           | Saved: '/Users/mohammedkalouti/Documents/Codex/2026-09-27/i/work/art/aircraft-final-production-v3/stage/assets/build/frames/unit.IR.fighter/shadow/recover/d12_f01.png'
08:41.184  render           | Saved: '/Users/mohammedkalouti/Documents/Codex/2026-09-27/i/work/art/aircraft-final-production-v3/stage/assets/build/frames/unit.IR.fighter/beauty/recover/d12_f02.png'
08:41.661  render           | Saved: '/Users/mohammedkalouti/Documents/Codex/2026-09-27/i/work/art/aircraft-final-production-v3/stage/assets/build/frames/unit.IR.fighter/team/recover/d12_f02.png'
08:42.471  render           | Saved: '/Users/mohammedkalouti/Documents/Codex/2026-09-27/i/work/art/aircraft-final-production-v3/stage/assets/build/frames/unit.IR.fighter/shadow/recover/d12_f02.png'
08:43.010  render           | Saved: '/Users/mohammedkalouti/Documents/Codex/2026-09-27/i/work/art/aircraft-final-production-v3/stage/assets/build/frames/unit.IR.fighter/beauty/recover/d12_f03.png'
08:43.501  render           | Saved: '/Users/mohammedkalouti/Documents/Codex/2026-09-27/i/work/art/aircraft-final-production-v3/stage/assets/build/frames/unit.IR.fighter/team/recover/d12_f03.png'
08:44.310  render           | Saved: '/Users/mohammedkalouti/Documents/Codex/2026-09-27/i/work/art/aircraft-final-production-v3/stage/assets/build/frames/unit.IR.fighter/shadow/recover/d12_f03.png'
08:44.845  render           | Saved: '/Users/mohammedkalouti/Documents/Codex/2026-09-27/i/work/art/aircraft-final-production-v3/stage/assets/build/frames/unit.IR.fighter/beauty/recover/d13_f00.png'
08:45.334  render           | Saved: '/Users/mohammedkalouti/Documents/Codex/2026-09-27/i/work/art/aircraft-final-production-v3/stage/assets/build/frames/unit.IR.fighter/team/recover/d13_f00.png'
08:46.140  render           | Saved: '/Users/mohammedkalouti/Documents/Codex/2026-09-27/i/work/art/aircraft-final-production-v3/stage/assets/build/frames/unit.IR.fighter/shadow/recover/d13_f00.png'
08:46.686  render           | Saved: '/Users/mohammedkalouti/Documents/Codex/2026-09-27/i/work/art/aircraft-final-production-v3/stage/assets/build/frames/unit.IR.fighter/beauty/recover/d13_f01.png'
08:47.169  render           | Saved: '/Users/mohammedkalouti/Documents/Codex/2026-09-27/i/work/art/aircraft-final-production-v3/stage/assets/build/frames/unit.IR.fighter/team/recover/d13_f01.png'
08:47.980  render           | Saved: '/Users/mohammedkalouti/Documents/Codex/2026-09-27/i/work/art/aircraft-final-production-v3/stage/assets/build/frames/unit.IR.fighter/shadow/recover/d13_f01.png'
08:48.532  render           | Saved: '/Users/mohammedkalouti/Documents/Codex/2026-09-27/i/work/art/aircraft-final-production-v3/stage/assets/build/frames/unit.IR.fighter/beauty/recover/d13_f02.png'
08:49.011  render           | Saved: '/Users/mohammedkalouti/Documents/Codex/2026-09-27/i/work/art/aircraft-final-production-v3/stage/assets/build/frames/unit.IR.fighter/team/recover/d13_f02.png'
08:49.817  render           | Saved: '/Users/mohammedkalouti/Documents/Codex/2026-09-27/i/work/art/aircraft-final-production-v3/stage/assets/build/frames/unit.IR.fighter/shadow/recover/d13_f02.png'
08:50.365  render           | Saved: '/Users/mohammedkalouti/Documents/Codex/2026-09-27/i/work/art/aircraft-final-production-v3/stage/assets/build/frames/unit.IR.fighter/beauty/recover/d13_f03.png'
08:50.848  render           | Saved: '/Users/mohammedkalouti/Documents/Codex/2026-09-27/i/work/art/aircraft-final-production-v3/stage/assets/build/frames/unit.IR.fighter/team/recover/d13_f03.png'
08:51.665  render           | Saved: '/Users/mohammedkalouti/Documents/Codex/2026-09-27/i/work/art/aircraft-final-production-v3/stage/assets/build/frames/unit.IR.fighter/shadow/recover/d13_f03.png'
08:52.199  render           | Saved: '/Users/mohammedkalouti/Documents/Codex/2026-09-27/i/work/art/aircraft-final-production-v3/stage/assets/build/frames/unit.IR.fighter/beauty/recover/d14_f00.png'
08:52.669  render           | Saved: '/Users/mohammedkalouti/Documents/Codex/2026-09-27/i/work/art/aircraft-final-production-v3/stage/assets/build/frames/unit.IR.fighter/team/recover/d14_f00.png'
08:53.490  render           | Saved: '/Users/mohammedkalouti/Documents/Codex/2026-09-27/i/work/art/aircraft-final-production-v3/stage/assets/build/frames/unit.IR.fighter/shadow/recover/d14_f00.png'
08:54.025  render           | Saved: '/Users/mohammedkalouti/Documents/Codex/2026-09-27/i/work/art/aircraft-final-production-v3/stage/assets/build/frames/unit.IR.fighter/beauty/recover/d14_f01.png'
08:54.501  render           | Saved: '/Users/mohammedkalouti/Documents/Codex/2026-09-27/i/work/art/aircraft-final-production-v3/stage/assets/build/frames/unit.IR.fighter/team/recover/d14_f01.png'
08:55.334  render           | Saved: '/Users/mohammedkalouti/Documents/Codex/2026-09-27/i/work/art/aircraft-final-production-v3/stage/assets/build/frames/unit.IR.fighter/shadow/recover/d14_f01.png'
08:55.868  render           | Saved: '/Users/mohammedkalouti/Documents/Codex/2026-09-27/i/work/art/aircraft-final-production-v3/stage/assets/build/frames/unit.IR.fighter/beauty/recover/d14_f02.png'
08:56.356  render           | Saved: '/Users/mohammedkalouti/Documents/Codex/2026-09-27/i/work/art/aircraft-final-production-v3/stage/assets/build/frames/unit.IR.fighter/team/recover/d14_f02.png'
08:57.164  render           | Saved: '/Users/mohammedkalouti/Documents/Codex/2026-09-27/i/work/art/aircraft-final-production-v3/stage/assets/build/frames/unit.IR.fighter/shadow/recover/d14_f02.png'
08:57.717  render           | Saved: '/Users/mohammedkalouti/Documents/Codex/2026-09-27/i/work/art/aircraft-final-production-v3/stage/assets/build/frames/unit.IR.fighter/beauty/recover/d14_f03.png'
08:58.223  render           | Saved: '/Users/mohammedkalouti/Documents/Codex/2026-09-27/i/work/art/aircraft-final-production-v3/stage/assets/build/frames/unit.IR.fighter/team/recover/d14_f03.png'
08:59.040  render           | Saved: '/Users/mohammedkalouti/Documents/Codex/2026-09-27/i/work/art/aircraft-final-production-v3/stage/assets/build/frames/unit.IR.fighter/shadow/recover/d14_f03.png'
08:59.598  render           | Saved: '/Users/mohammedkalouti/Documents/Codex/2026-09-27/i/work/art/aircraft-final-production-v3/stage/assets/build/frames/unit.IR.fighter/beauty/recover/d15_f00.png'
09:00.110  render           | Saved: '/Users/mohammedkalouti/Documents/Codex/2026-09-27/i/work/art/aircraft-final-production-v3/stage/assets/build/frames/unit.IR.fighter/team/recover/d15_f00.png'
09:00.899  render           | Saved: '/Users/mohammedkalouti/Documents/Codex/2026-09-27/i/work/art/aircraft-final-production-v3/stage/assets/build/frames/unit.IR.fighter/shadow/recover/d15_f00.png'
09:01.468  render           | Saved: '/Users/mohammedkalouti/Documents/Codex/2026-09-27/i/work/art/aircraft-final-production-v3/stage/assets/build/frames/unit.IR.fighter/beauty/recover/d15_f01.png'
09:01.946  render           | Saved: '/Users/mohammedkalouti/Documents/Codex/2026-09-27/i/work/art/aircraft-final-production-v3/stage/assets/build/frames/unit.IR.fighter/team/recover/d15_f01.png'
09:02.772  render           | Saved: '/Users/mohammedkalouti/Documents/Codex/2026-09-27/i/work/art/aircraft-final-production-v3/stage/assets/build/frames/unit.IR.fighter/shadow/recover/d15_f01.png'
09:03.337  render           | Saved: '/Users/mohammedkalouti/Documents/Codex/2026-09-27/i/work/art/aircraft-final-production-v3/stage/assets/build/frames/unit.IR.fighter/beauty/recover/d15_f02.png'
09:03.812  render           | Saved: '/Users/mohammedkalouti/Documents/Codex/2026-09-27/i/work/art/aircraft-final-production-v3/stage/assets/build/frames/unit.IR.fighter/team/recover/d15_f02.png'
09:04.613  render           | Saved: '/Users/mohammedkalouti/Documents/Codex/2026-09-27/i/work/art/aircraft-final-production-v3/stage/assets/build/frames/unit.IR.fighter/shadow/recover/d15_f02.png'
09:05.153  render           | Saved: '/Users/mohammedkalouti/Documents/Codex/2026-09-27/i/work/art/aircraft-final-production-v3/stage/assets/build/frames/unit.IR.fighter/beauty/recover/d15_f03.png'
09:05.630  render           | Saved: '/Users/mohammedkalouti/Documents/Codex/2026-09-27/i/work/art/aircraft-final-production-v3/stage/assets/build/frames/unit.IR.fighter/team/recover/d15_f03.png'
09:06.441  render           | Saved: '/Users/mohammedkalouti/Documents/Codex/2026-09-27/i/work/art/aircraft-final-production-v3/stage/assets/build/frames/unit.IR.fighter/shadow/recover/d15_f03.png'
09:06.981  render           | Saved: '/Users/mohammedkalouti/Documents/Codex/2026-09-27/i/work/art/aircraft-final-production-v3/stage/assets/build/frames/unit.IR.fighter/beauty/damaged/d00_f00.png'
09:07.471  render           | Saved: '/Users/mohammedkalouti/Documents/Codex/2026-09-27/i/work/art/aircraft-final-production-v3/stage/assets/build/frames/unit.IR.fighter/team/damaged/d00_f00.png'
09:08.282  render           | Saved: '/Users/mohammedkalouti/Documents/Codex/2026-09-27/i/work/art/aircraft-final-production-v3/stage/assets/build/frames/unit.IR.fighter/shadow/damaged/d00_f00.png'
09:08.809  render           | Saved: '/Users/mohammedkalouti/Documents/Codex/2026-09-27/i/work/art/aircraft-final-production-v3/stage/assets/build/frames/unit.IR.fighter/beauty/damaged/d01_f00.png'
09:09.301  render           | Saved: '/Users/mohammedkalouti/Documents/Codex/2026-09-27/i/work/art/aircraft-final-production-v3/stage/assets/build/frames/unit.IR.fighter/team/damaged/d01_f00.png'
09:10.113  render           | Saved: '/Users/mohammedkalouti/Documents/Codex/2026-09-27/i/work/art/aircraft-final-production-v3/stage/assets/build/frames/unit.IR.fighter/shadow/damaged/d01_f00.png'
09:10.659  render           | Saved: '/Users/mohammedkalouti/Documents/Codex/2026-09-27/i/work/art/aircraft-final-production-v3/stage/assets/build/frames/unit.IR.fighter/beauty/damaged/d02_f00.png'
09:11.130  render           | Saved: '/Users/mohammedkalouti/Documents/Codex/2026-09-27/i/work/art/aircraft-final-production-v3/stage/assets/build/frames/unit.IR.fighter/team/damaged/d02_f00.png'
09:11.942  render           | Saved: '/Users/mohammedkalouti/Documents/Codex/2026-09-27/i/work/art/aircraft-final-production-v3/stage/assets/build/frames/unit.IR.fighter/shadow/damaged/d02_f00.png'
09:12.487  render           | Saved: '/Users/mohammedkalouti/Documents/Codex/2026-09-27/i/work/art/aircraft-final-production-v3/stage/assets/build/frames/unit.IR.fighter/beauty/damaged/d03_f00.png'
09:12.969  render           | Saved: '/Users/mohammedkalouti/Documents/Codex/2026-09-27/i/work/art/aircraft-final-production-v3/stage/assets/build/frames/unit.IR.fighter/team/damaged/d03_f00.png'
09:13.786  render           | Saved: '/Users/mohammedkalouti/Documents/Codex/2026-09-27/i/work/art/aircraft-final-production-v3/stage/assets/build/frames/unit.IR.fighter/shadow/damaged/d03_f00.png'
09:14.320  render           | Saved: '/Users/mohammedkalouti/Documents/Codex/2026-09-27/i/work/art/aircraft-final-production-v3/stage/assets/build/frames/unit.IR.fighter/beauty/damaged/d04_f00.png'
09:14.805  render           | Saved: '/Users/mohammedkalouti/Documents/Codex/2026-09-27/i/work/art/aircraft-final-production-v3/stage/assets/build/frames/unit.IR.fighter/team/damaged/d04_f00.png'
09:15.643  render           | Saved: '/Users/mohammedkalouti/Documents/Codex/2026-09-27/i/work/art/aircraft-final-production-v3/stage/assets/build/frames/unit.IR.fighter/shadow/damaged/d04_f00.png'
09:16.230  render           | Saved: '/Users/mohammedkalouti/Documents/Codex/2026-09-27/i/work/art/aircraft-final-production-v3/stage/assets/build/frames/unit.IR.fighter/beauty/damaged/d05_f00.png'
09:16.733  render           | Saved: '/Users/mohammedkalouti/Documents/Codex/2026-09-27/i/work/art/aircraft-final-production-v3/stage/assets/build/frames/unit.IR.fighter/team/damaged/d05_f00.png'
09:17.552  render           | Saved: '/Users/mohammedkalouti/Documents/Codex/2026-09-27/i/work/art/aircraft-final-production-v3/stage/assets/build/frames/unit.IR.fighter/shadow/damaged/d05_f00.png'
09:18.090  render           | Saved: '/Users/mohammedkalouti/Documents/Codex/2026-09-27/i/work/art/aircraft-final-production-v3/stage/assets/build/frames/unit.IR.fighter/beauty/damaged/d06_f00.png'
09:18.573  render           | Saved: '/Users/mohammedkalouti/Documents/Codex/2026-09-27/i/work/art/aircraft-final-production-v3/stage/assets/build/frames/unit.IR.fighter/team/damaged/d06_f00.png'
09:19.388  render           | Saved: '/Users/mohammedkalouti/Documents/Codex/2026-09-27/i/work/art/aircraft-final-production-v3/stage/assets/build/frames/unit.IR.fighter/shadow/damaged/d06_f00.png'
09:19.922  render           | Saved: '/Users/mohammedkalouti/Documents/Codex/2026-09-27/i/work/art/aircraft-final-production-v3/stage/assets/build/frames/unit.IR.fighter/beauty/damaged/d07_f00.png'
09:20.395  render           | Saved: '/Users/mohammedkalouti/Documents/Codex/2026-09-27/i/work/art/aircraft-final-production-v3/stage/assets/build/frames/unit.IR.fighter/team/damaged/d07_f00.png'
09:21.217  render           | Saved: '/Users/mohammedkalouti/Documents/Codex/2026-09-27/i/work/art/aircraft-final-production-v3/stage/assets/build/frames/unit.IR.fighter/shadow/damaged/d07_f00.png'
09:21.754  render           | Saved: '/Users/mohammedkalouti/Documents/Codex/2026-09-27/i/work/art/aircraft-final-production-v3/stage/assets/build/frames/unit.IR.fighter/beauty/damaged/d08_f00.png'
09:22.237  render           | Saved: '/Users/mohammedkalouti/Documents/Codex/2026-09-27/i/work/art/aircraft-final-production-v3/stage/assets/build/frames/unit.IR.fighter/team/damaged/d08_f00.png'
09:23.031  render           | Saved: '/Users/mohammedkalouti/Documents/Codex/2026-09-27/i/work/art/aircraft-final-production-v3/stage/assets/build/frames/unit.IR.fighter/shadow/damaged/d08_f00.png'
09:23.580  render           | Saved: '/Users/mohammedkalouti/Documents/Codex/2026-09-27/i/work/art/aircraft-final-production-v3/stage/assets/build/frames/unit.IR.fighter/beauty/damaged/d09_f00.png'
09:24.065  render           | Saved: '/Users/mohammedkalouti/Documents/Codex/2026-09-27/i/work/art/aircraft-final-production-v3/stage/assets/build/frames/unit.IR.fighter/team/damaged/d09_f00.png'
09:24.885  render           | Saved: '/Users/mohammedkalouti/Documents/Codex/2026-09-27/i/work/art/aircraft-final-production-v3/stage/assets/build/frames/unit.IR.fighter/shadow/damaged/d09_f00.png'
09:25.424  render           | Saved: '/Users/mohammedkalouti/Documents/Codex/2026-09-27/i/work/art/aircraft-final-production-v3/stage/assets/build/frames/unit.IR.fighter/beauty/damaged/d10_f00.png'
09:25.897  render           | Saved: '/Users/mohammedkalouti/Documents/Codex/2026-09-27/i/work/art/aircraft-final-production-v3/stage/assets/build/frames/unit.IR.fighter/team/damaged/d10_f00.png'
09:26.721  render           | Saved: '/Users/mohammedkalouti/Documents/Codex/2026-09-27/i/work/art/aircraft-final-production-v3/stage/assets/build/frames/unit.IR.fighter/shadow/damaged/d10_f00.png'
09:27.311  render           | Saved: '/Users/mohammedkalouti/Documents/Codex/2026-09-27/i/work/art/aircraft-final-production-v3/stage/assets/build/frames/unit.IR.fighter/beauty/damaged/d11_f00.png'
09:27.781  render           | Saved: '/Users/mohammedkalouti/Documents/Codex/2026-09-27/i/work/art/aircraft-final-production-v3/stage/assets/build/frames/unit.IR.fighter/team/damaged/d11_f00.png'
09:28.604  render           | Saved: '/Users/mohammedkalouti/Documents/Codex/2026-09-27/i/work/art/aircraft-final-production-v3/stage/assets/build/frames/unit.IR.fighter/shadow/damaged/d11_f00.png'
09:29.144  render           | Saved: '/Users/mohammedkalouti/Documents/Codex/2026-09-27/i/work/art/aircraft-final-production-v3/stage/assets/build/frames/unit.IR.fighter/beauty/damaged/d12_f00.png'
09:29.618  render           | Saved: '/Users/mohammedkalouti/Documents/Codex/2026-09-27/i/work/art/aircraft-final-production-v3/stage/assets/build/frames/unit.IR.fighter/team/damaged/d12_f00.png'
09:30.427  render           | Saved: '/Users/mohammedkalouti/Documents/Codex/2026-09-27/i/work/art/aircraft-final-production-v3/stage/assets/build/frames/unit.IR.fighter/shadow/damaged/d12_f00.png'
09:30.965  render           | Saved: '/Users/mohammedkalouti/Documents/Codex/2026-09-27/i/work/art/aircraft-final-production-v3/stage/assets/build/frames/unit.IR.fighter/beauty/damaged/d13_f00.png'
09:31.452  render           | Saved: '/Users/mohammedkalouti/Documents/Codex/2026-09-27/i/work/art/aircraft-final-production-v3/stage/assets/build/frames/unit.IR.fighter/team/damaged/d13_f00.png'
09:32.257  render           | Saved: '/Users/mohammedkalouti/Documents/Codex/2026-09-27/i/work/art/aircraft-final-production-v3/stage/assets/build/frames/unit.IR.fighter/shadow/damaged/d13_f00.png'
09:32.798  render           | Saved: '/Users/mohammedkalouti/Documents/Codex/2026-09-27/i/work/art/aircraft-final-production-v3/stage/assets/build/frames/unit.IR.fighter/beauty/damaged/d14_f00.png'
09:33.288  render           | Saved: '/Users/mohammedkalouti/Documents/Codex/2026-09-27/i/work/art/aircraft-final-production-v3/stage/assets/build/frames/unit.IR.fighter/team/damaged/d14_f00.png'
09:34.087  render           | Saved: '/Users/mohammedkalouti/Documents/Codex/2026-09-27/i/work/art/aircraft-final-production-v3/stage/assets/build/frames/unit.IR.fighter/shadow/damaged/d14_f00.png'
09:34.617  render           | Saved: '/Users/mohammedkalouti/Documents/Codex/2026-09-27/i/work/art/aircraft-final-production-v3/stage/assets/build/frames/unit.IR.fighter/beauty/damaged/d15_f00.png'
09:35.098  render           | Saved: '/Users/mohammedkalouti/Documents/Codex/2026-09-27/i/work/art/aircraft-final-production-v3/stage/assets/build/frames/unit.IR.fighter/team/damaged/d15_f00.png'
09:35.915  render           | Saved: '/Users/mohammedkalouti/Documents/Codex/2026-09-27/i/work/art/aircraft-final-production-v3/stage/assets/build/frames/unit.IR.fighter/shadow/damaged/d15_f00.png'
09:36.480  render           | Saved: '/Users/mohammedkalouti/Documents/Codex/2026-09-27/i/work/art/aircraft-final-production-v3/stage/assets/build/frames/unit.IR.fighter/beauty/crash/d00_f00.png'
09:37.513  render           | Saved: '/Users/mohammedkalouti/Documents/Codex/2026-09-27/i/work/art/aircraft-final-production-v3/stage/assets/build/frames/unit.IR.fighter/shadow/crash/d00_f00.png'
09:38.173  render           | Saved: '/Users/mohammedkalouti/Documents/Codex/2026-09-27/i/work/art/aircraft-final-production-v3/stage/assets/build/frames/unit.IR.fighter/beauty/crash/d00_f01.png'
09:39.202  render           | Saved: '/Users/mohammedkalouti/Documents/Codex/2026-09-27/i/work/art/aircraft-final-production-v3/stage/assets/build/frames/unit.IR.fighter/shadow/crash/d00_f01.png'
09:39.845  render           | Saved: '/Users/mohammedkalouti/Documents/Codex/2026-09-27/i/work/art/aircraft-final-production-v3/stage/assets/build/frames/unit.IR.fighter/beauty/crash/d00_f02.png'
09:40.738  render           | Saved: '/Users/mohammedkalouti/Documents/Codex/2026-09-27/i/work/art/aircraft-final-production-v3/stage/assets/build/frames/unit.IR.fighter/shadow/crash/d00_f02.png'
09:41.323  render           | Saved: '/Users/mohammedkalouti/Documents/Codex/2026-09-27/i/work/art/aircraft-final-production-v3/stage/assets/build/frames/unit.IR.fighter/beauty/crash/d00_f03.png'
09:42.225  render           | Saved: '/Users/mohammedkalouti/Documents/Codex/2026-09-27/i/work/art/aircraft-final-production-v3/stage/assets/build/frames/unit.IR.fighter/shadow/crash/d00_f03.png'
09:42.776  render           | Saved: '/Users/mohammedkalouti/Documents/Codex/2026-09-27/i/work/art/aircraft-final-production-v3/stage/assets/build/frames/unit.IR.fighter/beauty/crash/d01_f00.png'
09:43.644  render           | Saved: '/Users/mohammedkalouti/Documents/Codex/2026-09-27/i/work/art/aircraft-final-production-v3/stage/assets/build/frames/unit.IR.fighter/shadow/crash/d01_f00.png'
09:44.190  render           | Saved: '/Users/mohammedkalouti/Documents/Codex/2026-09-27/i/work/art/aircraft-final-production-v3/stage/assets/build/frames/unit.IR.fighter/beauty/crash/d01_f01.png'
09:45.017  render           | Saved: '/Users/mohammedkalouti/Documents/Codex/2026-09-27/i/work/art/aircraft-final-production-v3/stage/assets/build/frames/unit.IR.fighter/shadow/crash/d01_f01.png'
09:45.562  render           | Saved: '/Users/mohammedkalouti/Documents/Codex/2026-09-27/i/work/art/aircraft-final-production-v3/stage/assets/build/frames/unit.IR.fighter/beauty/crash/d01_f02.png'
09:46.396  render           | Saved: '/Users/mohammedkalouti/Documents/Codex/2026-09-27/i/work/art/aircraft-final-production-v3/stage/assets/build/frames/unit.IR.fighter/shadow/crash/d01_f02.png'
09:46.928  render           | Saved: '/Users/mohammedkalouti/Documents/Codex/2026-09-27/i/work/art/aircraft-final-production-v3/stage/assets/build/frames/unit.IR.fighter/beauty/crash/d01_f03.png'
09:47.735  render           | Saved: '/Users/mohammedkalouti/Documents/Codex/2026-09-27/i/work/art/aircraft-final-production-v3/stage/assets/build/frames/unit.IR.fighter/shadow/crash/d01_f03.png'
09:48.278  render           | Saved: '/Users/mohammedkalouti/Documents/Codex/2026-09-27/i/work/art/aircraft-final-production-v3/stage/assets/build/frames/unit.IR.fighter/beauty/crash/d02_f00.png'
09:49.103  render           | Saved: '/Users/mohammedkalouti/Documents/Codex/2026-09-27/i/work/art/aircraft-final-production-v3/stage/assets/build/frames/unit.IR.fighter/shadow/crash/d02_f00.png'
09:49.660  render           | Saved: '/Users/mohammedkalouti/Documents/Codex/2026-09-27/i/work/art/aircraft-final-production-v3/stage/assets/build/frames/unit.IR.fighter/beauty/crash/d02_f01.png'
09:50.479  render           | Saved: '/Users/mohammedkalouti/Documents/Codex/2026-09-27/i/work/art/aircraft-final-production-v3/stage/assets/build/frames/unit.IR.fighter/shadow/crash/d02_f01.png'
09:51.005  render           | Saved: '/Users/mohammedkalouti/Documents/Codex/2026-09-27/i/work/art/aircraft-final-production-v3/stage/assets/build/frames/unit.IR.fighter/beauty/crash/d02_f02.png'
09:51.793  render           | Saved: '/Users/mohammedkalouti/Documents/Codex/2026-09-27/i/work/art/aircraft-final-production-v3/stage/assets/build/frames/unit.IR.fighter/shadow/crash/d02_f02.png'
09:52.329  render           | Saved: '/Users/mohammedkalouti/Documents/Codex/2026-09-27/i/work/art/aircraft-final-production-v3/stage/assets/build/frames/unit.IR.fighter/beauty/crash/d02_f03.png'
09:53.134  render           | Saved: '/Users/mohammedkalouti/Documents/Codex/2026-09-27/i/work/art/aircraft-final-production-v3/stage/assets/build/frames/unit.IR.fighter/shadow/crash/d02_f03.png'
09:53.673  render           | Saved: '/Users/mohammedkalouti/Documents/Codex/2026-09-27/i/work/art/aircraft-final-production-v3/stage/assets/build/frames/unit.IR.fighter/beauty/crash/d03_f00.png'
09:54.501  render           | Saved: '/Users/mohammedkalouti/Documents/Codex/2026-09-27/i/work/art/aircraft-final-production-v3/stage/assets/build/frames/unit.IR.fighter/shadow/crash/d03_f00.png'
09:55.061  render           | Saved: '/Users/mohammedkalouti/Documents/Codex/2026-09-27/i/work/art/aircraft-final-production-v3/stage/assets/build/frames/unit.IR.fighter/beauty/crash/d03_f01.png'
09:55.878  render           | Saved: '/Users/mohammedkalouti/Documents/Codex/2026-09-27/i/work/art/aircraft-final-production-v3/stage/assets/build/frames/unit.IR.fighter/shadow/crash/d03_f01.png'
09:56.440  render           | Saved: '/Users/mohammedkalouti/Documents/Codex/2026-09-27/i/work/art/aircraft-final-production-v3/stage/assets/build/frames/unit.IR.fighter/beauty/crash/d03_f02.png'
09:57.243  render           | Saved: '/Users/mohammedkalouti/Documents/Codex/2026-09-27/i/work/art/aircraft-final-production-v3/stage/assets/build/frames/unit.IR.fighter/shadow/crash/d03_f02.png'
09:57.777  render           | Saved: '/Users/mohammedkalouti/Documents/Codex/2026-09-27/i/work/art/aircraft-final-production-v3/stage/assets/build/frames/unit.IR.fighter/beauty/crash/d03_f03.png'
09:58.596  render           | Saved: '/Users/mohammedkalouti/Documents/Codex/2026-09-27/i/work/art/aircraft-final-production-v3/stage/assets/build/frames/unit.IR.fighter/shadow/crash/d03_f03.png'
09:59.173  render           | Saved: '/Users/mohammedkalouti/Documents/Codex/2026-09-27/i/work/art/aircraft-final-production-v3/stage/assets/build/frames/unit.IR.fighter/beauty/crash/d04_f00.png'
09:59.999  render           | Saved: '/Users/mohammedkalouti/Documents/Codex/2026-09-27/i/work/art/aircraft-final-production-v3/stage/assets/build/frames/unit.IR.fighter/shadow/crash/d04_f00.png'
10:00.534  render           | Saved: '/Users/mohammedkalouti/Documents/Codex/2026-09-27/i/work/art/aircraft-final-production-v3/stage/assets/build/frames/unit.IR.fighter/beauty/crash/d04_f01.png'
10:01.375  render           | Saved: '/Users/mohammedkalouti/Documents/Codex/2026-09-27/i/work/art/aircraft-final-production-v3/stage/assets/build/frames/unit.IR.fighter/shadow/crash/d04_f01.png'
10:01.913  render           | Saved: '/Users/mohammedkalouti/Documents/Codex/2026-09-27/i/work/art/aircraft-final-production-v3/stage/assets/build/frames/unit.IR.fighter/beauty/crash/d04_f02.png'
10:02.775  render           | Saved: '/Users/mohammedkalouti/Documents/Codex/2026-09-27/i/work/art/aircraft-final-production-v3/stage/assets/build/frames/unit.IR.fighter/shadow/crash/d04_f02.png'
10:03.325  render           | Saved: '/Users/mohammedkalouti/Documents/Codex/2026-09-27/i/work/art/aircraft-final-production-v3/stage/assets/build/frames/unit.IR.fighter/beauty/crash/d04_f03.png'
10:04.130  render           | Saved: '/Users/mohammedkalouti/Documents/Codex/2026-09-27/i/work/art/aircraft-final-production-v3/stage/assets/build/frames/unit.IR.fighter/shadow/crash/d04_f03.png'
10:04.670  render           | Saved: '/Users/mohammedkalouti/Documents/Codex/2026-09-27/i/work/art/aircraft-final-production-v3/stage/assets/build/frames/unit.IR.fighter/beauty/crash/d05_f00.png'
10:05.495  render           | Saved: '/Users/mohammedkalouti/Documents/Codex/2026-09-27/i/work/art/aircraft-final-production-v3/stage/assets/build/frames/unit.IR.fighter/shadow/crash/d05_f00.png'
10:06.051  render           | Saved: '/Users/mohammedkalouti/Documents/Codex/2026-09-27/i/work/art/aircraft-final-production-v3/stage/assets/build/frames/unit.IR.fighter/beauty/crash/d05_f01.png'
10:06.901  render           | Saved: '/Users/mohammedkalouti/Documents/Codex/2026-09-27/i/work/art/aircraft-final-production-v3/stage/assets/build/frames/unit.IR.fighter/shadow/crash/d05_f01.png'
10:07.445  render           | Saved: '/Users/mohammedkalouti/Documents/Codex/2026-09-27/i/work/art/aircraft-final-production-v3/stage/assets/build/frames/unit.IR.fighter/beauty/crash/d05_f02.png'
10:08.254  render           | Saved: '/Users/mohammedkalouti/Documents/Codex/2026-09-27/i/work/art/aircraft-final-production-v3/stage/assets/build/frames/unit.IR.fighter/shadow/crash/d05_f02.png'
10:08.799  render           | Saved: '/Users/mohammedkalouti/Documents/Codex/2026-09-27/i/work/art/aircraft-final-production-v3/stage/assets/build/frames/unit.IR.fighter/beauty/crash/d05_f03.png'
10:09.638  render           | Saved: '/Users/mohammedkalouti/Documents/Codex/2026-09-27/i/work/art/aircraft-final-production-v3/stage/assets/build/frames/unit.IR.fighter/shadow/crash/d05_f03.png'
10:10.168  render           | Saved: '/Users/mohammedkalouti/Documents/Codex/2026-09-27/i/work/art/aircraft-final-production-v3/stage/assets/build/frames/unit.IR.fighter/beauty/crash/d06_f00.png'
10:10.989  render           | Saved: '/Users/mohammedkalouti/Documents/Codex/2026-09-27/i/work/art/aircraft-final-production-v3/stage/assets/build/frames/unit.IR.fighter/shadow/crash/d06_f00.png'
10:11.545  render           | Saved: '/Users/mohammedkalouti/Documents/Codex/2026-09-27/i/work/art/aircraft-final-production-v3/stage/assets/build/frames/unit.IR.fighter/beauty/crash/d06_f01.png'
10:12.347  render           | Saved: '/Users/mohammedkalouti/Documents/Codex/2026-09-27/i/work/art/aircraft-final-production-v3/stage/assets/build/frames/unit.IR.fighter/shadow/crash/d06_f01.png'
10:12.872  render           | Saved: '/Users/mohammedkalouti/Documents/Codex/2026-09-27/i/work/art/aircraft-final-production-v3/stage/assets/build/frames/unit.IR.fighter/beauty/crash/d06_f02.png'
10:13.686  render           | Saved: '/Users/mohammedkalouti/Documents/Codex/2026-09-27/i/work/art/aircraft-final-production-v3/stage/assets/build/frames/unit.IR.fighter/shadow/crash/d06_f02.png'
10:14.215  render           | Saved: '/Users/mohammedkalouti/Documents/Codex/2026-09-27/i/work/art/aircraft-final-production-v3/stage/assets/build/frames/unit.IR.fighter/beauty/crash/d06_f03.png'
10:15.044  render           | Saved: '/Users/mohammedkalouti/Documents/Codex/2026-09-27/i/work/art/aircraft-final-production-v3/stage/assets/build/frames/unit.IR.fighter/shadow/crash/d06_f03.png'
10:15.594  render           | Saved: '/Users/mohammedkalouti/Documents/Codex/2026-09-27/i/work/art/aircraft-final-production-v3/stage/assets/build/frames/unit.IR.fighter/beauty/crash/d07_f00.png'
10:16.421  render           | Saved: '/Users/mohammedkalouti/Documents/Codex/2026-09-27/i/work/art/aircraft-final-production-v3/stage/assets/build/frames/unit.IR.fighter/shadow/crash/d07_f00.png'
10:16.995  render           | Saved: '/Users/mohammedkalouti/Documents/Codex/2026-09-27/i/work/art/aircraft-final-production-v3/stage/assets/build/frames/unit.IR.fighter/beauty/crash/d07_f01.png'
10:17.819  render           | Saved: '/Users/mohammedkalouti/Documents/Codex/2026-09-27/i/work/art/aircraft-final-production-v3/stage/assets/build/frames/unit.IR.fighter/shadow/crash/d07_f01.png'
10:18.360  render           | Saved: '/Users/mohammedkalouti/Documents/Codex/2026-09-27/i/work/art/aircraft-final-production-v3/stage/assets/build/frames/unit.IR.fighter/beauty/crash/d07_f02.png'
10:19.184  render           | Saved: '/Users/mohammedkalouti/Documents/Codex/2026-09-27/i/work/art/aircraft-final-production-v3/stage/assets/build/frames/unit.IR.fighter/shadow/crash/d07_f02.png'
10:19.727  render           | Saved: '/Users/mohammedkalouti/Documents/Codex/2026-09-27/i/work/art/aircraft-final-production-v3/stage/assets/build/frames/unit.IR.fighter/beauty/crash/d07_f03.png'
10:20.573  render           | Saved: '/Users/mohammedkalouti/Documents/Codex/2026-09-27/i/work/art/aircraft-final-production-v3/stage/assets/build/frames/unit.IR.fighter/shadow/crash/d07_f03.png'
10:21.109  render           | Saved: '/Users/mohammedkalouti/Documents/Codex/2026-09-27/i/work/art/aircraft-final-production-v3/stage/assets/build/frames/unit.IR.fighter/beauty/crash/d08_f00.png'
10:21.911  render           | Saved: '/Users/mohammedkalouti/Documents/Codex/2026-09-27/i/work/art/aircraft-final-production-v3/stage/assets/build/frames/unit.IR.fighter/shadow/crash/d08_f00.png'
10:22.449  render           | Saved: '/Users/mohammedkalouti/Documents/Codex/2026-09-27/i/work/art/aircraft-final-production-v3/stage/assets/build/frames/unit.IR.fighter/beauty/crash/d08_f01.png'
10:23.272  render           | Saved: '/Users/mohammedkalouti/Documents/Codex/2026-09-27/i/work/art/aircraft-final-production-v3/stage/assets/build/frames/unit.IR.fighter/shadow/crash/d08_f01.png'
10:23.804  render           | Saved: '/Users/mohammedkalouti/Documents/Codex/2026-09-27/i/work/art/aircraft-final-production-v3/stage/assets/build/frames/unit.IR.fighter/beauty/crash/d08_f02.png'
10:24.613  render           | Saved: '/Users/mohammedkalouti/Documents/Codex/2026-09-27/i/work/art/aircraft-final-production-v3/stage/assets/build/frames/unit.IR.fighter/shadow/crash/d08_f02.png'
10:25.168  render           | Saved: '/Users/mohammedkalouti/Documents/Codex/2026-09-27/i/work/art/aircraft-final-production-v3/stage/assets/build/frames/unit.IR.fighter/beauty/crash/d08_f03.png'
10:26.002  render           | Saved: '/Users/mohammedkalouti/Documents/Codex/2026-09-27/i/work/art/aircraft-final-production-v3/stage/assets/build/frames/unit.IR.fighter/shadow/crash/d08_f03.png'
10:26.533  render           | Saved: '/Users/mohammedkalouti/Documents/Codex/2026-09-27/i/work/art/aircraft-final-production-v3/stage/assets/build/frames/unit.IR.fighter/beauty/crash/d09_f00.png'
10:27.345  render           | Saved: '/Users/mohammedkalouti/Documents/Codex/2026-09-27/i/work/art/aircraft-final-production-v3/stage/assets/build/frames/unit.IR.fighter/shadow/crash/d09_f00.png'
10:27.866  render           | Saved: '/Users/mohammedkalouti/Documents/Codex/2026-09-27/i/work/art/aircraft-final-production-v3/stage/assets/build/frames/unit.IR.fighter/beauty/crash/d09_f01.png'
10:28.785  render           | Saved: '/Users/mohammedkalouti/Documents/Codex/2026-09-27/i/work/art/aircraft-final-production-v3/stage/assets/build/frames/unit.IR.fighter/shadow/crash/d09_f01.png'
10:29.336  render           | Saved: '/Users/mohammedkalouti/Documents/Codex/2026-09-27/i/work/art/aircraft-final-production-v3/stage/assets/build/frames/unit.IR.fighter/beauty/crash/d09_f02.png'
10:30.144  render           | Saved: '/Users/mohammedkalouti/Documents/Codex/2026-09-27/i/work/art/aircraft-final-production-v3/stage/assets/build/frames/unit.IR.fighter/shadow/crash/d09_f02.png'
10:30.689  render           | Saved: '/Users/mohammedkalouti/Documents/Codex/2026-09-27/i/work/art/aircraft-final-production-v3/stage/assets/build/frames/unit.IR.fighter/beauty/crash/d09_f03.png'
10:31.501  render           | Saved: '/Users/mohammedkalouti/Documents/Codex/2026-09-27/i/work/art/aircraft-final-production-v3/stage/assets/build/frames/unit.IR.fighter/shadow/crash/d09_f03.png'
10:32.020  render           | Saved: '/Users/mohammedkalouti/Documents/Codex/2026-09-27/i/work/art/aircraft-final-production-v3/stage/assets/build/frames/unit.IR.fighter/beauty/crash/d10_f00.png'
10:32.820  render           | Saved: '/Users/mohammedkalouti/Documents/Codex/2026-09-27/i/work/art/aircraft-final-production-v3/stage/assets/build/frames/unit.IR.fighter/shadow/crash/d10_f00.png'
10:33.354  render           | Saved: '/Users/mohammedkalouti/Documents/Codex/2026-09-27/i/work/art/aircraft-final-production-v3/stage/assets/build/frames/unit.IR.fighter/beauty/crash/d10_f01.png'
10:34.151  render           | Saved: '/Users/mohammedkalouti/Documents/Codex/2026-09-27/i/work/art/aircraft-final-production-v3/stage/assets/build/frames/unit.IR.fighter/shadow/crash/d10_f01.png'
10:34.696  render           | Saved: '/Users/mohammedkalouti/Documents/Codex/2026-09-27/i/work/art/aircraft-final-production-v3/stage/assets/build/frames/unit.IR.fighter/beauty/crash/d10_f02.png'
10:35.523  render           | Saved: '/Users/mohammedkalouti/Documents/Codex/2026-09-27/i/work/art/aircraft-final-production-v3/stage/assets/build/frames/unit.IR.fighter/shadow/crash/d10_f02.png'
10:36.061  render           | Saved: '/Users/mohammedkalouti/Documents/Codex/2026-09-27/i/work/art/aircraft-final-production-v3/stage/assets/build/frames/unit.IR.fighter/beauty/crash/d10_f03.png'
10:36.880  render           | Saved: '/Users/mohammedkalouti/Documents/Codex/2026-09-27/i/work/art/aircraft-final-production-v3/stage/assets/build/frames/unit.IR.fighter/shadow/crash/d10_f03.png'
10:37.420  render           | Saved: '/Users/mohammedkalouti/Documents/Codex/2026-09-27/i/work/art/aircraft-final-production-v3/stage/assets/build/frames/unit.IR.fighter/beauty/crash/d11_f00.png'
10:38.233  render           | Saved: '/Users/mohammedkalouti/Documents/Codex/2026-09-27/i/work/art/aircraft-final-production-v3/stage/assets/build/frames/unit.IR.fighter/shadow/crash/d11_f00.png'
10:38.779  render           | Saved: '/Users/mohammedkalouti/Documents/Codex/2026-09-27/i/work/art/aircraft-final-production-v3/stage/assets/build/frames/unit.IR.fighter/beauty/crash/d11_f01.png'
10:39.587  render           | Saved: '/Users/mohammedkalouti/Documents/Codex/2026-09-27/i/work/art/aircraft-final-production-v3/stage/assets/build/frames/unit.IR.fighter/shadow/crash/d11_f01.png'
10:40.133  render           | Saved: '/Users/mohammedkalouti/Documents/Codex/2026-09-27/i/work/art/aircraft-final-production-v3/stage/assets/build/frames/unit.IR.fighter/beauty/crash/d11_f02.png'
10:40.938  render           | Saved: '/Users/mohammedkalouti/Documents/Codex/2026-09-27/i/work/art/aircraft-final-production-v3/stage/assets/build/frames/unit.IR.fighter/shadow/crash/d11_f02.png'
10:41.471  render           | Saved: '/Users/mohammedkalouti/Documents/Codex/2026-09-27/i/work/art/aircraft-final-production-v3/stage/assets/build/frames/unit.IR.fighter/beauty/crash/d11_f03.png'
10:42.273  render           | Saved: '/Users/mohammedkalouti/Documents/Codex/2026-09-27/i/work/art/aircraft-final-production-v3/stage/assets/build/frames/unit.IR.fighter/shadow/crash/d11_f03.png'
10:42.813  render           | Saved: '/Users/mohammedkalouti/Documents/Codex/2026-09-27/i/work/art/aircraft-final-production-v3/stage/assets/build/frames/unit.IR.fighter/beauty/crash/d12_f00.png'
10:43.623  render           | Saved: '/Users/mohammedkalouti/Documents/Codex/2026-09-27/i/work/art/aircraft-final-production-v3/stage/assets/build/frames/unit.IR.fighter/shadow/crash/d12_f00.png'
10:44.151  render           | Saved: '/Users/mohammedkalouti/Documents/Codex/2026-09-27/i/work/art/aircraft-final-production-v3/stage/assets/build/frames/unit.IR.fighter/beauty/crash/d12_f01.png'
10:44.973  render           | Saved: '/Users/mohammedkalouti/Documents/Codex/2026-09-27/i/work/art/aircraft-final-production-v3/stage/assets/build/frames/unit.IR.fighter/shadow/crash/d12_f01.png'
10:45.521  render           | Saved: '/Users/mohammedkalouti/Documents/Codex/2026-09-27/i/work/art/aircraft-final-production-v3/stage/assets/build/frames/unit.IR.fighter/beauty/crash/d12_f02.png'
10:46.317  render           | Saved: '/Users/mohammedkalouti/Documents/Codex/2026-09-27/i/work/art/aircraft-final-production-v3/stage/assets/build/frames/unit.IR.fighter/shadow/crash/d12_f02.png'
10:46.849  render           | Saved: '/Users/mohammedkalouti/Documents/Codex/2026-09-27/i/work/art/aircraft-final-production-v3/stage/assets/build/frames/unit.IR.fighter/beauty/crash/d12_f03.png'
10:47.672  render           | Saved: '/Users/mohammedkalouti/Documents/Codex/2026-09-27/i/work/art/aircraft-final-production-v3/stage/assets/build/frames/unit.IR.fighter/shadow/crash/d12_f03.png'
10:48.223  render           | Saved: '/Users/mohammedkalouti/Documents/Codex/2026-09-27/i/work/art/aircraft-final-production-v3/stage/assets/build/frames/unit.IR.fighter/beauty/crash/d13_f00.png'
10:49.039  render           | Saved: '/Users/mohammedkalouti/Documents/Codex/2026-09-27/i/work/art/aircraft-final-production-v3/stage/assets/build/frames/unit.IR.fighter/shadow/crash/d13_f00.png'
10:49.610  render           | Saved: '/Users/mohammedkalouti/Documents/Codex/2026-09-27/i/work/art/aircraft-final-production-v3/stage/assets/build/frames/unit.IR.fighter/beauty/crash/d13_f01.png'
10:50.485  render           | Saved: '/Users/mohammedkalouti/Documents/Codex/2026-09-27/i/work/art/aircraft-final-production-v3/stage/assets/build/frames/unit.IR.fighter/shadow/crash/d13_f01.png'
10:51.055  render           | Saved: '/Users/mohammedkalouti/Documents/Codex/2026-09-27/i/work/art/aircraft-final-production-v3/stage/assets/build/frames/unit.IR.fighter/beauty/crash/d13_f02.png'
10:51.918  render           | Saved: '/Users/mohammedkalouti/Documents/Codex/2026-09-27/i/work/art/aircraft-final-production-v3/stage/assets/build/frames/unit.IR.fighter/shadow/crash/d13_f02.png'
10:52.549  render           | Saved: '/Users/mohammedkalouti/Documents/Codex/2026-09-27/i/work/art/aircraft-final-production-v3/stage/assets/build/frames/unit.IR.fighter/beauty/crash/d13_f03.png'
10:53.378  render           | Saved: '/Users/mohammedkalouti/Documents/Codex/2026-09-27/i/work/art/aircraft-final-production-v3/stage/assets/build/frames/unit.IR.fighter/shadow/crash/d13_f03.png'
10:53.903  render           | Saved: '/Users/mohammedkalouti/Documents/Codex/2026-09-27/i/work/art/aircraft-final-production-v3/stage/assets/build/frames/unit.IR.fighter/beauty/crash/d14_f00.png'
10:54.707  render           | Saved: '/Users/mohammedkalouti/Documents/Codex/2026-09-27/i/work/art/aircraft-final-production-v3/stage/assets/build/frames/unit.IR.fighter/shadow/crash/d14_f00.png'
10:55.242  render           | Saved: '/Users/mohammedkalouti/Documents/Codex/2026-09-27/i/work/art/aircraft-final-production-v3/stage/assets/build/frames/unit.IR.fighter/beauty/crash/d14_f01.png'
10:56.053  render           | Saved: '/Users/mohammedkalouti/Documents/Codex/2026-09-27/i/work/art/aircraft-final-production-v3/stage/assets/build/frames/unit.IR.fighter/shadow/crash/d14_f01.png'
10:56.600  render           | Saved: '/Users/mohammedkalouti/Documents/Codex/2026-09-27/i/work/art/aircraft-final-production-v3/stage/assets/build/frames/unit.IR.fighter/beauty/crash/d14_f02.png'
10:57.411  render           | Saved: '/Users/mohammedkalouti/Documents/Codex/2026-09-27/i/work/art/aircraft-final-production-v3/stage/assets/build/frames/unit.IR.fighter/shadow/crash/d14_f02.png'
10:57.963  render           | Saved: '/Users/mohammedkalouti/Documents/Codex/2026-09-27/i/work/art/aircraft-final-production-v3/stage/assets/build/frames/unit.IR.fighter/beauty/crash/d14_f03.png'
10:58.791  render           | Saved: '/Users/mohammedkalouti/Documents/Codex/2026-09-27/i/work/art/aircraft-final-production-v3/stage/assets/build/frames/unit.IR.fighter/shadow/crash/d14_f03.png'
10:59.388  render           | Saved: '/Users/mohammedkalouti/Documents/Codex/2026-09-27/i/work/art/aircraft-final-production-v3/stage/assets/build/frames/unit.IR.fighter/beauty/crash/d15_f00.png'
11:00.315  render           | Saved: '/Users/mohammedkalouti/Documents/Codex/2026-09-27/i/work/art/aircraft-final-production-v3/stage/assets/build/frames/unit.IR.fighter/shadow/crash/d15_f00.png'
11:00.921  render           | Saved: '/Users/mohammedkalouti/Documents/Codex/2026-09-27/i/work/art/aircraft-final-production-v3/stage/assets/build/frames/unit.IR.fighter/beauty/crash/d15_f01.png'
11:01.792  render           | Saved: '/Users/mohammedkalouti/Documents/Codex/2026-09-27/i/work/art/aircraft-final-production-v3/stage/assets/build/frames/unit.IR.fighter/shadow/crash/d15_f01.png'
11:02.367  render           | Saved: '/Users/mohammedkalouti/Documents/Codex/2026-09-27/i/work/art/aircraft-final-production-v3/stage/assets/build/frames/unit.IR.fighter/beauty/crash/d15_f02.png'
11:03.197  render           | Saved: '/Users/mohammedkalouti/Documents/Codex/2026-09-27/i/work/art/aircraft-final-production-v3/stage/assets/build/frames/unit.IR.fighter/shadow/crash/d15_f02.png'
11:03.752  render           | Saved: '/Users/mohammedkalouti/Documents/Codex/2026-09-27/i/work/art/aircraft-final-production-v3/stage/assets/build/frames/unit.IR.fighter/beauty/crash/d15_f03.png'
11:04.599  render           | Saved: '/Users/mohammedkalouti/Documents/Codex/2026-09-27/i/work/art/aircraft-final-production-v3/stage/assets/build/frames/unit.IR.fighter/shadow/crash/d15_f03.png'
11:05.181  render           | Saved: '/Users/mohammedkalouti/Documents/Codex/2026-09-27/i/work/art/aircraft-final-production-v3/stage/assets/build/frames/unit.IR.fighter/beauty/fire/d00_f00.png'
11:05.718  render           | Saved: '/Users/mohammedkalouti/Documents/Codex/2026-09-27/i/work/art/aircraft-final-production-v3/stage/assets/build/frames/unit.IR.fighter/team/fire/d00_f00.png'
11:06.633  render           | Saved: '/Users/mohammedkalouti/Documents/Codex/2026-09-27/i/work/art/aircraft-final-production-v3/stage/assets/build/frames/unit.IR.fighter/shadow/fire/d00_f00.png'
11:07.202  render           | Saved: '/Users/mohammedkalouti/Documents/Codex/2026-09-27/i/work/art/aircraft-final-production-v3/stage/assets/build/frames/unit.IR.fighter/beauty/fire/d00_f01.png'
11:07.700  render           | Saved: '/Users/mohammedkalouti/Documents/Codex/2026-09-27/i/work/art/aircraft-final-production-v3/stage/assets/build/frames/unit.IR.fighter/team/fire/d00_f01.png'
11:08.517  render           | Saved: '/Users/mohammedkalouti/Documents/Codex/2026-09-27/i/work/art/aircraft-final-production-v3/stage/assets/build/frames/unit.IR.fighter/shadow/fire/d00_f01.png'
11:09.060  render           | Saved: '/Users/mohammedkalouti/Documents/Codex/2026-09-27/i/work/art/aircraft-final-production-v3/stage/assets/build/frames/unit.IR.fighter/beauty/fire/d01_f00.png'
11:09.576  render           | Saved: '/Users/mohammedkalouti/Documents/Codex/2026-09-27/i/work/art/aircraft-final-production-v3/stage/assets/build/frames/unit.IR.fighter/team/fire/d01_f00.png'
11:10.416  render           | Saved: '/Users/mohammedkalouti/Documents/Codex/2026-09-27/i/work/art/aircraft-final-production-v3/stage/assets/build/frames/unit.IR.fighter/shadow/fire/d01_f00.png'
11:10.986  render           | Saved: '/Users/mohammedkalouti/Documents/Codex/2026-09-27/i/work/art/aircraft-final-production-v3/stage/assets/build/frames/unit.IR.fighter/beauty/fire/d01_f01.png'
11:11.460  render           | Saved: '/Users/mohammedkalouti/Documents/Codex/2026-09-27/i/work/art/aircraft-final-production-v3/stage/assets/build/frames/unit.IR.fighter/team/fire/d01_f01.png'
11:12.273  render           | Saved: '/Users/mohammedkalouti/Documents/Codex/2026-09-27/i/work/art/aircraft-final-production-v3/stage/assets/build/frames/unit.IR.fighter/shadow/fire/d01_f01.png'
11:12.837  render           | Saved: '/Users/mohammedkalouti/Documents/Codex/2026-09-27/i/work/art/aircraft-final-production-v3/stage/assets/build/frames/unit.IR.fighter/beauty/fire/d02_f00.png'
11:13.350  render           | Saved: '/Users/mohammedkalouti/Documents/Codex/2026-09-27/i/work/art/aircraft-final-production-v3/stage/assets/build/frames/unit.IR.fighter/team/fire/d02_f00.png'
11:14.160  render           | Saved: '/Users/mohammedkalouti/Documents/Codex/2026-09-27/i/work/art/aircraft-final-production-v3/stage/assets/build/frames/unit.IR.fighter/shadow/fire/d02_f00.png'
11:14.714  render           | Saved: '/Users/mohammedkalouti/Documents/Codex/2026-09-27/i/work/art/aircraft-final-production-v3/stage/assets/build/frames/unit.IR.fighter/beauty/fire/d02_f01.png'
11:15.202  render           | Saved: '/Users/mohammedkalouti/Documents/Codex/2026-09-27/i/work/art/aircraft-final-production-v3/stage/assets/build/frames/unit.IR.fighter/team/fire/d02_f01.png'
11:16.075  render           | Saved: '/Users/mohammedkalouti/Documents/Codex/2026-09-27/i/work/art/aircraft-final-production-v3/stage/assets/build/frames/unit.IR.fighter/shadow/fire/d02_f01.png'
11:16.657  render           | Saved: '/Users/mohammedkalouti/Documents/Codex/2026-09-27/i/work/art/aircraft-final-production-v3/stage/assets/build/frames/unit.IR.fighter/beauty/fire/d03_f00.png'
11:17.154  render           | Saved: '/Users/mohammedkalouti/Documents/Codex/2026-09-27/i/work/art/aircraft-final-production-v3/stage/assets/build/frames/unit.IR.fighter/team/fire/d03_f00.png'
11:17.960  render           | Saved: '/Users/mohammedkalouti/Documents/Codex/2026-09-27/i/work/art/aircraft-final-production-v3/stage/assets/build/frames/unit.IR.fighter/shadow/fire/d03_f00.png'
11:18.519  render           | Saved: '/Users/mohammedkalouti/Documents/Codex/2026-09-27/i/work/art/aircraft-final-production-v3/stage/assets/build/frames/unit.IR.fighter/beauty/fire/d03_f01.png'
11:19.024  render           | Saved: '/Users/mohammedkalouti/Documents/Codex/2026-09-27/i/work/art/aircraft-final-production-v3/stage/assets/build/frames/unit.IR.fighter/team/fire/d03_f01.png'
11:19.822  render           | Saved: '/Users/mohammedkalouti/Documents/Codex/2026-09-27/i/work/art/aircraft-final-production-v3/stage/assets/build/frames/unit.IR.fighter/shadow/fire/d03_f01.png'
11:20.374  render           | Saved: '/Users/mohammedkalouti/Documents/Codex/2026-09-27/i/work/art/aircraft-final-production-v3/stage/assets/build/frames/unit.IR.fighter/beauty/fire/d04_f00.png'
11:20.874  render           | Saved: '/Users/mohammedkalouti/Documents/Codex/2026-09-27/i/work/art/aircraft-final-production-v3/stage/assets/build/frames/unit.IR.fighter/team/fire/d04_f00.png'
11:21.757  render           | Saved: '/Users/mohammedkalouti/Documents/Codex/2026-09-27/i/work/art/aircraft-final-production-v3/stage/assets/build/frames/unit.IR.fighter/shadow/fire/d04_f00.png'
11:22.344  render           | Saved: '/Users/mohammedkalouti/Documents/Codex/2026-09-27/i/work/art/aircraft-final-production-v3/stage/assets/build/frames/unit.IR.fighter/beauty/fire/d04_f01.png'
11:22.846  render           | Saved: '/Users/mohammedkalouti/Documents/Codex/2026-09-27/i/work/art/aircraft-final-production-v3/stage/assets/build/frames/unit.IR.fighter/team/fire/d04_f01.png'
11:23.730  render           | Saved: '/Users/mohammedkalouti/Documents/Codex/2026-09-27/i/work/art/aircraft-final-production-v3/stage/assets/build/frames/unit.IR.fighter/shadow/fire/d04_f01.png'
11:24.283  render           | Saved: '/Users/mohammedkalouti/Documents/Codex/2026-09-27/i/work/art/aircraft-final-production-v3/stage/assets/build/frames/unit.IR.fighter/beauty/fire/d05_f00.png'
11:24.774  render           | Saved: '/Users/mohammedkalouti/Documents/Codex/2026-09-27/i/work/art/aircraft-final-production-v3/stage/assets/build/frames/unit.IR.fighter/team/fire/d05_f00.png'
11:25.612  render           | Saved: '/Users/mohammedkalouti/Documents/Codex/2026-09-27/i/work/art/aircraft-final-production-v3/stage/assets/build/frames/unit.IR.fighter/shadow/fire/d05_f00.png'
11:26.162  render           | Saved: '/Users/mohammedkalouti/Documents/Codex/2026-09-27/i/work/art/aircraft-final-production-v3/stage/assets/build/frames/unit.IR.fighter/beauty/fire/d05_f01.png'
11:26.645  render           | Saved: '/Users/mohammedkalouti/Documents/Codex/2026-09-27/i/work/art/aircraft-final-production-v3/stage/assets/build/frames/unit.IR.fighter/team/fire/d05_f01.png'
11:27.466  render           | Saved: '/Users/mohammedkalouti/Documents/Codex/2026-09-27/i/work/art/aircraft-final-production-v3/stage/assets/build/frames/unit.IR.fighter/shadow/fire/d05_f01.png'
11:28.018  render           | Saved: '/Users/mohammedkalouti/Documents/Codex/2026-09-27/i/work/art/aircraft-final-production-v3/stage/assets/build/frames/unit.IR.fighter/beauty/fire/d06_f00.png'
11:28.511  render           | Saved: '/Users/mohammedkalouti/Documents/Codex/2026-09-27/i/work/art/aircraft-final-production-v3/stage/assets/build/frames/unit.IR.fighter/team/fire/d06_f00.png'
11:29.331  render           | Saved: '/Users/mohammedkalouti/Documents/Codex/2026-09-27/i/work/art/aircraft-final-production-v3/stage/assets/build/frames/unit.IR.fighter/shadow/fire/d06_f00.png'
11:29.901  render           | Saved: '/Users/mohammedkalouti/Documents/Codex/2026-09-27/i/work/art/aircraft-final-production-v3/stage/assets/build/frames/unit.IR.fighter/beauty/fire/d06_f01.png'
11:30.401  render           | Saved: '/Users/mohammedkalouti/Documents/Codex/2026-09-27/i/work/art/aircraft-final-production-v3/stage/assets/build/frames/unit.IR.fighter/team/fire/d06_f01.png'
11:31.256  render           | Saved: '/Users/mohammedkalouti/Documents/Codex/2026-09-27/i/work/art/aircraft-final-production-v3/stage/assets/build/frames/unit.IR.fighter/shadow/fire/d06_f01.png'
11:31.818  render           | Saved: '/Users/mohammedkalouti/Documents/Codex/2026-09-27/i/work/art/aircraft-final-production-v3/stage/assets/build/frames/unit.IR.fighter/beauty/fire/d07_f00.png'
11:32.309  render           | Saved: '/Users/mohammedkalouti/Documents/Codex/2026-09-27/i/work/art/aircraft-final-production-v3/stage/assets/build/frames/unit.IR.fighter/team/fire/d07_f00.png'
11:33.171  render           | Saved: '/Users/mohammedkalouti/Documents/Codex/2026-09-27/i/work/art/aircraft-final-production-v3/stage/assets/build/frames/unit.IR.fighter/shadow/fire/d07_f00.png'
11:33.753  render           | Saved: '/Users/mohammedkalouti/Documents/Codex/2026-09-27/i/work/art/aircraft-final-production-v3/stage/assets/build/frames/unit.IR.fighter/beauty/fire/d07_f01.png'
11:34.252  render           | Saved: '/Users/mohammedkalouti/Documents/Codex/2026-09-27/i/work/art/aircraft-final-production-v3/stage/assets/build/frames/unit.IR.fighter/team/fire/d07_f01.png'
11:35.067  render           | Saved: '/Users/mohammedkalouti/Documents/Codex/2026-09-27/i/work/art/aircraft-final-production-v3/stage/assets/build/frames/unit.IR.fighter/shadow/fire/d07_f01.png'
11:35.629  render           | Saved: '/Users/mohammedkalouti/Documents/Codex/2026-09-27/i/work/art/aircraft-final-production-v3/stage/assets/build/frames/unit.IR.fighter/beauty/fire/d08_f00.png'
11:36.143  render           | Saved: '/Users/mohammedkalouti/Documents/Codex/2026-09-27/i/work/art/aircraft-final-production-v3/stage/assets/build/frames/unit.IR.fighter/team/fire/d08_f00.png'
11:36.947  render           | Saved: '/Users/mohammedkalouti/Documents/Codex/2026-09-27/i/work/art/aircraft-final-production-v3/stage/assets/build/frames/unit.IR.fighter/shadow/fire/d08_f00.png'
11:37.485  render           | Saved: '/Users/mohammedkalouti/Documents/Codex/2026-09-27/i/work/art/aircraft-final-production-v3/stage/assets/build/frames/unit.IR.fighter/beauty/fire/d08_f01.png'
11:37.967  render           | Saved: '/Users/mohammedkalouti/Documents/Codex/2026-09-27/i/work/art/aircraft-final-production-v3/stage/assets/build/frames/unit.IR.fighter/team/fire/d08_f01.png'
11:38.794  render           | Saved: '/Users/mohammedkalouti/Documents/Codex/2026-09-27/i/work/art/aircraft-final-production-v3/stage/assets/build/frames/unit.IR.fighter/shadow/fire/d08_f01.png'
11:39.363  render           | Saved: '/Users/mohammedkalouti/Documents/Codex/2026-09-27/i/work/art/aircraft-final-production-v3/stage/assets/build/frames/unit.IR.fighter/beauty/fire/d09_f00.png'
11:39.870  render           | Saved: '/Users/mohammedkalouti/Documents/Codex/2026-09-27/i/work/art/aircraft-final-production-v3/stage/assets/build/frames/unit.IR.fighter/team/fire/d09_f00.png'
11:40.687  render           | Saved: '/Users/mohammedkalouti/Documents/Codex/2026-09-27/i/work/art/aircraft-final-production-v3/stage/assets/build/frames/unit.IR.fighter/shadow/fire/d09_f00.png'
11:41.270  render           | Saved: '/Users/mohammedkalouti/Documents/Codex/2026-09-27/i/work/art/aircraft-final-production-v3/stage/assets/build/frames/unit.IR.fighter/beauty/fire/d09_f01.png'
11:41.747  render           | Saved: '/Users/mohammedkalouti/Documents/Codex/2026-09-27/i/work/art/aircraft-final-production-v3/stage/assets/build/frames/unit.IR.fighter/team/fire/d09_f01.png'
11:42.572  render           | Saved: '/Users/mohammedkalouti/Documents/Codex/2026-09-27/i/work/art/aircraft-final-production-v3/stage/assets/build/frames/unit.IR.fighter/shadow/fire/d09_f01.png'
11:43.112  render           | Saved: '/Users/mohammedkalouti/Documents/Codex/2026-09-27/i/work/art/aircraft-final-production-v3/stage/assets/build/frames/unit.IR.fighter/beauty/fire/d10_f00.png'
11:43.595  render           | Saved: '/Users/mohammedkalouti/Documents/Codex/2026-09-27/i/work/art/aircraft-final-production-v3/stage/assets/build/frames/unit.IR.fighter/team/fire/d10_f00.png'
11:44.433  render           | Saved: '/Users/mohammedkalouti/Documents/Codex/2026-09-27/i/work/art/aircraft-final-production-v3/stage/assets/build/frames/unit.IR.fighter/shadow/fire/d10_f00.png'
11:44.983  render           | Saved: '/Users/mohammedkalouti/Documents/Codex/2026-09-27/i/work/art/aircraft-final-production-v3/stage/assets/build/frames/unit.IR.fighter/beauty/fire/d10_f01.png'
11:45.468  render           | Saved: '/Users/mohammedkalouti/Documents/Codex/2026-09-27/i/work/art/aircraft-final-production-v3/stage/assets/build/frames/unit.IR.fighter/team/fire/d10_f01.png'
11:46.293  render           | Saved: '/Users/mohammedkalouti/Documents/Codex/2026-09-27/i/work/art/aircraft-final-production-v3/stage/assets/build/frames/unit.IR.fighter/shadow/fire/d10_f01.png'
11:46.847  render           | Saved: '/Users/mohammedkalouti/Documents/Codex/2026-09-27/i/work/art/aircraft-final-production-v3/stage/assets/build/frames/unit.IR.fighter/beauty/fire/d11_f00.png'
11:47.342  render           | Saved: '/Users/mohammedkalouti/Documents/Codex/2026-09-27/i/work/art/aircraft-final-production-v3/stage/assets/build/frames/unit.IR.fighter/team/fire/d11_f00.png'
11:48.175  render           | Saved: '/Users/mohammedkalouti/Documents/Codex/2026-09-27/i/work/art/aircraft-final-production-v3/stage/assets/build/frames/unit.IR.fighter/shadow/fire/d11_f00.png'
11:48.749  render           | Saved: '/Users/mohammedkalouti/Documents/Codex/2026-09-27/i/work/art/aircraft-final-production-v3/stage/assets/build/frames/unit.IR.fighter/beauty/fire/d11_f01.png'
11:49.460  render           | Saved: '/Users/mohammedkalouti/Documents/Codex/2026-09-27/i/work/art/aircraft-final-production-v3/stage/assets/build/frames/unit.IR.fighter/team/fire/d11_f01.png'
11:50.415  render           | Saved: '/Users/mohammedkalouti/Documents/Codex/2026-09-27/i/work/art/aircraft-final-production-v3/stage/assets/build/frames/unit.IR.fighter/shadow/fire/d11_f01.png'
11:51.037  render           | Saved: '/Users/mohammedkalouti/Documents/Codex/2026-09-27/i/work/art/aircraft-final-production-v3/stage/assets/build/frames/unit.IR.fighter/beauty/fire/d12_f00.png'
11:51.545  render           | Saved: '/Users/mohammedkalouti/Documents/Codex/2026-09-27/i/work/art/aircraft-final-production-v3/stage/assets/build/frames/unit.IR.fighter/team/fire/d12_f00.png'
11:52.376  render           | Saved: '/Users/mohammedkalouti/Documents/Codex/2026-09-27/i/work/art/aircraft-final-production-v3/stage/assets/build/frames/unit.IR.fighter/shadow/fire/d12_f00.png'
11:52.954  render           | Saved: '/Users/mohammedkalouti/Documents/Codex/2026-09-27/i/work/art/aircraft-final-production-v3/stage/assets/build/frames/unit.IR.fighter/beauty/fire/d12_f01.png'
11:53.456  render           | Saved: '/Users/mohammedkalouti/Documents/Codex/2026-09-27/i/work/art/aircraft-final-production-v3/stage/assets/build/frames/unit.IR.fighter/team/fire/d12_f01.png'
11:54.295  render           | Saved: '/Users/mohammedkalouti/Documents/Codex/2026-09-27/i/work/art/aircraft-final-production-v3/stage/assets/build/frames/unit.IR.fighter/shadow/fire/d12_f01.png'
11:54.872  render           | Saved: '/Users/mohammedkalouti/Documents/Codex/2026-09-27/i/work/art/aircraft-final-production-v3/stage/assets/build/frames/unit.IR.fighter/beauty/fire/d13_f00.png'
11:55.394  render           | Saved: '/Users/mohammedkalouti/Documents/Codex/2026-09-27/i/work/art/aircraft-final-production-v3/stage/assets/build/frames/unit.IR.fighter/team/fire/d13_f00.png'
11:56.215  render           | Saved: '/Users/mohammedkalouti/Documents/Codex/2026-09-27/i/work/art/aircraft-final-production-v3/stage/assets/build/frames/unit.IR.fighter/shadow/fire/d13_f00.png'
11:56.831  render           | Saved: '/Users/mohammedkalouti/Documents/Codex/2026-09-27/i/work/art/aircraft-final-production-v3/stage/assets/build/frames/unit.IR.fighter/beauty/fire/d13_f01.png'
11:57.331  render           | Saved: '/Users/mohammedkalouti/Documents/Codex/2026-09-27/i/work/art/aircraft-final-production-v3/stage/assets/build/frames/unit.IR.fighter/team/fire/d13_f01.png'
11:58.171  render           | Saved: '/Users/mohammedkalouti/Documents/Codex/2026-09-27/i/work/art/aircraft-final-production-v3/stage/assets/build/frames/unit.IR.fighter/shadow/fire/d13_f01.png'
11:58.755  render           | Saved: '/Users/mohammedkalouti/Documents/Codex/2026-09-27/i/work/art/aircraft-final-production-v3/stage/assets/build/frames/unit.IR.fighter/beauty/fire/d14_f00.png'
11:59.260  render           | Saved: '/Users/mohammedkalouti/Documents/Codex/2026-09-27/i/work/art/aircraft-final-production-v3/stage/assets/build/frames/unit.IR.fighter/team/fire/d14_f00.png'
12:00.086  render           | Saved: '/Users/mohammedkalouti/Documents/Codex/2026-09-27/i/work/art/aircraft-final-production-v3/stage/assets/build/frames/unit.IR.fighter/shadow/fire/d14_f00.png'
12:00.664  render           | Saved: '/Users/mohammedkalouti/Documents/Codex/2026-09-27/i/work/art/aircraft-final-production-v3/stage/assets/build/frames/unit.IR.fighter/beauty/fire/d14_f01.png'
12:01.148  render           | Saved: '/Users/mohammedkalouti/Documents/Codex/2026-09-27/i/work/art/aircraft-final-production-v3/stage/assets/build/frames/unit.IR.fighter/team/fire/d14_f01.png'
12:02.027  render           | Saved: '/Users/mohammedkalouti/Documents/Codex/2026-09-27/i/work/art/aircraft-final-production-v3/stage/assets/build/frames/unit.IR.fighter/shadow/fire/d14_f01.png'
12:02.601  render           | Saved: '/Users/mohammedkalouti/Documents/Codex/2026-09-27/i/work/art/aircraft-final-production-v3/stage/assets/build/frames/unit.IR.fighter/beauty/fire/d15_f00.png'
12:03.084  render           | Saved: '/Users/mohammedkalouti/Documents/Codex/2026-09-27/i/work/art/aircraft-final-production-v3/stage/assets/build/frames/unit.IR.fighter/team/fire/d15_f00.png'
AGX: exceeded compiled variants footprint limit
12:03.898  render           | Saved: '/Users/mohammedkalouti/Documents/Codex/2026-09-27/i/work/art/aircraft-final-production-v3/stage/assets/build/frames/unit.IR.fighter/shadow/fire/d15_f00.png'
12:04.459  render           | Saved: '/Users/mohammedkalouti/Documents/Codex/2026-09-27/i/work/art/aircraft-final-production-v3/stage/assets/build/frames/unit.IR.fighter/beauty/fire/d15_f01.png'
12:04.948  render           | Saved: '/Users/mohammedkalouti/Documents/Codex/2026-09-27/i/work/art/aircraft-final-production-v3/stage/assets/build/frames/unit.IR.fighter/team/fire/d15_f01.png'
12:05.781  render           | Saved: '/Users/mohammedkalouti/Documents/Codex/2026-09-27/i/work/art/aircraft-final-production-v3/stage/assets/build/frames/unit.IR.fighter/shadow/fire/d15_f01.png'
12:06.324  render           | Saved: '/Users/mohammedkalouti/Documents/Codex/2026-09-27/i/work/art/aircraft-final-production-v3/stage/assets/build/frames/unit.IR.fighter/beauty/empty/d00_f00.png'
12:06.800  render           | Saved: '/Users/mohammedkalouti/Documents/Codex/2026-09-27/i/work/art/aircraft-final-production-v3/stage/assets/build/frames/unit.IR.fighter/team/empty/d00_f00.png'
12:07.613  render           | Saved: '/Users/mohammedkalouti/Documents/Codex/2026-09-27/i/work/art/aircraft-final-production-v3/stage/assets/build/frames/unit.IR.fighter/shadow/empty/d00_f00.png'
12:08.158  render           | Saved: '/Users/mohammedkalouti/Documents/Codex/2026-09-27/i/work/art/aircraft-final-production-v3/stage/assets/build/frames/unit.IR.fighter/beauty/empty/d00_f01.png'
12:08.642  render           | Saved: '/Users/mohammedkalouti/Documents/Codex/2026-09-27/i/work/art/aircraft-final-production-v3/stage/assets/build/frames/unit.IR.fighter/team/empty/d00_f01.png'
12:09.488  render           | Saved: '/Users/mohammedkalouti/Documents/Codex/2026-09-27/i/work/art/aircraft-final-production-v3/stage/assets/build/frames/unit.IR.fighter/shadow/empty/d00_f01.png'
12:10.031  render           | Saved: '/Users/mohammedkalouti/Documents/Codex/2026-09-27/i/work/art/aircraft-final-production-v3/stage/assets/build/frames/unit.IR.fighter/beauty/empty/d00_f02.png'
12:10.506  render           | Saved: '/Users/mohammedkalouti/Documents/Codex/2026-09-27/i/work/art/aircraft-final-production-v3/stage/assets/build/frames/unit.IR.fighter/team/empty/d00_f02.png'
12:11.346  render           | Saved: '/Users/mohammedkalouti/Documents/Codex/2026-09-27/i/work/art/aircraft-final-production-v3/stage/assets/build/frames/unit.IR.fighter/shadow/empty/d00_f02.png'
12:11.893  render           | Saved: '/Users/mohammedkalouti/Documents/Codex/2026-09-27/i/work/art/aircraft-final-production-v3/stage/assets/build/frames/unit.IR.fighter/beauty/empty/d01_f00.png'
12:12.372  render           | Saved: '/Users/mohammedkalouti/Documents/Codex/2026-09-27/i/work/art/aircraft-final-production-v3/stage/assets/build/frames/unit.IR.fighter/team/empty/d01_f00.png'
12:13.199  render           | Saved: '/Users/mohammedkalouti/Documents/Codex/2026-09-27/i/work/art/aircraft-final-production-v3/stage/assets/build/frames/unit.IR.fighter/shadow/empty/d01_f00.png'
12:13.738  render           | Saved: '/Users/mohammedkalouti/Documents/Codex/2026-09-27/i/work/art/aircraft-final-production-v3/stage/assets/build/frames/unit.IR.fighter/beauty/empty/d01_f01.png'
12:14.226  render           | Saved: '/Users/mohammedkalouti/Documents/Codex/2026-09-27/i/work/art/aircraft-final-production-v3/stage/assets/build/frames/unit.IR.fighter/team/empty/d01_f01.png'
12:15.043  render           | Saved: '/Users/mohammedkalouti/Documents/Codex/2026-09-27/i/work/art/aircraft-final-production-v3/stage/assets/build/frames/unit.IR.fighter/shadow/empty/d01_f01.png'
12:15.618  render           | Saved: '/Users/mohammedkalouti/Documents/Codex/2026-09-27/i/work/art/aircraft-final-production-v3/stage/assets/build/frames/unit.IR.fighter/beauty/empty/d01_f02.png'
12:16.128  render           | Saved: '/Users/mohammedkalouti/Documents/Codex/2026-09-27/i/work/art/aircraft-final-production-v3/stage/assets/build/frames/unit.IR.fighter/team/empty/d01_f02.png'
12:16.977  render           | Saved: '/Users/mohammedkalouti/Documents/Codex/2026-09-27/i/work/art/aircraft-final-production-v3/stage/assets/build/frames/unit.IR.fighter/shadow/empty/d01_f02.png'
12:17.547  render           | Saved: '/Users/mohammedkalouti/Documents/Codex/2026-09-27/i/work/art/aircraft-final-production-v3/stage/assets/build/frames/unit.IR.fighter/beauty/empty/d02_f00.png'
12:18.039  render           | Saved: '/Users/mohammedkalouti/Documents/Codex/2026-09-27/i/work/art/aircraft-final-production-v3/stage/assets/build/frames/unit.IR.fighter/team/empty/d02_f00.png'
12:19.005  render           | Saved: '/Users/mohammedkalouti/Documents/Codex/2026-09-27/i/work/art/aircraft-final-production-v3/stage/assets/build/frames/unit.IR.fighter/shadow/empty/d02_f00.png'
12:19.620  render           | Saved: '/Users/mohammedkalouti/Documents/Codex/2026-09-27/i/work/art/aircraft-final-production-v3/stage/assets/build/frames/unit.IR.fighter/beauty/empty/d02_f01.png'
12:20.262  render           | Saved: '/Users/mohammedkalouti/Documents/Codex/2026-09-27/i/work/art/aircraft-final-production-v3/stage/assets/build/frames/unit.IR.fighter/team/empty/d02_f01.png'
12:21.250  render           | Saved: '/Users/mohammedkalouti/Documents/Codex/2026-09-27/i/work/art/aircraft-final-production-v3/stage/assets/build/frames/unit.IR.fighter/shadow/empty/d02_f01.png'
12:21.837  render           | Saved: '/Users/mohammedkalouti/Documents/Codex/2026-09-27/i/work/art/aircraft-final-production-v3/stage/assets/build/frames/unit.IR.fighter/beauty/empty/d02_f02.png'
12:22.363  render           | Saved: '/Users/mohammedkalouti/Documents/Codex/2026-09-27/i/work/art/aircraft-final-production-v3/stage/assets/build/frames/unit.IR.fighter/team/empty/d02_f02.png'
12:23.267  render           | Saved: '/Users/mohammedkalouti/Documents/Codex/2026-09-27/i/work/art/aircraft-final-production-v3/stage/assets/build/frames/unit.IR.fighter/shadow/empty/d02_f02.png'
12:23.842  render           | Saved: '/Users/mohammedkalouti/Documents/Codex/2026-09-27/i/work/art/aircraft-final-production-v3/stage/assets/build/frames/unit.IR.fighter/beauty/empty/d03_f00.png'
12:24.340  render           | Saved: '/Users/mohammedkalouti/Documents/Codex/2026-09-27/i/work/art/aircraft-final-production-v3/stage/assets/build/frames/unit.IR.fighter/team/empty/d03_f00.png'
12:25.146  render           | Saved: '/Users/mohammedkalouti/Documents/Codex/2026-09-27/i/work/art/aircraft-final-production-v3/stage/assets/build/frames/unit.IR.fighter/shadow/empty/d03_f00.png'
12:25.733  render           | Saved: '/Users/mohammedkalouti/Documents/Codex/2026-09-27/i/work/art/aircraft-final-production-v3/stage/assets/build/frames/unit.IR.fighter/beauty/empty/d03_f01.png'
12:26.227  render           | Saved: '/Users/mohammedkalouti/Documents/Codex/2026-09-27/i/work/art/aircraft-final-production-v3/stage/assets/build/frames/unit.IR.fighter/team/empty/d03_f01.png'
12:27.047  render           | Saved: '/Users/mohammedkalouti/Documents/Codex/2026-09-27/i/work/art/aircraft-final-production-v3/stage/assets/build/frames/unit.IR.fighter/shadow/empty/d03_f01.png'
12:27.619  render           | Saved: '/Users/mohammedkalouti/Documents/Codex/2026-09-27/i/work/art/aircraft-final-production-v3/stage/assets/build/frames/unit.IR.fighter/beauty/empty/d03_f02.png'
12:28.112  render           | Saved: '/Users/mohammedkalouti/Documents/Codex/2026-09-27/i/work/art/aircraft-final-production-v3/stage/assets/build/frames/unit.IR.fighter/team/empty/d03_f02.png'
12:28.966  render           | Saved: '/Users/mohammedkalouti/Documents/Codex/2026-09-27/i/work/art/aircraft-final-production-v3/stage/assets/build/frames/unit.IR.fighter/shadow/empty/d03_f02.png'
12:29.526  render           | Saved: '/Users/mohammedkalouti/Documents/Codex/2026-09-27/i/work/art/aircraft-final-production-v3/stage/assets/build/frames/unit.IR.fighter/beauty/empty/d04_f00.png'
12:30.004  render           | Saved: '/Users/mohammedkalouti/Documents/Codex/2026-09-27/i/work/art/aircraft-final-production-v3/stage/assets/build/frames/unit.IR.fighter/team/empty/d04_f00.png'
12:30.870  render           | Saved: '/Users/mohammedkalouti/Documents/Codex/2026-09-27/i/work/art/aircraft-final-production-v3/stage/assets/build/frames/unit.IR.fighter/shadow/empty/d04_f00.png'
12:31.519  render           | Saved: '/Users/mohammedkalouti/Documents/Codex/2026-09-27/i/work/art/aircraft-final-production-v3/stage/assets/build/frames/unit.IR.fighter/beauty/empty/d04_f01.png'
12:32.016  render           | Saved: '/Users/mohammedkalouti/Documents/Codex/2026-09-27/i/work/art/aircraft-final-production-v3/stage/assets/build/frames/unit.IR.fighter/team/empty/d04_f01.png'
12:32.848  render           | Saved: '/Users/mohammedkalouti/Documents/Codex/2026-09-27/i/work/art/aircraft-final-production-v3/stage/assets/build/frames/unit.IR.fighter/shadow/empty/d04_f01.png'
12:33.404  render           | Saved: '/Users/mohammedkalouti/Documents/Codex/2026-09-27/i/work/art/aircraft-final-production-v3/stage/assets/build/frames/unit.IR.fighter/beauty/empty/d04_f02.png'
12:33.902  render           | Saved: '/Users/mohammedkalouti/Documents/Codex/2026-09-27/i/work/art/aircraft-final-production-v3/stage/assets/build/frames/unit.IR.fighter/team/empty/d04_f02.png'
12:34.690  render           | Saved: '/Users/mohammedkalouti/Documents/Codex/2026-09-27/i/work/art/aircraft-final-production-v3/stage/assets/build/frames/unit.IR.fighter/shadow/empty/d04_f02.png'
12:35.231  render           | Saved: '/Users/mohammedkalouti/Documents/Codex/2026-09-27/i/work/art/aircraft-final-production-v3/stage/assets/build/frames/unit.IR.fighter/beauty/empty/d05_f00.png'
12:35.708  render           | Saved: '/Users/mohammedkalouti/Documents/Codex/2026-09-27/i/work/art/aircraft-final-production-v3/stage/assets/build/frames/unit.IR.fighter/team/empty/d05_f00.png'
12:36.533  render           | Saved: '/Users/mohammedkalouti/Documents/Codex/2026-09-27/i/work/art/aircraft-final-production-v3/stage/assets/build/frames/unit.IR.fighter/shadow/empty/d05_f00.png'
12:37.086  render           | Saved: '/Users/mohammedkalouti/Documents/Codex/2026-09-27/i/work/art/aircraft-final-production-v3/stage/assets/build/frames/unit.IR.fighter/beauty/empty/d05_f01.png'
12:37.580  render           | Saved: '/Users/mohammedkalouti/Documents/Codex/2026-09-27/i/work/art/aircraft-final-production-v3/stage/assets/build/frames/unit.IR.fighter/team/empty/d05_f01.png'
12:38.414  render           | Saved: '/Users/mohammedkalouti/Documents/Codex/2026-09-27/i/work/art/aircraft-final-production-v3/stage/assets/build/frames/unit.IR.fighter/shadow/empty/d05_f01.png'
12:38.979  render           | Saved: '/Users/mohammedkalouti/Documents/Codex/2026-09-27/i/work/art/aircraft-final-production-v3/stage/assets/build/frames/unit.IR.fighter/beauty/empty/d05_f02.png'
12:39.460  render           | Saved: '/Users/mohammedkalouti/Documents/Codex/2026-09-27/i/work/art/aircraft-final-production-v3/stage/assets/build/frames/unit.IR.fighter/team/empty/d05_f02.png'
12:40.278  render           | Saved: '/Users/mohammedkalouti/Documents/Codex/2026-09-27/i/work/art/aircraft-final-production-v3/stage/assets/build/frames/unit.IR.fighter/shadow/empty/d05_f02.png'
12:40.828  render           | Saved: '/Users/mohammedkalouti/Documents/Codex/2026-09-27/i/work/art/aircraft-final-production-v3/stage/assets/build/frames/unit.IR.fighter/beauty/empty/d06_f00.png'
12:41.334  render           | Saved: '/Users/mohammedkalouti/Documents/Codex/2026-09-27/i/work/art/aircraft-final-production-v3/stage/assets/build/frames/unit.IR.fighter/team/empty/d06_f00.png'
12:42.146  render           | Saved: '/Users/mohammedkalouti/Documents/Codex/2026-09-27/i/work/art/aircraft-final-production-v3/stage/assets/build/frames/unit.IR.fighter/shadow/empty/d06_f00.png'
12:42.747  render           | Saved: '/Users/mohammedkalouti/Documents/Codex/2026-09-27/i/work/art/aircraft-final-production-v3/stage/assets/build/frames/unit.IR.fighter/beauty/empty/d06_f01.png'
12:43.234  render           | Saved: '/Users/mohammedkalouti/Documents/Codex/2026-09-27/i/work/art/aircraft-final-production-v3/stage/assets/build/frames/unit.IR.fighter/team/empty/d06_f01.png'
12:44.049  render           | Saved: '/Users/mohammedkalouti/Documents/Codex/2026-09-27/i/work/art/aircraft-final-production-v3/stage/assets/build/frames/unit.IR.fighter/shadow/empty/d06_f01.png'
12:44.590  render           | Saved: '/Users/mohammedkalouti/Documents/Codex/2026-09-27/i/work/art/aircraft-final-production-v3/stage/assets/build/frames/unit.IR.fighter/beauty/empty/d06_f02.png'
12:45.088  render           | Saved: '/Users/mohammedkalouti/Documents/Codex/2026-09-27/i/work/art/aircraft-final-production-v3/stage/assets/build/frames/unit.IR.fighter/team/empty/d06_f02.png'
12:45.909  render           | Saved: '/Users/mohammedkalouti/Documents/Codex/2026-09-27/i/work/art/aircraft-final-production-v3/stage/assets/build/frames/unit.IR.fighter/shadow/empty/d06_f02.png'
12:46.464  render           | Saved: '/Users/mohammedkalouti/Documents/Codex/2026-09-27/i/work/art/aircraft-final-production-v3/stage/assets/build/frames/unit.IR.fighter/beauty/empty/d07_f00.png'
12:46.957  render           | Saved: '/Users/mohammedkalouti/Documents/Codex/2026-09-27/i/work/art/aircraft-final-production-v3/stage/assets/build/frames/unit.IR.fighter/team/empty/d07_f00.png'
12:47.753  render           | Saved: '/Users/mohammedkalouti/Documents/Codex/2026-09-27/i/work/art/aircraft-final-production-v3/stage/assets/build/frames/unit.IR.fighter/shadow/empty/d07_f00.png'
12:48.320  render           | Saved: '/Users/mohammedkalouti/Documents/Codex/2026-09-27/i/work/art/aircraft-final-production-v3/stage/assets/build/frames/unit.IR.fighter/beauty/empty/d07_f01.png'
12:48.793  render           | Saved: '/Users/mohammedkalouti/Documents/Codex/2026-09-27/i/work/art/aircraft-final-production-v3/stage/assets/build/frames/unit.IR.fighter/team/empty/d07_f01.png'
12:49.596  render           | Saved: '/Users/mohammedkalouti/Documents/Codex/2026-09-27/i/work/art/aircraft-final-production-v3/stage/assets/build/frames/unit.IR.fighter/shadow/empty/d07_f01.png'
12:50.142  render           | Saved: '/Users/mohammedkalouti/Documents/Codex/2026-09-27/i/work/art/aircraft-final-production-v3/stage/assets/build/frames/unit.IR.fighter/beauty/empty/d07_f02.png'
12:50.626  render           | Saved: '/Users/mohammedkalouti/Documents/Codex/2026-09-27/i/work/art/aircraft-final-production-v3/stage/assets/build/frames/unit.IR.fighter/team/empty/d07_f02.png'
12:51.432  render           | Saved: '/Users/mohammedkalouti/Documents/Codex/2026-09-27/i/work/art/aircraft-final-production-v3/stage/assets/build/frames/unit.IR.fighter/shadow/empty/d07_f02.png'
12:51.973  render           | Saved: '/Users/mohammedkalouti/Documents/Codex/2026-09-27/i/work/art/aircraft-final-production-v3/stage/assets/build/frames/unit.IR.fighter/beauty/empty/d08_f00.png'
12:52.469  render           | Saved: '/Users/mohammedkalouti/Documents/Codex/2026-09-27/i/work/art/aircraft-final-production-v3/stage/assets/build/frames/unit.IR.fighter/team/empty/d08_f00.png'
12:53.302  render           | Saved: '/Users/mohammedkalouti/Documents/Codex/2026-09-27/i/work/art/aircraft-final-production-v3/stage/assets/build/frames/unit.IR.fighter/shadow/empty/d08_f00.png'
12:53.852  render           | Saved: '/Users/mohammedkalouti/Documents/Codex/2026-09-27/i/work/art/aircraft-final-production-v3/stage/assets/build/frames/unit.IR.fighter/beauty/empty/d08_f01.png'
12:54.324  render           | Saved: '/Users/mohammedkalouti/Documents/Codex/2026-09-27/i/work/art/aircraft-final-production-v3/stage/assets/build/frames/unit.IR.fighter/team/empty/d08_f01.png'
12:55.144  render           | Saved: '/Users/mohammedkalouti/Documents/Codex/2026-09-27/i/work/art/aircraft-final-production-v3/stage/assets/build/frames/unit.IR.fighter/shadow/empty/d08_f01.png'
12:55.687  render           | Saved: '/Users/mohammedkalouti/Documents/Codex/2026-09-27/i/work/art/aircraft-final-production-v3/stage/assets/build/frames/unit.IR.fighter/beauty/empty/d08_f02.png'
12:56.180  render           | Saved: '/Users/mohammedkalouti/Documents/Codex/2026-09-27/i/work/art/aircraft-final-production-v3/stage/assets/build/frames/unit.IR.fighter/team/empty/d08_f02.png'
12:56.976  render           | Saved: '/Users/mohammedkalouti/Documents/Codex/2026-09-27/i/work/art/aircraft-final-production-v3/stage/assets/build/frames/unit.IR.fighter/shadow/empty/d08_f02.png'
12:57.531  render           | Saved: '/Users/mohammedkalouti/Documents/Codex/2026-09-27/i/work/art/aircraft-final-production-v3/stage/assets/build/frames/unit.IR.fighter/beauty/empty/d09_f00.png'
12:58.012  render           | Saved: '/Users/mohammedkalouti/Documents/Codex/2026-09-27/i/work/art/aircraft-final-production-v3/stage/assets/build/frames/unit.IR.fighter/team/empty/d09_f00.png'
12:58.836  render           | Saved: '/Users/mohammedkalouti/Documents/Codex/2026-09-27/i/work/art/aircraft-final-production-v3/stage/assets/build/frames/unit.IR.fighter/shadow/empty/d09_f00.png'
12:59.388  render           | Saved: '/Users/mohammedkalouti/Documents/Codex/2026-09-27/i/work/art/aircraft-final-production-v3/stage/assets/build/frames/unit.IR.fighter/beauty/empty/d09_f01.png'
12:59.883  render           | Saved: '/Users/mohammedkalouti/Documents/Codex/2026-09-27/i/work/art/aircraft-final-production-v3/stage/assets/build/frames/unit.IR.fighter/team/empty/d09_f01.png'
13:00.683  render           | Saved: '/Users/mohammedkalouti/Documents/Codex/2026-09-27/i/work/art/aircraft-final-production-v3/stage/assets/build/frames/unit.IR.fighter/shadow/empty/d09_f01.png'
13:01.236  render           | Saved: '/Users/mohammedkalouti/Documents/Codex/2026-09-27/i/work/art/aircraft-final-production-v3/stage/assets/build/frames/unit.IR.fighter/beauty/empty/d09_f02.png'
13:01.717  render           | Saved: '/Users/mohammedkalouti/Documents/Codex/2026-09-27/i/work/art/aircraft-final-production-v3/stage/assets/build/frames/unit.IR.fighter/team/empty/d09_f02.png'
13:02.537  render           | Saved: '/Users/mohammedkalouti/Documents/Codex/2026-09-27/i/work/art/aircraft-final-production-v3/stage/assets/build/frames/unit.IR.fighter/shadow/empty/d09_f02.png'
13:03.097  render           | Saved: '/Users/mohammedkalouti/Documents/Codex/2026-09-27/i/work/art/aircraft-final-production-v3/stage/assets/build/frames/unit.IR.fighter/beauty/empty/d10_f00.png'
13:03.568  render           | Saved: '/Users/mohammedkalouti/Documents/Codex/2026-09-27/i/work/art/aircraft-final-production-v3/stage/assets/build/frames/unit.IR.fighter/team/empty/d10_f00.png'
13:04.383  render           | Saved: '/Users/mohammedkalouti/Documents/Codex/2026-09-27/i/work/art/aircraft-final-production-v3/stage/assets/build/frames/unit.IR.fighter/shadow/empty/d10_f00.png'
13:04.960  render           | Saved: '/Users/mohammedkalouti/Documents/Codex/2026-09-27/i/work/art/aircraft-final-production-v3/stage/assets/build/frames/unit.IR.fighter/beauty/empty/d10_f01.png'
13:05.491  render           | Saved: '/Users/mohammedkalouti/Documents/Codex/2026-09-27/i/work/art/aircraft-final-production-v3/stage/assets/build/frames/unit.IR.fighter/team/empty/d10_f01.png'
13:06.471  render           | Saved: '/Users/mohammedkalouti/Documents/Codex/2026-09-27/i/work/art/aircraft-final-production-v3/stage/assets/build/frames/unit.IR.fighter/shadow/empty/d10_f01.png'
13:07.067  render           | Saved: '/Users/mohammedkalouti/Documents/Codex/2026-09-27/i/work/art/aircraft-final-production-v3/stage/assets/build/frames/unit.IR.fighter/beauty/empty/d10_f02.png'
13:07.565  render           | Saved: '/Users/mohammedkalouti/Documents/Codex/2026-09-27/i/work/art/aircraft-final-production-v3/stage/assets/build/frames/unit.IR.fighter/team/empty/d10_f02.png'
13:08.409  render           | Saved: '/Users/mohammedkalouti/Documents/Codex/2026-09-27/i/work/art/aircraft-final-production-v3/stage/assets/build/frames/unit.IR.fighter/shadow/empty/d10_f02.png'
13:08.996  render           | Saved: '/Users/mohammedkalouti/Documents/Codex/2026-09-27/i/work/art/aircraft-final-production-v3/stage/assets/build/frames/unit.IR.fighter/beauty/empty/d11_f00.png'
13:09.533  render           | Saved: '/Users/mohammedkalouti/Documents/Codex/2026-09-27/i/work/art/aircraft-final-production-v3/stage/assets/build/frames/unit.IR.fighter/team/empty/d11_f00.png'
13:10.390  render           | Saved: '/Users/mohammedkalouti/Documents/Codex/2026-09-27/i/work/art/aircraft-final-production-v3/stage/assets/build/frames/unit.IR.fighter/shadow/empty/d11_f00.png'
13:10.950  render           | Saved: '/Users/mohammedkalouti/Documents/Codex/2026-09-27/i/work/art/aircraft-final-production-v3/stage/assets/build/frames/unit.IR.fighter/beauty/empty/d11_f01.png'
13:11.442  render           | Saved: '/Users/mohammedkalouti/Documents/Codex/2026-09-27/i/work/art/aircraft-final-production-v3/stage/assets/build/frames/unit.IR.fighter/team/empty/d11_f01.png'
13:12.263  render           | Saved: '/Users/mohammedkalouti/Documents/Codex/2026-09-27/i/work/art/aircraft-final-production-v3/stage/assets/build/frames/unit.IR.fighter/shadow/empty/d11_f01.png'
13:12.822  render           | Saved: '/Users/mohammedkalouti/Documents/Codex/2026-09-27/i/work/art/aircraft-final-production-v3/stage/assets/build/frames/unit.IR.fighter/beauty/empty/d11_f02.png'
13:13.362  render           | Saved: '/Users/mohammedkalouti/Documents/Codex/2026-09-27/i/work/art/aircraft-final-production-v3/stage/assets/build/frames/unit.IR.fighter/team/empty/d11_f02.png'
13:14.278  render           | Saved: '/Users/mohammedkalouti/Documents/Codex/2026-09-27/i/work/art/aircraft-final-production-v3/stage/assets/build/frames/unit.IR.fighter/shadow/empty/d11_f02.png'
13:14.874  render           | Saved: '/Users/mohammedkalouti/Documents/Codex/2026-09-27/i/work/art/aircraft-final-production-v3/stage/assets/build/frames/unit.IR.fighter/beauty/empty/d12_f00.png'
13:15.371  render           | Saved: '/Users/mohammedkalouti/Documents/Codex/2026-09-27/i/work/art/aircraft-final-production-v3/stage/assets/build/frames/unit.IR.fighter/team/empty/d12_f00.png'
13:16.218  render           | Saved: '/Users/mohammedkalouti/Documents/Codex/2026-09-27/i/work/art/aircraft-final-production-v3/stage/assets/build/frames/unit.IR.fighter/shadow/empty/d12_f00.png'
13:16.776  render           | Saved: '/Users/mohammedkalouti/Documents/Codex/2026-09-27/i/work/art/aircraft-final-production-v3/stage/assets/build/frames/unit.IR.fighter/beauty/empty/d12_f01.png'
13:17.257  render           | Saved: '/Users/mohammedkalouti/Documents/Codex/2026-09-27/i/work/art/aircraft-final-production-v3/stage/assets/build/frames/unit.IR.fighter/team/empty/d12_f01.png'
13:18.126  render           | Saved: '/Users/mohammedkalouti/Documents/Codex/2026-09-27/i/work/art/aircraft-final-production-v3/stage/assets/build/frames/unit.IR.fighter/shadow/empty/d12_f01.png'
13:18.682  render           | Saved: '/Users/mohammedkalouti/Documents/Codex/2026-09-27/i/work/art/aircraft-final-production-v3/stage/assets/build/frames/unit.IR.fighter/beauty/empty/d12_f02.png'
13:19.168  render           | Saved: '/Users/mohammedkalouti/Documents/Codex/2026-09-27/i/work/art/aircraft-final-production-v3/stage/assets/build/frames/unit.IR.fighter/team/empty/d12_f02.png'
13:19.989  render           | Saved: '/Users/mohammedkalouti/Documents/Codex/2026-09-27/i/work/art/aircraft-final-production-v3/stage/assets/build/frames/unit.IR.fighter/shadow/empty/d12_f02.png'
13:20.547  render           | Saved: '/Users/mohammedkalouti/Documents/Codex/2026-09-27/i/work/art/aircraft-final-production-v3/stage/assets/build/frames/unit.IR.fighter/beauty/empty/d13_f00.png'
13:21.064  render           | Saved: '/Users/mohammedkalouti/Documents/Codex/2026-09-27/i/work/art/aircraft-final-production-v3/stage/assets/build/frames/unit.IR.fighter/team/empty/d13_f00.png'
13:21.910  render           | Saved: '/Users/mohammedkalouti/Documents/Codex/2026-09-27/i/work/art/aircraft-final-production-v3/stage/assets/build/frames/unit.IR.fighter/shadow/empty/d13_f00.png'
13:22.457  render           | Saved: '/Users/mohammedkalouti/Documents/Codex/2026-09-27/i/work/art/aircraft-final-production-v3/stage/assets/build/frames/unit.IR.fighter/beauty/empty/d13_f01.png'
13:22.933  render           | Saved: '/Users/mohammedkalouti/Documents/Codex/2026-09-27/i/work/art/aircraft-final-production-v3/stage/assets/build/frames/unit.IR.fighter/team/empty/d13_f01.png'
13:23.742  render           | Saved: '/Users/mohammedkalouti/Documents/Codex/2026-09-27/i/work/art/aircraft-final-production-v3/stage/assets/build/frames/unit.IR.fighter/shadow/empty/d13_f01.png'
13:24.292  render           | Saved: '/Users/mohammedkalouti/Documents/Codex/2026-09-27/i/work/art/aircraft-final-production-v3/stage/assets/build/frames/unit.IR.fighter/beauty/empty/d13_f02.png'
13:24.762  render           | Saved: '/Users/mohammedkalouti/Documents/Codex/2026-09-27/i/work/art/aircraft-final-production-v3/stage/assets/build/frames/unit.IR.fighter/team/empty/d13_f02.png'
13:25.566  render           | Saved: '/Users/mohammedkalouti/Documents/Codex/2026-09-27/i/work/art/aircraft-final-production-v3/stage/assets/build/frames/unit.IR.fighter/shadow/empty/d13_f02.png'
13:26.112  render           | Saved: '/Users/mohammedkalouti/Documents/Codex/2026-09-27/i/work/art/aircraft-final-production-v3/stage/assets/build/frames/unit.IR.fighter/beauty/empty/d14_f00.png'
13:26.621  render           | Saved: '/Users/mohammedkalouti/Documents/Codex/2026-09-27/i/work/art/aircraft-final-production-v3/stage/assets/build/frames/unit.IR.fighter/team/empty/d14_f00.png'
13:27.426  render           | Saved: '/Users/mohammedkalouti/Documents/Codex/2026-09-27/i/work/art/aircraft-final-production-v3/stage/assets/build/frames/unit.IR.fighter/shadow/empty/d14_f00.png'
13:27.963  render           | Saved: '/Users/mohammedkalouti/Documents/Codex/2026-09-27/i/work/art/aircraft-final-production-v3/stage/assets/build/frames/unit.IR.fighter/beauty/empty/d14_f01.png'
13:28.457  render           | Saved: '/Users/mohammedkalouti/Documents/Codex/2026-09-27/i/work/art/aircraft-final-production-v3/stage/assets/build/frames/unit.IR.fighter/team/empty/d14_f01.png'
13:29.257  render           | Saved: '/Users/mohammedkalouti/Documents/Codex/2026-09-27/i/work/art/aircraft-final-production-v3/stage/assets/build/frames/unit.IR.fighter/shadow/empty/d14_f01.png'
13:29.804  render           | Saved: '/Users/mohammedkalouti/Documents/Codex/2026-09-27/i/work/art/aircraft-final-production-v3/stage/assets/build/frames/unit.IR.fighter/beauty/empty/d14_f02.png'
13:30.316  render           | Saved: '/Users/mohammedkalouti/Documents/Codex/2026-09-27/i/work/art/aircraft-final-production-v3/stage/assets/build/frames/unit.IR.fighter/team/empty/d14_f02.png'
13:31.136  render           | Saved: '/Users/mohammedkalouti/Documents/Codex/2026-09-27/i/work/art/aircraft-final-production-v3/stage/assets/build/frames/unit.IR.fighter/shadow/empty/d14_f02.png'
13:31.670  render           | Saved: '/Users/mohammedkalouti/Documents/Codex/2026-09-27/i/work/art/aircraft-final-production-v3/stage/assets/build/frames/unit.IR.fighter/beauty/empty/d15_f00.png'
13:32.156  render           | Saved: '/Users/mohammedkalouti/Documents/Codex/2026-09-27/i/work/art/aircraft-final-production-v3/stage/assets/build/frames/unit.IR.fighter/team/empty/d15_f00.png'
13:32.971  render           | Saved: '/Users/mohammedkalouti/Documents/Codex/2026-09-27/i/work/art/aircraft-final-production-v3/stage/assets/build/frames/unit.IR.fighter/shadow/empty/d15_f00.png'
13:33.508  render           | Saved: '/Users/mohammedkalouti/Documents/Codex/2026-09-27/i/work/art/aircraft-final-production-v3/stage/assets/build/frames/unit.IR.fighter/beauty/empty/d15_f01.png'
13:33.982  render           | Saved: '/Users/mohammedkalouti/Documents/Codex/2026-09-27/i/work/art/aircraft-final-production-v3/stage/assets/build/frames/unit.IR.fighter/team/empty/d15_f01.png'
13:34.798  render           | Saved: '/Users/mohammedkalouti/Documents/Codex/2026-09-27/i/work/art/aircraft-final-production-v3/stage/assets/build/frames/unit.IR.fighter/shadow/empty/d15_f01.png'
13:35.350  render           | Saved: '/Users/mohammedkalouti/Documents/Codex/2026-09-27/i/work/art/aircraft-final-production-v3/stage/assets/build/frames/unit.IR.fighter/beauty/empty/d15_f02.png'
13:35.827  render           | Saved: '/Users/mohammedkalouti/Documents/Codex/2026-09-27/i/work/art/aircraft-final-production-v3/stage/assets/build/frames/unit.IR.fighter/team/empty/d15_f02.png'
13:36.648  render           | Saved: '/Users/mohammedkalouti/Documents/Codex/2026-09-27/i/work/art/aircraft-final-production-v3/stage/assets/build/frames/unit.IR.fighter/shadow/empty/d15_f02.png'
13:37.226  render           | Saved: '/Users/mohammedkalouti/Documents/Codex/2026-09-27/i/work/art/aircraft-final-production-v3/stage/assets/build/frames/unit.IR.fighter/beauty/rearm/d00_f00.png'
13:37.718  render           | Saved: '/Users/mohammedkalouti/Documents/Codex/2026-09-27/i/work/art/aircraft-final-production-v3/stage/assets/build/frames/unit.IR.fighter/team/rearm/d00_f00.png'
13:38.719  render           | Saved: '/Users/mohammedkalouti/Documents/Codex/2026-09-27/i/work/art/aircraft-final-production-v3/stage/assets/build/frames/unit.IR.fighter/shadow/rearm/d00_f00.png'
13:39.443  render           | Saved: '/Users/mohammedkalouti/Documents/Codex/2026-09-27/i/work/art/aircraft-final-production-v3/stage/assets/build/frames/unit.IR.fighter/beauty/rearm/d00_f01.png'
13:40.636  render           | Saved: '/Users/mohammedkalouti/Documents/Codex/2026-09-27/i/work/art/aircraft-final-production-v3/stage/assets/build/frames/unit.IR.fighter/team/rearm/d00_f01.png'
13:41.953  render           | Saved: '/Users/mohammedkalouti/Documents/Codex/2026-09-27/i/work/art/aircraft-final-production-v3/stage/assets/build/frames/unit.IR.fighter/shadow/rearm/d00_f01.png'
13:42.578  render           | Saved: '/Users/mohammedkalouti/Documents/Codex/2026-09-27/i/work/art/aircraft-final-production-v3/stage/assets/build/frames/unit.IR.fighter/beauty/rearm/d00_f02.png'
13:43.089  render           | Saved: '/Users/mohammedkalouti/Documents/Codex/2026-09-27/i/work/art/aircraft-final-production-v3/stage/assets/build/frames/unit.IR.fighter/team/rearm/d00_f02.png'
13:44.034  render           | Saved: '/Users/mohammedkalouti/Documents/Codex/2026-09-27/i/work/art/aircraft-final-production-v3/stage/assets/build/frames/unit.IR.fighter/shadow/rearm/d00_f02.png'
13:44.608  render           | Saved: '/Users/mohammedkalouti/Documents/Codex/2026-09-27/i/work/art/aircraft-final-production-v3/stage/assets/build/frames/unit.IR.fighter/beauty/rearm/d00_f03.png'
13:45.121  render           | Saved: '/Users/mohammedkalouti/Documents/Codex/2026-09-27/i/work/art/aircraft-final-production-v3/stage/assets/build/frames/unit.IR.fighter/team/rearm/d00_f03.png'
13:46.032  render           | Saved: '/Users/mohammedkalouti/Documents/Codex/2026-09-27/i/work/art/aircraft-final-production-v3/stage/assets/build/frames/unit.IR.fighter/shadow/rearm/d00_f03.png'
13:46.607  render           | Saved: '/Users/mohammedkalouti/Documents/Codex/2026-09-27/i/work/art/aircraft-final-production-v3/stage/assets/build/frames/unit.IR.fighter/beauty/rearm/d00_f04.png'
13:47.106  render           | Saved: '/Users/mohammedkalouti/Documents/Codex/2026-09-27/i/work/art/aircraft-final-production-v3/stage/assets/build/frames/unit.IR.fighter/team/rearm/d00_f04.png'
13:48.010  render           | Saved: '/Users/mohammedkalouti/Documents/Codex/2026-09-27/i/work/art/aircraft-final-production-v3/stage/assets/build/frames/unit.IR.fighter/shadow/rearm/d00_f04.png'
13:48.570  render           | Saved: '/Users/mohammedkalouti/Documents/Codex/2026-09-27/i/work/art/aircraft-final-production-v3/stage/assets/build/frames/unit.IR.fighter/beauty/rearm/d00_f05.png'
13:49.072  render           | Saved: '/Users/mohammedkalouti/Documents/Codex/2026-09-27/i/work/art/aircraft-final-production-v3/stage/assets/build/frames/unit.IR.fighter/team/rearm/d00_f05.png'
13:50.007  render           | Saved: '/Users/mohammedkalouti/Documents/Codex/2026-09-27/i/work/art/aircraft-final-production-v3/stage/assets/build/frames/unit.IR.fighter/shadow/rearm/d00_f05.png'
13:50.578  render           | Saved: '/Users/mohammedkalouti/Documents/Codex/2026-09-27/i/work/art/aircraft-final-production-v3/stage/assets/build/frames/unit.IR.fighter/beauty/rearm/d01_f00.png'
13:51.071  render           | Saved: '/Users/mohammedkalouti/Documents/Codex/2026-09-27/i/work/art/aircraft-final-production-v3/stage/assets/build/frames/unit.IR.fighter/team/rearm/d01_f00.png'
13:51.985  render           | Saved: '/Users/mohammedkalouti/Documents/Codex/2026-09-27/i/work/art/aircraft-final-production-v3/stage/assets/build/frames/unit.IR.fighter/shadow/rearm/d01_f00.png'
13:52.550  render           | Saved: '/Users/mohammedkalouti/Documents/Codex/2026-09-27/i/work/art/aircraft-final-production-v3/stage/assets/build/frames/unit.IR.fighter/beauty/rearm/d01_f01.png'
13:53.052  render           | Saved: '/Users/mohammedkalouti/Documents/Codex/2026-09-27/i/work/art/aircraft-final-production-v3/stage/assets/build/frames/unit.IR.fighter/team/rearm/d01_f01.png'
13:53.971  render           | Saved: '/Users/mohammedkalouti/Documents/Codex/2026-09-27/i/work/art/aircraft-final-production-v3/stage/assets/build/frames/unit.IR.fighter/shadow/rearm/d01_f01.png'
13:54.520  render           | Saved: '/Users/mohammedkalouti/Documents/Codex/2026-09-27/i/work/art/aircraft-final-production-v3/stage/assets/build/frames/unit.IR.fighter/beauty/rearm/d01_f02.png'
13:55.000  render           | Saved: '/Users/mohammedkalouti/Documents/Codex/2026-09-27/i/work/art/aircraft-final-production-v3/stage/assets/build/frames/unit.IR.fighter/team/rearm/d01_f02.png'
13:55.920  render           | Saved: '/Users/mohammedkalouti/Documents/Codex/2026-09-27/i/work/art/aircraft-final-production-v3/stage/assets/build/frames/unit.IR.fighter/shadow/rearm/d01_f02.png'
13:56.508  render           | Saved: '/Users/mohammedkalouti/Documents/Codex/2026-09-27/i/work/art/aircraft-final-production-v3/stage/assets/build/frames/unit.IR.fighter/beauty/rearm/d01_f03.png'
13:57.034  render           | Saved: '/Users/mohammedkalouti/Documents/Codex/2026-09-27/i/work/art/aircraft-final-production-v3/stage/assets/build/frames/unit.IR.fighter/team/rearm/d01_f03.png'
13:58.061  render           | Saved: '/Users/mohammedkalouti/Documents/Codex/2026-09-27/i/work/art/aircraft-final-production-v3/stage/assets/build/frames/unit.IR.fighter/shadow/rearm/d01_f03.png'
13:58.684  render           | Saved: '/Users/mohammedkalouti/Documents/Codex/2026-09-27/i/work/art/aircraft-final-production-v3/stage/assets/build/frames/unit.IR.fighter/beauty/rearm/d01_f04.png'
13:59.231  render           | Saved: '/Users/mohammedkalouti/Documents/Codex/2026-09-27/i/work/art/aircraft-final-production-v3/stage/assets/build/frames/unit.IR.fighter/team/rearm/d01_f04.png'
14:00.178  render           | Saved: '/Users/mohammedkalouti/Documents/Codex/2026-09-27/i/work/art/aircraft-final-production-v3/stage/assets/build/frames/unit.IR.fighter/shadow/rearm/d01_f04.png'
14:00.758  render           | Saved: '/Users/mohammedkalouti/Documents/Codex/2026-09-27/i/work/art/aircraft-final-production-v3/stage/assets/build/frames/unit.IR.fighter/beauty/rearm/d01_f05.png'
14:01.244  render           | Saved: '/Users/mohammedkalouti/Documents/Codex/2026-09-27/i/work/art/aircraft-final-production-v3/stage/assets/build/frames/unit.IR.fighter/team/rearm/d01_f05.png'
14:02.152  render           | Saved: '/Users/mohammedkalouti/Documents/Codex/2026-09-27/i/work/art/aircraft-final-production-v3/stage/assets/build/frames/unit.IR.fighter/shadow/rearm/d01_f05.png'
14:02.712  render           | Saved: '/Users/mohammedkalouti/Documents/Codex/2026-09-27/i/work/art/aircraft-final-production-v3/stage/assets/build/frames/unit.IR.fighter/beauty/rearm/d02_f00.png'
14:03.216  render           | Saved: '/Users/mohammedkalouti/Documents/Codex/2026-09-27/i/work/art/aircraft-final-production-v3/stage/assets/build/frames/unit.IR.fighter/team/rearm/d02_f00.png'
14:04.218  render           | Saved: '/Users/mohammedkalouti/Documents/Codex/2026-09-27/i/work/art/aircraft-final-production-v3/stage/assets/build/frames/unit.IR.fighter/shadow/rearm/d02_f00.png'
14:04.793  render           | Saved: '/Users/mohammedkalouti/Documents/Codex/2026-09-27/i/work/art/aircraft-final-production-v3/stage/assets/build/frames/unit.IR.fighter/beauty/rearm/d02_f01.png'
14:05.325  render           | Saved: '/Users/mohammedkalouti/Documents/Codex/2026-09-27/i/work/art/aircraft-final-production-v3/stage/assets/build/frames/unit.IR.fighter/team/rearm/d02_f01.png'
14:06.258  render           | Saved: '/Users/mohammedkalouti/Documents/Codex/2026-09-27/i/work/art/aircraft-final-production-v3/stage/assets/build/frames/unit.IR.fighter/shadow/rearm/d02_f01.png'
14:06.819  render           | Saved: '/Users/mohammedkalouti/Documents/Codex/2026-09-27/i/work/art/aircraft-final-production-v3/stage/assets/build/frames/unit.IR.fighter/beauty/rearm/d02_f02.png'
14:07.324  render           | Saved: '/Users/mohammedkalouti/Documents/Codex/2026-09-27/i/work/art/aircraft-final-production-v3/stage/assets/build/frames/unit.IR.fighter/team/rearm/d02_f02.png'
14:08.282  render           | Saved: '/Users/mohammedkalouti/Documents/Codex/2026-09-27/i/work/art/aircraft-final-production-v3/stage/assets/build/frames/unit.IR.fighter/shadow/rearm/d02_f02.png'
14:08.837  render           | Saved: '/Users/mohammedkalouti/Documents/Codex/2026-09-27/i/work/art/aircraft-final-production-v3/stage/assets/build/frames/unit.IR.fighter/beauty/rearm/d02_f03.png'
14:09.342  render           | Saved: '/Users/mohammedkalouti/Documents/Codex/2026-09-27/i/work/art/aircraft-final-production-v3/stage/assets/build/frames/unit.IR.fighter/team/rearm/d02_f03.png'
14:10.262  render           | Saved: '/Users/mohammedkalouti/Documents/Codex/2026-09-27/i/work/art/aircraft-final-production-v3/stage/assets/build/frames/unit.IR.fighter/shadow/rearm/d02_f03.png'
14:10.814  render           | Saved: '/Users/mohammedkalouti/Documents/Codex/2026-09-27/i/work/art/aircraft-final-production-v3/stage/assets/build/frames/unit.IR.fighter/beauty/rearm/d02_f04.png'
14:11.312  render           | Saved: '/Users/mohammedkalouti/Documents/Codex/2026-09-27/i/work/art/aircraft-final-production-v3/stage/assets/build/frames/unit.IR.fighter/team/rearm/d02_f04.png'
14:12.244  render           | Saved: '/Users/mohammedkalouti/Documents/Codex/2026-09-27/i/work/art/aircraft-final-production-v3/stage/assets/build/frames/unit.IR.fighter/shadow/rearm/d02_f04.png'
14:12.794  render           | Saved: '/Users/mohammedkalouti/Documents/Codex/2026-09-27/i/work/art/aircraft-final-production-v3/stage/assets/build/frames/unit.IR.fighter/beauty/rearm/d02_f05.png'
14:13.283  render           | Saved: '/Users/mohammedkalouti/Documents/Codex/2026-09-27/i/work/art/aircraft-final-production-v3/stage/assets/build/frames/unit.IR.fighter/team/rearm/d02_f05.png'
14:14.194  render           | Saved: '/Users/mohammedkalouti/Documents/Codex/2026-09-27/i/work/art/aircraft-final-production-v3/stage/assets/build/frames/unit.IR.fighter/shadow/rearm/d02_f05.png'
14:14.757  render           | Saved: '/Users/mohammedkalouti/Documents/Codex/2026-09-27/i/work/art/aircraft-final-production-v3/stage/assets/build/frames/unit.IR.fighter/beauty/rearm/d04_f00.png'
14:15.261  render           | Saved: '/Users/mohammedkalouti/Documents/Codex/2026-09-27/i/work/art/aircraft-final-production-v3/stage/assets/build/frames/unit.IR.fighter/team/rearm/d04_f00.png'
14:16.192  render           | Saved: '/Users/mohammedkalouti/Documents/Codex/2026-09-27/i/work/art/aircraft-final-production-v3/stage/assets/build/frames/unit.IR.fighter/shadow/rearm/d04_f00.png'
14:16.761  render           | Saved: '/Users/mohammedkalouti/Documents/Codex/2026-09-27/i/work/art/aircraft-final-production-v3/stage/assets/build/frames/unit.IR.fighter/beauty/rearm/d04_f01.png'
14:17.241  render           | Saved: '/Users/mohammedkalouti/Documents/Codex/2026-09-27/i/work/art/aircraft-final-production-v3/stage/assets/build/frames/unit.IR.fighter/team/rearm/d04_f01.png'
14:18.168  render           | Saved: '/Users/mohammedkalouti/Documents/Codex/2026-09-27/i/work/art/aircraft-final-production-v3/stage/assets/build/frames/unit.IR.fighter/shadow/rearm/d04_f01.png'
14:18.731  render           | Saved: '/Users/mohammedkalouti/Documents/Codex/2026-09-27/i/work/art/aircraft-final-production-v3/stage/assets/build/frames/unit.IR.fighter/beauty/rearm/d04_f02.png'
14:19.248  render           | Saved: '/Users/mohammedkalouti/Documents/Codex/2026-09-27/i/work/art/aircraft-final-production-v3/stage/assets/build/frames/unit.IR.fighter/team/rearm/d04_f02.png'
14:20.136  render           | Saved: '/Users/mohammedkalouti/Documents/Codex/2026-09-27/i/work/art/aircraft-final-production-v3/stage/assets/build/frames/unit.IR.fighter/shadow/rearm/d04_f02.png'
14:20.690  render           | Saved: '/Users/mohammedkalouti/Documents/Codex/2026-09-27/i/work/art/aircraft-final-production-v3/stage/assets/build/frames/unit.IR.fighter/beauty/rearm/d04_f03.png'
14:21.194  render           | Saved: '/Users/mohammedkalouti/Documents/Codex/2026-09-27/i/work/art/aircraft-final-production-v3/stage/assets/build/frames/unit.IR.fighter/team/rearm/d04_f03.png'
14:22.119  render           | Saved: '/Users/mohammedkalouti/Documents/Codex/2026-09-27/i/work/art/aircraft-final-production-v3/stage/assets/build/frames/unit.IR.fighter/shadow/rearm/d04_f03.png'
14:22.653  render           | Saved: '/Users/mohammedkalouti/Documents/Codex/2026-09-27/i/work/art/aircraft-final-production-v3/stage/assets/build/frames/unit.IR.fighter/beauty/rearm/d04_f04.png'
14:23.139  render           | Saved: '/Users/mohammedkalouti/Documents/Codex/2026-09-27/i/work/art/aircraft-final-production-v3/stage/assets/build/frames/unit.IR.fighter/team/rearm/d04_f04.png'
14:24.028  render           | Saved: '/Users/mohammedkalouti/Documents/Codex/2026-09-27/i/work/art/aircraft-final-production-v3/stage/assets/build/frames/unit.IR.fighter/shadow/rearm/d04_f04.png'
14:24.584  render           | Saved: '/Users/mohammedkalouti/Documents/Codex/2026-09-27/i/work/art/aircraft-final-production-v3/stage/assets/build/frames/unit.IR.fighter/beauty/rearm/d04_f05.png'
14:25.056  render           | Saved: '/Users/mohammedkalouti/Documents/Codex/2026-09-27/i/work/art/aircraft-final-production-v3/stage/assets/build/frames/unit.IR.fighter/team/rearm/d04_f05.png'
14:25.976  render           | Saved: '/Users/mohammedkalouti/Documents/Codex/2026-09-27/i/work/art/aircraft-final-production-v3/stage/assets/build/frames/unit.IR.fighter/shadow/rearm/d04_f05.png'
14:26.546  render           | Saved: '/Users/mohammedkalouti/Documents/Codex/2026-09-27/i/work/art/aircraft-final-production-v3/stage/assets/build/frames/unit.IR.fighter/beauty/rearm/d05_f00.png'
14:27.029  render           | Saved: '/Users/mohammedkalouti/Documents/Codex/2026-09-27/i/work/art/aircraft-final-production-v3/stage/assets/build/frames/unit.IR.fighter/team/rearm/d05_f00.png'
14:27.929  render           | Saved: '/Users/mohammedkalouti/Documents/Codex/2026-09-27/i/work/art/aircraft-final-production-v3/stage/assets/build/frames/unit.IR.fighter/shadow/rearm/d05_f00.png'
14:28.496  render           | Saved: '/Users/mohammedkalouti/Documents/Codex/2026-09-27/i/work/art/aircraft-final-production-v3/stage/assets/build/frames/unit.IR.fighter/beauty/rearm/d05_f01.png'
14:28.976  render           | Saved: '/Users/mohammedkalouti/Documents/Codex/2026-09-27/i/work/art/aircraft-final-production-v3/stage/assets/build/frames/unit.IR.fighter/team/rearm/d05_f01.png'
14:29.878  render           | Saved: '/Users/mohammedkalouti/Documents/Codex/2026-09-27/i/work/art/aircraft-final-production-v3/stage/assets/build/frames/unit.IR.fighter/shadow/rearm/d05_f01.png'
14:30.423  render           | Saved: '/Users/mohammedkalouti/Documents/Codex/2026-09-27/i/work/art/aircraft-final-production-v3/stage/assets/build/frames/unit.IR.fighter/beauty/rearm/d05_f02.png'
14:30.903  render           | Saved: '/Users/mohammedkalouti/Documents/Codex/2026-09-27/i/work/art/aircraft-final-production-v3/stage/assets/build/frames/unit.IR.fighter/team/rearm/d05_f02.png'
14:31.796  render           | Saved: '/Users/mohammedkalouti/Documents/Codex/2026-09-27/i/work/art/aircraft-final-production-v3/stage/assets/build/frames/unit.IR.fighter/shadow/rearm/d05_f02.png'
14:32.351  render           | Saved: '/Users/mohammedkalouti/Documents/Codex/2026-09-27/i/work/art/aircraft-final-production-v3/stage/assets/build/frames/unit.IR.fighter/beauty/rearm/d05_f03.png'
14:32.821  render           | Saved: '/Users/mohammedkalouti/Documents/Codex/2026-09-27/i/work/art/aircraft-final-production-v3/stage/assets/build/frames/unit.IR.fighter/team/rearm/d05_f03.png'
14:33.712  render           | Saved: '/Users/mohammedkalouti/Documents/Codex/2026-09-27/i/work/art/aircraft-final-production-v3/stage/assets/build/frames/unit.IR.fighter/shadow/rearm/d05_f03.png'
14:34.272  render           | Saved: '/Users/mohammedkalouti/Documents/Codex/2026-09-27/i/work/art/aircraft-final-production-v3/stage/assets/build/frames/unit.IR.fighter/beauty/rearm/d05_f04.png'
14:34.741  render           | Saved: '/Users/mohammedkalouti/Documents/Codex/2026-09-27/i/work/art/aircraft-final-production-v3/stage/assets/build/frames/unit.IR.fighter/team/rearm/d05_f04.png'
14:35.642  render           | Saved: '/Users/mohammedkalouti/Documents/Codex/2026-09-27/i/work/art/aircraft-final-production-v3/stage/assets/build/frames/unit.IR.fighter/shadow/rearm/d05_f04.png'
14:36.252  render           | Saved: '/Users/mohammedkalouti/Documents/Codex/2026-09-27/i/work/art/aircraft-final-production-v3/stage/assets/build/frames/unit.IR.fighter/beauty/rearm/d05_f05.png'
14:36.765  render           | Saved: '/Users/mohammedkalouti/Documents/Codex/2026-09-27/i/work/art/aircraft-final-production-v3/stage/assets/build/frames/unit.IR.fighter/team/rearm/d05_f05.png'
14:37.674  render           | Saved: '/Users/mohammedkalouti/Documents/Codex/2026-09-27/i/work/art/aircraft-final-production-v3/stage/assets/build/frames/unit.IR.fighter/shadow/rearm/d05_f05.png'
14:38.219  render           | Saved: '/Users/mohammedkalouti/Documents/Codex/2026-09-27/i/work/art/aircraft-final-production-v3/stage/assets/build/frames/unit.IR.fighter/beauty/rearm/d06_f00.png'
14:38.685  render           | Saved: '/Users/mohammedkalouti/Documents/Codex/2026-09-27/i/work/art/aircraft-final-production-v3/stage/assets/build/frames/unit.IR.fighter/team/rearm/d06_f00.png'
14:39.696  render           | Saved: '/Users/mohammedkalouti/Documents/Codex/2026-09-27/i/work/art/aircraft-final-production-v3/stage/assets/build/frames/unit.IR.fighter/shadow/rearm/d06_f00.png'
14:40.378  render           | Saved: '/Users/mohammedkalouti/Documents/Codex/2026-09-27/i/work/art/aircraft-final-production-v3/stage/assets/build/frames/unit.IR.fighter/beauty/rearm/d06_f01.png'
14:41.192  render           | Saved: '/Users/mohammedkalouti/Documents/Codex/2026-09-27/i/work/art/aircraft-final-production-v3/stage/assets/build/frames/unit.IR.fighter/team/rearm/d06_f01.png'
14:42.627  render           | Saved: '/Users/mohammedkalouti/Documents/Codex/2026-09-27/i/work/art/aircraft-final-production-v3/stage/assets/build/frames/unit.IR.fighter/shadow/rearm/d06_f01.png'
14:43.258  render           | Saved: '/Users/mohammedkalouti/Documents/Codex/2026-09-27/i/work/art/aircraft-final-production-v3/stage/assets/build/frames/unit.IR.fighter/beauty/rearm/d06_f02.png'
14:43.792  render           | Saved: '/Users/mohammedkalouti/Documents/Codex/2026-09-27/i/work/art/aircraft-final-production-v3/stage/assets/build/frames/unit.IR.fighter/team/rearm/d06_f02.png'
14:44.756  render           | Saved: '/Users/mohammedkalouti/Documents/Codex/2026-09-27/i/work/art/aircraft-final-production-v3/stage/assets/build/frames/unit.IR.fighter/shadow/rearm/d06_f02.png'
14:45.311  render           | Saved: '/Users/mohammedkalouti/Documents/Codex/2026-09-27/i/work/art/aircraft-final-production-v3/stage/assets/build/frames/unit.IR.fighter/beauty/rearm/d06_f03.png'
14:45.801  render           | Saved: '/Users/mohammedkalouti/Documents/Codex/2026-09-27/i/work/art/aircraft-final-production-v3/stage/assets/build/frames/unit.IR.fighter/team/rearm/d06_f03.png'
14:46.736  render           | Saved: '/Users/mohammedkalouti/Documents/Codex/2026-09-27/i/work/art/aircraft-final-production-v3/stage/assets/build/frames/unit.IR.fighter/shadow/rearm/d06_f03.png'
14:47.314  render           | Saved: '/Users/mohammedkalouti/Documents/Codex/2026-09-27/i/work/art/aircraft-final-production-v3/stage/assets/build/frames/unit.IR.fighter/beauty/rearm/d06_f04.png'
14:47.797  render           | Saved: '/Users/mohammedkalouti/Documents/Codex/2026-09-27/i/work/art/aircraft-final-production-v3/stage/assets/build/frames/unit.IR.fighter/team/rearm/d06_f04.png'
14:48.709  render           | Saved: '/Users/mohammedkalouti/Documents/Codex/2026-09-27/i/work/art/aircraft-final-production-v3/stage/assets/build/frames/unit.IR.fighter/shadow/rearm/d06_f04.png'
14:49.278  render           | Saved: '/Users/mohammedkalouti/Documents/Codex/2026-09-27/i/work/art/aircraft-final-production-v3/stage/assets/build/frames/unit.IR.fighter/beauty/rearm/d06_f05.png'
14:49.798  render           | Saved: '/Users/mohammedkalouti/Documents/Codex/2026-09-27/i/work/art/aircraft-final-production-v3/stage/assets/build/frames/unit.IR.fighter/team/rearm/d06_f05.png'
14:50.708  render           | Saved: '/Users/mohammedkalouti/Documents/Codex/2026-09-27/i/work/art/aircraft-final-production-v3/stage/assets/build/frames/unit.IR.fighter/shadow/rearm/d06_f05.png'
14:51.278  render           | Saved: '/Users/mohammedkalouti/Documents/Codex/2026-09-27/i/work/art/aircraft-final-production-v3/stage/assets/build/frames/unit.IR.fighter/beauty/rearm/d08_f00.png'
14:51.776  render           | Saved: '/Users/mohammedkalouti/Documents/Codex/2026-09-27/i/work/art/aircraft-final-production-v3/stage/assets/build/frames/unit.IR.fighter/team/rearm/d08_f00.png'
14:52.713  render           | Saved: '/Users/mohammedkalouti/Documents/Codex/2026-09-27/i/work/art/aircraft-final-production-v3/stage/assets/build/frames/unit.IR.fighter/shadow/rearm/d08_f00.png'
14:53.305  render           | Saved: '/Users/mohammedkalouti/Documents/Codex/2026-09-27/i/work/art/aircraft-final-production-v3/stage/assets/build/frames/unit.IR.fighter/beauty/rearm/d08_f01.png'
14:53.792  render           | Saved: '/Users/mohammedkalouti/Documents/Codex/2026-09-27/i/work/art/aircraft-final-production-v3/stage/assets/build/frames/unit.IR.fighter/team/rearm/d08_f01.png'
14:54.708  render           | Saved: '/Users/mohammedkalouti/Documents/Codex/2026-09-27/i/work/art/aircraft-final-production-v3/stage/assets/build/frames/unit.IR.fighter/shadow/rearm/d08_f01.png'
14:55.278  render           | Saved: '/Users/mohammedkalouti/Documents/Codex/2026-09-27/i/work/art/aircraft-final-production-v3/stage/assets/build/frames/unit.IR.fighter/beauty/rearm/d08_f02.png'
14:55.756  render           | Saved: '/Users/mohammedkalouti/Documents/Codex/2026-09-27/i/work/art/aircraft-final-production-v3/stage/assets/build/frames/unit.IR.fighter/team/rearm/d08_f02.png'
14:56.662  render           | Saved: '/Users/mohammedkalouti/Documents/Codex/2026-09-27/i/work/art/aircraft-final-production-v3/stage/assets/build/frames/unit.IR.fighter/shadow/rearm/d08_f02.png'
14:57.204  render           | Saved: '/Users/mohammedkalouti/Documents/Codex/2026-09-27/i/work/art/aircraft-final-production-v3/stage/assets/build/frames/unit.IR.fighter/beauty/rearm/d08_f03.png'
14:57.683  render           | Saved: '/Users/mohammedkalouti/Documents/Codex/2026-09-27/i/work/art/aircraft-final-production-v3/stage/assets/build/frames/unit.IR.fighter/team/rearm/d08_f03.png'
14:58.581  render           | Saved: '/Users/mohammedkalouti/Documents/Codex/2026-09-27/i/work/art/aircraft-final-production-v3/stage/assets/build/frames/unit.IR.fighter/shadow/rearm/d08_f03.png'
14:59.153  render           | Saved: '/Users/mohammedkalouti/Documents/Codex/2026-09-27/i/work/art/aircraft-final-production-v3/stage/assets/build/frames/unit.IR.fighter/beauty/rearm/d08_f04.png'
14:59.663  render           | Saved: '/Users/mohammedkalouti/Documents/Codex/2026-09-27/i/work/art/aircraft-final-production-v3/stage/assets/build/frames/unit.IR.fighter/team/rearm/d08_f04.png'
15:00.570  render           | Saved: '/Users/mohammedkalouti/Documents/Codex/2026-09-27/i/work/art/aircraft-final-production-v3/stage/assets/build/frames/unit.IR.fighter/shadow/rearm/d08_f04.png'
15:01.120  render           | Saved: '/Users/mohammedkalouti/Documents/Codex/2026-09-27/i/work/art/aircraft-final-production-v3/stage/assets/build/frames/unit.IR.fighter/beauty/rearm/d08_f05.png'
15:01.612  render           | Saved: '/Users/mohammedkalouti/Documents/Codex/2026-09-27/i/work/art/aircraft-final-production-v3/stage/assets/build/frames/unit.IR.fighter/team/rearm/d08_f05.png'
15:02.518  render           | Saved: '/Users/mohammedkalouti/Documents/Codex/2026-09-27/i/work/art/aircraft-final-production-v3/stage/assets/build/frames/unit.IR.fighter/shadow/rearm/d08_f05.png'
15:03.083  render           | Saved: '/Users/mohammedkalouti/Documents/Codex/2026-09-27/i/work/art/aircraft-final-production-v3/stage/assets/build/frames/unit.IR.fighter/beauty/rearm/d09_f00.png'
15:03.568  render           | Saved: '/Users/mohammedkalouti/Documents/Codex/2026-09-27/i/work/art/aircraft-final-production-v3/stage/assets/build/frames/unit.IR.fighter/team/rearm/d09_f00.png'
15:04.479  render           | Saved: '/Users/mohammedkalouti/Documents/Codex/2026-09-27/i/work/art/aircraft-final-production-v3/stage/assets/build/frames/unit.IR.fighter/shadow/rearm/d09_f00.png'
15:05.029  render           | Saved: '/Users/mohammedkalouti/Documents/Codex/2026-09-27/i/work/art/aircraft-final-production-v3/stage/assets/build/frames/unit.IR.fighter/beauty/rearm/d09_f01.png'
15:05.520  render           | Saved: '/Users/mohammedkalouti/Documents/Codex/2026-09-27/i/work/art/aircraft-final-production-v3/stage/assets/build/frames/unit.IR.fighter/team/rearm/d09_f01.png'
15:06.445  render           | Saved: '/Users/mohammedkalouti/Documents/Codex/2026-09-27/i/work/art/aircraft-final-production-v3/stage/assets/build/frames/unit.IR.fighter/shadow/rearm/d09_f01.png'
15:07.008  render           | Saved: '/Users/mohammedkalouti/Documents/Codex/2026-09-27/i/work/art/aircraft-final-production-v3/stage/assets/build/frames/unit.IR.fighter/beauty/rearm/d09_f02.png'
15:07.528  render           | Saved: '/Users/mohammedkalouti/Documents/Codex/2026-09-27/i/work/art/aircraft-final-production-v3/stage/assets/build/frames/unit.IR.fighter/team/rearm/d09_f02.png'
15:08.448  render           | Saved: '/Users/mohammedkalouti/Documents/Codex/2026-09-27/i/work/art/aircraft-final-production-v3/stage/assets/build/frames/unit.IR.fighter/shadow/rearm/d09_f02.png'
15:08.998  render           | Saved: '/Users/mohammedkalouti/Documents/Codex/2026-09-27/i/work/art/aircraft-final-production-v3/stage/assets/build/frames/unit.IR.fighter/beauty/rearm/d09_f03.png'
15:09.486  render           | Saved: '/Users/mohammedkalouti/Documents/Codex/2026-09-27/i/work/art/aircraft-final-production-v3/stage/assets/build/frames/unit.IR.fighter/team/rearm/d09_f03.png'
15:10.416  render           | Saved: '/Users/mohammedkalouti/Documents/Codex/2026-09-27/i/work/art/aircraft-final-production-v3/stage/assets/build/frames/unit.IR.fighter/shadow/rearm/d09_f03.png'
15:10.979  render           | Saved: '/Users/mohammedkalouti/Documents/Codex/2026-09-27/i/work/art/aircraft-final-production-v3/stage/assets/build/frames/unit.IR.fighter/beauty/rearm/d09_f04.png'
15:11.499  render           | Saved: '/Users/mohammedkalouti/Documents/Codex/2026-09-27/i/work/art/aircraft-final-production-v3/stage/assets/build/frames/unit.IR.fighter/team/rearm/d09_f04.png'
15:12.416  render           | Saved: '/Users/mohammedkalouti/Documents/Codex/2026-09-27/i/work/art/aircraft-final-production-v3/stage/assets/build/frames/unit.IR.fighter/shadow/rearm/d09_f04.png'
15:12.963  render           | Saved: '/Users/mohammedkalouti/Documents/Codex/2026-09-27/i/work/art/aircraft-final-production-v3/stage/assets/build/frames/unit.IR.fighter/beauty/rearm/d09_f05.png'
15:13.461  render           | Saved: '/Users/mohammedkalouti/Documents/Codex/2026-09-27/i/work/art/aircraft-final-production-v3/stage/assets/build/frames/unit.IR.fighter/team/rearm/d09_f05.png'
15:14.384  render           | Saved: '/Users/mohammedkalouti/Documents/Codex/2026-09-27/i/work/art/aircraft-final-production-v3/stage/assets/build/frames/unit.IR.fighter/shadow/rearm/d09_f05.png'
15:14.929  render           | Saved: '/Users/mohammedkalouti/Documents/Codex/2026-09-27/i/work/art/aircraft-final-production-v3/stage/assets/build/frames/unit.IR.fighter/beauty/rearm/d10_f00.png'
15:15.419  render           | Saved: '/Users/mohammedkalouti/Documents/Codex/2026-09-27/i/work/art/aircraft-final-production-v3/stage/assets/build/frames/unit.IR.fighter/team/rearm/d10_f00.png'
15:16.388  render           | Saved: '/Users/mohammedkalouti/Documents/Codex/2026-09-27/i/work/art/aircraft-final-production-v3/stage/assets/build/frames/unit.IR.fighter/shadow/rearm/d10_f00.png'
15:16.954  render           | Saved: '/Users/mohammedkalouti/Documents/Codex/2026-09-27/i/work/art/aircraft-final-production-v3/stage/assets/build/frames/unit.IR.fighter/beauty/rearm/d10_f01.png'
15:17.497  render           | Saved: '/Users/mohammedkalouti/Documents/Codex/2026-09-27/i/work/art/aircraft-final-production-v3/stage/assets/build/frames/unit.IR.fighter/team/rearm/d10_f01.png'
15:18.434  render           | Saved: '/Users/mohammedkalouti/Documents/Codex/2026-09-27/i/work/art/aircraft-final-production-v3/stage/assets/build/frames/unit.IR.fighter/shadow/rearm/d10_f01.png'
15:18.989  render           | Saved: '/Users/mohammedkalouti/Documents/Codex/2026-09-27/i/work/art/aircraft-final-production-v3/stage/assets/build/frames/unit.IR.fighter/beauty/rearm/d10_f02.png'
15:19.468  render           | Saved: '/Users/mohammedkalouti/Documents/Codex/2026-09-27/i/work/art/aircraft-final-production-v3/stage/assets/build/frames/unit.IR.fighter/team/rearm/d10_f02.png'
15:20.385  render           | Saved: '/Users/mohammedkalouti/Documents/Codex/2026-09-27/i/work/art/aircraft-final-production-v3/stage/assets/build/frames/unit.IR.fighter/shadow/rearm/d10_f02.png'
15:20.924  render           | Saved: '/Users/mohammedkalouti/Documents/Codex/2026-09-27/i/work/art/aircraft-final-production-v3/stage/assets/build/frames/unit.IR.fighter/beauty/rearm/d10_f03.png'
15:21.411  render           | Saved: '/Users/mohammedkalouti/Documents/Codex/2026-09-27/i/work/art/aircraft-final-production-v3/stage/assets/build/frames/unit.IR.fighter/team/rearm/d10_f03.png'
15:22.333  render           | Saved: '/Users/mohammedkalouti/Documents/Codex/2026-09-27/i/work/art/aircraft-final-production-v3/stage/assets/build/frames/unit.IR.fighter/shadow/rearm/d10_f03.png'
15:22.902  render           | Saved: '/Users/mohammedkalouti/Documents/Codex/2026-09-27/i/work/art/aircraft-final-production-v3/stage/assets/build/frames/unit.IR.fighter/beauty/rearm/d10_f04.png'
15:23.397  render           | Saved: '/Users/mohammedkalouti/Documents/Codex/2026-09-27/i/work/art/aircraft-final-production-v3/stage/assets/build/frames/unit.IR.fighter/team/rearm/d10_f04.png'
15:24.308  render           | Saved: '/Users/mohammedkalouti/Documents/Codex/2026-09-27/i/work/art/aircraft-final-production-v3/stage/assets/build/frames/unit.IR.fighter/shadow/rearm/d10_f04.png'
15:24.846  render           | Saved: '/Users/mohammedkalouti/Documents/Codex/2026-09-27/i/work/art/aircraft-final-production-v3/stage/assets/build/frames/unit.IR.fighter/beauty/rearm/d10_f05.png'
15:25.336  render           | Saved: '/Users/mohammedkalouti/Documents/Codex/2026-09-27/i/work/art/aircraft-final-production-v3/stage/assets/build/frames/unit.IR.fighter/team/rearm/d10_f05.png'
15:26.325  render           | Saved: '/Users/mohammedkalouti/Documents/Codex/2026-09-27/i/work/art/aircraft-final-production-v3/stage/assets/build/frames/unit.IR.fighter/shadow/rearm/d10_f05.png'
15:26.967  render           | Saved: '/Users/mohammedkalouti/Documents/Codex/2026-09-27/i/work/art/aircraft-final-production-v3/stage/assets/build/frames/unit.IR.fighter/beauty/rearm/d12_f00.png'
15:27.489  render           | Saved: '/Users/mohammedkalouti/Documents/Codex/2026-09-27/i/work/art/aircraft-final-production-v3/stage/assets/build/frames/unit.IR.fighter/team/rearm/d12_f00.png'
15:28.398  render           | Saved: '/Users/mohammedkalouti/Documents/Codex/2026-09-27/i/work/art/aircraft-final-production-v3/stage/assets/build/frames/unit.IR.fighter/shadow/rearm/d12_f00.png'
15:28.944  render           | Saved: '/Users/mohammedkalouti/Documents/Codex/2026-09-27/i/work/art/aircraft-final-production-v3/stage/assets/build/frames/unit.IR.fighter/beauty/rearm/d12_f01.png'
15:29.430  render           | Saved: '/Users/mohammedkalouti/Documents/Codex/2026-09-27/i/work/art/aircraft-final-production-v3/stage/assets/build/frames/unit.IR.fighter/team/rearm/d12_f01.png'
15:30.331  render           | Saved: '/Users/mohammedkalouti/Documents/Codex/2026-09-27/i/work/art/aircraft-final-production-v3/stage/assets/build/frames/unit.IR.fighter/shadow/rearm/d12_f01.png'
15:30.894  render           | Saved: '/Users/mohammedkalouti/Documents/Codex/2026-09-27/i/work/art/aircraft-final-production-v3/stage/assets/build/frames/unit.IR.fighter/beauty/rearm/d12_f02.png'
15:31.383  render           | Saved: '/Users/mohammedkalouti/Documents/Codex/2026-09-27/i/work/art/aircraft-final-production-v3/stage/assets/build/frames/unit.IR.fighter/team/rearm/d12_f02.png'
15:32.272  render           | Saved: '/Users/mohammedkalouti/Documents/Codex/2026-09-27/i/work/art/aircraft-final-production-v3/stage/assets/build/frames/unit.IR.fighter/shadow/rearm/d12_f02.png'
15:32.812  render           | Saved: '/Users/mohammedkalouti/Documents/Codex/2026-09-27/i/work/art/aircraft-final-production-v3/stage/assets/build/frames/unit.IR.fighter/beauty/rearm/d12_f03.png'
15:33.291  render           | Saved: '/Users/mohammedkalouti/Documents/Codex/2026-09-27/i/work/art/aircraft-final-production-v3/stage/assets/build/frames/unit.IR.fighter/team/rearm/d12_f03.png'
15:34.208  render           | Saved: '/Users/mohammedkalouti/Documents/Codex/2026-09-27/i/work/art/aircraft-final-production-v3/stage/assets/build/frames/unit.IR.fighter/shadow/rearm/d12_f03.png'
15:34.777  render           | Saved: '/Users/mohammedkalouti/Documents/Codex/2026-09-27/i/work/art/aircraft-final-production-v3/stage/assets/build/frames/unit.IR.fighter/beauty/rearm/d12_f04.png'
15:35.263  render           | Saved: '/Users/mohammedkalouti/Documents/Codex/2026-09-27/i/work/art/aircraft-final-production-v3/stage/assets/build/frames/unit.IR.fighter/team/rearm/d12_f04.png'
15:36.185  render           | Saved: '/Users/mohammedkalouti/Documents/Codex/2026-09-27/i/work/art/aircraft-final-production-v3/stage/assets/build/frames/unit.IR.fighter/shadow/rearm/d12_f04.png'
15:36.736  render           | Saved: '/Users/mohammedkalouti/Documents/Codex/2026-09-27/i/work/art/aircraft-final-production-v3/stage/assets/build/frames/unit.IR.fighter/beauty/rearm/d12_f05.png'
15:37.221  render           | Saved: '/Users/mohammedkalouti/Documents/Codex/2026-09-27/i/work/art/aircraft-final-production-v3/stage/assets/build/frames/unit.IR.fighter/team/rearm/d12_f05.png'
15:38.149  render           | Saved: '/Users/mohammedkalouti/Documents/Codex/2026-09-27/i/work/art/aircraft-final-production-v3/stage/assets/build/frames/unit.IR.fighter/shadow/rearm/d12_f05.png'
15:38.720  render           | Saved: '/Users/mohammedkalouti/Documents/Codex/2026-09-27/i/work/art/aircraft-final-production-v3/stage/assets/build/frames/unit.IR.fighter/beauty/rearm/d13_f00.png'
15:39.194  render           | Saved: '/Users/mohammedkalouti/Documents/Codex/2026-09-27/i/work/art/aircraft-final-production-v3/stage/assets/build/frames/unit.IR.fighter/team/rearm/d13_f00.png'
15:40.123  render           | Saved: '/Users/mohammedkalouti/Documents/Codex/2026-09-27/i/work/art/aircraft-final-production-v3/stage/assets/build/frames/unit.IR.fighter/shadow/rearm/d13_f00.png'
15:40.694  render           | Saved: '/Users/mohammedkalouti/Documents/Codex/2026-09-27/i/work/art/aircraft-final-production-v3/stage/assets/build/frames/unit.IR.fighter/beauty/rearm/d13_f01.png'
15:41.196  render           | Saved: '/Users/mohammedkalouti/Documents/Codex/2026-09-27/i/work/art/aircraft-final-production-v3/stage/assets/build/frames/unit.IR.fighter/team/rearm/d13_f01.png'
15:42.095  render           | Saved: '/Users/mohammedkalouti/Documents/Codex/2026-09-27/i/work/art/aircraft-final-production-v3/stage/assets/build/frames/unit.IR.fighter/shadow/rearm/d13_f01.png'
15:42.663  render           | Saved: '/Users/mohammedkalouti/Documents/Codex/2026-09-27/i/work/art/aircraft-final-production-v3/stage/assets/build/frames/unit.IR.fighter/beauty/rearm/d13_f02.png'
15:43.167  render           | Saved: '/Users/mohammedkalouti/Documents/Codex/2026-09-27/i/work/art/aircraft-final-production-v3/stage/assets/build/frames/unit.IR.fighter/team/rearm/d13_f02.png'
15:44.126  render           | Saved: '/Users/mohammedkalouti/Documents/Codex/2026-09-27/i/work/art/aircraft-final-production-v3/stage/assets/build/frames/unit.IR.fighter/shadow/rearm/d13_f02.png'
15:44.698  render           | Saved: '/Users/mohammedkalouti/Documents/Codex/2026-09-27/i/work/art/aircraft-final-production-v3/stage/assets/build/frames/unit.IR.fighter/beauty/rearm/d13_f03.png'
15:45.182  render           | Saved: '/Users/mohammedkalouti/Documents/Codex/2026-09-27/i/work/art/aircraft-final-production-v3/stage/assets/build/frames/unit.IR.fighter/team/rearm/d13_f03.png'
15:46.096  render           | Saved: '/Users/mohammedkalouti/Documents/Codex/2026-09-27/i/work/art/aircraft-final-production-v3/stage/assets/build/frames/unit.IR.fighter/shadow/rearm/d13_f03.png'
15:46.657  render           | Saved: '/Users/mohammedkalouti/Documents/Codex/2026-09-27/i/work/art/aircraft-final-production-v3/stage/assets/build/frames/unit.IR.fighter/beauty/rearm/d13_f04.png'
15:47.141  render           | Saved: '/Users/mohammedkalouti/Documents/Codex/2026-09-27/i/work/art/aircraft-final-production-v3/stage/assets/build/frames/unit.IR.fighter/team/rearm/d13_f04.png'
15:48.046  render           | Saved: '/Users/mohammedkalouti/Documents/Codex/2026-09-27/i/work/art/aircraft-final-production-v3/stage/assets/build/frames/unit.IR.fighter/shadow/rearm/d13_f04.png'
15:48.602  render           | Saved: '/Users/mohammedkalouti/Documents/Codex/2026-09-27/i/work/art/aircraft-final-production-v3/stage/assets/build/frames/unit.IR.fighter/beauty/rearm/d13_f05.png'
15:49.099  render           | Saved: '/Users/mohammedkalouti/Documents/Codex/2026-09-27/i/work/art/aircraft-final-production-v3/stage/assets/build/frames/unit.IR.fighter/team/rearm/d13_f05.png'
15:50.021  render           | Saved: '/Users/mohammedkalouti/Documents/Codex/2026-09-27/i/work/art/aircraft-final-production-v3/stage/assets/build/frames/unit.IR.fighter/shadow/rearm/d13_f05.png'
15:50.584  render           | Saved: '/Users/mohammedkalouti/Documents/Codex/2026-09-27/i/work/art/aircraft-final-production-v3/stage/assets/build/frames/unit.IR.fighter/beauty/rearm/d14_f00.png'
15:51.068  render           | Saved: '/Users/mohammedkalouti/Documents/Codex/2026-09-27/i/work/art/aircraft-final-production-v3/stage/assets/build/frames/unit.IR.fighter/team/rearm/d14_f00.png'
15:52.024  render           | Saved: '/Users/mohammedkalouti/Documents/Codex/2026-09-27/i/work/art/aircraft-final-production-v3/stage/assets/build/frames/unit.IR.fighter/shadow/rearm/d14_f00.png'
15:52.578  render           | Saved: '/Users/mohammedkalouti/Documents/Codex/2026-09-27/i/work/art/aircraft-final-production-v3/stage/assets/build/frames/unit.IR.fighter/beauty/rearm/d14_f01.png'
15:53.060  render           | Saved: '/Users/mohammedkalouti/Documents/Codex/2026-09-27/i/work/art/aircraft-final-production-v3/stage/assets/build/frames/unit.IR.fighter/team/rearm/d14_f01.png'
15:53.972  render           | Saved: '/Users/mohammedkalouti/Documents/Codex/2026-09-27/i/work/art/aircraft-final-production-v3/stage/assets/build/frames/unit.IR.fighter/shadow/rearm/d14_f01.png'
15:54.547  render           | Saved: '/Users/mohammedkalouti/Documents/Codex/2026-09-27/i/work/art/aircraft-final-production-v3/stage/assets/build/frames/unit.IR.fighter/beauty/rearm/d14_f02.png'
15:55.028  render           | Saved: '/Users/mohammedkalouti/Documents/Codex/2026-09-27/i/work/art/aircraft-final-production-v3/stage/assets/build/frames/unit.IR.fighter/team/rearm/d14_f02.png'
15:55.980  render           | Saved: '/Users/mohammedkalouti/Documents/Codex/2026-09-27/i/work/art/aircraft-final-production-v3/stage/assets/build/frames/unit.IR.fighter/shadow/rearm/d14_f02.png'
15:56.530  render           | Saved: '/Users/mohammedkalouti/Documents/Codex/2026-09-27/i/work/art/aircraft-final-production-v3/stage/assets/build/frames/unit.IR.fighter/beauty/rearm/d14_f03.png'
15:57.029  render           | Saved: '/Users/mohammedkalouti/Documents/Codex/2026-09-27/i/work/art/aircraft-final-production-v3/stage/assets/build/frames/unit.IR.fighter/team/rearm/d14_f03.png'
15:57.954  render           | Saved: '/Users/mohammedkalouti/Documents/Codex/2026-09-27/i/work/art/aircraft-final-production-v3/stage/assets/build/frames/unit.IR.fighter/shadow/rearm/d14_f03.png'
15:58.530  render           | Saved: '/Users/mohammedkalouti/Documents/Codex/2026-09-27/i/work/art/aircraft-final-production-v3/stage/assets/build/frames/unit.IR.fighter/beauty/rearm/d14_f04.png'
15:59.017  render           | Saved: '/Users/mohammedkalouti/Documents/Codex/2026-09-27/i/work/art/aircraft-final-production-v3/stage/assets/build/frames/unit.IR.fighter/team/rearm/d14_f04.png'
15:59.933  render           | Saved: '/Users/mohammedkalouti/Documents/Codex/2026-09-27/i/work/art/aircraft-final-production-v3/stage/assets/build/frames/unit.IR.fighter/shadow/rearm/d14_f04.png'
16:00.486  render           | Saved: '/Users/mohammedkalouti/Documents/Codex/2026-09-27/i/work/art/aircraft-final-production-v3/stage/assets/build/frames/unit.IR.fighter/beauty/rearm/d14_f05.png'
16:00.974  render           | Saved: '/Users/mohammedkalouti/Documents/Codex/2026-09-27/i/work/art/aircraft-final-production-v3/stage/assets/build/frames/unit.IR.fighter/team/rearm/d14_f05.png'
16:01.902  render           | Saved: '/Users/mohammedkalouti/Documents/Codex/2026-09-27/i/work/art/aircraft-final-production-v3/stage/assets/build/frames/unit.IR.fighter/shadow/rearm/d14_f05.png'
16:02.482  render           | Saved: '/Users/mohammedkalouti/Documents/Codex/2026-09-27/i/work/art/aircraft-final-production-v3/stage/assets/build/frames/unit.IR.fighter/beauty/parked_empty/d00_f00.png'
16:02.989  render           | Saved: '/Users/mohammedkalouti/Documents/Codex/2026-09-27/i/work/art/aircraft-final-production-v3/stage/assets/build/frames/unit.IR.fighter/team/parked_empty/d00_f00.png'
16:03.835  render           | Saved: '/Users/mohammedkalouti/Documents/Codex/2026-09-27/i/work/art/aircraft-final-production-v3/stage/assets/build/frames/unit.IR.fighter/shadow/parked_empty/d00_f00.png'
16:04.390  render           | Saved: '/Users/mohammedkalouti/Documents/Codex/2026-09-27/i/work/art/aircraft-final-production-v3/stage/assets/build/frames/unit.IR.fighter/beauty/parked_empty/d01_f00.png'
16:04.875  render           | Saved: '/Users/mohammedkalouti/Documents/Codex/2026-09-27/i/work/art/aircraft-final-production-v3/stage/assets/build/frames/unit.IR.fighter/team/parked_empty/d01_f00.png'
16:05.712  render           | Saved: '/Users/mohammedkalouti/Documents/Codex/2026-09-27/i/work/art/aircraft-final-production-v3/stage/assets/build/frames/unit.IR.fighter/shadow/parked_empty/d01_f00.png'
16:06.294  render           | Saved: '/Users/mohammedkalouti/Documents/Codex/2026-09-27/i/work/art/aircraft-final-production-v3/stage/assets/build/frames/unit.IR.fighter/beauty/parked_empty/d02_f00.png'
16:06.791  render           | Saved: '/Users/mohammedkalouti/Documents/Codex/2026-09-27/i/work/art/aircraft-final-production-v3/stage/assets/build/frames/unit.IR.fighter/team/parked_empty/d02_f00.png'
16:07.604  render           | Saved: '/Users/mohammedkalouti/Documents/Codex/2026-09-27/i/work/art/aircraft-final-production-v3/stage/assets/build/frames/unit.IR.fighter/shadow/parked_empty/d02_f00.png'
16:08.137  render           | Saved: '/Users/mohammedkalouti/Documents/Codex/2026-09-27/i/work/art/aircraft-final-production-v3/stage/assets/build/frames/unit.IR.fighter/beauty/parked_empty/d04_f00.png'
16:08.611  render           | Saved: '/Users/mohammedkalouti/Documents/Codex/2026-09-27/i/work/art/aircraft-final-production-v3/stage/assets/build/frames/unit.IR.fighter/team/parked_empty/d04_f00.png'
16:09.422  render           | Saved: '/Users/mohammedkalouti/Documents/Codex/2026-09-27/i/work/art/aircraft-final-production-v3/stage/assets/build/frames/unit.IR.fighter/shadow/parked_empty/d04_f00.png'
16:09.980  render           | Saved: '/Users/mohammedkalouti/Documents/Codex/2026-09-27/i/work/art/aircraft-final-production-v3/stage/assets/build/frames/unit.IR.fighter/beauty/parked_empty/d05_f00.png'
16:10.465  render           | Saved: '/Users/mohammedkalouti/Documents/Codex/2026-09-27/i/work/art/aircraft-final-production-v3/stage/assets/build/frames/unit.IR.fighter/team/parked_empty/d05_f00.png'
16:11.297  render           | Saved: '/Users/mohammedkalouti/Documents/Codex/2026-09-27/i/work/art/aircraft-final-production-v3/stage/assets/build/frames/unit.IR.fighter/shadow/parked_empty/d05_f00.png'
16:11.841  render           | Saved: '/Users/mohammedkalouti/Documents/Codex/2026-09-27/i/work/art/aircraft-final-production-v3/stage/assets/build/frames/unit.IR.fighter/beauty/parked_empty/d06_f00.png'
16:12.329  render           | Saved: '/Users/mohammedkalouti/Documents/Codex/2026-09-27/i/work/art/aircraft-final-production-v3/stage/assets/build/frames/unit.IR.fighter/team/parked_empty/d06_f00.png'
16:13.137  render           | Saved: '/Users/mohammedkalouti/Documents/Codex/2026-09-27/i/work/art/aircraft-final-production-v3/stage/assets/build/frames/unit.IR.fighter/shadow/parked_empty/d06_f00.png'
16:13.701  render           | Saved: '/Users/mohammedkalouti/Documents/Codex/2026-09-27/i/work/art/aircraft-final-production-v3/stage/assets/build/frames/unit.IR.fighter/beauty/parked_empty/d08_f00.png'
16:14.244  render           | Saved: '/Users/mohammedkalouti/Documents/Codex/2026-09-27/i/work/art/aircraft-final-production-v3/stage/assets/build/frames/unit.IR.fighter/team/parked_empty/d08_f00.png'
16:15.182  render           | Saved: '/Users/mohammedkalouti/Documents/Codex/2026-09-27/i/work/art/aircraft-final-production-v3/stage/assets/build/frames/unit.IR.fighter/shadow/parked_empty/d08_f00.png'
16:15.774  render           | Saved: '/Users/mohammedkalouti/Documents/Codex/2026-09-27/i/work/art/aircraft-final-production-v3/stage/assets/build/frames/unit.IR.fighter/beauty/parked_empty/d09_f00.png'
16:16.292  render           | Saved: '/Users/mohammedkalouti/Documents/Codex/2026-09-27/i/work/art/aircraft-final-production-v3/stage/assets/build/frames/unit.IR.fighter/team/parked_empty/d09_f00.png'
16:17.138  render           | Saved: '/Users/mohammedkalouti/Documents/Codex/2026-09-27/i/work/art/aircraft-final-production-v3/stage/assets/build/frames/unit.IR.fighter/shadow/parked_empty/d09_f00.png'
16:17.689  render           | Saved: '/Users/mohammedkalouti/Documents/Codex/2026-09-27/i/work/art/aircraft-final-production-v3/stage/assets/build/frames/unit.IR.fighter/beauty/parked_empty/d10_f00.png'
16:18.180  render           | Saved: '/Users/mohammedkalouti/Documents/Codex/2026-09-27/i/work/art/aircraft-final-production-v3/stage/assets/build/frames/unit.IR.fighter/team/parked_empty/d10_f00.png'
16:18.994  render           | Saved: '/Users/mohammedkalouti/Documents/Codex/2026-09-27/i/work/art/aircraft-final-production-v3/stage/assets/build/frames/unit.IR.fighter/shadow/parked_empty/d10_f00.png'
16:19.535  render           | Saved: '/Users/mohammedkalouti/Documents/Codex/2026-09-27/i/work/art/aircraft-final-production-v3/stage/assets/build/frames/unit.IR.fighter/beauty/parked_empty/d12_f00.png'
16:20.061  render           | Saved: '/Users/mohammedkalouti/Documents/Codex/2026-09-27/i/work/art/aircraft-final-production-v3/stage/assets/build/frames/unit.IR.fighter/team/parked_empty/d12_f00.png'
16:20.880  render           | Saved: '/Users/mohammedkalouti/Documents/Codex/2026-09-27/i/work/art/aircraft-final-production-v3/stage/assets/build/frames/unit.IR.fighter/shadow/parked_empty/d12_f00.png'
16:21.422  render           | Saved: '/Users/mohammedkalouti/Documents/Codex/2026-09-27/i/work/art/aircraft-final-production-v3/stage/assets/build/frames/unit.IR.fighter/beauty/parked_empty/d13_f00.png'
16:21.906  render           | Saved: '/Users/mohammedkalouti/Documents/Codex/2026-09-27/i/work/art/aircraft-final-production-v3/stage/assets/build/frames/unit.IR.fighter/team/parked_empty/d13_f00.png'
16:22.741  render           | Saved: '/Users/mohammedkalouti/Documents/Codex/2026-09-27/i/work/art/aircraft-final-production-v3/stage/assets/build/frames/unit.IR.fighter/shadow/parked_empty/d13_f00.png'
16:23.288  render           | Saved: '/Users/mohammedkalouti/Documents/Codex/2026-09-27/i/work/art/aircraft-final-production-v3/stage/assets/build/frames/unit.IR.fighter/beauty/parked_empty/d14_f00.png'
16:23.776  render           | Saved: '/Users/mohammedkalouti/Documents/Codex/2026-09-27/i/work/art/aircraft-final-production-v3/stage/assets/build/frames/unit.IR.fighter/team/parked_empty/d14_f00.png'
16:24.600  render           | Saved: '/Users/mohammedkalouti/Documents/Codex/2026-09-27/i/work/art/aircraft-final-production-v3/stage/assets/build/frames/unit.IR.fighter/shadow/parked_empty/d14_f00.png'
16:25.161  render           | Saved: '/Users/mohammedkalouti/Documents/Codex/2026-09-27/i/work/art/aircraft-final-production-v3/stage/assets/build/frames/unit.IR.fighter/beauty/launch_empty/d00_f00.png'
16:25.671  render           | Saved: '/Users/mohammedkalouti/Documents/Codex/2026-09-27/i/work/art/aircraft-final-production-v3/stage/assets/build/frames/unit.IR.fighter/team/launch_empty/d00_f00.png'
16:26.500  render           | Saved: '/Users/mohammedkalouti/Documents/Codex/2026-09-27/i/work/art/aircraft-final-production-v3/stage/assets/build/frames/unit.IR.fighter/shadow/launch_empty/d00_f00.png'
16:27.060  render           | Saved: '/Users/mohammedkalouti/Documents/Codex/2026-09-27/i/work/art/aircraft-final-production-v3/stage/assets/build/frames/unit.IR.fighter/beauty/launch_empty/d00_f01.png'
16:27.564  render           | Saved: '/Users/mohammedkalouti/Documents/Codex/2026-09-27/i/work/art/aircraft-final-production-v3/stage/assets/build/frames/unit.IR.fighter/team/launch_empty/d00_f01.png'
16:28.383  render           | Saved: '/Users/mohammedkalouti/Documents/Codex/2026-09-27/i/work/art/aircraft-final-production-v3/stage/assets/build/frames/unit.IR.fighter/shadow/launch_empty/d00_f01.png'
16:28.969  render           | Saved: '/Users/mohammedkalouti/Documents/Codex/2026-09-27/i/work/art/aircraft-final-production-v3/stage/assets/build/frames/unit.IR.fighter/beauty/launch_empty/d00_f02.png'
16:29.511  render           | Saved: '/Users/mohammedkalouti/Documents/Codex/2026-09-27/i/work/art/aircraft-final-production-v3/stage/assets/build/frames/unit.IR.fighter/team/launch_empty/d00_f02.png'
16:30.378  render           | Saved: '/Users/mohammedkalouti/Documents/Codex/2026-09-27/i/work/art/aircraft-final-production-v3/stage/assets/build/frames/unit.IR.fighter/shadow/launch_empty/d00_f02.png'
16:30.963  render           | Saved: '/Users/mohammedkalouti/Documents/Codex/2026-09-27/i/work/art/aircraft-final-production-v3/stage/assets/build/frames/unit.IR.fighter/beauty/launch_empty/d00_f03.png'
16:31.467  render           | Saved: '/Users/mohammedkalouti/Documents/Codex/2026-09-27/i/work/art/aircraft-final-production-v3/stage/assets/build/frames/unit.IR.fighter/team/launch_empty/d00_f03.png'
16:32.285  render           | Saved: '/Users/mohammedkalouti/Documents/Codex/2026-09-27/i/work/art/aircraft-final-production-v3/stage/assets/build/frames/unit.IR.fighter/shadow/launch_empty/d00_f03.png'
16:32.845  render           | Saved: '/Users/mohammedkalouti/Documents/Codex/2026-09-27/i/work/art/aircraft-final-production-v3/stage/assets/build/frames/unit.IR.fighter/beauty/launch_empty/d01_f00.png'
16:33.388  render           | Saved: '/Users/mohammedkalouti/Documents/Codex/2026-09-27/i/work/art/aircraft-final-production-v3/stage/assets/build/frames/unit.IR.fighter/team/launch_empty/d01_f00.png'
16:34.204  render           | Saved: '/Users/mohammedkalouti/Documents/Codex/2026-09-27/i/work/art/aircraft-final-production-v3/stage/assets/build/frames/unit.IR.fighter/shadow/launch_empty/d01_f00.png'
16:34.747  render           | Saved: '/Users/mohammedkalouti/Documents/Codex/2026-09-27/i/work/art/aircraft-final-production-v3/stage/assets/build/frames/unit.IR.fighter/beauty/launch_empty/d01_f01.png'
16:35.228  render           | Saved: '/Users/mohammedkalouti/Documents/Codex/2026-09-27/i/work/art/aircraft-final-production-v3/stage/assets/build/frames/unit.IR.fighter/team/launch_empty/d01_f01.png'
16:36.052  render           | Saved: '/Users/mohammedkalouti/Documents/Codex/2026-09-27/i/work/art/aircraft-final-production-v3/stage/assets/build/frames/unit.IR.fighter/shadow/launch_empty/d01_f01.png'
16:36.637  render           | Saved: '/Users/mohammedkalouti/Documents/Codex/2026-09-27/i/work/art/aircraft-final-production-v3/stage/assets/build/frames/unit.IR.fighter/beauty/launch_empty/d01_f02.png'
16:37.128  render           | Saved: '/Users/mohammedkalouti/Documents/Codex/2026-09-27/i/work/art/aircraft-final-production-v3/stage/assets/build/frames/unit.IR.fighter/team/launch_empty/d01_f02.png'
16:37.940  render           | Saved: '/Users/mohammedkalouti/Documents/Codex/2026-09-27/i/work/art/aircraft-final-production-v3/stage/assets/build/frames/unit.IR.fighter/shadow/launch_empty/d01_f02.png'
16:38.487  render           | Saved: '/Users/mohammedkalouti/Documents/Codex/2026-09-27/i/work/art/aircraft-final-production-v3/stage/assets/build/frames/unit.IR.fighter/beauty/launch_empty/d01_f03.png'
16:38.972  render           | Saved: '/Users/mohammedkalouti/Documents/Codex/2026-09-27/i/work/art/aircraft-final-production-v3/stage/assets/build/frames/unit.IR.fighter/team/launch_empty/d01_f03.png'
16:39.803  render           | Saved: '/Users/mohammedkalouti/Documents/Codex/2026-09-27/i/work/art/aircraft-final-production-v3/stage/assets/build/frames/unit.IR.fighter/shadow/launch_empty/d01_f03.png'
16:40.352  render           | Saved: '/Users/mohammedkalouti/Documents/Codex/2026-09-27/i/work/art/aircraft-final-production-v3/stage/assets/build/frames/unit.IR.fighter/beauty/launch_empty/d02_f00.png'
16:40.841  render           | Saved: '/Users/mohammedkalouti/Documents/Codex/2026-09-27/i/work/art/aircraft-final-production-v3/stage/assets/build/frames/unit.IR.fighter/team/launch_empty/d02_f00.png'
16:41.673  render           | Saved: '/Users/mohammedkalouti/Documents/Codex/2026-09-27/i/work/art/aircraft-final-production-v3/stage/assets/build/frames/unit.IR.fighter/shadow/launch_empty/d02_f00.png'
16:42.226  render           | Saved: '/Users/mohammedkalouti/Documents/Codex/2026-09-27/i/work/art/aircraft-final-production-v3/stage/assets/build/frames/unit.IR.fighter/beauty/launch_empty/d02_f01.png'
16:42.711  render           | Saved: '/Users/mohammedkalouti/Documents/Codex/2026-09-27/i/work/art/aircraft-final-production-v3/stage/assets/build/frames/unit.IR.fighter/team/launch_empty/d02_f01.png'
16:43.526  render           | Saved: '/Users/mohammedkalouti/Documents/Codex/2026-09-27/i/work/art/aircraft-final-production-v3/stage/assets/build/frames/unit.IR.fighter/shadow/launch_empty/d02_f01.png'
16:44.069  render           | Saved: '/Users/mohammedkalouti/Documents/Codex/2026-09-27/i/work/art/aircraft-final-production-v3/stage/assets/build/frames/unit.IR.fighter/beauty/launch_empty/d02_f02.png'
16:44.550  render           | Saved: '/Users/mohammedkalouti/Documents/Codex/2026-09-27/i/work/art/aircraft-final-production-v3/stage/assets/build/frames/unit.IR.fighter/team/launch_empty/d02_f02.png'
16:45.350  render           | Saved: '/Users/mohammedkalouti/Documents/Codex/2026-09-27/i/work/art/aircraft-final-production-v3/stage/assets/build/frames/unit.IR.fighter/shadow/launch_empty/d02_f02.png'
16:45.980  render           | Saved: '/Users/mohammedkalouti/Documents/Codex/2026-09-27/i/work/art/aircraft-final-production-v3/stage/assets/build/frames/unit.IR.fighter/beauty/launch_empty/d02_f03.png'
16:46.455  render           | Saved: '/Users/mohammedkalouti/Documents/Codex/2026-09-27/i/work/art/aircraft-final-production-v3/stage/assets/build/frames/unit.IR.fighter/team/launch_empty/d02_f03.png'
16:47.262  render           | Saved: '/Users/mohammedkalouti/Documents/Codex/2026-09-27/i/work/art/aircraft-final-production-v3/stage/assets/build/frames/unit.IR.fighter/shadow/launch_empty/d02_f03.png'
16:47.834  render           | Saved: '/Users/mohammedkalouti/Documents/Codex/2026-09-27/i/work/art/aircraft-final-production-v3/stage/assets/build/frames/unit.IR.fighter/beauty/launch_empty/d03_f00.png'
16:48.306  render           | Saved: '/Users/mohammedkalouti/Documents/Codex/2026-09-27/i/work/art/aircraft-final-production-v3/stage/assets/build/frames/unit.IR.fighter/team/launch_empty/d03_f00.png'
16:49.132  render           | Saved: '/Users/mohammedkalouti/Documents/Codex/2026-09-27/i/work/art/aircraft-final-production-v3/stage/assets/build/frames/unit.IR.fighter/shadow/launch_empty/d03_f00.png'
16:49.669  render           | Saved: '/Users/mohammedkalouti/Documents/Codex/2026-09-27/i/work/art/aircraft-final-production-v3/stage/assets/build/frames/unit.IR.fighter/beauty/launch_empty/d03_f01.png'
16:50.144  render           | Saved: '/Users/mohammedkalouti/Documents/Codex/2026-09-27/i/work/art/aircraft-final-production-v3/stage/assets/build/frames/unit.IR.fighter/team/launch_empty/d03_f01.png'
16:50.950  render           | Saved: '/Users/mohammedkalouti/Documents/Codex/2026-09-27/i/work/art/aircraft-final-production-v3/stage/assets/build/frames/unit.IR.fighter/shadow/launch_empty/d03_f01.png'
16:51.512  render           | Saved: '/Users/mohammedkalouti/Documents/Codex/2026-09-27/i/work/art/aircraft-final-production-v3/stage/assets/build/frames/unit.IR.fighter/beauty/launch_empty/d03_f02.png'
16:52.004  render           | Saved: '/Users/mohammedkalouti/Documents/Codex/2026-09-27/i/work/art/aircraft-final-production-v3/stage/assets/build/frames/unit.IR.fighter/team/launch_empty/d03_f02.png'
16:52.815  render           | Saved: '/Users/mohammedkalouti/Documents/Codex/2026-09-27/i/work/art/aircraft-final-production-v3/stage/assets/build/frames/unit.IR.fighter/shadow/launch_empty/d03_f02.png'
16:53.351  render           | Saved: '/Users/mohammedkalouti/Documents/Codex/2026-09-27/i/work/art/aircraft-final-production-v3/stage/assets/build/frames/unit.IR.fighter/beauty/launch_empty/d03_f03.png'
16:53.818  render           | Saved: '/Users/mohammedkalouti/Documents/Codex/2026-09-27/i/work/art/aircraft-final-production-v3/stage/assets/build/frames/unit.IR.fighter/team/launch_empty/d03_f03.png'
16:54.620  render           | Saved: '/Users/mohammedkalouti/Documents/Codex/2026-09-27/i/work/art/aircraft-final-production-v3/stage/assets/build/frames/unit.IR.fighter/shadow/launch_empty/d03_f03.png'
16:55.171  render           | Saved: '/Users/mohammedkalouti/Documents/Codex/2026-09-27/i/work/art/aircraft-final-production-v3/stage/assets/build/frames/unit.IR.fighter/beauty/launch_empty/d04_f00.png'
16:55.651  render           | Saved: '/Users/mohammedkalouti/Documents/Codex/2026-09-27/i/work/art/aircraft-final-production-v3/stage/assets/build/frames/unit.IR.fighter/team/launch_empty/d04_f00.png'
16:56.458  render           | Saved: '/Users/mohammedkalouti/Documents/Codex/2026-09-27/i/work/art/aircraft-final-production-v3/stage/assets/build/frames/unit.IR.fighter/shadow/launch_empty/d04_f00.png'
16:56.992  render           | Saved: '/Users/mohammedkalouti/Documents/Codex/2026-09-27/i/work/art/aircraft-final-production-v3/stage/assets/build/frames/unit.IR.fighter/beauty/launch_empty/d04_f01.png'
16:57.483  render           | Saved: '/Users/mohammedkalouti/Documents/Codex/2026-09-27/i/work/art/aircraft-final-production-v3/stage/assets/build/frames/unit.IR.fighter/team/launch_empty/d04_f01.png'
16:58.280  render           | Saved: '/Users/mohammedkalouti/Documents/Codex/2026-09-27/i/work/art/aircraft-final-production-v3/stage/assets/build/frames/unit.IR.fighter/shadow/launch_empty/d04_f01.png'
16:58.818  render           | Saved: '/Users/mohammedkalouti/Documents/Codex/2026-09-27/i/work/art/aircraft-final-production-v3/stage/assets/build/frames/unit.IR.fighter/beauty/launch_empty/d04_f02.png'
16:59.295  render           | Saved: '/Users/mohammedkalouti/Documents/Codex/2026-09-27/i/work/art/aircraft-final-production-v3/stage/assets/build/frames/unit.IR.fighter/team/launch_empty/d04_f02.png'
17:00.095  render           | Saved: '/Users/mohammedkalouti/Documents/Codex/2026-09-27/i/work/art/aircraft-final-production-v3/stage/assets/build/frames/unit.IR.fighter/shadow/launch_empty/d04_f02.png'
17:00.644  render           | Saved: '/Users/mohammedkalouti/Documents/Codex/2026-09-27/i/work/art/aircraft-final-production-v3/stage/assets/build/frames/unit.IR.fighter/beauty/launch_empty/d04_f03.png'
17:01.161  render           | Saved: '/Users/mohammedkalouti/Documents/Codex/2026-09-27/i/work/art/aircraft-final-production-v3/stage/assets/build/frames/unit.IR.fighter/team/launch_empty/d04_f03.png'
17:01.973  render           | Saved: '/Users/mohammedkalouti/Documents/Codex/2026-09-27/i/work/art/aircraft-final-production-v3/stage/assets/build/frames/unit.IR.fighter/shadow/launch_empty/d04_f03.png'
17:02.519  render           | Saved: '/Users/mohammedkalouti/Documents/Codex/2026-09-27/i/work/art/aircraft-final-production-v3/stage/assets/build/frames/unit.IR.fighter/beauty/launch_empty/d05_f00.png'
17:03.000  render           | Saved: '/Users/mohammedkalouti/Documents/Codex/2026-09-27/i/work/art/aircraft-final-production-v3/stage/assets/build/frames/unit.IR.fighter/team/launch_empty/d05_f00.png'
17:03.817  render           | Saved: '/Users/mohammedkalouti/Documents/Codex/2026-09-27/i/work/art/aircraft-final-production-v3/stage/assets/build/frames/unit.IR.fighter/shadow/launch_empty/d05_f00.png'
17:04.356  render           | Saved: '/Users/mohammedkalouti/Documents/Codex/2026-09-27/i/work/art/aircraft-final-production-v3/stage/assets/build/frames/unit.IR.fighter/beauty/launch_empty/d05_f01.png'
17:04.831  render           | Saved: '/Users/mohammedkalouti/Documents/Codex/2026-09-27/i/work/art/aircraft-final-production-v3/stage/assets/build/frames/unit.IR.fighter/team/launch_empty/d05_f01.png'
17:05.642  render           | Saved: '/Users/mohammedkalouti/Documents/Codex/2026-09-27/i/work/art/aircraft-final-production-v3/stage/assets/build/frames/unit.IR.fighter/shadow/launch_empty/d05_f01.png'
17:06.213  render           | Saved: '/Users/mohammedkalouti/Documents/Codex/2026-09-27/i/work/art/aircraft-final-production-v3/stage/assets/build/frames/unit.IR.fighter/beauty/launch_empty/d05_f02.png'
17:06.725  render           | Saved: '/Users/mohammedkalouti/Documents/Codex/2026-09-27/i/work/art/aircraft-final-production-v3/stage/assets/build/frames/unit.IR.fighter/team/launch_empty/d05_f02.png'
17:07.608  render           | Saved: '/Users/mohammedkalouti/Documents/Codex/2026-09-27/i/work/art/aircraft-final-production-v3/stage/assets/build/frames/unit.IR.fighter/shadow/launch_empty/d05_f02.png'
17:08.166  render           | Saved: '/Users/mohammedkalouti/Documents/Codex/2026-09-27/i/work/art/aircraft-final-production-v3/stage/assets/build/frames/unit.IR.fighter/beauty/launch_empty/d05_f03.png'
17:08.665  render           | Saved: '/Users/mohammedkalouti/Documents/Codex/2026-09-27/i/work/art/aircraft-final-production-v3/stage/assets/build/frames/unit.IR.fighter/team/launch_empty/d05_f03.png'
17:09.622  render           | Saved: '/Users/mohammedkalouti/Documents/Codex/2026-09-27/i/work/art/aircraft-final-production-v3/stage/assets/build/frames/unit.IR.fighter/shadow/launch_empty/d05_f03.png'
17:10.217  render           | Saved: '/Users/mohammedkalouti/Documents/Codex/2026-09-27/i/work/art/aircraft-final-production-v3/stage/assets/build/frames/unit.IR.fighter/beauty/launch_empty/d06_f00.png'
17:10.743  render           | Saved: '/Users/mohammedkalouti/Documents/Codex/2026-09-27/i/work/art/aircraft-final-production-v3/stage/assets/build/frames/unit.IR.fighter/team/launch_empty/d06_f00.png'
17:11.595  render           | Saved: '/Users/mohammedkalouti/Documents/Codex/2026-09-27/i/work/art/aircraft-final-production-v3/stage/assets/build/frames/unit.IR.fighter/shadow/launch_empty/d06_f00.png'
17:12.152  render           | Saved: '/Users/mohammedkalouti/Documents/Codex/2026-09-27/i/work/art/aircraft-final-production-v3/stage/assets/build/frames/unit.IR.fighter/beauty/launch_empty/d06_f01.png'
17:12.634  render           | Saved: '/Users/mohammedkalouti/Documents/Codex/2026-09-27/i/work/art/aircraft-final-production-v3/stage/assets/build/frames/unit.IR.fighter/team/launch_empty/d06_f01.png'
17:13.448  render           | Saved: '/Users/mohammedkalouti/Documents/Codex/2026-09-27/i/work/art/aircraft-final-production-v3/stage/assets/build/frames/unit.IR.fighter/shadow/launch_empty/d06_f01.png'
17:14.010  render           | Saved: '/Users/mohammedkalouti/Documents/Codex/2026-09-27/i/work/art/aircraft-final-production-v3/stage/assets/build/frames/unit.IR.fighter/beauty/launch_empty/d06_f02.png'
17:14.507  render           | Saved: '/Users/mohammedkalouti/Documents/Codex/2026-09-27/i/work/art/aircraft-final-production-v3/stage/assets/build/frames/unit.IR.fighter/team/launch_empty/d06_f02.png'
17:15.338  render           | Saved: '/Users/mohammedkalouti/Documents/Codex/2026-09-27/i/work/art/aircraft-final-production-v3/stage/assets/build/frames/unit.IR.fighter/shadow/launch_empty/d06_f02.png'
17:15.890  render           | Saved: '/Users/mohammedkalouti/Documents/Codex/2026-09-27/i/work/art/aircraft-final-production-v3/stage/assets/build/frames/unit.IR.fighter/beauty/launch_empty/d06_f03.png'
17:16.372  render           | Saved: '/Users/mohammedkalouti/Documents/Codex/2026-09-27/i/work/art/aircraft-final-production-v3/stage/assets/build/frames/unit.IR.fighter/team/launch_empty/d06_f03.png'
17:17.214  render           | Saved: '/Users/mohammedkalouti/Documents/Codex/2026-09-27/i/work/art/aircraft-final-production-v3/stage/assets/build/frames/unit.IR.fighter/shadow/launch_empty/d06_f03.png'
17:17.765  render           | Saved: '/Users/mohammedkalouti/Documents/Codex/2026-09-27/i/work/art/aircraft-final-production-v3/stage/assets/build/frames/unit.IR.fighter/beauty/launch_empty/d07_f00.png'
17:18.284  render           | Saved: '/Users/mohammedkalouti/Documents/Codex/2026-09-27/i/work/art/aircraft-final-production-v3/stage/assets/build/frames/unit.IR.fighter/team/launch_empty/d07_f00.png'
17:19.112  render           | Saved: '/Users/mohammedkalouti/Documents/Codex/2026-09-27/i/work/art/aircraft-final-production-v3/stage/assets/build/frames/unit.IR.fighter/shadow/launch_empty/d07_f00.png'
17:19.663  render           | Saved: '/Users/mohammedkalouti/Documents/Codex/2026-09-27/i/work/art/aircraft-final-production-v3/stage/assets/build/frames/unit.IR.fighter/beauty/launch_empty/d07_f01.png'
17:20.148  render           | Saved: '/Users/mohammedkalouti/Documents/Codex/2026-09-27/i/work/art/aircraft-final-production-v3/stage/assets/build/frames/unit.IR.fighter/team/launch_empty/d07_f01.png'
17:20.970  render           | Saved: '/Users/mohammedkalouti/Documents/Codex/2026-09-27/i/work/art/aircraft-final-production-v3/stage/assets/build/frames/unit.IR.fighter/shadow/launch_empty/d07_f01.png'
17:21.542  render           | Saved: '/Users/mohammedkalouti/Documents/Codex/2026-09-27/i/work/art/aircraft-final-production-v3/stage/assets/build/frames/unit.IR.fighter/beauty/launch_empty/d07_f02.png'
17:22.025  render           | Saved: '/Users/mohammedkalouti/Documents/Codex/2026-09-27/i/work/art/aircraft-final-production-v3/stage/assets/build/frames/unit.IR.fighter/team/launch_empty/d07_f02.png'
17:22.838  render           | Saved: '/Users/mohammedkalouti/Documents/Codex/2026-09-27/i/work/art/aircraft-final-production-v3/stage/assets/build/frames/unit.IR.fighter/shadow/launch_empty/d07_f02.png'
17:23.378  render           | Saved: '/Users/mohammedkalouti/Documents/Codex/2026-09-27/i/work/art/aircraft-final-production-v3/stage/assets/build/frames/unit.IR.fighter/beauty/launch_empty/d07_f03.png'
17:23.857  render           | Saved: '/Users/mohammedkalouti/Documents/Codex/2026-09-27/i/work/art/aircraft-final-production-v3/stage/assets/build/frames/unit.IR.fighter/team/launch_empty/d07_f03.png'
17:24.699  render           | Saved: '/Users/mohammedkalouti/Documents/Codex/2026-09-27/i/work/art/aircraft-final-production-v3/stage/assets/build/frames/unit.IR.fighter/shadow/launch_empty/d07_f03.png'
17:25.285  render           | Saved: '/Users/mohammedkalouti/Documents/Codex/2026-09-27/i/work/art/aircraft-final-production-v3/stage/assets/build/frames/unit.IR.fighter/beauty/launch_empty/d08_f00.png'
17:25.752  render           | Saved: '/Users/mohammedkalouti/Documents/Codex/2026-09-27/i/work/art/aircraft-final-production-v3/stage/assets/build/frames/unit.IR.fighter/team/launch_empty/d08_f00.png'
17:26.545  render           | Saved: '/Users/mohammedkalouti/Documents/Codex/2026-09-27/i/work/art/aircraft-final-production-v3/stage/assets/build/frames/unit.IR.fighter/shadow/launch_empty/d08_f00.png'
17:27.077  render           | Saved: '/Users/mohammedkalouti/Documents/Codex/2026-09-27/i/work/art/aircraft-final-production-v3/stage/assets/build/frames/unit.IR.fighter/beauty/launch_empty/d08_f01.png'
17:27.547  render           | Saved: '/Users/mohammedkalouti/Documents/Codex/2026-09-27/i/work/art/aircraft-final-production-v3/stage/assets/build/frames/unit.IR.fighter/team/launch_empty/d08_f01.png'
17:28.338  render           | Saved: '/Users/mohammedkalouti/Documents/Codex/2026-09-27/i/work/art/aircraft-final-production-v3/stage/assets/build/frames/unit.IR.fighter/shadow/launch_empty/d08_f01.png'
17:28.878  render           | Saved: '/Users/mohammedkalouti/Documents/Codex/2026-09-27/i/work/art/aircraft-final-production-v3/stage/assets/build/frames/unit.IR.fighter/beauty/launch_empty/d08_f02.png'
17:29.363  render           | Saved: '/Users/mohammedkalouti/Documents/Codex/2026-09-27/i/work/art/aircraft-final-production-v3/stage/assets/build/frames/unit.IR.fighter/team/launch_empty/d08_f02.png'
17:30.197  render           | Saved: '/Users/mohammedkalouti/Documents/Codex/2026-09-27/i/work/art/aircraft-final-production-v3/stage/assets/build/frames/unit.IR.fighter/shadow/launch_empty/d08_f02.png'
17:30.758  render           | Saved: '/Users/mohammedkalouti/Documents/Codex/2026-09-27/i/work/art/aircraft-final-production-v3/stage/assets/build/frames/unit.IR.fighter/beauty/launch_empty/d08_f03.png'
17:31.264  render           | Saved: '/Users/mohammedkalouti/Documents/Codex/2026-09-27/i/work/art/aircraft-final-production-v3/stage/assets/build/frames/unit.IR.fighter/team/launch_empty/d08_f03.png'
17:32.076  render           | Saved: '/Users/mohammedkalouti/Documents/Codex/2026-09-27/i/work/art/aircraft-final-production-v3/stage/assets/build/frames/unit.IR.fighter/shadow/launch_empty/d08_f03.png'
17:32.652  render           | Saved: '/Users/mohammedkalouti/Documents/Codex/2026-09-27/i/work/art/aircraft-final-production-v3/stage/assets/build/frames/unit.IR.fighter/beauty/launch_empty/d09_f00.png'
17:33.125  render           | Saved: '/Users/mohammedkalouti/Documents/Codex/2026-09-27/i/work/art/aircraft-final-production-v3/stage/assets/build/frames/unit.IR.fighter/team/launch_empty/d09_f00.png'
17:33.949  render           | Saved: '/Users/mohammedkalouti/Documents/Codex/2026-09-27/i/work/art/aircraft-final-production-v3/stage/assets/build/frames/unit.IR.fighter/shadow/launch_empty/d09_f00.png'
17:34.499  render           | Saved: '/Users/mohammedkalouti/Documents/Codex/2026-09-27/i/work/art/aircraft-final-production-v3/stage/assets/build/frames/unit.IR.fighter/beauty/launch_empty/d09_f01.png'
17:35.017  render           | Saved: '/Users/mohammedkalouti/Documents/Codex/2026-09-27/i/work/art/aircraft-final-production-v3/stage/assets/build/frames/unit.IR.fighter/team/launch_empty/d09_f01.png'
17:35.836  render           | Saved: '/Users/mohammedkalouti/Documents/Codex/2026-09-27/i/work/art/aircraft-final-production-v3/stage/assets/build/frames/unit.IR.fighter/shadow/launch_empty/d09_f01.png'
17:36.395  render           | Saved: '/Users/mohammedkalouti/Documents/Codex/2026-09-27/i/work/art/aircraft-final-production-v3/stage/assets/build/frames/unit.IR.fighter/beauty/launch_empty/d09_f02.png'
17:36.871  render           | Saved: '/Users/mohammedkalouti/Documents/Codex/2026-09-27/i/work/art/aircraft-final-production-v3/stage/assets/build/frames/unit.IR.fighter/team/launch_empty/d09_f02.png'
17:37.676  render           | Saved: '/Users/mohammedkalouti/Documents/Codex/2026-09-27/i/work/art/aircraft-final-production-v3/stage/assets/build/frames/unit.IR.fighter/shadow/launch_empty/d09_f02.png'
17:38.229  render           | Saved: '/Users/mohammedkalouti/Documents/Codex/2026-09-27/i/work/art/aircraft-final-production-v3/stage/assets/build/frames/unit.IR.fighter/beauty/launch_empty/d09_f03.png'
17:38.710  render           | Saved: '/Users/mohammedkalouti/Documents/Codex/2026-09-27/i/work/art/aircraft-final-production-v3/stage/assets/build/frames/unit.IR.fighter/team/launch_empty/d09_f03.png'
17:39.506  render           | Saved: '/Users/mohammedkalouti/Documents/Codex/2026-09-27/i/work/art/aircraft-final-production-v3/stage/assets/build/frames/unit.IR.fighter/shadow/launch_empty/d09_f03.png'
17:40.065  render           | Saved: '/Users/mohammedkalouti/Documents/Codex/2026-09-27/i/work/art/aircraft-final-production-v3/stage/assets/build/frames/unit.IR.fighter/beauty/launch_empty/d10_f00.png'
17:40.555  render           | Saved: '/Users/mohammedkalouti/Documents/Codex/2026-09-27/i/work/art/aircraft-final-production-v3/stage/assets/build/frames/unit.IR.fighter/team/launch_empty/d10_f00.png'
17:41.387  render           | Saved: '/Users/mohammedkalouti/Documents/Codex/2026-09-27/i/work/art/aircraft-final-production-v3/stage/assets/build/frames/unit.IR.fighter/shadow/launch_empty/d10_f00.png'
17:41.938  render           | Saved: '/Users/mohammedkalouti/Documents/Codex/2026-09-27/i/work/art/aircraft-final-production-v3/stage/assets/build/frames/unit.IR.fighter/beauty/launch_empty/d10_f01.png'
17:42.454  render           | Saved: '/Users/mohammedkalouti/Documents/Codex/2026-09-27/i/work/art/aircraft-final-production-v3/stage/assets/build/frames/unit.IR.fighter/team/launch_empty/d10_f01.png'
17:43.246  render           | Saved: '/Users/mohammedkalouti/Documents/Codex/2026-09-27/i/work/art/aircraft-final-production-v3/stage/assets/build/frames/unit.IR.fighter/shadow/launch_empty/d10_f01.png'
17:43.793  render           | Saved: '/Users/mohammedkalouti/Documents/Codex/2026-09-27/i/work/art/aircraft-final-production-v3/stage/assets/build/frames/unit.IR.fighter/beauty/launch_empty/d10_f02.png'
17:44.270  render           | Saved: '/Users/mohammedkalouti/Documents/Codex/2026-09-27/i/work/art/aircraft-final-production-v3/stage/assets/build/frames/unit.IR.fighter/team/launch_empty/d10_f02.png'
17:45.088  render           | Saved: '/Users/mohammedkalouti/Documents/Codex/2026-09-27/i/work/art/aircraft-final-production-v3/stage/assets/build/frames/unit.IR.fighter/shadow/launch_empty/d10_f02.png'
17:45.654  render           | Saved: '/Users/mohammedkalouti/Documents/Codex/2026-09-27/i/work/art/aircraft-final-production-v3/stage/assets/build/frames/unit.IR.fighter/beauty/launch_empty/d10_f03.png'
17:46.162  render           | Saved: '/Users/mohammedkalouti/Documents/Codex/2026-09-27/i/work/art/aircraft-final-production-v3/stage/assets/build/frames/unit.IR.fighter/team/launch_empty/d10_f03.png'
17:46.974  render           | Saved: '/Users/mohammedkalouti/Documents/Codex/2026-09-27/i/work/art/aircraft-final-production-v3/stage/assets/build/frames/unit.IR.fighter/shadow/launch_empty/d10_f03.png'
17:47.531  render           | Saved: '/Users/mohammedkalouti/Documents/Codex/2026-09-27/i/work/art/aircraft-final-production-v3/stage/assets/build/frames/unit.IR.fighter/beauty/launch_empty/d11_f00.png'
17:48.005  render           | Saved: '/Users/mohammedkalouti/Documents/Codex/2026-09-27/i/work/art/aircraft-final-production-v3/stage/assets/build/frames/unit.IR.fighter/team/launch_empty/d11_f00.png'
17:48.811  render           | Saved: '/Users/mohammedkalouti/Documents/Codex/2026-09-27/i/work/art/aircraft-final-production-v3/stage/assets/build/frames/unit.IR.fighter/shadow/launch_empty/d11_f00.png'
17:49.367  render           | Saved: '/Users/mohammedkalouti/Documents/Codex/2026-09-27/i/work/art/aircraft-final-production-v3/stage/assets/build/frames/unit.IR.fighter/beauty/launch_empty/d11_f01.png'
17:49.850  render           | Saved: '/Users/mohammedkalouti/Documents/Codex/2026-09-27/i/work/art/aircraft-final-production-v3/stage/assets/build/frames/unit.IR.fighter/team/launch_empty/d11_f01.png'
17:50.654  render           | Saved: '/Users/mohammedkalouti/Documents/Codex/2026-09-27/i/work/art/aircraft-final-production-v3/stage/assets/build/frames/unit.IR.fighter/shadow/launch_empty/d11_f01.png'
17:51.213  render           | Saved: '/Users/mohammedkalouti/Documents/Codex/2026-09-27/i/work/art/aircraft-final-production-v3/stage/assets/build/frames/unit.IR.fighter/beauty/launch_empty/d11_f02.png'
17:51.723  render           | Saved: '/Users/mohammedkalouti/Documents/Codex/2026-09-27/i/work/art/aircraft-final-production-v3/stage/assets/build/frames/unit.IR.fighter/team/launch_empty/d11_f02.png'
17:52.562  render           | Saved: '/Users/mohammedkalouti/Documents/Codex/2026-09-27/i/work/art/aircraft-final-production-v3/stage/assets/build/frames/unit.IR.fighter/shadow/launch_empty/d11_f02.png'
17:53.097  render           | Saved: '/Users/mohammedkalouti/Documents/Codex/2026-09-27/i/work/art/aircraft-final-production-v3/stage/assets/build/frames/unit.IR.fighter/beauty/launch_empty/d11_f03.png'
17:53.571  render           | Saved: '/Users/mohammedkalouti/Documents/Codex/2026-09-27/i/work/art/aircraft-final-production-v3/stage/assets/build/frames/unit.IR.fighter/team/launch_empty/d11_f03.png'
17:54.393  render           | Saved: '/Users/mohammedkalouti/Documents/Codex/2026-09-27/i/work/art/aircraft-final-production-v3/stage/assets/build/frames/unit.IR.fighter/shadow/launch_empty/d11_f03.png'
17:54.973  render           | Saved: '/Users/mohammedkalouti/Documents/Codex/2026-09-27/i/work/art/aircraft-final-production-v3/stage/assets/build/frames/unit.IR.fighter/beauty/launch_empty/d12_f00.png'
17:55.498  render           | Saved: '/Users/mohammedkalouti/Documents/Codex/2026-09-27/i/work/art/aircraft-final-production-v3/stage/assets/build/frames/unit.IR.fighter/team/launch_empty/d12_f00.png'
17:56.314  render           | Saved: '/Users/mohammedkalouti/Documents/Codex/2026-09-27/i/work/art/aircraft-final-production-v3/stage/assets/build/frames/unit.IR.fighter/shadow/launch_empty/d12_f00.png'
17:56.848  render           | Saved: '/Users/mohammedkalouti/Documents/Codex/2026-09-27/i/work/art/aircraft-final-production-v3/stage/assets/build/frames/unit.IR.fighter/beauty/launch_empty/d12_f01.png'
17:57.334  render           | Saved: '/Users/mohammedkalouti/Documents/Codex/2026-09-27/i/work/art/aircraft-final-production-v3/stage/assets/build/frames/unit.IR.fighter/team/launch_empty/d12_f01.png'
17:58.147  render           | Saved: '/Users/mohammedkalouti/Documents/Codex/2026-09-27/i/work/art/aircraft-final-production-v3/stage/assets/build/frames/unit.IR.fighter/shadow/launch_empty/d12_f01.png'
17:58.684  render           | Saved: '/Users/mohammedkalouti/Documents/Codex/2026-09-27/i/work/art/aircraft-final-production-v3/stage/assets/build/frames/unit.IR.fighter/beauty/launch_empty/d12_f02.png'
17:59.159  render           | Saved: '/Users/mohammedkalouti/Documents/Codex/2026-09-27/i/work/art/aircraft-final-production-v3/stage/assets/build/frames/unit.IR.fighter/team/launch_empty/d12_f02.png'
17:59.963  render           | Saved: '/Users/mohammedkalouti/Documents/Codex/2026-09-27/i/work/art/aircraft-final-production-v3/stage/assets/build/frames/unit.IR.fighter/shadow/launch_empty/d12_f02.png'
18:00.504  render           | Saved: '/Users/mohammedkalouti/Documents/Codex/2026-09-27/i/work/art/aircraft-final-production-v3/stage/assets/build/frames/unit.IR.fighter/beauty/launch_empty/d12_f03.png'
18:00.984  render           | Saved: '/Users/mohammedkalouti/Documents/Codex/2026-09-27/i/work/art/aircraft-final-production-v3/stage/assets/build/frames/unit.IR.fighter/team/launch_empty/d12_f03.png'
18:01.777  render           | Saved: '/Users/mohammedkalouti/Documents/Codex/2026-09-27/i/work/art/aircraft-final-production-v3/stage/assets/build/frames/unit.IR.fighter/shadow/launch_empty/d12_f03.png'
18:02.333  render           | Saved: '/Users/mohammedkalouti/Documents/Codex/2026-09-27/i/work/art/aircraft-final-production-v3/stage/assets/build/frames/unit.IR.fighter/beauty/launch_empty/d13_f00.png'
18:02.808  render           | Saved: '/Users/mohammedkalouti/Documents/Codex/2026-09-27/i/work/art/aircraft-final-production-v3/stage/assets/build/frames/unit.IR.fighter/team/launch_empty/d13_f00.png'
18:03.628  render           | Saved: '/Users/mohammedkalouti/Documents/Codex/2026-09-27/i/work/art/aircraft-final-production-v3/stage/assets/build/frames/unit.IR.fighter/shadow/launch_empty/d13_f00.png'
18:04.171  render           | Saved: '/Users/mohammedkalouti/Documents/Codex/2026-09-27/i/work/art/aircraft-final-production-v3/stage/assets/build/frames/unit.IR.fighter/beauty/launch_empty/d13_f01.png'
18:04.660  render           | Saved: '/Users/mohammedkalouti/Documents/Codex/2026-09-27/i/work/art/aircraft-final-production-v3/stage/assets/build/frames/unit.IR.fighter/team/launch_empty/d13_f01.png'
18:05.486  render           | Saved: '/Users/mohammedkalouti/Documents/Codex/2026-09-27/i/work/art/aircraft-final-production-v3/stage/assets/build/frames/unit.IR.fighter/shadow/launch_empty/d13_f01.png'
18:06.032  render           | Saved: '/Users/mohammedkalouti/Documents/Codex/2026-09-27/i/work/art/aircraft-final-production-v3/stage/assets/build/frames/unit.IR.fighter/beauty/launch_empty/d13_f02.png'
18:06.506  render           | Saved: '/Users/mohammedkalouti/Documents/Codex/2026-09-27/i/work/art/aircraft-final-production-v3/stage/assets/build/frames/unit.IR.fighter/team/launch_empty/d13_f02.png'
18:07.334  render           | Saved: '/Users/mohammedkalouti/Documents/Codex/2026-09-27/i/work/art/aircraft-final-production-v3/stage/assets/build/frames/unit.IR.fighter/shadow/launch_empty/d13_f02.png'
18:07.875  render           | Saved: '/Users/mohammedkalouti/Documents/Codex/2026-09-27/i/work/art/aircraft-final-production-v3/stage/assets/build/frames/unit.IR.fighter/beauty/launch_empty/d13_f03.png'
18:08.379  render           | Saved: '/Users/mohammedkalouti/Documents/Codex/2026-09-27/i/work/art/aircraft-final-production-v3/stage/assets/build/frames/unit.IR.fighter/team/launch_empty/d13_f03.png'
18:09.190  render           | Saved: '/Users/mohammedkalouti/Documents/Codex/2026-09-27/i/work/art/aircraft-final-production-v3/stage/assets/build/frames/unit.IR.fighter/shadow/launch_empty/d13_f03.png'
18:09.740  render           | Saved: '/Users/mohammedkalouti/Documents/Codex/2026-09-27/i/work/art/aircraft-final-production-v3/stage/assets/build/frames/unit.IR.fighter/beauty/launch_empty/d14_f00.png'
18:10.219  render           | Saved: '/Users/mohammedkalouti/Documents/Codex/2026-09-27/i/work/art/aircraft-final-production-v3/stage/assets/build/frames/unit.IR.fighter/team/launch_empty/d14_f00.png'
18:11.037  render           | Saved: '/Users/mohammedkalouti/Documents/Codex/2026-09-27/i/work/art/aircraft-final-production-v3/stage/assets/build/frames/unit.IR.fighter/shadow/launch_empty/d14_f00.png'
18:11.604  render           | Saved: '/Users/mohammedkalouti/Documents/Codex/2026-09-27/i/work/art/aircraft-final-production-v3/stage/assets/build/frames/unit.IR.fighter/beauty/launch_empty/d14_f01.png'
18:12.103  render           | Saved: '/Users/mohammedkalouti/Documents/Codex/2026-09-27/i/work/art/aircraft-final-production-v3/stage/assets/build/frames/unit.IR.fighter/team/launch_empty/d14_f01.png'
18:12.914  render           | Saved: '/Users/mohammedkalouti/Documents/Codex/2026-09-27/i/work/art/aircraft-final-production-v3/stage/assets/build/frames/unit.IR.fighter/shadow/launch_empty/d14_f01.png'
18:13.459  render           | Saved: '/Users/mohammedkalouti/Documents/Codex/2026-09-27/i/work/art/aircraft-final-production-v3/stage/assets/build/frames/unit.IR.fighter/beauty/launch_empty/d14_f02.png'
18:13.941  render           | Saved: '/Users/mohammedkalouti/Documents/Codex/2026-09-27/i/work/art/aircraft-final-production-v3/stage/assets/build/frames/unit.IR.fighter/team/launch_empty/d14_f02.png'
18:14.762  render           | Saved: '/Users/mohammedkalouti/Documents/Codex/2026-09-27/i/work/art/aircraft-final-production-v3/stage/assets/build/frames/unit.IR.fighter/shadow/launch_empty/d14_f02.png'
18:15.304  render           | Saved: '/Users/mohammedkalouti/Documents/Codex/2026-09-27/i/work/art/aircraft-final-production-v3/stage/assets/build/frames/unit.IR.fighter/beauty/launch_empty/d14_f03.png'
18:15.790  render           | Saved: '/Users/mohammedkalouti/Documents/Codex/2026-09-27/i/work/art/aircraft-final-production-v3/stage/assets/build/frames/unit.IR.fighter/team/launch_empty/d14_f03.png'
18:16.605  render           | Saved: '/Users/mohammedkalouti/Documents/Codex/2026-09-27/i/work/art/aircraft-final-production-v3/stage/assets/build/frames/unit.IR.fighter/shadow/launch_empty/d14_f03.png'
18:17.166  render           | Saved: '/Users/mohammedkalouti/Documents/Codex/2026-09-27/i/work/art/aircraft-final-production-v3/stage/assets/build/frames/unit.IR.fighter/beauty/launch_empty/d15_f00.png'
18:17.682  render           | Saved: '/Users/mohammedkalouti/Documents/Codex/2026-09-27/i/work/art/aircraft-final-production-v3/stage/assets/build/frames/unit.IR.fighter/team/launch_empty/d15_f00.png'
18:18.493  render           | Saved: '/Users/mohammedkalouti/Documents/Codex/2026-09-27/i/work/art/aircraft-final-production-v3/stage/assets/build/frames/unit.IR.fighter/shadow/launch_empty/d15_f00.png'
18:19.034  render           | Saved: '/Users/mohammedkalouti/Documents/Codex/2026-09-27/i/work/art/aircraft-final-production-v3/stage/assets/build/frames/unit.IR.fighter/beauty/launch_empty/d15_f01.png'
18:19.536  render           | Saved: '/Users/mohammedkalouti/Documents/Codex/2026-09-27/i/work/art/aircraft-final-production-v3/stage/assets/build/frames/unit.IR.fighter/team/launch_empty/d15_f01.png'
18:20.367  render           | Saved: '/Users/mohammedkalouti/Documents/Codex/2026-09-27/i/work/art/aircraft-final-production-v3/stage/assets/build/frames/unit.IR.fighter/shadow/launch_empty/d15_f01.png'
18:20.967  render           | Saved: '/Users/mohammedkalouti/Documents/Codex/2026-09-27/i/work/art/aircraft-final-production-v3/stage/assets/build/frames/unit.IR.fighter/beauty/launch_empty/d15_f02.png'
18:21.480  render           | Saved: '/Users/mohammedkalouti/Documents/Codex/2026-09-27/i/work/art/aircraft-final-production-v3/stage/assets/build/frames/unit.IR.fighter/team/launch_empty/d15_f02.png'
18:22.304  render           | Saved: '/Users/mohammedkalouti/Documents/Codex/2026-09-27/i/work/art/aircraft-final-production-v3/stage/assets/build/frames/unit.IR.fighter/shadow/launch_empty/d15_f02.png'
18:22.846  render           | Saved: '/Users/mohammedkalouti/Documents/Codex/2026-09-27/i/work/art/aircraft-final-production-v3/stage/assets/build/frames/unit.IR.fighter/beauty/launch_empty/d15_f03.png'
18:23.342  render           | Saved: '/Users/mohammedkalouti/Documents/Codex/2026-09-27/i/work/art/aircraft-final-production-v3/stage/assets/build/frames/unit.IR.fighter/team/launch_empty/d15_f03.png'
18:24.173  render           | Saved: '/Users/mohammedkalouti/Documents/Codex/2026-09-27/i/work/art/aircraft-final-production-v3/stage/assets/build/frames/unit.IR.fighter/shadow/launch_empty/d15_f03.png'
18:24.721  render           | Saved: '/Users/mohammedkalouti/Documents/Codex/2026-09-27/i/work/art/aircraft-final-production-v3/stage/assets/build/frames/unit.IR.fighter/beauty/recover_empty/d00_f00.png'
18:25.201  render           | Saved: '/Users/mohammedkalouti/Documents/Codex/2026-09-27/i/work/art/aircraft-final-production-v3/stage/assets/build/frames/unit.IR.fighter/team/recover_empty/d00_f00.png'
18:26.014  render           | Saved: '/Users/mohammedkalouti/Documents/Codex/2026-09-27/i/work/art/aircraft-final-production-v3/stage/assets/build/frames/unit.IR.fighter/shadow/recover_empty/d00_f00.png'
18:26.590  render           | Saved: '/Users/mohammedkalouti/Documents/Codex/2026-09-27/i/work/art/aircraft-final-production-v3/stage/assets/build/frames/unit.IR.fighter/beauty/recover_empty/d00_f01.png'
18:27.069  render           | Saved: '/Users/mohammedkalouti/Documents/Codex/2026-09-27/i/work/art/aircraft-final-production-v3/stage/assets/build/frames/unit.IR.fighter/team/recover_empty/d00_f01.png'
18:27.878  render           | Saved: '/Users/mohammedkalouti/Documents/Codex/2026-09-27/i/work/art/aircraft-final-production-v3/stage/assets/build/frames/unit.IR.fighter/shadow/recover_empty/d00_f01.png'
18:28.438  render           | Saved: '/Users/mohammedkalouti/Documents/Codex/2026-09-27/i/work/art/aircraft-final-production-v3/stage/assets/build/frames/unit.IR.fighter/beauty/recover_empty/d00_f02.png'
18:28.915  render           | Saved: '/Users/mohammedkalouti/Documents/Codex/2026-09-27/i/work/art/aircraft-final-production-v3/stage/assets/build/frames/unit.IR.fighter/team/recover_empty/d00_f02.png'
18:29.719  render           | Saved: '/Users/mohammedkalouti/Documents/Codex/2026-09-27/i/work/art/aircraft-final-production-v3/stage/assets/build/frames/unit.IR.fighter/shadow/recover_empty/d00_f02.png'
18:30.259  render           | Saved: '/Users/mohammedkalouti/Documents/Codex/2026-09-27/i/work/art/aircraft-final-production-v3/stage/assets/build/frames/unit.IR.fighter/beauty/recover_empty/d00_f03.png'
18:30.738  render           | Saved: '/Users/mohammedkalouti/Documents/Codex/2026-09-27/i/work/art/aircraft-final-production-v3/stage/assets/build/frames/unit.IR.fighter/team/recover_empty/d00_f03.png'
18:31.569  render           | Saved: '/Users/mohammedkalouti/Documents/Codex/2026-09-27/i/work/art/aircraft-final-production-v3/stage/assets/build/frames/unit.IR.fighter/shadow/recover_empty/d00_f03.png'
18:32.116  render           | Saved: '/Users/mohammedkalouti/Documents/Codex/2026-09-27/i/work/art/aircraft-final-production-v3/stage/assets/build/frames/unit.IR.fighter/beauty/recover_empty/d01_f00.png'
18:32.620  render           | Saved: '/Users/mohammedkalouti/Documents/Codex/2026-09-27/i/work/art/aircraft-final-production-v3/stage/assets/build/frames/unit.IR.fighter/team/recover_empty/d01_f00.png'
18:33.430  render           | Saved: '/Users/mohammedkalouti/Documents/Codex/2026-09-27/i/work/art/aircraft-final-production-v3/stage/assets/build/frames/unit.IR.fighter/shadow/recover_empty/d01_f00.png'
18:33.986  render           | Saved: '/Users/mohammedkalouti/Documents/Codex/2026-09-27/i/work/art/aircraft-final-production-v3/stage/assets/build/frames/unit.IR.fighter/beauty/recover_empty/d01_f01.png'
18:34.500  render           | Saved: '/Users/mohammedkalouti/Documents/Codex/2026-09-27/i/work/art/aircraft-final-production-v3/stage/assets/build/frames/unit.IR.fighter/team/recover_empty/d01_f01.png'
18:35.520  render           | Saved: '/Users/mohammedkalouti/Documents/Codex/2026-09-27/i/work/art/aircraft-final-production-v3/stage/assets/build/frames/unit.IR.fighter/shadow/recover_empty/d01_f01.png'
18:36.202  render           | Saved: '/Users/mohammedkalouti/Documents/Codex/2026-09-27/i/work/art/aircraft-final-production-v3/stage/assets/build/frames/unit.IR.fighter/beauty/recover_empty/d01_f02.png'
18:36.747  render           | Saved: '/Users/mohammedkalouti/Documents/Codex/2026-09-27/i/work/art/aircraft-final-production-v3/stage/assets/build/frames/unit.IR.fighter/team/recover_empty/d01_f02.png'
18:37.570  render           | Saved: '/Users/mohammedkalouti/Documents/Codex/2026-09-27/i/work/art/aircraft-final-production-v3/stage/assets/build/frames/unit.IR.fighter/shadow/recover_empty/d01_f02.png'
18:38.117  render           | Saved: '/Users/mohammedkalouti/Documents/Codex/2026-09-27/i/work/art/aircraft-final-production-v3/stage/assets/build/frames/unit.IR.fighter/beauty/recover_empty/d01_f03.png'
18:38.600  render           | Saved: '/Users/mohammedkalouti/Documents/Codex/2026-09-27/i/work/art/aircraft-final-production-v3/stage/assets/build/frames/unit.IR.fighter/team/recover_empty/d01_f03.png'
18:39.418  render           | Saved: '/Users/mohammedkalouti/Documents/Codex/2026-09-27/i/work/art/aircraft-final-production-v3/stage/assets/build/frames/unit.IR.fighter/shadow/recover_empty/d01_f03.png'
18:39.960  render           | Saved: '/Users/mohammedkalouti/Documents/Codex/2026-09-27/i/work/art/aircraft-final-production-v3/stage/assets/build/frames/unit.IR.fighter/beauty/recover_empty/d02_f00.png'
18:40.433  render           | Saved: '/Users/mohammedkalouti/Documents/Codex/2026-09-27/i/work/art/aircraft-final-production-v3/stage/assets/build/frames/unit.IR.fighter/team/recover_empty/d02_f00.png'
18:41.258  render           | Saved: '/Users/mohammedkalouti/Documents/Codex/2026-09-27/i/work/art/aircraft-final-production-v3/stage/assets/build/frames/unit.IR.fighter/shadow/recover_empty/d02_f00.png'
18:41.804  render           | Saved: '/Users/mohammedkalouti/Documents/Codex/2026-09-27/i/work/art/aircraft-final-production-v3/stage/assets/build/frames/unit.IR.fighter/beauty/recover_empty/d02_f01.png'
18:42.281  render           | Saved: '/Users/mohammedkalouti/Documents/Codex/2026-09-27/i/work/art/aircraft-final-production-v3/stage/assets/build/frames/unit.IR.fighter/team/recover_empty/d02_f01.png'
18:43.095  render           | Saved: '/Users/mohammedkalouti/Documents/Codex/2026-09-27/i/work/art/aircraft-final-production-v3/stage/assets/build/frames/unit.IR.fighter/shadow/recover_empty/d02_f01.png'
18:43.644  render           | Saved: '/Users/mohammedkalouti/Documents/Codex/2026-09-27/i/work/art/aircraft-final-production-v3/stage/assets/build/frames/unit.IR.fighter/beauty/recover_empty/d02_f02.png'
18:44.149  render           | Saved: '/Users/mohammedkalouti/Documents/Codex/2026-09-27/i/work/art/aircraft-final-production-v3/stage/assets/build/frames/unit.IR.fighter/team/recover_empty/d02_f02.png'
18:44.990  render           | Saved: '/Users/mohammedkalouti/Documents/Codex/2026-09-27/i/work/art/aircraft-final-production-v3/stage/assets/build/frames/unit.IR.fighter/shadow/recover_empty/d02_f02.png'
18:45.555  render           | Saved: '/Users/mohammedkalouti/Documents/Codex/2026-09-27/i/work/art/aircraft-final-production-v3/stage/assets/build/frames/unit.IR.fighter/beauty/recover_empty/d02_f03.png'
18:46.042  render           | Saved: '/Users/mohammedkalouti/Documents/Codex/2026-09-27/i/work/art/aircraft-final-production-v3/stage/assets/build/frames/unit.IR.fighter/team/recover_empty/d02_f03.png'
18:46.846  render           | Saved: '/Users/mohammedkalouti/Documents/Codex/2026-09-27/i/work/art/aircraft-final-production-v3/stage/assets/build/frames/unit.IR.fighter/shadow/recover_empty/d02_f03.png'
18:47.413  render           | Saved: '/Users/mohammedkalouti/Documents/Codex/2026-09-27/i/work/art/aircraft-final-production-v3/stage/assets/build/frames/unit.IR.fighter/beauty/recover_empty/d03_f00.png'
18:47.899  render           | Saved: '/Users/mohammedkalouti/Documents/Codex/2026-09-27/i/work/art/aircraft-final-production-v3/stage/assets/build/frames/unit.IR.fighter/team/recover_empty/d03_f00.png'
18:48.715  render           | Saved: '/Users/mohammedkalouti/Documents/Codex/2026-09-27/i/work/art/aircraft-final-production-v3/stage/assets/build/frames/unit.IR.fighter/shadow/recover_empty/d03_f00.png'
18:49.259  render           | Saved: '/Users/mohammedkalouti/Documents/Codex/2026-09-27/i/work/art/aircraft-final-production-v3/stage/assets/build/frames/unit.IR.fighter/beauty/recover_empty/d03_f01.png'
18:49.752  render           | Saved: '/Users/mohammedkalouti/Documents/Codex/2026-09-27/i/work/art/aircraft-final-production-v3/stage/assets/build/frames/unit.IR.fighter/team/recover_empty/d03_f01.png'
18:50.563  render           | Saved: '/Users/mohammedkalouti/Documents/Codex/2026-09-27/i/work/art/aircraft-final-production-v3/stage/assets/build/frames/unit.IR.fighter/shadow/recover_empty/d03_f01.png'
18:51.102  render           | Saved: '/Users/mohammedkalouti/Documents/Codex/2026-09-27/i/work/art/aircraft-final-production-v3/stage/assets/build/frames/unit.IR.fighter/beauty/recover_empty/d03_f02.png'
18:51.583  render           | Saved: '/Users/mohammedkalouti/Documents/Codex/2026-09-27/i/work/art/aircraft-final-production-v3/stage/assets/build/frames/unit.IR.fighter/team/recover_empty/d03_f02.png'
18:52.424  render           | Saved: '/Users/mohammedkalouti/Documents/Codex/2026-09-27/i/work/art/aircraft-final-production-v3/stage/assets/build/frames/unit.IR.fighter/shadow/recover_empty/d03_f02.png'
18:52.984  render           | Saved: '/Users/mohammedkalouti/Documents/Codex/2026-09-27/i/work/art/aircraft-final-production-v3/stage/assets/build/frames/unit.IR.fighter/beauty/recover_empty/d03_f03.png'
18:53.463  render           | Saved: '/Users/mohammedkalouti/Documents/Codex/2026-09-27/i/work/art/aircraft-final-production-v3/stage/assets/build/frames/unit.IR.fighter/team/recover_empty/d03_f03.png'
18:54.279  render           | Saved: '/Users/mohammedkalouti/Documents/Codex/2026-09-27/i/work/art/aircraft-final-production-v3/stage/assets/build/frames/unit.IR.fighter/shadow/recover_empty/d03_f03.png'
18:54.821  render           | Saved: '/Users/mohammedkalouti/Documents/Codex/2026-09-27/i/work/art/aircraft-final-production-v3/stage/assets/build/frames/unit.IR.fighter/beauty/recover_empty/d04_f00.png'
18:55.290  render           | Saved: '/Users/mohammedkalouti/Documents/Codex/2026-09-27/i/work/art/aircraft-final-production-v3/stage/assets/build/frames/unit.IR.fighter/team/recover_empty/d04_f00.png'
18:56.123  render           | Saved: '/Users/mohammedkalouti/Documents/Codex/2026-09-27/i/work/art/aircraft-final-production-v3/stage/assets/build/frames/unit.IR.fighter/shadow/recover_empty/d04_f00.png'
18:56.675  render           | Saved: '/Users/mohammedkalouti/Documents/Codex/2026-09-27/i/work/art/aircraft-final-production-v3/stage/assets/build/frames/unit.IR.fighter/beauty/recover_empty/d04_f01.png'
18:57.159  render           | Saved: '/Users/mohammedkalouti/Documents/Codex/2026-09-27/i/work/art/aircraft-final-production-v3/stage/assets/build/frames/unit.IR.fighter/team/recover_empty/d04_f01.png'
18:57.973  render           | Saved: '/Users/mohammedkalouti/Documents/Codex/2026-09-27/i/work/art/aircraft-final-production-v3/stage/assets/build/frames/unit.IR.fighter/shadow/recover_empty/d04_f01.png'
18:58.542  render           | Saved: '/Users/mohammedkalouti/Documents/Codex/2026-09-27/i/work/art/aircraft-final-production-v3/stage/assets/build/frames/unit.IR.fighter/beauty/recover_empty/d04_f02.png'
18:59.026  render           | Saved: '/Users/mohammedkalouti/Documents/Codex/2026-09-27/i/work/art/aircraft-final-production-v3/stage/assets/build/frames/unit.IR.fighter/team/recover_empty/d04_f02.png'
18:59.857  render           | Saved: '/Users/mohammedkalouti/Documents/Codex/2026-09-27/i/work/art/aircraft-final-production-v3/stage/assets/build/frames/unit.IR.fighter/shadow/recover_empty/d04_f02.png'
19:00.415  render           | Saved: '/Users/mohammedkalouti/Documents/Codex/2026-09-27/i/work/art/aircraft-final-production-v3/stage/assets/build/frames/unit.IR.fighter/beauty/recover_empty/d04_f03.png'
19:00.892  render           | Saved: '/Users/mohammedkalouti/Documents/Codex/2026-09-27/i/work/art/aircraft-final-production-v3/stage/assets/build/frames/unit.IR.fighter/team/recover_empty/d04_f03.png'
19:01.705  render           | Saved: '/Users/mohammedkalouti/Documents/Codex/2026-09-27/i/work/art/aircraft-final-production-v3/stage/assets/build/frames/unit.IR.fighter/shadow/recover_empty/d04_f03.png'
19:02.258  render           | Saved: '/Users/mohammedkalouti/Documents/Codex/2026-09-27/i/work/art/aircraft-final-production-v3/stage/assets/build/frames/unit.IR.fighter/beauty/recover_empty/d05_f00.png'
19:02.741  render           | Saved: '/Users/mohammedkalouti/Documents/Codex/2026-09-27/i/work/art/aircraft-final-production-v3/stage/assets/build/frames/unit.IR.fighter/team/recover_empty/d05_f00.png'
19:03.567  render           | Saved: '/Users/mohammedkalouti/Documents/Codex/2026-09-27/i/work/art/aircraft-final-production-v3/stage/assets/build/frames/unit.IR.fighter/shadow/recover_empty/d05_f00.png'
19:04.105  render           | Saved: '/Users/mohammedkalouti/Documents/Codex/2026-09-27/i/work/art/aircraft-final-production-v3/stage/assets/build/frames/unit.IR.fighter/beauty/recover_empty/d05_f01.png'
19:04.576  render           | Saved: '/Users/mohammedkalouti/Documents/Codex/2026-09-27/i/work/art/aircraft-final-production-v3/stage/assets/build/frames/unit.IR.fighter/team/recover_empty/d05_f01.png'
19:05.401  render           | Saved: '/Users/mohammedkalouti/Documents/Codex/2026-09-27/i/work/art/aircraft-final-production-v3/stage/assets/build/frames/unit.IR.fighter/shadow/recover_empty/d05_f01.png'
19:05.962  render           | Saved: '/Users/mohammedkalouti/Documents/Codex/2026-09-27/i/work/art/aircraft-final-production-v3/stage/assets/build/frames/unit.IR.fighter/beauty/recover_empty/d05_f02.png'
19:06.455  render           | Saved: '/Users/mohammedkalouti/Documents/Codex/2026-09-27/i/work/art/aircraft-final-production-v3/stage/assets/build/frames/unit.IR.fighter/team/recover_empty/d05_f02.png'
19:07.296  render           | Saved: '/Users/mohammedkalouti/Documents/Codex/2026-09-27/i/work/art/aircraft-final-production-v3/stage/assets/build/frames/unit.IR.fighter/shadow/recover_empty/d05_f02.png'
19:07.827  render           | Saved: '/Users/mohammedkalouti/Documents/Codex/2026-09-27/i/work/art/aircraft-final-production-v3/stage/assets/build/frames/unit.IR.fighter/beauty/recover_empty/d05_f03.png'
19:08.305  render           | Saved: '/Users/mohammedkalouti/Documents/Codex/2026-09-27/i/work/art/aircraft-final-production-v3/stage/assets/build/frames/unit.IR.fighter/team/recover_empty/d05_f03.png'
19:09.136  render           | Saved: '/Users/mohammedkalouti/Documents/Codex/2026-09-27/i/work/art/aircraft-final-production-v3/stage/assets/build/frames/unit.IR.fighter/shadow/recover_empty/d05_f03.png'
19:09.685  render           | Saved: '/Users/mohammedkalouti/Documents/Codex/2026-09-27/i/work/art/aircraft-final-production-v3/stage/assets/build/frames/unit.IR.fighter/beauty/recover_empty/d06_f00.png'
19:10.157  render           | Saved: '/Users/mohammedkalouti/Documents/Codex/2026-09-27/i/work/art/aircraft-final-production-v3/stage/assets/build/frames/unit.IR.fighter/team/recover_empty/d06_f00.png'
19:10.965  render           | Saved: '/Users/mohammedkalouti/Documents/Codex/2026-09-27/i/work/art/aircraft-final-production-v3/stage/assets/build/frames/unit.IR.fighter/shadow/recover_empty/d06_f00.png'
19:11.567  render           | Saved: '/Users/mohammedkalouti/Documents/Codex/2026-09-27/i/work/art/aircraft-final-production-v3/stage/assets/build/frames/unit.IR.fighter/beauty/recover_empty/d06_f01.png'
19:12.164  render           | Saved: '/Users/mohammedkalouti/Documents/Codex/2026-09-27/i/work/art/aircraft-final-production-v3/stage/assets/build/frames/unit.IR.fighter/team/recover_empty/d06_f01.png'
19:13.095  render           | Saved: '/Users/mohammedkalouti/Documents/Codex/2026-09-27/i/work/art/aircraft-final-production-v3/stage/assets/build/frames/unit.IR.fighter/shadow/recover_empty/d06_f01.png'
19:13.684  render           | Saved: '/Users/mohammedkalouti/Documents/Codex/2026-09-27/i/work/art/aircraft-final-production-v3/stage/assets/build/frames/unit.IR.fighter/beauty/recover_empty/d06_f02.png'
19:14.217  render           | Saved: '/Users/mohammedkalouti/Documents/Codex/2026-09-27/i/work/art/aircraft-final-production-v3/stage/assets/build/frames/unit.IR.fighter/team/recover_empty/d06_f02.png'
19:15.097  render           | Saved: '/Users/mohammedkalouti/Documents/Codex/2026-09-27/i/work/art/aircraft-final-production-v3/stage/assets/build/frames/unit.IR.fighter/shadow/recover_empty/d06_f02.png'
19:15.711  render           | Saved: '/Users/mohammedkalouti/Documents/Codex/2026-09-27/i/work/art/aircraft-final-production-v3/stage/assets/build/frames/unit.IR.fighter/beauty/recover_empty/d06_f03.png'
19:16.246  render           | Saved: '/Users/mohammedkalouti/Documents/Codex/2026-09-27/i/work/art/aircraft-final-production-v3/stage/assets/build/frames/unit.IR.fighter/team/recover_empty/d06_f03.png'
19:17.162  render           | Saved: '/Users/mohammedkalouti/Documents/Codex/2026-09-27/i/work/art/aircraft-final-production-v3/stage/assets/build/frames/unit.IR.fighter/shadow/recover_empty/d06_f03.png'
19:17.780  render           | Saved: '/Users/mohammedkalouti/Documents/Codex/2026-09-27/i/work/art/aircraft-final-production-v3/stage/assets/build/frames/unit.IR.fighter/beauty/recover_empty/d07_f00.png'
19:18.275  render           | Saved: '/Users/mohammedkalouti/Documents/Codex/2026-09-27/i/work/art/aircraft-final-production-v3/stage/assets/build/frames/unit.IR.fighter/team/recover_empty/d07_f00.png'
19:19.117  render           | Saved: '/Users/mohammedkalouti/Documents/Codex/2026-09-27/i/work/art/aircraft-final-production-v3/stage/assets/build/frames/unit.IR.fighter/shadow/recover_empty/d07_f00.png'
19:19.676  render           | Saved: '/Users/mohammedkalouti/Documents/Codex/2026-09-27/i/work/art/aircraft-final-production-v3/stage/assets/build/frames/unit.IR.fighter/beauty/recover_empty/d07_f01.png'
19:20.202  render           | Saved: '/Users/mohammedkalouti/Documents/Codex/2026-09-27/i/work/art/aircraft-final-production-v3/stage/assets/build/frames/unit.IR.fighter/team/recover_empty/d07_f01.png'
19:21.025  render           | Saved: '/Users/mohammedkalouti/Documents/Codex/2026-09-27/i/work/art/aircraft-final-production-v3/stage/assets/build/frames/unit.IR.fighter/shadow/recover_empty/d07_f01.png'
19:21.617  render           | Saved: '/Users/mohammedkalouti/Documents/Codex/2026-09-27/i/work/art/aircraft-final-production-v3/stage/assets/build/frames/unit.IR.fighter/beauty/recover_empty/d07_f02.png'
19:22.100  render           | Saved: '/Users/mohammedkalouti/Documents/Codex/2026-09-27/i/work/art/aircraft-final-production-v3/stage/assets/build/frames/unit.IR.fighter/team/recover_empty/d07_f02.png'
19:22.922  render           | Saved: '/Users/mohammedkalouti/Documents/Codex/2026-09-27/i/work/art/aircraft-final-production-v3/stage/assets/build/frames/unit.IR.fighter/shadow/recover_empty/d07_f02.png'
19:23.501  render           | Saved: '/Users/mohammedkalouti/Documents/Codex/2026-09-27/i/work/art/aircraft-final-production-v3/stage/assets/build/frames/unit.IR.fighter/beauty/recover_empty/d07_f03.png'
19:24.043  render           | Saved: '/Users/mohammedkalouti/Documents/Codex/2026-09-27/i/work/art/aircraft-final-production-v3/stage/assets/build/frames/unit.IR.fighter/team/recover_empty/d07_f03.png'
19:24.857  render           | Saved: '/Users/mohammedkalouti/Documents/Codex/2026-09-27/i/work/art/aircraft-final-production-v3/stage/assets/build/frames/unit.IR.fighter/shadow/recover_empty/d07_f03.png'
19:25.447  render           | Saved: '/Users/mohammedkalouti/Documents/Codex/2026-09-27/i/work/art/aircraft-final-production-v3/stage/assets/build/frames/unit.IR.fighter/beauty/recover_empty/d08_f00.png'
19:25.976  render           | Saved: '/Users/mohammedkalouti/Documents/Codex/2026-09-27/i/work/art/aircraft-final-production-v3/stage/assets/build/frames/unit.IR.fighter/team/recover_empty/d08_f00.png'
19:26.796  render           | Saved: '/Users/mohammedkalouti/Documents/Codex/2026-09-27/i/work/art/aircraft-final-production-v3/stage/assets/build/frames/unit.IR.fighter/shadow/recover_empty/d08_f00.png'
19:27.360  render           | Saved: '/Users/mohammedkalouti/Documents/Codex/2026-09-27/i/work/art/aircraft-final-production-v3/stage/assets/build/frames/unit.IR.fighter/beauty/recover_empty/d08_f01.png'
19:27.850  render           | Saved: '/Users/mohammedkalouti/Documents/Codex/2026-09-27/i/work/art/aircraft-final-production-v3/stage/assets/build/frames/unit.IR.fighter/team/recover_empty/d08_f01.png'
19:28.681  render           | Saved: '/Users/mohammedkalouti/Documents/Codex/2026-09-27/i/work/art/aircraft-final-production-v3/stage/assets/build/frames/unit.IR.fighter/shadow/recover_empty/d08_f01.png'
19:29.227  render           | Saved: '/Users/mohammedkalouti/Documents/Codex/2026-09-27/i/work/art/aircraft-final-production-v3/stage/assets/build/frames/unit.IR.fighter/beauty/recover_empty/d08_f02.png'
19:29.720  render           | Saved: '/Users/mohammedkalouti/Documents/Codex/2026-09-27/i/work/art/aircraft-final-production-v3/stage/assets/build/frames/unit.IR.fighter/team/recover_empty/d08_f02.png'
19:30.525  render           | Saved: '/Users/mohammedkalouti/Documents/Codex/2026-09-27/i/work/art/aircraft-final-production-v3/stage/assets/build/frames/unit.IR.fighter/shadow/recover_empty/d08_f02.png'
19:31.065  render           | Saved: '/Users/mohammedkalouti/Documents/Codex/2026-09-27/i/work/art/aircraft-final-production-v3/stage/assets/build/frames/unit.IR.fighter/beauty/recover_empty/d08_f03.png'
19:31.541  render           | Saved: '/Users/mohammedkalouti/Documents/Codex/2026-09-27/i/work/art/aircraft-final-production-v3/stage/assets/build/frames/unit.IR.fighter/team/recover_empty/d08_f03.png'
19:32.366  render           | Saved: '/Users/mohammedkalouti/Documents/Codex/2026-09-27/i/work/art/aircraft-final-production-v3/stage/assets/build/frames/unit.IR.fighter/shadow/recover_empty/d08_f03.png'
19:32.933  render           | Saved: '/Users/mohammedkalouti/Documents/Codex/2026-09-27/i/work/art/aircraft-final-production-v3/stage/assets/build/frames/unit.IR.fighter/beauty/recover_empty/d09_f00.png'
19:33.426  render           | Saved: '/Users/mohammedkalouti/Documents/Codex/2026-09-27/i/work/art/aircraft-final-production-v3/stage/assets/build/frames/unit.IR.fighter/team/recover_empty/d09_f00.png'
19:34.243  render           | Saved: '/Users/mohammedkalouti/Documents/Codex/2026-09-27/i/work/art/aircraft-final-production-v3/stage/assets/build/frames/unit.IR.fighter/shadow/recover_empty/d09_f00.png'
19:34.827  render           | Saved: '/Users/mohammedkalouti/Documents/Codex/2026-09-27/i/work/art/aircraft-final-production-v3/stage/assets/build/frames/unit.IR.fighter/beauty/recover_empty/d09_f01.png'
19:35.318  render           | Saved: '/Users/mohammedkalouti/Documents/Codex/2026-09-27/i/work/art/aircraft-final-production-v3/stage/assets/build/frames/unit.IR.fighter/team/recover_empty/d09_f01.png'
19:36.184  render           | Saved: '/Users/mohammedkalouti/Documents/Codex/2026-09-27/i/work/art/aircraft-final-production-v3/stage/assets/build/frames/unit.IR.fighter/shadow/recover_empty/d09_f01.png'
19:36.778  render           | Saved: '/Users/mohammedkalouti/Documents/Codex/2026-09-27/i/work/art/aircraft-final-production-v3/stage/assets/build/frames/unit.IR.fighter/beauty/recover_empty/d09_f02.png'
19:37.312  render           | Saved: '/Users/mohammedkalouti/Documents/Codex/2026-09-27/i/work/art/aircraft-final-production-v3/stage/assets/build/frames/unit.IR.fighter/team/recover_empty/d09_f02.png'
19:38.204  render           | Saved: '/Users/mohammedkalouti/Documents/Codex/2026-09-27/i/work/art/aircraft-final-production-v3/stage/assets/build/frames/unit.IR.fighter/shadow/recover_empty/d09_f02.png'
19:38.763  render           | Saved: '/Users/mohammedkalouti/Documents/Codex/2026-09-27/i/work/art/aircraft-final-production-v3/stage/assets/build/frames/unit.IR.fighter/beauty/recover_empty/d09_f03.png'
19:39.248  render           | Saved: '/Users/mohammedkalouti/Documents/Codex/2026-09-27/i/work/art/aircraft-final-production-v3/stage/assets/build/frames/unit.IR.fighter/team/recover_empty/d09_f03.png'
19:40.062  render           | Saved: '/Users/mohammedkalouti/Documents/Codex/2026-09-27/i/work/art/aircraft-final-production-v3/stage/assets/build/frames/unit.IR.fighter/shadow/recover_empty/d09_f03.png'
19:40.613  render           | Saved: '/Users/mohammedkalouti/Documents/Codex/2026-09-27/i/work/art/aircraft-final-production-v3/stage/assets/build/frames/unit.IR.fighter/beauty/recover_empty/d10_f00.png'
19:41.105  render           | Saved: '/Users/mohammedkalouti/Documents/Codex/2026-09-27/i/work/art/aircraft-final-production-v3/stage/assets/build/frames/unit.IR.fighter/team/recover_empty/d10_f00.png'
19:41.946  render           | Saved: '/Users/mohammedkalouti/Documents/Codex/2026-09-27/i/work/art/aircraft-final-production-v3/stage/assets/build/frames/unit.IR.fighter/shadow/recover_empty/d10_f00.png'
19:42.521  render           | Saved: '/Users/mohammedkalouti/Documents/Codex/2026-09-27/i/work/art/aircraft-final-production-v3/stage/assets/build/frames/unit.IR.fighter/beauty/recover_empty/d10_f01.png'
19:43.018  render           | Saved: '/Users/mohammedkalouti/Documents/Codex/2026-09-27/i/work/art/aircraft-final-production-v3/stage/assets/build/frames/unit.IR.fighter/team/recover_empty/d10_f01.png'
19:43.823  render           | Saved: '/Users/mohammedkalouti/Documents/Codex/2026-09-27/i/work/art/aircraft-final-production-v3/stage/assets/build/frames/unit.IR.fighter/shadow/recover_empty/d10_f01.png'
19:44.421  render           | Saved: '/Users/mohammedkalouti/Documents/Codex/2026-09-27/i/work/art/aircraft-final-production-v3/stage/assets/build/frames/unit.IR.fighter/beauty/recover_empty/d10_f02.png'
19:44.909  render           | Saved: '/Users/mohammedkalouti/Documents/Codex/2026-09-27/i/work/art/aircraft-final-production-v3/stage/assets/build/frames/unit.IR.fighter/team/recover_empty/d10_f02.png'
19:45.738  render           | Saved: '/Users/mohammedkalouti/Documents/Codex/2026-09-27/i/work/art/aircraft-final-production-v3/stage/assets/build/frames/unit.IR.fighter/shadow/recover_empty/d10_f02.png'
19:46.308  render           | Saved: '/Users/mohammedkalouti/Documents/Codex/2026-09-27/i/work/art/aircraft-final-production-v3/stage/assets/build/frames/unit.IR.fighter/beauty/recover_empty/d10_f03.png'
19:46.782  render           | Saved: '/Users/mohammedkalouti/Documents/Codex/2026-09-27/i/work/art/aircraft-final-production-v3/stage/assets/build/frames/unit.IR.fighter/team/recover_empty/d10_f03.png'
19:47.595  render           | Saved: '/Users/mohammedkalouti/Documents/Codex/2026-09-27/i/work/art/aircraft-final-production-v3/stage/assets/build/frames/unit.IR.fighter/shadow/recover_empty/d10_f03.png'
19:48.156  render           | Saved: '/Users/mohammedkalouti/Documents/Codex/2026-09-27/i/work/art/aircraft-final-production-v3/stage/assets/build/frames/unit.IR.fighter/beauty/recover_empty/d11_f00.png'
19:48.640  render           | Saved: '/Users/mohammedkalouti/Documents/Codex/2026-09-27/i/work/art/aircraft-final-production-v3/stage/assets/build/frames/unit.IR.fighter/team/recover_empty/d11_f00.png'
19:49.482  render           | Saved: '/Users/mohammedkalouti/Documents/Codex/2026-09-27/i/work/art/aircraft-final-production-v3/stage/assets/build/frames/unit.IR.fighter/shadow/recover_empty/d11_f00.png'
19:50.020  render           | Saved: '/Users/mohammedkalouti/Documents/Codex/2026-09-27/i/work/art/aircraft-final-production-v3/stage/assets/build/frames/unit.IR.fighter/beauty/recover_empty/d11_f01.png'
19:50.492  render           | Saved: '/Users/mohammedkalouti/Documents/Codex/2026-09-27/i/work/art/aircraft-final-production-v3/stage/assets/build/frames/unit.IR.fighter/team/recover_empty/d11_f01.png'
19:51.315  render           | Saved: '/Users/mohammedkalouti/Documents/Codex/2026-09-27/i/work/art/aircraft-final-production-v3/stage/assets/build/frames/unit.IR.fighter/shadow/recover_empty/d11_f01.png'
19:51.854  render           | Saved: '/Users/mohammedkalouti/Documents/Codex/2026-09-27/i/work/art/aircraft-final-production-v3/stage/assets/build/frames/unit.IR.fighter/beauty/recover_empty/d11_f02.png'
19:52.347  render           | Saved: '/Users/mohammedkalouti/Documents/Codex/2026-09-27/i/work/art/aircraft-final-production-v3/stage/assets/build/frames/unit.IR.fighter/team/recover_empty/d11_f02.png'
19:53.187  render           | Saved: '/Users/mohammedkalouti/Documents/Codex/2026-09-27/i/work/art/aircraft-final-production-v3/stage/assets/build/frames/unit.IR.fighter/shadow/recover_empty/d11_f02.png'
19:53.737  render           | Saved: '/Users/mohammedkalouti/Documents/Codex/2026-09-27/i/work/art/aircraft-final-production-v3/stage/assets/build/frames/unit.IR.fighter/beauty/recover_empty/d11_f03.png'
19:54.221  render           | Saved: '/Users/mohammedkalouti/Documents/Codex/2026-09-27/i/work/art/aircraft-final-production-v3/stage/assets/build/frames/unit.IR.fighter/team/recover_empty/d11_f03.png'
19:55.049  render           | Saved: '/Users/mohammedkalouti/Documents/Codex/2026-09-27/i/work/art/aircraft-final-production-v3/stage/assets/build/frames/unit.IR.fighter/shadow/recover_empty/d11_f03.png'
19:55.588  render           | Saved: '/Users/mohammedkalouti/Documents/Codex/2026-09-27/i/work/art/aircraft-final-production-v3/stage/assets/build/frames/unit.IR.fighter/beauty/recover_empty/d12_f00.png'
19:56.073  render           | Saved: '/Users/mohammedkalouti/Documents/Codex/2026-09-27/i/work/art/aircraft-final-production-v3/stage/assets/build/frames/unit.IR.fighter/team/recover_empty/d12_f00.png'
19:56.900  render           | Saved: '/Users/mohammedkalouti/Documents/Codex/2026-09-27/i/work/art/aircraft-final-production-v3/stage/assets/build/frames/unit.IR.fighter/shadow/recover_empty/d12_f00.png'
19:57.461  render           | Saved: '/Users/mohammedkalouti/Documents/Codex/2026-09-27/i/work/art/aircraft-final-production-v3/stage/assets/build/frames/unit.IR.fighter/beauty/recover_empty/d12_f01.png'
19:57.932  render           | Saved: '/Users/mohammedkalouti/Documents/Codex/2026-09-27/i/work/art/aircraft-final-production-v3/stage/assets/build/frames/unit.IR.fighter/team/recover_empty/d12_f01.png'
19:58.741  render           | Saved: '/Users/mohammedkalouti/Documents/Codex/2026-09-27/i/work/art/aircraft-final-production-v3/stage/assets/build/frames/unit.IR.fighter/shadow/recover_empty/d12_f01.png'
19:59.289  render           | Saved: '/Users/mohammedkalouti/Documents/Codex/2026-09-27/i/work/art/aircraft-final-production-v3/stage/assets/build/frames/unit.IR.fighter/beauty/recover_empty/d12_f02.png'
19:59.770  render           | Saved: '/Users/mohammedkalouti/Documents/Codex/2026-09-27/i/work/art/aircraft-final-production-v3/stage/assets/build/frames/unit.IR.fighter/team/recover_empty/d12_f02.png'
20:00.592  render           | Saved: '/Users/mohammedkalouti/Documents/Codex/2026-09-27/i/work/art/aircraft-final-production-v3/stage/assets/build/frames/unit.IR.fighter/shadow/recover_empty/d12_f02.png'
20:01.123  render           | Saved: '/Users/mohammedkalouti/Documents/Codex/2026-09-27/i/work/art/aircraft-final-production-v3/stage/assets/build/frames/unit.IR.fighter/beauty/recover_empty/d12_f03.png'
20:01.593  render           | Saved: '/Users/mohammedkalouti/Documents/Codex/2026-09-27/i/work/art/aircraft-final-production-v3/stage/assets/build/frames/unit.IR.fighter/team/recover_empty/d12_f03.png'
20:02.393  render           | Saved: '/Users/mohammedkalouti/Documents/Codex/2026-09-27/i/work/art/aircraft-final-production-v3/stage/assets/build/frames/unit.IR.fighter/shadow/recover_empty/d12_f03.png'
20:02.926  render           | Saved: '/Users/mohammedkalouti/Documents/Codex/2026-09-27/i/work/art/aircraft-final-production-v3/stage/assets/build/frames/unit.IR.fighter/beauty/recover_empty/d13_f00.png'
20:03.428  render           | Saved: '/Users/mohammedkalouti/Documents/Codex/2026-09-27/i/work/art/aircraft-final-production-v3/stage/assets/build/frames/unit.IR.fighter/team/recover_empty/d13_f00.png'
20:04.244  render           | Saved: '/Users/mohammedkalouti/Documents/Codex/2026-09-27/i/work/art/aircraft-final-production-v3/stage/assets/build/frames/unit.IR.fighter/shadow/recover_empty/d13_f00.png'
20:04.790  render           | Saved: '/Users/mohammedkalouti/Documents/Codex/2026-09-27/i/work/art/aircraft-final-production-v3/stage/assets/build/frames/unit.IR.fighter/beauty/recover_empty/d13_f01.png'
20:05.276  render           | Saved: '/Users/mohammedkalouti/Documents/Codex/2026-09-27/i/work/art/aircraft-final-production-v3/stage/assets/build/frames/unit.IR.fighter/team/recover_empty/d13_f01.png'
20:06.098  render           | Saved: '/Users/mohammedkalouti/Documents/Codex/2026-09-27/i/work/art/aircraft-final-production-v3/stage/assets/build/frames/unit.IR.fighter/shadow/recover_empty/d13_f01.png'
20:06.645  render           | Saved: '/Users/mohammedkalouti/Documents/Codex/2026-09-27/i/work/art/aircraft-final-production-v3/stage/assets/build/frames/unit.IR.fighter/beauty/recover_empty/d13_f02.png'
20:07.131  render           | Saved: '/Users/mohammedkalouti/Documents/Codex/2026-09-27/i/work/art/aircraft-final-production-v3/stage/assets/build/frames/unit.IR.fighter/team/recover_empty/d13_f02.png'
20:07.942  render           | Saved: '/Users/mohammedkalouti/Documents/Codex/2026-09-27/i/work/art/aircraft-final-production-v3/stage/assets/build/frames/unit.IR.fighter/shadow/recover_empty/d13_f02.png'
20:08.479  render           | Saved: '/Users/mohammedkalouti/Documents/Codex/2026-09-27/i/work/art/aircraft-final-production-v3/stage/assets/build/frames/unit.IR.fighter/beauty/recover_empty/d13_f03.png'
20:08.952  render           | Saved: '/Users/mohammedkalouti/Documents/Codex/2026-09-27/i/work/art/aircraft-final-production-v3/stage/assets/build/frames/unit.IR.fighter/team/recover_empty/d13_f03.png'
20:09.761  render           | Saved: '/Users/mohammedkalouti/Documents/Codex/2026-09-27/i/work/art/aircraft-final-production-v3/stage/assets/build/frames/unit.IR.fighter/shadow/recover_empty/d13_f03.png'
20:10.310  render           | Saved: '/Users/mohammedkalouti/Documents/Codex/2026-09-27/i/work/art/aircraft-final-production-v3/stage/assets/build/frames/unit.IR.fighter/beauty/recover_empty/d14_f00.png'
20:10.808  render           | Saved: '/Users/mohammedkalouti/Documents/Codex/2026-09-27/i/work/art/aircraft-final-production-v3/stage/assets/build/frames/unit.IR.fighter/team/recover_empty/d14_f00.png'
20:11.716  render           | Saved: '/Users/mohammedkalouti/Documents/Codex/2026-09-27/i/work/art/aircraft-final-production-v3/stage/assets/build/frames/unit.IR.fighter/shadow/recover_empty/d14_f00.png'
20:12.402  render           | Saved: '/Users/mohammedkalouti/Documents/Codex/2026-09-27/i/work/art/aircraft-final-production-v3/stage/assets/build/frames/unit.IR.fighter/beauty/recover_empty/d14_f01.png'
20:13.001  render           | Saved: '/Users/mohammedkalouti/Documents/Codex/2026-09-27/i/work/art/aircraft-final-production-v3/stage/assets/build/frames/unit.IR.fighter/team/recover_empty/d14_f01.png'
20:13.868  render           | Saved: '/Users/mohammedkalouti/Documents/Codex/2026-09-27/i/work/art/aircraft-final-production-v3/stage/assets/build/frames/unit.IR.fighter/shadow/recover_empty/d14_f01.png'
20:14.446  render           | Saved: '/Users/mohammedkalouti/Documents/Codex/2026-09-27/i/work/art/aircraft-final-production-v3/stage/assets/build/frames/unit.IR.fighter/beauty/recover_empty/d14_f02.png'
20:14.929  render           | Saved: '/Users/mohammedkalouti/Documents/Codex/2026-09-27/i/work/art/aircraft-final-production-v3/stage/assets/build/frames/unit.IR.fighter/team/recover_empty/d14_f02.png'
20:15.834  render           | Saved: '/Users/mohammedkalouti/Documents/Codex/2026-09-27/i/work/art/aircraft-final-production-v3/stage/assets/build/frames/unit.IR.fighter/shadow/recover_empty/d14_f02.png'
20:16.408  render           | Saved: '/Users/mohammedkalouti/Documents/Codex/2026-09-27/i/work/art/aircraft-final-production-v3/stage/assets/build/frames/unit.IR.fighter/beauty/recover_empty/d14_f03.png'
20:16.931  render           | Saved: '/Users/mohammedkalouti/Documents/Codex/2026-09-27/i/work/art/aircraft-final-production-v3/stage/assets/build/frames/unit.IR.fighter/team/recover_empty/d14_f03.png'
20:17.760  render           | Saved: '/Users/mohammedkalouti/Documents/Codex/2026-09-27/i/work/art/aircraft-final-production-v3/stage/assets/build/frames/unit.IR.fighter/shadow/recover_empty/d14_f03.png'
20:18.312  render           | Saved: '/Users/mohammedkalouti/Documents/Codex/2026-09-27/i/work/art/aircraft-final-production-v3/stage/assets/build/frames/unit.IR.fighter/beauty/recover_empty/d15_f00.png'
20:18.794  render           | Saved: '/Users/mohammedkalouti/Documents/Codex/2026-09-27/i/work/art/aircraft-final-production-v3/stage/assets/build/frames/unit.IR.fighter/team/recover_empty/d15_f00.png'
20:19.593  render           | Saved: '/Users/mohammedkalouti/Documents/Codex/2026-09-27/i/work/art/aircraft-final-production-v3/stage/assets/build/frames/unit.IR.fighter/shadow/recover_empty/d15_f00.png'
20:20.184  render           | Saved: '/Users/mohammedkalouti/Documents/Codex/2026-09-27/i/work/art/aircraft-final-production-v3/stage/assets/build/frames/unit.IR.fighter/beauty/recover_empty/d15_f01.png'
20:20.719  render           | Saved: '/Users/mohammedkalouti/Documents/Codex/2026-09-27/i/work/art/aircraft-final-production-v3/stage/assets/build/frames/unit.IR.fighter/team/recover_empty/d15_f01.png'
20:21.576  render           | Saved: '/Users/mohammedkalouti/Documents/Codex/2026-09-27/i/work/art/aircraft-final-production-v3/stage/assets/build/frames/unit.IR.fighter/shadow/recover_empty/d15_f01.png'
20:22.138  render           | Saved: '/Users/mohammedkalouti/Documents/Codex/2026-09-27/i/work/art/aircraft-final-production-v3/stage/assets/build/frames/unit.IR.fighter/beauty/recover_empty/d15_f02.png'
20:22.630  render           | Saved: '/Users/mohammedkalouti/Documents/Codex/2026-09-27/i/work/art/aircraft-final-production-v3/stage/assets/build/frames/unit.IR.fighter/team/recover_empty/d15_f02.png'
20:23.453  render           | Saved: '/Users/mohammedkalouti/Documents/Codex/2026-09-27/i/work/art/aircraft-final-production-v3/stage/assets/build/frames/unit.IR.fighter/shadow/recover_empty/d15_f02.png'
20:24.061  render           | Saved: '/Users/mohammedkalouti/Documents/Codex/2026-09-27/i/work/art/aircraft-final-production-v3/stage/assets/build/frames/unit.IR.fighter/beauty/recover_empty/d15_f03.png'
20:24.561  render           | Saved: '/Users/mohammedkalouti/Documents/Codex/2026-09-27/i/work/art/aircraft-final-production-v3/stage/assets/build/frames/unit.IR.fighter/team/recover_empty/d15_f03.png'
20:25.377  render           | Saved: '/Users/mohammedkalouti/Documents/Codex/2026-09-27/i/work/art/aircraft-final-production-v3/stage/assets/build/frames/unit.IR.fighter/shadow/recover_empty/d15_f03.png'
20:25.909  render           | Saved: '/Users/mohammedkalouti/Documents/Codex/2026-09-27/i/work/art/aircraft-final-production-v3/stage/assets/build/frames/unit.IR.fighter/beauty/damaged_empty/d00_f00.png'
20:26.401  render           | Saved: '/Users/mohammedkalouti/Documents/Codex/2026-09-27/i/work/art/aircraft-final-production-v3/stage/assets/build/frames/unit.IR.fighter/team/damaged_empty/d00_f00.png'
20:27.226  render           | Saved: '/Users/mohammedkalouti/Documents/Codex/2026-09-27/i/work/art/aircraft-final-production-v3/stage/assets/build/frames/unit.IR.fighter/shadow/damaged_empty/d00_f00.png'
20:27.780  render           | Saved: '/Users/mohammedkalouti/Documents/Codex/2026-09-27/i/work/art/aircraft-final-production-v3/stage/assets/build/frames/unit.IR.fighter/beauty/damaged_empty/d01_f00.png'
20:28.276  render           | Saved: '/Users/mohammedkalouti/Documents/Codex/2026-09-27/i/work/art/aircraft-final-production-v3/stage/assets/build/frames/unit.IR.fighter/team/damaged_empty/d01_f00.png'
20:29.091  render           | Saved: '/Users/mohammedkalouti/Documents/Codex/2026-09-27/i/work/art/aircraft-final-production-v3/stage/assets/build/frames/unit.IR.fighter/shadow/damaged_empty/d01_f00.png'
20:29.672  render           | Saved: '/Users/mohammedkalouti/Documents/Codex/2026-09-27/i/work/art/aircraft-final-production-v3/stage/assets/build/frames/unit.IR.fighter/beauty/damaged_empty/d02_f00.png'
20:30.158  render           | Saved: '/Users/mohammedkalouti/Documents/Codex/2026-09-27/i/work/art/aircraft-final-production-v3/stage/assets/build/frames/unit.IR.fighter/team/damaged_empty/d02_f00.png'
20:30.963  render           | Saved: '/Users/mohammedkalouti/Documents/Codex/2026-09-27/i/work/art/aircraft-final-production-v3/stage/assets/build/frames/unit.IR.fighter/shadow/damaged_empty/d02_f00.png'
20:31.504  render           | Saved: '/Users/mohammedkalouti/Documents/Codex/2026-09-27/i/work/art/aircraft-final-production-v3/stage/assets/build/frames/unit.IR.fighter/beauty/damaged_empty/d03_f00.png'
20:32.004  render           | Saved: '/Users/mohammedkalouti/Documents/Codex/2026-09-27/i/work/art/aircraft-final-production-v3/stage/assets/build/frames/unit.IR.fighter/team/damaged_empty/d03_f00.png'
20:32.922  render           | Saved: '/Users/mohammedkalouti/Documents/Codex/2026-09-27/i/work/art/aircraft-final-production-v3/stage/assets/build/frames/unit.IR.fighter/shadow/damaged_empty/d03_f00.png'
20:33.539  render           | Saved: '/Users/mohammedkalouti/Documents/Codex/2026-09-27/i/work/art/aircraft-final-production-v3/stage/assets/build/frames/unit.IR.fighter/beauty/damaged_empty/d04_f00.png'
20:34.042  render           | Saved: '/Users/mohammedkalouti/Documents/Codex/2026-09-27/i/work/art/aircraft-final-production-v3/stage/assets/build/frames/unit.IR.fighter/team/damaged_empty/d04_f00.png'
20:34.883  render           | Saved: '/Users/mohammedkalouti/Documents/Codex/2026-09-27/i/work/art/aircraft-final-production-v3/stage/assets/build/frames/unit.IR.fighter/shadow/damaged_empty/d04_f00.png'
20:35.464  render           | Saved: '/Users/mohammedkalouti/Documents/Codex/2026-09-27/i/work/art/aircraft-final-production-v3/stage/assets/build/frames/unit.IR.fighter/beauty/damaged_empty/d05_f00.png'
20:35.938  render           | Saved: '/Users/mohammedkalouti/Documents/Codex/2026-09-27/i/work/art/aircraft-final-production-v3/stage/assets/build/frames/unit.IR.fighter/team/damaged_empty/d05_f00.png'
20:36.759  render           | Saved: '/Users/mohammedkalouti/Documents/Codex/2026-09-27/i/work/art/aircraft-final-production-v3/stage/assets/build/frames/unit.IR.fighter/shadow/damaged_empty/d05_f00.png'
20:37.315  render           | Saved: '/Users/mohammedkalouti/Documents/Codex/2026-09-27/i/work/art/aircraft-final-production-v3/stage/assets/build/frames/unit.IR.fighter/beauty/damaged_empty/d06_f00.png'
20:37.810  render           | Saved: '/Users/mohammedkalouti/Documents/Codex/2026-09-27/i/work/art/aircraft-final-production-v3/stage/assets/build/frames/unit.IR.fighter/team/damaged_empty/d06_f00.png'
20:38.631  render           | Saved: '/Users/mohammedkalouti/Documents/Codex/2026-09-27/i/work/art/aircraft-final-production-v3/stage/assets/build/frames/unit.IR.fighter/shadow/damaged_empty/d06_f00.png'
20:39.214  render           | Saved: '/Users/mohammedkalouti/Documents/Codex/2026-09-27/i/work/art/aircraft-final-production-v3/stage/assets/build/frames/unit.IR.fighter/beauty/damaged_empty/d07_f00.png'
20:39.708  render           | Saved: '/Users/mohammedkalouti/Documents/Codex/2026-09-27/i/work/art/aircraft-final-production-v3/stage/assets/build/frames/unit.IR.fighter/team/damaged_empty/d07_f00.png'
20:40.519  render           | Saved: '/Users/mohammedkalouti/Documents/Codex/2026-09-27/i/work/art/aircraft-final-production-v3/stage/assets/build/frames/unit.IR.fighter/shadow/damaged_empty/d07_f00.png'
20:41.064  render           | Saved: '/Users/mohammedkalouti/Documents/Codex/2026-09-27/i/work/art/aircraft-final-production-v3/stage/assets/build/frames/unit.IR.fighter/beauty/damaged_empty/d08_f00.png'
20:41.551  render           | Saved: '/Users/mohammedkalouti/Documents/Codex/2026-09-27/i/work/art/aircraft-final-production-v3/stage/assets/build/frames/unit.IR.fighter/team/damaged_empty/d08_f00.png'
20:42.383  render           | Saved: '/Users/mohammedkalouti/Documents/Codex/2026-09-27/i/work/art/aircraft-final-production-v3/stage/assets/build/frames/unit.IR.fighter/shadow/damaged_empty/d08_f00.png'
20:42.998  render           | Saved: '/Users/mohammedkalouti/Documents/Codex/2026-09-27/i/work/art/aircraft-final-production-v3/stage/assets/build/frames/unit.IR.fighter/beauty/damaged_empty/d09_f00.png'
20:43.487  render           | Saved: '/Users/mohammedkalouti/Documents/Codex/2026-09-27/i/work/art/aircraft-final-production-v3/stage/assets/build/frames/unit.IR.fighter/team/damaged_empty/d09_f00.png'
20:44.316  render           | Saved: '/Users/mohammedkalouti/Documents/Codex/2026-09-27/i/work/art/aircraft-final-production-v3/stage/assets/build/frames/unit.IR.fighter/shadow/damaged_empty/d09_f00.png'
20:44.895  render           | Saved: '/Users/mohammedkalouti/Documents/Codex/2026-09-27/i/work/art/aircraft-final-production-v3/stage/assets/build/frames/unit.IR.fighter/beauty/damaged_empty/d10_f00.png'
20:45.436  render           | Saved: '/Users/mohammedkalouti/Documents/Codex/2026-09-27/i/work/art/aircraft-final-production-v3/stage/assets/build/frames/unit.IR.fighter/team/damaged_empty/d10_f00.png'
20:46.262  render           | Saved: '/Users/mohammedkalouti/Documents/Codex/2026-09-27/i/work/art/aircraft-final-production-v3/stage/assets/build/frames/unit.IR.fighter/shadow/damaged_empty/d10_f00.png'
20:46.840  render           | Saved: '/Users/mohammedkalouti/Documents/Codex/2026-09-27/i/work/art/aircraft-final-production-v3/stage/assets/build/frames/unit.IR.fighter/beauty/damaged_empty/d11_f00.png'
20:47.325  render           | Saved: '/Users/mohammedkalouti/Documents/Codex/2026-09-27/i/work/art/aircraft-final-production-v3/stage/assets/build/frames/unit.IR.fighter/team/damaged_empty/d11_f00.png'
20:48.133  render           | Saved: '/Users/mohammedkalouti/Documents/Codex/2026-09-27/i/work/art/aircraft-final-production-v3/stage/assets/build/frames/unit.IR.fighter/shadow/damaged_empty/d11_f00.png'
20:48.674  render           | Saved: '/Users/mohammedkalouti/Documents/Codex/2026-09-27/i/work/art/aircraft-final-production-v3/stage/assets/build/frames/unit.IR.fighter/beauty/damaged_empty/d12_f00.png'
20:49.167  render           | Saved: '/Users/mohammedkalouti/Documents/Codex/2026-09-27/i/work/art/aircraft-final-production-v3/stage/assets/build/frames/unit.IR.fighter/team/damaged_empty/d12_f00.png'
20:49.982  render           | Saved: '/Users/mohammedkalouti/Documents/Codex/2026-09-27/i/work/art/aircraft-final-production-v3/stage/assets/build/frames/unit.IR.fighter/shadow/damaged_empty/d12_f00.png'
20:50.522  render           | Saved: '/Users/mohammedkalouti/Documents/Codex/2026-09-27/i/work/art/aircraft-final-production-v3/stage/assets/build/frames/unit.IR.fighter/beauty/damaged_empty/d13_f00.png'
20:51.002  render           | Saved: '/Users/mohammedkalouti/Documents/Codex/2026-09-27/i/work/art/aircraft-final-production-v3/stage/assets/build/frames/unit.IR.fighter/team/damaged_empty/d13_f00.png'
20:51.822  render           | Saved: '/Users/mohammedkalouti/Documents/Codex/2026-09-27/i/work/art/aircraft-final-production-v3/stage/assets/build/frames/unit.IR.fighter/shadow/damaged_empty/d13_f00.png'
20:52.406  render           | Saved: '/Users/mohammedkalouti/Documents/Codex/2026-09-27/i/work/art/aircraft-final-production-v3/stage/assets/build/frames/unit.IR.fighter/beauty/damaged_empty/d14_f00.png'
20:52.878  render           | Saved: '/Users/mohammedkalouti/Documents/Codex/2026-09-27/i/work/art/aircraft-final-production-v3/stage/assets/build/frames/unit.IR.fighter/team/damaged_empty/d14_f00.png'
20:53.690  render           | Saved: '/Users/mohammedkalouti/Documents/Codex/2026-09-27/i/work/art/aircraft-final-production-v3/stage/assets/build/frames/unit.IR.fighter/shadow/damaged_empty/d14_f00.png'
20:54.229  render           | Saved: '/Users/mohammedkalouti/Documents/Codex/2026-09-27/i/work/art/aircraft-final-production-v3/stage/assets/build/frames/unit.IR.fighter/beauty/damaged_empty/d15_f00.png'
20:54.725  render           | Saved: '/Users/mohammedkalouti/Documents/Codex/2026-09-27/i/work/art/aircraft-final-production-v3/stage/assets/build/frames/unit.IR.fighter/team/damaged_empty/d15_f00.png'
20:55.545  render           | Saved: '/Users/mohammedkalouti/Documents/Codex/2026-09-27/i/work/art/aircraft-final-production-v3/stage/assets/build/frames/unit.IR.fighter/shadow/damaged_empty/d15_f00.png'
20:56.093  render           | Saved: '/Users/mohammedkalouti/Documents/Codex/2026-09-27/i/work/art/aircraft-final-production-v3/stage/assets/build/frames/unit.IR.fighter/beauty/fire_empty/d00_f00.png'
20:56.590  render           | Saved: '/Users/mohammedkalouti/Documents/Codex/2026-09-27/i/work/art/aircraft-final-production-v3/stage/assets/build/frames/unit.IR.fighter/team/fire_empty/d00_f00.png'
20:57.407  render           | Saved: '/Users/mohammedkalouti/Documents/Codex/2026-09-27/i/work/art/aircraft-final-production-v3/stage/assets/build/frames/unit.IR.fighter/shadow/fire_empty/d00_f00.png'
20:57.945  render           | Saved: '/Users/mohammedkalouti/Documents/Codex/2026-09-27/i/work/art/aircraft-final-production-v3/stage/assets/build/frames/unit.IR.fighter/beauty/fire_empty/d00_f01.png'
20:58.428  render           | Saved: '/Users/mohammedkalouti/Documents/Codex/2026-09-27/i/work/art/aircraft-final-production-v3/stage/assets/build/frames/unit.IR.fighter/team/fire_empty/d00_f01.png'
20:59.253  render           | Saved: '/Users/mohammedkalouti/Documents/Codex/2026-09-27/i/work/art/aircraft-final-production-v3/stage/assets/build/frames/unit.IR.fighter/shadow/fire_empty/d00_f01.png'
20:59.796  render           | Saved: '/Users/mohammedkalouti/Documents/Codex/2026-09-27/i/work/art/aircraft-final-production-v3/stage/assets/build/frames/unit.IR.fighter/beauty/fire_empty/d01_f00.png'
21:00.284  render           | Saved: '/Users/mohammedkalouti/Documents/Codex/2026-09-27/i/work/art/aircraft-final-production-v3/stage/assets/build/frames/unit.IR.fighter/team/fire_empty/d01_f00.png'
21:01.104  render           | Saved: '/Users/mohammedkalouti/Documents/Codex/2026-09-27/i/work/art/aircraft-final-production-v3/stage/assets/build/frames/unit.IR.fighter/shadow/fire_empty/d01_f00.png'
21:01.645  render           | Saved: '/Users/mohammedkalouti/Documents/Codex/2026-09-27/i/work/art/aircraft-final-production-v3/stage/assets/build/frames/unit.IR.fighter/beauty/fire_empty/d01_f01.png'
21:02.123  render           | Saved: '/Users/mohammedkalouti/Documents/Codex/2026-09-27/i/work/art/aircraft-final-production-v3/stage/assets/build/frames/unit.IR.fighter/team/fire_empty/d01_f01.png'
21:02.933  render           | Saved: '/Users/mohammedkalouti/Documents/Codex/2026-09-27/i/work/art/aircraft-final-production-v3/stage/assets/build/frames/unit.IR.fighter/shadow/fire_empty/d01_f01.png'
21:03.482  render           | Saved: '/Users/mohammedkalouti/Documents/Codex/2026-09-27/i/work/art/aircraft-final-production-v3/stage/assets/build/frames/unit.IR.fighter/beauty/fire_empty/d02_f00.png'
21:03.958  render           | Saved: '/Users/mohammedkalouti/Documents/Codex/2026-09-27/i/work/art/aircraft-final-production-v3/stage/assets/build/frames/unit.IR.fighter/team/fire_empty/d02_f00.png'
21:04.770  render           | Saved: '/Users/mohammedkalouti/Documents/Codex/2026-09-27/i/work/art/aircraft-final-production-v3/stage/assets/build/frames/unit.IR.fighter/shadow/fire_empty/d02_f00.png'
21:05.321  render           | Saved: '/Users/mohammedkalouti/Documents/Codex/2026-09-27/i/work/art/aircraft-final-production-v3/stage/assets/build/frames/unit.IR.fighter/beauty/fire_empty/d02_f01.png'
21:05.790  render           | Saved: '/Users/mohammedkalouti/Documents/Codex/2026-09-27/i/work/art/aircraft-final-production-v3/stage/assets/build/frames/unit.IR.fighter/team/fire_empty/d02_f01.png'
21:06.612  render           | Saved: '/Users/mohammedkalouti/Documents/Codex/2026-09-27/i/work/art/aircraft-final-production-v3/stage/assets/build/frames/unit.IR.fighter/shadow/fire_empty/d02_f01.png'
21:07.148  render           | Saved: '/Users/mohammedkalouti/Documents/Codex/2026-09-27/i/work/art/aircraft-final-production-v3/stage/assets/build/frames/unit.IR.fighter/beauty/fire_empty/d03_f00.png'
21:07.626  render           | Saved: '/Users/mohammedkalouti/Documents/Codex/2026-09-27/i/work/art/aircraft-final-production-v3/stage/assets/build/frames/unit.IR.fighter/team/fire_empty/d03_f00.png'
21:08.439  render           | Saved: '/Users/mohammedkalouti/Documents/Codex/2026-09-27/i/work/art/aircraft-final-production-v3/stage/assets/build/frames/unit.IR.fighter/shadow/fire_empty/d03_f00.png'
21:08.987  render           | Saved: '/Users/mohammedkalouti/Documents/Codex/2026-09-27/i/work/art/aircraft-final-production-v3/stage/assets/build/frames/unit.IR.fighter/beauty/fire_empty/d03_f01.png'
21:09.488  render           | Saved: '/Users/mohammedkalouti/Documents/Codex/2026-09-27/i/work/art/aircraft-final-production-v3/stage/assets/build/frames/unit.IR.fighter/team/fire_empty/d03_f01.png'
21:10.301  render           | Saved: '/Users/mohammedkalouti/Documents/Codex/2026-09-27/i/work/art/aircraft-final-production-v3/stage/assets/build/frames/unit.IR.fighter/shadow/fire_empty/d03_f01.png'
21:10.862  render           | Saved: '/Users/mohammedkalouti/Documents/Codex/2026-09-27/i/work/art/aircraft-final-production-v3/stage/assets/build/frames/unit.IR.fighter/beauty/fire_empty/d04_f00.png'
21:11.334  render           | Saved: '/Users/mohammedkalouti/Documents/Codex/2026-09-27/i/work/art/aircraft-final-production-v3/stage/assets/build/frames/unit.IR.fighter/team/fire_empty/d04_f00.png'
21:12.139  render           | Saved: '/Users/mohammedkalouti/Documents/Codex/2026-09-27/i/work/art/aircraft-final-production-v3/stage/assets/build/frames/unit.IR.fighter/shadow/fire_empty/d04_f00.png'
21:12.687  render           | Saved: '/Users/mohammedkalouti/Documents/Codex/2026-09-27/i/work/art/aircraft-final-production-v3/stage/assets/build/frames/unit.IR.fighter/beauty/fire_empty/d04_f01.png'
21:13.172  render           | Saved: '/Users/mohammedkalouti/Documents/Codex/2026-09-27/i/work/art/aircraft-final-production-v3/stage/assets/build/frames/unit.IR.fighter/team/fire_empty/d04_f01.png'
21:13.994  render           | Saved: '/Users/mohammedkalouti/Documents/Codex/2026-09-27/i/work/art/aircraft-final-production-v3/stage/assets/build/frames/unit.IR.fighter/shadow/fire_empty/d04_f01.png'
21:14.537  render           | Saved: '/Users/mohammedkalouti/Documents/Codex/2026-09-27/i/work/art/aircraft-final-production-v3/stage/assets/build/frames/unit.IR.fighter/beauty/fire_empty/d05_f00.png'
21:15.007  render           | Saved: '/Users/mohammedkalouti/Documents/Codex/2026-09-27/i/work/art/aircraft-final-production-v3/stage/assets/build/frames/unit.IR.fighter/team/fire_empty/d05_f00.png'
21:15.852  render           | Saved: '/Users/mohammedkalouti/Documents/Codex/2026-09-27/i/work/art/aircraft-final-production-v3/stage/assets/build/frames/unit.IR.fighter/shadow/fire_empty/d05_f00.png'
21:16.400  render           | Saved: '/Users/mohammedkalouti/Documents/Codex/2026-09-27/i/work/art/aircraft-final-production-v3/stage/assets/build/frames/unit.IR.fighter/beauty/fire_empty/d05_f01.png'
21:16.906  render           | Saved: '/Users/mohammedkalouti/Documents/Codex/2026-09-27/i/work/art/aircraft-final-production-v3/stage/assets/build/frames/unit.IR.fighter/team/fire_empty/d05_f01.png'
21:17.728  render           | Saved: '/Users/mohammedkalouti/Documents/Codex/2026-09-27/i/work/art/aircraft-final-production-v3/stage/assets/build/frames/unit.IR.fighter/shadow/fire_empty/d05_f01.png'
21:18.266  render           | Saved: '/Users/mohammedkalouti/Documents/Codex/2026-09-27/i/work/art/aircraft-final-production-v3/stage/assets/build/frames/unit.IR.fighter/beauty/fire_empty/d06_f00.png'
21:18.740  render           | Saved: '/Users/mohammedkalouti/Documents/Codex/2026-09-27/i/work/art/aircraft-final-production-v3/stage/assets/build/frames/unit.IR.fighter/team/fire_empty/d06_f00.png'
21:19.560  render           | Saved: '/Users/mohammedkalouti/Documents/Codex/2026-09-27/i/work/art/aircraft-final-production-v3/stage/assets/build/frames/unit.IR.fighter/shadow/fire_empty/d06_f00.png'
21:20.103  render           | Saved: '/Users/mohammedkalouti/Documents/Codex/2026-09-27/i/work/art/aircraft-final-production-v3/stage/assets/build/frames/unit.IR.fighter/beauty/fire_empty/d06_f01.png'
21:20.575  render           | Saved: '/Users/mohammedkalouti/Documents/Codex/2026-09-27/i/work/art/aircraft-final-production-v3/stage/assets/build/frames/unit.IR.fighter/team/fire_empty/d06_f01.png'
21:21.386  render           | Saved: '/Users/mohammedkalouti/Documents/Codex/2026-09-27/i/work/art/aircraft-final-production-v3/stage/assets/build/frames/unit.IR.fighter/shadow/fire_empty/d06_f01.png'
21:21.921  render           | Saved: '/Users/mohammedkalouti/Documents/Codex/2026-09-27/i/work/art/aircraft-final-production-v3/stage/assets/build/frames/unit.IR.fighter/beauty/fire_empty/d07_f00.png'
21:22.401  render           | Saved: '/Users/mohammedkalouti/Documents/Codex/2026-09-27/i/work/art/aircraft-final-production-v3/stage/assets/build/frames/unit.IR.fighter/team/fire_empty/d07_f00.png'
21:23.212  render           | Saved: '/Users/mohammedkalouti/Documents/Codex/2026-09-27/i/work/art/aircraft-final-production-v3/stage/assets/build/frames/unit.IR.fighter/shadow/fire_empty/d07_f00.png'
21:23.759  render           | Saved: '/Users/mohammedkalouti/Documents/Codex/2026-09-27/i/work/art/aircraft-final-production-v3/stage/assets/build/frames/unit.IR.fighter/beauty/fire_empty/d07_f01.png'
21:24.237  render           | Saved: '/Users/mohammedkalouti/Documents/Codex/2026-09-27/i/work/art/aircraft-final-production-v3/stage/assets/build/frames/unit.IR.fighter/team/fire_empty/d07_f01.png'
21:25.056  render           | Saved: '/Users/mohammedkalouti/Documents/Codex/2026-09-27/i/work/art/aircraft-final-production-v3/stage/assets/build/frames/unit.IR.fighter/shadow/fire_empty/d07_f01.png'
21:25.612  render           | Saved: '/Users/mohammedkalouti/Documents/Codex/2026-09-27/i/work/art/aircraft-final-production-v3/stage/assets/build/frames/unit.IR.fighter/beauty/fire_empty/d08_f00.png'
21:26.091  render           | Saved: '/Users/mohammedkalouti/Documents/Codex/2026-09-27/i/work/art/aircraft-final-production-v3/stage/assets/build/frames/unit.IR.fighter/team/fire_empty/d08_f00.png'
21:26.886  render           | Saved: '/Users/mohammedkalouti/Documents/Codex/2026-09-27/i/work/art/aircraft-final-production-v3/stage/assets/build/frames/unit.IR.fighter/shadow/fire_empty/d08_f00.png'
21:27.450  render           | Saved: '/Users/mohammedkalouti/Documents/Codex/2026-09-27/i/work/art/aircraft-final-production-v3/stage/assets/build/frames/unit.IR.fighter/beauty/fire_empty/d08_f01.png'
21:27.926  render           | Saved: '/Users/mohammedkalouti/Documents/Codex/2026-09-27/i/work/art/aircraft-final-production-v3/stage/assets/build/frames/unit.IR.fighter/team/fire_empty/d08_f01.png'
21:28.754  render           | Saved: '/Users/mohammedkalouti/Documents/Codex/2026-09-27/i/work/art/aircraft-final-production-v3/stage/assets/build/frames/unit.IR.fighter/shadow/fire_empty/d08_f01.png'
21:29.310  render           | Saved: '/Users/mohammedkalouti/Documents/Codex/2026-09-27/i/work/art/aircraft-final-production-v3/stage/assets/build/frames/unit.IR.fighter/beauty/fire_empty/d09_f00.png'
21:29.785  render           | Saved: '/Users/mohammedkalouti/Documents/Codex/2026-09-27/i/work/art/aircraft-final-production-v3/stage/assets/build/frames/unit.IR.fighter/team/fire_empty/d09_f00.png'
21:30.600  render           | Saved: '/Users/mohammedkalouti/Documents/Codex/2026-09-27/i/work/art/aircraft-final-production-v3/stage/assets/build/frames/unit.IR.fighter/shadow/fire_empty/d09_f00.png'
21:31.156  render           | Saved: '/Users/mohammedkalouti/Documents/Codex/2026-09-27/i/work/art/aircraft-final-production-v3/stage/assets/build/frames/unit.IR.fighter/beauty/fire_empty/d09_f01.png'
21:31.630  render           | Saved: '/Users/mohammedkalouti/Documents/Codex/2026-09-27/i/work/art/aircraft-final-production-v3/stage/assets/build/frames/unit.IR.fighter/team/fire_empty/d09_f01.png'
21:32.461  render           | Saved: '/Users/mohammedkalouti/Documents/Codex/2026-09-27/i/work/art/aircraft-final-production-v3/stage/assets/build/frames/unit.IR.fighter/shadow/fire_empty/d09_f01.png'
21:33.011  render           | Saved: '/Users/mohammedkalouti/Documents/Codex/2026-09-27/i/work/art/aircraft-final-production-v3/stage/assets/build/frames/unit.IR.fighter/beauty/fire_empty/d10_f00.png'
21:33.502  render           | Saved: '/Users/mohammedkalouti/Documents/Codex/2026-09-27/i/work/art/aircraft-final-production-v3/stage/assets/build/frames/unit.IR.fighter/team/fire_empty/d10_f00.png'
21:34.327  render           | Saved: '/Users/mohammedkalouti/Documents/Codex/2026-09-27/i/work/art/aircraft-final-production-v3/stage/assets/build/frames/unit.IR.fighter/shadow/fire_empty/d10_f00.png'
21:34.890  render           | Saved: '/Users/mohammedkalouti/Documents/Codex/2026-09-27/i/work/art/aircraft-final-production-v3/stage/assets/build/frames/unit.IR.fighter/beauty/fire_empty/d10_f01.png'
21:35.370  render           | Saved: '/Users/mohammedkalouti/Documents/Codex/2026-09-27/i/work/art/aircraft-final-production-v3/stage/assets/build/frames/unit.IR.fighter/team/fire_empty/d10_f01.png'
21:36.182  render           | Saved: '/Users/mohammedkalouti/Documents/Codex/2026-09-27/i/work/art/aircraft-final-production-v3/stage/assets/build/frames/unit.IR.fighter/shadow/fire_empty/d10_f01.png'
21:36.746  render           | Saved: '/Users/mohammedkalouti/Documents/Codex/2026-09-27/i/work/art/aircraft-final-production-v3/stage/assets/build/frames/unit.IR.fighter/beauty/fire_empty/d11_f00.png'
21:37.229  render           | Saved: '/Users/mohammedkalouti/Documents/Codex/2026-09-27/i/work/art/aircraft-final-production-v3/stage/assets/build/frames/unit.IR.fighter/team/fire_empty/d11_f00.png'
21:38.032  render           | Saved: '/Users/mohammedkalouti/Documents/Codex/2026-09-27/i/work/art/aircraft-final-production-v3/stage/assets/build/frames/unit.IR.fighter/shadow/fire_empty/d11_f00.png'
21:38.579  render           | Saved: '/Users/mohammedkalouti/Documents/Codex/2026-09-27/i/work/art/aircraft-final-production-v3/stage/assets/build/frames/unit.IR.fighter/beauty/fire_empty/d11_f01.png'
21:39.055  render           | Saved: '/Users/mohammedkalouti/Documents/Codex/2026-09-27/i/work/art/aircraft-final-production-v3/stage/assets/build/frames/unit.IR.fighter/team/fire_empty/d11_f01.png'
21:39.850  render           | Saved: '/Users/mohammedkalouti/Documents/Codex/2026-09-27/i/work/art/aircraft-final-production-v3/stage/assets/build/frames/unit.IR.fighter/shadow/fire_empty/d11_f01.png'
21:40.387  render           | Saved: '/Users/mohammedkalouti/Documents/Codex/2026-09-27/i/work/art/aircraft-final-production-v3/stage/assets/build/frames/unit.IR.fighter/beauty/fire_empty/d12_f00.png'
21:40.871  render           | Saved: '/Users/mohammedkalouti/Documents/Codex/2026-09-27/i/work/art/aircraft-final-production-v3/stage/assets/build/frames/unit.IR.fighter/team/fire_empty/d12_f00.png'
21:41.690  render           | Saved: '/Users/mohammedkalouti/Documents/Codex/2026-09-27/i/work/art/aircraft-final-production-v3/stage/assets/build/frames/unit.IR.fighter/shadow/fire_empty/d12_f00.png'
21:42.235  render           | Saved: '/Users/mohammedkalouti/Documents/Codex/2026-09-27/i/work/art/aircraft-final-production-v3/stage/assets/build/frames/unit.IR.fighter/beauty/fire_empty/d12_f01.png'
21:42.713  render           | Saved: '/Users/mohammedkalouti/Documents/Codex/2026-09-27/i/work/art/aircraft-final-production-v3/stage/assets/build/frames/unit.IR.fighter/team/fire_empty/d12_f01.png'
21:43.528  render           | Saved: '/Users/mohammedkalouti/Documents/Codex/2026-09-27/i/work/art/aircraft-final-production-v3/stage/assets/build/frames/unit.IR.fighter/shadow/fire_empty/d12_f01.png'
21:44.111  render           | Saved: '/Users/mohammedkalouti/Documents/Codex/2026-09-27/i/work/art/aircraft-final-production-v3/stage/assets/build/frames/unit.IR.fighter/beauty/fire_empty/d13_f00.png'
21:44.597  render           | Saved: '/Users/mohammedkalouti/Documents/Codex/2026-09-27/i/work/art/aircraft-final-production-v3/stage/assets/build/frames/unit.IR.fighter/team/fire_empty/d13_f00.png'
21:45.413  render           | Saved: '/Users/mohammedkalouti/Documents/Codex/2026-09-27/i/work/art/aircraft-final-production-v3/stage/assets/build/frames/unit.IR.fighter/shadow/fire_empty/d13_f00.png'
21:45.983  render           | Saved: '/Users/mohammedkalouti/Documents/Codex/2026-09-27/i/work/art/aircraft-final-production-v3/stage/assets/build/frames/unit.IR.fighter/beauty/fire_empty/d13_f01.png'
21:46.458  render           | Saved: '/Users/mohammedkalouti/Documents/Codex/2026-09-27/i/work/art/aircraft-final-production-v3/stage/assets/build/frames/unit.IR.fighter/team/fire_empty/d13_f01.png'
21:47.360  render           | Saved: '/Users/mohammedkalouti/Documents/Codex/2026-09-27/i/work/art/aircraft-final-production-v3/stage/assets/build/frames/unit.IR.fighter/shadow/fire_empty/d13_f01.png'
21:47.957  render           | Saved: '/Users/mohammedkalouti/Documents/Codex/2026-09-27/i/work/art/aircraft-final-production-v3/stage/assets/build/frames/unit.IR.fighter/beauty/fire_empty/d14_f00.png'
21:48.450  render           | Saved: '/Users/mohammedkalouti/Documents/Codex/2026-09-27/i/work/art/aircraft-final-production-v3/stage/assets/build/frames/unit.IR.fighter/team/fire_empty/d14_f00.png'
21:49.362  render           | Saved: '/Users/mohammedkalouti/Documents/Codex/2026-09-27/i/work/art/aircraft-final-production-v3/stage/assets/build/frames/unit.IR.fighter/shadow/fire_empty/d14_f00.png'
21:49.991  render           | Saved: '/Users/mohammedkalouti/Documents/Codex/2026-09-27/i/work/art/aircraft-final-production-v3/stage/assets/build/frames/unit.IR.fighter/beauty/fire_empty/d14_f01.png'
21:50.483  render           | Saved: '/Users/mohammedkalouti/Documents/Codex/2026-09-27/i/work/art/aircraft-final-production-v3/stage/assets/build/frames/unit.IR.fighter/team/fire_empty/d14_f01.png'
21:51.294  render           | Saved: '/Users/mohammedkalouti/Documents/Codex/2026-09-27/i/work/art/aircraft-final-production-v3/stage/assets/build/frames/unit.IR.fighter/shadow/fire_empty/d14_f01.png'
21:51.838  render           | Saved: '/Users/mohammedkalouti/Documents/Codex/2026-09-27/i/work/art/aircraft-final-production-v3/stage/assets/build/frames/unit.IR.fighter/beauty/fire_empty/d15_f00.png'
21:52.329  render           | Saved: '/Users/mohammedkalouti/Documents/Codex/2026-09-27/i/work/art/aircraft-final-production-v3/stage/assets/build/frames/unit.IR.fighter/team/fire_empty/d15_f00.png'
21:53.205  render           | Saved: '/Users/mohammedkalouti/Documents/Codex/2026-09-27/i/work/art/aircraft-final-production-v3/stage/assets/build/frames/unit.IR.fighter/shadow/fire_empty/d15_f00.png'
21:53.749  render           | Saved: '/Users/mohammedkalouti/Documents/Codex/2026-09-27/i/work/art/aircraft-final-production-v3/stage/assets/build/frames/unit.IR.fighter/beauty/fire_empty/d15_f01.png'
21:54.224  render           | Saved: '/Users/mohammedkalouti/Documents/Codex/2026-09-27/i/work/art/aircraft-final-production-v3/stage/assets/build/frames/unit.IR.fighter/team/fire_empty/d15_f01.png'
21:55.042  render           | Saved: '/Users/mohammedkalouti/Documents/Codex/2026-09-27/i/work/art/aircraft-final-production-v3/stage/assets/build/frames/unit.IR.fighter/shadow/fire_empty/d15_f01.png'
21:55.607  render           | Saved: '/Users/mohammedkalouti/Documents/Codex/2026-09-27/i/work/art/aircraft-final-production-v3/stage/assets/build/frames/unit.IR.fighter/beauty/rearm_empty/d00_f00.png'
21:56.215  render           | Saved: '/Users/mohammedkalouti/Documents/Codex/2026-09-27/i/work/art/aircraft-final-production-v3/stage/assets/build/frames/unit.IR.fighter/team/rearm_empty/d00_f00.png'
21:57.339  render           | Saved: '/Users/mohammedkalouti/Documents/Codex/2026-09-27/i/work/art/aircraft-final-production-v3/stage/assets/build/frames/unit.IR.fighter/shadow/rearm_empty/d00_f00.png'
21:57.932  render           | Saved: '/Users/mohammedkalouti/Documents/Codex/2026-09-27/i/work/art/aircraft-final-production-v3/stage/assets/build/frames/unit.IR.fighter/beauty/rearm_empty/d00_f01.png'
21:58.464  render           | Saved: '/Users/mohammedkalouti/Documents/Codex/2026-09-27/i/work/art/aircraft-final-production-v3/stage/assets/build/frames/unit.IR.fighter/team/rearm_empty/d00_f01.png'
21:59.476  render           | Saved: '/Users/mohammedkalouti/Documents/Codex/2026-09-27/i/work/art/aircraft-final-production-v3/stage/assets/build/frames/unit.IR.fighter/shadow/rearm_empty/d00_f01.png'
22:00.024  render           | Saved: '/Users/mohammedkalouti/Documents/Codex/2026-09-27/i/work/art/aircraft-final-production-v3/stage/assets/build/frames/unit.IR.fighter/beauty/rearm_empty/d00_f02.png'
22:00.536  render           | Saved: '/Users/mohammedkalouti/Documents/Codex/2026-09-27/i/work/art/aircraft-final-production-v3/stage/assets/build/frames/unit.IR.fighter/team/rearm_empty/d00_f02.png'
22:01.459  render           | Saved: '/Users/mohammedkalouti/Documents/Codex/2026-09-27/i/work/art/aircraft-final-production-v3/stage/assets/build/frames/unit.IR.fighter/shadow/rearm_empty/d00_f02.png'
22:02.035  render           | Saved: '/Users/mohammedkalouti/Documents/Codex/2026-09-27/i/work/art/aircraft-final-production-v3/stage/assets/build/frames/unit.IR.fighter/beauty/rearm_empty/d00_f03.png'
22:02.522  render           | Saved: '/Users/mohammedkalouti/Documents/Codex/2026-09-27/i/work/art/aircraft-final-production-v3/stage/assets/build/frames/unit.IR.fighter/team/rearm_empty/d00_f03.png'
22:03.446  render           | Saved: '/Users/mohammedkalouti/Documents/Codex/2026-09-27/i/work/art/aircraft-final-production-v3/stage/assets/build/frames/unit.IR.fighter/shadow/rearm_empty/d00_f03.png'
22:04.008  render           | Saved: '/Users/mohammedkalouti/Documents/Codex/2026-09-27/i/work/art/aircraft-final-production-v3/stage/assets/build/frames/unit.IR.fighter/beauty/rearm_empty/d00_f04.png'
22:04.496  render           | Saved: '/Users/mohammedkalouti/Documents/Codex/2026-09-27/i/work/art/aircraft-final-production-v3/stage/assets/build/frames/unit.IR.fighter/team/rearm_empty/d00_f04.png'
22:05.413  render           | Saved: '/Users/mohammedkalouti/Documents/Codex/2026-09-27/i/work/art/aircraft-final-production-v3/stage/assets/build/frames/unit.IR.fighter/shadow/rearm_empty/d00_f04.png'
22:05.984  render           | Saved: '/Users/mohammedkalouti/Documents/Codex/2026-09-27/i/work/art/aircraft-final-production-v3/stage/assets/build/frames/unit.IR.fighter/beauty/rearm_empty/d00_f05.png'
22:06.487  render           | Saved: '/Users/mohammedkalouti/Documents/Codex/2026-09-27/i/work/art/aircraft-final-production-v3/stage/assets/build/frames/unit.IR.fighter/team/rearm_empty/d00_f05.png'
22:07.395  render           | Saved: '/Users/mohammedkalouti/Documents/Codex/2026-09-27/i/work/art/aircraft-final-production-v3/stage/assets/build/frames/unit.IR.fighter/shadow/rearm_empty/d00_f05.png'
22:07.941  render           | Saved: '/Users/mohammedkalouti/Documents/Codex/2026-09-27/i/work/art/aircraft-final-production-v3/stage/assets/build/frames/unit.IR.fighter/beauty/rearm_empty/d01_f00.png'
22:08.428  render           | Saved: '/Users/mohammedkalouti/Documents/Codex/2026-09-27/i/work/art/aircraft-final-production-v3/stage/assets/build/frames/unit.IR.fighter/team/rearm_empty/d01_f00.png'
22:09.347  render           | Saved: '/Users/mohammedkalouti/Documents/Codex/2026-09-27/i/work/art/aircraft-final-production-v3/stage/assets/build/frames/unit.IR.fighter/shadow/rearm_empty/d01_f00.png'
22:09.909  render           | Saved: '/Users/mohammedkalouti/Documents/Codex/2026-09-27/i/work/art/aircraft-final-production-v3/stage/assets/build/frames/unit.IR.fighter/beauty/rearm_empty/d01_f01.png'
22:10.390  render           | Saved: '/Users/mohammedkalouti/Documents/Codex/2026-09-27/i/work/art/aircraft-final-production-v3/stage/assets/build/frames/unit.IR.fighter/team/rearm_empty/d01_f01.png'
22:11.321  render           | Saved: '/Users/mohammedkalouti/Documents/Codex/2026-09-27/i/work/art/aircraft-final-production-v3/stage/assets/build/frames/unit.IR.fighter/shadow/rearm_empty/d01_f01.png'
22:11.867  render           | Saved: '/Users/mohammedkalouti/Documents/Codex/2026-09-27/i/work/art/aircraft-final-production-v3/stage/assets/build/frames/unit.IR.fighter/beauty/rearm_empty/d01_f02.png'
22:12.387  render           | Saved: '/Users/mohammedkalouti/Documents/Codex/2026-09-27/i/work/art/aircraft-final-production-v3/stage/assets/build/frames/unit.IR.fighter/team/rearm_empty/d01_f02.png'
22:13.290  render           | Saved: '/Users/mohammedkalouti/Documents/Codex/2026-09-27/i/work/art/aircraft-final-production-v3/stage/assets/build/frames/unit.IR.fighter/shadow/rearm_empty/d01_f02.png'
22:13.835  render           | Saved: '/Users/mohammedkalouti/Documents/Codex/2026-09-27/i/work/art/aircraft-final-production-v3/stage/assets/build/frames/unit.IR.fighter/beauty/rearm_empty/d01_f03.png'
22:14.324  render           | Saved: '/Users/mohammedkalouti/Documents/Codex/2026-09-27/i/work/art/aircraft-final-production-v3/stage/assets/build/frames/unit.IR.fighter/team/rearm_empty/d01_f03.png'
22:15.229  render           | Saved: '/Users/mohammedkalouti/Documents/Codex/2026-09-27/i/work/art/aircraft-final-production-v3/stage/assets/build/frames/unit.IR.fighter/shadow/rearm_empty/d01_f03.png'
22:15.782  render           | Saved: '/Users/mohammedkalouti/Documents/Codex/2026-09-27/i/work/art/aircraft-final-production-v3/stage/assets/build/frames/unit.IR.fighter/beauty/rearm_empty/d01_f04.png'
22:16.291  render           | Saved: '/Users/mohammedkalouti/Documents/Codex/2026-09-27/i/work/art/aircraft-final-production-v3/stage/assets/build/frames/unit.IR.fighter/team/rearm_empty/d01_f04.png'
22:17.212  render           | Saved: '/Users/mohammedkalouti/Documents/Codex/2026-09-27/i/work/art/aircraft-final-production-v3/stage/assets/build/frames/unit.IR.fighter/shadow/rearm_empty/d01_f04.png'
22:17.781  render           | Saved: '/Users/mohammedkalouti/Documents/Codex/2026-09-27/i/work/art/aircraft-final-production-v3/stage/assets/build/frames/unit.IR.fighter/beauty/rearm_empty/d01_f05.png'
22:18.282  render           | Saved: '/Users/mohammedkalouti/Documents/Codex/2026-09-27/i/work/art/aircraft-final-production-v3/stage/assets/build/frames/unit.IR.fighter/team/rearm_empty/d01_f05.png'
22:19.188  render           | Saved: '/Users/mohammedkalouti/Documents/Codex/2026-09-27/i/work/art/aircraft-final-production-v3/stage/assets/build/frames/unit.IR.fighter/shadow/rearm_empty/d01_f05.png'
22:20.133  render           | Saved: '/Users/mohammedkalouti/Documents/Codex/2026-09-27/i/work/art/aircraft-final-production-v3/stage/assets/build/frames/unit.IR.fighter/beauty/rearm_empty/d02_f00.png'
22:20.793  render           | Saved: '/Users/mohammedkalouti/Documents/Codex/2026-09-27/i/work/art/aircraft-final-production-v3/stage/assets/build/frames/unit.IR.fighter/team/rearm_empty/d02_f00.png'
22:22.721  render           | Saved: '/Users/mohammedkalouti/Documents/Codex/2026-09-27/i/work/art/aircraft-final-production-v3/stage/assets/build/frames/unit.IR.fighter/shadow/rearm_empty/d02_f00.png'
22:23.426  render           | Saved: '/Users/mohammedkalouti/Documents/Codex/2026-09-27/i/work/art/aircraft-final-production-v3/stage/assets/build/frames/unit.IR.fighter/beauty/rearm_empty/d02_f01.png'
22:23.963  render           | Saved: '/Users/mohammedkalouti/Documents/Codex/2026-09-27/i/work/art/aircraft-final-production-v3/stage/assets/build/frames/unit.IR.fighter/team/rearm_empty/d02_f01.png'
22:24.918  render           | Saved: '/Users/mohammedkalouti/Documents/Codex/2026-09-27/i/work/art/aircraft-final-production-v3/stage/assets/build/frames/unit.IR.fighter/shadow/rearm_empty/d02_f01.png'
22:25.496  render           | Saved: '/Users/mohammedkalouti/Documents/Codex/2026-09-27/i/work/art/aircraft-final-production-v3/stage/assets/build/frames/unit.IR.fighter/beauty/rearm_empty/d02_f02.png'
22:25.985  render           | Saved: '/Users/mohammedkalouti/Documents/Codex/2026-09-27/i/work/art/aircraft-final-production-v3/stage/assets/build/frames/unit.IR.fighter/team/rearm_empty/d02_f02.png'
22:26.902  render           | Saved: '/Users/mohammedkalouti/Documents/Codex/2026-09-27/i/work/art/aircraft-final-production-v3/stage/assets/build/frames/unit.IR.fighter/shadow/rearm_empty/d02_f02.png'
22:27.484  render           | Saved: '/Users/mohammedkalouti/Documents/Codex/2026-09-27/i/work/art/aircraft-final-production-v3/stage/assets/build/frames/unit.IR.fighter/beauty/rearm_empty/d02_f03.png'
22:27.979  render           | Saved: '/Users/mohammedkalouti/Documents/Codex/2026-09-27/i/work/art/aircraft-final-production-v3/stage/assets/build/frames/unit.IR.fighter/team/rearm_empty/d02_f03.png'
22:28.915  render           | Saved: '/Users/mohammedkalouti/Documents/Codex/2026-09-27/i/work/art/aircraft-final-production-v3/stage/assets/build/frames/unit.IR.fighter/shadow/rearm_empty/d02_f03.png'
22:29.482  render           | Saved: '/Users/mohammedkalouti/Documents/Codex/2026-09-27/i/work/art/aircraft-final-production-v3/stage/assets/build/frames/unit.IR.fighter/beauty/rearm_empty/d02_f04.png'
22:30.007  render           | Saved: '/Users/mohammedkalouti/Documents/Codex/2026-09-27/i/work/art/aircraft-final-production-v3/stage/assets/build/frames/unit.IR.fighter/team/rearm_empty/d02_f04.png'
22:30.911  render           | Saved: '/Users/mohammedkalouti/Documents/Codex/2026-09-27/i/work/art/aircraft-final-production-v3/stage/assets/build/frames/unit.IR.fighter/shadow/rearm_empty/d02_f04.png'
22:31.479  render           | Saved: '/Users/mohammedkalouti/Documents/Codex/2026-09-27/i/work/art/aircraft-final-production-v3/stage/assets/build/frames/unit.IR.fighter/beauty/rearm_empty/d02_f05.png'
22:31.999  render           | Saved: '/Users/mohammedkalouti/Documents/Codex/2026-09-27/i/work/art/aircraft-final-production-v3/stage/assets/build/frames/unit.IR.fighter/team/rearm_empty/d02_f05.png'
22:32.926  render           | Saved: '/Users/mohammedkalouti/Documents/Codex/2026-09-27/i/work/art/aircraft-final-production-v3/stage/assets/build/frames/unit.IR.fighter/shadow/rearm_empty/d02_f05.png'
22:33.489  render           | Saved: '/Users/mohammedkalouti/Documents/Codex/2026-09-27/i/work/art/aircraft-final-production-v3/stage/assets/build/frames/unit.IR.fighter/beauty/rearm_empty/d03_f01.png'
22:33.996  render           | Saved: '/Users/mohammedkalouti/Documents/Codex/2026-09-27/i/work/art/aircraft-final-production-v3/stage/assets/build/frames/unit.IR.fighter/team/rearm_empty/d03_f01.png'
22:34.915  render           | Saved: '/Users/mohammedkalouti/Documents/Codex/2026-09-27/i/work/art/aircraft-final-production-v3/stage/assets/build/frames/unit.IR.fighter/shadow/rearm_empty/d03_f01.png'
22:35.475  render           | Saved: '/Users/mohammedkalouti/Documents/Codex/2026-09-27/i/work/art/aircraft-final-production-v3/stage/assets/build/frames/unit.IR.fighter/beauty/rearm_empty/d03_f02.png'
22:35.957  render           | Saved: '/Users/mohammedkalouti/Documents/Codex/2026-09-27/i/work/art/aircraft-final-production-v3/stage/assets/build/frames/unit.IR.fighter/team/rearm_empty/d03_f02.png'
22:36.888  render           | Saved: '/Users/mohammedkalouti/Documents/Codex/2026-09-27/i/work/art/aircraft-final-production-v3/stage/assets/build/frames/unit.IR.fighter/shadow/rearm_empty/d03_f02.png'
22:37.465  render           | Saved: '/Users/mohammedkalouti/Documents/Codex/2026-09-27/i/work/art/aircraft-final-production-v3/stage/assets/build/frames/unit.IR.fighter/beauty/rearm_empty/d03_f04.png'
22:37.993  render           | Saved: '/Users/mohammedkalouti/Documents/Codex/2026-09-27/i/work/art/aircraft-final-production-v3/stage/assets/build/frames/unit.IR.fighter/team/rearm_empty/d03_f04.png'
22:38.899  render           | Saved: '/Users/mohammedkalouti/Documents/Codex/2026-09-27/i/work/art/aircraft-final-production-v3/stage/assets/build/frames/unit.IR.fighter/shadow/rearm_empty/d03_f04.png'
22:39.464  render           | Saved: '/Users/mohammedkalouti/Documents/Codex/2026-09-27/i/work/art/aircraft-final-production-v3/stage/assets/build/frames/unit.IR.fighter/beauty/rearm_empty/d03_f05.png'
22:39.961  render           | Saved: '/Users/mohammedkalouti/Documents/Codex/2026-09-27/i/work/art/aircraft-final-production-v3/stage/assets/build/frames/unit.IR.fighter/team/rearm_empty/d03_f05.png'
22:40.860  render           | Saved: '/Users/mohammedkalouti/Documents/Codex/2026-09-27/i/work/art/aircraft-final-production-v3/stage/assets/build/frames/unit.IR.fighter/shadow/rearm_empty/d03_f05.png'
22:41.415  render           | Saved: '/Users/mohammedkalouti/Documents/Codex/2026-09-27/i/work/art/aircraft-final-production-v3/stage/assets/build/frames/unit.IR.fighter/beauty/rearm_empty/d04_f00.png'
22:41.890  render           | Saved: '/Users/mohammedkalouti/Documents/Codex/2026-09-27/i/work/art/aircraft-final-production-v3/stage/assets/build/frames/unit.IR.fighter/team/rearm_empty/d04_f00.png'
22:42.845  render           | Saved: '/Users/mohammedkalouti/Documents/Codex/2026-09-27/i/work/art/aircraft-final-production-v3/stage/assets/build/frames/unit.IR.fighter/shadow/rearm_empty/d04_f00.png'
22:43.415  render           | Saved: '/Users/mohammedkalouti/Documents/Codex/2026-09-27/i/work/art/aircraft-final-production-v3/stage/assets/build/frames/unit.IR.fighter/beauty/rearm_empty/d04_f01.png'
22:43.889  render           | Saved: '/Users/mohammedkalouti/Documents/Codex/2026-09-27/i/work/art/aircraft-final-production-v3/stage/assets/build/frames/unit.IR.fighter/team/rearm_empty/d04_f01.png'
22:44.826  render           | Saved: '/Users/mohammedkalouti/Documents/Codex/2026-09-27/i/work/art/aircraft-final-production-v3/stage/assets/build/frames/unit.IR.fighter/shadow/rearm_empty/d04_f01.png'
22:45.367  render           | Saved: '/Users/mohammedkalouti/Documents/Codex/2026-09-27/i/work/art/aircraft-final-production-v3/stage/assets/build/frames/unit.IR.fighter/beauty/rearm_empty/d04_f02.png'
22:45.846  render           | Saved: '/Users/mohammedkalouti/Documents/Codex/2026-09-27/i/work/art/aircraft-final-production-v3/stage/assets/build/frames/unit.IR.fighter/team/rearm_empty/d04_f02.png'
22:46.761  render           | Saved: '/Users/mohammedkalouti/Documents/Codex/2026-09-27/i/work/art/aircraft-final-production-v3/stage/assets/build/frames/unit.IR.fighter/shadow/rearm_empty/d04_f02.png'
22:47.315  render           | Saved: '/Users/mohammedkalouti/Documents/Codex/2026-09-27/i/work/art/aircraft-final-production-v3/stage/assets/build/frames/unit.IR.fighter/beauty/rearm_empty/d04_f03.png'
22:47.796  render           | Saved: '/Users/mohammedkalouti/Documents/Codex/2026-09-27/i/work/art/aircraft-final-production-v3/stage/assets/build/frames/unit.IR.fighter/team/rearm_empty/d04_f03.png'
22:48.747  render           | Saved: '/Users/mohammedkalouti/Documents/Codex/2026-09-27/i/work/art/aircraft-final-production-v3/stage/assets/build/frames/unit.IR.fighter/shadow/rearm_empty/d04_f03.png'
22:49.310  render           | Saved: '/Users/mohammedkalouti/Documents/Codex/2026-09-27/i/work/art/aircraft-final-production-v3/stage/assets/build/frames/unit.IR.fighter/beauty/rearm_empty/d04_f04.png'
22:49.812  render           | Saved: '/Users/mohammedkalouti/Documents/Codex/2026-09-27/i/work/art/aircraft-final-production-v3/stage/assets/build/frames/unit.IR.fighter/team/rearm_empty/d04_f04.png'
22:50.784  render           | Saved: '/Users/mohammedkalouti/Documents/Codex/2026-09-27/i/work/art/aircraft-final-production-v3/stage/assets/build/frames/unit.IR.fighter/shadow/rearm_empty/d04_f04.png'
22:51.346  render           | Saved: '/Users/mohammedkalouti/Documents/Codex/2026-09-27/i/work/art/aircraft-final-production-v3/stage/assets/build/frames/unit.IR.fighter/beauty/rearm_empty/d04_f05.png'
22:51.825  render           | Saved: '/Users/mohammedkalouti/Documents/Codex/2026-09-27/i/work/art/aircraft-final-production-v3/stage/assets/build/frames/unit.IR.fighter/team/rearm_empty/d04_f05.png'
22:52.736  render           | Saved: '/Users/mohammedkalouti/Documents/Codex/2026-09-27/i/work/art/aircraft-final-production-v3/stage/assets/build/frames/unit.IR.fighter/shadow/rearm_empty/d04_f05.png'
22:53.291  render           | Saved: '/Users/mohammedkalouti/Documents/Codex/2026-09-27/i/work/art/aircraft-final-production-v3/stage/assets/build/frames/unit.IR.fighter/beauty/rearm_empty/d05_f00.png'
22:53.776  render           | Saved: '/Users/mohammedkalouti/Documents/Codex/2026-09-27/i/work/art/aircraft-final-production-v3/stage/assets/build/frames/unit.IR.fighter/team/rearm_empty/d05_f00.png'
22:54.697  render           | Saved: '/Users/mohammedkalouti/Documents/Codex/2026-09-27/i/work/art/aircraft-final-production-v3/stage/assets/build/frames/unit.IR.fighter/shadow/rearm_empty/d05_f00.png'
22:55.256  render           | Saved: '/Users/mohammedkalouti/Documents/Codex/2026-09-27/i/work/art/aircraft-final-production-v3/stage/assets/build/frames/unit.IR.fighter/beauty/rearm_empty/d05_f01.png'
22:55.746  render           | Saved: '/Users/mohammedkalouti/Documents/Codex/2026-09-27/i/work/art/aircraft-final-production-v3/stage/assets/build/frames/unit.IR.fighter/team/rearm_empty/d05_f01.png'
22:56.657  render           | Saved: '/Users/mohammedkalouti/Documents/Codex/2026-09-27/i/work/art/aircraft-final-production-v3/stage/assets/build/frames/unit.IR.fighter/shadow/rearm_empty/d05_f01.png'
22:57.198  render           | Saved: '/Users/mohammedkalouti/Documents/Codex/2026-09-27/i/work/art/aircraft-final-production-v3/stage/assets/build/frames/unit.IR.fighter/beauty/rearm_empty/d05_f02.png'
22:57.672  render           | Saved: '/Users/mohammedkalouti/Documents/Codex/2026-09-27/i/work/art/aircraft-final-production-v3/stage/assets/build/frames/unit.IR.fighter/team/rearm_empty/d05_f02.png'
22:58.572  render           | Saved: '/Users/mohammedkalouti/Documents/Codex/2026-09-27/i/work/art/aircraft-final-production-v3/stage/assets/build/frames/unit.IR.fighter/shadow/rearm_empty/d05_f02.png'
22:59.132  render           | Saved: '/Users/mohammedkalouti/Documents/Codex/2026-09-27/i/work/art/aircraft-final-production-v3/stage/assets/build/frames/unit.IR.fighter/beauty/rearm_empty/d05_f03.png'
22:59.607  render           | Saved: '/Users/mohammedkalouti/Documents/Codex/2026-09-27/i/work/art/aircraft-final-production-v3/stage/assets/build/frames/unit.IR.fighter/team/rearm_empty/d05_f03.png'
23:00.523  render           | Saved: '/Users/mohammedkalouti/Documents/Codex/2026-09-27/i/work/art/aircraft-final-production-v3/stage/assets/build/frames/unit.IR.fighter/shadow/rearm_empty/d05_f03.png'
23:01.090  render           | Saved: '/Users/mohammedkalouti/Documents/Codex/2026-09-27/i/work/art/aircraft-final-production-v3/stage/assets/build/frames/unit.IR.fighter/beauty/rearm_empty/d05_f04.png'
23:01.587  render           | Saved: '/Users/mohammedkalouti/Documents/Codex/2026-09-27/i/work/art/aircraft-final-production-v3/stage/assets/build/frames/unit.IR.fighter/team/rearm_empty/d05_f04.png'
23:02.498  render           | Saved: '/Users/mohammedkalouti/Documents/Codex/2026-09-27/i/work/art/aircraft-final-production-v3/stage/assets/build/frames/unit.IR.fighter/shadow/rearm_empty/d05_f04.png'
23:03.064  render           | Saved: '/Users/mohammedkalouti/Documents/Codex/2026-09-27/i/work/art/aircraft-final-production-v3/stage/assets/build/frames/unit.IR.fighter/beauty/rearm_empty/d05_f05.png'
23:03.546  render           | Saved: '/Users/mohammedkalouti/Documents/Codex/2026-09-27/i/work/art/aircraft-final-production-v3/stage/assets/build/frames/unit.IR.fighter/team/rearm_empty/d05_f05.png'
23:04.436  render           | Saved: '/Users/mohammedkalouti/Documents/Codex/2026-09-27/i/work/art/aircraft-final-production-v3/stage/assets/build/frames/unit.IR.fighter/shadow/rearm_empty/d05_f05.png'
23:04.976  render           | Saved: '/Users/mohammedkalouti/Documents/Codex/2026-09-27/i/work/art/aircraft-final-production-v3/stage/assets/build/frames/unit.IR.fighter/beauty/rearm_empty/d06_f00.png'
23:05.457  render           | Saved: '/Users/mohammedkalouti/Documents/Codex/2026-09-27/i/work/art/aircraft-final-production-v3/stage/assets/build/frames/unit.IR.fighter/team/rearm_empty/d06_f00.png'
23:06.386  render           | Saved: '/Users/mohammedkalouti/Documents/Codex/2026-09-27/i/work/art/aircraft-final-production-v3/stage/assets/build/frames/unit.IR.fighter/shadow/rearm_empty/d06_f00.png'
23:06.956  render           | Saved: '/Users/mohammedkalouti/Documents/Codex/2026-09-27/i/work/art/aircraft-final-production-v3/stage/assets/build/frames/unit.IR.fighter/beauty/rearm_empty/d06_f01.png'
23:07.448  render           | Saved: '/Users/mohammedkalouti/Documents/Codex/2026-09-27/i/work/art/aircraft-final-production-v3/stage/assets/build/frames/unit.IR.fighter/team/rearm_empty/d06_f01.png'
23:08.353  render           | Saved: '/Users/mohammedkalouti/Documents/Codex/2026-09-27/i/work/art/aircraft-final-production-v3/stage/assets/build/frames/unit.IR.fighter/shadow/rearm_empty/d06_f01.png'
23:08.899  render           | Saved: '/Users/mohammedkalouti/Documents/Codex/2026-09-27/i/work/art/aircraft-final-production-v3/stage/assets/build/frames/unit.IR.fighter/beauty/rearm_empty/d06_f02.png'
23:09.401  render           | Saved: '/Users/mohammedkalouti/Documents/Codex/2026-09-27/i/work/art/aircraft-final-production-v3/stage/assets/build/frames/unit.IR.fighter/team/rearm_empty/d06_f02.png'
23:10.322  render           | Saved: '/Users/mohammedkalouti/Documents/Codex/2026-09-27/i/work/art/aircraft-final-production-v3/stage/assets/build/frames/unit.IR.fighter/shadow/rearm_empty/d06_f02.png'
23:10.891  render           | Saved: '/Users/mohammedkalouti/Documents/Codex/2026-09-27/i/work/art/aircraft-final-production-v3/stage/assets/build/frames/unit.IR.fighter/beauty/rearm_empty/d06_f03.png'
23:11.443  render           | Saved: '/Users/mohammedkalouti/Documents/Codex/2026-09-27/i/work/art/aircraft-final-production-v3/stage/assets/build/frames/unit.IR.fighter/team/rearm_empty/d06_f03.png'
23:12.397  render           | Saved: '/Users/mohammedkalouti/Documents/Codex/2026-09-27/i/work/art/aircraft-final-production-v3/stage/assets/build/frames/unit.IR.fighter/shadow/rearm_empty/d06_f03.png'
23:12.971  render           | Saved: '/Users/mohammedkalouti/Documents/Codex/2026-09-27/i/work/art/aircraft-final-production-v3/stage/assets/build/frames/unit.IR.fighter/beauty/rearm_empty/d06_f04.png'
23:13.473  render           | Saved: '/Users/mohammedkalouti/Documents/Codex/2026-09-27/i/work/art/aircraft-final-production-v3/stage/assets/build/frames/unit.IR.fighter/team/rearm_empty/d06_f04.png'
23:14.449  render           | Saved: '/Users/mohammedkalouti/Documents/Codex/2026-09-27/i/work/art/aircraft-final-production-v3/stage/assets/build/frames/unit.IR.fighter/shadow/rearm_empty/d06_f04.png'
23:15.051  render           | Saved: '/Users/mohammedkalouti/Documents/Codex/2026-09-27/i/work/art/aircraft-final-production-v3/stage/assets/build/frames/unit.IR.fighter/beauty/rearm_empty/d06_f05.png'
23:15.580  render           | Saved: '/Users/mohammedkalouti/Documents/Codex/2026-09-27/i/work/art/aircraft-final-production-v3/stage/assets/build/frames/unit.IR.fighter/team/rearm_empty/d06_f05.png'
23:16.533  render           | Saved: '/Users/mohammedkalouti/Documents/Codex/2026-09-27/i/work/art/aircraft-final-production-v3/stage/assets/build/frames/unit.IR.fighter/shadow/rearm_empty/d06_f05.png'
23:17.124  render           | Saved: '/Users/mohammedkalouti/Documents/Codex/2026-09-27/i/work/art/aircraft-final-production-v3/stage/assets/build/frames/unit.IR.fighter/beauty/rearm_empty/d07_f01.png'
23:17.592  render           | Saved: '/Users/mohammedkalouti/Documents/Codex/2026-09-27/i/work/art/aircraft-final-production-v3/stage/assets/build/frames/unit.IR.fighter/team/rearm_empty/d07_f01.png'
23:18.511  render           | Saved: '/Users/mohammedkalouti/Documents/Codex/2026-09-27/i/work/art/aircraft-final-production-v3/stage/assets/build/frames/unit.IR.fighter/shadow/rearm_empty/d07_f01.png'
23:19.069  render           | Saved: '/Users/mohammedkalouti/Documents/Codex/2026-09-27/i/work/art/aircraft-final-production-v3/stage/assets/build/frames/unit.IR.fighter/beauty/rearm_empty/d07_f02.png'
23:19.547  render           | Saved: '/Users/mohammedkalouti/Documents/Codex/2026-09-27/i/work/art/aircraft-final-production-v3/stage/assets/build/frames/unit.IR.fighter/team/rearm_empty/d07_f02.png'
23:20.495  render           | Saved: '/Users/mohammedkalouti/Documents/Codex/2026-09-27/i/work/art/aircraft-final-production-v3/stage/assets/build/frames/unit.IR.fighter/shadow/rearm_empty/d07_f02.png'
23:21.055  render           | Saved: '/Users/mohammedkalouti/Documents/Codex/2026-09-27/i/work/art/aircraft-final-production-v3/stage/assets/build/frames/unit.IR.fighter/beauty/rearm_empty/d07_f04.png'
23:21.546  render           | Saved: '/Users/mohammedkalouti/Documents/Codex/2026-09-27/i/work/art/aircraft-final-production-v3/stage/assets/build/frames/unit.IR.fighter/team/rearm_empty/d07_f04.png'
23:22.440  render           | Saved: '/Users/mohammedkalouti/Documents/Codex/2026-09-27/i/work/art/aircraft-final-production-v3/stage/assets/build/frames/unit.IR.fighter/shadow/rearm_empty/d07_f04.png'
23:23.011  render           | Saved: '/Users/mohammedkalouti/Documents/Codex/2026-09-27/i/work/art/aircraft-final-production-v3/stage/assets/build/frames/unit.IR.fighter/beauty/rearm_empty/d07_f05.png'
23:23.489  render           | Saved: '/Users/mohammedkalouti/Documents/Codex/2026-09-27/i/work/art/aircraft-final-production-v3/stage/assets/build/frames/unit.IR.fighter/team/rearm_empty/d07_f05.png'
23:24.412  render           | Saved: '/Users/mohammedkalouti/Documents/Codex/2026-09-27/i/work/art/aircraft-final-production-v3/stage/assets/build/frames/unit.IR.fighter/shadow/rearm_empty/d07_f05.png'
23:24.989  render           | Saved: '/Users/mohammedkalouti/Documents/Codex/2026-09-27/i/work/art/aircraft-final-production-v3/stage/assets/build/frames/unit.IR.fighter/beauty/rearm_empty/d08_f00.png'
23:25.488  render           | Saved: '/Users/mohammedkalouti/Documents/Codex/2026-09-27/i/work/art/aircraft-final-production-v3/stage/assets/build/frames/unit.IR.fighter/team/rearm_empty/d08_f00.png'
23:26.391  render           | Saved: '/Users/mohammedkalouti/Documents/Codex/2026-09-27/i/work/art/aircraft-final-production-v3/stage/assets/build/frames/unit.IR.fighter/shadow/rearm_empty/d08_f00.png'
23:26.935  render           | Saved: '/Users/mohammedkalouti/Documents/Codex/2026-09-27/i/work/art/aircraft-final-production-v3/stage/assets/build/frames/unit.IR.fighter/beauty/rearm_empty/d08_f01.png'
23:27.438  render           | Saved: '/Users/mohammedkalouti/Documents/Codex/2026-09-27/i/work/art/aircraft-final-production-v3/stage/assets/build/frames/unit.IR.fighter/team/rearm_empty/d08_f01.png'
23:28.347  render           | Saved: '/Users/mohammedkalouti/Documents/Codex/2026-09-27/i/work/art/aircraft-final-production-v3/stage/assets/build/frames/unit.IR.fighter/shadow/rearm_empty/d08_f01.png'
23:28.897  render           | Saved: '/Users/mohammedkalouti/Documents/Codex/2026-09-27/i/work/art/aircraft-final-production-v3/stage/assets/build/frames/unit.IR.fighter/beauty/rearm_empty/d08_f02.png'
23:29.393  render           | Saved: '/Users/mohammedkalouti/Documents/Codex/2026-09-27/i/work/art/aircraft-final-production-v3/stage/assets/build/frames/unit.IR.fighter/team/rearm_empty/d08_f02.png'
23:30.322  render           | Saved: '/Users/mohammedkalouti/Documents/Codex/2026-09-27/i/work/art/aircraft-final-production-v3/stage/assets/build/frames/unit.IR.fighter/shadow/rearm_empty/d08_f02.png'
23:30.876  render           | Saved: '/Users/mohammedkalouti/Documents/Codex/2026-09-27/i/work/art/aircraft-final-production-v3/stage/assets/build/frames/unit.IR.fighter/beauty/rearm_empty/d08_f03.png'
23:31.352  render           | Saved: '/Users/mohammedkalouti/Documents/Codex/2026-09-27/i/work/art/aircraft-final-production-v3/stage/assets/build/frames/unit.IR.fighter/team/rearm_empty/d08_f03.png'
23:32.291  render           | Saved: '/Users/mohammedkalouti/Documents/Codex/2026-09-27/i/work/art/aircraft-final-production-v3/stage/assets/build/frames/unit.IR.fighter/shadow/rearm_empty/d08_f03.png'
23:32.848  render           | Saved: '/Users/mohammedkalouti/Documents/Codex/2026-09-27/i/work/art/aircraft-final-production-v3/stage/assets/build/frames/unit.IR.fighter/beauty/rearm_empty/d08_f04.png'
23:33.357  render           | Saved: '/Users/mohammedkalouti/Documents/Codex/2026-09-27/i/work/art/aircraft-final-production-v3/stage/assets/build/frames/unit.IR.fighter/team/rearm_empty/d08_f04.png'
23:34.253  render           | Saved: '/Users/mohammedkalouti/Documents/Codex/2026-09-27/i/work/art/aircraft-final-production-v3/stage/assets/build/frames/unit.IR.fighter/shadow/rearm_empty/d08_f04.png'
23:34.843  render           | Saved: '/Users/mohammedkalouti/Documents/Codex/2026-09-27/i/work/art/aircraft-final-production-v3/stage/assets/build/frames/unit.IR.fighter/beauty/rearm_empty/d08_f05.png'
23:35.338  render           | Saved: '/Users/mohammedkalouti/Documents/Codex/2026-09-27/i/work/art/aircraft-final-production-v3/stage/assets/build/frames/unit.IR.fighter/team/rearm_empty/d08_f05.png'
23:36.249  render           | Saved: '/Users/mohammedkalouti/Documents/Codex/2026-09-27/i/work/art/aircraft-final-production-v3/stage/assets/build/frames/unit.IR.fighter/shadow/rearm_empty/d08_f05.png'
23:36.787  render           | Saved: '/Users/mohammedkalouti/Documents/Codex/2026-09-27/i/work/art/aircraft-final-production-v3/stage/assets/build/frames/unit.IR.fighter/beauty/rearm_empty/d09_f00.png'
23:37.298  render           | Saved: '/Users/mohammedkalouti/Documents/Codex/2026-09-27/i/work/art/aircraft-final-production-v3/stage/assets/build/frames/unit.IR.fighter/team/rearm_empty/d09_f00.png'
23:38.218  render           | Saved: '/Users/mohammedkalouti/Documents/Codex/2026-09-27/i/work/art/aircraft-final-production-v3/stage/assets/build/frames/unit.IR.fighter/shadow/rearm_empty/d09_f00.png'
23:38.784  render           | Saved: '/Users/mohammedkalouti/Documents/Codex/2026-09-27/i/work/art/aircraft-final-production-v3/stage/assets/build/frames/unit.IR.fighter/beauty/rearm_empty/d09_f01.png'
23:39.326  render           | Saved: '/Users/mohammedkalouti/Documents/Codex/2026-09-27/i/work/art/aircraft-final-production-v3/stage/assets/build/frames/unit.IR.fighter/team/rearm_empty/d09_f01.png'
23:40.278  render           | Saved: '/Users/mohammedkalouti/Documents/Codex/2026-09-27/i/work/art/aircraft-final-production-v3/stage/assets/build/frames/unit.IR.fighter/shadow/rearm_empty/d09_f01.png'
23:40.823  render           | Saved: '/Users/mohammedkalouti/Documents/Codex/2026-09-27/i/work/art/aircraft-final-production-v3/stage/assets/build/frames/unit.IR.fighter/beauty/rearm_empty/d09_f02.png'
23:41.325  render           | Saved: '/Users/mohammedkalouti/Documents/Codex/2026-09-27/i/work/art/aircraft-final-production-v3/stage/assets/build/frames/unit.IR.fighter/team/rearm_empty/d09_f02.png'
23:42.215  render           | Saved: '/Users/mohammedkalouti/Documents/Codex/2026-09-27/i/work/art/aircraft-final-production-v3/stage/assets/build/frames/unit.IR.fighter/shadow/rearm_empty/d09_f02.png'
23:42.779  render           | Saved: '/Users/mohammedkalouti/Documents/Codex/2026-09-27/i/work/art/aircraft-final-production-v3/stage/assets/build/frames/unit.IR.fighter/beauty/rearm_empty/d09_f03.png'
23:43.267  render           | Saved: '/Users/mohammedkalouti/Documents/Codex/2026-09-27/i/work/art/aircraft-final-production-v3/stage/assets/build/frames/unit.IR.fighter/team/rearm_empty/d09_f03.png'
23:44.147  render           | Saved: '/Users/mohammedkalouti/Documents/Codex/2026-09-27/i/work/art/aircraft-final-production-v3/stage/assets/build/frames/unit.IR.fighter/shadow/rearm_empty/d09_f03.png'
23:44.701  render           | Saved: '/Users/mohammedkalouti/Documents/Codex/2026-09-27/i/work/art/aircraft-final-production-v3/stage/assets/build/frames/unit.IR.fighter/beauty/rearm_empty/d09_f04.png'
23:45.205  render           | Saved: '/Users/mohammedkalouti/Documents/Codex/2026-09-27/i/work/art/aircraft-final-production-v3/stage/assets/build/frames/unit.IR.fighter/team/rearm_empty/d09_f04.png'
23:46.091  render           | Saved: '/Users/mohammedkalouti/Documents/Codex/2026-09-27/i/work/art/aircraft-final-production-v3/stage/assets/build/frames/unit.IR.fighter/shadow/rearm_empty/d09_f04.png'
23:46.651  render           | Saved: '/Users/mohammedkalouti/Documents/Codex/2026-09-27/i/work/art/aircraft-final-production-v3/stage/assets/build/frames/unit.IR.fighter/beauty/rearm_empty/d09_f05.png'
23:47.135  render           | Saved: '/Users/mohammedkalouti/Documents/Codex/2026-09-27/i/work/art/aircraft-final-production-v3/stage/assets/build/frames/unit.IR.fighter/team/rearm_empty/d09_f05.png'
23:48.025  render           | Saved: '/Users/mohammedkalouti/Documents/Codex/2026-09-27/i/work/art/aircraft-final-production-v3/stage/assets/build/frames/unit.IR.fighter/shadow/rearm_empty/d09_f05.png'
23:48.575  render           | Saved: '/Users/mohammedkalouti/Documents/Codex/2026-09-27/i/work/art/aircraft-final-production-v3/stage/assets/build/frames/unit.IR.fighter/beauty/rearm_empty/d10_f00.png'
23:49.050  render           | Saved: '/Users/mohammedkalouti/Documents/Codex/2026-09-27/i/work/art/aircraft-final-production-v3/stage/assets/build/frames/unit.IR.fighter/team/rearm_empty/d10_f00.png'
23:49.977  render           | Saved: '/Users/mohammedkalouti/Documents/Codex/2026-09-27/i/work/art/aircraft-final-production-v3/stage/assets/build/frames/unit.IR.fighter/shadow/rearm_empty/d10_f00.png'
23:50.551  render           | Saved: '/Users/mohammedkalouti/Documents/Codex/2026-09-27/i/work/art/aircraft-final-production-v3/stage/assets/build/frames/unit.IR.fighter/beauty/rearm_empty/d10_f01.png'
23:51.034  render           | Saved: '/Users/mohammedkalouti/Documents/Codex/2026-09-27/i/work/art/aircraft-final-production-v3/stage/assets/build/frames/unit.IR.fighter/team/rearm_empty/d10_f01.png'
23:51.950  render           | Saved: '/Users/mohammedkalouti/Documents/Codex/2026-09-27/i/work/art/aircraft-final-production-v3/stage/assets/build/frames/unit.IR.fighter/shadow/rearm_empty/d10_f01.png'
23:52.505  render           | Saved: '/Users/mohammedkalouti/Documents/Codex/2026-09-27/i/work/art/aircraft-final-production-v3/stage/assets/build/frames/unit.IR.fighter/beauty/rearm_empty/d10_f02.png'
23:52.972  render           | Saved: '/Users/mohammedkalouti/Documents/Codex/2026-09-27/i/work/art/aircraft-final-production-v3/stage/assets/build/frames/unit.IR.fighter/team/rearm_empty/d10_f02.png'
23:53.876  render           | Saved: '/Users/mohammedkalouti/Documents/Codex/2026-09-27/i/work/art/aircraft-final-production-v3/stage/assets/build/frames/unit.IR.fighter/shadow/rearm_empty/d10_f02.png'
23:54.435  render           | Saved: '/Users/mohammedkalouti/Documents/Codex/2026-09-27/i/work/art/aircraft-final-production-v3/stage/assets/build/frames/unit.IR.fighter/beauty/rearm_empty/d10_f03.png'
23:54.914  render           | Saved: '/Users/mohammedkalouti/Documents/Codex/2026-09-27/i/work/art/aircraft-final-production-v3/stage/assets/build/frames/unit.IR.fighter/team/rearm_empty/d10_f03.png'
23:55.825  render           | Saved: '/Users/mohammedkalouti/Documents/Codex/2026-09-27/i/work/art/aircraft-final-production-v3/stage/assets/build/frames/unit.IR.fighter/shadow/rearm_empty/d10_f03.png'
23:56.397  render           | Saved: '/Users/mohammedkalouti/Documents/Codex/2026-09-27/i/work/art/aircraft-final-production-v3/stage/assets/build/frames/unit.IR.fighter/beauty/rearm_empty/d10_f04.png'
23:56.891  render           | Saved: '/Users/mohammedkalouti/Documents/Codex/2026-09-27/i/work/art/aircraft-final-production-v3/stage/assets/build/frames/unit.IR.fighter/team/rearm_empty/d10_f04.png'
23:57.793  render           | Saved: '/Users/mohammedkalouti/Documents/Codex/2026-09-27/i/work/art/aircraft-final-production-v3/stage/assets/build/frames/unit.IR.fighter/shadow/rearm_empty/d10_f04.png'
23:58.366  render           | Saved: '/Users/mohammedkalouti/Documents/Codex/2026-09-27/i/work/art/aircraft-final-production-v3/stage/assets/build/frames/unit.IR.fighter/beauty/rearm_empty/d10_f05.png'
23:58.835  render           | Saved: '/Users/mohammedkalouti/Documents/Codex/2026-09-27/i/work/art/aircraft-final-production-v3/stage/assets/build/frames/unit.IR.fighter/team/rearm_empty/d10_f05.png'
23:59.749  render           | Saved: '/Users/mohammedkalouti/Documents/Codex/2026-09-27/i/work/art/aircraft-final-production-v3/stage/assets/build/frames/unit.IR.fighter/shadow/rearm_empty/d10_f05.png'
24:00.301  render           | Saved: '/Users/mohammedkalouti/Documents/Codex/2026-09-27/i/work/art/aircraft-final-production-v3/stage/assets/build/frames/unit.IR.fighter/beauty/rearm_empty/d11_f01.png'
24:00.779  render           | Saved: '/Users/mohammedkalouti/Documents/Codex/2026-09-27/i/work/art/aircraft-final-production-v3/stage/assets/build/frames/unit.IR.fighter/team/rearm_empty/d11_f01.png'
24:01.664  render           | Saved: '/Users/mohammedkalouti/Documents/Codex/2026-09-27/i/work/art/aircraft-final-production-v3/stage/assets/build/frames/unit.IR.fighter/shadow/rearm_empty/d11_f01.png'
24:02.274  render           | Saved: '/Users/mohammedkalouti/Documents/Codex/2026-09-27/i/work/art/aircraft-final-production-v3/stage/assets/build/frames/unit.IR.fighter/beauty/rearm_empty/d11_f02.png'
24:02.753  render           | Saved: '/Users/mohammedkalouti/Documents/Codex/2026-09-27/i/work/art/aircraft-final-production-v3/stage/assets/build/frames/unit.IR.fighter/team/rearm_empty/d11_f02.png'
24:03.678  render           | Saved: '/Users/mohammedkalouti/Documents/Codex/2026-09-27/i/work/art/aircraft-final-production-v3/stage/assets/build/frames/unit.IR.fighter/shadow/rearm_empty/d11_f02.png'
24:04.258  render           | Saved: '/Users/mohammedkalouti/Documents/Codex/2026-09-27/i/work/art/aircraft-final-production-v3/stage/assets/build/frames/unit.IR.fighter/beauty/rearm_empty/d11_f04.png'
24:04.742  render           | Saved: '/Users/mohammedkalouti/Documents/Codex/2026-09-27/i/work/art/aircraft-final-production-v3/stage/assets/build/frames/unit.IR.fighter/team/rearm_empty/d11_f04.png'
24:05.640  render           | Saved: '/Users/mohammedkalouti/Documents/Codex/2026-09-27/i/work/art/aircraft-final-production-v3/stage/assets/build/frames/unit.IR.fighter/shadow/rearm_empty/d11_f04.png'
24:06.193  render           | Saved: '/Users/mohammedkalouti/Documents/Codex/2026-09-27/i/work/art/aircraft-final-production-v3/stage/assets/build/frames/unit.IR.fighter/beauty/rearm_empty/d11_f05.png'
24:06.679  render           | Saved: '/Users/mohammedkalouti/Documents/Codex/2026-09-27/i/work/art/aircraft-final-production-v3/stage/assets/build/frames/unit.IR.fighter/team/rearm_empty/d11_f05.png'
24:07.591  render           | Saved: '/Users/mohammedkalouti/Documents/Codex/2026-09-27/i/work/art/aircraft-final-production-v3/stage/assets/build/frames/unit.IR.fighter/shadow/rearm_empty/d11_f05.png'
24:08.134  render           | Saved: '/Users/mohammedkalouti/Documents/Codex/2026-09-27/i/work/art/aircraft-final-production-v3/stage/assets/build/frames/unit.IR.fighter/beauty/rearm_empty/d12_f00.png'
24:08.611  render           | Saved: '/Users/mohammedkalouti/Documents/Codex/2026-09-27/i/work/art/aircraft-final-production-v3/stage/assets/build/frames/unit.IR.fighter/team/rearm_empty/d12_f00.png'
24:09.513  render           | Saved: '/Users/mohammedkalouti/Documents/Codex/2026-09-27/i/work/art/aircraft-final-production-v3/stage/assets/build/frames/unit.IR.fighter/shadow/rearm_empty/d12_f00.png'
24:10.077  render           | Saved: '/Users/mohammedkalouti/Documents/Codex/2026-09-27/i/work/art/aircraft-final-production-v3/stage/assets/build/frames/unit.IR.fighter/beauty/rearm_empty/d12_f01.png'
24:10.559  render           | Saved: '/Users/mohammedkalouti/Documents/Codex/2026-09-27/i/work/art/aircraft-final-production-v3/stage/assets/build/frames/unit.IR.fighter/team/rearm_empty/d12_f01.png'
24:11.453  render           | Saved: '/Users/mohammedkalouti/Documents/Codex/2026-09-27/i/work/art/aircraft-final-production-v3/stage/assets/build/frames/unit.IR.fighter/shadow/rearm_empty/d12_f01.png'
24:11.999  render           | Saved: '/Users/mohammedkalouti/Documents/Codex/2026-09-27/i/work/art/aircraft-final-production-v3/stage/assets/build/frames/unit.IR.fighter/beauty/rearm_empty/d12_f02.png'
24:12.498  render           | Saved: '/Users/mohammedkalouti/Documents/Codex/2026-09-27/i/work/art/aircraft-final-production-v3/stage/assets/build/frames/unit.IR.fighter/team/rearm_empty/d12_f02.png'
24:13.498  render           | Saved: '/Users/mohammedkalouti/Documents/Codex/2026-09-27/i/work/art/aircraft-final-production-v3/stage/assets/build/frames/unit.IR.fighter/shadow/rearm_empty/d12_f02.png'
24:14.055  render           | Saved: '/Users/mohammedkalouti/Documents/Codex/2026-09-27/i/work/art/aircraft-final-production-v3/stage/assets/build/frames/unit.IR.fighter/beauty/rearm_empty/d12_f03.png'
24:14.540  render           | Saved: '/Users/mohammedkalouti/Documents/Codex/2026-09-27/i/work/art/aircraft-final-production-v3/stage/assets/build/frames/unit.IR.fighter/team/rearm_empty/d12_f03.png'
24:15.454  render           | Saved: '/Users/mohammedkalouti/Documents/Codex/2026-09-27/i/work/art/aircraft-final-production-v3/stage/assets/build/frames/unit.IR.fighter/shadow/rearm_empty/d12_f03.png'
24:16.059  render           | Saved: '/Users/mohammedkalouti/Documents/Codex/2026-09-27/i/work/art/aircraft-final-production-v3/stage/assets/build/frames/unit.IR.fighter/beauty/rearm_empty/d12_f04.png'
24:16.583  render           | Saved: '/Users/mohammedkalouti/Documents/Codex/2026-09-27/i/work/art/aircraft-final-production-v3/stage/assets/build/frames/unit.IR.fighter/team/rearm_empty/d12_f04.png'
24:17.485  render           | Saved: '/Users/mohammedkalouti/Documents/Codex/2026-09-27/i/work/art/aircraft-final-production-v3/stage/assets/build/frames/unit.IR.fighter/shadow/rearm_empty/d12_f04.png'
24:18.043  render           | Saved: '/Users/mohammedkalouti/Documents/Codex/2026-09-27/i/work/art/aircraft-final-production-v3/stage/assets/build/frames/unit.IR.fighter/beauty/rearm_empty/d12_f05.png'
24:18.555  render           | Saved: '/Users/mohammedkalouti/Documents/Codex/2026-09-27/i/work/art/aircraft-final-production-v3/stage/assets/build/frames/unit.IR.fighter/team/rearm_empty/d12_f05.png'
24:19.481  render           | Saved: '/Users/mohammedkalouti/Documents/Codex/2026-09-27/i/work/art/aircraft-final-production-v3/stage/assets/build/frames/unit.IR.fighter/shadow/rearm_empty/d12_f05.png'
24:20.034  render           | Saved: '/Users/mohammedkalouti/Documents/Codex/2026-09-27/i/work/art/aircraft-final-production-v3/stage/assets/build/frames/unit.IR.fighter/beauty/rearm_empty/d13_f00.png'
24:20.533  render           | Saved: '/Users/mohammedkalouti/Documents/Codex/2026-09-27/i/work/art/aircraft-final-production-v3/stage/assets/build/frames/unit.IR.fighter/team/rearm_empty/d13_f00.png'
24:21.443  render           | Saved: '/Users/mohammedkalouti/Documents/Codex/2026-09-27/i/work/art/aircraft-final-production-v3/stage/assets/build/frames/unit.IR.fighter/shadow/rearm_empty/d13_f00.png'
24:21.999  render           | Saved: '/Users/mohammedkalouti/Documents/Codex/2026-09-27/i/work/art/aircraft-final-production-v3/stage/assets/build/frames/unit.IR.fighter/beauty/rearm_empty/d13_f01.png'
24:22.487  render           | Saved: '/Users/mohammedkalouti/Documents/Codex/2026-09-27/i/work/art/aircraft-final-production-v3/stage/assets/build/frames/unit.IR.fighter/team/rearm_empty/d13_f01.png'
24:23.408  render           | Saved: '/Users/mohammedkalouti/Documents/Codex/2026-09-27/i/work/art/aircraft-final-production-v3/stage/assets/build/frames/unit.IR.fighter/shadow/rearm_empty/d13_f01.png'
24:23.961  render           | Saved: '/Users/mohammedkalouti/Documents/Codex/2026-09-27/i/work/art/aircraft-final-production-v3/stage/assets/build/frames/unit.IR.fighter/beauty/rearm_empty/d13_f02.png'
24:24.453  render           | Saved: '/Users/mohammedkalouti/Documents/Codex/2026-09-27/i/work/art/aircraft-final-production-v3/stage/assets/build/frames/unit.IR.fighter/team/rearm_empty/d13_f02.png'
24:25.363  render           | Saved: '/Users/mohammedkalouti/Documents/Codex/2026-09-27/i/work/art/aircraft-final-production-v3/stage/assets/build/frames/unit.IR.fighter/shadow/rearm_empty/d13_f02.png'
24:25.926  render           | Saved: '/Users/mohammedkalouti/Documents/Codex/2026-09-27/i/work/art/aircraft-final-production-v3/stage/assets/build/frames/unit.IR.fighter/beauty/rearm_empty/d13_f03.png'
24:26.410  render           | Saved: '/Users/mohammedkalouti/Documents/Codex/2026-09-27/i/work/art/aircraft-final-production-v3/stage/assets/build/frames/unit.IR.fighter/team/rearm_empty/d13_f03.png'
24:27.329  render           | Saved: '/Users/mohammedkalouti/Documents/Codex/2026-09-27/i/work/art/aircraft-final-production-v3/stage/assets/build/frames/unit.IR.fighter/shadow/rearm_empty/d13_f03.png'
24:27.883  render           | Saved: '/Users/mohammedkalouti/Documents/Codex/2026-09-27/i/work/art/aircraft-final-production-v3/stage/assets/build/frames/unit.IR.fighter/beauty/rearm_empty/d13_f04.png'
24:28.395  render           | Saved: '/Users/mohammedkalouti/Documents/Codex/2026-09-27/i/work/art/aircraft-final-production-v3/stage/assets/build/frames/unit.IR.fighter/team/rearm_empty/d13_f04.png'
24:29.319  render           | Saved: '/Users/mohammedkalouti/Documents/Codex/2026-09-27/i/work/art/aircraft-final-production-v3/stage/assets/build/frames/unit.IR.fighter/shadow/rearm_empty/d13_f04.png'
24:29.873  render           | Saved: '/Users/mohammedkalouti/Documents/Codex/2026-09-27/i/work/art/aircraft-final-production-v3/stage/assets/build/frames/unit.IR.fighter/beauty/rearm_empty/d13_f05.png'
24:30.363  render           | Saved: '/Users/mohammedkalouti/Documents/Codex/2026-09-27/i/work/art/aircraft-final-production-v3/stage/assets/build/frames/unit.IR.fighter/team/rearm_empty/d13_f05.png'
24:31.292  render           | Saved: '/Users/mohammedkalouti/Documents/Codex/2026-09-27/i/work/art/aircraft-final-production-v3/stage/assets/build/frames/unit.IR.fighter/shadow/rearm_empty/d13_f05.png'
24:31.845  render           | Saved: '/Users/mohammedkalouti/Documents/Codex/2026-09-27/i/work/art/aircraft-final-production-v3/stage/assets/build/frames/unit.IR.fighter/beauty/rearm_empty/d14_f00.png'
24:32.360  render           | Saved: '/Users/mohammedkalouti/Documents/Codex/2026-09-27/i/work/art/aircraft-final-production-v3/stage/assets/build/frames/unit.IR.fighter/team/rearm_empty/d14_f00.png'
24:33.289  render           | Saved: '/Users/mohammedkalouti/Documents/Codex/2026-09-27/i/work/art/aircraft-final-production-v3/stage/assets/build/frames/unit.IR.fighter/shadow/rearm_empty/d14_f00.png'
24:33.840  render           | Saved: '/Users/mohammedkalouti/Documents/Codex/2026-09-27/i/work/art/aircraft-final-production-v3/stage/assets/build/frames/unit.IR.fighter/beauty/rearm_empty/d14_f01.png'
24:34.335  render           | Saved: '/Users/mohammedkalouti/Documents/Codex/2026-09-27/i/work/art/aircraft-final-production-v3/stage/assets/build/frames/unit.IR.fighter/team/rearm_empty/d14_f01.png'
24:35.323  render           | Saved: '/Users/mohammedkalouti/Documents/Codex/2026-09-27/i/work/art/aircraft-final-production-v3/stage/assets/build/frames/unit.IR.fighter/shadow/rearm_empty/d14_f01.png'
24:35.894  render           | Saved: '/Users/mohammedkalouti/Documents/Codex/2026-09-27/i/work/art/aircraft-final-production-v3/stage/assets/build/frames/unit.IR.fighter/beauty/rearm_empty/d14_f02.png'
24:36.372  render           | Saved: '/Users/mohammedkalouti/Documents/Codex/2026-09-27/i/work/art/aircraft-final-production-v3/stage/assets/build/frames/unit.IR.fighter/team/rearm_empty/d14_f02.png'
24:37.291  render           | Saved: '/Users/mohammedkalouti/Documents/Codex/2026-09-27/i/work/art/aircraft-final-production-v3/stage/assets/build/frames/unit.IR.fighter/shadow/rearm_empty/d14_f02.png'
24:37.863  render           | Saved: '/Users/mohammedkalouti/Documents/Codex/2026-09-27/i/work/art/aircraft-final-production-v3/stage/assets/build/frames/unit.IR.fighter/beauty/rearm_empty/d14_f03.png'
24:38.355  render           | Saved: '/Users/mohammedkalouti/Documents/Codex/2026-09-27/i/work/art/aircraft-final-production-v3/stage/assets/build/frames/unit.IR.fighter/team/rearm_empty/d14_f03.png'
24:39.288  render           | Saved: '/Users/mohammedkalouti/Documents/Codex/2026-09-27/i/work/art/aircraft-final-production-v3/stage/assets/build/frames/unit.IR.fighter/shadow/rearm_empty/d14_f03.png'
24:39.851  render           | Saved: '/Users/mohammedkalouti/Documents/Codex/2026-09-27/i/work/art/aircraft-final-production-v3/stage/assets/build/frames/unit.IR.fighter/beauty/rearm_empty/d14_f04.png'
24:40.345  render           | Saved: '/Users/mohammedkalouti/Documents/Codex/2026-09-27/i/work/art/aircraft-final-production-v3/stage/assets/build/frames/unit.IR.fighter/team/rearm_empty/d14_f04.png'
24:41.329  render           | Saved: '/Users/mohammedkalouti/Documents/Codex/2026-09-27/i/work/art/aircraft-final-production-v3/stage/assets/build/frames/unit.IR.fighter/shadow/rearm_empty/d14_f04.png'
24:41.924  render           | Saved: '/Users/mohammedkalouti/Documents/Codex/2026-09-27/i/work/art/aircraft-final-production-v3/stage/assets/build/frames/unit.IR.fighter/beauty/rearm_empty/d14_f05.png'
24:42.481  render           | Saved: '/Users/mohammedkalouti/Documents/Codex/2026-09-27/i/work/art/aircraft-final-production-v3/stage/assets/build/frames/unit.IR.fighter/team/rearm_empty/d14_f05.png'
24:43.461  render           | Saved: '/Users/mohammedkalouti/Documents/Codex/2026-09-27/i/work/art/aircraft-final-production-v3/stage/assets/build/frames/unit.IR.fighter/shadow/rearm_empty/d14_f05.png'
24:44.038  render           | Saved: '/Users/mohammedkalouti/Documents/Codex/2026-09-27/i/work/art/aircraft-final-production-v3/stage/assets/build/frames/unit.IR.fighter/beauty/rearm_empty/d15_f01.png'
24:44.538  render           | Saved: '/Users/mohammedkalouti/Documents/Codex/2026-09-27/i/work/art/aircraft-final-production-v3/stage/assets/build/frames/unit.IR.fighter/team/rearm_empty/d15_f01.png'
24:45.438  render           | Saved: '/Users/mohammedkalouti/Documents/Codex/2026-09-27/i/work/art/aircraft-final-production-v3/stage/assets/build/frames/unit.IR.fighter/shadow/rearm_empty/d15_f01.png'
24:45.993  render           | Saved: '/Users/mohammedkalouti/Documents/Codex/2026-09-27/i/work/art/aircraft-final-production-v3/stage/assets/build/frames/unit.IR.fighter/beauty/rearm_empty/d15_f02.png'
24:46.477  render           | Saved: '/Users/mohammedkalouti/Documents/Codex/2026-09-27/i/work/art/aircraft-final-production-v3/stage/assets/build/frames/unit.IR.fighter/team/rearm_empty/d15_f02.png'
24:47.394  render           | Saved: '/Users/mohammedkalouti/Documents/Codex/2026-09-27/i/work/art/aircraft-final-production-v3/stage/assets/build/frames/unit.IR.fighter/shadow/rearm_empty/d15_f02.png'
24:47.949  render           | Saved: '/Users/mohammedkalouti/Documents/Codex/2026-09-27/i/work/art/aircraft-final-production-v3/stage/assets/build/frames/unit.IR.fighter/beauty/rearm_empty/d15_f04.png'
24:48.425  render           | Saved: '/Users/mohammedkalouti/Documents/Codex/2026-09-27/i/work/art/aircraft-final-production-v3/stage/assets/build/frames/unit.IR.fighter/team/rearm_empty/d15_f04.png'
24:49.315  render           | Saved: '/Users/mohammedkalouti/Documents/Codex/2026-09-27/i/work/art/aircraft-final-production-v3/stage/assets/build/frames/unit.IR.fighter/shadow/rearm_empty/d15_f04.png'
24:49.876  render           | Saved: '/Users/mohammedkalouti/Documents/Codex/2026-09-27/i/work/art/aircraft-final-production-v3/stage/assets/build/frames/unit.IR.fighter/beauty/rearm_empty/d15_f05.png'
24:50.351  render           | Saved: '/Users/mohammedkalouti/Documents/Codex/2026-09-27/i/work/art/aircraft-final-production-v3/stage/assets/build/frames/unit.IR.fighter/team/rearm_empty/d15_f05.png'
24:51.277  render           | Saved: '/Users/mohammedkalouti/Documents/Codex/2026-09-27/i/work/art/aircraft-final-production-v3/stage/assets/build/frames/unit.IR.fighter/shadow/rearm_empty/d15_f05.png'
Info: Saved as "unit.IR.fighter.blend"
FC_REUSED_POSES unit.IR.fighter poses=40
FC_RENDER_DONE unit.IR.fighter poses=832 seconds=1491.0
Blender 5.2.2 LTS (hash d13f752e3b9c built 2026-09-15 01:49:19)

Blender quit
