00:01.035  render           | Saved: '/Users/mohammedkalouti/Documents/Codex/2026-09-27/i/work/art/aircraft-final-production-v3/stage/assets/build/frames/unit.IR.gunship/beauty/fly/d00_f00.png'
00:01.537  render           | Saved: '/Users/mohammedkalouti/Documents/Codex/2026-09-27/i/work/art/aircraft-final-production-v3/stage/assets/build/frames/unit.IR.gunship/team/fly/d00_f00.png'
00:01.826  render           | Saved: '/var/folders/n4/43n_jxh10gg3s770b_8jbzb80000gn/T/fc-team-coverage-e7wilxhd.png'
00:02.956  render           | Saved: '/Users/mohammedkalouti/Documents/Codex/2026-09-27/i/work/art/aircraft-final-production-v3/stage/assets/build/frames/unit.IR.gunship/shadow/fly/d00_f00.png'
00:03.580  render           | Saved: '/Users/mohammedkalouti/Documents/Codex/2026-09-27/i/work/art/aircraft-final-production-v3/stage/assets/build/frames/unit.IR.gunship/beauty/fly/d00_f01.png'
00:04.072  render           | Saved: '/Users/mohammedkalouti/Documents/Codex/2026-09-27/i/work/art/aircraft-final-production-v3/stage/assets/build/frames/unit.IR.gunship/team/fly/d00_f01.png'
00:04.333  render           | Saved: '/var/folders/n4/43n_jxh10gg3s770b_8jbzb80000gn/T/fc-team-coverage-q0lfjef1.png'
00:05.367  render           | Saved: '/Users/mohammedkalouti/Documents/Codex/2026-09-27/i/work/art/aircraft-final-production-v3/stage/assets/build/frames/unit.IR.gunship/shadow/fly/d00_f01.png'
00:05.938  render           | Saved: '/Users/mohammedkalouti/Documents/Codex/2026-09-27/i/work/art/aircraft-final-production-v3/stage/assets/build/frames/unit.IR.gunship/beauty/fly/d00_f02.png'
00:06.426  render           | Saved: '/Users/mohammedkalouti/Documents/Codex/2026-09-27/i/work/art/aircraft-final-production-v3/stage/assets/build/frames/unit.IR.gunship/team/fly/d00_f02.png'
00:06.680  render           | Saved: '/var/folders/n4/43n_jxh10gg3s770b_8jbzb80000gn/T/fc-team-coverage-jyoizdqx.png'
00:07.637  render           | Saved: '/Users/mohammedkalouti/Documents/Codex/2026-09-27/i/work/art/aircraft-final-production-v3/stage/assets/build/frames/unit.IR.gunship/shadow/fly/d00_f02.png'
00:08.214  render           | Saved: '/Users/mohammedkalouti/Documents/Codex/2026-09-27/i/work/art/aircraft-final-production-v3/stage/assets/build/frames/unit.IR.gunship/beauty/fly/d01_f00.png'
00:08.713  render           | Saved: '/Users/mohammedkalouti/Documents/Codex/2026-09-27/i/work/art/aircraft-final-production-v3/stage/assets/build/frames/unit.IR.gunship/team/fly/d01_f00.png'
00:08.980  render           | Saved: '/var/folders/n4/43n_jxh10gg3s770b_8jbzb80000gn/T/fc-team-coverage-w5t37baa.png'
00:09.937  render           | Saved: '/Users/mohammedkalouti/Documents/Codex/2026-09-27/i/work/art/aircraft-final-production-v3/stage/assets/build/frames/unit.IR.gunship/shadow/fly/d01_f00.png'
00:10.522  render           | Saved: '/Users/mohammedkalouti/Documents/Codex/2026-09-27/i/work/art/aircraft-final-production-v3/stage/assets/build/frames/unit.IR.gunship/beauty/fly/d01_f01.png'
00:11.010  render           | Saved: '/Users/mohammedkalouti/Documents/Codex/2026-09-27/i/work/art/aircraft-final-production-v3/stage/assets/build/frames/unit.IR.gunship/team/fly/d01_f01.png'
00:11.273  render           | Saved: '/var/folders/n4/43n_jxh10gg3s770b_8jbzb80000gn/T/fc-team-coverage-qfm6uqip.png'
00:12.224  render           | Saved: '/Users/mohammedkalouti/Documents/Codex/2026-09-27/i/work/art/aircraft-final-production-v3/stage/assets/build/frames/unit.IR.gunship/shadow/fly/d01_f01.png'
00:12.815  render           | Saved: '/Users/mohammedkalouti/Documents/Codex/2026-09-27/i/work/art/aircraft-final-production-v3/stage/assets/build/frames/unit.IR.gunship/beauty/fly/d01_f02.png'
00:13.320  render           | Saved: '/Users/mohammedkalouti/Documents/Codex/2026-09-27/i/work/art/aircraft-final-production-v3/stage/assets/build/frames/unit.IR.gunship/team/fly/d01_f02.png'
00:13.572  render           | Saved: '/var/folders/n4/43n_jxh10gg3s770b_8jbzb80000gn/T/fc-team-coverage-e5kr06su.png'
00:14.551  render           | Saved: '/Users/mohammedkalouti/Documents/Codex/2026-09-27/i/work/art/aircraft-final-production-v3/stage/assets/build/frames/unit.IR.gunship/shadow/fly/d01_f02.png'
00:15.137  render           | Saved: '/Users/mohammedkalouti/Documents/Codex/2026-09-27/i/work/art/aircraft-final-production-v3/stage/assets/build/frames/unit.IR.gunship/beauty/fly/d02_f00.png'
00:15.635  render           | Saved: '/Users/mohammedkalouti/Documents/Codex/2026-09-27/i/work/art/aircraft-final-production-v3/stage/assets/build/frames/unit.IR.gunship/team/fly/d02_f00.png'
00:15.900  render           | Saved: '/var/folders/n4/43n_jxh10gg3s770b_8jbzb80000gn/T/fc-team-coverage-iw250c0_.png'
00:16.870  render           | Saved: '/Users/mohammedkalouti/Documents/Codex/2026-09-27/i/work/art/aircraft-final-production-v3/stage/assets/build/frames/unit.IR.gunship/shadow/fly/d02_f00.png'
00:17.467  render           | Saved: '/Users/mohammedkalouti/Documents/Codex/2026-09-27/i/work/art/aircraft-final-production-v3/stage/assets/build/frames/unit.IR.gunship/beauty/fly/d02_f01.png'
00:17.950  render           | Saved: '/Users/mohammedkalouti/Documents/Codex/2026-09-27/i/work/art/aircraft-final-production-v3/stage/assets/build/frames/unit.IR.gunship/team/fly/d02_f01.png'
00:18.214  render           | Saved: '/var/folders/n4/43n_jxh10gg3s770b_8jbzb80000gn/T/fc-team-coverage-1z7zd_ft.png'
00:19.170  render           | Saved: '/Users/mohammedkalouti/Documents/Codex/2026-09-27/i/work/art/aircraft-final-production-v3/stage/assets/build/frames/unit.IR.gunship/shadow/fly/d02_f01.png'
00:19.774  render           | Saved: '/Users/mohammedkalouti/Documents/Codex/2026-09-27/i/work/art/aircraft-final-production-v3/stage/assets/build/frames/unit.IR.gunship/beauty/fly/d02_f02.png'
00:20.273  render           | Saved: '/Users/mohammedkalouti/Documents/Codex/2026-09-27/i/work/art/aircraft-final-production-v3/stage/assets/build/frames/unit.IR.gunship/team/fly/d02_f02.png'
00:20.536  render           | Saved: '/var/folders/n4/43n_jxh10gg3s770b_8jbzb80000gn/T/fc-team-coverage-35st5mo8.png'
00:21.507  render           | Saved: '/Users/mohammedkalouti/Documents/Codex/2026-09-27/i/work/art/aircraft-final-production-v3/stage/assets/build/frames/unit.IR.gunship/shadow/fly/d02_f02.png'
00:22.093  render           | Saved: '/Users/mohammedkalouti/Documents/Codex/2026-09-27/i/work/art/aircraft-final-production-v3/stage/assets/build/frames/unit.IR.gunship/beauty/fly/d03_f00.png'
00:22.581  render           | Saved: '/Users/mohammedkalouti/Documents/Codex/2026-09-27/i/work/art/aircraft-final-production-v3/stage/assets/build/frames/unit.IR.gunship/team/fly/d03_f00.png'
00:22.851  render           | Saved: '/var/folders/n4/43n_jxh10gg3s770b_8jbzb80000gn/T/fc-team-coverage-weqnbqf2.png'
00:23.817  render           | Saved: '/Users/mohammedkalouti/Documents/Codex/2026-09-27/i/work/art/aircraft-final-production-v3/stage/assets/build/frames/unit.IR.gunship/shadow/fly/d03_f00.png'
00:24.407  render           | Saved: '/Users/mohammedkalouti/Documents/Codex/2026-09-27/i/work/art/aircraft-final-production-v3/stage/assets/build/frames/unit.IR.gunship/beauty/fly/d03_f01.png'
00:24.904  render           | Saved: '/Users/mohammedkalouti/Documents/Codex/2026-09-27/i/work/art/aircraft-final-production-v3/stage/assets/build/frames/unit.IR.gunship/team/fly/d03_f01.png'
00:25.169  render           | Saved: '/var/folders/n4/43n_jxh10gg3s770b_8jbzb80000gn/T/fc-team-coverage-xiqkkrwf.png'
00:26.146  render           | Saved: '/Users/mohammedkalouti/Documents/Codex/2026-09-27/i/work/art/aircraft-final-production-v3/stage/assets/build/frames/unit.IR.gunship/shadow/fly/d03_f01.png'
00:26.744  render           | Saved: '/Users/mohammedkalouti/Documents/Codex/2026-09-27/i/work/art/aircraft-final-production-v3/stage/assets/build/frames/unit.IR.gunship/beauty/fly/d03_f02.png'
00:27.237  render           | Saved: '/Users/mohammedkalouti/Documents/Codex/2026-09-27/i/work/art/aircraft-final-production-v3/stage/assets/build/frames/unit.IR.gunship/team/fly/d03_f02.png'
00:27.506  render           | Saved: '/var/folders/n4/43n_jxh10gg3s770b_8jbzb80000gn/T/fc-team-coverage-b49npdhb.png'
00:28.474  render           | Saved: '/Users/mohammedkalouti/Documents/Codex/2026-09-27/i/work/art/aircraft-final-production-v3/stage/assets/build/frames/unit.IR.gunship/shadow/fly/d03_f02.png'
00:29.051  render           | Saved: '/Users/mohammedkalouti/Documents/Codex/2026-09-27/i/work/art/aircraft-final-production-v3/stage/assets/build/frames/unit.IR.gunship/beauty/fly/d04_f00.png'
00:29.541  render           | Saved: '/Users/mohammedkalouti/Documents/Codex/2026-09-27/i/work/art/aircraft-final-production-v3/stage/assets/build/frames/unit.IR.gunship/team/fly/d04_f00.png'
00:29.811  render           | Saved: '/var/folders/n4/43n_jxh10gg3s770b_8jbzb80000gn/T/fc-team-coverage-45ti11w2.png'
00:30.780  render           | Saved: '/Users/mohammedkalouti/Documents/Codex/2026-09-27/i/work/art/aircraft-final-production-v3/stage/assets/build/frames/unit.IR.gunship/shadow/fly/d04_f00.png'
00:31.364  render           | Saved: '/Users/mohammedkalouti/Documents/Codex/2026-09-27/i/work/art/aircraft-final-production-v3/stage/assets/build/frames/unit.IR.gunship/beauty/fly/d04_f01.png'
00:31.865  render           | Saved: '/Users/mohammedkalouti/Documents/Codex/2026-09-27/i/work/art/aircraft-final-production-v3/stage/assets/build/frames/unit.IR.gunship/team/fly/d04_f01.png'
00:32.128  render           | Saved: '/var/folders/n4/43n_jxh10gg3s770b_8jbzb80000gn/T/fc-team-coverage-63htbnpu.png'
00:33.101  render           | Saved: '/Users/mohammedkalouti/Documents/Codex/2026-09-27/i/work/art/aircraft-final-production-v3/stage/assets/build/frames/unit.IR.gunship/shadow/fly/d04_f01.png'
00:33.681  render           | Saved: '/Users/mohammedkalouti/Documents/Codex/2026-09-27/i/work/art/aircraft-final-production-v3/stage/assets/build/frames/unit.IR.gunship/beauty/fly/d04_f02.png'
00:34.182  render           | Saved: '/Users/mohammedkalouti/Documents/Codex/2026-09-27/i/work/art/aircraft-final-production-v3/stage/assets/build/frames/unit.IR.gunship/team/fly/d04_f02.png'
00:34.444  render           | Saved: '/var/folders/n4/43n_jxh10gg3s770b_8jbzb80000gn/T/fc-team-coverage-ob8t3ckp.png'
00:35.422  render           | Saved: '/Users/mohammedkalouti/Documents/Codex/2026-09-27/i/work/art/aircraft-final-production-v3/stage/assets/build/frames/unit.IR.gunship/shadow/fly/d04_f02.png'
00:36.012  render           | Saved: '/Users/mohammedkalouti/Documents/Codex/2026-09-27/i/work/art/aircraft-final-production-v3/stage/assets/build/frames/unit.IR.gunship/beauty/fly/d05_f00.png'
00:36.510  render           | Saved: '/Users/mohammedkalouti/Documents/Codex/2026-09-27/i/work/art/aircraft-final-production-v3/stage/assets/build/frames/unit.IR.gunship/team/fly/d05_f00.png'
00:36.787  render           | Saved: '/var/folders/n4/43n_jxh10gg3s770b_8jbzb80000gn/T/fc-team-coverage-u9s3w1lu.png'
00:37.790  render           | Saved: '/Users/mohammedkalouti/Documents/Codex/2026-09-27/i/work/art/aircraft-final-production-v3/stage/assets/build/frames/unit.IR.gunship/shadow/fly/d05_f00.png'
00:38.377  render           | Saved: '/Users/mohammedkalouti/Documents/Codex/2026-09-27/i/work/art/aircraft-final-production-v3/stage/assets/build/frames/unit.IR.gunship/beauty/fly/d05_f01.png'
00:38.862  render           | Saved: '/Users/mohammedkalouti/Documents/Codex/2026-09-27/i/work/art/aircraft-final-production-v3/stage/assets/build/frames/unit.IR.gunship/team/fly/d05_f01.png'
00:39.128  render           | Saved: '/var/folders/n4/43n_jxh10gg3s770b_8jbzb80000gn/T/fc-team-coverage-zuqztabc.png'
00:40.100  render           | Saved: '/Users/mohammedkalouti/Documents/Codex/2026-09-27/i/work/art/aircraft-final-production-v3/stage/assets/build/frames/unit.IR.gunship/shadow/fly/d05_f01.png'
00:40.684  render           | Saved: '/Users/mohammedkalouti/Documents/Codex/2026-09-27/i/work/art/aircraft-final-production-v3/stage/assets/build/frames/unit.IR.gunship/beauty/fly/d05_f02.png'
00:41.184  render           | Saved: '/Users/mohammedkalouti/Documents/Codex/2026-09-27/i/work/art/aircraft-final-production-v3/stage/assets/build/frames/unit.IR.gunship/team/fly/d05_f02.png'
00:41.449  render           | Saved: '/var/folders/n4/43n_jxh10gg3s770b_8jbzb80000gn/T/fc-team-coverage-b6u4pkpg.png'
00:42.425  render           | Saved: '/Users/mohammedkalouti/Documents/Codex/2026-09-27/i/work/art/aircraft-final-production-v3/stage/assets/build/frames/unit.IR.gunship/shadow/fly/d05_f02.png'
00:43.002  render           | Saved: '/Users/mohammedkalouti/Documents/Codex/2026-09-27/i/work/art/aircraft-final-production-v3/stage/assets/build/frames/unit.IR.gunship/beauty/fly/d06_f00.png'
00:43.497  render           | Saved: '/Users/mohammedkalouti/Documents/Codex/2026-09-27/i/work/art/aircraft-final-production-v3/stage/assets/build/frames/unit.IR.gunship/team/fly/d06_f00.png'
00:43.759  render           | Saved: '/var/folders/n4/43n_jxh10gg3s770b_8jbzb80000gn/T/fc-team-coverage-luij9zk3.png'
00:44.728  render           | Saved: '/Users/mohammedkalouti/Documents/Codex/2026-09-27/i/work/art/aircraft-final-production-v3/stage/assets/build/frames/unit.IR.gunship/shadow/fly/d06_f00.png'
00:45.303  render           | Saved: '/Users/mohammedkalouti/Documents/Codex/2026-09-27/i/work/art/aircraft-final-production-v3/stage/assets/build/frames/unit.IR.gunship/beauty/fly/d06_f01.png'
00:45.801  render           | Saved: '/Users/mohammedkalouti/Documents/Codex/2026-09-27/i/work/art/aircraft-final-production-v3/stage/assets/build/frames/unit.IR.gunship/team/fly/d06_f01.png'
00:46.058  render           | Saved: '/var/folders/n4/43n_jxh10gg3s770b_8jbzb80000gn/T/fc-team-coverage-arm_gir_.png'
00:47.030  render           | Saved: '/Users/mohammedkalouti/Documents/Codex/2026-09-27/i/work/art/aircraft-final-production-v3/stage/assets/build/frames/unit.IR.gunship/shadow/fly/d06_f01.png'
00:47.625  render           | Saved: '/Users/mohammedkalouti/Documents/Codex/2026-09-27/i/work/art/aircraft-final-production-v3/stage/assets/build/frames/unit.IR.gunship/beauty/fly/d06_f02.png'
00:48.120  render           | Saved: '/Users/mohammedkalouti/Documents/Codex/2026-09-27/i/work/art/aircraft-final-production-v3/stage/assets/build/frames/unit.IR.gunship/team/fly/d06_f02.png'
00:48.385  render           | Saved: '/var/folders/n4/43n_jxh10gg3s770b_8jbzb80000gn/T/fc-team-coverage-2huwwygl.png'
00:49.352  render           | Saved: '/Users/mohammedkalouti/Documents/Codex/2026-09-27/i/work/art/aircraft-final-production-v3/stage/assets/build/frames/unit.IR.gunship/shadow/fly/d06_f02.png'
00:49.929  render           | Saved: '/Users/mohammedkalouti/Documents/Codex/2026-09-27/i/work/art/aircraft-final-production-v3/stage/assets/build/frames/unit.IR.gunship/beauty/fly/d07_f00.png'
00:50.419  render           | Saved: '/Users/mohammedkalouti/Documents/Codex/2026-09-27/i/work/art/aircraft-final-production-v3/stage/assets/build/frames/unit.IR.gunship/team/fly/d07_f00.png'
00:50.677  render           | Saved: '/var/folders/n4/43n_jxh10gg3s770b_8jbzb80000gn/T/fc-team-coverage-0jidlfbf.png'
00:51.655  render           | Saved: '/Users/mohammedkalouti/Documents/Codex/2026-09-27/i/work/art/aircraft-final-production-v3/stage/assets/build/frames/unit.IR.gunship/shadow/fly/d07_f00.png'
00:52.246  render           | Saved: '/Users/mohammedkalouti/Documents/Codex/2026-09-27/i/work/art/aircraft-final-production-v3/stage/assets/build/frames/unit.IR.gunship/beauty/fly/d07_f01.png'
00:52.742  render           | Saved: '/Users/mohammedkalouti/Documents/Codex/2026-09-27/i/work/art/aircraft-final-production-v3/stage/assets/build/frames/unit.IR.gunship/team/fly/d07_f01.png'
00:53.003  render           | Saved: '/var/folders/n4/43n_jxh10gg3s770b_8jbzb80000gn/T/fc-team-coverage-mme193p6.png'
00:53.978  render           | Saved: '/Users/mohammedkalouti/Documents/Codex/2026-09-27/i/work/art/aircraft-final-production-v3/stage/assets/build/frames/unit.IR.gunship/shadow/fly/d07_f01.png'
00:54.559  render           | Saved: '/Users/mohammedkalouti/Documents/Codex/2026-09-27/i/work/art/aircraft-final-production-v3/stage/assets/build/frames/unit.IR.gunship/beauty/fly/d07_f02.png'
00:55.043  render           | Saved: '/Users/mohammedkalouti/Documents/Codex/2026-09-27/i/work/art/aircraft-final-production-v3/stage/assets/build/frames/unit.IR.gunship/team/fly/d07_f02.png'
00:55.314  render           | Saved: '/var/folders/n4/43n_jxh10gg3s770b_8jbzb80000gn/T/fc-team-coverage-k7thbgrg.png'
00:56.279  render           | Saved: '/Users/mohammedkalouti/Documents/Codex/2026-09-27/i/work/art/aircraft-final-production-v3/stage/assets/build/frames/unit.IR.gunship/shadow/fly/d07_f02.png'
00:56.869  render           | Saved: '/Users/mohammedkalouti/Documents/Codex/2026-09-27/i/work/art/aircraft-final-production-v3/stage/assets/build/frames/unit.IR.gunship/beauty/fly/d08_f00.png'
00:57.372  render           | Saved: '/Users/mohammedkalouti/Documents/Codex/2026-09-27/i/work/art/aircraft-final-production-v3/stage/assets/build/frames/unit.IR.gunship/team/fly/d08_f00.png'
00:57.639  render           | Saved: '/var/folders/n4/43n_jxh10gg3s770b_8jbzb80000gn/T/fc-team-coverage-atvejhy1.png'
00:58.599  render           | Saved: '/Users/mohammedkalouti/Documents/Codex/2026-09-27/i/work/art/aircraft-final-production-v3/stage/assets/build/frames/unit.IR.gunship/shadow/fly/d08_f00.png'
00:59.171  render           | Saved: '/Users/mohammedkalouti/Documents/Codex/2026-09-27/i/work/art/aircraft-final-production-v3/stage/assets/build/frames/unit.IR.gunship/beauty/fly/d08_f01.png'
00:59.664  render           | Saved: '/Users/mohammedkalouti/Documents/Codex/2026-09-27/i/work/art/aircraft-final-production-v3/stage/assets/build/frames/unit.IR.gunship/team/fly/d08_f01.png'
00:59.924  render           | Saved: '/var/folders/n4/43n_jxh10gg3s770b_8jbzb80000gn/T/fc-team-coverage-kj_jt9gg.png'
01:00.890  render           | Saved: '/Users/mohammedkalouti/Documents/Codex/2026-09-27/i/work/art/aircraft-final-production-v3/stage/assets/build/frames/unit.IR.gunship/shadow/fly/d08_f01.png'
01:01.482  render           | Saved: '/Users/mohammedkalouti/Documents/Codex/2026-09-27/i/work/art/aircraft-final-production-v3/stage/assets/build/frames/unit.IR.gunship/beauty/fly/d08_f02.png'
01:01.971  render           | Saved: '/Users/mohammedkalouti/Documents/Codex/2026-09-27/i/work/art/aircraft-final-production-v3/stage/assets/build/frames/unit.IR.gunship/team/fly/d08_f02.png'
01:02.236  render           | Saved: '/var/folders/n4/43n_jxh10gg3s770b_8jbzb80000gn/T/fc-team-coverage-sg4wohci.png'
01:03.197  render           | Saved: '/Users/mohammedkalouti/Documents/Codex/2026-09-27/i/work/art/aircraft-final-production-v3/stage/assets/build/frames/unit.IR.gunship/shadow/fly/d08_f02.png'
01:03.787  render           | Saved: '/Users/mohammedkalouti/Documents/Codex/2026-09-27/i/work/art/aircraft-final-production-v3/stage/assets/build/frames/unit.IR.gunship/beauty/fly/d09_f00.png'
01:04.288  render           | Saved: '/Users/mohammedkalouti/Documents/Codex/2026-09-27/i/work/art/aircraft-final-production-v3/stage/assets/build/frames/unit.IR.gunship/team/fly/d09_f00.png'
01:04.544  render           | Saved: '/var/folders/n4/43n_jxh10gg3s770b_8jbzb80000gn/T/fc-team-coverage-hm8u6c_x.png'
01:05.513  render           | Saved: '/Users/mohammedkalouti/Documents/Codex/2026-09-27/i/work/art/aircraft-final-production-v3/stage/assets/build/frames/unit.IR.gunship/shadow/fly/d09_f00.png'
01:06.091  render           | Saved: '/Users/mohammedkalouti/Documents/Codex/2026-09-27/i/work/art/aircraft-final-production-v3/stage/assets/build/frames/unit.IR.gunship/beauty/fly/d09_f01.png'
01:06.586  render           | Saved: '/Users/mohammedkalouti/Documents/Codex/2026-09-27/i/work/art/aircraft-final-production-v3/stage/assets/build/frames/unit.IR.gunship/team/fly/d09_f01.png'
01:06.852  render           | Saved: '/var/folders/n4/43n_jxh10gg3s770b_8jbzb80000gn/T/fc-team-coverage-87v1q3hb.png'
01:07.852  render           | Saved: '/Users/mohammedkalouti/Documents/Codex/2026-09-27/i/work/art/aircraft-final-production-v3/stage/assets/build/frames/unit.IR.gunship/shadow/fly/d09_f01.png'
01:08.439  render           | Saved: '/Users/mohammedkalouti/Documents/Codex/2026-09-27/i/work/art/aircraft-final-production-v3/stage/assets/build/frames/unit.IR.gunship/beauty/fly/d09_f02.png'
01:08.933  render           | Saved: '/Users/mohammedkalouti/Documents/Codex/2026-09-27/i/work/art/aircraft-final-production-v3/stage/assets/build/frames/unit.IR.gunship/team/fly/d09_f02.png'
01:09.192  render           | Saved: '/var/folders/n4/43n_jxh10gg3s770b_8jbzb80000gn/T/fc-team-coverage-vcgezj0d.png'
01:10.160  render           | Saved: '/Users/mohammedkalouti/Documents/Codex/2026-09-27/i/work/art/aircraft-final-production-v3/stage/assets/build/frames/unit.IR.gunship/shadow/fly/d09_f02.png'
01:10.748  render           | Saved: '/Users/mohammedkalouti/Documents/Codex/2026-09-27/i/work/art/aircraft-final-production-v3/stage/assets/build/frames/unit.IR.gunship/beauty/fly/d10_f00.png'
01:11.246  render           | Saved: '/Users/mohammedkalouti/Documents/Codex/2026-09-27/i/work/art/aircraft-final-production-v3/stage/assets/build/frames/unit.IR.gunship/team/fly/d10_f00.png'
AGX: exceeded compiled variants footprint limit
01:11.509  render           | Saved: '/var/folders/n4/43n_jxh10gg3s770b_8jbzb80000gn/T/fc-team-coverage-8hcfioqg.png'
01:12.485  render           | Saved: '/Users/mohammedkalouti/Documents/Codex/2026-09-27/i/work/art/aircraft-final-production-v3/stage/assets/build/frames/unit.IR.gunship/shadow/fly/d10_f00.png'
01:13.076  render           | Saved: '/Users/mohammedkalouti/Documents/Codex/2026-09-27/i/work/art/aircraft-final-production-v3/stage/assets/build/frames/unit.IR.gunship/beauty/fly/d10_f01.png'
01:13.580  render           | Saved: '/Users/mohammedkalouti/Documents/Codex/2026-09-27/i/work/art/aircraft-final-production-v3/stage/assets/build/frames/unit.IR.gunship/team/fly/d10_f01.png'
01:13.848  render           | Saved: '/var/folders/n4/43n_jxh10gg3s770b_8jbzb80000gn/T/fc-team-coverage-4a_yvtzw.png'
01:14.830  render           | Saved: '/Users/mohammedkalouti/Documents/Codex/2026-09-27/i/work/art/aircraft-final-production-v3/stage/assets/build/frames/unit.IR.gunship/shadow/fly/d10_f01.png'
01:15.417  render           | Saved: '/Users/mohammedkalouti/Documents/Codex/2026-09-27/i/work/art/aircraft-final-production-v3/stage/assets/build/frames/unit.IR.gunship/beauty/fly/d10_f02.png'
01:15.923  render           | Saved: '/Users/mohammedkalouti/Documents/Codex/2026-09-27/i/work/art/aircraft-final-production-v3/stage/assets/build/frames/unit.IR.gunship/team/fly/d10_f02.png'
01:16.184  render           | Saved: '/var/folders/n4/43n_jxh10gg3s770b_8jbzb80000gn/T/fc-team-coverage-sq3k7w_c.png'
01:17.167  render           | Saved: '/Users/mohammedkalouti/Documents/Codex/2026-09-27/i/work/art/aircraft-final-production-v3/stage/assets/build/frames/unit.IR.gunship/shadow/fly/d10_f02.png'
01:17.751  render           | Saved: '/Users/mohammedkalouti/Documents/Codex/2026-09-27/i/work/art/aircraft-final-production-v3/stage/assets/build/frames/unit.IR.gunship/beauty/fly/d11_f00.png'
01:18.257  render           | Saved: '/Users/mohammedkalouti/Documents/Codex/2026-09-27/i/work/art/aircraft-final-production-v3/stage/assets/build/frames/unit.IR.gunship/team/fly/d11_f00.png'
01:18.518  render           | Saved: '/var/folders/n4/43n_jxh10gg3s770b_8jbzb80000gn/T/fc-team-coverage-v1pssieh.png'
01:19.498  render           | Saved: '/Users/mohammedkalouti/Documents/Codex/2026-09-27/i/work/art/aircraft-final-production-v3/stage/assets/build/frames/unit.IR.gunship/shadow/fly/d11_f00.png'
01:20.082  render           | Saved: '/Users/mohammedkalouti/Documents/Codex/2026-09-27/i/work/art/aircraft-final-production-v3/stage/assets/build/frames/unit.IR.gunship/beauty/fly/d11_f01.png'
01:20.584  render           | Saved: '/Users/mohammedkalouti/Documents/Codex/2026-09-27/i/work/art/aircraft-final-production-v3/stage/assets/build/frames/unit.IR.gunship/team/fly/d11_f01.png'
01:20.848  render           | Saved: '/var/folders/n4/43n_jxh10gg3s770b_8jbzb80000gn/T/fc-team-coverage-fr7p2dxh.png'
01:21.817  render           | Saved: '/Users/mohammedkalouti/Documents/Codex/2026-09-27/i/work/art/aircraft-final-production-v3/stage/assets/build/frames/unit.IR.gunship/shadow/fly/d11_f01.png'
01:22.412  render           | Saved: '/Users/mohammedkalouti/Documents/Codex/2026-09-27/i/work/art/aircraft-final-production-v3/stage/assets/build/frames/unit.IR.gunship/beauty/fly/d11_f02.png'
01:22.906  render           | Saved: '/Users/mohammedkalouti/Documents/Codex/2026-09-27/i/work/art/aircraft-final-production-v3/stage/assets/build/frames/unit.IR.gunship/team/fly/d11_f02.png'
01:23.171  render           | Saved: '/var/folders/n4/43n_jxh10gg3s770b_8jbzb80000gn/T/fc-team-coverage-l80dwng0.png'
01:24.165  render           | Saved: '/Users/mohammedkalouti/Documents/Codex/2026-09-27/i/work/art/aircraft-final-production-v3/stage/assets/build/frames/unit.IR.gunship/shadow/fly/d11_f02.png'
01:24.752  render           | Saved: '/Users/mohammedkalouti/Documents/Codex/2026-09-27/i/work/art/aircraft-final-production-v3/stage/assets/build/frames/unit.IR.gunship/beauty/fly/d12_f00.png'
01:25.255  render           | Saved: '/Users/mohammedkalouti/Documents/Codex/2026-09-27/i/work/art/aircraft-final-production-v3/stage/assets/build/frames/unit.IR.gunship/team/fly/d12_f00.png'
01:25.520  render           | Saved: '/var/folders/n4/43n_jxh10gg3s770b_8jbzb80000gn/T/fc-team-coverage-azmhp1y6.png'
01:26.491  render           | Saved: '/Users/mohammedkalouti/Documents/Codex/2026-09-27/i/work/art/aircraft-final-production-v3/stage/assets/build/frames/unit.IR.gunship/shadow/fly/d12_f00.png'
01:27.064  render           | Saved: '/Users/mohammedkalouti/Documents/Codex/2026-09-27/i/work/art/aircraft-final-production-v3/stage/assets/build/frames/unit.IR.gunship/beauty/fly/d12_f01.png'
01:27.569  render           | Saved: '/Users/mohammedkalouti/Documents/Codex/2026-09-27/i/work/art/aircraft-final-production-v3/stage/assets/build/frames/unit.IR.gunship/team/fly/d12_f01.png'
01:27.826  render           | Saved: '/var/folders/n4/43n_jxh10gg3s770b_8jbzb80000gn/T/fc-team-coverage-ey36uxs5.png'
01:28.810  render           | Saved: '/Users/mohammedkalouti/Documents/Codex/2026-09-27/i/work/art/aircraft-final-production-v3/stage/assets/build/frames/unit.IR.gunship/shadow/fly/d12_f01.png'
01:29.403  render           | Saved: '/Users/mohammedkalouti/Documents/Codex/2026-09-27/i/work/art/aircraft-final-production-v3/stage/assets/build/frames/unit.IR.gunship/beauty/fly/d12_f02.png'
01:29.900  render           | Saved: '/Users/mohammedkalouti/Documents/Codex/2026-09-27/i/work/art/aircraft-final-production-v3/stage/assets/build/frames/unit.IR.gunship/team/fly/d12_f02.png'
01:30.161  render           | Saved: '/var/folders/n4/43n_jxh10gg3s770b_8jbzb80000gn/T/fc-team-coverage-kqlk0ub6.png'
01:31.141  render           | Saved: '/Users/mohammedkalouti/Documents/Codex/2026-09-27/i/work/art/aircraft-final-production-v3/stage/assets/build/frames/unit.IR.gunship/shadow/fly/d12_f02.png'
01:31.741  render           | Saved: '/Users/mohammedkalouti/Documents/Codex/2026-09-27/i/work/art/aircraft-final-production-v3/stage/assets/build/frames/unit.IR.gunship/beauty/fly/d13_f00.png'
01:32.253  render           | Saved: '/Users/mohammedkalouti/Documents/Codex/2026-09-27/i/work/art/aircraft-final-production-v3/stage/assets/build/frames/unit.IR.gunship/team/fly/d13_f00.png'
01:32.511  render           | Saved: '/var/folders/n4/43n_jxh10gg3s770b_8jbzb80000gn/T/fc-team-coverage-1g9jyblm.png'
01:33.490  render           | Saved: '/Users/mohammedkalouti/Documents/Codex/2026-09-27/i/work/art/aircraft-final-production-v3/stage/assets/build/frames/unit.IR.gunship/shadow/fly/d13_f00.png'
01:34.074  render           | Saved: '/Users/mohammedkalouti/Documents/Codex/2026-09-27/i/work/art/aircraft-final-production-v3/stage/assets/build/frames/unit.IR.gunship/beauty/fly/d13_f01.png'
01:34.576  render           | Saved: '/Users/mohammedkalouti/Documents/Codex/2026-09-27/i/work/art/aircraft-final-production-v3/stage/assets/build/frames/unit.IR.gunship/team/fly/d13_f01.png'
01:34.839  render           | Saved: '/var/folders/n4/43n_jxh10gg3s770b_8jbzb80000gn/T/fc-team-coverage-xrj4ou4n.png'
01:35.848  render           | Saved: '/Users/mohammedkalouti/Documents/Codex/2026-09-27/i/work/art/aircraft-final-production-v3/stage/assets/build/frames/unit.IR.gunship/shadow/fly/d13_f01.png'
01:36.451  render           | Saved: '/Users/mohammedkalouti/Documents/Codex/2026-09-27/i/work/art/aircraft-final-production-v3/stage/assets/build/frames/unit.IR.gunship/beauty/fly/d13_f02.png'
01:37.017  render           | Saved: '/Users/mohammedkalouti/Documents/Codex/2026-09-27/i/work/art/aircraft-final-production-v3/stage/assets/build/frames/unit.IR.gunship/team/fly/d13_f02.png'
01:37.285  render           | Saved: '/var/folders/n4/43n_jxh10gg3s770b_8jbzb80000gn/T/fc-team-coverage-758h_hpa.png'
01:38.270  render           | Saved: '/Users/mohammedkalouti/Documents/Codex/2026-09-27/i/work/art/aircraft-final-production-v3/stage/assets/build/frames/unit.IR.gunship/shadow/fly/d13_f02.png'
01:38.863  render           | Saved: '/Users/mohammedkalouti/Documents/Codex/2026-09-27/i/work/art/aircraft-final-production-v3/stage/assets/build/frames/unit.IR.gunship/beauty/fly/d14_f00.png'
01:39.372  render           | Saved: '/Users/mohammedkalouti/Documents/Codex/2026-09-27/i/work/art/aircraft-final-production-v3/stage/assets/build/frames/unit.IR.gunship/team/fly/d14_f00.png'
01:39.637  render           | Saved: '/var/folders/n4/43n_jxh10gg3s770b_8jbzb80000gn/T/fc-team-coverage-nccyov1a.png'
01:40.623  render           | Saved: '/Users/mohammedkalouti/Documents/Codex/2026-09-27/i/work/art/aircraft-final-production-v3/stage/assets/build/frames/unit.IR.gunship/shadow/fly/d14_f00.png'
01:41.204  render           | Saved: '/Users/mohammedkalouti/Documents/Codex/2026-09-27/i/work/art/aircraft-final-production-v3/stage/assets/build/frames/unit.IR.gunship/beauty/fly/d14_f01.png'
01:41.704  render           | Saved: '/Users/mohammedkalouti/Documents/Codex/2026-09-27/i/work/art/aircraft-final-production-v3/stage/assets/build/frames/unit.IR.gunship/team/fly/d14_f01.png'
01:41.959  render           | Saved: '/var/folders/n4/43n_jxh10gg3s770b_8jbzb80000gn/T/fc-team-coverage-r7ybtku7.png'
01:42.941  render           | Saved: '/Users/mohammedkalouti/Documents/Codex/2026-09-27/i/work/art/aircraft-final-production-v3/stage/assets/build/frames/unit.IR.gunship/shadow/fly/d14_f01.png'
01:43.533  render           | Saved: '/Users/mohammedkalouti/Documents/Codex/2026-09-27/i/work/art/aircraft-final-production-v3/stage/assets/build/frames/unit.IR.gunship/beauty/fly/d14_f02.png'
01:44.034  render           | Saved: '/Users/mohammedkalouti/Documents/Codex/2026-09-27/i/work/art/aircraft-final-production-v3/stage/assets/build/frames/unit.IR.gunship/team/fly/d14_f02.png'
01:44.304  render           | Saved: '/var/folders/n4/43n_jxh10gg3s770b_8jbzb80000gn/T/fc-team-coverage-ze9jh0sr.png'
01:45.358  render           | Saved: '/Users/mohammedkalouti/Documents/Codex/2026-09-27/i/work/art/aircraft-final-production-v3/stage/assets/build/frames/unit.IR.gunship/shadow/fly/d14_f02.png'
01:45.962  render           | Saved: '/Users/mohammedkalouti/Documents/Codex/2026-09-27/i/work/art/aircraft-final-production-v3/stage/assets/build/frames/unit.IR.gunship/beauty/fly/d15_f00.png'
01:46.468  render           | Saved: '/Users/mohammedkalouti/Documents/Codex/2026-09-27/i/work/art/aircraft-final-production-v3/stage/assets/build/frames/unit.IR.gunship/team/fly/d15_f00.png'
01:46.736  render           | Saved: '/var/folders/n4/43n_jxh10gg3s770b_8jbzb80000gn/T/fc-team-coverage-_m1zv0ac.png'
01:47.722  render           | Saved: '/Users/mohammedkalouti/Documents/Codex/2026-09-27/i/work/art/aircraft-final-production-v3/stage/assets/build/frames/unit.IR.gunship/shadow/fly/d15_f00.png'
01:48.309  render           | Saved: '/Users/mohammedkalouti/Documents/Codex/2026-09-27/i/work/art/aircraft-final-production-v3/stage/assets/build/frames/unit.IR.gunship/beauty/fly/d15_f01.png'
01:48.815  render           | Saved: '/Users/mohammedkalouti/Documents/Codex/2026-09-27/i/work/art/aircraft-final-production-v3/stage/assets/build/frames/unit.IR.gunship/team/fly/d15_f01.png'
01:49.082  render           | Saved: '/var/folders/n4/43n_jxh10gg3s770b_8jbzb80000gn/T/fc-team-coverage-z99pulpj.png'
01:50.068  render           | Saved: '/Users/mohammedkalouti/Documents/Codex/2026-09-27/i/work/art/aircraft-final-production-v3/stage/assets/build/frames/unit.IR.gunship/shadow/fly/d15_f01.png'
01:50.656  render           | Saved: '/Users/mohammedkalouti/Documents/Codex/2026-09-27/i/work/art/aircraft-final-production-v3/stage/assets/build/frames/unit.IR.gunship/beauty/fly/d15_f02.png'
01:51.157  render           | Saved: '/Users/mohammedkalouti/Documents/Codex/2026-09-27/i/work/art/aircraft-final-production-v3/stage/assets/build/frames/unit.IR.gunship/team/fly/d15_f02.png'
01:51.414  render           | Saved: '/var/folders/n4/43n_jxh10gg3s770b_8jbzb80000gn/T/fc-team-coverage-7jt3bhbm.png'
01:52.381  render           | Saved: '/Users/mohammedkalouti/Documents/Codex/2026-09-27/i/work/art/aircraft-final-production-v3/stage/assets/build/frames/unit.IR.gunship/shadow/fly/d15_f02.png'
01:52.981  render           | Saved: '/Users/mohammedkalouti/Documents/Codex/2026-09-27/i/work/art/aircraft-final-production-v3/stage/assets/build/frames/unit.IR.gunship/beauty/bank_left/d00_f00.png'
01:53.487  render           | Saved: '/Users/mohammedkalouti/Documents/Codex/2026-09-27/i/work/art/aircraft-final-production-v3/stage/assets/build/frames/unit.IR.gunship/team/bank_left/d00_f00.png'
01:53.754  render           | Saved: '/var/folders/n4/43n_jxh10gg3s770b_8jbzb80000gn/T/fc-team-coverage-48oroffq.png'
01:54.734  render           | Saved: '/Users/mohammedkalouti/Documents/Codex/2026-09-27/i/work/art/aircraft-final-production-v3/stage/assets/build/frames/unit.IR.gunship/shadow/bank_left/d00_f00.png'
01:55.315  render           | Saved: '/Users/mohammedkalouti/Documents/Codex/2026-09-27/i/work/art/aircraft-final-production-v3/stage/assets/build/frames/unit.IR.gunship/beauty/bank_left/d00_f01.png'
01:55.819  render           | Saved: '/Users/mohammedkalouti/Documents/Codex/2026-09-27/i/work/art/aircraft-final-production-v3/stage/assets/build/frames/unit.IR.gunship/team/bank_left/d00_f01.png'
01:56.087  render           | Saved: '/var/folders/n4/43n_jxh10gg3s770b_8jbzb80000gn/T/fc-team-coverage-d1b7u_8n.png'
01:57.062  render           | Saved: '/Users/mohammedkalouti/Documents/Codex/2026-09-27/i/work/art/aircraft-final-production-v3/stage/assets/build/frames/unit.IR.gunship/shadow/bank_left/d00_f01.png'
01:57.646  render           | Saved: '/Users/mohammedkalouti/Documents/Codex/2026-09-27/i/work/art/aircraft-final-production-v3/stage/assets/build/frames/unit.IR.gunship/beauty/bank_left/d00_f02.png'
01:58.155  render           | Saved: '/Users/mohammedkalouti/Documents/Codex/2026-09-27/i/work/art/aircraft-final-production-v3/stage/assets/build/frames/unit.IR.gunship/team/bank_left/d00_f02.png'
01:58.419  render           | Saved: '/var/folders/n4/43n_jxh10gg3s770b_8jbzb80000gn/T/fc-team-coverage-i5y2ggpf.png'
01:59.380  render           | Saved: '/Users/mohammedkalouti/Documents/Codex/2026-09-27/i/work/art/aircraft-final-production-v3/stage/assets/build/frames/unit.IR.gunship/shadow/bank_left/d00_f02.png'
01:59.976  render           | Saved: '/Users/mohammedkalouti/Documents/Codex/2026-09-27/i/work/art/aircraft-final-production-v3/stage/assets/build/frames/unit.IR.gunship/beauty/bank_left/d01_f00.png'
02:00.484  render           | Saved: '/Users/mohammedkalouti/Documents/Codex/2026-09-27/i/work/art/aircraft-final-production-v3/stage/assets/build/frames/unit.IR.gunship/team/bank_left/d01_f00.png'
02:00.754  render           | Saved: '/var/folders/n4/43n_jxh10gg3s770b_8jbzb80000gn/T/fc-team-coverage-gqilrw2y.png'
02:01.722  render           | Saved: '/Users/mohammedkalouti/Documents/Codex/2026-09-27/i/work/art/aircraft-final-production-v3/stage/assets/build/frames/unit.IR.gunship/shadow/bank_left/d01_f00.png'
02:02.306  render           | Saved: '/Users/mohammedkalouti/Documents/Codex/2026-09-27/i/work/art/aircraft-final-production-v3/stage/assets/build/frames/unit.IR.gunship/beauty/bank_left/d01_f01.png'
02:02.808  render           | Saved: '/Users/mohammedkalouti/Documents/Codex/2026-09-27/i/work/art/aircraft-final-production-v3/stage/assets/build/frames/unit.IR.gunship/team/bank_left/d01_f01.png'
02:03.069  render           | Saved: '/var/folders/n4/43n_jxh10gg3s770b_8jbzb80000gn/T/fc-team-coverage-yq8od7fm.png'
02:04.047  render           | Saved: '/Users/mohammedkalouti/Documents/Codex/2026-09-27/i/work/art/aircraft-final-production-v3/stage/assets/build/frames/unit.IR.gunship/shadow/bank_left/d01_f01.png'
02:04.649  render           | Saved: '/Users/mohammedkalouti/Documents/Codex/2026-09-27/i/work/art/aircraft-final-production-v3/stage/assets/build/frames/unit.IR.gunship/beauty/bank_left/d01_f02.png'
02:05.152  render           | Saved: '/Users/mohammedkalouti/Documents/Codex/2026-09-27/i/work/art/aircraft-final-production-v3/stage/assets/build/frames/unit.IR.gunship/team/bank_left/d01_f02.png'
02:05.416  render           | Saved: '/var/folders/n4/43n_jxh10gg3s770b_8jbzb80000gn/T/fc-team-coverage-j9gmb4di.png'
02:06.378  render           | Saved: '/Users/mohammedkalouti/Documents/Codex/2026-09-27/i/work/art/aircraft-final-production-v3/stage/assets/build/frames/unit.IR.gunship/shadow/bank_left/d01_f02.png'
02:06.979  render           | Saved: '/Users/mohammedkalouti/Documents/Codex/2026-09-27/i/work/art/aircraft-final-production-v3/stage/assets/build/frames/unit.IR.gunship/beauty/bank_left/d02_f00.png'
02:07.485  render           | Saved: '/Users/mohammedkalouti/Documents/Codex/2026-09-27/i/work/art/aircraft-final-production-v3/stage/assets/build/frames/unit.IR.gunship/team/bank_left/d02_f00.png'
02:07.750  render           | Saved: '/var/folders/n4/43n_jxh10gg3s770b_8jbzb80000gn/T/fc-team-coverage-4lm44ot9.png'
02:08.744  render           | Saved: '/Users/mohammedkalouti/Documents/Codex/2026-09-27/i/work/art/aircraft-final-production-v3/stage/assets/build/frames/unit.IR.gunship/shadow/bank_left/d02_f00.png'
02:09.331  render           | Saved: '/Users/mohammedkalouti/Documents/Codex/2026-09-27/i/work/art/aircraft-final-production-v3/stage/assets/build/frames/unit.IR.gunship/beauty/bank_left/d02_f01.png'
02:09.832  render           | Saved: '/Users/mohammedkalouti/Documents/Codex/2026-09-27/i/work/art/aircraft-final-production-v3/stage/assets/build/frames/unit.IR.gunship/team/bank_left/d02_f01.png'
02:10.103  render           | Saved: '/var/folders/n4/43n_jxh10gg3s770b_8jbzb80000gn/T/fc-team-coverage-3nyo_9k5.png'
02:11.090  render           | Saved: '/Users/mohammedkalouti/Documents/Codex/2026-09-27/i/work/art/aircraft-final-production-v3/stage/assets/build/frames/unit.IR.gunship/shadow/bank_left/d02_f01.png'
02:11.697  render           | Saved: '/Users/mohammedkalouti/Documents/Codex/2026-09-27/i/work/art/aircraft-final-production-v3/stage/assets/build/frames/unit.IR.gunship/beauty/bank_left/d02_f02.png'
02:12.194  render           | Saved: '/Users/mohammedkalouti/Documents/Codex/2026-09-27/i/work/art/aircraft-final-production-v3/stage/assets/build/frames/unit.IR.gunship/team/bank_left/d02_f02.png'
02:12.448  render           | Saved: '/var/folders/n4/43n_jxh10gg3s770b_8jbzb80000gn/T/fc-team-coverage-fux5j4of.png'
02:13.445  render           | Saved: '/Users/mohammedkalouti/Documents/Codex/2026-09-27/i/work/art/aircraft-final-production-v3/stage/assets/build/frames/unit.IR.gunship/shadow/bank_left/d02_f02.png'
02:14.101  render           | Saved: '/Users/mohammedkalouti/Documents/Codex/2026-09-27/i/work/art/aircraft-final-production-v3/stage/assets/build/frames/unit.IR.gunship/beauty/bank_left/d03_f00.png'
02:14.595  render           | Saved: '/Users/mohammedkalouti/Documents/Codex/2026-09-27/i/work/art/aircraft-final-production-v3/stage/assets/build/frames/unit.IR.gunship/team/bank_left/d03_f00.png'
02:14.850  render           | Saved: '/var/folders/n4/43n_jxh10gg3s770b_8jbzb80000gn/T/fc-team-coverage-3rb1in36.png'
02:15.842  render           | Saved: '/Users/mohammedkalouti/Documents/Codex/2026-09-27/i/work/art/aircraft-final-production-v3/stage/assets/build/frames/unit.IR.gunship/shadow/bank_left/d03_f00.png'
02:16.441  render           | Saved: '/Users/mohammedkalouti/Documents/Codex/2026-09-27/i/work/art/aircraft-final-production-v3/stage/assets/build/frames/unit.IR.gunship/beauty/bank_left/d03_f01.png'
02:16.946  render           | Saved: '/Users/mohammedkalouti/Documents/Codex/2026-09-27/i/work/art/aircraft-final-production-v3/stage/assets/build/frames/unit.IR.gunship/team/bank_left/d03_f01.png'
02:17.213  render           | Saved: '/var/folders/n4/43n_jxh10gg3s770b_8jbzb80000gn/T/fc-team-coverage-1wacpc0k.png'
02:18.199  render           | Saved: '/Users/mohammedkalouti/Documents/Codex/2026-09-27/i/work/art/aircraft-final-production-v3/stage/assets/build/frames/unit.IR.gunship/shadow/bank_left/d03_f01.png'
02:18.798  render           | Saved: '/Users/mohammedkalouti/Documents/Codex/2026-09-27/i/work/art/aircraft-final-production-v3/stage/assets/build/frames/unit.IR.gunship/beauty/bank_left/d03_f02.png'
02:19.297  render           | Saved: '/Users/mohammedkalouti/Documents/Codex/2026-09-27/i/work/art/aircraft-final-production-v3/stage/assets/build/frames/unit.IR.gunship/team/bank_left/d03_f02.png'
02:19.562  render           | Saved: '/var/folders/n4/43n_jxh10gg3s770b_8jbzb80000gn/T/fc-team-coverage-e6ak3d30.png'
02:20.539  render           | Saved: '/Users/mohammedkalouti/Documents/Codex/2026-09-27/i/work/art/aircraft-final-production-v3/stage/assets/build/frames/unit.IR.gunship/shadow/bank_left/d03_f02.png'
02:21.131  render           | Saved: '/Users/mohammedkalouti/Documents/Codex/2026-09-27/i/work/art/aircraft-final-production-v3/stage/assets/build/frames/unit.IR.gunship/beauty/bank_left/d04_f00.png'
02:21.639  render           | Saved: '/Users/mohammedkalouti/Documents/Codex/2026-09-27/i/work/art/aircraft-final-production-v3/stage/assets/build/frames/unit.IR.gunship/team/bank_left/d04_f00.png'
02:21.900  render           | Saved: '/var/folders/n4/43n_jxh10gg3s770b_8jbzb80000gn/T/fc-team-coverage-51wn1fpx.png'
02:22.894  render           | Saved: '/Users/mohammedkalouti/Documents/Codex/2026-09-27/i/work/art/aircraft-final-production-v3/stage/assets/build/frames/unit.IR.gunship/shadow/bank_left/d04_f00.png'
02:23.499  render           | Saved: '/Users/mohammedkalouti/Documents/Codex/2026-09-27/i/work/art/aircraft-final-production-v3/stage/assets/build/frames/unit.IR.gunship/beauty/bank_left/d04_f01.png'
02:23.990  render           | Saved: '/Users/mohammedkalouti/Documents/Codex/2026-09-27/i/work/art/aircraft-final-production-v3/stage/assets/build/frames/unit.IR.gunship/team/bank_left/d04_f01.png'
02:24.253  render           | Saved: '/var/folders/n4/43n_jxh10gg3s770b_8jbzb80000gn/T/fc-team-coverage-vbhjor2i.png'
02:25.252  render           | Saved: '/Users/mohammedkalouti/Documents/Codex/2026-09-27/i/work/art/aircraft-final-production-v3/stage/assets/build/frames/unit.IR.gunship/shadow/bank_left/d04_f01.png'
02:25.859  render           | Saved: '/Users/mohammedkalouti/Documents/Codex/2026-09-27/i/work/art/aircraft-final-production-v3/stage/assets/build/frames/unit.IR.gunship/beauty/bank_left/d04_f02.png'
02:26.353  render           | Saved: '/Users/mohammedkalouti/Documents/Codex/2026-09-27/i/work/art/aircraft-final-production-v3/stage/assets/build/frames/unit.IR.gunship/team/bank_left/d04_f02.png'
02:26.614  render           | Saved: '/var/folders/n4/43n_jxh10gg3s770b_8jbzb80000gn/T/fc-team-coverage-eihmbynn.png'
02:27.610  render           | Saved: '/Users/mohammedkalouti/Documents/Codex/2026-09-27/i/work/art/aircraft-final-production-v3/stage/assets/build/frames/unit.IR.gunship/shadow/bank_left/d04_f02.png'
02:28.203  render           | Saved: '/Users/mohammedkalouti/Documents/Codex/2026-09-27/i/work/art/aircraft-final-production-v3/stage/assets/build/frames/unit.IR.gunship/beauty/bank_left/d05_f00.png'
02:28.712  render           | Saved: '/Users/mohammedkalouti/Documents/Codex/2026-09-27/i/work/art/aircraft-final-production-v3/stage/assets/build/frames/unit.IR.gunship/team/bank_left/d05_f00.png'
02:28.984  render           | Saved: '/var/folders/n4/43n_jxh10gg3s770b_8jbzb80000gn/T/fc-team-coverage-zvngiyc_.png'
02:29.970  render           | Saved: '/Users/mohammedkalouti/Documents/Codex/2026-09-27/i/work/art/aircraft-final-production-v3/stage/assets/build/frames/unit.IR.gunship/shadow/bank_left/d05_f00.png'
02:30.597  render           | Saved: '/Users/mohammedkalouti/Documents/Codex/2026-09-27/i/work/art/aircraft-final-production-v3/stage/assets/build/frames/unit.IR.gunship/beauty/bank_left/d05_f01.png'
02:31.094  render           | Saved: '/Users/mohammedkalouti/Documents/Codex/2026-09-27/i/work/art/aircraft-final-production-v3/stage/assets/build/frames/unit.IR.gunship/team/bank_left/d05_f01.png'
02:31.350  render           | Saved: '/var/folders/n4/43n_jxh10gg3s770b_8jbzb80000gn/T/fc-team-coverage-tz106jg8.png'
02:32.427  render           | Saved: '/Users/mohammedkalouti/Documents/Codex/2026-09-27/i/work/art/aircraft-final-production-v3/stage/assets/build/frames/unit.IR.gunship/shadow/bank_left/d05_f01.png'
02:33.025  render           | Saved: '/Users/mohammedkalouti/Documents/Codex/2026-09-27/i/work/art/aircraft-final-production-v3/stage/assets/build/frames/unit.IR.gunship/beauty/bank_left/d05_f02.png'
02:33.519  render           | Saved: '/Users/mohammedkalouti/Documents/Codex/2026-09-27/i/work/art/aircraft-final-production-v3/stage/assets/build/frames/unit.IR.gunship/team/bank_left/d05_f02.png'
02:33.791  render           | Saved: '/var/folders/n4/43n_jxh10gg3s770b_8jbzb80000gn/T/fc-team-coverage-g49go0ki.png'
02:34.795  render           | Saved: '/Users/mohammedkalouti/Documents/Codex/2026-09-27/i/work/art/aircraft-final-production-v3/stage/assets/build/frames/unit.IR.gunship/shadow/bank_left/d05_f02.png'
02:35.409  render           | Saved: '/Users/mohammedkalouti/Documents/Codex/2026-09-27/i/work/art/aircraft-final-production-v3/stage/assets/build/frames/unit.IR.gunship/beauty/bank_left/d06_f00.png'
02:35.934  render           | Saved: '/Users/mohammedkalouti/Documents/Codex/2026-09-27/i/work/art/aircraft-final-production-v3/stage/assets/build/frames/unit.IR.gunship/team/bank_left/d06_f00.png'
02:36.207  render           | Saved: '/var/folders/n4/43n_jxh10gg3s770b_8jbzb80000gn/T/fc-team-coverage-tr0zt7mt.png'
02:37.212  render           | Saved: '/Users/mohammedkalouti/Documents/Codex/2026-09-27/i/work/art/aircraft-final-production-v3/stage/assets/build/frames/unit.IR.gunship/shadow/bank_left/d06_f00.png'
02:37.860  render           | Saved: '/Users/mohammedkalouti/Documents/Codex/2026-09-27/i/work/art/aircraft-final-production-v3/stage/assets/build/frames/unit.IR.gunship/beauty/bank_left/d06_f01.png'
02:38.395  render           | Saved: '/Users/mohammedkalouti/Documents/Codex/2026-09-27/i/work/art/aircraft-final-production-v3/stage/assets/build/frames/unit.IR.gunship/team/bank_left/d06_f01.png'
02:38.664  render           | Saved: '/var/folders/n4/43n_jxh10gg3s770b_8jbzb80000gn/T/fc-team-coverage-zfi59phl.png'
02:39.698  render           | Saved: '/Users/mohammedkalouti/Documents/Codex/2026-09-27/i/work/art/aircraft-final-production-v3/stage/assets/build/frames/unit.IR.gunship/shadow/bank_left/d06_f01.png'
02:40.303  render           | Saved: '/Users/mohammedkalouti/Documents/Codex/2026-09-27/i/work/art/aircraft-final-production-v3/stage/assets/build/frames/unit.IR.gunship/beauty/bank_left/d06_f02.png'
02:40.808  render           | Saved: '/Users/mohammedkalouti/Documents/Codex/2026-09-27/i/work/art/aircraft-final-production-v3/stage/assets/build/frames/unit.IR.gunship/team/bank_left/d06_f02.png'
02:41.096  render           | Saved: '/var/folders/n4/43n_jxh10gg3s770b_8jbzb80000gn/T/fc-team-coverage-91g8epxy.png'
02:42.099  render           | Saved: '/Users/mohammedkalouti/Documents/Codex/2026-09-27/i/work/art/aircraft-final-production-v3/stage/assets/build/frames/unit.IR.gunship/shadow/bank_left/d06_f02.png'
02:42.697  render           | Saved: '/Users/mohammedkalouti/Documents/Codex/2026-09-27/i/work/art/aircraft-final-production-v3/stage/assets/build/frames/unit.IR.gunship/beauty/bank_left/d07_f00.png'
02:43.198  render           | Saved: '/Users/mohammedkalouti/Documents/Codex/2026-09-27/i/work/art/aircraft-final-production-v3/stage/assets/build/frames/unit.IR.gunship/team/bank_left/d07_f00.png'
02:43.468  render           | Saved: '/var/folders/n4/43n_jxh10gg3s770b_8jbzb80000gn/T/fc-team-coverage-qf1t4xqx.png'
02:44.462  render           | Saved: '/Users/mohammedkalouti/Documents/Codex/2026-09-27/i/work/art/aircraft-final-production-v3/stage/assets/build/frames/unit.IR.gunship/shadow/bank_left/d07_f00.png'
02:45.055  render           | Saved: '/Users/mohammedkalouti/Documents/Codex/2026-09-27/i/work/art/aircraft-final-production-v3/stage/assets/build/frames/unit.IR.gunship/beauty/bank_left/d07_f01.png'
02:45.557  render           | Saved: '/Users/mohammedkalouti/Documents/Codex/2026-09-27/i/work/art/aircraft-final-production-v3/stage/assets/build/frames/unit.IR.gunship/team/bank_left/d07_f01.png'
02:45.828  render           | Saved: '/var/folders/n4/43n_jxh10gg3s770b_8jbzb80000gn/T/fc-team-coverage-v9qv2t6_.png'
02:46.843  render           | Saved: '/Users/mohammedkalouti/Documents/Codex/2026-09-27/i/work/art/aircraft-final-production-v3/stage/assets/build/frames/unit.IR.gunship/shadow/bank_left/d07_f01.png'
02:47.443  render           | Saved: '/Users/mohammedkalouti/Documents/Codex/2026-09-27/i/work/art/aircraft-final-production-v3/stage/assets/build/frames/unit.IR.gunship/beauty/bank_left/d07_f02.png'
02:47.938  render           | Saved: '/Users/mohammedkalouti/Documents/Codex/2026-09-27/i/work/art/aircraft-final-production-v3/stage/assets/build/frames/unit.IR.gunship/team/bank_left/d07_f02.png'
02:48.206  render           | Saved: '/var/folders/n4/43n_jxh10gg3s770b_8jbzb80000gn/T/fc-team-coverage-h74acdwf.png'
02:49.185  render           | Saved: '/Users/mohammedkalouti/Documents/Codex/2026-09-27/i/work/art/aircraft-final-production-v3/stage/assets/build/frames/unit.IR.gunship/shadow/bank_left/d07_f02.png'
02:49.788  render           | Saved: '/Users/mohammedkalouti/Documents/Codex/2026-09-27/i/work/art/aircraft-final-production-v3/stage/assets/build/frames/unit.IR.gunship/beauty/bank_left/d08_f00.png'
02:50.288  render           | Saved: '/Users/mohammedkalouti/Documents/Codex/2026-09-27/i/work/art/aircraft-final-production-v3/stage/assets/build/frames/unit.IR.gunship/team/bank_left/d08_f00.png'
02:50.552  render           | Saved: '/var/folders/n4/43n_jxh10gg3s770b_8jbzb80000gn/T/fc-team-coverage-67vdmbab.png'
02:51.539  render           | Saved: '/Users/mohammedkalouti/Documents/Codex/2026-09-27/i/work/art/aircraft-final-production-v3/stage/assets/build/frames/unit.IR.gunship/shadow/bank_left/d08_f00.png'
02:52.131  render           | Saved: '/Users/mohammedkalouti/Documents/Codex/2026-09-27/i/work/art/aircraft-final-production-v3/stage/assets/build/frames/unit.IR.gunship/beauty/bank_left/d08_f01.png'
02:52.641  render           | Saved: '/Users/mohammedkalouti/Documents/Codex/2026-09-27/i/work/art/aircraft-final-production-v3/stage/assets/build/frames/unit.IR.gunship/team/bank_left/d08_f01.png'
02:52.915  render           | Saved: '/var/folders/n4/43n_jxh10gg3s770b_8jbzb80000gn/T/fc-team-coverage-js37399u.png'
02:53.907  render           | Saved: '/Users/mohammedkalouti/Documents/Codex/2026-09-27/i/work/art/aircraft-final-production-v3/stage/assets/build/frames/unit.IR.gunship/shadow/bank_left/d08_f01.png'
02:54.499  render           | Saved: '/Users/mohammedkalouti/Documents/Codex/2026-09-27/i/work/art/aircraft-final-production-v3/stage/assets/build/frames/unit.IR.gunship/beauty/bank_left/d08_f02.png'
02:55.000  render           | Saved: '/Users/mohammedkalouti/Documents/Codex/2026-09-27/i/work/art/aircraft-final-production-v3/stage/assets/build/frames/unit.IR.gunship/team/bank_left/d08_f02.png'
02:55.268  render           | Saved: '/var/folders/n4/43n_jxh10gg3s770b_8jbzb80000gn/T/fc-team-coverage-b9te4sqr.png'
02:56.258  render           | Saved: '/Users/mohammedkalouti/Documents/Codex/2026-09-27/i/work/art/aircraft-final-production-v3/stage/assets/build/frames/unit.IR.gunship/shadow/bank_left/d08_f02.png'
02:56.856  render           | Saved: '/Users/mohammedkalouti/Documents/Codex/2026-09-27/i/work/art/aircraft-final-production-v3/stage/assets/build/frames/unit.IR.gunship/beauty/bank_left/d09_f00.png'
02:57.369  render           | Saved: '/Users/mohammedkalouti/Documents/Codex/2026-09-27/i/work/art/aircraft-final-production-v3/stage/assets/build/frames/unit.IR.gunship/team/bank_left/d09_f00.png'
02:57.635  render           | Saved: '/var/folders/n4/43n_jxh10gg3s770b_8jbzb80000gn/T/fc-team-coverage-sz8x783_.png'
02:58.628  render           | Saved: '/Users/mohammedkalouti/Documents/Codex/2026-09-27/i/work/art/aircraft-final-production-v3/stage/assets/build/frames/unit.IR.gunship/shadow/bank_left/d09_f00.png'
02:59.210  render           | Saved: '/Users/mohammedkalouti/Documents/Codex/2026-09-27/i/work/art/aircraft-final-production-v3/stage/assets/build/frames/unit.IR.gunship/beauty/bank_left/d09_f01.png'
02:59.721  render           | Saved: '/Users/mohammedkalouti/Documents/Codex/2026-09-27/i/work/art/aircraft-final-production-v3/stage/assets/build/frames/unit.IR.gunship/team/bank_left/d09_f01.png'
02:59.986  render           | Saved: '/var/folders/n4/43n_jxh10gg3s770b_8jbzb80000gn/T/fc-team-coverage-sze4aou3.png'
03:00.989  render           | Saved: '/Users/mohammedkalouti/Documents/Codex/2026-09-27/i/work/art/aircraft-final-production-v3/stage/assets/build/frames/unit.IR.gunship/shadow/bank_left/d09_f01.png'
03:01.585  render           | Saved: '/Users/mohammedkalouti/Documents/Codex/2026-09-27/i/work/art/aircraft-final-production-v3/stage/assets/build/frames/unit.IR.gunship/beauty/bank_left/d09_f02.png'
03:02.088  render           | Saved: '/Users/mohammedkalouti/Documents/Codex/2026-09-27/i/work/art/aircraft-final-production-v3/stage/assets/build/frames/unit.IR.gunship/team/bank_left/d09_f02.png'
03:02.353  render           | Saved: '/var/folders/n4/43n_jxh10gg3s770b_8jbzb80000gn/T/fc-team-coverage-sas2lcnz.png'
03:03.354  render           | Saved: '/Users/mohammedkalouti/Documents/Codex/2026-09-27/i/work/art/aircraft-final-production-v3/stage/assets/build/frames/unit.IR.gunship/shadow/bank_left/d09_f02.png'
03:03.941  render           | Saved: '/Users/mohammedkalouti/Documents/Codex/2026-09-27/i/work/art/aircraft-final-production-v3/stage/assets/build/frames/unit.IR.gunship/beauty/bank_left/d10_f00.png'
03:04.453  render           | Saved: '/Users/mohammedkalouti/Documents/Codex/2026-09-27/i/work/art/aircraft-final-production-v3/stage/assets/build/frames/unit.IR.gunship/team/bank_left/d10_f00.png'
03:04.723  render           | Saved: '/var/folders/n4/43n_jxh10gg3s770b_8jbzb80000gn/T/fc-team-coverage-iu32edk7.png'
03:05.700  render           | Saved: '/Users/mohammedkalouti/Documents/Codex/2026-09-27/i/work/art/aircraft-final-production-v3/stage/assets/build/frames/unit.IR.gunship/shadow/bank_left/d10_f00.png'
03:06.284  render           | Saved: '/Users/mohammedkalouti/Documents/Codex/2026-09-27/i/work/art/aircraft-final-production-v3/stage/assets/build/frames/unit.IR.gunship/beauty/bank_left/d10_f01.png'
03:06.786  render           | Saved: '/Users/mohammedkalouti/Documents/Codex/2026-09-27/i/work/art/aircraft-final-production-v3/stage/assets/build/frames/unit.IR.gunship/team/bank_left/d10_f01.png'
03:07.052  render           | Saved: '/var/folders/n4/43n_jxh10gg3s770b_8jbzb80000gn/T/fc-team-coverage-0qu6ywci.png'
03:08.114  render           | Saved: '/Users/mohammedkalouti/Documents/Codex/2026-09-27/i/work/art/aircraft-final-production-v3/stage/assets/build/frames/unit.IR.gunship/shadow/bank_left/d10_f01.png'
03:08.880  render           | Saved: '/Users/mohammedkalouti/Documents/Codex/2026-09-27/i/work/art/aircraft-final-production-v3/stage/assets/build/frames/unit.IR.gunship/beauty/bank_left/d10_f02.png'
03:09.384  render           | Saved: '/Users/mohammedkalouti/Documents/Codex/2026-09-27/i/work/art/aircraft-final-production-v3/stage/assets/build/frames/unit.IR.gunship/team/bank_left/d10_f02.png'
03:09.647  render           | Saved: '/var/folders/n4/43n_jxh10gg3s770b_8jbzb80000gn/T/fc-team-coverage-v8ansh5u.png'
03:10.648  render           | Saved: '/Users/mohammedkalouti/Documents/Codex/2026-09-27/i/work/art/aircraft-final-production-v3/stage/assets/build/frames/unit.IR.gunship/shadow/bank_left/d10_f02.png'
03:11.228  render           | Saved: '/Users/mohammedkalouti/Documents/Codex/2026-09-27/i/work/art/aircraft-final-production-v3/stage/assets/build/frames/unit.IR.gunship/beauty/bank_left/d11_f00.png'
03:11.720  render           | Saved: '/Users/mohammedkalouti/Documents/Codex/2026-09-27/i/work/art/aircraft-final-production-v3/stage/assets/build/frames/unit.IR.gunship/team/bank_left/d11_f00.png'
03:11.983  render           | Saved: '/var/folders/n4/43n_jxh10gg3s770b_8jbzb80000gn/T/fc-team-coverage-qih13_xn.png'
03:12.962  render           | Saved: '/Users/mohammedkalouti/Documents/Codex/2026-09-27/i/work/art/aircraft-final-production-v3/stage/assets/build/frames/unit.IR.gunship/shadow/bank_left/d11_f00.png'
03:13.578  render           | Saved: '/Users/mohammedkalouti/Documents/Codex/2026-09-27/i/work/art/aircraft-final-production-v3/stage/assets/build/frames/unit.IR.gunship/beauty/bank_left/d11_f01.png'
03:14.067  render           | Saved: '/Users/mohammedkalouti/Documents/Codex/2026-09-27/i/work/art/aircraft-final-production-v3/stage/assets/build/frames/unit.IR.gunship/team/bank_left/d11_f01.png'
03:14.329  render           | Saved: '/var/folders/n4/43n_jxh10gg3s770b_8jbzb80000gn/T/fc-team-coverage-8nynlmyx.png'
03:15.359  render           | Saved: '/Users/mohammedkalouti/Documents/Codex/2026-09-27/i/work/art/aircraft-final-production-v3/stage/assets/build/frames/unit.IR.gunship/shadow/bank_left/d11_f01.png'
03:15.977  render           | Saved: '/Users/mohammedkalouti/Documents/Codex/2026-09-27/i/work/art/aircraft-final-production-v3/stage/assets/build/frames/unit.IR.gunship/beauty/bank_left/d11_f02.png'
03:16.489  render           | Saved: '/Users/mohammedkalouti/Documents/Codex/2026-09-27/i/work/art/aircraft-final-production-v3/stage/assets/build/frames/unit.IR.gunship/team/bank_left/d11_f02.png'
03:16.761  render           | Saved: '/var/folders/n4/43n_jxh10gg3s770b_8jbzb80000gn/T/fc-team-coverage-6_s6oxmf.png'
03:17.747  render           | Saved: '/Users/mohammedkalouti/Documents/Codex/2026-09-27/i/work/art/aircraft-final-production-v3/stage/assets/build/frames/unit.IR.gunship/shadow/bank_left/d11_f02.png'
03:18.333  render           | Saved: '/Users/mohammedkalouti/Documents/Codex/2026-09-27/i/work/art/aircraft-final-production-v3/stage/assets/build/frames/unit.IR.gunship/beauty/bank_left/d12_f00.png'
03:18.831  render           | Saved: '/Users/mohammedkalouti/Documents/Codex/2026-09-27/i/work/art/aircraft-final-production-v3/stage/assets/build/frames/unit.IR.gunship/team/bank_left/d12_f00.png'
03:19.098  render           | Saved: '/var/folders/n4/43n_jxh10gg3s770b_8jbzb80000gn/T/fc-team-coverage-xh6p2w91.png'
03:20.085  render           | Saved: '/Users/mohammedkalouti/Documents/Codex/2026-09-27/i/work/art/aircraft-final-production-v3/stage/assets/build/frames/unit.IR.gunship/shadow/bank_left/d12_f00.png'
03:20.689  render           | Saved: '/Users/mohammedkalouti/Documents/Codex/2026-09-27/i/work/art/aircraft-final-production-v3/stage/assets/build/frames/unit.IR.gunship/beauty/bank_left/d12_f01.png'
03:21.187  render           | Saved: '/Users/mohammedkalouti/Documents/Codex/2026-09-27/i/work/art/aircraft-final-production-v3/stage/assets/build/frames/unit.IR.gunship/team/bank_left/d12_f01.png'
03:21.453  render           | Saved: '/var/folders/n4/43n_jxh10gg3s770b_8jbzb80000gn/T/fc-team-coverage-wr_6qex9.png'
03:22.477  render           | Saved: '/Users/mohammedkalouti/Documents/Codex/2026-09-27/i/work/art/aircraft-final-production-v3/stage/assets/build/frames/unit.IR.gunship/shadow/bank_left/d12_f01.png'
03:23.060  render           | Saved: '/Users/mohammedkalouti/Documents/Codex/2026-09-27/i/work/art/aircraft-final-production-v3/stage/assets/build/frames/unit.IR.gunship/beauty/bank_left/d12_f02.png'
03:23.553  render           | Saved: '/Users/mohammedkalouti/Documents/Codex/2026-09-27/i/work/art/aircraft-final-production-v3/stage/assets/build/frames/unit.IR.gunship/team/bank_left/d12_f02.png'
03:23.815  render           | Saved: '/var/folders/n4/43n_jxh10gg3s770b_8jbzb80000gn/T/fc-team-coverage-5mm5o1ws.png'
03:24.797  render           | Saved: '/Users/mohammedkalouti/Documents/Codex/2026-09-27/i/work/art/aircraft-final-production-v3/stage/assets/build/frames/unit.IR.gunship/shadow/bank_left/d12_f02.png'
03:25.393  render           | Saved: '/Users/mohammedkalouti/Documents/Codex/2026-09-27/i/work/art/aircraft-final-production-v3/stage/assets/build/frames/unit.IR.gunship/beauty/bank_left/d13_f00.png'
03:25.894  render           | Saved: '/Users/mohammedkalouti/Documents/Codex/2026-09-27/i/work/art/aircraft-final-production-v3/stage/assets/build/frames/unit.IR.gunship/team/bank_left/d13_f00.png'
03:26.155  render           | Saved: '/var/folders/n4/43n_jxh10gg3s770b_8jbzb80000gn/T/fc-team-coverage-4nxqtiw3.png'
03:27.155  render           | Saved: '/Users/mohammedkalouti/Documents/Codex/2026-09-27/i/work/art/aircraft-final-production-v3/stage/assets/build/frames/unit.IR.gunship/shadow/bank_left/d13_f00.png'
03:27.737  render           | Saved: '/Users/mohammedkalouti/Documents/Codex/2026-09-27/i/work/art/aircraft-final-production-v3/stage/assets/build/frames/unit.IR.gunship/beauty/bank_left/d13_f01.png'
03:28.242  render           | Saved: '/Users/mohammedkalouti/Documents/Codex/2026-09-27/i/work/art/aircraft-final-production-v3/stage/assets/build/frames/unit.IR.gunship/team/bank_left/d13_f01.png'
03:28.501  render           | Saved: '/var/folders/n4/43n_jxh10gg3s770b_8jbzb80000gn/T/fc-team-coverage-kondey6c.png'
03:29.484  render           | Saved: '/Users/mohammedkalouti/Documents/Codex/2026-09-27/i/work/art/aircraft-final-production-v3/stage/assets/build/frames/unit.IR.gunship/shadow/bank_left/d13_f01.png'
03:30.062  render           | Saved: '/Users/mohammedkalouti/Documents/Codex/2026-09-27/i/work/art/aircraft-final-production-v3/stage/assets/build/frames/unit.IR.gunship/beauty/bank_left/d13_f02.png'
03:30.553  render           | Saved: '/Users/mohammedkalouti/Documents/Codex/2026-09-27/i/work/art/aircraft-final-production-v3/stage/assets/build/frames/unit.IR.gunship/team/bank_left/d13_f02.png'
03:30.815  render           | Saved: '/var/folders/n4/43n_jxh10gg3s770b_8jbzb80000gn/T/fc-team-coverage-z2h82ctt.png'
03:31.780  render           | Saved: '/Users/mohammedkalouti/Documents/Codex/2026-09-27/i/work/art/aircraft-final-production-v3/stage/assets/build/frames/unit.IR.gunship/shadow/bank_left/d13_f02.png'
03:32.367  render           | Saved: '/Users/mohammedkalouti/Documents/Codex/2026-09-27/i/work/art/aircraft-final-production-v3/stage/assets/build/frames/unit.IR.gunship/beauty/bank_left/d14_f00.png'
03:32.877  render           | Saved: '/Users/mohammedkalouti/Documents/Codex/2026-09-27/i/work/art/aircraft-final-production-v3/stage/assets/build/frames/unit.IR.gunship/team/bank_left/d14_f00.png'
03:33.148  render           | Saved: '/var/folders/n4/43n_jxh10gg3s770b_8jbzb80000gn/T/fc-team-coverage-9ki06du2.png'
03:34.149  render           | Saved: '/Users/mohammedkalouti/Documents/Codex/2026-09-27/i/work/art/aircraft-final-production-v3/stage/assets/build/frames/unit.IR.gunship/shadow/bank_left/d14_f00.png'
03:34.794  render           | Saved: '/Users/mohammedkalouti/Documents/Codex/2026-09-27/i/work/art/aircraft-final-production-v3/stage/assets/build/frames/unit.IR.gunship/beauty/bank_left/d14_f01.png'
03:35.312  render           | Saved: '/Users/mohammedkalouti/Documents/Codex/2026-09-27/i/work/art/aircraft-final-production-v3/stage/assets/build/frames/unit.IR.gunship/team/bank_left/d14_f01.png'
03:35.588  render           | Saved: '/var/folders/n4/43n_jxh10gg3s770b_8jbzb80000gn/T/fc-team-coverage-0rw5bhgv.png'
03:36.584  render           | Saved: '/Users/mohammedkalouti/Documents/Codex/2026-09-27/i/work/art/aircraft-final-production-v3/stage/assets/build/frames/unit.IR.gunship/shadow/bank_left/d14_f01.png'
03:37.159  render           | Saved: '/Users/mohammedkalouti/Documents/Codex/2026-09-27/i/work/art/aircraft-final-production-v3/stage/assets/build/frames/unit.IR.gunship/beauty/bank_left/d14_f02.png'
03:37.660  render           | Saved: '/Users/mohammedkalouti/Documents/Codex/2026-09-27/i/work/art/aircraft-final-production-v3/stage/assets/build/frames/unit.IR.gunship/team/bank_left/d14_f02.png'
03:37.922  render           | Saved: '/var/folders/n4/43n_jxh10gg3s770b_8jbzb80000gn/T/fc-team-coverage-_afxeyaa.png'
03:38.903  render           | Saved: '/Users/mohammedkalouti/Documents/Codex/2026-09-27/i/work/art/aircraft-final-production-v3/stage/assets/build/frames/unit.IR.gunship/shadow/bank_left/d14_f02.png'
03:39.485  render           | Saved: '/Users/mohammedkalouti/Documents/Codex/2026-09-27/i/work/art/aircraft-final-production-v3/stage/assets/build/frames/unit.IR.gunship/beauty/bank_left/d15_f00.png'
03:39.982  render           | Saved: '/Users/mohammedkalouti/Documents/Codex/2026-09-27/i/work/art/aircraft-final-production-v3/stage/assets/build/frames/unit.IR.gunship/team/bank_left/d15_f00.png'
03:40.249  render           | Saved: '/var/folders/n4/43n_jxh10gg3s770b_8jbzb80000gn/T/fc-team-coverage-xcjaq3yc.png'
03:41.224  render           | Saved: '/Users/mohammedkalouti/Documents/Codex/2026-09-27/i/work/art/aircraft-final-production-v3/stage/assets/build/frames/unit.IR.gunship/shadow/bank_left/d15_f00.png'
03:41.923  render           | Saved: '/Users/mohammedkalouti/Documents/Codex/2026-09-27/i/work/art/aircraft-final-production-v3/stage/assets/build/frames/unit.IR.gunship/beauty/bank_left/d15_f01.png'
03:42.422  render           | Saved: '/Users/mohammedkalouti/Documents/Codex/2026-09-27/i/work/art/aircraft-final-production-v3/stage/assets/build/frames/unit.IR.gunship/team/bank_left/d15_f01.png'
03:42.684  render           | Saved: '/var/folders/n4/43n_jxh10gg3s770b_8jbzb80000gn/T/fc-team-coverage-n5ekr1i2.png'
03:43.663  render           | Saved: '/Users/mohammedkalouti/Documents/Codex/2026-09-27/i/work/art/aircraft-final-production-v3/stage/assets/build/frames/unit.IR.gunship/shadow/bank_left/d15_f01.png'
03:44.244  render           | Saved: '/Users/mohammedkalouti/Documents/Codex/2026-09-27/i/work/art/aircraft-final-production-v3/stage/assets/build/frames/unit.IR.gunship/beauty/bank_left/d15_f02.png'
03:44.735  render           | Saved: '/Users/mohammedkalouti/Documents/Codex/2026-09-27/i/work/art/aircraft-final-production-v3/stage/assets/build/frames/unit.IR.gunship/team/bank_left/d15_f02.png'
03:45.000  render           | Saved: '/var/folders/n4/43n_jxh10gg3s770b_8jbzb80000gn/T/fc-team-coverage-gw6lql0q.png'
03:45.983  render           | Saved: '/Users/mohammedkalouti/Documents/Codex/2026-09-27/i/work/art/aircraft-final-production-v3/stage/assets/build/frames/unit.IR.gunship/shadow/bank_left/d15_f02.png'
03:46.592  render           | Saved: '/Users/mohammedkalouti/Documents/Codex/2026-09-27/i/work/art/aircraft-final-production-v3/stage/assets/build/frames/unit.IR.gunship/beauty/bank_right/d00_f00.png'
03:47.094  render           | Saved: '/Users/mohammedkalouti/Documents/Codex/2026-09-27/i/work/art/aircraft-final-production-v3/stage/assets/build/frames/unit.IR.gunship/team/bank_right/d00_f00.png'
03:47.353  render           | Saved: '/var/folders/n4/43n_jxh10gg3s770b_8jbzb80000gn/T/fc-team-coverage-bdb4ywn0.png'
03:48.340  render           | Saved: '/Users/mohammedkalouti/Documents/Codex/2026-09-27/i/work/art/aircraft-final-production-v3/stage/assets/build/frames/unit.IR.gunship/shadow/bank_right/d00_f00.png'
03:48.947  render           | Saved: '/Users/mohammedkalouti/Documents/Codex/2026-09-27/i/work/art/aircraft-final-production-v3/stage/assets/build/frames/unit.IR.gunship/beauty/bank_right/d00_f01.png'
03:49.465  render           | Saved: '/Users/mohammedkalouti/Documents/Codex/2026-09-27/i/work/art/aircraft-final-production-v3/stage/assets/build/frames/unit.IR.gunship/team/bank_right/d00_f01.png'
03:49.733  render           | Saved: '/var/folders/n4/43n_jxh10gg3s770b_8jbzb80000gn/T/fc-team-coverage-4kz5g7a_.png'
03:50.725  render           | Saved: '/Users/mohammedkalouti/Documents/Codex/2026-09-27/i/work/art/aircraft-final-production-v3/stage/assets/build/frames/unit.IR.gunship/shadow/bank_right/d00_f01.png'
03:51.322  render           | Saved: '/Users/mohammedkalouti/Documents/Codex/2026-09-27/i/work/art/aircraft-final-production-v3/stage/assets/build/frames/unit.IR.gunship/beauty/bank_right/d00_f02.png'
03:51.826  render           | Saved: '/Users/mohammedkalouti/Documents/Codex/2026-09-27/i/work/art/aircraft-final-production-v3/stage/assets/build/frames/unit.IR.gunship/team/bank_right/d00_f02.png'
03:52.087  render           | Saved: '/var/folders/n4/43n_jxh10gg3s770b_8jbzb80000gn/T/fc-team-coverage-fx3v_82u.png'
03:53.086  render           | Saved: '/Users/mohammedkalouti/Documents/Codex/2026-09-27/i/work/art/aircraft-final-production-v3/stage/assets/build/frames/unit.IR.gunship/shadow/bank_right/d00_f02.png'
03:53.695  render           | Saved: '/Users/mohammedkalouti/Documents/Codex/2026-09-27/i/work/art/aircraft-final-production-v3/stage/assets/build/frames/unit.IR.gunship/beauty/bank_right/d01_f00.png'
03:54.192  render           | Saved: '/Users/mohammedkalouti/Documents/Codex/2026-09-27/i/work/art/aircraft-final-production-v3/stage/assets/build/frames/unit.IR.gunship/team/bank_right/d01_f00.png'
03:54.454  render           | Saved: '/var/folders/n4/43n_jxh10gg3s770b_8jbzb80000gn/T/fc-team-coverage-rqmejb0h.png'
03:55.438  render           | Saved: '/Users/mohammedkalouti/Documents/Codex/2026-09-27/i/work/art/aircraft-final-production-v3/stage/assets/build/frames/unit.IR.gunship/shadow/bank_right/d01_f00.png'
03:56.042  render           | Saved: '/Users/mohammedkalouti/Documents/Codex/2026-09-27/i/work/art/aircraft-final-production-v3/stage/assets/build/frames/unit.IR.gunship/beauty/bank_right/d01_f01.png'
03:56.553  render           | Saved: '/Users/mohammedkalouti/Documents/Codex/2026-09-27/i/work/art/aircraft-final-production-v3/stage/assets/build/frames/unit.IR.gunship/team/bank_right/d01_f01.png'
03:56.821  render           | Saved: '/var/folders/n4/43n_jxh10gg3s770b_8jbzb80000gn/T/fc-team-coverage-7bqrl59e.png'
03:57.822  render           | Saved: '/Users/mohammedkalouti/Documents/Codex/2026-09-27/i/work/art/aircraft-final-production-v3/stage/assets/build/frames/unit.IR.gunship/shadow/bank_right/d01_f01.png'
03:58.432  render           | Saved: '/Users/mohammedkalouti/Documents/Codex/2026-09-27/i/work/art/aircraft-final-production-v3/stage/assets/build/frames/unit.IR.gunship/beauty/bank_right/d01_f02.png'
03:58.934  render           | Saved: '/Users/mohammedkalouti/Documents/Codex/2026-09-27/i/work/art/aircraft-final-production-v3/stage/assets/build/frames/unit.IR.gunship/team/bank_right/d01_f02.png'
03:59.202  render           | Saved: '/var/folders/n4/43n_jxh10gg3s770b_8jbzb80000gn/T/fc-team-coverage-czuautny.png'
04:00.193  render           | Saved: '/Users/mohammedkalouti/Documents/Codex/2026-09-27/i/work/art/aircraft-final-production-v3/stage/assets/build/frames/unit.IR.gunship/shadow/bank_right/d01_f02.png'
04:00.803  render           | Saved: '/Users/mohammedkalouti/Documents/Codex/2026-09-27/i/work/art/aircraft-final-production-v3/stage/assets/build/frames/unit.IR.gunship/beauty/bank_right/d02_f00.png'
04:01.315  render           | Saved: '/Users/mohammedkalouti/Documents/Codex/2026-09-27/i/work/art/aircraft-final-production-v3/stage/assets/build/frames/unit.IR.gunship/team/bank_right/d02_f00.png'
04:01.576  render           | Saved: '/var/folders/n4/43n_jxh10gg3s770b_8jbzb80000gn/T/fc-team-coverage-3vul280u.png'
04:02.575  render           | Saved: '/Users/mohammedkalouti/Documents/Codex/2026-09-27/i/work/art/aircraft-final-production-v3/stage/assets/build/frames/unit.IR.gunship/shadow/bank_right/d02_f00.png'
04:03.170  render           | Saved: '/Users/mohammedkalouti/Documents/Codex/2026-09-27/i/work/art/aircraft-final-production-v3/stage/assets/build/frames/unit.IR.gunship/beauty/bank_right/d02_f01.png'
04:03.677  render           | Saved: '/Users/mohammedkalouti/Documents/Codex/2026-09-27/i/work/art/aircraft-final-production-v3/stage/assets/build/frames/unit.IR.gunship/team/bank_right/d02_f01.png'
04:03.947  render           | Saved: '/var/folders/n4/43n_jxh10gg3s770b_8jbzb80000gn/T/fc-team-coverage-zpq2ujrc.png'
04:04.940  render           | Saved: '/Users/mohammedkalouti/Documents/Codex/2026-09-27/i/work/art/aircraft-final-production-v3/stage/assets/build/frames/unit.IR.gunship/shadow/bank_right/d02_f01.png'
04:05.553  render           | Saved: '/Users/mohammedkalouti/Documents/Codex/2026-09-27/i/work/art/aircraft-final-production-v3/stage/assets/build/frames/unit.IR.gunship/beauty/bank_right/d02_f02.png'
04:06.046  render           | Saved: '/Users/mohammedkalouti/Documents/Codex/2026-09-27/i/work/art/aircraft-final-production-v3/stage/assets/build/frames/unit.IR.gunship/team/bank_right/d02_f02.png'
04:06.324  render           | Saved: '/var/folders/n4/43n_jxh10gg3s770b_8jbzb80000gn/T/fc-team-coverage-pvc9ovv2.png'
04:07.309  render           | Saved: '/Users/mohammedkalouti/Documents/Codex/2026-09-27/i/work/art/aircraft-final-production-v3/stage/assets/build/frames/unit.IR.gunship/shadow/bank_right/d02_f02.png'
04:07.914  render           | Saved: '/Users/mohammedkalouti/Documents/Codex/2026-09-27/i/work/art/aircraft-final-production-v3/stage/assets/build/frames/unit.IR.gunship/beauty/bank_right/d03_f00.png'
04:08.425  render           | Saved: '/Users/mohammedkalouti/Documents/Codex/2026-09-27/i/work/art/aircraft-final-production-v3/stage/assets/build/frames/unit.IR.gunship/team/bank_right/d03_f00.png'
04:08.687  render           | Saved: '/var/folders/n4/43n_jxh10gg3s770b_8jbzb80000gn/T/fc-team-coverage-0cd9ovfi.png'
04:09.689  render           | Saved: '/Users/mohammedkalouti/Documents/Codex/2026-09-27/i/work/art/aircraft-final-production-v3/stage/assets/build/frames/unit.IR.gunship/shadow/bank_right/d03_f00.png'
04:10.284  render           | Saved: '/Users/mohammedkalouti/Documents/Codex/2026-09-27/i/work/art/aircraft-final-production-v3/stage/assets/build/frames/unit.IR.gunship/beauty/bank_right/d03_f01.png'
04:10.792  render           | Saved: '/Users/mohammedkalouti/Documents/Codex/2026-09-27/i/work/art/aircraft-final-production-v3/stage/assets/build/frames/unit.IR.gunship/team/bank_right/d03_f01.png'
04:11.056  render           | Saved: '/var/folders/n4/43n_jxh10gg3s770b_8jbzb80000gn/T/fc-team-coverage-t_6u9w5b.png'
04:12.039  render           | Saved: '/Users/mohammedkalouti/Documents/Codex/2026-09-27/i/work/art/aircraft-final-production-v3/stage/assets/build/frames/unit.IR.gunship/shadow/bank_right/d03_f01.png'
04:12.639  render           | Saved: '/Users/mohammedkalouti/Documents/Codex/2026-09-27/i/work/art/aircraft-final-production-v3/stage/assets/build/frames/unit.IR.gunship/beauty/bank_right/d03_f02.png'
04:13.139  render           | Saved: '/Users/mohammedkalouti/Documents/Codex/2026-09-27/i/work/art/aircraft-final-production-v3/stage/assets/build/frames/unit.IR.gunship/team/bank_right/d03_f02.png'
04:13.406  render           | Saved: '/var/folders/n4/43n_jxh10gg3s770b_8jbzb80000gn/T/fc-team-coverage-wh59m8e9.png'
04:14.493  render           | Saved: '/Users/mohammedkalouti/Documents/Codex/2026-09-27/i/work/art/aircraft-final-production-v3/stage/assets/build/frames/unit.IR.gunship/shadow/bank_right/d03_f02.png'
04:15.073  render           | Saved: '/Users/mohammedkalouti/Documents/Codex/2026-09-27/i/work/art/aircraft-final-production-v3/stage/assets/build/frames/unit.IR.gunship/beauty/bank_right/d04_f00.png'
04:15.574  render           | Saved: '/Users/mohammedkalouti/Documents/Codex/2026-09-27/i/work/art/aircraft-final-production-v3/stage/assets/build/frames/unit.IR.gunship/team/bank_right/d04_f00.png'
04:15.846  render           | Saved: '/var/folders/n4/43n_jxh10gg3s770b_8jbzb80000gn/T/fc-team-coverage-thag1tjs.png'
04:16.840  render           | Saved: '/Users/mohammedkalouti/Documents/Codex/2026-09-27/i/work/art/aircraft-final-production-v3/stage/assets/build/frames/unit.IR.gunship/shadow/bank_right/d04_f00.png'
04:17.428  render           | Saved: '/Users/mohammedkalouti/Documents/Codex/2026-09-27/i/work/art/aircraft-final-production-v3/stage/assets/build/frames/unit.IR.gunship/beauty/bank_right/d04_f01.png'
04:17.926  render           | Saved: '/Users/mohammedkalouti/Documents/Codex/2026-09-27/i/work/art/aircraft-final-production-v3/stage/assets/build/frames/unit.IR.gunship/team/bank_right/d04_f01.png'
04:18.185  render           | Saved: '/var/folders/n4/43n_jxh10gg3s770b_8jbzb80000gn/T/fc-team-coverage-_p7xbbf2.png'
04:19.178  render           | Saved: '/Users/mohammedkalouti/Documents/Codex/2026-09-27/i/work/art/aircraft-final-production-v3/stage/assets/build/frames/unit.IR.gunship/shadow/bank_right/d04_f01.png'
04:19.771  render           | Saved: '/Users/mohammedkalouti/Documents/Codex/2026-09-27/i/work/art/aircraft-final-production-v3/stage/assets/build/frames/unit.IR.gunship/beauty/bank_right/d04_f02.png'
04:20.283  render           | Saved: '/Users/mohammedkalouti/Documents/Codex/2026-09-27/i/work/art/aircraft-final-production-v3/stage/assets/build/frames/unit.IR.gunship/team/bank_right/d04_f02.png'
04:20.533  render           | Saved: '/var/folders/n4/43n_jxh10gg3s770b_8jbzb80000gn/T/fc-team-coverage-g8qg875t.png'
04:21.511  render           | Saved: '/Users/mohammedkalouti/Documents/Codex/2026-09-27/i/work/art/aircraft-final-production-v3/stage/assets/build/frames/unit.IR.gunship/shadow/bank_right/d04_f02.png'
04:22.088  render           | Saved: '/Users/mohammedkalouti/Documents/Codex/2026-09-27/i/work/art/aircraft-final-production-v3/stage/assets/build/frames/unit.IR.gunship/beauty/bank_right/d05_f00.png'
04:22.600  render           | Saved: '/Users/mohammedkalouti/Documents/Codex/2026-09-27/i/work/art/aircraft-final-production-v3/stage/assets/build/frames/unit.IR.gunship/team/bank_right/d05_f00.png'
04:22.867  render           | Saved: '/var/folders/n4/43n_jxh10gg3s770b_8jbzb80000gn/T/fc-team-coverage-8v2z9bvf.png'
04:23.841  render           | Saved: '/Users/mohammedkalouti/Documents/Codex/2026-09-27/i/work/art/aircraft-final-production-v3/stage/assets/build/frames/unit.IR.gunship/shadow/bank_right/d05_f00.png'
04:24.460  render           | Saved: '/Users/mohammedkalouti/Documents/Codex/2026-09-27/i/work/art/aircraft-final-production-v3/stage/assets/build/frames/unit.IR.gunship/beauty/bank_right/d05_f01.png'
04:24.958  render           | Saved: '/Users/mohammedkalouti/Documents/Codex/2026-09-27/i/work/art/aircraft-final-production-v3/stage/assets/build/frames/unit.IR.gunship/team/bank_right/d05_f01.png'
04:25.226  render           | Saved: '/var/folders/n4/43n_jxh10gg3s770b_8jbzb80000gn/T/fc-team-coverage-hqoytrrg.png'
04:26.223  render           | Saved: '/Users/mohammedkalouti/Documents/Codex/2026-09-27/i/work/art/aircraft-final-production-v3/stage/assets/build/frames/unit.IR.gunship/shadow/bank_right/d05_f01.png'
04:26.816  render           | Saved: '/Users/mohammedkalouti/Documents/Codex/2026-09-27/i/work/art/aircraft-final-production-v3/stage/assets/build/frames/unit.IR.gunship/beauty/bank_right/d05_f02.png'
04:27.332  render           | Saved: '/Users/mohammedkalouti/Documents/Codex/2026-09-27/i/work/art/aircraft-final-production-v3/stage/assets/build/frames/unit.IR.gunship/team/bank_right/d05_f02.png'
04:27.603  render           | Saved: '/var/folders/n4/43n_jxh10gg3s770b_8jbzb80000gn/T/fc-team-coverage-qki0ufff.png'
04:28.639  render           | Saved: '/Users/mohammedkalouti/Documents/Codex/2026-09-27/i/work/art/aircraft-final-production-v3/stage/assets/build/frames/unit.IR.gunship/shadow/bank_right/d05_f02.png'
04:29.220  render           | Saved: '/Users/mohammedkalouti/Documents/Codex/2026-09-27/i/work/art/aircraft-final-production-v3/stage/assets/build/frames/unit.IR.gunship/beauty/bank_right/d06_f00.png'
04:29.720  render           | Saved: '/Users/mohammedkalouti/Documents/Codex/2026-09-27/i/work/art/aircraft-final-production-v3/stage/assets/build/frames/unit.IR.gunship/team/bank_right/d06_f00.png'
04:29.987  render           | Saved: '/var/folders/n4/43n_jxh10gg3s770b_8jbzb80000gn/T/fc-team-coverage-8mq0s3ep.png'
04:30.964  render           | Saved: '/Users/mohammedkalouti/Documents/Codex/2026-09-27/i/work/art/aircraft-final-production-v3/stage/assets/build/frames/unit.IR.gunship/shadow/bank_right/d06_f00.png'
04:31.598  render           | Saved: '/Users/mohammedkalouti/Documents/Codex/2026-09-27/i/work/art/aircraft-final-production-v3/stage/assets/build/frames/unit.IR.gunship/beauty/bank_right/d06_f01.png'
04:32.123  render           | Saved: '/Users/mohammedkalouti/Documents/Codex/2026-09-27/i/work/art/aircraft-final-production-v3/stage/assets/build/frames/unit.IR.gunship/team/bank_right/d06_f01.png'
04:32.421  render           | Saved: '/var/folders/n4/43n_jxh10gg3s770b_8jbzb80000gn/T/fc-team-coverage-vtlbjcjs.png'
04:33.455  render           | Saved: '/Users/mohammedkalouti/Documents/Codex/2026-09-27/i/work/art/aircraft-final-production-v3/stage/assets/build/frames/unit.IR.gunship/shadow/bank_right/d06_f01.png'
04:34.049  render           | Saved: '/Users/mohammedkalouti/Documents/Codex/2026-09-27/i/work/art/aircraft-final-production-v3/stage/assets/build/frames/unit.IR.gunship/beauty/bank_right/d06_f02.png'
04:34.567  render           | Saved: '/Users/mohammedkalouti/Documents/Codex/2026-09-27/i/work/art/aircraft-final-production-v3/stage/assets/build/frames/unit.IR.gunship/team/bank_right/d06_f02.png'
04:34.851  render           | Saved: '/var/folders/n4/43n_jxh10gg3s770b_8jbzb80000gn/T/fc-team-coverage-cmirfrsc.png'
04:35.866  render           | Saved: '/Users/mohammedkalouti/Documents/Codex/2026-09-27/i/work/art/aircraft-final-production-v3/stage/assets/build/frames/unit.IR.gunship/shadow/bank_right/d06_f02.png'
04:36.463  render           | Saved: '/Users/mohammedkalouti/Documents/Codex/2026-09-27/i/work/art/aircraft-final-production-v3/stage/assets/build/frames/unit.IR.gunship/beauty/bank_right/d07_f00.png'
04:36.975  render           | Saved: '/Users/mohammedkalouti/Documents/Codex/2026-09-27/i/work/art/aircraft-final-production-v3/stage/assets/build/frames/unit.IR.gunship/team/bank_right/d07_f00.png'
04:37.248  render           | Saved: '/var/folders/n4/43n_jxh10gg3s770b_8jbzb80000gn/T/fc-team-coverage-5v1alhg_.png'
04:38.230  render           | Saved: '/Users/mohammedkalouti/Documents/Codex/2026-09-27/i/work/art/aircraft-final-production-v3/stage/assets/build/frames/unit.IR.gunship/shadow/bank_right/d07_f00.png'
04:38.810  render           | Saved: '/Users/mohammedkalouti/Documents/Codex/2026-09-27/i/work/art/aircraft-final-production-v3/stage/assets/build/frames/unit.IR.gunship/beauty/bank_right/d07_f01.png'
04:39.327  render           | Saved: '/Users/mohammedkalouti/Documents/Codex/2026-09-27/i/work/art/aircraft-final-production-v3/stage/assets/build/frames/unit.IR.gunship/team/bank_right/d07_f01.png'
04:39.587  render           | Saved: '/var/folders/n4/43n_jxh10gg3s770b_8jbzb80000gn/T/fc-team-coverage-aypqnjr1.png'
04:40.597  render           | Saved: '/Users/mohammedkalouti/Documents/Codex/2026-09-27/i/work/art/aircraft-final-production-v3/stage/assets/build/frames/unit.IR.gunship/shadow/bank_right/d07_f01.png'
04:41.238  render           | Saved: '/Users/mohammedkalouti/Documents/Codex/2026-09-27/i/work/art/aircraft-final-production-v3/stage/assets/build/frames/unit.IR.gunship/beauty/bank_right/d07_f02.png'
04:41.740  render           | Saved: '/Users/mohammedkalouti/Documents/Codex/2026-09-27/i/work/art/aircraft-final-production-v3/stage/assets/build/frames/unit.IR.gunship/team/bank_right/d07_f02.png'
04:42.012  render           | Saved: '/var/folders/n4/43n_jxh10gg3s770b_8jbzb80000gn/T/fc-team-coverage-zs5axvlk.png'
04:42.985  render           | Saved: '/Users/mohammedkalouti/Documents/Codex/2026-09-27/i/work/art/aircraft-final-production-v3/stage/assets/build/frames/unit.IR.gunship/shadow/bank_right/d07_f02.png'
04:43.568  render           | Saved: '/Users/mohammedkalouti/Documents/Codex/2026-09-27/i/work/art/aircraft-final-production-v3/stage/assets/build/frames/unit.IR.gunship/beauty/bank_right/d08_f00.png'
04:44.071  render           | Saved: '/Users/mohammedkalouti/Documents/Codex/2026-09-27/i/work/art/aircraft-final-production-v3/stage/assets/build/frames/unit.IR.gunship/team/bank_right/d08_f00.png'
04:44.346  render           | Saved: '/var/folders/n4/43n_jxh10gg3s770b_8jbzb80000gn/T/fc-team-coverage-xdtk9nrw.png'
04:45.327  render           | Saved: '/Users/mohammedkalouti/Documents/Codex/2026-09-27/i/work/art/aircraft-final-production-v3/stage/assets/build/frames/unit.IR.gunship/shadow/bank_right/d08_f00.png'
04:45.903  render           | Saved: '/Users/mohammedkalouti/Documents/Codex/2026-09-27/i/work/art/aircraft-final-production-v3/stage/assets/build/frames/unit.IR.gunship/beauty/bank_right/d08_f01.png'
04:46.412  render           | Saved: '/Users/mohammedkalouti/Documents/Codex/2026-09-27/i/work/art/aircraft-final-production-v3/stage/assets/build/frames/unit.IR.gunship/team/bank_right/d08_f01.png'
04:46.672  render           | Saved: '/var/folders/n4/43n_jxh10gg3s770b_8jbzb80000gn/T/fc-team-coverage-vduhajse.png'
04:47.650  render           | Saved: '/Users/mohammedkalouti/Documents/Codex/2026-09-27/i/work/art/aircraft-final-production-v3/stage/assets/build/frames/unit.IR.gunship/shadow/bank_right/d08_f01.png'
04:48.244  render           | Saved: '/Users/mohammedkalouti/Documents/Codex/2026-09-27/i/work/art/aircraft-final-production-v3/stage/assets/build/frames/unit.IR.gunship/beauty/bank_right/d08_f02.png'
04:48.740  render           | Saved: '/Users/mohammedkalouti/Documents/Codex/2026-09-27/i/work/art/aircraft-final-production-v3/stage/assets/build/frames/unit.IR.gunship/team/bank_right/d08_f02.png'
04:49.012  render           | Saved: '/var/folders/n4/43n_jxh10gg3s770b_8jbzb80000gn/T/fc-team-coverage-zx722pjs.png'
04:49.995  render           | Saved: '/Users/mohammedkalouti/Documents/Codex/2026-09-27/i/work/art/aircraft-final-production-v3/stage/assets/build/frames/unit.IR.gunship/shadow/bank_right/d08_f02.png'
04:50.588  render           | Saved: '/Users/mohammedkalouti/Documents/Codex/2026-09-27/i/work/art/aircraft-final-production-v3/stage/assets/build/frames/unit.IR.gunship/beauty/bank_right/d09_f00.png'
04:51.079  render           | Saved: '/Users/mohammedkalouti/Documents/Codex/2026-09-27/i/work/art/aircraft-final-production-v3/stage/assets/build/frames/unit.IR.gunship/team/bank_right/d09_f00.png'
04:51.350  render           | Saved: '/var/folders/n4/43n_jxh10gg3s770b_8jbzb80000gn/T/fc-team-coverage-1v__c8dv.png'
04:52.326  render           | Saved: '/Users/mohammedkalouti/Documents/Codex/2026-09-27/i/work/art/aircraft-final-production-v3/stage/assets/build/frames/unit.IR.gunship/shadow/bank_right/d09_f00.png'
04:52.919  render           | Saved: '/Users/mohammedkalouti/Documents/Codex/2026-09-27/i/work/art/aircraft-final-production-v3/stage/assets/build/frames/unit.IR.gunship/beauty/bank_right/d09_f01.png'
04:53.434  render           | Saved: '/Users/mohammedkalouti/Documents/Codex/2026-09-27/i/work/art/aircraft-final-production-v3/stage/assets/build/frames/unit.IR.gunship/team/bank_right/d09_f01.png'
04:53.705  render           | Saved: '/var/folders/n4/43n_jxh10gg3s770b_8jbzb80000gn/T/fc-team-coverage-8gl3ji51.png'
04:54.689  render           | Saved: '/Users/mohammedkalouti/Documents/Codex/2026-09-27/i/work/art/aircraft-final-production-v3/stage/assets/build/frames/unit.IR.gunship/shadow/bank_right/d09_f01.png'
04:55.271  render           | Saved: '/Users/mohammedkalouti/Documents/Codex/2026-09-27/i/work/art/aircraft-final-production-v3/stage/assets/build/frames/unit.IR.gunship/beauty/bank_right/d09_f02.png'
04:55.777  render           | Saved: '/Users/mohammedkalouti/Documents/Codex/2026-09-27/i/work/art/aircraft-final-production-v3/stage/assets/build/frames/unit.IR.gunship/team/bank_right/d09_f02.png'
04:56.048  render           | Saved: '/var/folders/n4/43n_jxh10gg3s770b_8jbzb80000gn/T/fc-team-coverage-_qh96ysf.png'
04:57.033  render           | Saved: '/Users/mohammedkalouti/Documents/Codex/2026-09-27/i/work/art/aircraft-final-production-v3/stage/assets/build/frames/unit.IR.gunship/shadow/bank_right/d09_f02.png'
04:57.632  render           | Saved: '/Users/mohammedkalouti/Documents/Codex/2026-09-27/i/work/art/aircraft-final-production-v3/stage/assets/build/frames/unit.IR.gunship/beauty/bank_right/d10_f00.png'
04:58.144  render           | Saved: '/Users/mohammedkalouti/Documents/Codex/2026-09-27/i/work/art/aircraft-final-production-v3/stage/assets/build/frames/unit.IR.gunship/team/bank_right/d10_f00.png'
04:58.413  render           | Saved: '/var/folders/n4/43n_jxh10gg3s770b_8jbzb80000gn/T/fc-team-coverage-1d3qthuu.png'
04:59.493  render           | Saved: '/Users/mohammedkalouti/Documents/Codex/2026-09-27/i/work/art/aircraft-final-production-v3/stage/assets/build/frames/unit.IR.gunship/shadow/bank_right/d10_f00.png'
05:00.167  render           | Saved: '/Users/mohammedkalouti/Documents/Codex/2026-09-27/i/work/art/aircraft-final-production-v3/stage/assets/build/frames/unit.IR.gunship/beauty/bank_right/d10_f01.png'
05:00.735  render           | Saved: '/Users/mohammedkalouti/Documents/Codex/2026-09-27/i/work/art/aircraft-final-production-v3/stage/assets/build/frames/unit.IR.gunship/team/bank_right/d10_f01.png'
05:01.022  render           | Saved: '/var/folders/n4/43n_jxh10gg3s770b_8jbzb80000gn/T/fc-team-coverage-1pc9_fno.png'
05:02.099  render           | Saved: '/Users/mohammedkalouti/Documents/Codex/2026-09-27/i/work/art/aircraft-final-production-v3/stage/assets/build/frames/unit.IR.gunship/shadow/bank_right/d10_f01.png'
05:02.709  render           | Saved: '/Users/mohammedkalouti/Documents/Codex/2026-09-27/i/work/art/aircraft-final-production-v3/stage/assets/build/frames/unit.IR.gunship/beauty/bank_right/d10_f02.png'
05:03.210  render           | Saved: '/Users/mohammedkalouti/Documents/Codex/2026-09-27/i/work/art/aircraft-final-production-v3/stage/assets/build/frames/unit.IR.gunship/team/bank_right/d10_f02.png'
05:03.482  render           | Saved: '/var/folders/n4/43n_jxh10gg3s770b_8jbzb80000gn/T/fc-team-coverage-kjgx66hb.png'
05:04.501  render           | Saved: '/Users/mohammedkalouti/Documents/Codex/2026-09-27/i/work/art/aircraft-final-production-v3/stage/assets/build/frames/unit.IR.gunship/shadow/bank_right/d10_f02.png'
05:05.094  render           | Saved: '/Users/mohammedkalouti/Documents/Codex/2026-09-27/i/work/art/aircraft-final-production-v3/stage/assets/build/frames/unit.IR.gunship/beauty/bank_right/d11_f00.png'
05:05.610  render           | Saved: '/Users/mohammedkalouti/Documents/Codex/2026-09-27/i/work/art/aircraft-final-production-v3/stage/assets/build/frames/unit.IR.gunship/team/bank_right/d11_f00.png'
05:05.882  render           | Saved: '/var/folders/n4/43n_jxh10gg3s770b_8jbzb80000gn/T/fc-team-coverage-ffgg1g23.png'
05:06.881  render           | Saved: '/Users/mohammedkalouti/Documents/Codex/2026-09-27/i/work/art/aircraft-final-production-v3/stage/assets/build/frames/unit.IR.gunship/shadow/bank_right/d11_f00.png'
05:07.488  render           | Saved: '/Users/mohammedkalouti/Documents/Codex/2026-09-27/i/work/art/aircraft-final-production-v3/stage/assets/build/frames/unit.IR.gunship/beauty/bank_right/d11_f01.png'
05:08.013  render           | Saved: '/Users/mohammedkalouti/Documents/Codex/2026-09-27/i/work/art/aircraft-final-production-v3/stage/assets/build/frames/unit.IR.gunship/team/bank_right/d11_f01.png'
05:08.283  render           | Saved: '/var/folders/n4/43n_jxh10gg3s770b_8jbzb80000gn/T/fc-team-coverage-fxq7h9u1.png'
05:09.296  render           | Saved: '/Users/mohammedkalouti/Documents/Codex/2026-09-27/i/work/art/aircraft-final-production-v3/stage/assets/build/frames/unit.IR.gunship/shadow/bank_right/d11_f01.png'
05:09.897  render           | Saved: '/Users/mohammedkalouti/Documents/Codex/2026-09-27/i/work/art/aircraft-final-production-v3/stage/assets/build/frames/unit.IR.gunship/beauty/bank_right/d11_f02.png'
05:10.408  render           | Saved: '/Users/mohammedkalouti/Documents/Codex/2026-09-27/i/work/art/aircraft-final-production-v3/stage/assets/build/frames/unit.IR.gunship/team/bank_right/d11_f02.png'
05:10.668  render           | Saved: '/var/folders/n4/43n_jxh10gg3s770b_8jbzb80000gn/T/fc-team-coverage-s8xxg9tp.png'
05:11.663  render           | Saved: '/Users/mohammedkalouti/Documents/Codex/2026-09-27/i/work/art/aircraft-final-production-v3/stage/assets/build/frames/unit.IR.gunship/shadow/bank_right/d11_f02.png'
05:12.269  render           | Saved: '/Users/mohammedkalouti/Documents/Codex/2026-09-27/i/work/art/aircraft-final-production-v3/stage/assets/build/frames/unit.IR.gunship/beauty/bank_right/d12_f00.png'
05:12.771  render           | Saved: '/Users/mohammedkalouti/Documents/Codex/2026-09-27/i/work/art/aircraft-final-production-v3/stage/assets/build/frames/unit.IR.gunship/team/bank_right/d12_f00.png'
05:13.037  render           | Saved: '/var/folders/n4/43n_jxh10gg3s770b_8jbzb80000gn/T/fc-team-coverage-s_1e0k3x.png'
05:14.044  render           | Saved: '/Users/mohammedkalouti/Documents/Codex/2026-09-27/i/work/art/aircraft-final-production-v3/stage/assets/build/frames/unit.IR.gunship/shadow/bank_right/d12_f00.png'
05:14.656  render           | Saved: '/Users/mohammedkalouti/Documents/Codex/2026-09-27/i/work/art/aircraft-final-production-v3/stage/assets/build/frames/unit.IR.gunship/beauty/bank_right/d12_f01.png'
05:15.162  render           | Saved: '/Users/mohammedkalouti/Documents/Codex/2026-09-27/i/work/art/aircraft-final-production-v3/stage/assets/build/frames/unit.IR.gunship/team/bank_right/d12_f01.png'
05:15.433  render           | Saved: '/var/folders/n4/43n_jxh10gg3s770b_8jbzb80000gn/T/fc-team-coverage-4e33219t.png'
05:16.428  render           | Saved: '/Users/mohammedkalouti/Documents/Codex/2026-09-27/i/work/art/aircraft-final-production-v3/stage/assets/build/frames/unit.IR.gunship/shadow/bank_right/d12_f01.png'
05:17.031  render           | Saved: '/Users/mohammedkalouti/Documents/Codex/2026-09-27/i/work/art/aircraft-final-production-v3/stage/assets/build/frames/unit.IR.gunship/beauty/bank_right/d12_f02.png'
05:17.533  render           | Saved: '/Users/mohammedkalouti/Documents/Codex/2026-09-27/i/work/art/aircraft-final-production-v3/stage/assets/build/frames/unit.IR.gunship/team/bank_right/d12_f02.png'
05:17.803  render           | Saved: '/var/folders/n4/43n_jxh10gg3s770b_8jbzb80000gn/T/fc-team-coverage-yge4taf9.png'
05:18.793  render           | Saved: '/Users/mohammedkalouti/Documents/Codex/2026-09-27/i/work/art/aircraft-final-production-v3/stage/assets/build/frames/unit.IR.gunship/shadow/bank_right/d12_f02.png'
05:19.400  render           | Saved: '/Users/mohammedkalouti/Documents/Codex/2026-09-27/i/work/art/aircraft-final-production-v3/stage/assets/build/frames/unit.IR.gunship/beauty/bank_right/d13_f00.png'
05:19.902  render           | Saved: '/Users/mohammedkalouti/Documents/Codex/2026-09-27/i/work/art/aircraft-final-production-v3/stage/assets/build/frames/unit.IR.gunship/team/bank_right/d13_f00.png'
05:20.172  render           | Saved: '/var/folders/n4/43n_jxh10gg3s770b_8jbzb80000gn/T/fc-team-coverage-ph0_1662.png'
05:21.159  render           | Saved: '/Users/mohammedkalouti/Documents/Codex/2026-09-27/i/work/art/aircraft-final-production-v3/stage/assets/build/frames/unit.IR.gunship/shadow/bank_right/d13_f00.png'
05:21.769  render           | Saved: '/Users/mohammedkalouti/Documents/Codex/2026-09-27/i/work/art/aircraft-final-production-v3/stage/assets/build/frames/unit.IR.gunship/beauty/bank_right/d13_f01.png'
05:22.285  render           | Saved: '/Users/mohammedkalouti/Documents/Codex/2026-09-27/i/work/art/aircraft-final-production-v3/stage/assets/build/frames/unit.IR.gunship/team/bank_right/d13_f01.png'
05:22.555  render           | Saved: '/var/folders/n4/43n_jxh10gg3s770b_8jbzb80000gn/T/fc-team-coverage-wa3pts73.png'
05:23.556  render           | Saved: '/Users/mohammedkalouti/Documents/Codex/2026-09-27/i/work/art/aircraft-final-production-v3/stage/assets/build/frames/unit.IR.gunship/shadow/bank_right/d13_f01.png'
05:24.157  render           | Saved: '/Users/mohammedkalouti/Documents/Codex/2026-09-27/i/work/art/aircraft-final-production-v3/stage/assets/build/frames/unit.IR.gunship/beauty/bank_right/d13_f02.png'
05:24.676  render           | Saved: '/Users/mohammedkalouti/Documents/Codex/2026-09-27/i/work/art/aircraft-final-production-v3/stage/assets/build/frames/unit.IR.gunship/team/bank_right/d13_f02.png'
05:24.955  render           | Saved: '/var/folders/n4/43n_jxh10gg3s770b_8jbzb80000gn/T/fc-team-coverage-1gyt81zc.png'
05:26.013  render           | Saved: '/Users/mohammedkalouti/Documents/Codex/2026-09-27/i/work/art/aircraft-final-production-v3/stage/assets/build/frames/unit.IR.gunship/shadow/bank_right/d13_f02.png'
05:26.651  render           | Saved: '/Users/mohammedkalouti/Documents/Codex/2026-09-27/i/work/art/aircraft-final-production-v3/stage/assets/build/frames/unit.IR.gunship/beauty/bank_right/d14_f00.png'
05:27.157  render           | Saved: '/Users/mohammedkalouti/Documents/Codex/2026-09-27/i/work/art/aircraft-final-production-v3/stage/assets/build/frames/unit.IR.gunship/team/bank_right/d14_f00.png'
05:27.426  render           | Saved: '/var/folders/n4/43n_jxh10gg3s770b_8jbzb80000gn/T/fc-team-coverage-_f4pucct.png'
05:28.440  render           | Saved: '/Users/mohammedkalouti/Documents/Codex/2026-09-27/i/work/art/aircraft-final-production-v3/stage/assets/build/frames/unit.IR.gunship/shadow/bank_right/d14_f00.png'
05:29.039  render           | Saved: '/Users/mohammedkalouti/Documents/Codex/2026-09-27/i/work/art/aircraft-final-production-v3/stage/assets/build/frames/unit.IR.gunship/beauty/bank_right/d14_f01.png'
05:29.549  render           | Saved: '/Users/mohammedkalouti/Documents/Codex/2026-09-27/i/work/art/aircraft-final-production-v3/stage/assets/build/frames/unit.IR.gunship/team/bank_right/d14_f01.png'
05:29.821  render           | Saved: '/var/folders/n4/43n_jxh10gg3s770b_8jbzb80000gn/T/fc-team-coverage-xym64dfg.png'
05:30.973  render           | Saved: '/Users/mohammedkalouti/Documents/Codex/2026-09-27/i/work/art/aircraft-final-production-v3/stage/assets/build/frames/unit.IR.gunship/shadow/bank_right/d14_f01.png'
05:31.612  render           | Saved: '/Users/mohammedkalouti/Documents/Codex/2026-09-27/i/work/art/aircraft-final-production-v3/stage/assets/build/frames/unit.IR.gunship/beauty/bank_right/d14_f02.png'
05:32.121  render           | Saved: '/Users/mohammedkalouti/Documents/Codex/2026-09-27/i/work/art/aircraft-final-production-v3/stage/assets/build/frames/unit.IR.gunship/team/bank_right/d14_f02.png'
05:32.386  render           | Saved: '/var/folders/n4/43n_jxh10gg3s770b_8jbzb80000gn/T/fc-team-coverage-2f3fgmgv.png'
05:33.381  render           | Saved: '/Users/mohammedkalouti/Documents/Codex/2026-09-27/i/work/art/aircraft-final-production-v3/stage/assets/build/frames/unit.IR.gunship/shadow/bank_right/d14_f02.png'
05:33.990  render           | Saved: '/Users/mohammedkalouti/Documents/Codex/2026-09-27/i/work/art/aircraft-final-production-v3/stage/assets/build/frames/unit.IR.gunship/beauty/bank_right/d15_f00.png'
05:34.513  render           | Saved: '/Users/mohammedkalouti/Documents/Codex/2026-09-27/i/work/art/aircraft-final-production-v3/stage/assets/build/frames/unit.IR.gunship/team/bank_right/d15_f00.png'
05:34.789  render           | Saved: '/var/folders/n4/43n_jxh10gg3s770b_8jbzb80000gn/T/fc-team-coverage-xthm3eqm.png'
05:35.855  render           | Saved: '/Users/mohammedkalouti/Documents/Codex/2026-09-27/i/work/art/aircraft-final-production-v3/stage/assets/build/frames/unit.IR.gunship/shadow/bank_right/d15_f00.png'
05:36.477  render           | Saved: '/Users/mohammedkalouti/Documents/Codex/2026-09-27/i/work/art/aircraft-final-production-v3/stage/assets/build/frames/unit.IR.gunship/beauty/bank_right/d15_f01.png'
05:36.975  render           | Saved: '/Users/mohammedkalouti/Documents/Codex/2026-09-27/i/work/art/aircraft-final-production-v3/stage/assets/build/frames/unit.IR.gunship/team/bank_right/d15_f01.png'
05:37.250  render           | Saved: '/var/folders/n4/43n_jxh10gg3s770b_8jbzb80000gn/T/fc-team-coverage-7mlmrcmp.png'
05:38.341  render           | Saved: '/Users/mohammedkalouti/Documents/Codex/2026-09-27/i/work/art/aircraft-final-production-v3/stage/assets/build/frames/unit.IR.gunship/shadow/bank_right/d15_f01.png'
05:39.009  render           | Saved: '/Users/mohammedkalouti/Documents/Codex/2026-09-27/i/work/art/aircraft-final-production-v3/stage/assets/build/frames/unit.IR.gunship/beauty/bank_right/d15_f02.png'
05:39.557  render           | Saved: '/Users/mohammedkalouti/Documents/Codex/2026-09-27/i/work/art/aircraft-final-production-v3/stage/assets/build/frames/unit.IR.gunship/team/bank_right/d15_f02.png'
05:39.849  render           | Saved: '/var/folders/n4/43n_jxh10gg3s770b_8jbzb80000gn/T/fc-team-coverage-hrcur02x.png'
05:41.017  render           | Saved: '/Users/mohammedkalouti/Documents/Codex/2026-09-27/i/work/art/aircraft-final-production-v3/stage/assets/build/frames/unit.IR.gunship/shadow/bank_right/d15_f02.png'
05:41.714  render           | Saved: '/Users/mohammedkalouti/Documents/Codex/2026-09-27/i/work/art/aircraft-final-production-v3/stage/assets/build/frames/unit.IR.gunship/beauty/parked/d00_f00.png'
05:42.255  render           | Saved: '/Users/mohammedkalouti/Documents/Codex/2026-09-27/i/work/art/aircraft-final-production-v3/stage/assets/build/frames/unit.IR.gunship/team/parked/d00_f00.png'
05:43.257  render           | Saved: '/Users/mohammedkalouti/Documents/Codex/2026-09-27/i/work/art/aircraft-final-production-v3/stage/assets/build/frames/unit.IR.gunship/shadow/parked/d00_f00.png'
05:43.857  render           | Saved: '/Users/mohammedkalouti/Documents/Codex/2026-09-27/i/work/art/aircraft-final-production-v3/stage/assets/build/frames/unit.IR.gunship/beauty/parked/d01_f00.png'
05:44.378  render           | Saved: '/Users/mohammedkalouti/Documents/Codex/2026-09-27/i/work/art/aircraft-final-production-v3/stage/assets/build/frames/unit.IR.gunship/team/parked/d01_f00.png'
05:45.334  render           | Saved: '/Users/mohammedkalouti/Documents/Codex/2026-09-27/i/work/art/aircraft-final-production-v3/stage/assets/build/frames/unit.IR.gunship/shadow/parked/d01_f00.png'
05:45.924  render           | Saved: '/Users/mohammedkalouti/Documents/Codex/2026-09-27/i/work/art/aircraft-final-production-v3/stage/assets/build/frames/unit.IR.gunship/beauty/parked/d02_f00.png'
05:46.440  render           | Saved: '/Users/mohammedkalouti/Documents/Codex/2026-09-27/i/work/art/aircraft-final-production-v3/stage/assets/build/frames/unit.IR.gunship/team/parked/d02_f00.png'
05:47.375  render           | Saved: '/Users/mohammedkalouti/Documents/Codex/2026-09-27/i/work/art/aircraft-final-production-v3/stage/assets/build/frames/unit.IR.gunship/shadow/parked/d02_f00.png'
05:47.968  render           | Saved: '/Users/mohammedkalouti/Documents/Codex/2026-09-27/i/work/art/aircraft-final-production-v3/stage/assets/build/frames/unit.IR.gunship/beauty/parked/d04_f00.png'
05:48.482  render           | Saved: '/Users/mohammedkalouti/Documents/Codex/2026-09-27/i/work/art/aircraft-final-production-v3/stage/assets/build/frames/unit.IR.gunship/team/parked/d04_f00.png'
05:49.433  render           | Saved: '/Users/mohammedkalouti/Documents/Codex/2026-09-27/i/work/art/aircraft-final-production-v3/stage/assets/build/frames/unit.IR.gunship/shadow/parked/d04_f00.png'
05:50.029  render           | Saved: '/Users/mohammedkalouti/Documents/Codex/2026-09-27/i/work/art/aircraft-final-production-v3/stage/assets/build/frames/unit.IR.gunship/beauty/parked/d05_f00.png'
05:50.549  render           | Saved: '/Users/mohammedkalouti/Documents/Codex/2026-09-27/i/work/art/aircraft-final-production-v3/stage/assets/build/frames/unit.IR.gunship/team/parked/d05_f00.png'
05:51.501  render           | Saved: '/Users/mohammedkalouti/Documents/Codex/2026-09-27/i/work/art/aircraft-final-production-v3/stage/assets/build/frames/unit.IR.gunship/shadow/parked/d05_f00.png'
05:52.084  render           | Saved: '/Users/mohammedkalouti/Documents/Codex/2026-09-27/i/work/art/aircraft-final-production-v3/stage/assets/build/frames/unit.IR.gunship/beauty/parked/d06_f00.png'
05:52.598  render           | Saved: '/Users/mohammedkalouti/Documents/Codex/2026-09-27/i/work/art/aircraft-final-production-v3/stage/assets/build/frames/unit.IR.gunship/team/parked/d06_f00.png'
05:53.525  render           | Saved: '/Users/mohammedkalouti/Documents/Codex/2026-09-27/i/work/art/aircraft-final-production-v3/stage/assets/build/frames/unit.IR.gunship/shadow/parked/d06_f00.png'
05:54.095  render           | Saved: '/Users/mohammedkalouti/Documents/Codex/2026-09-27/i/work/art/aircraft-final-production-v3/stage/assets/build/frames/unit.IR.gunship/beauty/parked/d08_f00.png'
05:54.609  render           | Saved: '/Users/mohammedkalouti/Documents/Codex/2026-09-27/i/work/art/aircraft-final-production-v3/stage/assets/build/frames/unit.IR.gunship/team/parked/d08_f00.png'
05:55.534  render           | Saved: '/Users/mohammedkalouti/Documents/Codex/2026-09-27/i/work/art/aircraft-final-production-v3/stage/assets/build/frames/unit.IR.gunship/shadow/parked/d08_f00.png'
05:56.103  render           | Saved: '/Users/mohammedkalouti/Documents/Codex/2026-09-27/i/work/art/aircraft-final-production-v3/stage/assets/build/frames/unit.IR.gunship/beauty/parked/d09_f00.png'
05:56.606  render           | Saved: '/Users/mohammedkalouti/Documents/Codex/2026-09-27/i/work/art/aircraft-final-production-v3/stage/assets/build/frames/unit.IR.gunship/team/parked/d09_f00.png'
05:57.542  render           | Saved: '/Users/mohammedkalouti/Documents/Codex/2026-09-27/i/work/art/aircraft-final-production-v3/stage/assets/build/frames/unit.IR.gunship/shadow/parked/d09_f00.png'
05:58.116  render           | Saved: '/Users/mohammedkalouti/Documents/Codex/2026-09-27/i/work/art/aircraft-final-production-v3/stage/assets/build/frames/unit.IR.gunship/beauty/parked/d10_f00.png'
05:58.618  render           | Saved: '/Users/mohammedkalouti/Documents/Codex/2026-09-27/i/work/art/aircraft-final-production-v3/stage/assets/build/frames/unit.IR.gunship/team/parked/d10_f00.png'
05:59.563  render           | Saved: '/Users/mohammedkalouti/Documents/Codex/2026-09-27/i/work/art/aircraft-final-production-v3/stage/assets/build/frames/unit.IR.gunship/shadow/parked/d10_f00.png'
06:00.180  render           | Saved: '/Users/mohammedkalouti/Documents/Codex/2026-09-27/i/work/art/aircraft-final-production-v3/stage/assets/build/frames/unit.IR.gunship/beauty/parked/d12_f00.png'
06:00.694  render           | Saved: '/Users/mohammedkalouti/Documents/Codex/2026-09-27/i/work/art/aircraft-final-production-v3/stage/assets/build/frames/unit.IR.gunship/team/parked/d12_f00.png'
06:01.678  render           | Saved: '/Users/mohammedkalouti/Documents/Codex/2026-09-27/i/work/art/aircraft-final-production-v3/stage/assets/build/frames/unit.IR.gunship/shadow/parked/d12_f00.png'
06:02.275  render           | Saved: '/Users/mohammedkalouti/Documents/Codex/2026-09-27/i/work/art/aircraft-final-production-v3/stage/assets/build/frames/unit.IR.gunship/beauty/parked/d13_f00.png'
06:02.791  render           | Saved: '/Users/mohammedkalouti/Documents/Codex/2026-09-27/i/work/art/aircraft-final-production-v3/stage/assets/build/frames/unit.IR.gunship/team/parked/d13_f00.png'
06:03.789  render           | Saved: '/Users/mohammedkalouti/Documents/Codex/2026-09-27/i/work/art/aircraft-final-production-v3/stage/assets/build/frames/unit.IR.gunship/shadow/parked/d13_f00.png'
06:04.381  render           | Saved: '/Users/mohammedkalouti/Documents/Codex/2026-09-27/i/work/art/aircraft-final-production-v3/stage/assets/build/frames/unit.IR.gunship/beauty/parked/d14_f00.png'
06:04.884  render           | Saved: '/Users/mohammedkalouti/Documents/Codex/2026-09-27/i/work/art/aircraft-final-production-v3/stage/assets/build/frames/unit.IR.gunship/team/parked/d14_f00.png'
06:05.837  render           | Saved: '/Users/mohammedkalouti/Documents/Codex/2026-09-27/i/work/art/aircraft-final-production-v3/stage/assets/build/frames/unit.IR.gunship/shadow/parked/d14_f00.png'
06:06.569  render           | Saved: '/Users/mohammedkalouti/Documents/Codex/2026-09-27/i/work/art/aircraft-final-production-v3/stage/assets/build/frames/unit.IR.gunship/beauty/launch/d00_f00.png'
06:07.153  render           | Saved: '/Users/mohammedkalouti/Documents/Codex/2026-09-27/i/work/art/aircraft-final-production-v3/stage/assets/build/frames/unit.IR.gunship/team/launch/d00_f00.png'
06:07.422  render           | Saved: '/var/folders/n4/43n_jxh10gg3s770b_8jbzb80000gn/T/fc-team-coverage-2juahmta.png'
06:08.485  render           | Saved: '/Users/mohammedkalouti/Documents/Codex/2026-09-27/i/work/art/aircraft-final-production-v3/stage/assets/build/frames/unit.IR.gunship/shadow/launch/d00_f00.png'
06:09.107  render           | Saved: '/Users/mohammedkalouti/Documents/Codex/2026-09-27/i/work/art/aircraft-final-production-v3/stage/assets/build/frames/unit.IR.gunship/beauty/launch/d00_f01.png'
06:09.626  render           | Saved: '/Users/mohammedkalouti/Documents/Codex/2026-09-27/i/work/art/aircraft-final-production-v3/stage/assets/build/frames/unit.IR.gunship/team/launch/d00_f01.png'
06:09.900  render           | Saved: '/var/folders/n4/43n_jxh10gg3s770b_8jbzb80000gn/T/fc-team-coverage-hc7y3fx3.png'
06:10.874  render           | Saved: '/Users/mohammedkalouti/Documents/Codex/2026-09-27/i/work/art/aircraft-final-production-v3/stage/assets/build/frames/unit.IR.gunship/shadow/launch/d00_f01.png'
06:11.470  render           | Saved: '/Users/mohammedkalouti/Documents/Codex/2026-09-27/i/work/art/aircraft-final-production-v3/stage/assets/build/frames/unit.IR.gunship/beauty/launch/d00_f02.png'
06:11.974  render           | Saved: '/Users/mohammedkalouti/Documents/Codex/2026-09-27/i/work/art/aircraft-final-production-v3/stage/assets/build/frames/unit.IR.gunship/team/launch/d00_f02.png'
06:12.250  render           | Saved: '/var/folders/n4/43n_jxh10gg3s770b_8jbzb80000gn/T/fc-team-coverage-lgn_u3s9.png'
06:13.266  render           | Saved: '/Users/mohammedkalouti/Documents/Codex/2026-09-27/i/work/art/aircraft-final-production-v3/stage/assets/build/frames/unit.IR.gunship/shadow/launch/d00_f02.png'
06:13.873  render           | Saved: '/Users/mohammedkalouti/Documents/Codex/2026-09-27/i/work/art/aircraft-final-production-v3/stage/assets/build/frames/unit.IR.gunship/beauty/launch/d00_f03.png'
06:14.380  render           | Saved: '/Users/mohammedkalouti/Documents/Codex/2026-09-27/i/work/art/aircraft-final-production-v3/stage/assets/build/frames/unit.IR.gunship/team/launch/d00_f03.png'
06:14.646  render           | Saved: '/var/folders/n4/43n_jxh10gg3s770b_8jbzb80000gn/T/fc-team-coverage-cb45w6py.png'
06:15.652  render           | Saved: '/Users/mohammedkalouti/Documents/Codex/2026-09-27/i/work/art/aircraft-final-production-v3/stage/assets/build/frames/unit.IR.gunship/shadow/launch/d00_f03.png'
06:16.241  render           | Saved: '/Users/mohammedkalouti/Documents/Codex/2026-09-27/i/work/art/aircraft-final-production-v3/stage/assets/build/frames/unit.IR.gunship/beauty/launch/d01_f00.png'
06:16.746  render           | Saved: '/Users/mohammedkalouti/Documents/Codex/2026-09-27/i/work/art/aircraft-final-production-v3/stage/assets/build/frames/unit.IR.gunship/team/launch/d01_f00.png'
06:17.020  render           | Saved: '/var/folders/n4/43n_jxh10gg3s770b_8jbzb80000gn/T/fc-team-coverage-olmbtikf.png'
06:18.010  render           | Saved: '/Users/mohammedkalouti/Documents/Codex/2026-09-27/i/work/art/aircraft-final-production-v3/stage/assets/build/frames/unit.IR.gunship/shadow/launch/d01_f00.png'
06:18.607  render           | Saved: '/Users/mohammedkalouti/Documents/Codex/2026-09-27/i/work/art/aircraft-final-production-v3/stage/assets/build/frames/unit.IR.gunship/beauty/launch/d01_f01.png'
06:19.115  render           | Saved: '/Users/mohammedkalouti/Documents/Codex/2026-09-27/i/work/art/aircraft-final-production-v3/stage/assets/build/frames/unit.IR.gunship/team/launch/d01_f01.png'
06:19.381  render           | Saved: '/var/folders/n4/43n_jxh10gg3s770b_8jbzb80000gn/T/fc-team-coverage-2mepdwpr.png'
06:20.419  render           | Saved: '/Users/mohammedkalouti/Documents/Codex/2026-09-27/i/work/art/aircraft-final-production-v3/stage/assets/build/frames/unit.IR.gunship/shadow/launch/d01_f01.png'
06:21.017  render           | Saved: '/Users/mohammedkalouti/Documents/Codex/2026-09-27/i/work/art/aircraft-final-production-v3/stage/assets/build/frames/unit.IR.gunship/beauty/launch/d01_f02.png'
06:21.529  render           | Saved: '/Users/mohammedkalouti/Documents/Codex/2026-09-27/i/work/art/aircraft-final-production-v3/stage/assets/build/frames/unit.IR.gunship/team/launch/d01_f02.png'
06:21.806  render           | Saved: '/var/folders/n4/43n_jxh10gg3s770b_8jbzb80000gn/T/fc-team-coverage-a7kh2k5h.png'
06:22.793  render           | Saved: '/Users/mohammedkalouti/Documents/Codex/2026-09-27/i/work/art/aircraft-final-production-v3/stage/assets/build/frames/unit.IR.gunship/shadow/launch/d01_f02.png'
06:23.395  render           | Saved: '/Users/mohammedkalouti/Documents/Codex/2026-09-27/i/work/art/aircraft-final-production-v3/stage/assets/build/frames/unit.IR.gunship/beauty/launch/d01_f03.png'
06:23.916  render           | Saved: '/Users/mohammedkalouti/Documents/Codex/2026-09-27/i/work/art/aircraft-final-production-v3/stage/assets/build/frames/unit.IR.gunship/team/launch/d01_f03.png'
06:24.205  render           | Saved: '/var/folders/n4/43n_jxh10gg3s770b_8jbzb80000gn/T/fc-team-coverage-b4eln074.png'
06:25.214  render           | Saved: '/Users/mohammedkalouti/Documents/Codex/2026-09-27/i/work/art/aircraft-final-production-v3/stage/assets/build/frames/unit.IR.gunship/shadow/launch/d01_f03.png'
06:25.858  render           | Saved: '/Users/mohammedkalouti/Documents/Codex/2026-09-27/i/work/art/aircraft-final-production-v3/stage/assets/build/frames/unit.IR.gunship/beauty/launch/d02_f00.png'
06:26.393  render           | Saved: '/Users/mohammedkalouti/Documents/Codex/2026-09-27/i/work/art/aircraft-final-production-v3/stage/assets/build/frames/unit.IR.gunship/team/launch/d02_f00.png'
06:26.670  render           | Saved: '/var/folders/n4/43n_jxh10gg3s770b_8jbzb80000gn/T/fc-team-coverage-nak3ojs8.png'
06:27.747  render           | Saved: '/Users/mohammedkalouti/Documents/Codex/2026-09-27/i/work/art/aircraft-final-production-v3/stage/assets/build/frames/unit.IR.gunship/shadow/launch/d02_f00.png'
06:28.420  render           | Saved: '/Users/mohammedkalouti/Documents/Codex/2026-09-27/i/work/art/aircraft-final-production-v3/stage/assets/build/frames/unit.IR.gunship/beauty/launch/d02_f01.png'
06:28.976  render           | Saved: '/Users/mohammedkalouti/Documents/Codex/2026-09-27/i/work/art/aircraft-final-production-v3/stage/assets/build/frames/unit.IR.gunship/team/launch/d02_f01.png'
06:29.283  render           | Saved: '/var/folders/n4/43n_jxh10gg3s770b_8jbzb80000gn/T/fc-team-coverage-s1eeysox.png'
06:30.434  render           | Saved: '/Users/mohammedkalouti/Documents/Codex/2026-09-27/i/work/art/aircraft-final-production-v3/stage/assets/build/frames/unit.IR.gunship/shadow/launch/d02_f01.png'
06:31.116  render           | Saved: '/Users/mohammedkalouti/Documents/Codex/2026-09-27/i/work/art/aircraft-final-production-v3/stage/assets/build/frames/unit.IR.gunship/beauty/launch/d02_f02.png'
06:31.663  render           | Saved: '/Users/mohammedkalouti/Documents/Codex/2026-09-27/i/work/art/aircraft-final-production-v3/stage/assets/build/frames/unit.IR.gunship/team/launch/d02_f02.png'
06:31.938  render           | Saved: '/var/folders/n4/43n_jxh10gg3s770b_8jbzb80000gn/T/fc-team-coverage-wuvncmfv.png'
06:32.963  render           | Saved: '/Users/mohammedkalouti/Documents/Codex/2026-09-27/i/work/art/aircraft-final-production-v3/stage/assets/build/frames/unit.IR.gunship/shadow/launch/d02_f02.png'
06:33.571  render           | Saved: '/Users/mohammedkalouti/Documents/Codex/2026-09-27/i/work/art/aircraft-final-production-v3/stage/assets/build/frames/unit.IR.gunship/beauty/launch/d02_f03.png'
06:34.081  render           | Saved: '/Users/mohammedkalouti/Documents/Codex/2026-09-27/i/work/art/aircraft-final-production-v3/stage/assets/build/frames/unit.IR.gunship/team/launch/d02_f03.png'
06:34.355  render           | Saved: '/var/folders/n4/43n_jxh10gg3s770b_8jbzb80000gn/T/fc-team-coverage-vlxmfswp.png'
06:35.382  render           | Saved: '/Users/mohammedkalouti/Documents/Codex/2026-09-27/i/work/art/aircraft-final-production-v3/stage/assets/build/frames/unit.IR.gunship/shadow/launch/d02_f03.png'
06:36.012  render           | Saved: '/Users/mohammedkalouti/Documents/Codex/2026-09-27/i/work/art/aircraft-final-production-v3/stage/assets/build/frames/unit.IR.gunship/beauty/launch/d03_f00.png'
06:36.528  render           | Saved: '/Users/mohammedkalouti/Documents/Codex/2026-09-27/i/work/art/aircraft-final-production-v3/stage/assets/build/frames/unit.IR.gunship/team/launch/d03_f00.png'
06:36.799  render           | Saved: '/var/folders/n4/43n_jxh10gg3s770b_8jbzb80000gn/T/fc-team-coverage-1nblwf53.png'
06:37.797  render           | Saved: '/Users/mohammedkalouti/Documents/Codex/2026-09-27/i/work/art/aircraft-final-production-v3/stage/assets/build/frames/unit.IR.gunship/shadow/launch/d03_f00.png'
06:38.412  render           | Saved: '/Users/mohammedkalouti/Documents/Codex/2026-09-27/i/work/art/aircraft-final-production-v3/stage/assets/build/frames/unit.IR.gunship/beauty/launch/d03_f01.png'
06:38.916  render           | Saved: '/Users/mohammedkalouti/Documents/Codex/2026-09-27/i/work/art/aircraft-final-production-v3/stage/assets/build/frames/unit.IR.gunship/team/launch/d03_f01.png'
06:39.181  render           | Saved: '/var/folders/n4/43n_jxh10gg3s770b_8jbzb80000gn/T/fc-team-coverage-t3chr4b_.png'
06:40.153  render           | Saved: '/Users/mohammedkalouti/Documents/Codex/2026-09-27/i/work/art/aircraft-final-production-v3/stage/assets/build/frames/unit.IR.gunship/shadow/launch/d03_f01.png'
06:40.763  render           | Saved: '/Users/mohammedkalouti/Documents/Codex/2026-09-27/i/work/art/aircraft-final-production-v3/stage/assets/build/frames/unit.IR.gunship/beauty/launch/d03_f02.png'
06:41.368  render           | Saved: '/Users/mohammedkalouti/Documents/Codex/2026-09-27/i/work/art/aircraft-final-production-v3/stage/assets/build/frames/unit.IR.gunship/team/launch/d03_f02.png'
06:41.641  render           | Saved: '/var/folders/n4/43n_jxh10gg3s770b_8jbzb80000gn/T/fc-team-coverage-lgko6m4s.png'
06:42.664  render           | Saved: '/Users/mohammedkalouti/Documents/Codex/2026-09-27/i/work/art/aircraft-final-production-v3/stage/assets/build/frames/unit.IR.gunship/shadow/launch/d03_f02.png'
06:43.269  render           | Saved: '/Users/mohammedkalouti/Documents/Codex/2026-09-27/i/work/art/aircraft-final-production-v3/stage/assets/build/frames/unit.IR.gunship/beauty/launch/d03_f03.png'
06:43.789  render           | Saved: '/Users/mohammedkalouti/Documents/Codex/2026-09-27/i/work/art/aircraft-final-production-v3/stage/assets/build/frames/unit.IR.gunship/team/launch/d03_f03.png'
06:44.050  render           | Saved: '/var/folders/n4/43n_jxh10gg3s770b_8jbzb80000gn/T/fc-team-coverage-_od5zpa4.png'
06:45.033  render           | Saved: '/Users/mohammedkalouti/Documents/Codex/2026-09-27/i/work/art/aircraft-final-production-v3/stage/assets/build/frames/unit.IR.gunship/shadow/launch/d03_f03.png'
06:45.634  render           | Saved: '/Users/mohammedkalouti/Documents/Codex/2026-09-27/i/work/art/aircraft-final-production-v3/stage/assets/build/frames/unit.IR.gunship/beauty/launch/d04_f00.png'
06:46.137  render           | Saved: '/Users/mohammedkalouti/Documents/Codex/2026-09-27/i/work/art/aircraft-final-production-v3/stage/assets/build/frames/unit.IR.gunship/team/launch/d04_f00.png'
06:46.402  render           | Saved: '/var/folders/n4/43n_jxh10gg3s770b_8jbzb80000gn/T/fc-team-coverage-un_ec9m0.png'
06:47.381  render           | Saved: '/Users/mohammedkalouti/Documents/Codex/2026-09-27/i/work/art/aircraft-final-production-v3/stage/assets/build/frames/unit.IR.gunship/shadow/launch/d04_f00.png'
06:47.969  render           | Saved: '/Users/mohammedkalouti/Documents/Codex/2026-09-27/i/work/art/aircraft-final-production-v3/stage/assets/build/frames/unit.IR.gunship/beauty/launch/d04_f01.png'
06:48.470  render           | Saved: '/Users/mohammedkalouti/Documents/Codex/2026-09-27/i/work/art/aircraft-final-production-v3/stage/assets/build/frames/unit.IR.gunship/team/launch/d04_f01.png'
06:48.736  render           | Saved: '/var/folders/n4/43n_jxh10gg3s770b_8jbzb80000gn/T/fc-team-coverage-ip4xpj7l.png'
06:49.746  render           | Saved: '/Users/mohammedkalouti/Documents/Codex/2026-09-27/i/work/art/aircraft-final-production-v3/stage/assets/build/frames/unit.IR.gunship/shadow/launch/d04_f01.png'
06:50.391  render           | Saved: '/Users/mohammedkalouti/Documents/Codex/2026-09-27/i/work/art/aircraft-final-production-v3/stage/assets/build/frames/unit.IR.gunship/beauty/launch/d04_f02.png'
06:50.902  render           | Saved: '/Users/mohammedkalouti/Documents/Codex/2026-09-27/i/work/art/aircraft-final-production-v3/stage/assets/build/frames/unit.IR.gunship/team/launch/d04_f02.png'
06:51.173  render           | Saved: '/var/folders/n4/43n_jxh10gg3s770b_8jbzb80000gn/T/fc-team-coverage-4sn65qjd.png'
06:52.172  render           | Saved: '/Users/mohammedkalouti/Documents/Codex/2026-09-27/i/work/art/aircraft-final-production-v3/stage/assets/build/frames/unit.IR.gunship/shadow/launch/d04_f02.png'
06:52.779  render           | Saved: '/Users/mohammedkalouti/Documents/Codex/2026-09-27/i/work/art/aircraft-final-production-v3/stage/assets/build/frames/unit.IR.gunship/beauty/launch/d04_f03.png'
06:53.297  render           | Saved: '/Users/mohammedkalouti/Documents/Codex/2026-09-27/i/work/art/aircraft-final-production-v3/stage/assets/build/frames/unit.IR.gunship/team/launch/d04_f03.png'
06:53.565  render           | Saved: '/var/folders/n4/43n_jxh10gg3s770b_8jbzb80000gn/T/fc-team-coverage-hno3y8dj.png'
06:54.541  render           | Saved: '/Users/mohammedkalouti/Documents/Codex/2026-09-27/i/work/art/aircraft-final-production-v3/stage/assets/build/frames/unit.IR.gunship/shadow/launch/d04_f03.png'
06:55.135  render           | Saved: '/Users/mohammedkalouti/Documents/Codex/2026-09-27/i/work/art/aircraft-final-production-v3/stage/assets/build/frames/unit.IR.gunship/beauty/launch/d05_f00.png'
06:55.639  render           | Saved: '/Users/mohammedkalouti/Documents/Codex/2026-09-27/i/work/art/aircraft-final-production-v3/stage/assets/build/frames/unit.IR.gunship/team/launch/d05_f00.png'
06:55.905  render           | Saved: '/var/folders/n4/43n_jxh10gg3s770b_8jbzb80000gn/T/fc-team-coverage-4baiw31d.png'
06:56.895  render           | Saved: '/Users/mohammedkalouti/Documents/Codex/2026-09-27/i/work/art/aircraft-final-production-v3/stage/assets/build/frames/unit.IR.gunship/shadow/launch/d05_f00.png'
06:57.500  render           | Saved: '/Users/mohammedkalouti/Documents/Codex/2026-09-27/i/work/art/aircraft-final-production-v3/stage/assets/build/frames/unit.IR.gunship/beauty/launch/d05_f01.png'
06:57.998  render           | Saved: '/Users/mohammedkalouti/Documents/Codex/2026-09-27/i/work/art/aircraft-final-production-v3/stage/assets/build/frames/unit.IR.gunship/team/launch/d05_f01.png'
06:58.264  render           | Saved: '/var/folders/n4/43n_jxh10gg3s770b_8jbzb80000gn/T/fc-team-coverage-a956gtab.png'
06:59.283  render           | Saved: '/Users/mohammedkalouti/Documents/Codex/2026-09-27/i/work/art/aircraft-final-production-v3/stage/assets/build/frames/unit.IR.gunship/shadow/launch/d05_f01.png'
06:59.891  render           | Saved: '/Users/mohammedkalouti/Documents/Codex/2026-09-27/i/work/art/aircraft-final-production-v3/stage/assets/build/frames/unit.IR.gunship/beauty/launch/d05_f02.png'
07:00.414  render           | Saved: '/Users/mohammedkalouti/Documents/Codex/2026-09-27/i/work/art/aircraft-final-production-v3/stage/assets/build/frames/unit.IR.gunship/team/launch/d05_f02.png'
07:00.683  render           | Saved: '/var/folders/n4/43n_jxh10gg3s770b_8jbzb80000gn/T/fc-team-coverage-0p7g91w8.png'
07:01.676  render           | Saved: '/Users/mohammedkalouti/Documents/Codex/2026-09-27/i/work/art/aircraft-final-production-v3/stage/assets/build/frames/unit.IR.gunship/shadow/launch/d05_f02.png'
07:02.277  render           | Saved: '/Users/mohammedkalouti/Documents/Codex/2026-09-27/i/work/art/aircraft-final-production-v3/stage/assets/build/frames/unit.IR.gunship/beauty/launch/d05_f03.png'
07:02.794  render           | Saved: '/Users/mohammedkalouti/Documents/Codex/2026-09-27/i/work/art/aircraft-final-production-v3/stage/assets/build/frames/unit.IR.gunship/team/launch/d05_f03.png'
07:03.067  render           | Saved: '/var/folders/n4/43n_jxh10gg3s770b_8jbzb80000gn/T/fc-team-coverage-amr57ecf.png'
07:04.065  render           | Saved: '/Users/mohammedkalouti/Documents/Codex/2026-09-27/i/work/art/aircraft-final-production-v3/stage/assets/build/frames/unit.IR.gunship/shadow/launch/d05_f03.png'
07:04.679  render           | Saved: '/Users/mohammedkalouti/Documents/Codex/2026-09-27/i/work/art/aircraft-final-production-v3/stage/assets/build/frames/unit.IR.gunship/beauty/launch/d06_f00.png'
07:05.188  render           | Saved: '/Users/mohammedkalouti/Documents/Codex/2026-09-27/i/work/art/aircraft-final-production-v3/stage/assets/build/frames/unit.IR.gunship/team/launch/d06_f00.png'
07:05.453  render           | Saved: '/var/folders/n4/43n_jxh10gg3s770b_8jbzb80000gn/T/fc-team-coverage-m5648xyx.png'
07:06.458  render           | Saved: '/Users/mohammedkalouti/Documents/Codex/2026-09-27/i/work/art/aircraft-final-production-v3/stage/assets/build/frames/unit.IR.gunship/shadow/launch/d06_f00.png'
07:07.048  render           | Saved: '/Users/mohammedkalouti/Documents/Codex/2026-09-27/i/work/art/aircraft-final-production-v3/stage/assets/build/frames/unit.IR.gunship/beauty/launch/d06_f01.png'
07:07.560  render           | Saved: '/Users/mohammedkalouti/Documents/Codex/2026-09-27/i/work/art/aircraft-final-production-v3/stage/assets/build/frames/unit.IR.gunship/team/launch/d06_f01.png'
07:07.828  render           | Saved: '/var/folders/n4/43n_jxh10gg3s770b_8jbzb80000gn/T/fc-team-coverage-nwwiq7c8.png'
07:08.827  render           | Saved: '/Users/mohammedkalouti/Documents/Codex/2026-09-27/i/work/art/aircraft-final-production-v3/stage/assets/build/frames/unit.IR.gunship/shadow/launch/d06_f01.png'
07:09.426  render           | Saved: '/Users/mohammedkalouti/Documents/Codex/2026-09-27/i/work/art/aircraft-final-production-v3/stage/assets/build/frames/unit.IR.gunship/beauty/launch/d06_f02.png'
07:09.919  render           | Saved: '/Users/mohammedkalouti/Documents/Codex/2026-09-27/i/work/art/aircraft-final-production-v3/stage/assets/build/frames/unit.IR.gunship/team/launch/d06_f02.png'
07:10.185  render           | Saved: '/var/folders/n4/43n_jxh10gg3s770b_8jbzb80000gn/T/fc-team-coverage-wf3o4n79.png'
07:11.182  render           | Saved: '/Users/mohammedkalouti/Documents/Codex/2026-09-27/i/work/art/aircraft-final-production-v3/stage/assets/build/frames/unit.IR.gunship/shadow/launch/d06_f02.png'
07:11.768  render           | Saved: '/Users/mohammedkalouti/Documents/Codex/2026-09-27/i/work/art/aircraft-final-production-v3/stage/assets/build/frames/unit.IR.gunship/beauty/launch/d06_f03.png'
07:12.282  render           | Saved: '/Users/mohammedkalouti/Documents/Codex/2026-09-27/i/work/art/aircraft-final-production-v3/stage/assets/build/frames/unit.IR.gunship/team/launch/d06_f03.png'
07:12.548  render           | Saved: '/var/folders/n4/43n_jxh10gg3s770b_8jbzb80000gn/T/fc-team-coverage-fa2zmmun.png'
07:13.556  render           | Saved: '/Users/mohammedkalouti/Documents/Codex/2026-09-27/i/work/art/aircraft-final-production-v3/stage/assets/build/frames/unit.IR.gunship/shadow/launch/d06_f03.png'
07:14.161  render           | Saved: '/Users/mohammedkalouti/Documents/Codex/2026-09-27/i/work/art/aircraft-final-production-v3/stage/assets/build/frames/unit.IR.gunship/beauty/launch/d07_f00.png'
07:14.668  render           | Saved: '/Users/mohammedkalouti/Documents/Codex/2026-09-27/i/work/art/aircraft-final-production-v3/stage/assets/build/frames/unit.IR.gunship/team/launch/d07_f00.png'
07:14.933  render           | Saved: '/var/folders/n4/43n_jxh10gg3s770b_8jbzb80000gn/T/fc-team-coverage-n1b323bv.png'
07:16.001  render           | Saved: '/Users/mohammedkalouti/Documents/Codex/2026-09-27/i/work/art/aircraft-final-production-v3/stage/assets/build/frames/unit.IR.gunship/shadow/launch/d07_f00.png'
07:16.605  render           | Saved: '/Users/mohammedkalouti/Documents/Codex/2026-09-27/i/work/art/aircraft-final-production-v3/stage/assets/build/frames/unit.IR.gunship/beauty/launch/d07_f01.png'
07:17.114  render           | Saved: '/Users/mohammedkalouti/Documents/Codex/2026-09-27/i/work/art/aircraft-final-production-v3/stage/assets/build/frames/unit.IR.gunship/team/launch/d07_f01.png'
07:17.379  render           | Saved: '/var/folders/n4/43n_jxh10gg3s770b_8jbzb80000gn/T/fc-team-coverage-vrxdaofl.png'
07:18.359  render           | Saved: '/Users/mohammedkalouti/Documents/Codex/2026-09-27/i/work/art/aircraft-final-production-v3/stage/assets/build/frames/unit.IR.gunship/shadow/launch/d07_f01.png'
07:18.953  render           | Saved: '/Users/mohammedkalouti/Documents/Codex/2026-09-27/i/work/art/aircraft-final-production-v3/stage/assets/build/frames/unit.IR.gunship/beauty/launch/d07_f02.png'
07:19.454  render           | Saved: '/Users/mohammedkalouti/Documents/Codex/2026-09-27/i/work/art/aircraft-final-production-v3/stage/assets/build/frames/unit.IR.gunship/team/launch/d07_f02.png'
07:19.723  render           | Saved: '/var/folders/n4/43n_jxh10gg3s770b_8jbzb80000gn/T/fc-team-coverage-tkwxyuoe.png'
07:20.710  render           | Saved: '/Users/mohammedkalouti/Documents/Codex/2026-09-27/i/work/art/aircraft-final-production-v3/stage/assets/build/frames/unit.IR.gunship/shadow/launch/d07_f02.png'
07:21.291  render           | Saved: '/Users/mohammedkalouti/Documents/Codex/2026-09-27/i/work/art/aircraft-final-production-v3/stage/assets/build/frames/unit.IR.gunship/beauty/launch/d07_f03.png'
07:21.797  render           | Saved: '/Users/mohammedkalouti/Documents/Codex/2026-09-27/i/work/art/aircraft-final-production-v3/stage/assets/build/frames/unit.IR.gunship/team/launch/d07_f03.png'
07:22.058  render           | Saved: '/var/folders/n4/43n_jxh10gg3s770b_8jbzb80000gn/T/fc-team-coverage-tqemjt68.png'
07:23.039  render           | Saved: '/Users/mohammedkalouti/Documents/Codex/2026-09-27/i/work/art/aircraft-final-production-v3/stage/assets/build/frames/unit.IR.gunship/shadow/launch/d07_f03.png'
07:23.638  render           | Saved: '/Users/mohammedkalouti/Documents/Codex/2026-09-27/i/work/art/aircraft-final-production-v3/stage/assets/build/frames/unit.IR.gunship/beauty/launch/d08_f00.png'
07:24.148  render           | Saved: '/Users/mohammedkalouti/Documents/Codex/2026-09-27/i/work/art/aircraft-final-production-v3/stage/assets/build/frames/unit.IR.gunship/team/launch/d08_f00.png'
07:24.414  render           | Saved: '/var/folders/n4/43n_jxh10gg3s770b_8jbzb80000gn/T/fc-team-coverage-b2_8icp0.png'
07:25.406  render           | Saved: '/Users/mohammedkalouti/Documents/Codex/2026-09-27/i/work/art/aircraft-final-production-v3/stage/assets/build/frames/unit.IR.gunship/shadow/launch/d08_f00.png'
07:26.002  render           | Saved: '/Users/mohammedkalouti/Documents/Codex/2026-09-27/i/work/art/aircraft-final-production-v3/stage/assets/build/frames/unit.IR.gunship/beauty/launch/d08_f01.png'
07:26.511  render           | Saved: '/Users/mohammedkalouti/Documents/Codex/2026-09-27/i/work/art/aircraft-final-production-v3/stage/assets/build/frames/unit.IR.gunship/team/launch/d08_f01.png'
07:26.780  render           | Saved: '/var/folders/n4/43n_jxh10gg3s770b_8jbzb80000gn/T/fc-team-coverage-hikhrzm8.png'
07:27.792  render           | Saved: '/Users/mohammedkalouti/Documents/Codex/2026-09-27/i/work/art/aircraft-final-production-v3/stage/assets/build/frames/unit.IR.gunship/shadow/launch/d08_f01.png'
07:28.412  render           | Saved: '/Users/mohammedkalouti/Documents/Codex/2026-09-27/i/work/art/aircraft-final-production-v3/stage/assets/build/frames/unit.IR.gunship/beauty/launch/d08_f02.png'
07:28.898  render           | Saved: '/Users/mohammedkalouti/Documents/Codex/2026-09-27/i/work/art/aircraft-final-production-v3/stage/assets/build/frames/unit.IR.gunship/team/launch/d08_f02.png'
07:29.166  render           | Saved: '/var/folders/n4/43n_jxh10gg3s770b_8jbzb80000gn/T/fc-team-coverage-ngviojd9.png'
07:30.173  render           | Saved: '/Users/mohammedkalouti/Documents/Codex/2026-09-27/i/work/art/aircraft-final-production-v3/stage/assets/build/frames/unit.IR.gunship/shadow/launch/d08_f02.png'
07:30.771  render           | Saved: '/Users/mohammedkalouti/Documents/Codex/2026-09-27/i/work/art/aircraft-final-production-v3/stage/assets/build/frames/unit.IR.gunship/beauty/launch/d08_f03.png'
07:31.276  render           | Saved: '/Users/mohammedkalouti/Documents/Codex/2026-09-27/i/work/art/aircraft-final-production-v3/stage/assets/build/frames/unit.IR.gunship/team/launch/d08_f03.png'
07:31.534  render           | Saved: '/var/folders/n4/43n_jxh10gg3s770b_8jbzb80000gn/T/fc-team-coverage-bsqrxxmy.png'
07:32.522  render           | Saved: '/Users/mohammedkalouti/Documents/Codex/2026-09-27/i/work/art/aircraft-final-production-v3/stage/assets/build/frames/unit.IR.gunship/shadow/launch/d08_f03.png'
07:33.118  render           | Saved: '/Users/mohammedkalouti/Documents/Codex/2026-09-27/i/work/art/aircraft-final-production-v3/stage/assets/build/frames/unit.IR.gunship/beauty/launch/d09_f00.png'
07:33.622  render           | Saved: '/Users/mohammedkalouti/Documents/Codex/2026-09-27/i/work/art/aircraft-final-production-v3/stage/assets/build/frames/unit.IR.gunship/team/launch/d09_f00.png'
07:33.879  render           | Saved: '/var/folders/n4/43n_jxh10gg3s770b_8jbzb80000gn/T/fc-team-coverage-a0bttgmg.png'
07:34.885  render           | Saved: '/Users/mohammedkalouti/Documents/Codex/2026-09-27/i/work/art/aircraft-final-production-v3/stage/assets/build/frames/unit.IR.gunship/shadow/launch/d09_f00.png'
07:35.518  render           | Saved: '/Users/mohammedkalouti/Documents/Codex/2026-09-27/i/work/art/aircraft-final-production-v3/stage/assets/build/frames/unit.IR.gunship/beauty/launch/d09_f01.png'
07:36.029  render           | Saved: '/Users/mohammedkalouti/Documents/Codex/2026-09-27/i/work/art/aircraft-final-production-v3/stage/assets/build/frames/unit.IR.gunship/team/launch/d09_f01.png'
07:36.297  render           | Saved: '/var/folders/n4/43n_jxh10gg3s770b_8jbzb80000gn/T/fc-team-coverage-sig4rvf8.png'
07:37.288  render           | Saved: '/Users/mohammedkalouti/Documents/Codex/2026-09-27/i/work/art/aircraft-final-production-v3/stage/assets/build/frames/unit.IR.gunship/shadow/launch/d09_f01.png'
07:37.898  render           | Saved: '/Users/mohammedkalouti/Documents/Codex/2026-09-27/i/work/art/aircraft-final-production-v3/stage/assets/build/frames/unit.IR.gunship/beauty/launch/d09_f02.png'
07:38.410  render           | Saved: '/Users/mohammedkalouti/Documents/Codex/2026-09-27/i/work/art/aircraft-final-production-v3/stage/assets/build/frames/unit.IR.gunship/team/launch/d09_f02.png'
07:38.671  render           | Saved: '/var/folders/n4/43n_jxh10gg3s770b_8jbzb80000gn/T/fc-team-coverage-4eue_10j.png'
07:39.665  render           | Saved: '/Users/mohammedkalouti/Documents/Codex/2026-09-27/i/work/art/aircraft-final-production-v3/stage/assets/build/frames/unit.IR.gunship/shadow/launch/d09_f02.png'
07:40.252  render           | Saved: '/Users/mohammedkalouti/Documents/Codex/2026-09-27/i/work/art/aircraft-final-production-v3/stage/assets/build/frames/unit.IR.gunship/beauty/launch/d09_f03.png'
07:40.758  render           | Saved: '/Users/mohammedkalouti/Documents/Codex/2026-09-27/i/work/art/aircraft-final-production-v3/stage/assets/build/frames/unit.IR.gunship/team/launch/d09_f03.png'
07:41.032  render           | Saved: '/var/folders/n4/43n_jxh10gg3s770b_8jbzb80000gn/T/fc-team-coverage-foc00cmi.png'
07:42.092  render           | Saved: '/Users/mohammedkalouti/Documents/Codex/2026-09-27/i/work/art/aircraft-final-production-v3/stage/assets/build/frames/unit.IR.gunship/shadow/launch/d09_f03.png'
07:42.699  render           | Saved: '/Users/mohammedkalouti/Documents/Codex/2026-09-27/i/work/art/aircraft-final-production-v3/stage/assets/build/frames/unit.IR.gunship/beauty/launch/d10_f00.png'
07:43.208  render           | Saved: '/Users/mohammedkalouti/Documents/Codex/2026-09-27/i/work/art/aircraft-final-production-v3/stage/assets/build/frames/unit.IR.gunship/team/launch/d10_f00.png'
07:43.482  render           | Saved: '/var/folders/n4/43n_jxh10gg3s770b_8jbzb80000gn/T/fc-team-coverage-6jqww7kj.png'
07:44.461  render           | Saved: '/Users/mohammedkalouti/Documents/Codex/2026-09-27/i/work/art/aircraft-final-production-v3/stage/assets/build/frames/unit.IR.gunship/shadow/launch/d10_f00.png'
07:45.055  render           | Saved: '/Users/mohammedkalouti/Documents/Codex/2026-09-27/i/work/art/aircraft-final-production-v3/stage/assets/build/frames/unit.IR.gunship/beauty/launch/d10_f01.png'
07:45.561  render           | Saved: '/Users/mohammedkalouti/Documents/Codex/2026-09-27/i/work/art/aircraft-final-production-v3/stage/assets/build/frames/unit.IR.gunship/team/launch/d10_f01.png'
07:45.832  render           | Saved: '/var/folders/n4/43n_jxh10gg3s770b_8jbzb80000gn/T/fc-team-coverage-w8zrt0hr.png'
07:46.934  render           | Saved: '/Users/mohammedkalouti/Documents/Codex/2026-09-27/i/work/art/aircraft-final-production-v3/stage/assets/build/frames/unit.IR.gunship/shadow/launch/d10_f01.png'
07:47.549  render           | Saved: '/Users/mohammedkalouti/Documents/Codex/2026-09-27/i/work/art/aircraft-final-production-v3/stage/assets/build/frames/unit.IR.gunship/beauty/launch/d10_f02.png'
07:48.044  render           | Saved: '/Users/mohammedkalouti/Documents/Codex/2026-09-27/i/work/art/aircraft-final-production-v3/stage/assets/build/frames/unit.IR.gunship/team/launch/d10_f02.png'
07:48.311  render           | Saved: '/var/folders/n4/43n_jxh10gg3s770b_8jbzb80000gn/T/fc-team-coverage-t_apkhzk.png'
07:49.301  render           | Saved: '/Users/mohammedkalouti/Documents/Codex/2026-09-27/i/work/art/aircraft-final-production-v3/stage/assets/build/frames/unit.IR.gunship/shadow/launch/d10_f02.png'
07:49.896  render           | Saved: '/Users/mohammedkalouti/Documents/Codex/2026-09-27/i/work/art/aircraft-final-production-v3/stage/assets/build/frames/unit.IR.gunship/beauty/launch/d10_f03.png'
07:50.411  render           | Saved: '/Users/mohammedkalouti/Documents/Codex/2026-09-27/i/work/art/aircraft-final-production-v3/stage/assets/build/frames/unit.IR.gunship/team/launch/d10_f03.png'
07:50.671  render           | Saved: '/var/folders/n4/43n_jxh10gg3s770b_8jbzb80000gn/T/fc-team-coverage-832jgn9v.png'
07:51.670  render           | Saved: '/Users/mohammedkalouti/Documents/Codex/2026-09-27/i/work/art/aircraft-final-production-v3/stage/assets/build/frames/unit.IR.gunship/shadow/launch/d10_f03.png'
07:52.276  render           | Saved: '/Users/mohammedkalouti/Documents/Codex/2026-09-27/i/work/art/aircraft-final-production-v3/stage/assets/build/frames/unit.IR.gunship/beauty/launch/d11_f00.png'
07:52.776  render           | Saved: '/Users/mohammedkalouti/Documents/Codex/2026-09-27/i/work/art/aircraft-final-production-v3/stage/assets/build/frames/unit.IR.gunship/team/launch/d11_f00.png'
07:53.046  render           | Saved: '/var/folders/n4/43n_jxh10gg3s770b_8jbzb80000gn/T/fc-team-coverage-kqjnoed9.png'
07:54.025  render           | Saved: '/Users/mohammedkalouti/Documents/Codex/2026-09-27/i/work/art/aircraft-final-production-v3/stage/assets/build/frames/unit.IR.gunship/shadow/launch/d11_f00.png'
07:54.632  render           | Saved: '/Users/mohammedkalouti/Documents/Codex/2026-09-27/i/work/art/aircraft-final-production-v3/stage/assets/build/frames/unit.IR.gunship/beauty/launch/d11_f01.png'
07:55.141  render           | Saved: '/Users/mohammedkalouti/Documents/Codex/2026-09-27/i/work/art/aircraft-final-production-v3/stage/assets/build/frames/unit.IR.gunship/team/launch/d11_f01.png'
07:55.411  render           | Saved: '/var/folders/n4/43n_jxh10gg3s770b_8jbzb80000gn/T/fc-team-coverage-4iy807wp.png'
07:56.392  render           | Saved: '/Users/mohammedkalouti/Documents/Codex/2026-09-27/i/work/art/aircraft-final-production-v3/stage/assets/build/frames/unit.IR.gunship/shadow/launch/d11_f01.png'
07:56.994  render           | Saved: '/Users/mohammedkalouti/Documents/Codex/2026-09-27/i/work/art/aircraft-final-production-v3/stage/assets/build/frames/unit.IR.gunship/beauty/launch/d11_f02.png'
07:57.504  render           | Saved: '/Users/mohammedkalouti/Documents/Codex/2026-09-27/i/work/art/aircraft-final-production-v3/stage/assets/build/frames/unit.IR.gunship/team/launch/d11_f02.png'
07:57.772  render           | Saved: '/var/folders/n4/43n_jxh10gg3s770b_8jbzb80000gn/T/fc-team-coverage-jsry3q1p.png'
07:58.757  render           | Saved: '/Users/mohammedkalouti/Documents/Codex/2026-09-27/i/work/art/aircraft-final-production-v3/stage/assets/build/frames/unit.IR.gunship/shadow/launch/d11_f02.png'
07:59.338  render           | Saved: '/Users/mohammedkalouti/Documents/Codex/2026-09-27/i/work/art/aircraft-final-production-v3/stage/assets/build/frames/unit.IR.gunship/beauty/launch/d11_f03.png'
07:59.847  render           | Saved: '/Users/mohammedkalouti/Documents/Codex/2026-09-27/i/work/art/aircraft-final-production-v3/stage/assets/build/frames/unit.IR.gunship/team/launch/d11_f03.png'
08:00.118  render           | Saved: '/var/folders/n4/43n_jxh10gg3s770b_8jbzb80000gn/T/fc-team-coverage-byoj5phn.png'
08:01.090  render           | Saved: '/Users/mohammedkalouti/Documents/Codex/2026-09-27/i/work/art/aircraft-final-production-v3/stage/assets/build/frames/unit.IR.gunship/shadow/launch/d11_f03.png'
08:01.695  render           | Saved: '/Users/mohammedkalouti/Documents/Codex/2026-09-27/i/work/art/aircraft-final-production-v3/stage/assets/build/frames/unit.IR.gunship/beauty/launch/d12_f00.png'
08:02.203  render           | Saved: '/Users/mohammedkalouti/Documents/Codex/2026-09-27/i/work/art/aircraft-final-production-v3/stage/assets/build/frames/unit.IR.gunship/team/launch/d12_f00.png'
08:02.465  render           | Saved: '/var/folders/n4/43n_jxh10gg3s770b_8jbzb80000gn/T/fc-team-coverage-xgvg8m7t.png'
08:03.453  render           | Saved: '/Users/mohammedkalouti/Documents/Codex/2026-09-27/i/work/art/aircraft-final-production-v3/stage/assets/build/frames/unit.IR.gunship/shadow/launch/d12_f00.png'
08:04.045  render           | Saved: '/Users/mohammedkalouti/Documents/Codex/2026-09-27/i/work/art/aircraft-final-production-v3/stage/assets/build/frames/unit.IR.gunship/beauty/launch/d12_f01.png'
08:04.551  render           | Saved: '/Users/mohammedkalouti/Documents/Codex/2026-09-27/i/work/art/aircraft-final-production-v3/stage/assets/build/frames/unit.IR.gunship/team/launch/d12_f01.png'
08:04.821  render           | Saved: '/var/folders/n4/43n_jxh10gg3s770b_8jbzb80000gn/T/fc-team-coverage-yndxnvm6.png'
08:05.808  render           | Saved: '/Users/mohammedkalouti/Documents/Codex/2026-09-27/i/work/art/aircraft-final-production-v3/stage/assets/build/frames/unit.IR.gunship/shadow/launch/d12_f01.png'
08:06.406  render           | Saved: '/Users/mohammedkalouti/Documents/Codex/2026-09-27/i/work/art/aircraft-final-production-v3/stage/assets/build/frames/unit.IR.gunship/beauty/launch/d12_f02.png'
08:06.908  render           | Saved: '/Users/mohammedkalouti/Documents/Codex/2026-09-27/i/work/art/aircraft-final-production-v3/stage/assets/build/frames/unit.IR.gunship/team/launch/d12_f02.png'
08:07.180  render           | Saved: '/var/folders/n4/43n_jxh10gg3s770b_8jbzb80000gn/T/fc-team-coverage-pzw5x7c3.png'
08:08.195  render           | Saved: '/Users/mohammedkalouti/Documents/Codex/2026-09-27/i/work/art/aircraft-final-production-v3/stage/assets/build/frames/unit.IR.gunship/shadow/launch/d12_f02.png'
08:08.797  render           | Saved: '/Users/mohammedkalouti/Documents/Codex/2026-09-27/i/work/art/aircraft-final-production-v3/stage/assets/build/frames/unit.IR.gunship/beauty/launch/d12_f03.png'
08:09.309  render           | Saved: '/Users/mohammedkalouti/Documents/Codex/2026-09-27/i/work/art/aircraft-final-production-v3/stage/assets/build/frames/unit.IR.gunship/team/launch/d12_f03.png'
08:09.573  render           | Saved: '/var/folders/n4/43n_jxh10gg3s770b_8jbzb80000gn/T/fc-team-coverage-etl27tx_.png'
08:10.562  render           | Saved: '/Users/mohammedkalouti/Documents/Codex/2026-09-27/i/work/art/aircraft-final-production-v3/stage/assets/build/frames/unit.IR.gunship/shadow/launch/d12_f03.png'
08:11.158  render           | Saved: '/Users/mohammedkalouti/Documents/Codex/2026-09-27/i/work/art/aircraft-final-production-v3/stage/assets/build/frames/unit.IR.gunship/beauty/launch/d13_f00.png'
08:11.668  render           | Saved: '/Users/mohammedkalouti/Documents/Codex/2026-09-27/i/work/art/aircraft-final-production-v3/stage/assets/build/frames/unit.IR.gunship/team/launch/d13_f00.png'
08:11.962  render           | Saved: '/var/folders/n4/43n_jxh10gg3s770b_8jbzb80000gn/T/fc-team-coverage-adwadnby.png'
08:13.052  render           | Saved: '/Users/mohammedkalouti/Documents/Codex/2026-09-27/i/work/art/aircraft-final-production-v3/stage/assets/build/frames/unit.IR.gunship/shadow/launch/d13_f00.png'
08:13.702  render           | Saved: '/Users/mohammedkalouti/Documents/Codex/2026-09-27/i/work/art/aircraft-final-production-v3/stage/assets/build/frames/unit.IR.gunship/beauty/launch/d13_f01.png'
08:14.234  render           | Saved: '/Users/mohammedkalouti/Documents/Codex/2026-09-27/i/work/art/aircraft-final-production-v3/stage/assets/build/frames/unit.IR.gunship/team/launch/d13_f01.png'
08:14.510  render           | Saved: '/var/folders/n4/43n_jxh10gg3s770b_8jbzb80000gn/T/fc-team-coverage-vg4eaqf4.png'
08:15.633  render           | Saved: '/Users/mohammedkalouti/Documents/Codex/2026-09-27/i/work/art/aircraft-final-production-v3/stage/assets/build/frames/unit.IR.gunship/shadow/launch/d13_f01.png'
08:16.272  render           | Saved: '/Users/mohammedkalouti/Documents/Codex/2026-09-27/i/work/art/aircraft-final-production-v3/stage/assets/build/frames/unit.IR.gunship/beauty/launch/d13_f02.png'
08:16.814  render           | Saved: '/Users/mohammedkalouti/Documents/Codex/2026-09-27/i/work/art/aircraft-final-production-v3/stage/assets/build/frames/unit.IR.gunship/team/launch/d13_f02.png'
08:17.083  render           | Saved: '/var/folders/n4/43n_jxh10gg3s770b_8jbzb80000gn/T/fc-team-coverage-y5ydbxyp.png'
08:18.076  render           | Saved: '/Users/mohammedkalouti/Documents/Codex/2026-09-27/i/work/art/aircraft-final-production-v3/stage/assets/build/frames/unit.IR.gunship/shadow/launch/d13_f02.png'
08:18.674  render           | Saved: '/Users/mohammedkalouti/Documents/Codex/2026-09-27/i/work/art/aircraft-final-production-v3/stage/assets/build/frames/unit.IR.gunship/beauty/launch/d13_f03.png'
08:19.170  render           | Saved: '/Users/mohammedkalouti/Documents/Codex/2026-09-27/i/work/art/aircraft-final-production-v3/stage/assets/build/frames/unit.IR.gunship/team/launch/d13_f03.png'
08:19.439  render           | Saved: '/var/folders/n4/43n_jxh10gg3s770b_8jbzb80000gn/T/fc-team-coverage-cwsg0dza.png'
08:20.433  render           | Saved: '/Users/mohammedkalouti/Documents/Codex/2026-09-27/i/work/art/aircraft-final-production-v3/stage/assets/build/frames/unit.IR.gunship/shadow/launch/d13_f03.png'
08:21.042  render           | Saved: '/Users/mohammedkalouti/Documents/Codex/2026-09-27/i/work/art/aircraft-final-production-v3/stage/assets/build/frames/unit.IR.gunship/beauty/launch/d14_f00.png'
08:21.555  render           | Saved: '/Users/mohammedkalouti/Documents/Codex/2026-09-27/i/work/art/aircraft-final-production-v3/stage/assets/build/frames/unit.IR.gunship/team/launch/d14_f00.png'
08:21.821  render           | Saved: '/var/folders/n4/43n_jxh10gg3s770b_8jbzb80000gn/T/fc-team-coverage-4xhohosy.png'
08:22.821  render           | Saved: '/Users/mohammedkalouti/Documents/Codex/2026-09-27/i/work/art/aircraft-final-production-v3/stage/assets/build/frames/unit.IR.gunship/shadow/launch/d14_f00.png'
08:23.460  render           | Saved: '/Users/mohammedkalouti/Documents/Codex/2026-09-27/i/work/art/aircraft-final-production-v3/stage/assets/build/frames/unit.IR.gunship/beauty/launch/d14_f01.png'
08:23.974  render           | Saved: '/Users/mohammedkalouti/Documents/Codex/2026-09-27/i/work/art/aircraft-final-production-v3/stage/assets/build/frames/unit.IR.gunship/team/launch/d14_f01.png'
08:24.248  render           | Saved: '/var/folders/n4/43n_jxh10gg3s770b_8jbzb80000gn/T/fc-team-coverage-c17os0xa.png'
08:25.222  render           | Saved: '/Users/mohammedkalouti/Documents/Codex/2026-09-27/i/work/art/aircraft-final-production-v3/stage/assets/build/frames/unit.IR.gunship/shadow/launch/d14_f01.png'
08:25.826  render           | Saved: '/Users/mohammedkalouti/Documents/Codex/2026-09-27/i/work/art/aircraft-final-production-v3/stage/assets/build/frames/unit.IR.gunship/beauty/launch/d14_f02.png'
08:26.334  render           | Saved: '/Users/mohammedkalouti/Documents/Codex/2026-09-27/i/work/art/aircraft-final-production-v3/stage/assets/build/frames/unit.IR.gunship/team/launch/d14_f02.png'
08:26.599  render           | Saved: '/var/folders/n4/43n_jxh10gg3s770b_8jbzb80000gn/T/fc-team-coverage-w90czt2f.png'
08:27.594  render           | Saved: '/Users/mohammedkalouti/Documents/Codex/2026-09-27/i/work/art/aircraft-final-production-v3/stage/assets/build/frames/unit.IR.gunship/shadow/launch/d14_f02.png'
08:28.175  render           | Saved: '/Users/mohammedkalouti/Documents/Codex/2026-09-27/i/work/art/aircraft-final-production-v3/stage/assets/build/frames/unit.IR.gunship/beauty/launch/d14_f03.png'
08:28.688  render           | Saved: '/Users/mohammedkalouti/Documents/Codex/2026-09-27/i/work/art/aircraft-final-production-v3/stage/assets/build/frames/unit.IR.gunship/team/launch/d14_f03.png'
08:28.951  render           | Saved: '/var/folders/n4/43n_jxh10gg3s770b_8jbzb80000gn/T/fc-team-coverage-ge1rdhdr.png'
08:30.031  render           | Saved: '/Users/mohammedkalouti/Documents/Codex/2026-09-27/i/work/art/aircraft-final-production-v3/stage/assets/build/frames/unit.IR.gunship/shadow/launch/d14_f03.png'
08:30.677  render           | Saved: '/Users/mohammedkalouti/Documents/Codex/2026-09-27/i/work/art/aircraft-final-production-v3/stage/assets/build/frames/unit.IR.gunship/beauty/launch/d15_f00.png'
08:31.182  render           | Saved: '/Users/mohammedkalouti/Documents/Codex/2026-09-27/i/work/art/aircraft-final-production-v3/stage/assets/build/frames/unit.IR.gunship/team/launch/d15_f00.png'
08:31.453  render           | Saved: '/var/folders/n4/43n_jxh10gg3s770b_8jbzb80000gn/T/fc-team-coverage-4ebdhszw.png'
08:32.465  render           | Saved: '/Users/mohammedkalouti/Documents/Codex/2026-09-27/i/work/art/aircraft-final-production-v3/stage/assets/build/frames/unit.IR.gunship/shadow/launch/d15_f00.png'
08:33.058  render           | Saved: '/Users/mohammedkalouti/Documents/Codex/2026-09-27/i/work/art/aircraft-final-production-v3/stage/assets/build/frames/unit.IR.gunship/beauty/launch/d15_f01.png'
08:33.573  render           | Saved: '/Users/mohammedkalouti/Documents/Codex/2026-09-27/i/work/art/aircraft-final-production-v3/stage/assets/build/frames/unit.IR.gunship/team/launch/d15_f01.png'
08:33.852  render           | Saved: '/var/folders/n4/43n_jxh10gg3s770b_8jbzb80000gn/T/fc-team-coverage-a1x_2980.png'
08:34.850  render           | Saved: '/Users/mohammedkalouti/Documents/Codex/2026-09-27/i/work/art/aircraft-final-production-v3/stage/assets/build/frames/unit.IR.gunship/shadow/launch/d15_f01.png'
08:35.456  render           | Saved: '/Users/mohammedkalouti/Documents/Codex/2026-09-27/i/work/art/aircraft-final-production-v3/stage/assets/build/frames/unit.IR.gunship/beauty/launch/d15_f02.png'
08:35.958  render           | Saved: '/Users/mohammedkalouti/Documents/Codex/2026-09-27/i/work/art/aircraft-final-production-v3/stage/assets/build/frames/unit.IR.gunship/team/launch/d15_f02.png'
08:36.230  render           | Saved: '/var/folders/n4/43n_jxh10gg3s770b_8jbzb80000gn/T/fc-team-coverage-f930nyjw.png'
08:37.212  render           | Saved: '/Users/mohammedkalouti/Documents/Codex/2026-09-27/i/work/art/aircraft-final-production-v3/stage/assets/build/frames/unit.IR.gunship/shadow/launch/d15_f02.png'
08:37.806  render           | Saved: '/Users/mohammedkalouti/Documents/Codex/2026-09-27/i/work/art/aircraft-final-production-v3/stage/assets/build/frames/unit.IR.gunship/beauty/launch/d15_f03.png'
08:38.318  render           | Saved: '/Users/mohammedkalouti/Documents/Codex/2026-09-27/i/work/art/aircraft-final-production-v3/stage/assets/build/frames/unit.IR.gunship/team/launch/d15_f03.png'
08:38.586  render           | Saved: '/var/folders/n4/43n_jxh10gg3s770b_8jbzb80000gn/T/fc-team-coverage-yspqlc6y.png'
08:39.575  render           | Saved: '/Users/mohammedkalouti/Documents/Codex/2026-09-27/i/work/art/aircraft-final-production-v3/stage/assets/build/frames/unit.IR.gunship/shadow/launch/d15_f03.png'
08:40.180  render           | Saved: '/Users/mohammedkalouti/Documents/Codex/2026-09-27/i/work/art/aircraft-final-production-v3/stage/assets/build/frames/unit.IR.gunship/beauty/recover/d00_f00.png'
08:40.690  render           | Saved: '/Users/mohammedkalouti/Documents/Codex/2026-09-27/i/work/art/aircraft-final-production-v3/stage/assets/build/frames/unit.IR.gunship/team/recover/d00_f00.png'
08:40.953  render           | Saved: '/var/folders/n4/43n_jxh10gg3s770b_8jbzb80000gn/T/fc-team-coverage-xktauc76.png'
08:41.942  render           | Saved: '/Users/mohammedkalouti/Documents/Codex/2026-09-27/i/work/art/aircraft-final-production-v3/stage/assets/build/frames/unit.IR.gunship/shadow/recover/d00_f00.png'
08:42.540  render           | Saved: '/Users/mohammedkalouti/Documents/Codex/2026-09-27/i/work/art/aircraft-final-production-v3/stage/assets/build/frames/unit.IR.gunship/beauty/recover/d00_f01.png'
08:43.053  render           | Saved: '/Users/mohammedkalouti/Documents/Codex/2026-09-27/i/work/art/aircraft-final-production-v3/stage/assets/build/frames/unit.IR.gunship/team/recover/d00_f01.png'
08:43.320  render           | Saved: '/var/folders/n4/43n_jxh10gg3s770b_8jbzb80000gn/T/fc-team-coverage-9i8oq67b.png'
08:44.287  render           | Saved: '/Users/mohammedkalouti/Documents/Codex/2026-09-27/i/work/art/aircraft-final-production-v3/stage/assets/build/frames/unit.IR.gunship/shadow/recover/d00_f01.png'
08:44.888  render           | Saved: '/Users/mohammedkalouti/Documents/Codex/2026-09-27/i/work/art/aircraft-final-production-v3/stage/assets/build/frames/unit.IR.gunship/beauty/recover/d00_f02.png'
08:45.398  render           | Saved: '/Users/mohammedkalouti/Documents/Codex/2026-09-27/i/work/art/aircraft-final-production-v3/stage/assets/build/frames/unit.IR.gunship/team/recover/d00_f02.png'
08:45.666  render           | Saved: '/var/folders/n4/43n_jxh10gg3s770b_8jbzb80000gn/T/fc-team-coverage-bp7xbeok.png'
08:46.666  render           | Saved: '/Users/mohammedkalouti/Documents/Codex/2026-09-27/i/work/art/aircraft-final-production-v3/stage/assets/build/frames/unit.IR.gunship/shadow/recover/d00_f02.png'
08:47.257  render           | Saved: '/Users/mohammedkalouti/Documents/Codex/2026-09-27/i/work/art/aircraft-final-production-v3/stage/assets/build/frames/unit.IR.gunship/beauty/recover/d00_f03.png'
08:47.762  render           | Saved: '/Users/mohammedkalouti/Documents/Codex/2026-09-27/i/work/art/aircraft-final-production-v3/stage/assets/build/frames/unit.IR.gunship/team/recover/d00_f03.png'
08:48.032  render           | Saved: '/var/folders/n4/43n_jxh10gg3s770b_8jbzb80000gn/T/fc-team-coverage-rble8cwm.png'
08:49.028  render           | Saved: '/Users/mohammedkalouti/Documents/Codex/2026-09-27/i/work/art/aircraft-final-production-v3/stage/assets/build/frames/unit.IR.gunship/shadow/recover/d00_f03.png'
08:49.647  render           | Saved: '/Users/mohammedkalouti/Documents/Codex/2026-09-27/i/work/art/aircraft-final-production-v3/stage/assets/build/frames/unit.IR.gunship/beauty/recover/d01_f00.png'
08:50.155  render           | Saved: '/Users/mohammedkalouti/Documents/Codex/2026-09-27/i/work/art/aircraft-final-production-v3/stage/assets/build/frames/unit.IR.gunship/team/recover/d01_f00.png'
08:50.417  render           | Saved: '/var/folders/n4/43n_jxh10gg3s770b_8jbzb80000gn/T/fc-team-coverage-vf3o00if.png'
08:51.407  render           | Saved: '/Users/mohammedkalouti/Documents/Codex/2026-09-27/i/work/art/aircraft-final-production-v3/stage/assets/build/frames/unit.IR.gunship/shadow/recover/d01_f00.png'
08:52.020  render           | Saved: '/Users/mohammedkalouti/Documents/Codex/2026-09-27/i/work/art/aircraft-final-production-v3/stage/assets/build/frames/unit.IR.gunship/beauty/recover/d01_f01.png'
08:52.519  render           | Saved: '/Users/mohammedkalouti/Documents/Codex/2026-09-27/i/work/art/aircraft-final-production-v3/stage/assets/build/frames/unit.IR.gunship/team/recover/d01_f01.png'
08:52.781  render           | Saved: '/var/folders/n4/43n_jxh10gg3s770b_8jbzb80000gn/T/fc-team-coverage-pgz6f_uk.png'
08:53.757  render           | Saved: '/Users/mohammedkalouti/Documents/Codex/2026-09-27/i/work/art/aircraft-final-production-v3/stage/assets/build/frames/unit.IR.gunship/shadow/recover/d01_f01.png'
08:54.348  render           | Saved: '/Users/mohammedkalouti/Documents/Codex/2026-09-27/i/work/art/aircraft-final-production-v3/stage/assets/build/frames/unit.IR.gunship/beauty/recover/d01_f02.png'
08:54.843  render           | Saved: '/Users/mohammedkalouti/Documents/Codex/2026-09-27/i/work/art/aircraft-final-production-v3/stage/assets/build/frames/unit.IR.gunship/team/recover/d01_f02.png'
08:55.117  render           | Saved: '/var/folders/n4/43n_jxh10gg3s770b_8jbzb80000gn/T/fc-team-coverage-nrj2ros4.png'
08:56.109  render           | Saved: '/Users/mohammedkalouti/Documents/Codex/2026-09-27/i/work/art/aircraft-final-production-v3/stage/assets/build/frames/unit.IR.gunship/shadow/recover/d01_f02.png'
08:56.715  render           | Saved: '/Users/mohammedkalouti/Documents/Codex/2026-09-27/i/work/art/aircraft-final-production-v3/stage/assets/build/frames/unit.IR.gunship/beauty/recover/d01_f03.png'
08:57.219  render           | Saved: '/Users/mohammedkalouti/Documents/Codex/2026-09-27/i/work/art/aircraft-final-production-v3/stage/assets/build/frames/unit.IR.gunship/team/recover/d01_f03.png'
08:57.484  render           | Saved: '/var/folders/n4/43n_jxh10gg3s770b_8jbzb80000gn/T/fc-team-coverage-xeq5c9eq.png'
08:58.468  render           | Saved: '/Users/mohammedkalouti/Documents/Codex/2026-09-27/i/work/art/aircraft-final-production-v3/stage/assets/build/frames/unit.IR.gunship/shadow/recover/d01_f03.png'
08:59.061  render           | Saved: '/Users/mohammedkalouti/Documents/Codex/2026-09-27/i/work/art/aircraft-final-production-v3/stage/assets/build/frames/unit.IR.gunship/beauty/recover/d02_f00.png'
08:59.568  render           | Saved: '/Users/mohammedkalouti/Documents/Codex/2026-09-27/i/work/art/aircraft-final-production-v3/stage/assets/build/frames/unit.IR.gunship/team/recover/d02_f00.png'
08:59.840  render           | Saved: '/var/folders/n4/43n_jxh10gg3s770b_8jbzb80000gn/T/fc-team-coverage-jczophh9.png'
09:00.827  render           | Saved: '/Users/mohammedkalouti/Documents/Codex/2026-09-27/i/work/art/aircraft-final-production-v3/stage/assets/build/frames/unit.IR.gunship/shadow/recover/d02_f00.png'
09:01.425  render           | Saved: '/Users/mohammedkalouti/Documents/Codex/2026-09-27/i/work/art/aircraft-final-production-v3/stage/assets/build/frames/unit.IR.gunship/beauty/recover/d02_f01.png'
09:01.942  render           | Saved: '/Users/mohammedkalouti/Documents/Codex/2026-09-27/i/work/art/aircraft-final-production-v3/stage/assets/build/frames/unit.IR.gunship/team/recover/d02_f01.png'
09:02.213  render           | Saved: '/var/folders/n4/43n_jxh10gg3s770b_8jbzb80000gn/T/fc-team-coverage-s9sdcnji.png'
09:03.208  render           | Saved: '/Users/mohammedkalouti/Documents/Codex/2026-09-27/i/work/art/aircraft-final-production-v3/stage/assets/build/frames/unit.IR.gunship/shadow/recover/d02_f01.png'
09:03.830  render           | Saved: '/Users/mohammedkalouti/Documents/Codex/2026-09-27/i/work/art/aircraft-final-production-v3/stage/assets/build/frames/unit.IR.gunship/beauty/recover/d02_f02.png'
09:04.350  render           | Saved: '/Users/mohammedkalouti/Documents/Codex/2026-09-27/i/work/art/aircraft-final-production-v3/stage/assets/build/frames/unit.IR.gunship/team/recover/d02_f02.png'
09:04.626  render           | Saved: '/var/folders/n4/43n_jxh10gg3s770b_8jbzb80000gn/T/fc-team-coverage-uc9rt8a9.png'
09:05.606  render           | Saved: '/Users/mohammedkalouti/Documents/Codex/2026-09-27/i/work/art/aircraft-final-production-v3/stage/assets/build/frames/unit.IR.gunship/shadow/recover/d02_f02.png'
09:06.201  render           | Saved: '/Users/mohammedkalouti/Documents/Codex/2026-09-27/i/work/art/aircraft-final-production-v3/stage/assets/build/frames/unit.IR.gunship/beauty/recover/d02_f03.png'
09:06.711  render           | Saved: '/Users/mohammedkalouti/Documents/Codex/2026-09-27/i/work/art/aircraft-final-production-v3/stage/assets/build/frames/unit.IR.gunship/team/recover/d02_f03.png'
09:06.980  render           | Saved: '/var/folders/n4/43n_jxh10gg3s770b_8jbzb80000gn/T/fc-team-coverage-qekmtlsm.png'
09:07.961  render           | Saved: '/Users/mohammedkalouti/Documents/Codex/2026-09-27/i/work/art/aircraft-final-production-v3/stage/assets/build/frames/unit.IR.gunship/shadow/recover/d02_f03.png'
09:08.571  render           | Saved: '/Users/mohammedkalouti/Documents/Codex/2026-09-27/i/work/art/aircraft-final-production-v3/stage/assets/build/frames/unit.IR.gunship/beauty/recover/d03_f00.png'
09:09.067  render           | Saved: '/Users/mohammedkalouti/Documents/Codex/2026-09-27/i/work/art/aircraft-final-production-v3/stage/assets/build/frames/unit.IR.gunship/team/recover/d03_f00.png'
09:09.334  render           | Saved: '/var/folders/n4/43n_jxh10gg3s770b_8jbzb80000gn/T/fc-team-coverage-qskqqnnh.png'
09:10.301  render           | Saved: '/Users/mohammedkalouti/Documents/Codex/2026-09-27/i/work/art/aircraft-final-production-v3/stage/assets/build/frames/unit.IR.gunship/shadow/recover/d03_f00.png'
09:10.898  render           | Saved: '/Users/mohammedkalouti/Documents/Codex/2026-09-27/i/work/art/aircraft-final-production-v3/stage/assets/build/frames/unit.IR.gunship/beauty/recover/d03_f01.png'
09:11.408  render           | Saved: '/Users/mohammedkalouti/Documents/Codex/2026-09-27/i/work/art/aircraft-final-production-v3/stage/assets/build/frames/unit.IR.gunship/team/recover/d03_f01.png'
09:11.674  render           | Saved: '/var/folders/n4/43n_jxh10gg3s770b_8jbzb80000gn/T/fc-team-coverage-6yyn9yqe.png'
09:12.645  render           | Saved: '/Users/mohammedkalouti/Documents/Codex/2026-09-27/i/work/art/aircraft-final-production-v3/stage/assets/build/frames/unit.IR.gunship/shadow/recover/d03_f01.png'
09:13.237  render           | Saved: '/Users/mohammedkalouti/Documents/Codex/2026-09-27/i/work/art/aircraft-final-production-v3/stage/assets/build/frames/unit.IR.gunship/beauty/recover/d03_f02.png'
09:13.739  render           | Saved: '/Users/mohammedkalouti/Documents/Codex/2026-09-27/i/work/art/aircraft-final-production-v3/stage/assets/build/frames/unit.IR.gunship/team/recover/d03_f02.png'
09:14.014  render           | Saved: '/var/folders/n4/43n_jxh10gg3s770b_8jbzb80000gn/T/fc-team-coverage-11timnhy.png'
09:14.991  render           | Saved: '/Users/mohammedkalouti/Documents/Codex/2026-09-27/i/work/art/aircraft-final-production-v3/stage/assets/build/frames/unit.IR.gunship/shadow/recover/d03_f02.png'
09:15.594  render           | Saved: '/Users/mohammedkalouti/Documents/Codex/2026-09-27/i/work/art/aircraft-final-production-v3/stage/assets/build/frames/unit.IR.gunship/beauty/recover/d03_f03.png'
09:16.105  render           | Saved: '/Users/mohammedkalouti/Documents/Codex/2026-09-27/i/work/art/aircraft-final-production-v3/stage/assets/build/frames/unit.IR.gunship/team/recover/d03_f03.png'
09:16.381  render           | Saved: '/var/folders/n4/43n_jxh10gg3s770b_8jbzb80000gn/T/fc-team-coverage-hvu4ooht.png'
09:17.363  render           | Saved: '/Users/mohammedkalouti/Documents/Codex/2026-09-27/i/work/art/aircraft-final-production-v3/stage/assets/build/frames/unit.IR.gunship/shadow/recover/d03_f03.png'
09:17.953  render           | Saved: '/Users/mohammedkalouti/Documents/Codex/2026-09-27/i/work/art/aircraft-final-production-v3/stage/assets/build/frames/unit.IR.gunship/beauty/recover/d04_f00.png'
09:18.462  render           | Saved: '/Users/mohammedkalouti/Documents/Codex/2026-09-27/i/work/art/aircraft-final-production-v3/stage/assets/build/frames/unit.IR.gunship/team/recover/d04_f00.png'
09:18.734  render           | Saved: '/var/folders/n4/43n_jxh10gg3s770b_8jbzb80000gn/T/fc-team-coverage-jwop7i9f.png'
09:19.711  render           | Saved: '/Users/mohammedkalouti/Documents/Codex/2026-09-27/i/work/art/aircraft-final-production-v3/stage/assets/build/frames/unit.IR.gunship/shadow/recover/d04_f00.png'
09:20.304  render           | Saved: '/Users/mohammedkalouti/Documents/Codex/2026-09-27/i/work/art/aircraft-final-production-v3/stage/assets/build/frames/unit.IR.gunship/beauty/recover/d04_f01.png'
09:20.807  render           | Saved: '/Users/mohammedkalouti/Documents/Codex/2026-09-27/i/work/art/aircraft-final-production-v3/stage/assets/build/frames/unit.IR.gunship/team/recover/d04_f01.png'
09:21.080  render           | Saved: '/var/folders/n4/43n_jxh10gg3s770b_8jbzb80000gn/T/fc-team-coverage-w0hrwl2f.png'
09:22.076  render           | Saved: '/Users/mohammedkalouti/Documents/Codex/2026-09-27/i/work/art/aircraft-final-production-v3/stage/assets/build/frames/unit.IR.gunship/shadow/recover/d04_f01.png'
09:22.669  render           | Saved: '/Users/mohammedkalouti/Documents/Codex/2026-09-27/i/work/art/aircraft-final-production-v3/stage/assets/build/frames/unit.IR.gunship/beauty/recover/d04_f02.png'
09:23.169  render           | Saved: '/Users/mohammedkalouti/Documents/Codex/2026-09-27/i/work/art/aircraft-final-production-v3/stage/assets/build/frames/unit.IR.gunship/team/recover/d04_f02.png'
09:23.446  render           | Saved: '/var/folders/n4/43n_jxh10gg3s770b_8jbzb80000gn/T/fc-team-coverage-t4w7fuxv.png'
09:24.433  render           | Saved: '/Users/mohammedkalouti/Documents/Codex/2026-09-27/i/work/art/aircraft-final-production-v3/stage/assets/build/frames/unit.IR.gunship/shadow/recover/d04_f02.png'
09:25.017  render           | Saved: '/Users/mohammedkalouti/Documents/Codex/2026-09-27/i/work/art/aircraft-final-production-v3/stage/assets/build/frames/unit.IR.gunship/beauty/recover/d04_f03.png'
09:25.526  render           | Saved: '/Users/mohammedkalouti/Documents/Codex/2026-09-27/i/work/art/aircraft-final-production-v3/stage/assets/build/frames/unit.IR.gunship/team/recover/d04_f03.png'
09:25.800  render           | Saved: '/var/folders/n4/43n_jxh10gg3s770b_8jbzb80000gn/T/fc-team-coverage-qm219k6v.png'
09:26.778  render           | Saved: '/Users/mohammedkalouti/Documents/Codex/2026-09-27/i/work/art/aircraft-final-production-v3/stage/assets/build/frames/unit.IR.gunship/shadow/recover/d04_f03.png'
09:27.372  render           | Saved: '/Users/mohammedkalouti/Documents/Codex/2026-09-27/i/work/art/aircraft-final-production-v3/stage/assets/build/frames/unit.IR.gunship/beauty/recover/d05_f00.png'
09:27.870  render           | Saved: '/Users/mohammedkalouti/Documents/Codex/2026-09-27/i/work/art/aircraft-final-production-v3/stage/assets/build/frames/unit.IR.gunship/team/recover/d05_f00.png'
09:28.135  render           | Saved: '/var/folders/n4/43n_jxh10gg3s770b_8jbzb80000gn/T/fc-team-coverage-70knzhaq.png'
09:29.109  render           | Saved: '/Users/mohammedkalouti/Documents/Codex/2026-09-27/i/work/art/aircraft-final-production-v3/stage/assets/build/frames/unit.IR.gunship/shadow/recover/d05_f00.png'
09:29.700  render           | Saved: '/Users/mohammedkalouti/Documents/Codex/2026-09-27/i/work/art/aircraft-final-production-v3/stage/assets/build/frames/unit.IR.gunship/beauty/recover/d05_f01.png'
09:30.204  render           | Saved: '/Users/mohammedkalouti/Documents/Codex/2026-09-27/i/work/art/aircraft-final-production-v3/stage/assets/build/frames/unit.IR.gunship/team/recover/d05_f01.png'
09:30.469  render           | Saved: '/var/folders/n4/43n_jxh10gg3s770b_8jbzb80000gn/T/fc-team-coverage-hgmgw5vy.png'
09:31.452  render           | Saved: '/Users/mohammedkalouti/Documents/Codex/2026-09-27/i/work/art/aircraft-final-production-v3/stage/assets/build/frames/unit.IR.gunship/shadow/recover/d05_f01.png'
09:32.041  render           | Saved: '/Users/mohammedkalouti/Documents/Codex/2026-09-27/i/work/art/aircraft-final-production-v3/stage/assets/build/frames/unit.IR.gunship/beauty/recover/d05_f02.png'
09:32.554  render           | Saved: '/Users/mohammedkalouti/Documents/Codex/2026-09-27/i/work/art/aircraft-final-production-v3/stage/assets/build/frames/unit.IR.gunship/team/recover/d05_f02.png'
09:32.832  render           | Saved: '/var/folders/n4/43n_jxh10gg3s770b_8jbzb80000gn/T/fc-team-coverage-6o9cqjus.png'
09:33.824  render           | Saved: '/Users/mohammedkalouti/Documents/Codex/2026-09-27/i/work/art/aircraft-final-production-v3/stage/assets/build/frames/unit.IR.gunship/shadow/recover/d05_f02.png'
09:34.417  render           | Saved: '/Users/mohammedkalouti/Documents/Codex/2026-09-27/i/work/art/aircraft-final-production-v3/stage/assets/build/frames/unit.IR.gunship/beauty/recover/d05_f03.png'
09:34.922  render           | Saved: '/Users/mohammedkalouti/Documents/Codex/2026-09-27/i/work/art/aircraft-final-production-v3/stage/assets/build/frames/unit.IR.gunship/team/recover/d05_f03.png'
09:35.196  render           | Saved: '/var/folders/n4/43n_jxh10gg3s770b_8jbzb80000gn/T/fc-team-coverage-77rrvqq7.png'
09:36.193  render           | Saved: '/Users/mohammedkalouti/Documents/Codex/2026-09-27/i/work/art/aircraft-final-production-v3/stage/assets/build/frames/unit.IR.gunship/shadow/recover/d05_f03.png'
09:36.785  render           | Saved: '/Users/mohammedkalouti/Documents/Codex/2026-09-27/i/work/art/aircraft-final-production-v3/stage/assets/build/frames/unit.IR.gunship/beauty/recover/d06_f00.png'
09:37.286  render           | Saved: '/Users/mohammedkalouti/Documents/Codex/2026-09-27/i/work/art/aircraft-final-production-v3/stage/assets/build/frames/unit.IR.gunship/team/recover/d06_f00.png'
09:37.550  render           | Saved: '/var/folders/n4/43n_jxh10gg3s770b_8jbzb80000gn/T/fc-team-coverage-hcux3_by.png'
09:38.537  render           | Saved: '/Users/mohammedkalouti/Documents/Codex/2026-09-27/i/work/art/aircraft-final-production-v3/stage/assets/build/frames/unit.IR.gunship/shadow/recover/d06_f00.png'
09:39.120  render           | Saved: '/Users/mohammedkalouti/Documents/Codex/2026-09-27/i/work/art/aircraft-final-production-v3/stage/assets/build/frames/unit.IR.gunship/beauty/recover/d06_f01.png'
09:39.626  render           | Saved: '/Users/mohammedkalouti/Documents/Codex/2026-09-27/i/work/art/aircraft-final-production-v3/stage/assets/build/frames/unit.IR.gunship/team/recover/d06_f01.png'
09:39.900  render           | Saved: '/var/folders/n4/43n_jxh10gg3s770b_8jbzb80000gn/T/fc-team-coverage-o_wg0csk.png'
09:40.889  render           | Saved: '/Users/mohammedkalouti/Documents/Codex/2026-09-27/i/work/art/aircraft-final-production-v3/stage/assets/build/frames/unit.IR.gunship/shadow/recover/d06_f01.png'
09:41.503  render           | Saved: '/Users/mohammedkalouti/Documents/Codex/2026-09-27/i/work/art/aircraft-final-production-v3/stage/assets/build/frames/unit.IR.gunship/beauty/recover/d06_f02.png'
09:42.004  render           | Saved: '/Users/mohammedkalouti/Documents/Codex/2026-09-27/i/work/art/aircraft-final-production-v3/stage/assets/build/frames/unit.IR.gunship/team/recover/d06_f02.png'
09:42.284  render           | Saved: '/var/folders/n4/43n_jxh10gg3s770b_8jbzb80000gn/T/fc-team-coverage-n187ycid.png'
09:43.264  render           | Saved: '/Users/mohammedkalouti/Documents/Codex/2026-09-27/i/work/art/aircraft-final-production-v3/stage/assets/build/frames/unit.IR.gunship/shadow/recover/d06_f02.png'
09:43.849  render           | Saved: '/Users/mohammedkalouti/Documents/Codex/2026-09-27/i/work/art/aircraft-final-production-v3/stage/assets/build/frames/unit.IR.gunship/beauty/recover/d06_f03.png'
09:44.356  render           | Saved: '/Users/mohammedkalouti/Documents/Codex/2026-09-27/i/work/art/aircraft-final-production-v3/stage/assets/build/frames/unit.IR.gunship/team/recover/d06_f03.png'
09:44.622  render           | Saved: '/var/folders/n4/43n_jxh10gg3s770b_8jbzb80000gn/T/fc-team-coverage-l65de175.png'
09:45.609  render           | Saved: '/Users/mohammedkalouti/Documents/Codex/2026-09-27/i/work/art/aircraft-final-production-v3/stage/assets/build/frames/unit.IR.gunship/shadow/recover/d06_f03.png'
09:46.200  render           | Saved: '/Users/mohammedkalouti/Documents/Codex/2026-09-27/i/work/art/aircraft-final-production-v3/stage/assets/build/frames/unit.IR.gunship/beauty/recover/d07_f00.png'
09:46.709  render           | Saved: '/Users/mohammedkalouti/Documents/Codex/2026-09-27/i/work/art/aircraft-final-production-v3/stage/assets/build/frames/unit.IR.gunship/team/recover/d07_f00.png'
09:46.976  render           | Saved: '/var/folders/n4/43n_jxh10gg3s770b_8jbzb80000gn/T/fc-team-coverage-0fq_vw76.png'
09:48.147  render           | Saved: '/Users/mohammedkalouti/Documents/Codex/2026-09-27/i/work/art/aircraft-final-production-v3/stage/assets/build/frames/unit.IR.gunship/shadow/recover/d07_f00.png'
09:48.887  render           | Saved: '/Users/mohammedkalouti/Documents/Codex/2026-09-27/i/work/art/aircraft-final-production-v3/stage/assets/build/frames/unit.IR.gunship/beauty/recover/d07_f01.png'
09:49.438  render           | Saved: '/Users/mohammedkalouti/Documents/Codex/2026-09-27/i/work/art/aircraft-final-production-v3/stage/assets/build/frames/unit.IR.gunship/team/recover/d07_f01.png'
09:49.714  render           | Saved: '/var/folders/n4/43n_jxh10gg3s770b_8jbzb80000gn/T/fc-team-coverage-d_pfgjkg.png'
09:50.790  render           | Saved: '/Users/mohammedkalouti/Documents/Codex/2026-09-27/i/work/art/aircraft-final-production-v3/stage/assets/build/frames/unit.IR.gunship/shadow/recover/d07_f01.png'
09:51.426  render           | Saved: '/Users/mohammedkalouti/Documents/Codex/2026-09-27/i/work/art/aircraft-final-production-v3/stage/assets/build/frames/unit.IR.gunship/beauty/recover/d07_f02.png'
09:51.950  render           | Saved: '/Users/mohammedkalouti/Documents/Codex/2026-09-27/i/work/art/aircraft-final-production-v3/stage/assets/build/frames/unit.IR.gunship/team/recover/d07_f02.png'
09:52.217  render           | Saved: '/var/folders/n4/43n_jxh10gg3s770b_8jbzb80000gn/T/fc-team-coverage-iwmgns31.png'
09:53.232  render           | Saved: '/Users/mohammedkalouti/Documents/Codex/2026-09-27/i/work/art/aircraft-final-production-v3/stage/assets/build/frames/unit.IR.gunship/shadow/recover/d07_f02.png'
09:53.834  render           | Saved: '/Users/mohammedkalouti/Documents/Codex/2026-09-27/i/work/art/aircraft-final-production-v3/stage/assets/build/frames/unit.IR.gunship/beauty/recover/d07_f03.png'
09:54.351  render           | Saved: '/Users/mohammedkalouti/Documents/Codex/2026-09-27/i/work/art/aircraft-final-production-v3/stage/assets/build/frames/unit.IR.gunship/team/recover/d07_f03.png'
09:54.616  render           | Saved: '/var/folders/n4/43n_jxh10gg3s770b_8jbzb80000gn/T/fc-team-coverage-tz3woiio.png'
09:55.605  render           | Saved: '/Users/mohammedkalouti/Documents/Codex/2026-09-27/i/work/art/aircraft-final-production-v3/stage/assets/build/frames/unit.IR.gunship/shadow/recover/d07_f03.png'
09:56.210  render           | Saved: '/Users/mohammedkalouti/Documents/Codex/2026-09-27/i/work/art/aircraft-final-production-v3/stage/assets/build/frames/unit.IR.gunship/beauty/recover/d08_f00.png'
09:56.719  render           | Saved: '/Users/mohammedkalouti/Documents/Codex/2026-09-27/i/work/art/aircraft-final-production-v3/stage/assets/build/frames/unit.IR.gunship/team/recover/d08_f00.png'
09:56.987  render           | Saved: '/var/folders/n4/43n_jxh10gg3s770b_8jbzb80000gn/T/fc-team-coverage-8nwdiqvy.png'
09:57.974  render           | Saved: '/Users/mohammedkalouti/Documents/Codex/2026-09-27/i/work/art/aircraft-final-production-v3/stage/assets/build/frames/unit.IR.gunship/shadow/recover/d08_f00.png'
09:58.588  render           | Saved: '/Users/mohammedkalouti/Documents/Codex/2026-09-27/i/work/art/aircraft-final-production-v3/stage/assets/build/frames/unit.IR.gunship/beauty/recover/d08_f01.png'
09:59.087  render           | Saved: '/Users/mohammedkalouti/Documents/Codex/2026-09-27/i/work/art/aircraft-final-production-v3/stage/assets/build/frames/unit.IR.gunship/team/recover/d08_f01.png'
09:59.347  render           | Saved: '/var/folders/n4/43n_jxh10gg3s770b_8jbzb80000gn/T/fc-team-coverage-uqvlazk4.png'
10:00.331  render           | Saved: '/Users/mohammedkalouti/Documents/Codex/2026-09-27/i/work/art/aircraft-final-production-v3/stage/assets/build/frames/unit.IR.gunship/shadow/recover/d08_f01.png'
10:00.925  render           | Saved: '/Users/mohammedkalouti/Documents/Codex/2026-09-27/i/work/art/aircraft-final-production-v3/stage/assets/build/frames/unit.IR.gunship/beauty/recover/d08_f02.png'
10:01.435  render           | Saved: '/Users/mohammedkalouti/Documents/Codex/2026-09-27/i/work/art/aircraft-final-production-v3/stage/assets/build/frames/unit.IR.gunship/team/recover/d08_f02.png'
10:01.696  render           | Saved: '/var/folders/n4/43n_jxh10gg3s770b_8jbzb80000gn/T/fc-team-coverage-uq6mz84f.png'
10:02.693  render           | Saved: '/Users/mohammedkalouti/Documents/Codex/2026-09-27/i/work/art/aircraft-final-production-v3/stage/assets/build/frames/unit.IR.gunship/shadow/recover/d08_f02.png'
10:03.277  render           | Saved: '/Users/mohammedkalouti/Documents/Codex/2026-09-27/i/work/art/aircraft-final-production-v3/stage/assets/build/frames/unit.IR.gunship/beauty/recover/d08_f03.png'
10:03.775  render           | Saved: '/Users/mohammedkalouti/Documents/Codex/2026-09-27/i/work/art/aircraft-final-production-v3/stage/assets/build/frames/unit.IR.gunship/team/recover/d08_f03.png'
10:04.047  render           | Saved: '/var/folders/n4/43n_jxh10gg3s770b_8jbzb80000gn/T/fc-team-coverage-vmw20_4i.png'
10:05.019  render           | Saved: '/Users/mohammedkalouti/Documents/Codex/2026-09-27/i/work/art/aircraft-final-production-v3/stage/assets/build/frames/unit.IR.gunship/shadow/recover/d08_f03.png'
10:05.614  render           | Saved: '/Users/mohammedkalouti/Documents/Codex/2026-09-27/i/work/art/aircraft-final-production-v3/stage/assets/build/frames/unit.IR.gunship/beauty/recover/d09_f00.png'
10:06.119  render           | Saved: '/Users/mohammedkalouti/Documents/Codex/2026-09-27/i/work/art/aircraft-final-production-v3/stage/assets/build/frames/unit.IR.gunship/team/recover/d09_f00.png'
10:06.382  render           | Saved: '/var/folders/n4/43n_jxh10gg3s770b_8jbzb80000gn/T/fc-team-coverage-p5b0iqs2.png'
10:07.353  render           | Saved: '/Users/mohammedkalouti/Documents/Codex/2026-09-27/i/work/art/aircraft-final-production-v3/stage/assets/build/frames/unit.IR.gunship/shadow/recover/d09_f00.png'
10:07.937  render           | Saved: '/Users/mohammedkalouti/Documents/Codex/2026-09-27/i/work/art/aircraft-final-production-v3/stage/assets/build/frames/unit.IR.gunship/beauty/recover/d09_f01.png'
10:08.447  render           | Saved: '/Users/mohammedkalouti/Documents/Codex/2026-09-27/i/work/art/aircraft-final-production-v3/stage/assets/build/frames/unit.IR.gunship/team/recover/d09_f01.png'
10:08.712  render           | Saved: '/var/folders/n4/43n_jxh10gg3s770b_8jbzb80000gn/T/fc-team-coverage-d39s8h5e.png'
10:09.685  render           | Saved: '/Users/mohammedkalouti/Documents/Codex/2026-09-27/i/work/art/aircraft-final-production-v3/stage/assets/build/frames/unit.IR.gunship/shadow/recover/d09_f01.png'
10:10.271  render           | Saved: '/Users/mohammedkalouti/Documents/Codex/2026-09-27/i/work/art/aircraft-final-production-v3/stage/assets/build/frames/unit.IR.gunship/beauty/recover/d09_f02.png'
10:10.774  render           | Saved: '/Users/mohammedkalouti/Documents/Codex/2026-09-27/i/work/art/aircraft-final-production-v3/stage/assets/build/frames/unit.IR.gunship/team/recover/d09_f02.png'
10:11.050  render           | Saved: '/var/folders/n4/43n_jxh10gg3s770b_8jbzb80000gn/T/fc-team-coverage-ev_u5e0_.png'
10:12.025  render           | Saved: '/Users/mohammedkalouti/Documents/Codex/2026-09-27/i/work/art/aircraft-final-production-v3/stage/assets/build/frames/unit.IR.gunship/shadow/recover/d09_f02.png'
10:12.624  render           | Saved: '/Users/mohammedkalouti/Documents/Codex/2026-09-27/i/work/art/aircraft-final-production-v3/stage/assets/build/frames/unit.IR.gunship/beauty/recover/d09_f03.png'
10:13.150  render           | Saved: '/Users/mohammedkalouti/Documents/Codex/2026-09-27/i/work/art/aircraft-final-production-v3/stage/assets/build/frames/unit.IR.gunship/team/recover/d09_f03.png'
10:13.413  render           | Saved: '/var/folders/n4/43n_jxh10gg3s770b_8jbzb80000gn/T/fc-team-coverage-ic1y903s.png'
10:14.601  render           | Saved: '/Users/mohammedkalouti/Documents/Codex/2026-09-27/i/work/art/aircraft-final-production-v3/stage/assets/build/frames/unit.IR.gunship/shadow/recover/d09_f03.png'
10:15.256  render           | Saved: '/Users/mohammedkalouti/Documents/Codex/2026-09-27/i/work/art/aircraft-final-production-v3/stage/assets/build/frames/unit.IR.gunship/beauty/recover/d10_f00.png'
10:15.811  render           | Saved: '/Users/mohammedkalouti/Documents/Codex/2026-09-27/i/work/art/aircraft-final-production-v3/stage/assets/build/frames/unit.IR.gunship/team/recover/d10_f00.png'
10:16.085  render           | Saved: '/var/folders/n4/43n_jxh10gg3s770b_8jbzb80000gn/T/fc-team-coverage-n9id6bax.png'
10:17.154  render           | Saved: '/Users/mohammedkalouti/Documents/Codex/2026-09-27/i/work/art/aircraft-final-production-v3/stage/assets/build/frames/unit.IR.gunship/shadow/recover/d10_f00.png'
10:17.798  render           | Saved: '/Users/mohammedkalouti/Documents/Codex/2026-09-27/i/work/art/aircraft-final-production-v3/stage/assets/build/frames/unit.IR.gunship/beauty/recover/d10_f01.png'
10:18.353  render           | Saved: '/Users/mohammedkalouti/Documents/Codex/2026-09-27/i/work/art/aircraft-final-production-v3/stage/assets/build/frames/unit.IR.gunship/team/recover/d10_f01.png'
10:18.612  render           | Saved: '/var/folders/n4/43n_jxh10gg3s770b_8jbzb80000gn/T/fc-team-coverage-z4c5g_8e.png'
10:19.677  render           | Saved: '/Users/mohammedkalouti/Documents/Codex/2026-09-27/i/work/art/aircraft-final-production-v3/stage/assets/build/frames/unit.IR.gunship/shadow/recover/d10_f01.png'
10:20.354  render           | Saved: '/Users/mohammedkalouti/Documents/Codex/2026-09-27/i/work/art/aircraft-final-production-v3/stage/assets/build/frames/unit.IR.gunship/beauty/recover/d10_f02.png'
10:20.903  render           | Saved: '/Users/mohammedkalouti/Documents/Codex/2026-09-27/i/work/art/aircraft-final-production-v3/stage/assets/build/frames/unit.IR.gunship/team/recover/d10_f02.png'
10:21.182  render           | Saved: '/var/folders/n4/43n_jxh10gg3s770b_8jbzb80000gn/T/fc-team-coverage-tsot56c2.png'
10:22.229  render           | Saved: '/Users/mohammedkalouti/Documents/Codex/2026-09-27/i/work/art/aircraft-final-production-v3/stage/assets/build/frames/unit.IR.gunship/shadow/recover/d10_f02.png'
10:22.882  render           | Saved: '/Users/mohammedkalouti/Documents/Codex/2026-09-27/i/work/art/aircraft-final-production-v3/stage/assets/build/frames/unit.IR.gunship/beauty/recover/d10_f03.png'
10:23.449  render           | Saved: '/Users/mohammedkalouti/Documents/Codex/2026-09-27/i/work/art/aircraft-final-production-v3/stage/assets/build/frames/unit.IR.gunship/team/recover/d10_f03.png'
10:23.739  render           | Saved: '/var/folders/n4/43n_jxh10gg3s770b_8jbzb80000gn/T/fc-team-coverage-hkbq0a_3.png'
10:24.827  render           | Saved: '/Users/mohammedkalouti/Documents/Codex/2026-09-27/i/work/art/aircraft-final-production-v3/stage/assets/build/frames/unit.IR.gunship/shadow/recover/d10_f03.png'
10:25.494  render           | Saved: '/Users/mohammedkalouti/Documents/Codex/2026-09-27/i/work/art/aircraft-final-production-v3/stage/assets/build/frames/unit.IR.gunship/beauty/recover/d11_f00.png'
10:26.101  render           | Saved: '/Users/mohammedkalouti/Documents/Codex/2026-09-27/i/work/art/aircraft-final-production-v3/stage/assets/build/frames/unit.IR.gunship/team/recover/d11_f00.png'
10:26.405  render           | Saved: '/var/folders/n4/43n_jxh10gg3s770b_8jbzb80000gn/T/fc-team-coverage-kg12v7dp.png'
10:27.575  render           | Saved: '/Users/mohammedkalouti/Documents/Codex/2026-09-27/i/work/art/aircraft-final-production-v3/stage/assets/build/frames/unit.IR.gunship/shadow/recover/d11_f00.png'
10:28.276  render           | Saved: '/Users/mohammedkalouti/Documents/Codex/2026-09-27/i/work/art/aircraft-final-production-v3/stage/assets/build/frames/unit.IR.gunship/beauty/recover/d11_f01.png'
10:28.859  render           | Saved: '/Users/mohammedkalouti/Documents/Codex/2026-09-27/i/work/art/aircraft-final-production-v3/stage/assets/build/frames/unit.IR.gunship/team/recover/d11_f01.png'
10:29.146  render           | Saved: '/var/folders/n4/43n_jxh10gg3s770b_8jbzb80000gn/T/fc-team-coverage-6ij32klc.png'
10:30.226  render           | Saved: '/Users/mohammedkalouti/Documents/Codex/2026-09-27/i/work/art/aircraft-final-production-v3/stage/assets/build/frames/unit.IR.gunship/shadow/recover/d11_f01.png'
10:30.889  render           | Saved: '/Users/mohammedkalouti/Documents/Codex/2026-09-27/i/work/art/aircraft-final-production-v3/stage/assets/build/frames/unit.IR.gunship/beauty/recover/d11_f02.png'
10:31.439  render           | Saved: '/Users/mohammedkalouti/Documents/Codex/2026-09-27/i/work/art/aircraft-final-production-v3/stage/assets/build/frames/unit.IR.gunship/team/recover/d11_f02.png'
10:31.714  render           | Saved: '/var/folders/n4/43n_jxh10gg3s770b_8jbzb80000gn/T/fc-team-coverage-n2yf42m_.png'
10:32.799  render           | Saved: '/Users/mohammedkalouti/Documents/Codex/2026-09-27/i/work/art/aircraft-final-production-v3/stage/assets/build/frames/unit.IR.gunship/shadow/recover/d11_f02.png'
10:33.428  render           | Saved: '/Users/mohammedkalouti/Documents/Codex/2026-09-27/i/work/art/aircraft-final-production-v3/stage/assets/build/frames/unit.IR.gunship/beauty/recover/d11_f03.png'
10:33.992  render           | Saved: '/Users/mohammedkalouti/Documents/Codex/2026-09-27/i/work/art/aircraft-final-production-v3/stage/assets/build/frames/unit.IR.gunship/team/recover/d11_f03.png'
10:34.267  render           | Saved: '/var/folders/n4/43n_jxh10gg3s770b_8jbzb80000gn/T/fc-team-coverage-c53mngsy.png'
10:35.349  render           | Saved: '/Users/mohammedkalouti/Documents/Codex/2026-09-27/i/work/art/aircraft-final-production-v3/stage/assets/build/frames/unit.IR.gunship/shadow/recover/d11_f03.png'
10:35.980  render           | Saved: '/Users/mohammedkalouti/Documents/Codex/2026-09-27/i/work/art/aircraft-final-production-v3/stage/assets/build/frames/unit.IR.gunship/beauty/recover/d12_f00.png'
10:36.547  render           | Saved: '/Users/mohammedkalouti/Documents/Codex/2026-09-27/i/work/art/aircraft-final-production-v3/stage/assets/build/frames/unit.IR.gunship/team/recover/d12_f00.png'
10:36.853  render           | Saved: '/var/folders/n4/43n_jxh10gg3s770b_8jbzb80000gn/T/fc-team-coverage-hvsagka0.png'
10:37.937  render           | Saved: '/Users/mohammedkalouti/Documents/Codex/2026-09-27/i/work/art/aircraft-final-production-v3/stage/assets/build/frames/unit.IR.gunship/shadow/recover/d12_f00.png'
10:38.600  render           | Saved: '/Users/mohammedkalouti/Documents/Codex/2026-09-27/i/work/art/aircraft-final-production-v3/stage/assets/build/frames/unit.IR.gunship/beauty/recover/d12_f01.png'
10:39.144  render           | Saved: '/Users/mohammedkalouti/Documents/Codex/2026-09-27/i/work/art/aircraft-final-production-v3/stage/assets/build/frames/unit.IR.gunship/team/recover/d12_f01.png'
10:39.414  render           | Saved: '/var/folders/n4/43n_jxh10gg3s770b_8jbzb80000gn/T/fc-team-coverage-s_8fjowp.png'
10:40.470  render           | Saved: '/Users/mohammedkalouti/Documents/Codex/2026-09-27/i/work/art/aircraft-final-production-v3/stage/assets/build/frames/unit.IR.gunship/shadow/recover/d12_f01.png'
10:41.086  render           | Saved: '/Users/mohammedkalouti/Documents/Codex/2026-09-27/i/work/art/aircraft-final-production-v3/stage/assets/build/frames/unit.IR.gunship/beauty/recover/d12_f02.png'
10:41.611  render           | Saved: '/Users/mohammedkalouti/Documents/Codex/2026-09-27/i/work/art/aircraft-final-production-v3/stage/assets/build/frames/unit.IR.gunship/team/recover/d12_f02.png'
10:41.889  render           | Saved: '/var/folders/n4/43n_jxh10gg3s770b_8jbzb80000gn/T/fc-team-coverage-0go5xcl0.png'
10:42.913  render           | Saved: '/Users/mohammedkalouti/Documents/Codex/2026-09-27/i/work/art/aircraft-final-production-v3/stage/assets/build/frames/unit.IR.gunship/shadow/recover/d12_f02.png'
10:43.542  render           | Saved: '/Users/mohammedkalouti/Documents/Codex/2026-09-27/i/work/art/aircraft-final-production-v3/stage/assets/build/frames/unit.IR.gunship/beauty/recover/d12_f03.png'
10:44.043  render           | Saved: '/Users/mohammedkalouti/Documents/Codex/2026-09-27/i/work/art/aircraft-final-production-v3/stage/assets/build/frames/unit.IR.gunship/team/recover/d12_f03.png'
10:44.310  render           | Saved: '/var/folders/n4/43n_jxh10gg3s770b_8jbzb80000gn/T/fc-team-coverage-a2ne3mkm.png'
10:45.285  render           | Saved: '/Users/mohammedkalouti/Documents/Codex/2026-09-27/i/work/art/aircraft-final-production-v3/stage/assets/build/frames/unit.IR.gunship/shadow/recover/d12_f03.png'
10:45.896  render           | Saved: '/Users/mohammedkalouti/Documents/Codex/2026-09-27/i/work/art/aircraft-final-production-v3/stage/assets/build/frames/unit.IR.gunship/beauty/recover/d13_f00.png'
10:46.408  render           | Saved: '/Users/mohammedkalouti/Documents/Codex/2026-09-27/i/work/art/aircraft-final-production-v3/stage/assets/build/frames/unit.IR.gunship/team/recover/d13_f00.png'
10:46.668  render           | Saved: '/var/folders/n4/43n_jxh10gg3s770b_8jbzb80000gn/T/fc-team-coverage-sg5lyoj1.png'
10:47.694  render           | Saved: '/Users/mohammedkalouti/Documents/Codex/2026-09-27/i/work/art/aircraft-final-production-v3/stage/assets/build/frames/unit.IR.gunship/shadow/recover/d13_f00.png'
10:48.329  render           | Saved: '/Users/mohammedkalouti/Documents/Codex/2026-09-27/i/work/art/aircraft-final-production-v3/stage/assets/build/frames/unit.IR.gunship/beauty/recover/d13_f01.png'
10:48.844  render           | Saved: '/Users/mohammedkalouti/Documents/Codex/2026-09-27/i/work/art/aircraft-final-production-v3/stage/assets/build/frames/unit.IR.gunship/team/recover/d13_f01.png'
10:49.108  render           | Saved: '/var/folders/n4/43n_jxh10gg3s770b_8jbzb80000gn/T/fc-team-coverage-kqokzrgy.png'
10:50.096  render           | Saved: '/Users/mohammedkalouti/Documents/Codex/2026-09-27/i/work/art/aircraft-final-production-v3/stage/assets/build/frames/unit.IR.gunship/shadow/recover/d13_f01.png'
10:50.725  render           | Saved: '/Users/mohammedkalouti/Documents/Codex/2026-09-27/i/work/art/aircraft-final-production-v3/stage/assets/build/frames/unit.IR.gunship/beauty/recover/d13_f02.png'
10:51.244  render           | Saved: '/Users/mohammedkalouti/Documents/Codex/2026-09-27/i/work/art/aircraft-final-production-v3/stage/assets/build/frames/unit.IR.gunship/team/recover/d13_f02.png'
10:51.502  render           | Saved: '/var/folders/n4/43n_jxh10gg3s770b_8jbzb80000gn/T/fc-team-coverage-0424coxq.png'
10:52.529  render           | Saved: '/Users/mohammedkalouti/Documents/Codex/2026-09-27/i/work/art/aircraft-final-production-v3/stage/assets/build/frames/unit.IR.gunship/shadow/recover/d13_f02.png'
10:53.160  render           | Saved: '/Users/mohammedkalouti/Documents/Codex/2026-09-27/i/work/art/aircraft-final-production-v3/stage/assets/build/frames/unit.IR.gunship/beauty/recover/d13_f03.png'
10:53.677  render           | Saved: '/Users/mohammedkalouti/Documents/Codex/2026-09-27/i/work/art/aircraft-final-production-v3/stage/assets/build/frames/unit.IR.gunship/team/recover/d13_f03.png'
10:53.961  render           | Saved: '/var/folders/n4/43n_jxh10gg3s770b_8jbzb80000gn/T/fc-team-coverage-2g7neygs.png'
10:55.010  render           | Saved: '/Users/mohammedkalouti/Documents/Codex/2026-09-27/i/work/art/aircraft-final-production-v3/stage/assets/build/frames/unit.IR.gunship/shadow/recover/d13_f03.png'
10:55.698  render           | Saved: '/Users/mohammedkalouti/Documents/Codex/2026-09-27/i/work/art/aircraft-final-production-v3/stage/assets/build/frames/unit.IR.gunship/beauty/recover/d14_f00.png'
10:56.259  render           | Saved: '/Users/mohammedkalouti/Documents/Codex/2026-09-27/i/work/art/aircraft-final-production-v3/stage/assets/build/frames/unit.IR.gunship/team/recover/d14_f00.png'
10:56.531  render           | Saved: '/var/folders/n4/43n_jxh10gg3s770b_8jbzb80000gn/T/fc-team-coverage-babn0uxv.png'
10:57.644  render           | Saved: '/Users/mohammedkalouti/Documents/Codex/2026-09-27/i/work/art/aircraft-final-production-v3/stage/assets/build/frames/unit.IR.gunship/shadow/recover/d14_f00.png'
10:58.298  render           | Saved: '/Users/mohammedkalouti/Documents/Codex/2026-09-27/i/work/art/aircraft-final-production-v3/stage/assets/build/frames/unit.IR.gunship/beauty/recover/d14_f01.png'
10:58.817  render           | Saved: '/Users/mohammedkalouti/Documents/Codex/2026-09-27/i/work/art/aircraft-final-production-v3/stage/assets/build/frames/unit.IR.gunship/team/recover/d14_f01.png'
10:59.080  render           | Saved: '/var/folders/n4/43n_jxh10gg3s770b_8jbzb80000gn/T/fc-team-coverage-p758jteq.png'
11:00.131  render           | Saved: '/Users/mohammedkalouti/Documents/Codex/2026-09-27/i/work/art/aircraft-final-production-v3/stage/assets/build/frames/unit.IR.gunship/shadow/recover/d14_f01.png'
11:00.757  render           | Saved: '/Users/mohammedkalouti/Documents/Codex/2026-09-27/i/work/art/aircraft-final-production-v3/stage/assets/build/frames/unit.IR.gunship/beauty/recover/d14_f02.png'
11:01.300  render           | Saved: '/Users/mohammedkalouti/Documents/Codex/2026-09-27/i/work/art/aircraft-final-production-v3/stage/assets/build/frames/unit.IR.gunship/team/recover/d14_f02.png'
11:01.581  render           | Saved: '/var/folders/n4/43n_jxh10gg3s770b_8jbzb80000gn/T/fc-team-coverage-ydq3gbos.png'
11:02.598  render           | Saved: '/Users/mohammedkalouti/Documents/Codex/2026-09-27/i/work/art/aircraft-final-production-v3/stage/assets/build/frames/unit.IR.gunship/shadow/recover/d14_f02.png'
11:03.202  render           | Saved: '/Users/mohammedkalouti/Documents/Codex/2026-09-27/i/work/art/aircraft-final-production-v3/stage/assets/build/frames/unit.IR.gunship/beauty/recover/d14_f03.png'
11:03.711  render           | Saved: '/Users/mohammedkalouti/Documents/Codex/2026-09-27/i/work/art/aircraft-final-production-v3/stage/assets/build/frames/unit.IR.gunship/team/recover/d14_f03.png'
11:03.980  render           | Saved: '/var/folders/n4/43n_jxh10gg3s770b_8jbzb80000gn/T/fc-team-coverage-_zp22e6g.png'
11:04.997  render           | Saved: '/Users/mohammedkalouti/Documents/Codex/2026-09-27/i/work/art/aircraft-final-production-v3/stage/assets/build/frames/unit.IR.gunship/shadow/recover/d14_f03.png'
11:05.621  render           | Saved: '/Users/mohammedkalouti/Documents/Codex/2026-09-27/i/work/art/aircraft-final-production-v3/stage/assets/build/frames/unit.IR.gunship/beauty/recover/d15_f00.png'
11:06.138  render           | Saved: '/Users/mohammedkalouti/Documents/Codex/2026-09-27/i/work/art/aircraft-final-production-v3/stage/assets/build/frames/unit.IR.gunship/team/recover/d15_f00.png'
11:06.427  render           | Saved: '/var/folders/n4/43n_jxh10gg3s770b_8jbzb80000gn/T/fc-team-coverage-vxuz9cht.png'
11:07.419  render           | Saved: '/Users/mohammedkalouti/Documents/Codex/2026-09-27/i/work/art/aircraft-final-production-v3/stage/assets/build/frames/unit.IR.gunship/shadow/recover/d15_f00.png'
11:08.042  render           | Saved: '/Users/mohammedkalouti/Documents/Codex/2026-09-27/i/work/art/aircraft-final-production-v3/stage/assets/build/frames/unit.IR.gunship/beauty/recover/d15_f01.png'
11:08.550  render           | Saved: '/Users/mohammedkalouti/Documents/Codex/2026-09-27/i/work/art/aircraft-final-production-v3/stage/assets/build/frames/unit.IR.gunship/team/recover/d15_f01.png'
11:08.821  render           | Saved: '/var/folders/n4/43n_jxh10gg3s770b_8jbzb80000gn/T/fc-team-coverage-5_fbl4k6.png'
11:09.806  render           | Saved: '/Users/mohammedkalouti/Documents/Codex/2026-09-27/i/work/art/aircraft-final-production-v3/stage/assets/build/frames/unit.IR.gunship/shadow/recover/d15_f01.png'
11:10.409  render           | Saved: '/Users/mohammedkalouti/Documents/Codex/2026-09-27/i/work/art/aircraft-final-production-v3/stage/assets/build/frames/unit.IR.gunship/beauty/recover/d15_f02.png'
11:10.925  render           | Saved: '/Users/mohammedkalouti/Documents/Codex/2026-09-27/i/work/art/aircraft-final-production-v3/stage/assets/build/frames/unit.IR.gunship/team/recover/d15_f02.png'
11:11.202  render           | Saved: '/var/folders/n4/43n_jxh10gg3s770b_8jbzb80000gn/T/fc-team-coverage-nd9zh4bb.png'
11:12.276  render           | Saved: '/Users/mohammedkalouti/Documents/Codex/2026-09-27/i/work/art/aircraft-final-production-v3/stage/assets/build/frames/unit.IR.gunship/shadow/recover/d15_f02.png'
11:12.925  render           | Saved: '/Users/mohammedkalouti/Documents/Codex/2026-09-27/i/work/art/aircraft-final-production-v3/stage/assets/build/frames/unit.IR.gunship/beauty/recover/d15_f03.png'
11:13.473  render           | Saved: '/Users/mohammedkalouti/Documents/Codex/2026-09-27/i/work/art/aircraft-final-production-v3/stage/assets/build/frames/unit.IR.gunship/team/recover/d15_f03.png'
11:13.751  render           | Saved: '/var/folders/n4/43n_jxh10gg3s770b_8jbzb80000gn/T/fc-team-coverage-4g3os7dq.png'
11:14.823  render           | Saved: '/Users/mohammedkalouti/Documents/Codex/2026-09-27/i/work/art/aircraft-final-production-v3/stage/assets/build/frames/unit.IR.gunship/shadow/recover/d15_f03.png'
11:15.437  render           | Saved: '/Users/mohammedkalouti/Documents/Codex/2026-09-27/i/work/art/aircraft-final-production-v3/stage/assets/build/frames/unit.IR.gunship/beauty/damaged/d00_f00.png'
11:15.942  render           | Saved: '/Users/mohammedkalouti/Documents/Codex/2026-09-27/i/work/art/aircraft-final-production-v3/stage/assets/build/frames/unit.IR.gunship/team/damaged/d00_f00.png'
11:16.219  render           | Saved: '/var/folders/n4/43n_jxh10gg3s770b_8jbzb80000gn/T/fc-team-coverage-i054s6dw.png'
11:17.217  render           | Saved: '/Users/mohammedkalouti/Documents/Codex/2026-09-27/i/work/art/aircraft-final-production-v3/stage/assets/build/frames/unit.IR.gunship/shadow/damaged/d00_f00.png'
11:17.862  render           | Saved: '/Users/mohammedkalouti/Documents/Codex/2026-09-27/i/work/art/aircraft-final-production-v3/stage/assets/build/frames/unit.IR.gunship/beauty/damaged/d01_f00.png'
11:18.389  render           | Saved: '/Users/mohammedkalouti/Documents/Codex/2026-09-27/i/work/art/aircraft-final-production-v3/stage/assets/build/frames/unit.IR.gunship/team/damaged/d01_f00.png'
11:18.676  render           | Saved: '/var/folders/n4/43n_jxh10gg3s770b_8jbzb80000gn/T/fc-team-coverage-ehv9esqa.png'
11:19.670  render           | Saved: '/Users/mohammedkalouti/Documents/Codex/2026-09-27/i/work/art/aircraft-final-production-v3/stage/assets/build/frames/unit.IR.gunship/shadow/damaged/d01_f00.png'
11:20.274  render           | Saved: '/Users/mohammedkalouti/Documents/Codex/2026-09-27/i/work/art/aircraft-final-production-v3/stage/assets/build/frames/unit.IR.gunship/beauty/damaged/d02_f00.png'
11:20.783  render           | Saved: '/Users/mohammedkalouti/Documents/Codex/2026-09-27/i/work/art/aircraft-final-production-v3/stage/assets/build/frames/unit.IR.gunship/team/damaged/d02_f00.png'
11:21.050  render           | Saved: '/var/folders/n4/43n_jxh10gg3s770b_8jbzb80000gn/T/fc-team-coverage-tkuo9u_w.png'
11:22.039  render           | Saved: '/Users/mohammedkalouti/Documents/Codex/2026-09-27/i/work/art/aircraft-final-production-v3/stage/assets/build/frames/unit.IR.gunship/shadow/damaged/d02_f00.png'
11:22.658  render           | Saved: '/Users/mohammedkalouti/Documents/Codex/2026-09-27/i/work/art/aircraft-final-production-v3/stage/assets/build/frames/unit.IR.gunship/beauty/damaged/d03_f00.png'
11:23.164  render           | Saved: '/Users/mohammedkalouti/Documents/Codex/2026-09-27/i/work/art/aircraft-final-production-v3/stage/assets/build/frames/unit.IR.gunship/team/damaged/d03_f00.png'
11:23.428  render           | Saved: '/var/folders/n4/43n_jxh10gg3s770b_8jbzb80000gn/T/fc-team-coverage-rbeq2nwe.png'
11:24.419  render           | Saved: '/Users/mohammedkalouti/Documents/Codex/2026-09-27/i/work/art/aircraft-final-production-v3/stage/assets/build/frames/unit.IR.gunship/shadow/damaged/d03_f00.png'
11:25.017  render           | Saved: '/Users/mohammedkalouti/Documents/Codex/2026-09-27/i/work/art/aircraft-final-production-v3/stage/assets/build/frames/unit.IR.gunship/beauty/damaged/d04_f00.png'
11:25.520  render           | Saved: '/Users/mohammedkalouti/Documents/Codex/2026-09-27/i/work/art/aircraft-final-production-v3/stage/assets/build/frames/unit.IR.gunship/team/damaged/d04_f00.png'
11:25.782  render           | Saved: '/var/folders/n4/43n_jxh10gg3s770b_8jbzb80000gn/T/fc-team-coverage-vyrt1a34.png'
11:26.774  render           | Saved: '/Users/mohammedkalouti/Documents/Codex/2026-09-27/i/work/art/aircraft-final-production-v3/stage/assets/build/frames/unit.IR.gunship/shadow/damaged/d04_f00.png'
11:27.377  render           | Saved: '/Users/mohammedkalouti/Documents/Codex/2026-09-27/i/work/art/aircraft-final-production-v3/stage/assets/build/frames/unit.IR.gunship/beauty/damaged/d05_f00.png'
11:27.880  render           | Saved: '/Users/mohammedkalouti/Documents/Codex/2026-09-27/i/work/art/aircraft-final-production-v3/stage/assets/build/frames/unit.IR.gunship/team/damaged/d05_f00.png'
11:28.149  render           | Saved: '/var/folders/n4/43n_jxh10gg3s770b_8jbzb80000gn/T/fc-team-coverage-8udlp7zb.png'
11:29.153  render           | Saved: '/Users/mohammedkalouti/Documents/Codex/2026-09-27/i/work/art/aircraft-final-production-v3/stage/assets/build/frames/unit.IR.gunship/shadow/damaged/d05_f00.png'
11:29.794  render           | Saved: '/Users/mohammedkalouti/Documents/Codex/2026-09-27/i/work/art/aircraft-final-production-v3/stage/assets/build/frames/unit.IR.gunship/beauty/damaged/d06_f00.png'
11:30.396  render           | Saved: '/Users/mohammedkalouti/Documents/Codex/2026-09-27/i/work/art/aircraft-final-production-v3/stage/assets/build/frames/unit.IR.gunship/team/damaged/d06_f00.png'
11:30.685  render           | Saved: '/var/folders/n4/43n_jxh10gg3s770b_8jbzb80000gn/T/fc-team-coverage-scyhzy9v.png'
11:31.723  render           | Saved: '/Users/mohammedkalouti/Documents/Codex/2026-09-27/i/work/art/aircraft-final-production-v3/stage/assets/build/frames/unit.IR.gunship/shadow/damaged/d06_f00.png'
11:32.317  render           | Saved: '/Users/mohammedkalouti/Documents/Codex/2026-09-27/i/work/art/aircraft-final-production-v3/stage/assets/build/frames/unit.IR.gunship/beauty/damaged/d07_f00.png'
11:32.830  render           | Saved: '/Users/mohammedkalouti/Documents/Codex/2026-09-27/i/work/art/aircraft-final-production-v3/stage/assets/build/frames/unit.IR.gunship/team/damaged/d07_f00.png'
11:33.097  render           | Saved: '/var/folders/n4/43n_jxh10gg3s770b_8jbzb80000gn/T/fc-team-coverage-4sz2x0cs.png'
11:34.109  render           | Saved: '/Users/mohammedkalouti/Documents/Codex/2026-09-27/i/work/art/aircraft-final-production-v3/stage/assets/build/frames/unit.IR.gunship/shadow/damaged/d07_f00.png'
11:34.728  render           | Saved: '/Users/mohammedkalouti/Documents/Codex/2026-09-27/i/work/art/aircraft-final-production-v3/stage/assets/build/frames/unit.IR.gunship/beauty/damaged/d08_f00.png'
11:35.268  render           | Saved: '/Users/mohammedkalouti/Documents/Codex/2026-09-27/i/work/art/aircraft-final-production-v3/stage/assets/build/frames/unit.IR.gunship/team/damaged/d08_f00.png'
11:35.535  render           | Saved: '/var/folders/n4/43n_jxh10gg3s770b_8jbzb80000gn/T/fc-team-coverage-3xx4yvep.png'
11:36.527  render           | Saved: '/Users/mohammedkalouti/Documents/Codex/2026-09-27/i/work/art/aircraft-final-production-v3/stage/assets/build/frames/unit.IR.gunship/shadow/damaged/d08_f00.png'
11:37.122  render           | Saved: '/Users/mohammedkalouti/Documents/Codex/2026-09-27/i/work/art/aircraft-final-production-v3/stage/assets/build/frames/unit.IR.gunship/beauty/damaged/d09_f00.png'
11:37.644  render           | Saved: '/Users/mohammedkalouti/Documents/Codex/2026-09-27/i/work/art/aircraft-final-production-v3/stage/assets/build/frames/unit.IR.gunship/team/damaged/d09_f00.png'
11:37.920  render           | Saved: '/var/folders/n4/43n_jxh10gg3s770b_8jbzb80000gn/T/fc-team-coverage-c1m0i499.png'
11:38.928  render           | Saved: '/Users/mohammedkalouti/Documents/Codex/2026-09-27/i/work/art/aircraft-final-production-v3/stage/assets/build/frames/unit.IR.gunship/shadow/damaged/d09_f00.png'
11:39.542  render           | Saved: '/Users/mohammedkalouti/Documents/Codex/2026-09-27/i/work/art/aircraft-final-production-v3/stage/assets/build/frames/unit.IR.gunship/beauty/damaged/d10_f00.png'
11:40.057  render           | Saved: '/Users/mohammedkalouti/Documents/Codex/2026-09-27/i/work/art/aircraft-final-production-v3/stage/assets/build/frames/unit.IR.gunship/team/damaged/d10_f00.png'
11:40.322  render           | Saved: '/var/folders/n4/43n_jxh10gg3s770b_8jbzb80000gn/T/fc-team-coverage-qp84r4x5.png'
11:41.384  render           | Saved: '/Users/mohammedkalouti/Documents/Codex/2026-09-27/i/work/art/aircraft-final-production-v3/stage/assets/build/frames/unit.IR.gunship/shadow/damaged/d10_f00.png'
11:42.007  render           | Saved: '/Users/mohammedkalouti/Documents/Codex/2026-09-27/i/work/art/aircraft-final-production-v3/stage/assets/build/frames/unit.IR.gunship/beauty/damaged/d11_f00.png'
11:42.526  render           | Saved: '/Users/mohammedkalouti/Documents/Codex/2026-09-27/i/work/art/aircraft-final-production-v3/stage/assets/build/frames/unit.IR.gunship/team/damaged/d11_f00.png'
11:42.806  render           | Saved: '/var/folders/n4/43n_jxh10gg3s770b_8jbzb80000gn/T/fc-team-coverage-h66hgtrg.png'
11:43.800  render           | Saved: '/Users/mohammedkalouti/Documents/Codex/2026-09-27/i/work/art/aircraft-final-production-v3/stage/assets/build/frames/unit.IR.gunship/shadow/damaged/d11_f00.png'
11:44.411  render           | Saved: '/Users/mohammedkalouti/Documents/Codex/2026-09-27/i/work/art/aircraft-final-production-v3/stage/assets/build/frames/unit.IR.gunship/beauty/damaged/d12_f00.png'
11:44.912  render           | Saved: '/Users/mohammedkalouti/Documents/Codex/2026-09-27/i/work/art/aircraft-final-production-v3/stage/assets/build/frames/unit.IR.gunship/team/damaged/d12_f00.png'
11:45.182  render           | Saved: '/var/folders/n4/43n_jxh10gg3s770b_8jbzb80000gn/T/fc-team-coverage-spqe_uaf.png'
11:46.167  render           | Saved: '/Users/mohammedkalouti/Documents/Codex/2026-09-27/i/work/art/aircraft-final-production-v3/stage/assets/build/frames/unit.IR.gunship/shadow/damaged/d12_f00.png'
11:46.787  render           | Saved: '/Users/mohammedkalouti/Documents/Codex/2026-09-27/i/work/art/aircraft-final-production-v3/stage/assets/build/frames/unit.IR.gunship/beauty/damaged/d13_f00.png'
11:47.312  render           | Saved: '/Users/mohammedkalouti/Documents/Codex/2026-09-27/i/work/art/aircraft-final-production-v3/stage/assets/build/frames/unit.IR.gunship/team/damaged/d13_f00.png'
11:47.577  render           | Saved: '/var/folders/n4/43n_jxh10gg3s770b_8jbzb80000gn/T/fc-team-coverage-2oa_tcoa.png'
11:48.568  render           | Saved: '/Users/mohammedkalouti/Documents/Codex/2026-09-27/i/work/art/aircraft-final-production-v3/stage/assets/build/frames/unit.IR.gunship/shadow/damaged/d13_f00.png'
11:49.179  render           | Saved: '/Users/mohammedkalouti/Documents/Codex/2026-09-27/i/work/art/aircraft-final-production-v3/stage/assets/build/frames/unit.IR.gunship/beauty/damaged/d14_f00.png'
11:49.691  render           | Saved: '/Users/mohammedkalouti/Documents/Codex/2026-09-27/i/work/art/aircraft-final-production-v3/stage/assets/build/frames/unit.IR.gunship/team/damaged/d14_f00.png'
11:49.966  render           | Saved: '/var/folders/n4/43n_jxh10gg3s770b_8jbzb80000gn/T/fc-team-coverage-mxbfckue.png'
11:50.975  render           | Saved: '/Users/mohammedkalouti/Documents/Codex/2026-09-27/i/work/art/aircraft-final-production-v3/stage/assets/build/frames/unit.IR.gunship/shadow/damaged/d14_f00.png'
11:51.603  render           | Saved: '/Users/mohammedkalouti/Documents/Codex/2026-09-27/i/work/art/aircraft-final-production-v3/stage/assets/build/frames/unit.IR.gunship/beauty/damaged/d15_f00.png'
11:52.116  render           | Saved: '/Users/mohammedkalouti/Documents/Codex/2026-09-27/i/work/art/aircraft-final-production-v3/stage/assets/build/frames/unit.IR.gunship/team/damaged/d15_f00.png'
11:52.385  render           | Saved: '/var/folders/n4/43n_jxh10gg3s770b_8jbzb80000gn/T/fc-team-coverage-zfdiyk6n.png'
11:53.392  render           | Saved: '/Users/mohammedkalouti/Documents/Codex/2026-09-27/i/work/art/aircraft-final-production-v3/stage/assets/build/frames/unit.IR.gunship/shadow/damaged/d15_f00.png'
11:54.005  render           | Saved: '/Users/mohammedkalouti/Documents/Codex/2026-09-27/i/work/art/aircraft-final-production-v3/stage/assets/build/frames/unit.IR.gunship/beauty/crash/d00_f00.png'
11:54.866  render           | Saved: '/Users/mohammedkalouti/Documents/Codex/2026-09-27/i/work/art/aircraft-final-production-v3/stage/assets/build/frames/unit.IR.gunship/shadow/crash/d00_f00.png'
11:55.430  render           | Saved: '/Users/mohammedkalouti/Documents/Codex/2026-09-27/i/work/art/aircraft-final-production-v3/stage/assets/build/frames/unit.IR.gunship/beauty/crash/d00_f01.png'
11:56.263  render           | Saved: '/Users/mohammedkalouti/Documents/Codex/2026-09-27/i/work/art/aircraft-final-production-v3/stage/assets/build/frames/unit.IR.gunship/shadow/crash/d00_f01.png'
11:56.828  render           | Saved: '/Users/mohammedkalouti/Documents/Codex/2026-09-27/i/work/art/aircraft-final-production-v3/stage/assets/build/frames/unit.IR.gunship/beauty/crash/d00_f02.png'
11:57.671  render           | Saved: '/Users/mohammedkalouti/Documents/Codex/2026-09-27/i/work/art/aircraft-final-production-v3/stage/assets/build/frames/unit.IR.gunship/shadow/crash/d00_f02.png'
11:58.219  render           | Saved: '/Users/mohammedkalouti/Documents/Codex/2026-09-27/i/work/art/aircraft-final-production-v3/stage/assets/build/frames/unit.IR.gunship/beauty/crash/d00_f03.png'
11:59.097  render           | Saved: '/Users/mohammedkalouti/Documents/Codex/2026-09-27/i/work/art/aircraft-final-production-v3/stage/assets/build/frames/unit.IR.gunship/shadow/crash/d00_f03.png'
11:59.678  render           | Saved: '/Users/mohammedkalouti/Documents/Codex/2026-09-27/i/work/art/aircraft-final-production-v3/stage/assets/build/frames/unit.IR.gunship/beauty/crash/d01_f00.png'
12:00.533  render           | Saved: '/Users/mohammedkalouti/Documents/Codex/2026-09-27/i/work/art/aircraft-final-production-v3/stage/assets/build/frames/unit.IR.gunship/shadow/crash/d01_f00.png'
12:01.095  render           | Saved: '/Users/mohammedkalouti/Documents/Codex/2026-09-27/i/work/art/aircraft-final-production-v3/stage/assets/build/frames/unit.IR.gunship/beauty/crash/d01_f01.png'
12:01.953  render           | Saved: '/Users/mohammedkalouti/Documents/Codex/2026-09-27/i/work/art/aircraft-final-production-v3/stage/assets/build/frames/unit.IR.gunship/shadow/crash/d01_f01.png'
12:02.497  render           | Saved: '/Users/mohammedkalouti/Documents/Codex/2026-09-27/i/work/art/aircraft-final-production-v3/stage/assets/build/frames/unit.IR.gunship/beauty/crash/d01_f02.png'
12:03.331  render           | Saved: '/Users/mohammedkalouti/Documents/Codex/2026-09-27/i/work/art/aircraft-final-production-v3/stage/assets/build/frames/unit.IR.gunship/shadow/crash/d01_f02.png'
12:03.926  render           | Saved: '/Users/mohammedkalouti/Documents/Codex/2026-09-27/i/work/art/aircraft-final-production-v3/stage/assets/build/frames/unit.IR.gunship/beauty/crash/d01_f03.png'
12:04.787  render           | Saved: '/Users/mohammedkalouti/Documents/Codex/2026-09-27/i/work/art/aircraft-final-production-v3/stage/assets/build/frames/unit.IR.gunship/shadow/crash/d01_f03.png'
12:05.365  render           | Saved: '/Users/mohammedkalouti/Documents/Codex/2026-09-27/i/work/art/aircraft-final-production-v3/stage/assets/build/frames/unit.IR.gunship/beauty/crash/d02_f00.png'
12:06.195  render           | Saved: '/Users/mohammedkalouti/Documents/Codex/2026-09-27/i/work/art/aircraft-final-production-v3/stage/assets/build/frames/unit.IR.gunship/shadow/crash/d02_f00.png'
12:06.772  render           | Saved: '/Users/mohammedkalouti/Documents/Codex/2026-09-27/i/work/art/aircraft-final-production-v3/stage/assets/build/frames/unit.IR.gunship/beauty/crash/d02_f01.png'
12:07.606  render           | Saved: '/Users/mohammedkalouti/Documents/Codex/2026-09-27/i/work/art/aircraft-final-production-v3/stage/assets/build/frames/unit.IR.gunship/shadow/crash/d02_f01.png'
12:08.162  render           | Saved: '/Users/mohammedkalouti/Documents/Codex/2026-09-27/i/work/art/aircraft-final-production-v3/stage/assets/build/frames/unit.IR.gunship/beauty/crash/d02_f02.png'
12:08.987  render           | Saved: '/Users/mohammedkalouti/Documents/Codex/2026-09-27/i/work/art/aircraft-final-production-v3/stage/assets/build/frames/unit.IR.gunship/shadow/crash/d02_f02.png'
12:09.547  render           | Saved: '/Users/mohammedkalouti/Documents/Codex/2026-09-27/i/work/art/aircraft-final-production-v3/stage/assets/build/frames/unit.IR.gunship/beauty/crash/d02_f03.png'
12:10.372  render           | Saved: '/Users/mohammedkalouti/Documents/Codex/2026-09-27/i/work/art/aircraft-final-production-v3/stage/assets/build/frames/unit.IR.gunship/shadow/crash/d02_f03.png'
12:10.948  render           | Saved: '/Users/mohammedkalouti/Documents/Codex/2026-09-27/i/work/art/aircraft-final-production-v3/stage/assets/build/frames/unit.IR.gunship/beauty/crash/d03_f00.png'
12:11.778  render           | Saved: '/Users/mohammedkalouti/Documents/Codex/2026-09-27/i/work/art/aircraft-final-production-v3/stage/assets/build/frames/unit.IR.gunship/shadow/crash/d03_f00.png'
12:12.345  render           | Saved: '/Users/mohammedkalouti/Documents/Codex/2026-09-27/i/work/art/aircraft-final-production-v3/stage/assets/build/frames/unit.IR.gunship/beauty/crash/d03_f01.png'
12:13.176  render           | Saved: '/Users/mohammedkalouti/Documents/Codex/2026-09-27/i/work/art/aircraft-final-production-v3/stage/assets/build/frames/unit.IR.gunship/shadow/crash/d03_f01.png'
12:13.754  render           | Saved: '/Users/mohammedkalouti/Documents/Codex/2026-09-27/i/work/art/aircraft-final-production-v3/stage/assets/build/frames/unit.IR.gunship/beauty/crash/d03_f02.png'
12:14.571  render           | Saved: '/Users/mohammedkalouti/Documents/Codex/2026-09-27/i/work/art/aircraft-final-production-v3/stage/assets/build/frames/unit.IR.gunship/shadow/crash/d03_f02.png'
12:15.112  render           | Saved: '/Users/mohammedkalouti/Documents/Codex/2026-09-27/i/work/art/aircraft-final-production-v3/stage/assets/build/frames/unit.IR.gunship/beauty/crash/d03_f03.png'
12:15.951  render           | Saved: '/Users/mohammedkalouti/Documents/Codex/2026-09-27/i/work/art/aircraft-final-production-v3/stage/assets/build/frames/unit.IR.gunship/shadow/crash/d03_f03.png'
12:16.522  render           | Saved: '/Users/mohammedkalouti/Documents/Codex/2026-09-27/i/work/art/aircraft-final-production-v3/stage/assets/build/frames/unit.IR.gunship/beauty/crash/d04_f00.png'
12:17.345  render           | Saved: '/Users/mohammedkalouti/Documents/Codex/2026-09-27/i/work/art/aircraft-final-production-v3/stage/assets/build/frames/unit.IR.gunship/shadow/crash/d04_f00.png'
12:17.909  render           | Saved: '/Users/mohammedkalouti/Documents/Codex/2026-09-27/i/work/art/aircraft-final-production-v3/stage/assets/build/frames/unit.IR.gunship/beauty/crash/d04_f01.png'
12:18.749  render           | Saved: '/Users/mohammedkalouti/Documents/Codex/2026-09-27/i/work/art/aircraft-final-production-v3/stage/assets/build/frames/unit.IR.gunship/shadow/crash/d04_f01.png'
12:19.290  render           | Saved: '/Users/mohammedkalouti/Documents/Codex/2026-09-27/i/work/art/aircraft-final-production-v3/stage/assets/build/frames/unit.IR.gunship/beauty/crash/d04_f02.png'
12:20.126  render           | Saved: '/Users/mohammedkalouti/Documents/Codex/2026-09-27/i/work/art/aircraft-final-production-v3/stage/assets/build/frames/unit.IR.gunship/shadow/crash/d04_f02.png'
12:20.704  render           | Saved: '/Users/mohammedkalouti/Documents/Codex/2026-09-27/i/work/art/aircraft-final-production-v3/stage/assets/build/frames/unit.IR.gunship/beauty/crash/d04_f03.png'
12:21.562  render           | Saved: '/Users/mohammedkalouti/Documents/Codex/2026-09-27/i/work/art/aircraft-final-production-v3/stage/assets/build/frames/unit.IR.gunship/shadow/crash/d04_f03.png'
12:22.127  render           | Saved: '/Users/mohammedkalouti/Documents/Codex/2026-09-27/i/work/art/aircraft-final-production-v3/stage/assets/build/frames/unit.IR.gunship/beauty/crash/d05_f00.png'
12:22.954  render           | Saved: '/Users/mohammedkalouti/Documents/Codex/2026-09-27/i/work/art/aircraft-final-production-v3/stage/assets/build/frames/unit.IR.gunship/shadow/crash/d05_f00.png'
12:23.506  render           | Saved: '/Users/mohammedkalouti/Documents/Codex/2026-09-27/i/work/art/aircraft-final-production-v3/stage/assets/build/frames/unit.IR.gunship/beauty/crash/d05_f01.png'
12:24.364  render           | Saved: '/Users/mohammedkalouti/Documents/Codex/2026-09-27/i/work/art/aircraft-final-production-v3/stage/assets/build/frames/unit.IR.gunship/shadow/crash/d05_f01.png'
12:24.930  render           | Saved: '/Users/mohammedkalouti/Documents/Codex/2026-09-27/i/work/art/aircraft-final-production-v3/stage/assets/build/frames/unit.IR.gunship/beauty/crash/d05_f02.png'
12:25.755  render           | Saved: '/Users/mohammedkalouti/Documents/Codex/2026-09-27/i/work/art/aircraft-final-production-v3/stage/assets/build/frames/unit.IR.gunship/shadow/crash/d05_f02.png'
12:26.304  render           | Saved: '/Users/mohammedkalouti/Documents/Codex/2026-09-27/i/work/art/aircraft-final-production-v3/stage/assets/build/frames/unit.IR.gunship/beauty/crash/d05_f03.png'
12:27.143  render           | Saved: '/Users/mohammedkalouti/Documents/Codex/2026-09-27/i/work/art/aircraft-final-production-v3/stage/assets/build/frames/unit.IR.gunship/shadow/crash/d05_f03.png'
12:27.692  render           | Saved: '/Users/mohammedkalouti/Documents/Codex/2026-09-27/i/work/art/aircraft-final-production-v3/stage/assets/build/frames/unit.IR.gunship/beauty/crash/d06_f00.png'
12:28.559  render           | Saved: '/Users/mohammedkalouti/Documents/Codex/2026-09-27/i/work/art/aircraft-final-production-v3/stage/assets/build/frames/unit.IR.gunship/shadow/crash/d06_f00.png'
12:29.137  render           | Saved: '/Users/mohammedkalouti/Documents/Codex/2026-09-27/i/work/art/aircraft-final-production-v3/stage/assets/build/frames/unit.IR.gunship/beauty/crash/d06_f01.png'
12:30.065  render           | Saved: '/Users/mohammedkalouti/Documents/Codex/2026-09-27/i/work/art/aircraft-final-production-v3/stage/assets/build/frames/unit.IR.gunship/shadow/crash/d06_f01.png'
12:30.622  render           | Saved: '/Users/mohammedkalouti/Documents/Codex/2026-09-27/i/work/art/aircraft-final-production-v3/stage/assets/build/frames/unit.IR.gunship/beauty/crash/d06_f02.png'
12:31.447  render           | Saved: '/Users/mohammedkalouti/Documents/Codex/2026-09-27/i/work/art/aircraft-final-production-v3/stage/assets/build/frames/unit.IR.gunship/shadow/crash/d06_f02.png'
12:31.995  render           | Saved: '/Users/mohammedkalouti/Documents/Codex/2026-09-27/i/work/art/aircraft-final-production-v3/stage/assets/build/frames/unit.IR.gunship/beauty/crash/d06_f03.png'
12:32.844  render           | Saved: '/Users/mohammedkalouti/Documents/Codex/2026-09-27/i/work/art/aircraft-final-production-v3/stage/assets/build/frames/unit.IR.gunship/shadow/crash/d06_f03.png'
12:33.411  render           | Saved: '/Users/mohammedkalouti/Documents/Codex/2026-09-27/i/work/art/aircraft-final-production-v3/stage/assets/build/frames/unit.IR.gunship/beauty/crash/d07_f00.png'
12:34.237  render           | Saved: '/Users/mohammedkalouti/Documents/Codex/2026-09-27/i/work/art/aircraft-final-production-v3/stage/assets/build/frames/unit.IR.gunship/shadow/crash/d07_f00.png'
12:34.801  render           | Saved: '/Users/mohammedkalouti/Documents/Codex/2026-09-27/i/work/art/aircraft-final-production-v3/stage/assets/build/frames/unit.IR.gunship/beauty/crash/d07_f01.png'
12:35.640  render           | Saved: '/Users/mohammedkalouti/Documents/Codex/2026-09-27/i/work/art/aircraft-final-production-v3/stage/assets/build/frames/unit.IR.gunship/shadow/crash/d07_f01.png'
12:36.193  render           | Saved: '/Users/mohammedkalouti/Documents/Codex/2026-09-27/i/work/art/aircraft-final-production-v3/stage/assets/build/frames/unit.IR.gunship/beauty/crash/d07_f02.png'
12:37.035  render           | Saved: '/Users/mohammedkalouti/Documents/Codex/2026-09-27/i/work/art/aircraft-final-production-v3/stage/assets/build/frames/unit.IR.gunship/shadow/crash/d07_f02.png'
12:37.609  render           | Saved: '/Users/mohammedkalouti/Documents/Codex/2026-09-27/i/work/art/aircraft-final-production-v3/stage/assets/build/frames/unit.IR.gunship/beauty/crash/d07_f03.png'
12:38.439  render           | Saved: '/Users/mohammedkalouti/Documents/Codex/2026-09-27/i/work/art/aircraft-final-production-v3/stage/assets/build/frames/unit.IR.gunship/shadow/crash/d07_f03.png'
12:39.002  render           | Saved: '/Users/mohammedkalouti/Documents/Codex/2026-09-27/i/work/art/aircraft-final-production-v3/stage/assets/build/frames/unit.IR.gunship/beauty/crash/d08_f00.png'
12:39.839  render           | Saved: '/Users/mohammedkalouti/Documents/Codex/2026-09-27/i/work/art/aircraft-final-production-v3/stage/assets/build/frames/unit.IR.gunship/shadow/crash/d08_f00.png'
12:40.412  render           | Saved: '/Users/mohammedkalouti/Documents/Codex/2026-09-27/i/work/art/aircraft-final-production-v3/stage/assets/build/frames/unit.IR.gunship/beauty/crash/d08_f01.png'
12:41.255  render           | Saved: '/Users/mohammedkalouti/Documents/Codex/2026-09-27/i/work/art/aircraft-final-production-v3/stage/assets/build/frames/unit.IR.gunship/shadow/crash/d08_f01.png'
12:41.820  render           | Saved: '/Users/mohammedkalouti/Documents/Codex/2026-09-27/i/work/art/aircraft-final-production-v3/stage/assets/build/frames/unit.IR.gunship/beauty/crash/d08_f02.png'
12:42.669  render           | Saved: '/Users/mohammedkalouti/Documents/Codex/2026-09-27/i/work/art/aircraft-final-production-v3/stage/assets/build/frames/unit.IR.gunship/shadow/crash/d08_f02.png'
12:43.225  render           | Saved: '/Users/mohammedkalouti/Documents/Codex/2026-09-27/i/work/art/aircraft-final-production-v3/stage/assets/build/frames/unit.IR.gunship/beauty/crash/d08_f03.png'
12:44.068  render           | Saved: '/Users/mohammedkalouti/Documents/Codex/2026-09-27/i/work/art/aircraft-final-production-v3/stage/assets/build/frames/unit.IR.gunship/shadow/crash/d08_f03.png'
12:44.637  render           | Saved: '/Users/mohammedkalouti/Documents/Codex/2026-09-27/i/work/art/aircraft-final-production-v3/stage/assets/build/frames/unit.IR.gunship/beauty/crash/d09_f00.png'
12:45.508  render           | Saved: '/Users/mohammedkalouti/Documents/Codex/2026-09-27/i/work/art/aircraft-final-production-v3/stage/assets/build/frames/unit.IR.gunship/shadow/crash/d09_f00.png'
12:46.214  render           | Saved: '/Users/mohammedkalouti/Documents/Codex/2026-09-27/i/work/art/aircraft-final-production-v3/stage/assets/build/frames/unit.IR.gunship/beauty/crash/d09_f01.png'
12:47.158  render           | Saved: '/Users/mohammedkalouti/Documents/Codex/2026-09-27/i/work/art/aircraft-final-production-v3/stage/assets/build/frames/unit.IR.gunship/shadow/crash/d09_f01.png'
12:47.771  render           | Saved: '/Users/mohammedkalouti/Documents/Codex/2026-09-27/i/work/art/aircraft-final-production-v3/stage/assets/build/frames/unit.IR.gunship/beauty/crash/d09_f02.png'
12:48.621  render           | Saved: '/Users/mohammedkalouti/Documents/Codex/2026-09-27/i/work/art/aircraft-final-production-v3/stage/assets/build/frames/unit.IR.gunship/shadow/crash/d09_f02.png'
12:49.183  render           | Saved: '/Users/mohammedkalouti/Documents/Codex/2026-09-27/i/work/art/aircraft-final-production-v3/stage/assets/build/frames/unit.IR.gunship/beauty/crash/d09_f03.png'
12:50.073  render           | Saved: '/Users/mohammedkalouti/Documents/Codex/2026-09-27/i/work/art/aircraft-final-production-v3/stage/assets/build/frames/unit.IR.gunship/shadow/crash/d09_f03.png'
12:50.647  render           | Saved: '/Users/mohammedkalouti/Documents/Codex/2026-09-27/i/work/art/aircraft-final-production-v3/stage/assets/build/frames/unit.IR.gunship/beauty/crash/d10_f00.png'
12:51.505  render           | Saved: '/Users/mohammedkalouti/Documents/Codex/2026-09-27/i/work/art/aircraft-final-production-v3/stage/assets/build/frames/unit.IR.gunship/shadow/crash/d10_f00.png'
12:52.072  render           | Saved: '/Users/mohammedkalouti/Documents/Codex/2026-09-27/i/work/art/aircraft-final-production-v3/stage/assets/build/frames/unit.IR.gunship/beauty/crash/d10_f01.png'
12:52.914  render           | Saved: '/Users/mohammedkalouti/Documents/Codex/2026-09-27/i/work/art/aircraft-final-production-v3/stage/assets/build/frames/unit.IR.gunship/shadow/crash/d10_f01.png'
12:53.464  render           | Saved: '/Users/mohammedkalouti/Documents/Codex/2026-09-27/i/work/art/aircraft-final-production-v3/stage/assets/build/frames/unit.IR.gunship/beauty/crash/d10_f02.png'
12:54.332  render           | Saved: '/Users/mohammedkalouti/Documents/Codex/2026-09-27/i/work/art/aircraft-final-production-v3/stage/assets/build/frames/unit.IR.gunship/shadow/crash/d10_f02.png'
12:54.924  render           | Saved: '/Users/mohammedkalouti/Documents/Codex/2026-09-27/i/work/art/aircraft-final-production-v3/stage/assets/build/frames/unit.IR.gunship/beauty/crash/d10_f03.png'
12:55.758  render           | Saved: '/Users/mohammedkalouti/Documents/Codex/2026-09-27/i/work/art/aircraft-final-production-v3/stage/assets/build/frames/unit.IR.gunship/shadow/crash/d10_f03.png'
12:56.314  render           | Saved: '/Users/mohammedkalouti/Documents/Codex/2026-09-27/i/work/art/aircraft-final-production-v3/stage/assets/build/frames/unit.IR.gunship/beauty/crash/d11_f00.png'
12:57.159  render           | Saved: '/Users/mohammedkalouti/Documents/Codex/2026-09-27/i/work/art/aircraft-final-production-v3/stage/assets/build/frames/unit.IR.gunship/shadow/crash/d11_f00.png'
12:57.827  render           | Saved: '/Users/mohammedkalouti/Documents/Codex/2026-09-27/i/work/art/aircraft-final-production-v3/stage/assets/build/frames/unit.IR.gunship/beauty/crash/d11_f01.png'
12:58.679  render           | Saved: '/Users/mohammedkalouti/Documents/Codex/2026-09-27/i/work/art/aircraft-final-production-v3/stage/assets/build/frames/unit.IR.gunship/shadow/crash/d11_f01.png'
12:59.221  render           | Saved: '/Users/mohammedkalouti/Documents/Codex/2026-09-27/i/work/art/aircraft-final-production-v3/stage/assets/build/frames/unit.IR.gunship/beauty/crash/d11_f02.png'
13:00.048  render           | Saved: '/Users/mohammedkalouti/Documents/Codex/2026-09-27/i/work/art/aircraft-final-production-v3/stage/assets/build/frames/unit.IR.gunship/shadow/crash/d11_f02.png'
13:00.605  render           | Saved: '/Users/mohammedkalouti/Documents/Codex/2026-09-27/i/work/art/aircraft-final-production-v3/stage/assets/build/frames/unit.IR.gunship/beauty/crash/d11_f03.png'
13:01.427  render           | Saved: '/Users/mohammedkalouti/Documents/Codex/2026-09-27/i/work/art/aircraft-final-production-v3/stage/assets/build/frames/unit.IR.gunship/shadow/crash/d11_f03.png'
13:01.976  render           | Saved: '/Users/mohammedkalouti/Documents/Codex/2026-09-27/i/work/art/aircraft-final-production-v3/stage/assets/build/frames/unit.IR.gunship/beauty/crash/d12_f00.png'
13:02.827  render           | Saved: '/Users/mohammedkalouti/Documents/Codex/2026-09-27/i/work/art/aircraft-final-production-v3/stage/assets/build/frames/unit.IR.gunship/shadow/crash/d12_f00.png'
13:03.394  render           | Saved: '/Users/mohammedkalouti/Documents/Codex/2026-09-27/i/work/art/aircraft-final-production-v3/stage/assets/build/frames/unit.IR.gunship/beauty/crash/d12_f01.png'
13:04.226  render           | Saved: '/Users/mohammedkalouti/Documents/Codex/2026-09-27/i/work/art/aircraft-final-production-v3/stage/assets/build/frames/unit.IR.gunship/shadow/crash/d12_f01.png'
13:04.800  render           | Saved: '/Users/mohammedkalouti/Documents/Codex/2026-09-27/i/work/art/aircraft-final-production-v3/stage/assets/build/frames/unit.IR.gunship/beauty/crash/d12_f02.png'
13:05.638  render           | Saved: '/Users/mohammedkalouti/Documents/Codex/2026-09-27/i/work/art/aircraft-final-production-v3/stage/assets/build/frames/unit.IR.gunship/shadow/crash/d12_f02.png'
13:06.202  render           | Saved: '/Users/mohammedkalouti/Documents/Codex/2026-09-27/i/work/art/aircraft-final-production-v3/stage/assets/build/frames/unit.IR.gunship/beauty/crash/d12_f03.png'
13:07.031  render           | Saved: '/Users/mohammedkalouti/Documents/Codex/2026-09-27/i/work/art/aircraft-final-production-v3/stage/assets/build/frames/unit.IR.gunship/shadow/crash/d12_f03.png'
13:07.596  render           | Saved: '/Users/mohammedkalouti/Documents/Codex/2026-09-27/i/work/art/aircraft-final-production-v3/stage/assets/build/frames/unit.IR.gunship/beauty/crash/d13_f00.png'
13:08.736  render           | Saved: '/Users/mohammedkalouti/Documents/Codex/2026-09-27/i/work/art/aircraft-final-production-v3/stage/assets/build/frames/unit.IR.gunship/shadow/crash/d13_f00.png'
13:09.482  render           | Saved: '/Users/mohammedkalouti/Documents/Codex/2026-09-27/i/work/art/aircraft-final-production-v3/stage/assets/build/frames/unit.IR.gunship/beauty/crash/d13_f01.png'
13:10.392  render           | Saved: '/Users/mohammedkalouti/Documents/Codex/2026-09-27/i/work/art/aircraft-final-production-v3/stage/assets/build/frames/unit.IR.gunship/shadow/crash/d13_f01.png'
13:10.954  render           | Saved: '/Users/mohammedkalouti/Documents/Codex/2026-09-27/i/work/art/aircraft-final-production-v3/stage/assets/build/frames/unit.IR.gunship/beauty/crash/d13_f02.png'
13:11.829  render           | Saved: '/Users/mohammedkalouti/Documents/Codex/2026-09-27/i/work/art/aircraft-final-production-v3/stage/assets/build/frames/unit.IR.gunship/shadow/crash/d13_f02.png'
13:12.395  render           | Saved: '/Users/mohammedkalouti/Documents/Codex/2026-09-27/i/work/art/aircraft-final-production-v3/stage/assets/build/frames/unit.IR.gunship/beauty/crash/d13_f03.png'
13:13.307  render           | Saved: '/Users/mohammedkalouti/Documents/Codex/2026-09-27/i/work/art/aircraft-final-production-v3/stage/assets/build/frames/unit.IR.gunship/shadow/crash/d13_f03.png'
13:13.887  render           | Saved: '/Users/mohammedkalouti/Documents/Codex/2026-09-27/i/work/art/aircraft-final-production-v3/stage/assets/build/frames/unit.IR.gunship/beauty/crash/d14_f00.png'
13:14.794  render           | Saved: '/Users/mohammedkalouti/Documents/Codex/2026-09-27/i/work/art/aircraft-final-production-v3/stage/assets/build/frames/unit.IR.gunship/shadow/crash/d14_f00.png'
13:15.390  render           | Saved: '/Users/mohammedkalouti/Documents/Codex/2026-09-27/i/work/art/aircraft-final-production-v3/stage/assets/build/frames/unit.IR.gunship/beauty/crash/d14_f01.png'
13:16.323  render           | Saved: '/Users/mohammedkalouti/Documents/Codex/2026-09-27/i/work/art/aircraft-final-production-v3/stage/assets/build/frames/unit.IR.gunship/shadow/crash/d14_f01.png'
13:16.918  render           | Saved: '/Users/mohammedkalouti/Documents/Codex/2026-09-27/i/work/art/aircraft-final-production-v3/stage/assets/build/frames/unit.IR.gunship/beauty/crash/d14_f02.png'
13:17.813  render           | Saved: '/Users/mohammedkalouti/Documents/Codex/2026-09-27/i/work/art/aircraft-final-production-v3/stage/assets/build/frames/unit.IR.gunship/shadow/crash/d14_f02.png'
13:18.424  render           | Saved: '/Users/mohammedkalouti/Documents/Codex/2026-09-27/i/work/art/aircraft-final-production-v3/stage/assets/build/frames/unit.IR.gunship/beauty/crash/d14_f03.png'
13:19.258  render           | Saved: '/Users/mohammedkalouti/Documents/Codex/2026-09-27/i/work/art/aircraft-final-production-v3/stage/assets/build/frames/unit.IR.gunship/shadow/crash/d14_f03.png'
13:19.837  render           | Saved: '/Users/mohammedkalouti/Documents/Codex/2026-09-27/i/work/art/aircraft-final-production-v3/stage/assets/build/frames/unit.IR.gunship/beauty/crash/d15_f00.png'
13:20.681  render           | Saved: '/Users/mohammedkalouti/Documents/Codex/2026-09-27/i/work/art/aircraft-final-production-v3/stage/assets/build/frames/unit.IR.gunship/shadow/crash/d15_f00.png'
13:21.248  render           | Saved: '/Users/mohammedkalouti/Documents/Codex/2026-09-27/i/work/art/aircraft-final-production-v3/stage/assets/build/frames/unit.IR.gunship/beauty/crash/d15_f01.png'
13:22.092  render           | Saved: '/Users/mohammedkalouti/Documents/Codex/2026-09-27/i/work/art/aircraft-final-production-v3/stage/assets/build/frames/unit.IR.gunship/shadow/crash/d15_f01.png'
13:22.705  render           | Saved: '/Users/mohammedkalouti/Documents/Codex/2026-09-27/i/work/art/aircraft-final-production-v3/stage/assets/build/frames/unit.IR.gunship/beauty/crash/d15_f02.png'
13:23.545  render           | Saved: '/Users/mohammedkalouti/Documents/Codex/2026-09-27/i/work/art/aircraft-final-production-v3/stage/assets/build/frames/unit.IR.gunship/shadow/crash/d15_f02.png'
13:24.096  render           | Saved: '/Users/mohammedkalouti/Documents/Codex/2026-09-27/i/work/art/aircraft-final-production-v3/stage/assets/build/frames/unit.IR.gunship/beauty/crash/d15_f03.png'
13:24.945  render           | Saved: '/Users/mohammedkalouti/Documents/Codex/2026-09-27/i/work/art/aircraft-final-production-v3/stage/assets/build/frames/unit.IR.gunship/shadow/crash/d15_f03.png'
13:25.571  render           | Saved: '/Users/mohammedkalouti/Documents/Codex/2026-09-27/i/work/art/aircraft-final-production-v3/stage/assets/build/frames/unit.IR.gunship/beauty/fire/d00_f00.png'
13:26.100  render           | Saved: '/Users/mohammedkalouti/Documents/Codex/2026-09-27/i/work/art/aircraft-final-production-v3/stage/assets/build/frames/unit.IR.gunship/team/fire/d00_f00.png'
13:26.406  render           | Saved: '/var/folders/n4/43n_jxh10gg3s770b_8jbzb80000gn/T/fc-team-coverage-n30e_h2l.png'
13:27.775  render           | Saved: '/Users/mohammedkalouti/Documents/Codex/2026-09-27/i/work/art/aircraft-final-production-v3/stage/assets/build/frames/unit.IR.gunship/shadow/fire/d00_f00.png'
13:28.557  render           | Saved: '/Users/mohammedkalouti/Documents/Codex/2026-09-27/i/work/art/aircraft-final-production-v3/stage/assets/build/frames/unit.IR.gunship/beauty/fire/d00_f01.png'
13:29.126  render           | Saved: '/Users/mohammedkalouti/Documents/Codex/2026-09-27/i/work/art/aircraft-final-production-v3/stage/assets/build/frames/unit.IR.gunship/team/fire/d00_f01.png'
13:29.451  render           | Saved: '/var/folders/n4/43n_jxh10gg3s770b_8jbzb80000gn/T/fc-team-coverage-0p8178ra.png'
13:30.558  render           | Saved: '/Users/mohammedkalouti/Documents/Codex/2026-09-27/i/work/art/aircraft-final-production-v3/stage/assets/build/frames/unit.IR.gunship/shadow/fire/d00_f01.png'
13:31.219  render           | Saved: '/Users/mohammedkalouti/Documents/Codex/2026-09-27/i/work/art/aircraft-final-production-v3/stage/assets/build/frames/unit.IR.gunship/beauty/fire/d01_f00.png'
13:31.798  render           | Saved: '/Users/mohammedkalouti/Documents/Codex/2026-09-27/i/work/art/aircraft-final-production-v3/stage/assets/build/frames/unit.IR.gunship/team/fire/d01_f00.png'
13:32.087  render           | Saved: '/var/folders/n4/43n_jxh10gg3s770b_8jbzb80000gn/T/fc-team-coverage-bmweue0l.png'
13:33.186  render           | Saved: '/Users/mohammedkalouti/Documents/Codex/2026-09-27/i/work/art/aircraft-final-production-v3/stage/assets/build/frames/unit.IR.gunship/shadow/fire/d01_f00.png'
13:33.858  render           | Saved: '/Users/mohammedkalouti/Documents/Codex/2026-09-27/i/work/art/aircraft-final-production-v3/stage/assets/build/frames/unit.IR.gunship/beauty/fire/d01_f01.png'
13:34.399  render           | Saved: '/Users/mohammedkalouti/Documents/Codex/2026-09-27/i/work/art/aircraft-final-production-v3/stage/assets/build/frames/unit.IR.gunship/team/fire/d01_f01.png'
13:34.725  render           | Saved: '/var/folders/n4/43n_jxh10gg3s770b_8jbzb80000gn/T/fc-team-coverage-gapl3j20.png'
13:36.256  render           | Saved: '/Users/mohammedkalouti/Documents/Codex/2026-09-27/i/work/art/aircraft-final-production-v3/stage/assets/build/frames/unit.IR.gunship/shadow/fire/d01_f01.png'
13:37.052  render           | Saved: '/Users/mohammedkalouti/Documents/Codex/2026-09-27/i/work/art/aircraft-final-production-v3/stage/assets/build/frames/unit.IR.gunship/beauty/fire/d02_f00.png'
13:37.653  render           | Saved: '/Users/mohammedkalouti/Documents/Codex/2026-09-27/i/work/art/aircraft-final-production-v3/stage/assets/build/frames/unit.IR.gunship/team/fire/d02_f00.png'
13:37.985  render           | Saved: '/var/folders/n4/43n_jxh10gg3s770b_8jbzb80000gn/T/fc-team-coverage-jbs1gjk8.png'
13:39.138  render           | Saved: '/Users/mohammedkalouti/Documents/Codex/2026-09-27/i/work/art/aircraft-final-production-v3/stage/assets/build/frames/unit.IR.gunship/shadow/fire/d02_f00.png'
13:39.802  render           | Saved: '/Users/mohammedkalouti/Documents/Codex/2026-09-27/i/work/art/aircraft-final-production-v3/stage/assets/build/frames/unit.IR.gunship/beauty/fire/d02_f01.png'
13:40.370  render           | Saved: '/Users/mohammedkalouti/Documents/Codex/2026-09-27/i/work/art/aircraft-final-production-v3/stage/assets/build/frames/unit.IR.gunship/team/fire/d02_f01.png'
13:40.648  render           | Saved: '/var/folders/n4/43n_jxh10gg3s770b_8jbzb80000gn/T/fc-team-coverage-g088ny2h.png'
13:41.751  render           | Saved: '/Users/mohammedkalouti/Documents/Codex/2026-09-27/i/work/art/aircraft-final-production-v3/stage/assets/build/frames/unit.IR.gunship/shadow/fire/d02_f01.png'
13:42.397  render           | Saved: '/Users/mohammedkalouti/Documents/Codex/2026-09-27/i/work/art/aircraft-final-production-v3/stage/assets/build/frames/unit.IR.gunship/beauty/fire/d03_f00.png'
13:42.942  render           | Saved: '/Users/mohammedkalouti/Documents/Codex/2026-09-27/i/work/art/aircraft-final-production-v3/stage/assets/build/frames/unit.IR.gunship/team/fire/d03_f00.png'
13:43.215  render           | Saved: '/var/folders/n4/43n_jxh10gg3s770b_8jbzb80000gn/T/fc-team-coverage-mf02m1oe.png'
13:44.246  render           | Saved: '/Users/mohammedkalouti/Documents/Codex/2026-09-27/i/work/art/aircraft-final-production-v3/stage/assets/build/frames/unit.IR.gunship/shadow/fire/d03_f00.png'
13:44.865  render           | Saved: '/Users/mohammedkalouti/Documents/Codex/2026-09-27/i/work/art/aircraft-final-production-v3/stage/assets/build/frames/unit.IR.gunship/beauty/fire/d03_f01.png'
13:45.402  render           | Saved: '/Users/mohammedkalouti/Documents/Codex/2026-09-27/i/work/art/aircraft-final-production-v3/stage/assets/build/frames/unit.IR.gunship/team/fire/d03_f01.png'
13:45.713  render           | Saved: '/var/folders/n4/43n_jxh10gg3s770b_8jbzb80000gn/T/fc-team-coverage-didhjkuy.png'
13:46.745  render           | Saved: '/Users/mohammedkalouti/Documents/Codex/2026-09-27/i/work/art/aircraft-final-production-v3/stage/assets/build/frames/unit.IR.gunship/shadow/fire/d03_f01.png'
13:47.364  render           | Saved: '/Users/mohammedkalouti/Documents/Codex/2026-09-27/i/work/art/aircraft-final-production-v3/stage/assets/build/frames/unit.IR.gunship/beauty/fire/d04_f00.png'
13:47.898  render           | Saved: '/Users/mohammedkalouti/Documents/Codex/2026-09-27/i/work/art/aircraft-final-production-v3/stage/assets/build/frames/unit.IR.gunship/team/fire/d04_f00.png'
13:48.184  render           | Saved: '/var/folders/n4/43n_jxh10gg3s770b_8jbzb80000gn/T/fc-team-coverage-_fy1fxvr.png'
13:49.183  render           | Saved: '/Users/mohammedkalouti/Documents/Codex/2026-09-27/i/work/art/aircraft-final-production-v3/stage/assets/build/frames/unit.IR.gunship/shadow/fire/d04_f00.png'
13:49.800  render           | Saved: '/Users/mohammedkalouti/Documents/Codex/2026-09-27/i/work/art/aircraft-final-production-v3/stage/assets/build/frames/unit.IR.gunship/beauty/fire/d04_f01.png'
13:50.340  render           | Saved: '/Users/mohammedkalouti/Documents/Codex/2026-09-27/i/work/art/aircraft-final-production-v3/stage/assets/build/frames/unit.IR.gunship/team/fire/d04_f01.png'
13:50.618  render           | Saved: '/var/folders/n4/43n_jxh10gg3s770b_8jbzb80000gn/T/fc-team-coverage-nex_i0xi.png'
13:51.625  render           | Saved: '/Users/mohammedkalouti/Documents/Codex/2026-09-27/i/work/art/aircraft-final-production-v3/stage/assets/build/frames/unit.IR.gunship/shadow/fire/d04_f01.png'
13:52.240  render           | Saved: '/Users/mohammedkalouti/Documents/Codex/2026-09-27/i/work/art/aircraft-final-production-v3/stage/assets/build/frames/unit.IR.gunship/beauty/fire/d05_f00.png'
13:52.751  render           | Saved: '/Users/mohammedkalouti/Documents/Codex/2026-09-27/i/work/art/aircraft-final-production-v3/stage/assets/build/frames/unit.IR.gunship/team/fire/d05_f00.png'
13:53.013  render           | Saved: '/var/folders/n4/43n_jxh10gg3s770b_8jbzb80000gn/T/fc-team-coverage-t0_8y6r8.png'
13:54.051  render           | Saved: '/Users/mohammedkalouti/Documents/Codex/2026-09-27/i/work/art/aircraft-final-production-v3/stage/assets/build/frames/unit.IR.gunship/shadow/fire/d05_f00.png'
13:54.684  render           | Saved: '/Users/mohammedkalouti/Documents/Codex/2026-09-27/i/work/art/aircraft-final-production-v3/stage/assets/build/frames/unit.IR.gunship/beauty/fire/d05_f01.png'
13:55.228  render           | Saved: '/Users/mohammedkalouti/Documents/Codex/2026-09-27/i/work/art/aircraft-final-production-v3/stage/assets/build/frames/unit.IR.gunship/team/fire/d05_f01.png'
13:55.492  render           | Saved: '/var/folders/n4/43n_jxh10gg3s770b_8jbzb80000gn/T/fc-team-coverage-m746y04m.png'
13:56.599  render           | Saved: '/Users/mohammedkalouti/Documents/Codex/2026-09-27/i/work/art/aircraft-final-production-v3/stage/assets/build/frames/unit.IR.gunship/shadow/fire/d05_f01.png'
13:57.304  render           | Saved: '/Users/mohammedkalouti/Documents/Codex/2026-09-27/i/work/art/aircraft-final-production-v3/stage/assets/build/frames/unit.IR.gunship/beauty/fire/d06_f00.png'
13:57.877  render           | Saved: '/Users/mohammedkalouti/Documents/Codex/2026-09-27/i/work/art/aircraft-final-production-v3/stage/assets/build/frames/unit.IR.gunship/team/fire/d06_f00.png'
13:58.158  render           | Saved: '/var/folders/n4/43n_jxh10gg3s770b_8jbzb80000gn/T/fc-team-coverage-pg07hrjo.png'
13:59.336  render           | Saved: '/Users/mohammedkalouti/Documents/Codex/2026-09-27/i/work/art/aircraft-final-production-v3/stage/assets/build/frames/unit.IR.gunship/shadow/fire/d06_f00.png'
14:00.045  render           | Saved: '/Users/mohammedkalouti/Documents/Codex/2026-09-27/i/work/art/aircraft-final-production-v3/stage/assets/build/frames/unit.IR.gunship/beauty/fire/d06_f01.png'
14:00.629  render           | Saved: '/Users/mohammedkalouti/Documents/Codex/2026-09-27/i/work/art/aircraft-final-production-v3/stage/assets/build/frames/unit.IR.gunship/team/fire/d06_f01.png'
14:00.900  render           | Saved: '/var/folders/n4/43n_jxh10gg3s770b_8jbzb80000gn/T/fc-team-coverage-i1dkx9dt.png'
14:01.964  render           | Saved: '/Users/mohammedkalouti/Documents/Codex/2026-09-27/i/work/art/aircraft-final-production-v3/stage/assets/build/frames/unit.IR.gunship/shadow/fire/d06_f01.png'
14:02.622  render           | Saved: '/Users/mohammedkalouti/Documents/Codex/2026-09-27/i/work/art/aircraft-final-production-v3/stage/assets/build/frames/unit.IR.gunship/beauty/fire/d07_f00.png'
14:03.213  render           | Saved: '/Users/mohammedkalouti/Documents/Codex/2026-09-27/i/work/art/aircraft-final-production-v3/stage/assets/build/frames/unit.IR.gunship/team/fire/d07_f00.png'
14:03.515  render           | Saved: '/var/folders/n4/43n_jxh10gg3s770b_8jbzb80000gn/T/fc-team-coverage-erc_c609.png'
14:04.616  render           | Saved: '/Users/mohammedkalouti/Documents/Codex/2026-09-27/i/work/art/aircraft-final-production-v3/stage/assets/build/frames/unit.IR.gunship/shadow/fire/d07_f00.png'
14:05.276  render           | Saved: '/Users/mohammedkalouti/Documents/Codex/2026-09-27/i/work/art/aircraft-final-production-v3/stage/assets/build/frames/unit.IR.gunship/beauty/fire/d07_f01.png'
14:05.828  render           | Saved: '/Users/mohammedkalouti/Documents/Codex/2026-09-27/i/work/art/aircraft-final-production-v3/stage/assets/build/frames/unit.IR.gunship/team/fire/d07_f01.png'
14:06.099  render           | Saved: '/var/folders/n4/43n_jxh10gg3s770b_8jbzb80000gn/T/fc-team-coverage-dqpqehld.png'
14:07.199  render           | Saved: '/Users/mohammedkalouti/Documents/Codex/2026-09-27/i/work/art/aircraft-final-production-v3/stage/assets/build/frames/unit.IR.gunship/shadow/fire/d07_f01.png'
14:07.894  render           | Saved: '/Users/mohammedkalouti/Documents/Codex/2026-09-27/i/work/art/aircraft-final-production-v3/stage/assets/build/frames/unit.IR.gunship/beauty/fire/d08_f00.png'
14:08.516  render           | Saved: '/Users/mohammedkalouti/Documents/Codex/2026-09-27/i/work/art/aircraft-final-production-v3/stage/assets/build/frames/unit.IR.gunship/team/fire/d08_f00.png'
14:08.796  render           | Saved: '/var/folders/n4/43n_jxh10gg3s770b_8jbzb80000gn/T/fc-team-coverage-g47jc9cm.png'
14:09.914  render           | Saved: '/Users/mohammedkalouti/Documents/Codex/2026-09-27/i/work/art/aircraft-final-production-v3/stage/assets/build/frames/unit.IR.gunship/shadow/fire/d08_f00.png'
14:10.578  render           | Saved: '/Users/mohammedkalouti/Documents/Codex/2026-09-27/i/work/art/aircraft-final-production-v3/stage/assets/build/frames/unit.IR.gunship/beauty/fire/d08_f01.png'
14:11.150  render           | Saved: '/Users/mohammedkalouti/Documents/Codex/2026-09-27/i/work/art/aircraft-final-production-v3/stage/assets/build/frames/unit.IR.gunship/team/fire/d08_f01.png'
14:11.427  render           | Saved: '/var/folders/n4/43n_jxh10gg3s770b_8jbzb80000gn/T/fc-team-coverage-_caw5kp_.png'
14:12.526  render           | Saved: '/Users/mohammedkalouti/Documents/Codex/2026-09-27/i/work/art/aircraft-final-production-v3/stage/assets/build/frames/unit.IR.gunship/shadow/fire/d08_f01.png'
14:13.202  render           | Saved: '/Users/mohammedkalouti/Documents/Codex/2026-09-27/i/work/art/aircraft-final-production-v3/stage/assets/build/frames/unit.IR.gunship/beauty/fire/d09_f00.png'
14:13.775  render           | Saved: '/Users/mohammedkalouti/Documents/Codex/2026-09-27/i/work/art/aircraft-final-production-v3/stage/assets/build/frames/unit.IR.gunship/team/fire/d09_f00.png'
14:14.045  render           | Saved: '/var/folders/n4/43n_jxh10gg3s770b_8jbzb80000gn/T/fc-team-coverage-3yjjh1f3.png'
14:15.174  render           | Saved: '/Users/mohammedkalouti/Documents/Codex/2026-09-27/i/work/art/aircraft-final-production-v3/stage/assets/build/frames/unit.IR.gunship/shadow/fire/d09_f00.png'
14:15.843  render           | Saved: '/Users/mohammedkalouti/Documents/Codex/2026-09-27/i/work/art/aircraft-final-production-v3/stage/assets/build/frames/unit.IR.gunship/beauty/fire/d09_f01.png'
14:16.393  render           | Saved: '/Users/mohammedkalouti/Documents/Codex/2026-09-27/i/work/art/aircraft-final-production-v3/stage/assets/build/frames/unit.IR.gunship/team/fire/d09_f01.png'
14:16.661  render           | Saved: '/var/folders/n4/43n_jxh10gg3s770b_8jbzb80000gn/T/fc-team-coverage-xe8crzy1.png'
14:17.768  render           | Saved: '/Users/mohammedkalouti/Documents/Codex/2026-09-27/i/work/art/aircraft-final-production-v3/stage/assets/build/frames/unit.IR.gunship/shadow/fire/d09_f01.png'
14:18.432  render           | Saved: '/Users/mohammedkalouti/Documents/Codex/2026-09-27/i/work/art/aircraft-final-production-v3/stage/assets/build/frames/unit.IR.gunship/beauty/fire/d10_f00.png'
14:18.993  render           | Saved: '/Users/mohammedkalouti/Documents/Codex/2026-09-27/i/work/art/aircraft-final-production-v3/stage/assets/build/frames/unit.IR.gunship/team/fire/d10_f00.png'
14:19.272  render           | Saved: '/var/folders/n4/43n_jxh10gg3s770b_8jbzb80000gn/T/fc-team-coverage-9knjaqxw.png'
14:20.405  render           | Saved: '/Users/mohammedkalouti/Documents/Codex/2026-09-27/i/work/art/aircraft-final-production-v3/stage/assets/build/frames/unit.IR.gunship/shadow/fire/d10_f00.png'
14:21.074  render           | Saved: '/Users/mohammedkalouti/Documents/Codex/2026-09-27/i/work/art/aircraft-final-production-v3/stage/assets/build/frames/unit.IR.gunship/beauty/fire/d10_f01.png'
14:21.641  render           | Saved: '/Users/mohammedkalouti/Documents/Codex/2026-09-27/i/work/art/aircraft-final-production-v3/stage/assets/build/frames/unit.IR.gunship/team/fire/d10_f01.png'
14:21.905  render           | Saved: '/var/folders/n4/43n_jxh10gg3s770b_8jbzb80000gn/T/fc-team-coverage-bj8ax2w_.png'
14:22.996  render           | Saved: '/Users/mohammedkalouti/Documents/Codex/2026-09-27/i/work/art/aircraft-final-production-v3/stage/assets/build/frames/unit.IR.gunship/shadow/fire/d10_f01.png'
14:23.691  render           | Saved: '/Users/mohammedkalouti/Documents/Codex/2026-09-27/i/work/art/aircraft-final-production-v3/stage/assets/build/frames/unit.IR.gunship/beauty/fire/d11_f00.png'
14:24.257  render           | Saved: '/Users/mohammedkalouti/Documents/Codex/2026-09-27/i/work/art/aircraft-final-production-v3/stage/assets/build/frames/unit.IR.gunship/team/fire/d11_f00.png'
14:24.535  render           | Saved: '/var/folders/n4/43n_jxh10gg3s770b_8jbzb80000gn/T/fc-team-coverage-1n4k9fgw.png'
14:25.676  render           | Saved: '/Users/mohammedkalouti/Documents/Codex/2026-09-27/i/work/art/aircraft-final-production-v3/stage/assets/build/frames/unit.IR.gunship/shadow/fire/d11_f00.png'
14:26.373  render           | Saved: '/Users/mohammedkalouti/Documents/Codex/2026-09-27/i/work/art/aircraft-final-production-v3/stage/assets/build/frames/unit.IR.gunship/beauty/fire/d11_f01.png'
14:26.928  render           | Saved: '/Users/mohammedkalouti/Documents/Codex/2026-09-27/i/work/art/aircraft-final-production-v3/stage/assets/build/frames/unit.IR.gunship/team/fire/d11_f01.png'
14:27.209  render           | Saved: '/var/folders/n4/43n_jxh10gg3s770b_8jbzb80000gn/T/fc-team-coverage-jg7bkhhf.png'
14:28.330  render           | Saved: '/Users/mohammedkalouti/Documents/Codex/2026-09-27/i/work/art/aircraft-final-production-v3/stage/assets/build/frames/unit.IR.gunship/shadow/fire/d11_f01.png'
14:29.022  render           | Saved: '/Users/mohammedkalouti/Documents/Codex/2026-09-27/i/work/art/aircraft-final-production-v3/stage/assets/build/frames/unit.IR.gunship/beauty/fire/d12_f00.png'
14:29.584  render           | Saved: '/Users/mohammedkalouti/Documents/Codex/2026-09-27/i/work/art/aircraft-final-production-v3/stage/assets/build/frames/unit.IR.gunship/team/fire/d12_f00.png'
14:29.860  render           | Saved: '/var/folders/n4/43n_jxh10gg3s770b_8jbzb80000gn/T/fc-team-coverage-dlcyq166.png'
14:30.988  render           | Saved: '/Users/mohammedkalouti/Documents/Codex/2026-09-27/i/work/art/aircraft-final-production-v3/stage/assets/build/frames/unit.IR.gunship/shadow/fire/d12_f00.png'
14:31.655  render           | Saved: '/Users/mohammedkalouti/Documents/Codex/2026-09-27/i/work/art/aircraft-final-production-v3/stage/assets/build/frames/unit.IR.gunship/beauty/fire/d12_f01.png'
14:32.242  render           | Saved: '/Users/mohammedkalouti/Documents/Codex/2026-09-27/i/work/art/aircraft-final-production-v3/stage/assets/build/frames/unit.IR.gunship/team/fire/d12_f01.png'
14:32.519  render           | Saved: '/var/folders/n4/43n_jxh10gg3s770b_8jbzb80000gn/T/fc-team-coverage-hbdw7bx5.png'
14:33.637  render           | Saved: '/Users/mohammedkalouti/Documents/Codex/2026-09-27/i/work/art/aircraft-final-production-v3/stage/assets/build/frames/unit.IR.gunship/shadow/fire/d12_f01.png'
14:34.364  render           | Saved: '/Users/mohammedkalouti/Documents/Codex/2026-09-27/i/work/art/aircraft-final-production-v3/stage/assets/build/frames/unit.IR.gunship/beauty/fire/d13_f00.png'
14:34.996  render           | Saved: '/Users/mohammedkalouti/Documents/Codex/2026-09-27/i/work/art/aircraft-final-production-v3/stage/assets/build/frames/unit.IR.gunship/team/fire/d13_f00.png'
14:35.275  render           | Saved: '/var/folders/n4/43n_jxh10gg3s770b_8jbzb80000gn/T/fc-team-coverage-m57zrwhy.png'
14:36.435  render           | Saved: '/Users/mohammedkalouti/Documents/Codex/2026-09-27/i/work/art/aircraft-final-production-v3/stage/assets/build/frames/unit.IR.gunship/shadow/fire/d13_f00.png'
14:37.123  render           | Saved: '/Users/mohammedkalouti/Documents/Codex/2026-09-27/i/work/art/aircraft-final-production-v3/stage/assets/build/frames/unit.IR.gunship/beauty/fire/d13_f01.png'
14:37.710  render           | Saved: '/Users/mohammedkalouti/Documents/Codex/2026-09-27/i/work/art/aircraft-final-production-v3/stage/assets/build/frames/unit.IR.gunship/team/fire/d13_f01.png'
14:37.982  render           | Saved: '/var/folders/n4/43n_jxh10gg3s770b_8jbzb80000gn/T/fc-team-coverage-uj3hnrt3.png'
14:39.106  render           | Saved: '/Users/mohammedkalouti/Documents/Codex/2026-09-27/i/work/art/aircraft-final-production-v3/stage/assets/build/frames/unit.IR.gunship/shadow/fire/d13_f01.png'
14:39.779  render           | Saved: '/Users/mohammedkalouti/Documents/Codex/2026-09-27/i/work/art/aircraft-final-production-v3/stage/assets/build/frames/unit.IR.gunship/beauty/fire/d14_f00.png'
14:40.340  render           | Saved: '/Users/mohammedkalouti/Documents/Codex/2026-09-27/i/work/art/aircraft-final-production-v3/stage/assets/build/frames/unit.IR.gunship/team/fire/d14_f00.png'
14:40.627  render           | Saved: '/var/folders/n4/43n_jxh10gg3s770b_8jbzb80000gn/T/fc-team-coverage-r9dgv8z2.png'
14:41.741  render           | Saved: '/Users/mohammedkalouti/Documents/Codex/2026-09-27/i/work/art/aircraft-final-production-v3/stage/assets/build/frames/unit.IR.gunship/shadow/fire/d14_f00.png'
14:42.404  render           | Saved: '/Users/mohammedkalouti/Documents/Codex/2026-09-27/i/work/art/aircraft-final-production-v3/stage/assets/build/frames/unit.IR.gunship/beauty/fire/d14_f01.png'
14:42.950  render           | Saved: '/Users/mohammedkalouti/Documents/Codex/2026-09-27/i/work/art/aircraft-final-production-v3/stage/assets/build/frames/unit.IR.gunship/team/fire/d14_f01.png'
14:43.211  render           | Saved: '/var/folders/n4/43n_jxh10gg3s770b_8jbzb80000gn/T/fc-team-coverage-prq9xafl.png'
14:44.310  render           | Saved: '/Users/mohammedkalouti/Documents/Codex/2026-09-27/i/work/art/aircraft-final-production-v3/stage/assets/build/frames/unit.IR.gunship/shadow/fire/d14_f01.png'
14:44.991  render           | Saved: '/Users/mohammedkalouti/Documents/Codex/2026-09-27/i/work/art/aircraft-final-production-v3/stage/assets/build/frames/unit.IR.gunship/beauty/fire/d15_f00.png'
14:45.555  render           | Saved: '/Users/mohammedkalouti/Documents/Codex/2026-09-27/i/work/art/aircraft-final-production-v3/stage/assets/build/frames/unit.IR.gunship/team/fire/d15_f00.png'
14:45.825  render           | Saved: '/var/folders/n4/43n_jxh10gg3s770b_8jbzb80000gn/T/fc-team-coverage-ym2fcql2.png'
14:46.954  render           | Saved: '/Users/mohammedkalouti/Documents/Codex/2026-09-27/i/work/art/aircraft-final-production-v3/stage/assets/build/frames/unit.IR.gunship/shadow/fire/d15_f00.png'
14:47.611  render           | Saved: '/Users/mohammedkalouti/Documents/Codex/2026-09-27/i/work/art/aircraft-final-production-v3/stage/assets/build/frames/unit.IR.gunship/beauty/fire/d15_f01.png'
14:48.170  render           | Saved: '/Users/mohammedkalouti/Documents/Codex/2026-09-27/i/work/art/aircraft-final-production-v3/stage/assets/build/frames/unit.IR.gunship/team/fire/d15_f01.png'
14:48.440  render           | Saved: '/var/folders/n4/43n_jxh10gg3s770b_8jbzb80000gn/T/fc-team-coverage-drmvre9p.png'
14:49.463  render           | Saved: '/Users/mohammedkalouti/Documents/Codex/2026-09-27/i/work/art/aircraft-final-production-v3/stage/assets/build/frames/unit.IR.gunship/shadow/fire/d15_f01.png'
14:50.117  render           | Saved: '/Users/mohammedkalouti/Documents/Codex/2026-09-27/i/work/art/aircraft-final-production-v3/stage/assets/build/frames/unit.IR.gunship/beauty/empty/d00_f00.png'
14:50.696  render           | Saved: '/Users/mohammedkalouti/Documents/Codex/2026-09-27/i/work/art/aircraft-final-production-v3/stage/assets/build/frames/unit.IR.gunship/team/empty/d00_f00.png'
14:50.987  render           | Saved: '/var/folders/n4/43n_jxh10gg3s770b_8jbzb80000gn/T/fc-team-coverage-mhfu8z5e.png'
14:51.981  render           | Saved: '/Users/mohammedkalouti/Documents/Codex/2026-09-27/i/work/art/aircraft-final-production-v3/stage/assets/build/frames/unit.IR.gunship/shadow/empty/d00_f00.png'
14:52.638  render           | Saved: '/Users/mohammedkalouti/Documents/Codex/2026-09-27/i/work/art/aircraft-final-production-v3/stage/assets/build/frames/unit.IR.gunship/beauty/empty/d00_f01.png'
14:53.170  render           | Saved: '/Users/mohammedkalouti/Documents/Codex/2026-09-27/i/work/art/aircraft-final-production-v3/stage/assets/build/frames/unit.IR.gunship/team/empty/d00_f01.png'
14:53.454  render           | Saved: '/var/folders/n4/43n_jxh10gg3s770b_8jbzb80000gn/T/fc-team-coverage-rvra7sn5.png'
14:54.479  render           | Saved: '/Users/mohammedkalouti/Documents/Codex/2026-09-27/i/work/art/aircraft-final-production-v3/stage/assets/build/frames/unit.IR.gunship/shadow/empty/d00_f01.png'
14:55.082  render           | Saved: '/Users/mohammedkalouti/Documents/Codex/2026-09-27/i/work/art/aircraft-final-production-v3/stage/assets/build/frames/unit.IR.gunship/beauty/empty/d00_f02.png'
14:55.589  render           | Saved: '/Users/mohammedkalouti/Documents/Codex/2026-09-27/i/work/art/aircraft-final-production-v3/stage/assets/build/frames/unit.IR.gunship/team/empty/d00_f02.png'
14:55.841  render           | Saved: '/var/folders/n4/43n_jxh10gg3s770b_8jbzb80000gn/T/fc-team-coverage-umy2dgou.png'
14:56.840  render           | Saved: '/Users/mohammedkalouti/Documents/Codex/2026-09-27/i/work/art/aircraft-final-production-v3/stage/assets/build/frames/unit.IR.gunship/shadow/empty/d00_f02.png'
14:57.452  render           | Saved: '/Users/mohammedkalouti/Documents/Codex/2026-09-27/i/work/art/aircraft-final-production-v3/stage/assets/build/frames/unit.IR.gunship/beauty/empty/d01_f00.png'
14:57.965  render           | Saved: '/Users/mohammedkalouti/Documents/Codex/2026-09-27/i/work/art/aircraft-final-production-v3/stage/assets/build/frames/unit.IR.gunship/team/empty/d01_f00.png'
14:58.237  render           | Saved: '/var/folders/n4/43n_jxh10gg3s770b_8jbzb80000gn/T/fc-team-coverage-i8us06mn.png'
14:59.225  render           | Saved: '/Users/mohammedkalouti/Documents/Codex/2026-09-27/i/work/art/aircraft-final-production-v3/stage/assets/build/frames/unit.IR.gunship/shadow/empty/d01_f00.png'
14:59.838  render           | Saved: '/Users/mohammedkalouti/Documents/Codex/2026-09-27/i/work/art/aircraft-final-production-v3/stage/assets/build/frames/unit.IR.gunship/beauty/empty/d01_f01.png'
15:00.348  render           | Saved: '/Users/mohammedkalouti/Documents/Codex/2026-09-27/i/work/art/aircraft-final-production-v3/stage/assets/build/frames/unit.IR.gunship/team/empty/d01_f01.png'
15:00.615  render           | Saved: '/var/folders/n4/43n_jxh10gg3s770b_8jbzb80000gn/T/fc-team-coverage-dag3b1ny.png'
15:01.620  render           | Saved: '/Users/mohammedkalouti/Documents/Codex/2026-09-27/i/work/art/aircraft-final-production-v3/stage/assets/build/frames/unit.IR.gunship/shadow/empty/d01_f01.png'
15:02.238  render           | Saved: '/Users/mohammedkalouti/Documents/Codex/2026-09-27/i/work/art/aircraft-final-production-v3/stage/assets/build/frames/unit.IR.gunship/beauty/empty/d01_f02.png'
15:02.779  render           | Saved: '/Users/mohammedkalouti/Documents/Codex/2026-09-27/i/work/art/aircraft-final-production-v3/stage/assets/build/frames/unit.IR.gunship/team/empty/d01_f02.png'
15:03.078  render           | Saved: '/var/folders/n4/43n_jxh10gg3s770b_8jbzb80000gn/T/fc-team-coverage-6qvyuuzg.png'
15:04.184  render           | Saved: '/Users/mohammedkalouti/Documents/Codex/2026-09-27/i/work/art/aircraft-final-production-v3/stage/assets/build/frames/unit.IR.gunship/shadow/empty/d01_f02.png'
15:04.861  render           | Saved: '/Users/mohammedkalouti/Documents/Codex/2026-09-27/i/work/art/aircraft-final-production-v3/stage/assets/build/frames/unit.IR.gunship/beauty/empty/d02_f00.png'
15:05.499  render           | Saved: '/Users/mohammedkalouti/Documents/Codex/2026-09-27/i/work/art/aircraft-final-production-v3/stage/assets/build/frames/unit.IR.gunship/team/empty/d02_f00.png'
15:05.779  render           | Saved: '/var/folders/n4/43n_jxh10gg3s770b_8jbzb80000gn/T/fc-team-coverage-2wtc1g5a.png'
15:06.936  render           | Saved: '/Users/mohammedkalouti/Documents/Codex/2026-09-27/i/work/art/aircraft-final-production-v3/stage/assets/build/frames/unit.IR.gunship/shadow/empty/d02_f00.png'
15:07.620  render           | Saved: '/Users/mohammedkalouti/Documents/Codex/2026-09-27/i/work/art/aircraft-final-production-v3/stage/assets/build/frames/unit.IR.gunship/beauty/empty/d02_f01.png'
15:08.171  render           | Saved: '/Users/mohammedkalouti/Documents/Codex/2026-09-27/i/work/art/aircraft-final-production-v3/stage/assets/build/frames/unit.IR.gunship/team/empty/d02_f01.png'
15:08.454  render           | Saved: '/var/folders/n4/43n_jxh10gg3s770b_8jbzb80000gn/T/fc-team-coverage-2nznhfai.png'
15:09.485  render           | Saved: '/Users/mohammedkalouti/Documents/Codex/2026-09-27/i/work/art/aircraft-final-production-v3/stage/assets/build/frames/unit.IR.gunship/shadow/empty/d02_f01.png'
15:10.120  render           | Saved: '/Users/mohammedkalouti/Documents/Codex/2026-09-27/i/work/art/aircraft-final-production-v3/stage/assets/build/frames/unit.IR.gunship/beauty/empty/d02_f02.png'
15:10.649  render           | Saved: '/Users/mohammedkalouti/Documents/Codex/2026-09-27/i/work/art/aircraft-final-production-v3/stage/assets/build/frames/unit.IR.gunship/team/empty/d02_f02.png'
15:10.932  render           | Saved: '/var/folders/n4/43n_jxh10gg3s770b_8jbzb80000gn/T/fc-team-coverage-_5eo34of.png'
15:11.975  render           | Saved: '/Users/mohammedkalouti/Documents/Codex/2026-09-27/i/work/art/aircraft-final-production-v3/stage/assets/build/frames/unit.IR.gunship/shadow/empty/d02_f02.png'
15:12.618  render           | Saved: '/Users/mohammedkalouti/Documents/Codex/2026-09-27/i/work/art/aircraft-final-production-v3/stage/assets/build/frames/unit.IR.gunship/beauty/empty/d03_f00.png'
15:13.127  render           | Saved: '/Users/mohammedkalouti/Documents/Codex/2026-09-27/i/work/art/aircraft-final-production-v3/stage/assets/build/frames/unit.IR.gunship/team/empty/d03_f00.png'
15:13.397  render           | Saved: '/var/folders/n4/43n_jxh10gg3s770b_8jbzb80000gn/T/fc-team-coverage-scwno17s.png'
15:14.464  render           | Saved: '/Users/mohammedkalouti/Documents/Codex/2026-09-27/i/work/art/aircraft-final-production-v3/stage/assets/build/frames/unit.IR.gunship/shadow/empty/d03_f00.png'
15:15.125  render           | Saved: '/Users/mohammedkalouti/Documents/Codex/2026-09-27/i/work/art/aircraft-final-production-v3/stage/assets/build/frames/unit.IR.gunship/beauty/empty/d03_f01.png'
15:15.699  render           | Saved: '/Users/mohammedkalouti/Documents/Codex/2026-09-27/i/work/art/aircraft-final-production-v3/stage/assets/build/frames/unit.IR.gunship/team/empty/d03_f01.png'
15:15.984  render           | Saved: '/var/folders/n4/43n_jxh10gg3s770b_8jbzb80000gn/T/fc-team-coverage-d7hj8lr5.png'
15:16.996  render           | Saved: '/Users/mohammedkalouti/Documents/Codex/2026-09-27/i/work/art/aircraft-final-production-v3/stage/assets/build/frames/unit.IR.gunship/shadow/empty/d03_f01.png'
15:17.613  render           | Saved: '/Users/mohammedkalouti/Documents/Codex/2026-09-27/i/work/art/aircraft-final-production-v3/stage/assets/build/frames/unit.IR.gunship/beauty/empty/d03_f02.png'
15:18.139  render           | Saved: '/Users/mohammedkalouti/Documents/Codex/2026-09-27/i/work/art/aircraft-final-production-v3/stage/assets/build/frames/unit.IR.gunship/team/empty/d03_f02.png'
15:18.420  render           | Saved: '/var/folders/n4/43n_jxh10gg3s770b_8jbzb80000gn/T/fc-team-coverage-4fmwpp7w.png'
15:19.431  render           | Saved: '/Users/mohammedkalouti/Documents/Codex/2026-09-27/i/work/art/aircraft-final-production-v3/stage/assets/build/frames/unit.IR.gunship/shadow/empty/d03_f02.png'
15:20.041  render           | Saved: '/Users/mohammedkalouti/Documents/Codex/2026-09-27/i/work/art/aircraft-final-production-v3/stage/assets/build/frames/unit.IR.gunship/beauty/empty/d04_f00.png'
15:20.552  render           | Saved: '/Users/mohammedkalouti/Documents/Codex/2026-09-27/i/work/art/aircraft-final-production-v3/stage/assets/build/frames/unit.IR.gunship/team/empty/d04_f00.png'
15:20.826  render           | Saved: '/var/folders/n4/43n_jxh10gg3s770b_8jbzb80000gn/T/fc-team-coverage-0vxlxsu3.png'
15:21.833  render           | Saved: '/Users/mohammedkalouti/Documents/Codex/2026-09-27/i/work/art/aircraft-final-production-v3/stage/assets/build/frames/unit.IR.gunship/shadow/empty/d04_f00.png'
15:22.439  render           | Saved: '/Users/mohammedkalouti/Documents/Codex/2026-09-27/i/work/art/aircraft-final-production-v3/stage/assets/build/frames/unit.IR.gunship/beauty/empty/d04_f01.png'
15:22.944  render           | Saved: '/Users/mohammedkalouti/Documents/Codex/2026-09-27/i/work/art/aircraft-final-production-v3/stage/assets/build/frames/unit.IR.gunship/team/empty/d04_f01.png'
15:23.210  render           | Saved: '/var/folders/n4/43n_jxh10gg3s770b_8jbzb80000gn/T/fc-team-coverage-qvtmbzil.png'
15:24.239  render           | Saved: '/Users/mohammedkalouti/Documents/Codex/2026-09-27/i/work/art/aircraft-final-production-v3/stage/assets/build/frames/unit.IR.gunship/shadow/empty/d04_f01.png'
15:24.861  render           | Saved: '/Users/mohammedkalouti/Documents/Codex/2026-09-27/i/work/art/aircraft-final-production-v3/stage/assets/build/frames/unit.IR.gunship/beauty/empty/d04_f02.png'
15:25.392  render           | Saved: '/Users/mohammedkalouti/Documents/Codex/2026-09-27/i/work/art/aircraft-final-production-v3/stage/assets/build/frames/unit.IR.gunship/team/empty/d04_f02.png'
15:25.664  render           | Saved: '/var/folders/n4/43n_jxh10gg3s770b_8jbzb80000gn/T/fc-team-coverage-3hj7eqv8.png'
15:26.650  render           | Saved: '/Users/mohammedkalouti/Documents/Codex/2026-09-27/i/work/art/aircraft-final-production-v3/stage/assets/build/frames/unit.IR.gunship/shadow/empty/d04_f02.png'
15:27.241  render           | Saved: '/Users/mohammedkalouti/Documents/Codex/2026-09-27/i/work/art/aircraft-final-production-v3/stage/assets/build/frames/unit.IR.gunship/beauty/empty/d05_f00.png'
15:27.752  render           | Saved: '/Users/mohammedkalouti/Documents/Codex/2026-09-27/i/work/art/aircraft-final-production-v3/stage/assets/build/frames/unit.IR.gunship/team/empty/d05_f00.png'
15:28.030  render           | Saved: '/var/folders/n4/43n_jxh10gg3s770b_8jbzb80000gn/T/fc-team-coverage-rll877hf.png'
15:29.082  render           | Saved: '/Users/mohammedkalouti/Documents/Codex/2026-09-27/i/work/art/aircraft-final-production-v3/stage/assets/build/frames/unit.IR.gunship/shadow/empty/d05_f00.png'
15:29.744  render           | Saved: '/Users/mohammedkalouti/Documents/Codex/2026-09-27/i/work/art/aircraft-final-production-v3/stage/assets/build/frames/unit.IR.gunship/beauty/empty/d05_f01.png'
15:30.289  render           | Saved: '/Users/mohammedkalouti/Documents/Codex/2026-09-27/i/work/art/aircraft-final-production-v3/stage/assets/build/frames/unit.IR.gunship/team/empty/d05_f01.png'
15:30.566  render           | Saved: '/var/folders/n4/43n_jxh10gg3s770b_8jbzb80000gn/T/fc-team-coverage-6bqeuxkn.png'
15:31.680  render           | Saved: '/Users/mohammedkalouti/Documents/Codex/2026-09-27/i/work/art/aircraft-final-production-v3/stage/assets/build/frames/unit.IR.gunship/shadow/empty/d05_f01.png'
15:32.396  render           | Saved: '/Users/mohammedkalouti/Documents/Codex/2026-09-27/i/work/art/aircraft-final-production-v3/stage/assets/build/frames/unit.IR.gunship/beauty/empty/d05_f02.png'
15:32.983  render           | Saved: '/Users/mohammedkalouti/Documents/Codex/2026-09-27/i/work/art/aircraft-final-production-v3/stage/assets/build/frames/unit.IR.gunship/team/empty/d05_f02.png'
15:33.263  render           | Saved: '/var/folders/n4/43n_jxh10gg3s770b_8jbzb80000gn/T/fc-team-coverage-r3bobtzr.png'
15:34.486  render           | Saved: '/Users/mohammedkalouti/Documents/Codex/2026-09-27/i/work/art/aircraft-final-production-v3/stage/assets/build/frames/unit.IR.gunship/shadow/empty/d05_f02.png'
15:35.179  render           | Saved: '/Users/mohammedkalouti/Documents/Codex/2026-09-27/i/work/art/aircraft-final-production-v3/stage/assets/build/frames/unit.IR.gunship/beauty/empty/d06_f00.png'
15:35.759  render           | Saved: '/Users/mohammedkalouti/Documents/Codex/2026-09-27/i/work/art/aircraft-final-production-v3/stage/assets/build/frames/unit.IR.gunship/team/empty/d06_f00.png'
15:36.043  render           | Saved: '/var/folders/n4/43n_jxh10gg3s770b_8jbzb80000gn/T/fc-team-coverage-7hnt2tf_.png'
15:37.149  render           | Saved: '/Users/mohammedkalouti/Documents/Codex/2026-09-27/i/work/art/aircraft-final-production-v3/stage/assets/build/frames/unit.IR.gunship/shadow/empty/d06_f00.png'
15:37.818  render           | Saved: '/Users/mohammedkalouti/Documents/Codex/2026-09-27/i/work/art/aircraft-final-production-v3/stage/assets/build/frames/unit.IR.gunship/beauty/empty/d06_f01.png'
15:38.389  render           | Saved: '/Users/mohammedkalouti/Documents/Codex/2026-09-27/i/work/art/aircraft-final-production-v3/stage/assets/build/frames/unit.IR.gunship/team/empty/d06_f01.png'
15:38.675  render           | Saved: '/var/folders/n4/43n_jxh10gg3s770b_8jbzb80000gn/T/fc-team-coverage-0lsprfi6.png'
15:39.758  render           | Saved: '/Users/mohammedkalouti/Documents/Codex/2026-09-27/i/work/art/aircraft-final-production-v3/stage/assets/build/frames/unit.IR.gunship/shadow/empty/d06_f01.png'
15:40.370  render           | Saved: '/Users/mohammedkalouti/Documents/Codex/2026-09-27/i/work/art/aircraft-final-production-v3/stage/assets/build/frames/unit.IR.gunship/beauty/empty/d06_f02.png'
15:40.905  render           | Saved: '/Users/mohammedkalouti/Documents/Codex/2026-09-27/i/work/art/aircraft-final-production-v3/stage/assets/build/frames/unit.IR.gunship/team/empty/d06_f02.png'
15:41.183  render           | Saved: '/var/folders/n4/43n_jxh10gg3s770b_8jbzb80000gn/T/fc-team-coverage-3f6phm8v.png'
15:42.234  render           | Saved: '/Users/mohammedkalouti/Documents/Codex/2026-09-27/i/work/art/aircraft-final-production-v3/stage/assets/build/frames/unit.IR.gunship/shadow/empty/d06_f02.png'
15:42.862  render           | Saved: '/Users/mohammedkalouti/Documents/Codex/2026-09-27/i/work/art/aircraft-final-production-v3/stage/assets/build/frames/unit.IR.gunship/beauty/empty/d07_f00.png'
15:43.400  render           | Saved: '/Users/mohammedkalouti/Documents/Codex/2026-09-27/i/work/art/aircraft-final-production-v3/stage/assets/build/frames/unit.IR.gunship/team/empty/d07_f00.png'
15:43.668  render           | Saved: '/var/folders/n4/43n_jxh10gg3s770b_8jbzb80000gn/T/fc-team-coverage-wclzfxd1.png'
15:44.667  render           | Saved: '/Users/mohammedkalouti/Documents/Codex/2026-09-27/i/work/art/aircraft-final-production-v3/stage/assets/build/frames/unit.IR.gunship/shadow/empty/d07_f00.png'
15:45.364  render           | Saved: '/Users/mohammedkalouti/Documents/Codex/2026-09-27/i/work/art/aircraft-final-production-v3/stage/assets/build/frames/unit.IR.gunship/beauty/empty/d07_f01.png'
15:45.905  render           | Saved: '/Users/mohammedkalouti/Documents/Codex/2026-09-27/i/work/art/aircraft-final-production-v3/stage/assets/build/frames/unit.IR.gunship/team/empty/d07_f01.png'
15:46.178  render           | Saved: '/var/folders/n4/43n_jxh10gg3s770b_8jbzb80000gn/T/fc-team-coverage-3dv4m_xp.png'
15:47.255  render           | Saved: '/Users/mohammedkalouti/Documents/Codex/2026-09-27/i/work/art/aircraft-final-production-v3/stage/assets/build/frames/unit.IR.gunship/shadow/empty/d07_f01.png'
15:47.933  render           | Saved: '/Users/mohammedkalouti/Documents/Codex/2026-09-27/i/work/art/aircraft-final-production-v3/stage/assets/build/frames/unit.IR.gunship/beauty/empty/d07_f02.png'
15:48.484  render           | Saved: '/Users/mohammedkalouti/Documents/Codex/2026-09-27/i/work/art/aircraft-final-production-v3/stage/assets/build/frames/unit.IR.gunship/team/empty/d07_f02.png'
15:48.759  render           | Saved: '/var/folders/n4/43n_jxh10gg3s770b_8jbzb80000gn/T/fc-team-coverage-88_kihkw.png'
15:49.796  render           | Saved: '/Users/mohammedkalouti/Documents/Codex/2026-09-27/i/work/art/aircraft-final-production-v3/stage/assets/build/frames/unit.IR.gunship/shadow/empty/d07_f02.png'
15:50.402  render           | Saved: '/Users/mohammedkalouti/Documents/Codex/2026-09-27/i/work/art/aircraft-final-production-v3/stage/assets/build/frames/unit.IR.gunship/beauty/empty/d08_f00.png'
15:50.921  render           | Saved: '/Users/mohammedkalouti/Documents/Codex/2026-09-27/i/work/art/aircraft-final-production-v3/stage/assets/build/frames/unit.IR.gunship/team/empty/d08_f00.png'
15:51.221  render           | Saved: '/var/folders/n4/43n_jxh10gg3s770b_8jbzb80000gn/T/fc-team-coverage-nkk5cwvw.png'
15:52.246  render           | Saved: '/Users/mohammedkalouti/Documents/Codex/2026-09-27/i/work/art/aircraft-final-production-v3/stage/assets/build/frames/unit.IR.gunship/shadow/empty/d08_f00.png'
15:52.850  render           | Saved: '/Users/mohammedkalouti/Documents/Codex/2026-09-27/i/work/art/aircraft-final-production-v3/stage/assets/build/frames/unit.IR.gunship/beauty/empty/d08_f01.png'
15:53.382  render           | Saved: '/Users/mohammedkalouti/Documents/Codex/2026-09-27/i/work/art/aircraft-final-production-v3/stage/assets/build/frames/unit.IR.gunship/team/empty/d08_f01.png'
15:53.645  render           | Saved: '/var/folders/n4/43n_jxh10gg3s770b_8jbzb80000gn/T/fc-team-coverage-6_nd17yp.png'
15:54.665  render           | Saved: '/Users/mohammedkalouti/Documents/Codex/2026-09-27/i/work/art/aircraft-final-production-v3/stage/assets/build/frames/unit.IR.gunship/shadow/empty/d08_f01.png'
15:55.293  render           | Saved: '/Users/mohammedkalouti/Documents/Codex/2026-09-27/i/work/art/aircraft-final-production-v3/stage/assets/build/frames/unit.IR.gunship/beauty/empty/d08_f02.png'
15:55.805  render           | Saved: '/Users/mohammedkalouti/Documents/Codex/2026-09-27/i/work/art/aircraft-final-production-v3/stage/assets/build/frames/unit.IR.gunship/team/empty/d08_f02.png'
15:56.085  render           | Saved: '/var/folders/n4/43n_jxh10gg3s770b_8jbzb80000gn/T/fc-team-coverage-mhnnn2c4.png'
15:57.198  render           | Saved: '/Users/mohammedkalouti/Documents/Codex/2026-09-27/i/work/art/aircraft-final-production-v3/stage/assets/build/frames/unit.IR.gunship/shadow/empty/d08_f02.png'
15:57.910  render           | Saved: '/Users/mohammedkalouti/Documents/Codex/2026-09-27/i/work/art/aircraft-final-production-v3/stage/assets/build/frames/unit.IR.gunship/beauty/empty/d09_f00.png'
15:58.604  render           | Saved: '/Users/mohammedkalouti/Documents/Codex/2026-09-27/i/work/art/aircraft-final-production-v3/stage/assets/build/frames/unit.IR.gunship/team/empty/d09_f00.png'
15:58.878  render           | Saved: '/var/folders/n4/43n_jxh10gg3s770b_8jbzb80000gn/T/fc-team-coverage-ha99i65j.png'
16:00.043  render           | Saved: '/Users/mohammedkalouti/Documents/Codex/2026-09-27/i/work/art/aircraft-final-production-v3/stage/assets/build/frames/unit.IR.gunship/shadow/empty/d09_f00.png'
16:00.712  render           | Saved: '/Users/mohammedkalouti/Documents/Codex/2026-09-27/i/work/art/aircraft-final-production-v3/stage/assets/build/frames/unit.IR.gunship/beauty/empty/d09_f01.png'
16:01.262  render           | Saved: '/Users/mohammedkalouti/Documents/Codex/2026-09-27/i/work/art/aircraft-final-production-v3/stage/assets/build/frames/unit.IR.gunship/team/empty/d09_f01.png'
16:01.534  render           | Saved: '/var/folders/n4/43n_jxh10gg3s770b_8jbzb80000gn/T/fc-team-coverage-le88uihz.png'
16:02.648  render           | Saved: '/Users/mohammedkalouti/Documents/Codex/2026-09-27/i/work/art/aircraft-final-production-v3/stage/assets/build/frames/unit.IR.gunship/shadow/empty/d09_f01.png'
16:03.305  render           | Saved: '/Users/mohammedkalouti/Documents/Codex/2026-09-27/i/work/art/aircraft-final-production-v3/stage/assets/build/frames/unit.IR.gunship/beauty/empty/d09_f02.png'
16:03.848  render           | Saved: '/Users/mohammedkalouti/Documents/Codex/2026-09-27/i/work/art/aircraft-final-production-v3/stage/assets/build/frames/unit.IR.gunship/team/empty/d09_f02.png'
16:04.116  render           | Saved: '/var/folders/n4/43n_jxh10gg3s770b_8jbzb80000gn/T/fc-team-coverage-iz0eibkm.png'
16:05.133  render           | Saved: '/Users/mohammedkalouti/Documents/Codex/2026-09-27/i/work/art/aircraft-final-production-v3/stage/assets/build/frames/unit.IR.gunship/shadow/empty/d09_f02.png'
16:05.788  render           | Saved: '/Users/mohammedkalouti/Documents/Codex/2026-09-27/i/work/art/aircraft-final-production-v3/stage/assets/build/frames/unit.IR.gunship/beauty/empty/d10_f00.png'
16:06.314  render           | Saved: '/Users/mohammedkalouti/Documents/Codex/2026-09-27/i/work/art/aircraft-final-production-v3/stage/assets/build/frames/unit.IR.gunship/team/empty/d10_f00.png'
16:06.584  render           | Saved: '/var/folders/n4/43n_jxh10gg3s770b_8jbzb80000gn/T/fc-team-coverage-4etbcq50.png'
16:07.596  render           | Saved: '/Users/mohammedkalouti/Documents/Codex/2026-09-27/i/work/art/aircraft-final-production-v3/stage/assets/build/frames/unit.IR.gunship/shadow/empty/d10_f00.png'
16:08.195  render           | Saved: '/Users/mohammedkalouti/Documents/Codex/2026-09-27/i/work/art/aircraft-final-production-v3/stage/assets/build/frames/unit.IR.gunship/beauty/empty/d10_f01.png'
16:08.725  render           | Saved: '/Users/mohammedkalouti/Documents/Codex/2026-09-27/i/work/art/aircraft-final-production-v3/stage/assets/build/frames/unit.IR.gunship/team/empty/d10_f01.png'
16:08.997  render           | Saved: '/var/folders/n4/43n_jxh10gg3s770b_8jbzb80000gn/T/fc-team-coverage-crzv1lwc.png'
16:10.015  render           | Saved: '/Users/mohammedkalouti/Documents/Codex/2026-09-27/i/work/art/aircraft-final-production-v3/stage/assets/build/frames/unit.IR.gunship/shadow/empty/d10_f01.png'
16:10.642  render           | Saved: '/Users/mohammedkalouti/Documents/Codex/2026-09-27/i/work/art/aircraft-final-production-v3/stage/assets/build/frames/unit.IR.gunship/beauty/empty/d10_f02.png'
16:11.158  render           | Saved: '/Users/mohammedkalouti/Documents/Codex/2026-09-27/i/work/art/aircraft-final-production-v3/stage/assets/build/frames/unit.IR.gunship/team/empty/d10_f02.png'
16:11.420  render           | Saved: '/var/folders/n4/43n_jxh10gg3s770b_8jbzb80000gn/T/fc-team-coverage-8_2ufbwb.png'
16:12.430  render           | Saved: '/Users/mohammedkalouti/Documents/Codex/2026-09-27/i/work/art/aircraft-final-production-v3/stage/assets/build/frames/unit.IR.gunship/shadow/empty/d10_f02.png'
16:13.055  render           | Saved: '/Users/mohammedkalouti/Documents/Codex/2026-09-27/i/work/art/aircraft-final-production-v3/stage/assets/build/frames/unit.IR.gunship/beauty/empty/d11_f00.png'
16:13.572  render           | Saved: '/Users/mohammedkalouti/Documents/Codex/2026-09-27/i/work/art/aircraft-final-production-v3/stage/assets/build/frames/unit.IR.gunship/team/empty/d11_f00.png'
16:13.847  render           | Saved: '/var/folders/n4/43n_jxh10gg3s770b_8jbzb80000gn/T/fc-team-coverage-yqu3ro6o.png'
16:14.985  render           | Saved: '/Users/mohammedkalouti/Documents/Codex/2026-09-27/i/work/art/aircraft-final-production-v3/stage/assets/build/frames/unit.IR.gunship/shadow/empty/d11_f00.png'
16:15.608  render           | Saved: '/Users/mohammedkalouti/Documents/Codex/2026-09-27/i/work/art/aircraft-final-production-v3/stage/assets/build/frames/unit.IR.gunship/beauty/empty/d11_f01.png'
16:16.127  render           | Saved: '/Users/mohammedkalouti/Documents/Codex/2026-09-27/i/work/art/aircraft-final-production-v3/stage/assets/build/frames/unit.IR.gunship/team/empty/d11_f01.png'
16:16.417  render           | Saved: '/var/folders/n4/43n_jxh10gg3s770b_8jbzb80000gn/T/fc-team-coverage-660c1rlj.png'
16:17.453  render           | Saved: '/Users/mohammedkalouti/Documents/Codex/2026-09-27/i/work/art/aircraft-final-production-v3/stage/assets/build/frames/unit.IR.gunship/shadow/empty/d11_f01.png'
16:18.043  render           | Saved: '/Users/mohammedkalouti/Documents/Codex/2026-09-27/i/work/art/aircraft-final-production-v3/stage/assets/build/frames/unit.IR.gunship/beauty/empty/d11_f02.png'
16:18.562  render           | Saved: '/Users/mohammedkalouti/Documents/Codex/2026-09-27/i/work/art/aircraft-final-production-v3/stage/assets/build/frames/unit.IR.gunship/team/empty/d11_f02.png'
16:18.846  render           | Saved: '/var/folders/n4/43n_jxh10gg3s770b_8jbzb80000gn/T/fc-team-coverage-fac4w3mc.png'
16:19.851  render           | Saved: '/Users/mohammedkalouti/Documents/Codex/2026-09-27/i/work/art/aircraft-final-production-v3/stage/assets/build/frames/unit.IR.gunship/shadow/empty/d11_f02.png'
16:20.473  render           | Saved: '/Users/mohammedkalouti/Documents/Codex/2026-09-27/i/work/art/aircraft-final-production-v3/stage/assets/build/frames/unit.IR.gunship/beauty/empty/d12_f00.png'
16:20.978  render           | Saved: '/Users/mohammedkalouti/Documents/Codex/2026-09-27/i/work/art/aircraft-final-production-v3/stage/assets/build/frames/unit.IR.gunship/team/empty/d12_f00.png'
16:21.244  render           | Saved: '/var/folders/n4/43n_jxh10gg3s770b_8jbzb80000gn/T/fc-team-coverage-5dpbqp75.png'
16:22.276  render           | Saved: '/Users/mohammedkalouti/Documents/Codex/2026-09-27/i/work/art/aircraft-final-production-v3/stage/assets/build/frames/unit.IR.gunship/shadow/empty/d12_f00.png'
16:22.986  render           | Saved: '/Users/mohammedkalouti/Documents/Codex/2026-09-27/i/work/art/aircraft-final-production-v3/stage/assets/build/frames/unit.IR.gunship/beauty/empty/d12_f01.png'
16:23.512  render           | Saved: '/Users/mohammedkalouti/Documents/Codex/2026-09-27/i/work/art/aircraft-final-production-v3/stage/assets/build/frames/unit.IR.gunship/team/empty/d12_f01.png'
16:23.780  render           | Saved: '/var/folders/n4/43n_jxh10gg3s770b_8jbzb80000gn/T/fc-team-coverage-2ma6xj6z.png'
16:24.786  render           | Saved: '/Users/mohammedkalouti/Documents/Codex/2026-09-27/i/work/art/aircraft-final-production-v3/stage/assets/build/frames/unit.IR.gunship/shadow/empty/d12_f01.png'
16:25.397  render           | Saved: '/Users/mohammedkalouti/Documents/Codex/2026-09-27/i/work/art/aircraft-final-production-v3/stage/assets/build/frames/unit.IR.gunship/beauty/empty/d12_f02.png'
16:25.917  render           | Saved: '/Users/mohammedkalouti/Documents/Codex/2026-09-27/i/work/art/aircraft-final-production-v3/stage/assets/build/frames/unit.IR.gunship/team/empty/d12_f02.png'
16:26.180  render           | Saved: '/var/folders/n4/43n_jxh10gg3s770b_8jbzb80000gn/T/fc-team-coverage-w59yxiu2.png'
16:27.176  render           | Saved: '/Users/mohammedkalouti/Documents/Codex/2026-09-27/i/work/art/aircraft-final-production-v3/stage/assets/build/frames/unit.IR.gunship/shadow/empty/d12_f02.png'
16:27.790  render           | Saved: '/Users/mohammedkalouti/Documents/Codex/2026-09-27/i/work/art/aircraft-final-production-v3/stage/assets/build/frames/unit.IR.gunship/beauty/empty/d13_f00.png'
16:28.321  render           | Saved: '/Users/mohammedkalouti/Documents/Codex/2026-09-27/i/work/art/aircraft-final-production-v3/stage/assets/build/frames/unit.IR.gunship/team/empty/d13_f00.png'
16:28.594  render           | Saved: '/var/folders/n4/43n_jxh10gg3s770b_8jbzb80000gn/T/fc-team-coverage-x1ersv_v.png'
16:29.643  render           | Saved: '/Users/mohammedkalouti/Documents/Codex/2026-09-27/i/work/art/aircraft-final-production-v3/stage/assets/build/frames/unit.IR.gunship/shadow/empty/d13_f00.png'
16:30.270  render           | Saved: '/Users/mohammedkalouti/Documents/Codex/2026-09-27/i/work/art/aircraft-final-production-v3/stage/assets/build/frames/unit.IR.gunship/beauty/empty/d13_f01.png'
16:30.780  render           | Saved: '/Users/mohammedkalouti/Documents/Codex/2026-09-27/i/work/art/aircraft-final-production-v3/stage/assets/build/frames/unit.IR.gunship/team/empty/d13_f01.png'
16:31.044  render           | Saved: '/var/folders/n4/43n_jxh10gg3s770b_8jbzb80000gn/T/fc-team-coverage-gnupllgr.png'
16:32.077  render           | Saved: '/Users/mohammedkalouti/Documents/Codex/2026-09-27/i/work/art/aircraft-final-production-v3/stage/assets/build/frames/unit.IR.gunship/shadow/empty/d13_f01.png'
16:32.703  render           | Saved: '/Users/mohammedkalouti/Documents/Codex/2026-09-27/i/work/art/aircraft-final-production-v3/stage/assets/build/frames/unit.IR.gunship/beauty/empty/d13_f02.png'
16:33.209  render           | Saved: '/Users/mohammedkalouti/Documents/Codex/2026-09-27/i/work/art/aircraft-final-production-v3/stage/assets/build/frames/unit.IR.gunship/team/empty/d13_f02.png'
16:33.481  render           | Saved: '/var/folders/n4/43n_jxh10gg3s770b_8jbzb80000gn/T/fc-team-coverage-wozxuol3.png'
16:34.488  render           | Saved: '/Users/mohammedkalouti/Documents/Codex/2026-09-27/i/work/art/aircraft-final-production-v3/stage/assets/build/frames/unit.IR.gunship/shadow/empty/d13_f02.png'
16:35.128  render           | Saved: '/Users/mohammedkalouti/Documents/Codex/2026-09-27/i/work/art/aircraft-final-production-v3/stage/assets/build/frames/unit.IR.gunship/beauty/empty/d14_f00.png'
16:35.653  render           | Saved: '/Users/mohammedkalouti/Documents/Codex/2026-09-27/i/work/art/aircraft-final-production-v3/stage/assets/build/frames/unit.IR.gunship/team/empty/d14_f00.png'
16:35.938  render           | Saved: '/var/folders/n4/43n_jxh10gg3s770b_8jbzb80000gn/T/fc-team-coverage-ucam3f7d.png'
16:37.207  render           | Saved: '/Users/mohammedkalouti/Documents/Codex/2026-09-27/i/work/art/aircraft-final-production-v3/stage/assets/build/frames/unit.IR.gunship/shadow/empty/d14_f00.png'
16:37.835  render           | Saved: '/Users/mohammedkalouti/Documents/Codex/2026-09-27/i/work/art/aircraft-final-production-v3/stage/assets/build/frames/unit.IR.gunship/beauty/empty/d14_f01.png'
16:38.371  render           | Saved: '/Users/mohammedkalouti/Documents/Codex/2026-09-27/i/work/art/aircraft-final-production-v3/stage/assets/build/frames/unit.IR.gunship/team/empty/d14_f01.png'
16:38.671  render           | Saved: '/var/folders/n4/43n_jxh10gg3s770b_8jbzb80000gn/T/fc-team-coverage-cxm7ogv7.png'
16:39.673  render           | Saved: '/Users/mohammedkalouti/Documents/Codex/2026-09-27/i/work/art/aircraft-final-production-v3/stage/assets/build/frames/unit.IR.gunship/shadow/empty/d14_f01.png'
16:40.266  render           | Saved: '/Users/mohammedkalouti/Documents/Codex/2026-09-27/i/work/art/aircraft-final-production-v3/stage/assets/build/frames/unit.IR.gunship/beauty/empty/d14_f02.png'
16:40.779  render           | Saved: '/Users/mohammedkalouti/Documents/Codex/2026-09-27/i/work/art/aircraft-final-production-v3/stage/assets/build/frames/unit.IR.gunship/team/empty/d14_f02.png'
16:41.046  render           | Saved: '/var/folders/n4/43n_jxh10gg3s770b_8jbzb80000gn/T/fc-team-coverage-1cqk5fg8.png'
16:42.059  render           | Saved: '/Users/mohammedkalouti/Documents/Codex/2026-09-27/i/work/art/aircraft-final-production-v3/stage/assets/build/frames/unit.IR.gunship/shadow/empty/d14_f02.png'
16:42.710  render           | Saved: '/Users/mohammedkalouti/Documents/Codex/2026-09-27/i/work/art/aircraft-final-production-v3/stage/assets/build/frames/unit.IR.gunship/beauty/empty/d15_f00.png'
16:43.217  render           | Saved: '/Users/mohammedkalouti/Documents/Codex/2026-09-27/i/work/art/aircraft-final-production-v3/stage/assets/build/frames/unit.IR.gunship/team/empty/d15_f00.png'
16:43.478  render           | Saved: '/var/folders/n4/43n_jxh10gg3s770b_8jbzb80000gn/T/fc-team-coverage-4ft0naex.png'
16:44.496  render           | Saved: '/Users/mohammedkalouti/Documents/Codex/2026-09-27/i/work/art/aircraft-final-production-v3/stage/assets/build/frames/unit.IR.gunship/shadow/empty/d15_f00.png'
16:45.132  render           | Saved: '/Users/mohammedkalouti/Documents/Codex/2026-09-27/i/work/art/aircraft-final-production-v3/stage/assets/build/frames/unit.IR.gunship/beauty/empty/d15_f01.png'
16:45.637  render           | Saved: '/Users/mohammedkalouti/Documents/Codex/2026-09-27/i/work/art/aircraft-final-production-v3/stage/assets/build/frames/unit.IR.gunship/team/empty/d15_f01.png'
16:45.903  render           | Saved: '/var/folders/n4/43n_jxh10gg3s770b_8jbzb80000gn/T/fc-team-coverage-1ubwm2q5.png'
16:46.928  render           | Saved: '/Users/mohammedkalouti/Documents/Codex/2026-09-27/i/work/art/aircraft-final-production-v3/stage/assets/build/frames/unit.IR.gunship/shadow/empty/d15_f01.png'
16:47.543  render           | Saved: '/Users/mohammedkalouti/Documents/Codex/2026-09-27/i/work/art/aircraft-final-production-v3/stage/assets/build/frames/unit.IR.gunship/beauty/empty/d15_f02.png'
16:48.058  render           | Saved: '/Users/mohammedkalouti/Documents/Codex/2026-09-27/i/work/art/aircraft-final-production-v3/stage/assets/build/frames/unit.IR.gunship/team/empty/d15_f02.png'
16:48.320  render           | Saved: '/var/folders/n4/43n_jxh10gg3s770b_8jbzb80000gn/T/fc-team-coverage-giy1elby.png'
16:49.324  render           | Saved: '/Users/mohammedkalouti/Documents/Codex/2026-09-27/i/work/art/aircraft-final-production-v3/stage/assets/build/frames/unit.IR.gunship/shadow/empty/d15_f02.png'
16:50.058  render           | Saved: '/Users/mohammedkalouti/Documents/Codex/2026-09-27/i/work/art/aircraft-final-production-v3/stage/assets/build/frames/unit.IR.gunship/beauty/rearm/d00_f00.png'
16:50.670  render           | Saved: '/Users/mohammedkalouti/Documents/Codex/2026-09-27/i/work/art/aircraft-final-production-v3/stage/assets/build/frames/unit.IR.gunship/team/rearm/d00_f00.png'
16:51.835  render           | Saved: '/Users/mohammedkalouti/Documents/Codex/2026-09-27/i/work/art/aircraft-final-production-v3/stage/assets/build/frames/unit.IR.gunship/shadow/rearm/d00_f00.png'
16:52.565  render           | Saved: '/Users/mohammedkalouti/Documents/Codex/2026-09-27/i/work/art/aircraft-final-production-v3/stage/assets/build/frames/unit.IR.gunship/beauty/rearm/d00_f01.png'
16:53.145  render           | Saved: '/Users/mohammedkalouti/Documents/Codex/2026-09-27/i/work/art/aircraft-final-production-v3/stage/assets/build/frames/unit.IR.gunship/team/rearm/d00_f01.png'
16:54.329  render           | Saved: '/Users/mohammedkalouti/Documents/Codex/2026-09-27/i/work/art/aircraft-final-production-v3/stage/assets/build/frames/unit.IR.gunship/shadow/rearm/d00_f01.png'
16:55.081  render           | Saved: '/Users/mohammedkalouti/Documents/Codex/2026-09-27/i/work/art/aircraft-final-production-v3/stage/assets/build/frames/unit.IR.gunship/beauty/rearm/d00_f02.png'
16:55.787  render           | Saved: '/Users/mohammedkalouti/Documents/Codex/2026-09-27/i/work/art/aircraft-final-production-v3/stage/assets/build/frames/unit.IR.gunship/team/rearm/d00_f02.png'
16:56.968  render           | Saved: '/Users/mohammedkalouti/Documents/Codex/2026-09-27/i/work/art/aircraft-final-production-v3/stage/assets/build/frames/unit.IR.gunship/shadow/rearm/d00_f02.png'
16:57.581  render           | Saved: '/Users/mohammedkalouti/Documents/Codex/2026-09-27/i/work/art/aircraft-final-production-v3/stage/assets/build/frames/unit.IR.gunship/beauty/rearm/d00_f03.png'
16:58.227  render           | Saved: '/Users/mohammedkalouti/Documents/Codex/2026-09-27/i/work/art/aircraft-final-production-v3/stage/assets/build/frames/unit.IR.gunship/team/rearm/d00_f03.png'
16:59.407  render           | Saved: '/Users/mohammedkalouti/Documents/Codex/2026-09-27/i/work/art/aircraft-final-production-v3/stage/assets/build/frames/unit.IR.gunship/shadow/rearm/d00_f03.png'
17:00.074  render           | Saved: '/Users/mohammedkalouti/Documents/Codex/2026-09-27/i/work/art/aircraft-final-production-v3/stage/assets/build/frames/unit.IR.gunship/beauty/rearm/d00_f04.png'
17:00.650  render           | Saved: '/Users/mohammedkalouti/Documents/Codex/2026-09-27/i/work/art/aircraft-final-production-v3/stage/assets/build/frames/unit.IR.gunship/team/rearm/d00_f04.png'
17:01.644  render           | Saved: '/Users/mohammedkalouti/Documents/Codex/2026-09-27/i/work/art/aircraft-final-production-v3/stage/assets/build/frames/unit.IR.gunship/shadow/rearm/d00_f04.png'
17:02.236  render           | Saved: '/Users/mohammedkalouti/Documents/Codex/2026-09-27/i/work/art/aircraft-final-production-v3/stage/assets/build/frames/unit.IR.gunship/beauty/rearm/d00_f05.png'
17:02.752  render           | Saved: '/Users/mohammedkalouti/Documents/Codex/2026-09-27/i/work/art/aircraft-final-production-v3/stage/assets/build/frames/unit.IR.gunship/team/rearm/d00_f05.png'
17:03.717  render           | Saved: '/Users/mohammedkalouti/Documents/Codex/2026-09-27/i/work/art/aircraft-final-production-v3/stage/assets/build/frames/unit.IR.gunship/shadow/rearm/d00_f05.png'
17:04.305  render           | Saved: '/Users/mohammedkalouti/Documents/Codex/2026-09-27/i/work/art/aircraft-final-production-v3/stage/assets/build/frames/unit.IR.gunship/beauty/rearm/d01_f00.png'
17:04.825  render           | Saved: '/Users/mohammedkalouti/Documents/Codex/2026-09-27/i/work/art/aircraft-final-production-v3/stage/assets/build/frames/unit.IR.gunship/team/rearm/d01_f00.png'
17:05.826  render           | Saved: '/Users/mohammedkalouti/Documents/Codex/2026-09-27/i/work/art/aircraft-final-production-v3/stage/assets/build/frames/unit.IR.gunship/shadow/rearm/d01_f00.png'
17:06.456  render           | Saved: '/Users/mohammedkalouti/Documents/Codex/2026-09-27/i/work/art/aircraft-final-production-v3/stage/assets/build/frames/unit.IR.gunship/beauty/rearm/d01_f01.png'
17:06.977  render           | Saved: '/Users/mohammedkalouti/Documents/Codex/2026-09-27/i/work/art/aircraft-final-production-v3/stage/assets/build/frames/unit.IR.gunship/team/rearm/d01_f01.png'
17:07.960  render           | Saved: '/Users/mohammedkalouti/Documents/Codex/2026-09-27/i/work/art/aircraft-final-production-v3/stage/assets/build/frames/unit.IR.gunship/shadow/rearm/d01_f01.png'
17:08.586  render           | Saved: '/Users/mohammedkalouti/Documents/Codex/2026-09-27/i/work/art/aircraft-final-production-v3/stage/assets/build/frames/unit.IR.gunship/beauty/rearm/d01_f02.png'
17:09.104  render           | Saved: '/Users/mohammedkalouti/Documents/Codex/2026-09-27/i/work/art/aircraft-final-production-v3/stage/assets/build/frames/unit.IR.gunship/team/rearm/d01_f02.png'
17:10.059  render           | Saved: '/Users/mohammedkalouti/Documents/Codex/2026-09-27/i/work/art/aircraft-final-production-v3/stage/assets/build/frames/unit.IR.gunship/shadow/rearm/d01_f02.png'
17:10.670  render           | Saved: '/Users/mohammedkalouti/Documents/Codex/2026-09-27/i/work/art/aircraft-final-production-v3/stage/assets/build/frames/unit.IR.gunship/beauty/rearm/d01_f03.png'
17:11.188  render           | Saved: '/Users/mohammedkalouti/Documents/Codex/2026-09-27/i/work/art/aircraft-final-production-v3/stage/assets/build/frames/unit.IR.gunship/team/rearm/d01_f03.png'
17:12.142  render           | Saved: '/Users/mohammedkalouti/Documents/Codex/2026-09-27/i/work/art/aircraft-final-production-v3/stage/assets/build/frames/unit.IR.gunship/shadow/rearm/d01_f03.png'
17:12.738  render           | Saved: '/Users/mohammedkalouti/Documents/Codex/2026-09-27/i/work/art/aircraft-final-production-v3/stage/assets/build/frames/unit.IR.gunship/beauty/rearm/d01_f04.png'
17:13.277  render           | Saved: '/Users/mohammedkalouti/Documents/Codex/2026-09-27/i/work/art/aircraft-final-production-v3/stage/assets/build/frames/unit.IR.gunship/team/rearm/d01_f04.png'
17:14.340  render           | Saved: '/Users/mohammedkalouti/Documents/Codex/2026-09-27/i/work/art/aircraft-final-production-v3/stage/assets/build/frames/unit.IR.gunship/shadow/rearm/d01_f04.png'
17:15.003  render           | Saved: '/Users/mohammedkalouti/Documents/Codex/2026-09-27/i/work/art/aircraft-final-production-v3/stage/assets/build/frames/unit.IR.gunship/beauty/rearm/d01_f05.png'
17:15.575  render           | Saved: '/Users/mohammedkalouti/Documents/Codex/2026-09-27/i/work/art/aircraft-final-production-v3/stage/assets/build/frames/unit.IR.gunship/team/rearm/d01_f05.png'
17:16.603  render           | Saved: '/Users/mohammedkalouti/Documents/Codex/2026-09-27/i/work/art/aircraft-final-production-v3/stage/assets/build/frames/unit.IR.gunship/shadow/rearm/d01_f05.png'
17:17.250  render           | Saved: '/Users/mohammedkalouti/Documents/Codex/2026-09-27/i/work/art/aircraft-final-production-v3/stage/assets/build/frames/unit.IR.gunship/beauty/rearm/d02_f00.png'
17:17.832  render           | Saved: '/Users/mohammedkalouti/Documents/Codex/2026-09-27/i/work/art/aircraft-final-production-v3/stage/assets/build/frames/unit.IR.gunship/team/rearm/d02_f00.png'
17:18.929  render           | Saved: '/Users/mohammedkalouti/Documents/Codex/2026-09-27/i/work/art/aircraft-final-production-v3/stage/assets/build/frames/unit.IR.gunship/shadow/rearm/d02_f00.png'
17:19.727  render           | Saved: '/Users/mohammedkalouti/Documents/Codex/2026-09-27/i/work/art/aircraft-final-production-v3/stage/assets/build/frames/unit.IR.gunship/beauty/rearm/d02_f01.png'
17:20.362  render           | Saved: '/Users/mohammedkalouti/Documents/Codex/2026-09-27/i/work/art/aircraft-final-production-v3/stage/assets/build/frames/unit.IR.gunship/team/rearm/d02_f01.png'
17:21.462  render           | Saved: '/Users/mohammedkalouti/Documents/Codex/2026-09-27/i/work/art/aircraft-final-production-v3/stage/assets/build/frames/unit.IR.gunship/shadow/rearm/d02_f01.png'
17:22.122  render           | Saved: '/Users/mohammedkalouti/Documents/Codex/2026-09-27/i/work/art/aircraft-final-production-v3/stage/assets/build/frames/unit.IR.gunship/beauty/rearm/d02_f02.png'
17:22.704  render           | Saved: '/Users/mohammedkalouti/Documents/Codex/2026-09-27/i/work/art/aircraft-final-production-v3/stage/assets/build/frames/unit.IR.gunship/team/rearm/d02_f02.png'
17:23.740  render           | Saved: '/Users/mohammedkalouti/Documents/Codex/2026-09-27/i/work/art/aircraft-final-production-v3/stage/assets/build/frames/unit.IR.gunship/shadow/rearm/d02_f02.png'
17:24.404  render           | Saved: '/Users/mohammedkalouti/Documents/Codex/2026-09-27/i/work/art/aircraft-final-production-v3/stage/assets/build/frames/unit.IR.gunship/beauty/rearm/d02_f03.png'
17:24.983  render           | Saved: '/Users/mohammedkalouti/Documents/Codex/2026-09-27/i/work/art/aircraft-final-production-v3/stage/assets/build/frames/unit.IR.gunship/team/rearm/d02_f03.png'
17:26.039  render           | Saved: '/Users/mohammedkalouti/Documents/Codex/2026-09-27/i/work/art/aircraft-final-production-v3/stage/assets/build/frames/unit.IR.gunship/shadow/rearm/d02_f03.png'
17:26.692  render           | Saved: '/Users/mohammedkalouti/Documents/Codex/2026-09-27/i/work/art/aircraft-final-production-v3/stage/assets/build/frames/unit.IR.gunship/beauty/rearm/d02_f04.png'
17:27.257  render           | Saved: '/Users/mohammedkalouti/Documents/Codex/2026-09-27/i/work/art/aircraft-final-production-v3/stage/assets/build/frames/unit.IR.gunship/team/rearm/d02_f04.png'
17:28.343  render           | Saved: '/Users/mohammedkalouti/Documents/Codex/2026-09-27/i/work/art/aircraft-final-production-v3/stage/assets/build/frames/unit.IR.gunship/shadow/rearm/d02_f04.png'
17:29.026  render           | Saved: '/Users/mohammedkalouti/Documents/Codex/2026-09-27/i/work/art/aircraft-final-production-v3/stage/assets/build/frames/unit.IR.gunship/beauty/rearm/d02_f05.png'
17:29.612  render           | Saved: '/Users/mohammedkalouti/Documents/Codex/2026-09-27/i/work/art/aircraft-final-production-v3/stage/assets/build/frames/unit.IR.gunship/team/rearm/d02_f05.png'
17:30.718  render           | Saved: '/Users/mohammedkalouti/Documents/Codex/2026-09-27/i/work/art/aircraft-final-production-v3/stage/assets/build/frames/unit.IR.gunship/shadow/rearm/d02_f05.png'
17:31.403  render           | Saved: '/Users/mohammedkalouti/Documents/Codex/2026-09-27/i/work/art/aircraft-final-production-v3/stage/assets/build/frames/unit.IR.gunship/beauty/rearm/d04_f00.png'
17:31.979  render           | Saved: '/Users/mohammedkalouti/Documents/Codex/2026-09-27/i/work/art/aircraft-final-production-v3/stage/assets/build/frames/unit.IR.gunship/team/rearm/d04_f00.png'
17:33.037  render           | Saved: '/Users/mohammedkalouti/Documents/Codex/2026-09-27/i/work/art/aircraft-final-production-v3/stage/assets/build/frames/unit.IR.gunship/shadow/rearm/d04_f00.png'
17:33.698  render           | Saved: '/Users/mohammedkalouti/Documents/Codex/2026-09-27/i/work/art/aircraft-final-production-v3/stage/assets/build/frames/unit.IR.gunship/beauty/rearm/d04_f01.png'
17:34.269  render           | Saved: '/Users/mohammedkalouti/Documents/Codex/2026-09-27/i/work/art/aircraft-final-production-v3/stage/assets/build/frames/unit.IR.gunship/team/rearm/d04_f01.png'
17:35.359  render           | Saved: '/Users/mohammedkalouti/Documents/Codex/2026-09-27/i/work/art/aircraft-final-production-v3/stage/assets/build/frames/unit.IR.gunship/shadow/rearm/d04_f01.png'
17:36.018  render           | Saved: '/Users/mohammedkalouti/Documents/Codex/2026-09-27/i/work/art/aircraft-final-production-v3/stage/assets/build/frames/unit.IR.gunship/beauty/rearm/d04_f02.png'
17:36.588  render           | Saved: '/Users/mohammedkalouti/Documents/Codex/2026-09-27/i/work/art/aircraft-final-production-v3/stage/assets/build/frames/unit.IR.gunship/team/rearm/d04_f02.png'
17:37.678  render           | Saved: '/Users/mohammedkalouti/Documents/Codex/2026-09-27/i/work/art/aircraft-final-production-v3/stage/assets/build/frames/unit.IR.gunship/shadow/rearm/d04_f02.png'
17:38.333  render           | Saved: '/Users/mohammedkalouti/Documents/Codex/2026-09-27/i/work/art/aircraft-final-production-v3/stage/assets/build/frames/unit.IR.gunship/beauty/rearm/d04_f03.png'
17:38.917  render           | Saved: '/Users/mohammedkalouti/Documents/Codex/2026-09-27/i/work/art/aircraft-final-production-v3/stage/assets/build/frames/unit.IR.gunship/team/rearm/d04_f03.png'
17:39.986  render           | Saved: '/Users/mohammedkalouti/Documents/Codex/2026-09-27/i/work/art/aircraft-final-production-v3/stage/assets/build/frames/unit.IR.gunship/shadow/rearm/d04_f03.png'
17:40.624  render           | Saved: '/Users/mohammedkalouti/Documents/Codex/2026-09-27/i/work/art/aircraft-final-production-v3/stage/assets/build/frames/unit.IR.gunship/beauty/rearm/d04_f04.png'
17:41.202  render           | Saved: '/Users/mohammedkalouti/Documents/Codex/2026-09-27/i/work/art/aircraft-final-production-v3/stage/assets/build/frames/unit.IR.gunship/team/rearm/d04_f04.png'
17:42.240  render           | Saved: '/Users/mohammedkalouti/Documents/Codex/2026-09-27/i/work/art/aircraft-final-production-v3/stage/assets/build/frames/unit.IR.gunship/shadow/rearm/d04_f04.png'
17:42.908  render           | Saved: '/Users/mohammedkalouti/Documents/Codex/2026-09-27/i/work/art/aircraft-final-production-v3/stage/assets/build/frames/unit.IR.gunship/beauty/rearm/d04_f05.png'
17:43.489  render           | Saved: '/Users/mohammedkalouti/Documents/Codex/2026-09-27/i/work/art/aircraft-final-production-v3/stage/assets/build/frames/unit.IR.gunship/team/rearm/d04_f05.png'
17:44.526  render           | Saved: '/Users/mohammedkalouti/Documents/Codex/2026-09-27/i/work/art/aircraft-final-production-v3/stage/assets/build/frames/unit.IR.gunship/shadow/rearm/d04_f05.png'
17:45.169  render           | Saved: '/Users/mohammedkalouti/Documents/Codex/2026-09-27/i/work/art/aircraft-final-production-v3/stage/assets/build/frames/unit.IR.gunship/beauty/rearm/d05_f00.png'
17:45.742  render           | Saved: '/Users/mohammedkalouti/Documents/Codex/2026-09-27/i/work/art/aircraft-final-production-v3/stage/assets/build/frames/unit.IR.gunship/team/rearm/d05_f00.png'
17:46.808  render           | Saved: '/Users/mohammedkalouti/Documents/Codex/2026-09-27/i/work/art/aircraft-final-production-v3/stage/assets/build/frames/unit.IR.gunship/shadow/rearm/d05_f00.png'
17:47.458  render           | Saved: '/Users/mohammedkalouti/Documents/Codex/2026-09-27/i/work/art/aircraft-final-production-v3/stage/assets/build/frames/unit.IR.gunship/beauty/rearm/d05_f01.png'
17:48.032  render           | Saved: '/Users/mohammedkalouti/Documents/Codex/2026-09-27/i/work/art/aircraft-final-production-v3/stage/assets/build/frames/unit.IR.gunship/team/rearm/d05_f01.png'
17:49.077  render           | Saved: '/Users/mohammedkalouti/Documents/Codex/2026-09-27/i/work/art/aircraft-final-production-v3/stage/assets/build/frames/unit.IR.gunship/shadow/rearm/d05_f01.png'
17:49.725  render           | Saved: '/Users/mohammedkalouti/Documents/Codex/2026-09-27/i/work/art/aircraft-final-production-v3/stage/assets/build/frames/unit.IR.gunship/beauty/rearm/d05_f02.png'
17:50.299  render           | Saved: '/Users/mohammedkalouti/Documents/Codex/2026-09-27/i/work/art/aircraft-final-production-v3/stage/assets/build/frames/unit.IR.gunship/team/rearm/d05_f02.png'
17:51.349  render           | Saved: '/Users/mohammedkalouti/Documents/Codex/2026-09-27/i/work/art/aircraft-final-production-v3/stage/assets/build/frames/unit.IR.gunship/shadow/rearm/d05_f02.png'
17:51.996  render           | Saved: '/Users/mohammedkalouti/Documents/Codex/2026-09-27/i/work/art/aircraft-final-production-v3/stage/assets/build/frames/unit.IR.gunship/beauty/rearm/d05_f03.png'
17:52.567  render           | Saved: '/Users/mohammedkalouti/Documents/Codex/2026-09-27/i/work/art/aircraft-final-production-v3/stage/assets/build/frames/unit.IR.gunship/team/rearm/d05_f03.png'
17:53.651  render           | Saved: '/Users/mohammedkalouti/Documents/Codex/2026-09-27/i/work/art/aircraft-final-production-v3/stage/assets/build/frames/unit.IR.gunship/shadow/rearm/d05_f03.png'
17:54.303  render           | Saved: '/Users/mohammedkalouti/Documents/Codex/2026-09-27/i/work/art/aircraft-final-production-v3/stage/assets/build/frames/unit.IR.gunship/beauty/rearm/d05_f04.png'
17:54.876  render           | Saved: '/Users/mohammedkalouti/Documents/Codex/2026-09-27/i/work/art/aircraft-final-production-v3/stage/assets/build/frames/unit.IR.gunship/team/rearm/d05_f04.png'
17:55.926  render           | Saved: '/Users/mohammedkalouti/Documents/Codex/2026-09-27/i/work/art/aircraft-final-production-v3/stage/assets/build/frames/unit.IR.gunship/shadow/rearm/d05_f04.png'
17:56.592  render           | Saved: '/Users/mohammedkalouti/Documents/Codex/2026-09-27/i/work/art/aircraft-final-production-v3/stage/assets/build/frames/unit.IR.gunship/beauty/rearm/d05_f05.png'
17:57.171  render           | Saved: '/Users/mohammedkalouti/Documents/Codex/2026-09-27/i/work/art/aircraft-final-production-v3/stage/assets/build/frames/unit.IR.gunship/team/rearm/d05_f05.png'
17:58.207  render           | Saved: '/Users/mohammedkalouti/Documents/Codex/2026-09-27/i/work/art/aircraft-final-production-v3/stage/assets/build/frames/unit.IR.gunship/shadow/rearm/d05_f05.png'
17:58.872  render           | Saved: '/Users/mohammedkalouti/Documents/Codex/2026-09-27/i/work/art/aircraft-final-production-v3/stage/assets/build/frames/unit.IR.gunship/beauty/rearm/d06_f00.png'
17:59.466  render           | Saved: '/Users/mohammedkalouti/Documents/Codex/2026-09-27/i/work/art/aircraft-final-production-v3/stage/assets/build/frames/unit.IR.gunship/team/rearm/d06_f00.png'
18:00.574  render           | Saved: '/Users/mohammedkalouti/Documents/Codex/2026-09-27/i/work/art/aircraft-final-production-v3/stage/assets/build/frames/unit.IR.gunship/shadow/rearm/d06_f00.png'
18:01.252  render           | Saved: '/Users/mohammedkalouti/Documents/Codex/2026-09-27/i/work/art/aircraft-final-production-v3/stage/assets/build/frames/unit.IR.gunship/beauty/rearm/d06_f01.png'
18:01.850  render           | Saved: '/Users/mohammedkalouti/Documents/Codex/2026-09-27/i/work/art/aircraft-final-production-v3/stage/assets/build/frames/unit.IR.gunship/team/rearm/d06_f01.png'
18:02.975  render           | Saved: '/Users/mohammedkalouti/Documents/Codex/2026-09-27/i/work/art/aircraft-final-production-v3/stage/assets/build/frames/unit.IR.gunship/shadow/rearm/d06_f01.png'
18:03.635  render           | Saved: '/Users/mohammedkalouti/Documents/Codex/2026-09-27/i/work/art/aircraft-final-production-v3/stage/assets/build/frames/unit.IR.gunship/beauty/rearm/d06_f02.png'
18:04.220  render           | Saved: '/Users/mohammedkalouti/Documents/Codex/2026-09-27/i/work/art/aircraft-final-production-v3/stage/assets/build/frames/unit.IR.gunship/team/rearm/d06_f02.png'
18:05.300  render           | Saved: '/Users/mohammedkalouti/Documents/Codex/2026-09-27/i/work/art/aircraft-final-production-v3/stage/assets/build/frames/unit.IR.gunship/shadow/rearm/d06_f02.png'
18:05.947  render           | Saved: '/Users/mohammedkalouti/Documents/Codex/2026-09-27/i/work/art/aircraft-final-production-v3/stage/assets/build/frames/unit.IR.gunship/beauty/rearm/d06_f03.png'
18:06.489  render           | Saved: '/Users/mohammedkalouti/Documents/Codex/2026-09-27/i/work/art/aircraft-final-production-v3/stage/assets/build/frames/unit.IR.gunship/team/rearm/d06_f03.png'
18:07.491  render           | Saved: '/Users/mohammedkalouti/Documents/Codex/2026-09-27/i/work/art/aircraft-final-production-v3/stage/assets/build/frames/unit.IR.gunship/shadow/rearm/d06_f03.png'
18:08.100  render           | Saved: '/Users/mohammedkalouti/Documents/Codex/2026-09-27/i/work/art/aircraft-final-production-v3/stage/assets/build/frames/unit.IR.gunship/beauty/rearm/d06_f04.png'
18:08.657  render           | Saved: '/Users/mohammedkalouti/Documents/Codex/2026-09-27/i/work/art/aircraft-final-production-v3/stage/assets/build/frames/unit.IR.gunship/team/rearm/d06_f04.png'
18:09.640  render           | Saved: '/Users/mohammedkalouti/Documents/Codex/2026-09-27/i/work/art/aircraft-final-production-v3/stage/assets/build/frames/unit.IR.gunship/shadow/rearm/d06_f04.png'
18:10.224  render           | Saved: '/Users/mohammedkalouti/Documents/Codex/2026-09-27/i/work/art/aircraft-final-production-v3/stage/assets/build/frames/unit.IR.gunship/beauty/rearm/d06_f05.png'
18:10.748  render           | Saved: '/Users/mohammedkalouti/Documents/Codex/2026-09-27/i/work/art/aircraft-final-production-v3/stage/assets/build/frames/unit.IR.gunship/team/rearm/d06_f05.png'
18:11.716  render           | Saved: '/Users/mohammedkalouti/Documents/Codex/2026-09-27/i/work/art/aircraft-final-production-v3/stage/assets/build/frames/unit.IR.gunship/shadow/rearm/d06_f05.png'
18:12.322  render           | Saved: '/Users/mohammedkalouti/Documents/Codex/2026-09-27/i/work/art/aircraft-final-production-v3/stage/assets/build/frames/unit.IR.gunship/beauty/rearm/d08_f00.png'
18:12.842  render           | Saved: '/Users/mohammedkalouti/Documents/Codex/2026-09-27/i/work/art/aircraft-final-production-v3/stage/assets/build/frames/unit.IR.gunship/team/rearm/d08_f00.png'
18:13.807  render           | Saved: '/Users/mohammedkalouti/Documents/Codex/2026-09-27/i/work/art/aircraft-final-production-v3/stage/assets/build/frames/unit.IR.gunship/shadow/rearm/d08_f00.png'
18:14.405  render           | Saved: '/Users/mohammedkalouti/Documents/Codex/2026-09-27/i/work/art/aircraft-final-production-v3/stage/assets/build/frames/unit.IR.gunship/beauty/rearm/d08_f01.png'
18:14.926  render           | Saved: '/Users/mohammedkalouti/Documents/Codex/2026-09-27/i/work/art/aircraft-final-production-v3/stage/assets/build/frames/unit.IR.gunship/team/rearm/d08_f01.png'
18:15.875  render           | Saved: '/Users/mohammedkalouti/Documents/Codex/2026-09-27/i/work/art/aircraft-final-production-v3/stage/assets/build/frames/unit.IR.gunship/shadow/rearm/d08_f01.png'
18:16.465  render           | Saved: '/Users/mohammedkalouti/Documents/Codex/2026-09-27/i/work/art/aircraft-final-production-v3/stage/assets/build/frames/unit.IR.gunship/beauty/rearm/d08_f02.png'
18:16.981  render           | Saved: '/Users/mohammedkalouti/Documents/Codex/2026-09-27/i/work/art/aircraft-final-production-v3/stage/assets/build/frames/unit.IR.gunship/team/rearm/d08_f02.png'
18:17.933  render           | Saved: '/Users/mohammedkalouti/Documents/Codex/2026-09-27/i/work/art/aircraft-final-production-v3/stage/assets/build/frames/unit.IR.gunship/shadow/rearm/d08_f02.png'
18:18.519  render           | Saved: '/Users/mohammedkalouti/Documents/Codex/2026-09-27/i/work/art/aircraft-final-production-v3/stage/assets/build/frames/unit.IR.gunship/beauty/rearm/d08_f03.png'
18:19.039  render           | Saved: '/Users/mohammedkalouti/Documents/Codex/2026-09-27/i/work/art/aircraft-final-production-v3/stage/assets/build/frames/unit.IR.gunship/team/rearm/d08_f03.png'
18:19.969  render           | Saved: '/Users/mohammedkalouti/Documents/Codex/2026-09-27/i/work/art/aircraft-final-production-v3/stage/assets/build/frames/unit.IR.gunship/shadow/rearm/d08_f03.png'
18:20.568  render           | Saved: '/Users/mohammedkalouti/Documents/Codex/2026-09-27/i/work/art/aircraft-final-production-v3/stage/assets/build/frames/unit.IR.gunship/beauty/rearm/d08_f04.png'
18:21.089  render           | Saved: '/Users/mohammedkalouti/Documents/Codex/2026-09-27/i/work/art/aircraft-final-production-v3/stage/assets/build/frames/unit.IR.gunship/team/rearm/d08_f04.png'
18:22.043  render           | Saved: '/Users/mohammedkalouti/Documents/Codex/2026-09-27/i/work/art/aircraft-final-production-v3/stage/assets/build/frames/unit.IR.gunship/shadow/rearm/d08_f04.png'
18:22.640  render           | Saved: '/Users/mohammedkalouti/Documents/Codex/2026-09-27/i/work/art/aircraft-final-production-v3/stage/assets/build/frames/unit.IR.gunship/beauty/rearm/d08_f05.png'
18:23.177  render           | Saved: '/Users/mohammedkalouti/Documents/Codex/2026-09-27/i/work/art/aircraft-final-production-v3/stage/assets/build/frames/unit.IR.gunship/team/rearm/d08_f05.png'
18:24.127  render           | Saved: '/Users/mohammedkalouti/Documents/Codex/2026-09-27/i/work/art/aircraft-final-production-v3/stage/assets/build/frames/unit.IR.gunship/shadow/rearm/d08_f05.png'
18:24.714  render           | Saved: '/Users/mohammedkalouti/Documents/Codex/2026-09-27/i/work/art/aircraft-final-production-v3/stage/assets/build/frames/unit.IR.gunship/beauty/rearm/d09_f00.png'
18:25.243  render           | Saved: '/Users/mohammedkalouti/Documents/Codex/2026-09-27/i/work/art/aircraft-final-production-v3/stage/assets/build/frames/unit.IR.gunship/team/rearm/d09_f00.png'
18:26.209  render           | Saved: '/Users/mohammedkalouti/Documents/Codex/2026-09-27/i/work/art/aircraft-final-production-v3/stage/assets/build/frames/unit.IR.gunship/shadow/rearm/d09_f00.png'
18:26.796  render           | Saved: '/Users/mohammedkalouti/Documents/Codex/2026-09-27/i/work/art/aircraft-final-production-v3/stage/assets/build/frames/unit.IR.gunship/beauty/rearm/d09_f01.png'
18:27.326  render           | Saved: '/Users/mohammedkalouti/Documents/Codex/2026-09-27/i/work/art/aircraft-final-production-v3/stage/assets/build/frames/unit.IR.gunship/team/rearm/d09_f01.png'
18:28.257  render           | Saved: '/Users/mohammedkalouti/Documents/Codex/2026-09-27/i/work/art/aircraft-final-production-v3/stage/assets/build/frames/unit.IR.gunship/shadow/rearm/d09_f01.png'
18:28.850  render           | Saved: '/Users/mohammedkalouti/Documents/Codex/2026-09-27/i/work/art/aircraft-final-production-v3/stage/assets/build/frames/unit.IR.gunship/beauty/rearm/d09_f02.png'
18:29.399  render           | Saved: '/Users/mohammedkalouti/Documents/Codex/2026-09-27/i/work/art/aircraft-final-production-v3/stage/assets/build/frames/unit.IR.gunship/team/rearm/d09_f02.png'
18:30.366  render           | Saved: '/Users/mohammedkalouti/Documents/Codex/2026-09-27/i/work/art/aircraft-final-production-v3/stage/assets/build/frames/unit.IR.gunship/shadow/rearm/d09_f02.png'
18:30.944  render           | Saved: '/Users/mohammedkalouti/Documents/Codex/2026-09-27/i/work/art/aircraft-final-production-v3/stage/assets/build/frames/unit.IR.gunship/beauty/rearm/d09_f03.png'
18:31.471  render           | Saved: '/Users/mohammedkalouti/Documents/Codex/2026-09-27/i/work/art/aircraft-final-production-v3/stage/assets/build/frames/unit.IR.gunship/team/rearm/d09_f03.png'
18:32.420  render           | Saved: '/Users/mohammedkalouti/Documents/Codex/2026-09-27/i/work/art/aircraft-final-production-v3/stage/assets/build/frames/unit.IR.gunship/shadow/rearm/d09_f03.png'
18:33.027  render           | Saved: '/Users/mohammedkalouti/Documents/Codex/2026-09-27/i/work/art/aircraft-final-production-v3/stage/assets/build/frames/unit.IR.gunship/beauty/rearm/d09_f04.png'
18:33.537  render           | Saved: '/Users/mohammedkalouti/Documents/Codex/2026-09-27/i/work/art/aircraft-final-production-v3/stage/assets/build/frames/unit.IR.gunship/team/rearm/d09_f04.png'
18:34.488  render           | Saved: '/Users/mohammedkalouti/Documents/Codex/2026-09-27/i/work/art/aircraft-final-production-v3/stage/assets/build/frames/unit.IR.gunship/shadow/rearm/d09_f04.png'
18:35.076  render           | Saved: '/Users/mohammedkalouti/Documents/Codex/2026-09-27/i/work/art/aircraft-final-production-v3/stage/assets/build/frames/unit.IR.gunship/beauty/rearm/d09_f05.png'
18:35.603  render           | Saved: '/Users/mohammedkalouti/Documents/Codex/2026-09-27/i/work/art/aircraft-final-production-v3/stage/assets/build/frames/unit.IR.gunship/team/rearm/d09_f05.png'
18:36.585  render           | Saved: '/Users/mohammedkalouti/Documents/Codex/2026-09-27/i/work/art/aircraft-final-production-v3/stage/assets/build/frames/unit.IR.gunship/shadow/rearm/d09_f05.png'
18:37.158  render           | Saved: '/Users/mohammedkalouti/Documents/Codex/2026-09-27/i/work/art/aircraft-final-production-v3/stage/assets/build/frames/unit.IR.gunship/beauty/rearm/d10_f00.png'
18:37.667  render           | Saved: '/Users/mohammedkalouti/Documents/Codex/2026-09-27/i/work/art/aircraft-final-production-v3/stage/assets/build/frames/unit.IR.gunship/team/rearm/d10_f00.png'
18:38.630  render           | Saved: '/Users/mohammedkalouti/Documents/Codex/2026-09-27/i/work/art/aircraft-final-production-v3/stage/assets/build/frames/unit.IR.gunship/shadow/rearm/d10_f00.png'
18:39.208  render           | Saved: '/Users/mohammedkalouti/Documents/Codex/2026-09-27/i/work/art/aircraft-final-production-v3/stage/assets/build/frames/unit.IR.gunship/beauty/rearm/d10_f01.png'
18:39.724  render           | Saved: '/Users/mohammedkalouti/Documents/Codex/2026-09-27/i/work/art/aircraft-final-production-v3/stage/assets/build/frames/unit.IR.gunship/team/rearm/d10_f01.png'
18:40.695  render           | Saved: '/Users/mohammedkalouti/Documents/Codex/2026-09-27/i/work/art/aircraft-final-production-v3/stage/assets/build/frames/unit.IR.gunship/shadow/rearm/d10_f01.png'
18:41.276  render           | Saved: '/Users/mohammedkalouti/Documents/Codex/2026-09-27/i/work/art/aircraft-final-production-v3/stage/assets/build/frames/unit.IR.gunship/beauty/rearm/d10_f02.png'
18:41.798  render           | Saved: '/Users/mohammedkalouti/Documents/Codex/2026-09-27/i/work/art/aircraft-final-production-v3/stage/assets/build/frames/unit.IR.gunship/team/rearm/d10_f02.png'
18:42.752  render           | Saved: '/Users/mohammedkalouti/Documents/Codex/2026-09-27/i/work/art/aircraft-final-production-v3/stage/assets/build/frames/unit.IR.gunship/shadow/rearm/d10_f02.png'
18:43.337  render           | Saved: '/Users/mohammedkalouti/Documents/Codex/2026-09-27/i/work/art/aircraft-final-production-v3/stage/assets/build/frames/unit.IR.gunship/beauty/rearm/d10_f03.png'
18:43.848  render           | Saved: '/Users/mohammedkalouti/Documents/Codex/2026-09-27/i/work/art/aircraft-final-production-v3/stage/assets/build/frames/unit.IR.gunship/team/rearm/d10_f03.png'
18:44.801  render           | Saved: '/Users/mohammedkalouti/Documents/Codex/2026-09-27/i/work/art/aircraft-final-production-v3/stage/assets/build/frames/unit.IR.gunship/shadow/rearm/d10_f03.png'
18:45.390  render           | Saved: '/Users/mohammedkalouti/Documents/Codex/2026-09-27/i/work/art/aircraft-final-production-v3/stage/assets/build/frames/unit.IR.gunship/beauty/rearm/d10_f04.png'
18:45.899  render           | Saved: '/Users/mohammedkalouti/Documents/Codex/2026-09-27/i/work/art/aircraft-final-production-v3/stage/assets/build/frames/unit.IR.gunship/team/rearm/d10_f04.png'
18:46.837  render           | Saved: '/Users/mohammedkalouti/Documents/Codex/2026-09-27/i/work/art/aircraft-final-production-v3/stage/assets/build/frames/unit.IR.gunship/shadow/rearm/d10_f04.png'
18:47.416  render           | Saved: '/Users/mohammedkalouti/Documents/Codex/2026-09-27/i/work/art/aircraft-final-production-v3/stage/assets/build/frames/unit.IR.gunship/beauty/rearm/d10_f05.png'
18:47.933  render           | Saved: '/Users/mohammedkalouti/Documents/Codex/2026-09-27/i/work/art/aircraft-final-production-v3/stage/assets/build/frames/unit.IR.gunship/team/rearm/d10_f05.png'
18:48.869  render           | Saved: '/Users/mohammedkalouti/Documents/Codex/2026-09-27/i/work/art/aircraft-final-production-v3/stage/assets/build/frames/unit.IR.gunship/shadow/rearm/d10_f05.png'
18:49.466  render           | Saved: '/Users/mohammedkalouti/Documents/Codex/2026-09-27/i/work/art/aircraft-final-production-v3/stage/assets/build/frames/unit.IR.gunship/beauty/rearm/d12_f00.png'
18:49.980  render           | Saved: '/Users/mohammedkalouti/Documents/Codex/2026-09-27/i/work/art/aircraft-final-production-v3/stage/assets/build/frames/unit.IR.gunship/team/rearm/d12_f00.png'
18:50.913  render           | Saved: '/Users/mohammedkalouti/Documents/Codex/2026-09-27/i/work/art/aircraft-final-production-v3/stage/assets/build/frames/unit.IR.gunship/shadow/rearm/d12_f00.png'
18:51.493  render           | Saved: '/Users/mohammedkalouti/Documents/Codex/2026-09-27/i/work/art/aircraft-final-production-v3/stage/assets/build/frames/unit.IR.gunship/beauty/rearm/d12_f01.png'
18:52.009  render           | Saved: '/Users/mohammedkalouti/Documents/Codex/2026-09-27/i/work/art/aircraft-final-production-v3/stage/assets/build/frames/unit.IR.gunship/team/rearm/d12_f01.png'
18:52.950  render           | Saved: '/Users/mohammedkalouti/Documents/Codex/2026-09-27/i/work/art/aircraft-final-production-v3/stage/assets/build/frames/unit.IR.gunship/shadow/rearm/d12_f01.png'
18:53.551  render           | Saved: '/Users/mohammedkalouti/Documents/Codex/2026-09-27/i/work/art/aircraft-final-production-v3/stage/assets/build/frames/unit.IR.gunship/beauty/rearm/d12_f02.png'
18:54.062  render           | Saved: '/Users/mohammedkalouti/Documents/Codex/2026-09-27/i/work/art/aircraft-final-production-v3/stage/assets/build/frames/unit.IR.gunship/team/rearm/d12_f02.png'
18:55.002  render           | Saved: '/Users/mohammedkalouti/Documents/Codex/2026-09-27/i/work/art/aircraft-final-production-v3/stage/assets/build/frames/unit.IR.gunship/shadow/rearm/d12_f02.png'
18:55.578  render           | Saved: '/Users/mohammedkalouti/Documents/Codex/2026-09-27/i/work/art/aircraft-final-production-v3/stage/assets/build/frames/unit.IR.gunship/beauty/rearm/d12_f03.png'
18:56.133  render           | Saved: '/Users/mohammedkalouti/Documents/Codex/2026-09-27/i/work/art/aircraft-final-production-v3/stage/assets/build/frames/unit.IR.gunship/team/rearm/d12_f03.png'
18:57.094  render           | Saved: '/Users/mohammedkalouti/Documents/Codex/2026-09-27/i/work/art/aircraft-final-production-v3/stage/assets/build/frames/unit.IR.gunship/shadow/rearm/d12_f03.png'
18:57.671  render           | Saved: '/Users/mohammedkalouti/Documents/Codex/2026-09-27/i/work/art/aircraft-final-production-v3/stage/assets/build/frames/unit.IR.gunship/beauty/rearm/d12_f04.png'
18:58.182  render           | Saved: '/Users/mohammedkalouti/Documents/Codex/2026-09-27/i/work/art/aircraft-final-production-v3/stage/assets/build/frames/unit.IR.gunship/team/rearm/d12_f04.png'
18:59.124  render           | Saved: '/Users/mohammedkalouti/Documents/Codex/2026-09-27/i/work/art/aircraft-final-production-v3/stage/assets/build/frames/unit.IR.gunship/shadow/rearm/d12_f04.png'
18:59.717  render           | Saved: '/Users/mohammedkalouti/Documents/Codex/2026-09-27/i/work/art/aircraft-final-production-v3/stage/assets/build/frames/unit.IR.gunship/beauty/rearm/d12_f05.png'
19:00.257  render           | Saved: '/Users/mohammedkalouti/Documents/Codex/2026-09-27/i/work/art/aircraft-final-production-v3/stage/assets/build/frames/unit.IR.gunship/team/rearm/d12_f05.png'
19:01.207  render           | Saved: '/Users/mohammedkalouti/Documents/Codex/2026-09-27/i/work/art/aircraft-final-production-v3/stage/assets/build/frames/unit.IR.gunship/shadow/rearm/d12_f05.png'
19:01.802  render           | Saved: '/Users/mohammedkalouti/Documents/Codex/2026-09-27/i/work/art/aircraft-final-production-v3/stage/assets/build/frames/unit.IR.gunship/beauty/rearm/d13_f00.png'
19:02.331  render           | Saved: '/Users/mohammedkalouti/Documents/Codex/2026-09-27/i/work/art/aircraft-final-production-v3/stage/assets/build/frames/unit.IR.gunship/team/rearm/d13_f00.png'
19:03.292  render           | Saved: '/Users/mohammedkalouti/Documents/Codex/2026-09-27/i/work/art/aircraft-final-production-v3/stage/assets/build/frames/unit.IR.gunship/shadow/rearm/d13_f00.png'
19:03.890  render           | Saved: '/Users/mohammedkalouti/Documents/Codex/2026-09-27/i/work/art/aircraft-final-production-v3/stage/assets/build/frames/unit.IR.gunship/beauty/rearm/d13_f01.png'
19:04.415  render           | Saved: '/Users/mohammedkalouti/Documents/Codex/2026-09-27/i/work/art/aircraft-final-production-v3/stage/assets/build/frames/unit.IR.gunship/team/rearm/d13_f01.png'
19:05.357  render           | Saved: '/Users/mohammedkalouti/Documents/Codex/2026-09-27/i/work/art/aircraft-final-production-v3/stage/assets/build/frames/unit.IR.gunship/shadow/rearm/d13_f01.png'
19:05.941  render           | Saved: '/Users/mohammedkalouti/Documents/Codex/2026-09-27/i/work/art/aircraft-final-production-v3/stage/assets/build/frames/unit.IR.gunship/beauty/rearm/d13_f02.png'
19:06.459  render           | Saved: '/Users/mohammedkalouti/Documents/Codex/2026-09-27/i/work/art/aircraft-final-production-v3/stage/assets/build/frames/unit.IR.gunship/team/rearm/d13_f02.png'
19:07.411  render           | Saved: '/Users/mohammedkalouti/Documents/Codex/2026-09-27/i/work/art/aircraft-final-production-v3/stage/assets/build/frames/unit.IR.gunship/shadow/rearm/d13_f02.png'
19:07.987  render           | Saved: '/Users/mohammedkalouti/Documents/Codex/2026-09-27/i/work/art/aircraft-final-production-v3/stage/assets/build/frames/unit.IR.gunship/beauty/rearm/d13_f03.png'
19:08.512  render           | Saved: '/Users/mohammedkalouti/Documents/Codex/2026-09-27/i/work/art/aircraft-final-production-v3/stage/assets/build/frames/unit.IR.gunship/team/rearm/d13_f03.png'
19:09.458  render           | Saved: '/Users/mohammedkalouti/Documents/Codex/2026-09-27/i/work/art/aircraft-final-production-v3/stage/assets/build/frames/unit.IR.gunship/shadow/rearm/d13_f03.png'
19:10.033  render           | Saved: '/Users/mohammedkalouti/Documents/Codex/2026-09-27/i/work/art/aircraft-final-production-v3/stage/assets/build/frames/unit.IR.gunship/beauty/rearm/d13_f04.png'
19:10.543  render           | Saved: '/Users/mohammedkalouti/Documents/Codex/2026-09-27/i/work/art/aircraft-final-production-v3/stage/assets/build/frames/unit.IR.gunship/team/rearm/d13_f04.png'
19:11.490  render           | Saved: '/Users/mohammedkalouti/Documents/Codex/2026-09-27/i/work/art/aircraft-final-production-v3/stage/assets/build/frames/unit.IR.gunship/shadow/rearm/d13_f04.png'
19:12.072  render           | Saved: '/Users/mohammedkalouti/Documents/Codex/2026-09-27/i/work/art/aircraft-final-production-v3/stage/assets/build/frames/unit.IR.gunship/beauty/rearm/d13_f05.png'
19:12.590  render           | Saved: '/Users/mohammedkalouti/Documents/Codex/2026-09-27/i/work/art/aircraft-final-production-v3/stage/assets/build/frames/unit.IR.gunship/team/rearm/d13_f05.png'
19:13.522  render           | Saved: '/Users/mohammedkalouti/Documents/Codex/2026-09-27/i/work/art/aircraft-final-production-v3/stage/assets/build/frames/unit.IR.gunship/shadow/rearm/d13_f05.png'
19:14.095  render           | Saved: '/Users/mohammedkalouti/Documents/Codex/2026-09-27/i/work/art/aircraft-final-production-v3/stage/assets/build/frames/unit.IR.gunship/beauty/rearm/d14_f00.png'
19:14.607  render           | Saved: '/Users/mohammedkalouti/Documents/Codex/2026-09-27/i/work/art/aircraft-final-production-v3/stage/assets/build/frames/unit.IR.gunship/team/rearm/d14_f00.png'
19:15.569  render           | Saved: '/Users/mohammedkalouti/Documents/Codex/2026-09-27/i/work/art/aircraft-final-production-v3/stage/assets/build/frames/unit.IR.gunship/shadow/rearm/d14_f00.png'
19:16.136  render           | Saved: '/Users/mohammedkalouti/Documents/Codex/2026-09-27/i/work/art/aircraft-final-production-v3/stage/assets/build/frames/unit.IR.gunship/beauty/rearm/d14_f01.png'
19:16.648  render           | Saved: '/Users/mohammedkalouti/Documents/Codex/2026-09-27/i/work/art/aircraft-final-production-v3/stage/assets/build/frames/unit.IR.gunship/team/rearm/d14_f01.png'
19:17.601  render           | Saved: '/Users/mohammedkalouti/Documents/Codex/2026-09-27/i/work/art/aircraft-final-production-v3/stage/assets/build/frames/unit.IR.gunship/shadow/rearm/d14_f01.png'
19:18.186  render           | Saved: '/Users/mohammedkalouti/Documents/Codex/2026-09-27/i/work/art/aircraft-final-production-v3/stage/assets/build/frames/unit.IR.gunship/beauty/rearm/d14_f02.png'
19:18.694  render           | Saved: '/Users/mohammedkalouti/Documents/Codex/2026-09-27/i/work/art/aircraft-final-production-v3/stage/assets/build/frames/unit.IR.gunship/team/rearm/d14_f02.png'
19:19.637  render           | Saved: '/Users/mohammedkalouti/Documents/Codex/2026-09-27/i/work/art/aircraft-final-production-v3/stage/assets/build/frames/unit.IR.gunship/shadow/rearm/d14_f02.png'
19:20.213  render           | Saved: '/Users/mohammedkalouti/Documents/Codex/2026-09-27/i/work/art/aircraft-final-production-v3/stage/assets/build/frames/unit.IR.gunship/beauty/rearm/d14_f03.png'
19:20.734  render           | Saved: '/Users/mohammedkalouti/Documents/Codex/2026-09-27/i/work/art/aircraft-final-production-v3/stage/assets/build/frames/unit.IR.gunship/team/rearm/d14_f03.png'
19:21.686  render           | Saved: '/Users/mohammedkalouti/Documents/Codex/2026-09-27/i/work/art/aircraft-final-production-v3/stage/assets/build/frames/unit.IR.gunship/shadow/rearm/d14_f03.png'
19:22.264  render           | Saved: '/Users/mohammedkalouti/Documents/Codex/2026-09-27/i/work/art/aircraft-final-production-v3/stage/assets/build/frames/unit.IR.gunship/beauty/rearm/d14_f04.png'
19:22.765  render           | Saved: '/Users/mohammedkalouti/Documents/Codex/2026-09-27/i/work/art/aircraft-final-production-v3/stage/assets/build/frames/unit.IR.gunship/team/rearm/d14_f04.png'
19:23.709  render           | Saved: '/Users/mohammedkalouti/Documents/Codex/2026-09-27/i/work/art/aircraft-final-production-v3/stage/assets/build/frames/unit.IR.gunship/shadow/rearm/d14_f04.png'
19:24.295  render           | Saved: '/Users/mohammedkalouti/Documents/Codex/2026-09-27/i/work/art/aircraft-final-production-v3/stage/assets/build/frames/unit.IR.gunship/beauty/rearm/d14_f05.png'
19:24.817  render           | Saved: '/Users/mohammedkalouti/Documents/Codex/2026-09-27/i/work/art/aircraft-final-production-v3/stage/assets/build/frames/unit.IR.gunship/team/rearm/d14_f05.png'
19:25.752  render           | Saved: '/Users/mohammedkalouti/Documents/Codex/2026-09-27/i/work/art/aircraft-final-production-v3/stage/assets/build/frames/unit.IR.gunship/shadow/rearm/d14_f05.png'
19:26.402  render           | Saved: '/Users/mohammedkalouti/Documents/Codex/2026-09-27/i/work/art/aircraft-final-production-v3/stage/assets/build/frames/unit.IR.gunship/beauty/parked_empty/d00_f00.png'
19:26.947  render           | Saved: '/Users/mohammedkalouti/Documents/Codex/2026-09-27/i/work/art/aircraft-final-production-v3/stage/assets/build/frames/unit.IR.gunship/team/parked_empty/d00_f00.png'
19:27.883  render           | Saved: '/Users/mohammedkalouti/Documents/Codex/2026-09-27/i/work/art/aircraft-final-production-v3/stage/assets/build/frames/unit.IR.gunship/shadow/parked_empty/d00_f00.png'
19:28.470  render           | Saved: '/Users/mohammedkalouti/Documents/Codex/2026-09-27/i/work/art/aircraft-final-production-v3/stage/assets/build/frames/unit.IR.gunship/beauty/parked_empty/d01_f00.png'
19:28.967  render           | Saved: '/Users/mohammedkalouti/Documents/Codex/2026-09-27/i/work/art/aircraft-final-production-v3/stage/assets/build/frames/unit.IR.gunship/team/parked_empty/d01_f00.png'
19:29.907  render           | Saved: '/Users/mohammedkalouti/Documents/Codex/2026-09-27/i/work/art/aircraft-final-production-v3/stage/assets/build/frames/unit.IR.gunship/shadow/parked_empty/d01_f00.png'
19:30.500  render           | Saved: '/Users/mohammedkalouti/Documents/Codex/2026-09-27/i/work/art/aircraft-final-production-v3/stage/assets/build/frames/unit.IR.gunship/beauty/parked_empty/d02_f00.png'
19:30.995  render           | Saved: '/Users/mohammedkalouti/Documents/Codex/2026-09-27/i/work/art/aircraft-final-production-v3/stage/assets/build/frames/unit.IR.gunship/team/parked_empty/d02_f00.png'
19:31.906  render           | Saved: '/Users/mohammedkalouti/Documents/Codex/2026-09-27/i/work/art/aircraft-final-production-v3/stage/assets/build/frames/unit.IR.gunship/shadow/parked_empty/d02_f00.png'
19:32.479  render           | Saved: '/Users/mohammedkalouti/Documents/Codex/2026-09-27/i/work/art/aircraft-final-production-v3/stage/assets/build/frames/unit.IR.gunship/beauty/parked_empty/d04_f00.png'
19:32.991  render           | Saved: '/Users/mohammedkalouti/Documents/Codex/2026-09-27/i/work/art/aircraft-final-production-v3/stage/assets/build/frames/unit.IR.gunship/team/parked_empty/d04_f00.png'
19:33.901  render           | Saved: '/Users/mohammedkalouti/Documents/Codex/2026-09-27/i/work/art/aircraft-final-production-v3/stage/assets/build/frames/unit.IR.gunship/shadow/parked_empty/d04_f00.png'
19:34.482  render           | Saved: '/Users/mohammedkalouti/Documents/Codex/2026-09-27/i/work/art/aircraft-final-production-v3/stage/assets/build/frames/unit.IR.gunship/beauty/parked_empty/d05_f00.png'
19:34.997  render           | Saved: '/Users/mohammedkalouti/Documents/Codex/2026-09-27/i/work/art/aircraft-final-production-v3/stage/assets/build/frames/unit.IR.gunship/team/parked_empty/d05_f00.png'
19:35.942  render           | Saved: '/Users/mohammedkalouti/Documents/Codex/2026-09-27/i/work/art/aircraft-final-production-v3/stage/assets/build/frames/unit.IR.gunship/shadow/parked_empty/d05_f00.png'
19:36.546  render           | Saved: '/Users/mohammedkalouti/Documents/Codex/2026-09-27/i/work/art/aircraft-final-production-v3/stage/assets/build/frames/unit.IR.gunship/beauty/parked_empty/d06_f00.png'
19:37.041  render           | Saved: '/Users/mohammedkalouti/Documents/Codex/2026-09-27/i/work/art/aircraft-final-production-v3/stage/assets/build/frames/unit.IR.gunship/team/parked_empty/d06_f00.png'
19:37.969  render           | Saved: '/Users/mohammedkalouti/Documents/Codex/2026-09-27/i/work/art/aircraft-final-production-v3/stage/assets/build/frames/unit.IR.gunship/shadow/parked_empty/d06_f00.png'
19:38.540  render           | Saved: '/Users/mohammedkalouti/Documents/Codex/2026-09-27/i/work/art/aircraft-final-production-v3/stage/assets/build/frames/unit.IR.gunship/beauty/parked_empty/d08_f00.png'
19:39.033  render           | Saved: '/Users/mohammedkalouti/Documents/Codex/2026-09-27/i/work/art/aircraft-final-production-v3/stage/assets/build/frames/unit.IR.gunship/team/parked_empty/d08_f00.png'
19:39.956  render           | Saved: '/Users/mohammedkalouti/Documents/Codex/2026-09-27/i/work/art/aircraft-final-production-v3/stage/assets/build/frames/unit.IR.gunship/shadow/parked_empty/d08_f00.png'
19:40.518  render           | Saved: '/Users/mohammedkalouti/Documents/Codex/2026-09-27/i/work/art/aircraft-final-production-v3/stage/assets/build/frames/unit.IR.gunship/beauty/parked_empty/d09_f00.png'
19:41.040  render           | Saved: '/Users/mohammedkalouti/Documents/Codex/2026-09-27/i/work/art/aircraft-final-production-v3/stage/assets/build/frames/unit.IR.gunship/team/parked_empty/d09_f00.png'
19:41.962  render           | Saved: '/Users/mohammedkalouti/Documents/Codex/2026-09-27/i/work/art/aircraft-final-production-v3/stage/assets/build/frames/unit.IR.gunship/shadow/parked_empty/d09_f00.png'
19:42.537  render           | Saved: '/Users/mohammedkalouti/Documents/Codex/2026-09-27/i/work/art/aircraft-final-production-v3/stage/assets/build/frames/unit.IR.gunship/beauty/parked_empty/d10_f00.png'
19:43.022  render           | Saved: '/Users/mohammedkalouti/Documents/Codex/2026-09-27/i/work/art/aircraft-final-production-v3/stage/assets/build/frames/unit.IR.gunship/team/parked_empty/d10_f00.png'
19:43.967  render           | Saved: '/Users/mohammedkalouti/Documents/Codex/2026-09-27/i/work/art/aircraft-final-production-v3/stage/assets/build/frames/unit.IR.gunship/shadow/parked_empty/d10_f00.png'
19:44.580  render           | Saved: '/Users/mohammedkalouti/Documents/Codex/2026-09-27/i/work/art/aircraft-final-production-v3/stage/assets/build/frames/unit.IR.gunship/beauty/parked_empty/d12_f00.png'
19:45.088  render           | Saved: '/Users/mohammedkalouti/Documents/Codex/2026-09-27/i/work/art/aircraft-final-production-v3/stage/assets/build/frames/unit.IR.gunship/team/parked_empty/d12_f00.png'
19:46.039  render           | Saved: '/Users/mohammedkalouti/Documents/Codex/2026-09-27/i/work/art/aircraft-final-production-v3/stage/assets/build/frames/unit.IR.gunship/shadow/parked_empty/d12_f00.png'
19:46.618  render           | Saved: '/Users/mohammedkalouti/Documents/Codex/2026-09-27/i/work/art/aircraft-final-production-v3/stage/assets/build/frames/unit.IR.gunship/beauty/parked_empty/d13_f00.png'
19:47.133  render           | Saved: '/Users/mohammedkalouti/Documents/Codex/2026-09-27/i/work/art/aircraft-final-production-v3/stage/assets/build/frames/unit.IR.gunship/team/parked_empty/d13_f00.png'
19:48.070  render           | Saved: '/Users/mohammedkalouti/Documents/Codex/2026-09-27/i/work/art/aircraft-final-production-v3/stage/assets/build/frames/unit.IR.gunship/shadow/parked_empty/d13_f00.png'
19:48.658  render           | Saved: '/Users/mohammedkalouti/Documents/Codex/2026-09-27/i/work/art/aircraft-final-production-v3/stage/assets/build/frames/unit.IR.gunship/beauty/parked_empty/d14_f00.png'
19:49.151  render           | Saved: '/Users/mohammedkalouti/Documents/Codex/2026-09-27/i/work/art/aircraft-final-production-v3/stage/assets/build/frames/unit.IR.gunship/team/parked_empty/d14_f00.png'
19:50.070  render           | Saved: '/Users/mohammedkalouti/Documents/Codex/2026-09-27/i/work/art/aircraft-final-production-v3/stage/assets/build/frames/unit.IR.gunship/shadow/parked_empty/d14_f00.png'
19:50.673  render           | Saved: '/Users/mohammedkalouti/Documents/Codex/2026-09-27/i/work/art/aircraft-final-production-v3/stage/assets/build/frames/unit.IR.gunship/beauty/launch_empty/d00_f00.png'
19:51.185  render           | Saved: '/Users/mohammedkalouti/Documents/Codex/2026-09-27/i/work/art/aircraft-final-production-v3/stage/assets/build/frames/unit.IR.gunship/team/launch_empty/d00_f00.png'
19:51.450  render           | Saved: '/var/folders/n4/43n_jxh10gg3s770b_8jbzb80000gn/T/fc-team-coverage-xb33jgam.png'
19:52.487  render           | Saved: '/Users/mohammedkalouti/Documents/Codex/2026-09-27/i/work/art/aircraft-final-production-v3/stage/assets/build/frames/unit.IR.gunship/shadow/launch_empty/d00_f00.png'
19:53.094  render           | Saved: '/Users/mohammedkalouti/Documents/Codex/2026-09-27/i/work/art/aircraft-final-production-v3/stage/assets/build/frames/unit.IR.gunship/beauty/launch_empty/d00_f01.png'
19:53.608  render           | Saved: '/Users/mohammedkalouti/Documents/Codex/2026-09-27/i/work/art/aircraft-final-production-v3/stage/assets/build/frames/unit.IR.gunship/team/launch_empty/d00_f01.png'
19:53.878  render           | Saved: '/var/folders/n4/43n_jxh10gg3s770b_8jbzb80000gn/T/fc-team-coverage-rm62r_ix.png'
19:54.855  render           | Saved: '/Users/mohammedkalouti/Documents/Codex/2026-09-27/i/work/art/aircraft-final-production-v3/stage/assets/build/frames/unit.IR.gunship/shadow/launch_empty/d00_f01.png'
19:55.453  render           | Saved: '/Users/mohammedkalouti/Documents/Codex/2026-09-27/i/work/art/aircraft-final-production-v3/stage/assets/build/frames/unit.IR.gunship/beauty/launch_empty/d00_f02.png'
19:55.955  render           | Saved: '/Users/mohammedkalouti/Documents/Codex/2026-09-27/i/work/art/aircraft-final-production-v3/stage/assets/build/frames/unit.IR.gunship/team/launch_empty/d00_f02.png'
19:56.230  render           | Saved: '/var/folders/n4/43n_jxh10gg3s770b_8jbzb80000gn/T/fc-team-coverage-i_mbedty.png'
19:57.214  render           | Saved: '/Users/mohammedkalouti/Documents/Codex/2026-09-27/i/work/art/aircraft-final-production-v3/stage/assets/build/frames/unit.IR.gunship/shadow/launch_empty/d00_f02.png'
19:57.802  render           | Saved: '/Users/mohammedkalouti/Documents/Codex/2026-09-27/i/work/art/aircraft-final-production-v3/stage/assets/build/frames/unit.IR.gunship/beauty/launch_empty/d00_f03.png'
19:58.364  render           | Saved: '/Users/mohammedkalouti/Documents/Codex/2026-09-27/i/work/art/aircraft-final-production-v3/stage/assets/build/frames/unit.IR.gunship/team/launch_empty/d00_f03.png'
19:58.655  render           | Saved: '/var/folders/n4/43n_jxh10gg3s770b_8jbzb80000gn/T/fc-team-coverage-zeghy80a.png'
19:59.675  render           | Saved: '/Users/mohammedkalouti/Documents/Codex/2026-09-27/i/work/art/aircraft-final-production-v3/stage/assets/build/frames/unit.IR.gunship/shadow/launch_empty/d00_f03.png'
20:00.290  render           | Saved: '/Users/mohammedkalouti/Documents/Codex/2026-09-27/i/work/art/aircraft-final-production-v3/stage/assets/build/frames/unit.IR.gunship/beauty/launch_empty/d01_f00.png'
20:00.799  render           | Saved: '/Users/mohammedkalouti/Documents/Codex/2026-09-27/i/work/art/aircraft-final-production-v3/stage/assets/build/frames/unit.IR.gunship/team/launch_empty/d01_f00.png'
20:01.079  render           | Saved: '/var/folders/n4/43n_jxh10gg3s770b_8jbzb80000gn/T/fc-team-coverage-bdeqc3fq.png'
20:02.051  render           | Saved: '/Users/mohammedkalouti/Documents/Codex/2026-09-27/i/work/art/aircraft-final-production-v3/stage/assets/build/frames/unit.IR.gunship/shadow/launch_empty/d01_f00.png'
20:02.668  render           | Saved: '/Users/mohammedkalouti/Documents/Codex/2026-09-27/i/work/art/aircraft-final-production-v3/stage/assets/build/frames/unit.IR.gunship/beauty/launch_empty/d01_f01.png'
20:03.212  render           | Saved: '/Users/mohammedkalouti/Documents/Codex/2026-09-27/i/work/art/aircraft-final-production-v3/stage/assets/build/frames/unit.IR.gunship/team/launch_empty/d01_f01.png'
20:03.497  render           | Saved: '/var/folders/n4/43n_jxh10gg3s770b_8jbzb80000gn/T/fc-team-coverage-ozfhgh9i.png'
20:04.650  render           | Saved: '/Users/mohammedkalouti/Documents/Codex/2026-09-27/i/work/art/aircraft-final-production-v3/stage/assets/build/frames/unit.IR.gunship/shadow/launch_empty/d01_f01.png'
20:05.289  render           | Saved: '/Users/mohammedkalouti/Documents/Codex/2026-09-27/i/work/art/aircraft-final-production-v3/stage/assets/build/frames/unit.IR.gunship/beauty/launch_empty/d01_f02.png'
20:05.842  render           | Saved: '/Users/mohammedkalouti/Documents/Codex/2026-09-27/i/work/art/aircraft-final-production-v3/stage/assets/build/frames/unit.IR.gunship/team/launch_empty/d01_f02.png'
20:06.152  render           | Saved: '/var/folders/n4/43n_jxh10gg3s770b_8jbzb80000gn/T/fc-team-coverage-tocp2bnk.png'
20:07.301  render           | Saved: '/Users/mohammedkalouti/Documents/Codex/2026-09-27/i/work/art/aircraft-final-production-v3/stage/assets/build/frames/unit.IR.gunship/shadow/launch_empty/d01_f02.png'
20:07.965  render           | Saved: '/Users/mohammedkalouti/Documents/Codex/2026-09-27/i/work/art/aircraft-final-production-v3/stage/assets/build/frames/unit.IR.gunship/beauty/launch_empty/d01_f03.png'
20:08.534  render           | Saved: '/Users/mohammedkalouti/Documents/Codex/2026-09-27/i/work/art/aircraft-final-production-v3/stage/assets/build/frames/unit.IR.gunship/team/launch_empty/d01_f03.png'
20:08.813  render           | Saved: '/var/folders/n4/43n_jxh10gg3s770b_8jbzb80000gn/T/fc-team-coverage-9ifbaw7f.png'
20:09.854  render           | Saved: '/Users/mohammedkalouti/Documents/Codex/2026-09-27/i/work/art/aircraft-final-production-v3/stage/assets/build/frames/unit.IR.gunship/shadow/launch_empty/d01_f03.png'
20:10.512  render           | Saved: '/Users/mohammedkalouti/Documents/Codex/2026-09-27/i/work/art/aircraft-final-production-v3/stage/assets/build/frames/unit.IR.gunship/beauty/launch_empty/d02_f00.png'
20:11.076  render           | Saved: '/Users/mohammedkalouti/Documents/Codex/2026-09-27/i/work/art/aircraft-final-production-v3/stage/assets/build/frames/unit.IR.gunship/team/launch_empty/d02_f00.png'
20:11.347  render           | Saved: '/var/folders/n4/43n_jxh10gg3s770b_8jbzb80000gn/T/fc-team-coverage-cdrap3uj.png'
20:12.477  render           | Saved: '/Users/mohammedkalouti/Documents/Codex/2026-09-27/i/work/art/aircraft-final-production-v3/stage/assets/build/frames/unit.IR.gunship/shadow/launch_empty/d02_f00.png'
20:13.167  render           | Saved: '/Users/mohammedkalouti/Documents/Codex/2026-09-27/i/work/art/aircraft-final-production-v3/stage/assets/build/frames/unit.IR.gunship/beauty/launch_empty/d02_f01.png'
20:13.762  render           | Saved: '/Users/mohammedkalouti/Documents/Codex/2026-09-27/i/work/art/aircraft-final-production-v3/stage/assets/build/frames/unit.IR.gunship/team/launch_empty/d02_f01.png'
20:14.036  render           | Saved: '/var/folders/n4/43n_jxh10gg3s770b_8jbzb80000gn/T/fc-team-coverage-l4un_zpc.png'
20:15.155  render           | Saved: '/Users/mohammedkalouti/Documents/Codex/2026-09-27/i/work/art/aircraft-final-production-v3/stage/assets/build/frames/unit.IR.gunship/shadow/launch_empty/d02_f01.png'
20:15.820  render           | Saved: '/Users/mohammedkalouti/Documents/Codex/2026-09-27/i/work/art/aircraft-final-production-v3/stage/assets/build/frames/unit.IR.gunship/beauty/launch_empty/d02_f02.png'
20:16.393  render           | Saved: '/Users/mohammedkalouti/Documents/Codex/2026-09-27/i/work/art/aircraft-final-production-v3/stage/assets/build/frames/unit.IR.gunship/team/launch_empty/d02_f02.png'
20:16.674  render           | Saved: '/var/folders/n4/43n_jxh10gg3s770b_8jbzb80000gn/T/fc-team-coverage-0lfdcmz2.png'
20:17.759  render           | Saved: '/Users/mohammedkalouti/Documents/Codex/2026-09-27/i/work/art/aircraft-final-production-v3/stage/assets/build/frames/unit.IR.gunship/shadow/launch_empty/d02_f02.png'
20:18.423  render           | Saved: '/Users/mohammedkalouti/Documents/Codex/2026-09-27/i/work/art/aircraft-final-production-v3/stage/assets/build/frames/unit.IR.gunship/beauty/launch_empty/d02_f03.png'
20:18.983  render           | Saved: '/Users/mohammedkalouti/Documents/Codex/2026-09-27/i/work/art/aircraft-final-production-v3/stage/assets/build/frames/unit.IR.gunship/team/launch_empty/d02_f03.png'
20:19.260  render           | Saved: '/var/folders/n4/43n_jxh10gg3s770b_8jbzb80000gn/T/fc-team-coverage-u58mx2eb.png'
20:20.340  render           | Saved: '/Users/mohammedkalouti/Documents/Codex/2026-09-27/i/work/art/aircraft-final-production-v3/stage/assets/build/frames/unit.IR.gunship/shadow/launch_empty/d02_f03.png'
20:21.004  render           | Saved: '/Users/mohammedkalouti/Documents/Codex/2026-09-27/i/work/art/aircraft-final-production-v3/stage/assets/build/frames/unit.IR.gunship/beauty/launch_empty/d03_f00.png'
20:21.558  render           | Saved: '/Users/mohammedkalouti/Documents/Codex/2026-09-27/i/work/art/aircraft-final-production-v3/stage/assets/build/frames/unit.IR.gunship/team/launch_empty/d03_f00.png'
20:21.818  render           | Saved: '/var/folders/n4/43n_jxh10gg3s770b_8jbzb80000gn/T/fc-team-coverage-m2pcli0_.png'
20:22.921  render           | Saved: '/Users/mohammedkalouti/Documents/Codex/2026-09-27/i/work/art/aircraft-final-production-v3/stage/assets/build/frames/unit.IR.gunship/shadow/launch_empty/d03_f00.png'
20:23.591  render           | Saved: '/Users/mohammedkalouti/Documents/Codex/2026-09-27/i/work/art/aircraft-final-production-v3/stage/assets/build/frames/unit.IR.gunship/beauty/launch_empty/d03_f01.png'
20:24.140  render           | Saved: '/Users/mohammedkalouti/Documents/Codex/2026-09-27/i/work/art/aircraft-final-production-v3/stage/assets/build/frames/unit.IR.gunship/team/launch_empty/d03_f01.png'
20:24.405  render           | Saved: '/var/folders/n4/43n_jxh10gg3s770b_8jbzb80000gn/T/fc-team-coverage-m6_s13og.png'
20:25.479  render           | Saved: '/Users/mohammedkalouti/Documents/Codex/2026-09-27/i/work/art/aircraft-final-production-v3/stage/assets/build/frames/unit.IR.gunship/shadow/launch_empty/d03_f01.png'
20:26.115  render           | Saved: '/Users/mohammedkalouti/Documents/Codex/2026-09-27/i/work/art/aircraft-final-production-v3/stage/assets/build/frames/unit.IR.gunship/beauty/launch_empty/d03_f02.png'
20:26.663  render           | Saved: '/Users/mohammedkalouti/Documents/Codex/2026-09-27/i/work/art/aircraft-final-production-v3/stage/assets/build/frames/unit.IR.gunship/team/launch_empty/d03_f02.png'
20:26.945  render           | Saved: '/var/folders/n4/43n_jxh10gg3s770b_8jbzb80000gn/T/fc-team-coverage-fl78u9yd.png'
20:28.005  render           | Saved: '/Users/mohammedkalouti/Documents/Codex/2026-09-27/i/work/art/aircraft-final-production-v3/stage/assets/build/frames/unit.IR.gunship/shadow/launch_empty/d03_f02.png'
20:28.681  render           | Saved: '/Users/mohammedkalouti/Documents/Codex/2026-09-27/i/work/art/aircraft-final-production-v3/stage/assets/build/frames/unit.IR.gunship/beauty/launch_empty/d03_f03.png'
20:29.227  render           | Saved: '/Users/mohammedkalouti/Documents/Codex/2026-09-27/i/work/art/aircraft-final-production-v3/stage/assets/build/frames/unit.IR.gunship/team/launch_empty/d03_f03.png'
20:29.481  render           | Saved: '/var/folders/n4/43n_jxh10gg3s770b_8jbzb80000gn/T/fc-team-coverage-z1et1w6c.png'
20:30.579  render           | Saved: '/Users/mohammedkalouti/Documents/Codex/2026-09-27/i/work/art/aircraft-final-production-v3/stage/assets/build/frames/unit.IR.gunship/shadow/launch_empty/d03_f03.png'
20:31.249  render           | Saved: '/Users/mohammedkalouti/Documents/Codex/2026-09-27/i/work/art/aircraft-final-production-v3/stage/assets/build/frames/unit.IR.gunship/beauty/launch_empty/d04_f00.png'
20:31.824  render           | Saved: '/Users/mohammedkalouti/Documents/Codex/2026-09-27/i/work/art/aircraft-final-production-v3/stage/assets/build/frames/unit.IR.gunship/team/launch_empty/d04_f00.png'
20:32.108  render           | Saved: '/var/folders/n4/43n_jxh10gg3s770b_8jbzb80000gn/T/fc-team-coverage-ytjf9_3e.png'
20:33.190  render           | Saved: '/Users/mohammedkalouti/Documents/Codex/2026-09-27/i/work/art/aircraft-final-production-v3/stage/assets/build/frames/unit.IR.gunship/shadow/launch_empty/d04_f00.png'
20:33.856  render           | Saved: '/Users/mohammedkalouti/Documents/Codex/2026-09-27/i/work/art/aircraft-final-production-v3/stage/assets/build/frames/unit.IR.gunship/beauty/launch_empty/d04_f01.png'
20:34.416  render           | Saved: '/Users/mohammedkalouti/Documents/Codex/2026-09-27/i/work/art/aircraft-final-production-v3/stage/assets/build/frames/unit.IR.gunship/team/launch_empty/d04_f01.png'
20:34.680  render           | Saved: '/var/folders/n4/43n_jxh10gg3s770b_8jbzb80000gn/T/fc-team-coverage-6vrf1x9i.png'
20:35.784  render           | Saved: '/Users/mohammedkalouti/Documents/Codex/2026-09-27/i/work/art/aircraft-final-production-v3/stage/assets/build/frames/unit.IR.gunship/shadow/launch_empty/d04_f01.png'
20:36.447  render           | Saved: '/Users/mohammedkalouti/Documents/Codex/2026-09-27/i/work/art/aircraft-final-production-v3/stage/assets/build/frames/unit.IR.gunship/beauty/launch_empty/d04_f02.png'
20:36.993  render           | Saved: '/Users/mohammedkalouti/Documents/Codex/2026-09-27/i/work/art/aircraft-final-production-v3/stage/assets/build/frames/unit.IR.gunship/team/launch_empty/d04_f02.png'
20:37.274  render           | Saved: '/var/folders/n4/43n_jxh10gg3s770b_8jbzb80000gn/T/fc-team-coverage-e261tjye.png'
20:38.381  render           | Saved: '/Users/mohammedkalouti/Documents/Codex/2026-09-27/i/work/art/aircraft-final-production-v3/stage/assets/build/frames/unit.IR.gunship/shadow/launch_empty/d04_f02.png'
20:39.021  render           | Saved: '/Users/mohammedkalouti/Documents/Codex/2026-09-27/i/work/art/aircraft-final-production-v3/stage/assets/build/frames/unit.IR.gunship/beauty/launch_empty/d04_f03.png'
20:39.576  render           | Saved: '/Users/mohammedkalouti/Documents/Codex/2026-09-27/i/work/art/aircraft-final-production-v3/stage/assets/build/frames/unit.IR.gunship/team/launch_empty/d04_f03.png'
20:39.837  render           | Saved: '/var/folders/n4/43n_jxh10gg3s770b_8jbzb80000gn/T/fc-team-coverage-bptovct6.png'
20:40.939  render           | Saved: '/Users/mohammedkalouti/Documents/Codex/2026-09-27/i/work/art/aircraft-final-production-v3/stage/assets/build/frames/unit.IR.gunship/shadow/launch_empty/d04_f03.png'
20:41.618  render           | Saved: '/Users/mohammedkalouti/Documents/Codex/2026-09-27/i/work/art/aircraft-final-production-v3/stage/assets/build/frames/unit.IR.gunship/beauty/launch_empty/d05_f00.png'
20:42.177  render           | Saved: '/Users/mohammedkalouti/Documents/Codex/2026-09-27/i/work/art/aircraft-final-production-v3/stage/assets/build/frames/unit.IR.gunship/team/launch_empty/d05_f00.png'
20:42.457  render           | Saved: '/var/folders/n4/43n_jxh10gg3s770b_8jbzb80000gn/T/fc-team-coverage-7d1jf09m.png'
20:43.546  render           | Saved: '/Users/mohammedkalouti/Documents/Codex/2026-09-27/i/work/art/aircraft-final-production-v3/stage/assets/build/frames/unit.IR.gunship/shadow/launch_empty/d05_f00.png'
20:44.215  render           | Saved: '/Users/mohammedkalouti/Documents/Codex/2026-09-27/i/work/art/aircraft-final-production-v3/stage/assets/build/frames/unit.IR.gunship/beauty/launch_empty/d05_f01.png'
20:44.771  render           | Saved: '/Users/mohammedkalouti/Documents/Codex/2026-09-27/i/work/art/aircraft-final-production-v3/stage/assets/build/frames/unit.IR.gunship/team/launch_empty/d05_f01.png'
20:45.039  render           | Saved: '/var/folders/n4/43n_jxh10gg3s770b_8jbzb80000gn/T/fc-team-coverage-m6z9i4rx.png'
20:46.136  render           | Saved: '/Users/mohammedkalouti/Documents/Codex/2026-09-27/i/work/art/aircraft-final-production-v3/stage/assets/build/frames/unit.IR.gunship/shadow/launch_empty/d05_f01.png'
20:46.796  render           | Saved: '/Users/mohammedkalouti/Documents/Codex/2026-09-27/i/work/art/aircraft-final-production-v3/stage/assets/build/frames/unit.IR.gunship/beauty/launch_empty/d05_f02.png'
20:47.354  render           | Saved: '/Users/mohammedkalouti/Documents/Codex/2026-09-27/i/work/art/aircraft-final-production-v3/stage/assets/build/frames/unit.IR.gunship/team/launch_empty/d05_f02.png'
20:47.616  render           | Saved: '/var/folders/n4/43n_jxh10gg3s770b_8jbzb80000gn/T/fc-team-coverage-q7ajz4xf.png'
20:48.705  render           | Saved: '/Users/mohammedkalouti/Documents/Codex/2026-09-27/i/work/art/aircraft-final-production-v3/stage/assets/build/frames/unit.IR.gunship/shadow/launch_empty/d05_f02.png'
20:49.355  render           | Saved: '/Users/mohammedkalouti/Documents/Codex/2026-09-27/i/work/art/aircraft-final-production-v3/stage/assets/build/frames/unit.IR.gunship/beauty/launch_empty/d05_f03.png'
20:49.914  render           | Saved: '/Users/mohammedkalouti/Documents/Codex/2026-09-27/i/work/art/aircraft-final-production-v3/stage/assets/build/frames/unit.IR.gunship/team/launch_empty/d05_f03.png'
20:50.176  render           | Saved: '/var/folders/n4/43n_jxh10gg3s770b_8jbzb80000gn/T/fc-team-coverage-3j8dtfhm.png'
20:51.331  render           | Saved: '/Users/mohammedkalouti/Documents/Codex/2026-09-27/i/work/art/aircraft-final-production-v3/stage/assets/build/frames/unit.IR.gunship/shadow/launch_empty/d05_f03.png'
20:52.015  render           | Saved: '/Users/mohammedkalouti/Documents/Codex/2026-09-27/i/work/art/aircraft-final-production-v3/stage/assets/build/frames/unit.IR.gunship/beauty/launch_empty/d06_f00.png'
20:52.583  render           | Saved: '/Users/mohammedkalouti/Documents/Codex/2026-09-27/i/work/art/aircraft-final-production-v3/stage/assets/build/frames/unit.IR.gunship/team/launch_empty/d06_f00.png'
20:52.853  render           | Saved: '/var/folders/n4/43n_jxh10gg3s770b_8jbzb80000gn/T/fc-team-coverage-69uh1kxc.png'
20:53.941  render           | Saved: '/Users/mohammedkalouti/Documents/Codex/2026-09-27/i/work/art/aircraft-final-production-v3/stage/assets/build/frames/unit.IR.gunship/shadow/launch_empty/d06_f00.png'
20:54.589  render           | Saved: '/Users/mohammedkalouti/Documents/Codex/2026-09-27/i/work/art/aircraft-final-production-v3/stage/assets/build/frames/unit.IR.gunship/beauty/launch_empty/d06_f01.png'
20:55.145  render           | Saved: '/Users/mohammedkalouti/Documents/Codex/2026-09-27/i/work/art/aircraft-final-production-v3/stage/assets/build/frames/unit.IR.gunship/team/launch_empty/d06_f01.png'
20:55.427  render           | Saved: '/var/folders/n4/43n_jxh10gg3s770b_8jbzb80000gn/T/fc-team-coverage-3__tewjd.png'
20:56.503  render           | Saved: '/Users/mohammedkalouti/Documents/Codex/2026-09-27/i/work/art/aircraft-final-production-v3/stage/assets/build/frames/unit.IR.gunship/shadow/launch_empty/d06_f01.png'
20:57.154  render           | Saved: '/Users/mohammedkalouti/Documents/Codex/2026-09-27/i/work/art/aircraft-final-production-v3/stage/assets/build/frames/unit.IR.gunship/beauty/launch_empty/d06_f02.png'
20:57.715  render           | Saved: '/Users/mohammedkalouti/Documents/Codex/2026-09-27/i/work/art/aircraft-final-production-v3/stage/assets/build/frames/unit.IR.gunship/team/launch_empty/d06_f02.png'
20:58.016  render           | Saved: '/var/folders/n4/43n_jxh10gg3s770b_8jbzb80000gn/T/fc-team-coverage-uq16ldi1.png'
20:59.103  render           | Saved: '/Users/mohammedkalouti/Documents/Codex/2026-09-27/i/work/art/aircraft-final-production-v3/stage/assets/build/frames/unit.IR.gunship/shadow/launch_empty/d06_f02.png'
20:59.749  render           | Saved: '/Users/mohammedkalouti/Documents/Codex/2026-09-27/i/work/art/aircraft-final-production-v3/stage/assets/build/frames/unit.IR.gunship/beauty/launch_empty/d06_f03.png'
21:00.289  render           | Saved: '/Users/mohammedkalouti/Documents/Codex/2026-09-27/i/work/art/aircraft-final-production-v3/stage/assets/build/frames/unit.IR.gunship/team/launch_empty/d06_f03.png'
21:00.556  render           | Saved: '/var/folders/n4/43n_jxh10gg3s770b_8jbzb80000gn/T/fc-team-coverage-702of4w4.png'
21:01.567  render           | Saved: '/Users/mohammedkalouti/Documents/Codex/2026-09-27/i/work/art/aircraft-final-production-v3/stage/assets/build/frames/unit.IR.gunship/shadow/launch_empty/d06_f03.png'
21:02.176  render           | Saved: '/Users/mohammedkalouti/Documents/Codex/2026-09-27/i/work/art/aircraft-final-production-v3/stage/assets/build/frames/unit.IR.gunship/beauty/launch_empty/d07_f00.png'
21:02.738  render           | Saved: '/Users/mohammedkalouti/Documents/Codex/2026-09-27/i/work/art/aircraft-final-production-v3/stage/assets/build/frames/unit.IR.gunship/team/launch_empty/d07_f00.png'
21:03.006  render           | Saved: '/var/folders/n4/43n_jxh10gg3s770b_8jbzb80000gn/T/fc-team-coverage-_s1j4pev.png'
21:04.022  render           | Saved: '/Users/mohammedkalouti/Documents/Codex/2026-09-27/i/work/art/aircraft-final-production-v3/stage/assets/build/frames/unit.IR.gunship/shadow/launch_empty/d07_f00.png'
21:04.625  render           | Saved: '/Users/mohammedkalouti/Documents/Codex/2026-09-27/i/work/art/aircraft-final-production-v3/stage/assets/build/frames/unit.IR.gunship/beauty/launch_empty/d07_f01.png'
21:05.153  render           | Saved: '/Users/mohammedkalouti/Documents/Codex/2026-09-27/i/work/art/aircraft-final-production-v3/stage/assets/build/frames/unit.IR.gunship/team/launch_empty/d07_f01.png'
21:05.411  render           | Saved: '/var/folders/n4/43n_jxh10gg3s770b_8jbzb80000gn/T/fc-team-coverage-gdc8uvvj.png'
21:06.428  render           | Saved: '/Users/mohammedkalouti/Documents/Codex/2026-09-27/i/work/art/aircraft-final-production-v3/stage/assets/build/frames/unit.IR.gunship/shadow/launch_empty/d07_f01.png'
21:07.070  render           | Saved: '/Users/mohammedkalouti/Documents/Codex/2026-09-27/i/work/art/aircraft-final-production-v3/stage/assets/build/frames/unit.IR.gunship/beauty/launch_empty/d07_f02.png'
21:07.588  render           | Saved: '/Users/mohammedkalouti/Documents/Codex/2026-09-27/i/work/art/aircraft-final-production-v3/stage/assets/build/frames/unit.IR.gunship/team/launch_empty/d07_f02.png'
21:07.853  render           | Saved: '/var/folders/n4/43n_jxh10gg3s770b_8jbzb80000gn/T/fc-team-coverage-6qyvqcd8.png'
21:08.891  render           | Saved: '/Users/mohammedkalouti/Documents/Codex/2026-09-27/i/work/art/aircraft-final-production-v3/stage/assets/build/frames/unit.IR.gunship/shadow/launch_empty/d07_f02.png'
21:09.535  render           | Saved: '/Users/mohammedkalouti/Documents/Codex/2026-09-27/i/work/art/aircraft-final-production-v3/stage/assets/build/frames/unit.IR.gunship/beauty/launch_empty/d07_f03.png'
21:10.119  render           | Saved: '/Users/mohammedkalouti/Documents/Codex/2026-09-27/i/work/art/aircraft-final-production-v3/stage/assets/build/frames/unit.IR.gunship/team/launch_empty/d07_f03.png'
21:10.423  render           | Saved: '/var/folders/n4/43n_jxh10gg3s770b_8jbzb80000gn/T/fc-team-coverage-1g4w5phf.png'
21:11.561  render           | Saved: '/Users/mohammedkalouti/Documents/Codex/2026-09-27/i/work/art/aircraft-final-production-v3/stage/assets/build/frames/unit.IR.gunship/shadow/launch_empty/d07_f03.png'
21:12.231  render           | Saved: '/Users/mohammedkalouti/Documents/Codex/2026-09-27/i/work/art/aircraft-final-production-v3/stage/assets/build/frames/unit.IR.gunship/beauty/launch_empty/d08_f00.png'
21:12.795  render           | Saved: '/Users/mohammedkalouti/Documents/Codex/2026-09-27/i/work/art/aircraft-final-production-v3/stage/assets/build/frames/unit.IR.gunship/team/launch_empty/d08_f00.png'
21:13.050  render           | Saved: '/var/folders/n4/43n_jxh10gg3s770b_8jbzb80000gn/T/fc-team-coverage-5lfojt8l.png'
21:14.023  render           | Saved: '/Users/mohammedkalouti/Documents/Codex/2026-09-27/i/work/art/aircraft-final-production-v3/stage/assets/build/frames/unit.IR.gunship/shadow/launch_empty/d08_f00.png'
21:14.645  render           | Saved: '/Users/mohammedkalouti/Documents/Codex/2026-09-27/i/work/art/aircraft-final-production-v3/stage/assets/build/frames/unit.IR.gunship/beauty/launch_empty/d08_f01.png'
21:15.167  render           | Saved: '/Users/mohammedkalouti/Documents/Codex/2026-09-27/i/work/art/aircraft-final-production-v3/stage/assets/build/frames/unit.IR.gunship/team/launch_empty/d08_f01.png'
21:15.442  render           | Saved: '/var/folders/n4/43n_jxh10gg3s770b_8jbzb80000gn/T/fc-team-coverage-px8oadiv.png'
21:16.439  render           | Saved: '/Users/mohammedkalouti/Documents/Codex/2026-09-27/i/work/art/aircraft-final-production-v3/stage/assets/build/frames/unit.IR.gunship/shadow/launch_empty/d08_f01.png'
21:17.057  render           | Saved: '/Users/mohammedkalouti/Documents/Codex/2026-09-27/i/work/art/aircraft-final-production-v3/stage/assets/build/frames/unit.IR.gunship/beauty/launch_empty/d08_f02.png'
21:17.562  render           | Saved: '/Users/mohammedkalouti/Documents/Codex/2026-09-27/i/work/art/aircraft-final-production-v3/stage/assets/build/frames/unit.IR.gunship/team/launch_empty/d08_f02.png'
21:17.844  render           | Saved: '/var/folders/n4/43n_jxh10gg3s770b_8jbzb80000gn/T/fc-team-coverage-7pm5bf38.png'
21:18.840  render           | Saved: '/Users/mohammedkalouti/Documents/Codex/2026-09-27/i/work/art/aircraft-final-production-v3/stage/assets/build/frames/unit.IR.gunship/shadow/launch_empty/d08_f02.png'
21:19.433  render           | Saved: '/Users/mohammedkalouti/Documents/Codex/2026-09-27/i/work/art/aircraft-final-production-v3/stage/assets/build/frames/unit.IR.gunship/beauty/launch_empty/d08_f03.png'
21:19.931  render           | Saved: '/Users/mohammedkalouti/Documents/Codex/2026-09-27/i/work/art/aircraft-final-production-v3/stage/assets/build/frames/unit.IR.gunship/team/launch_empty/d08_f03.png'
21:20.204  render           | Saved: '/var/folders/n4/43n_jxh10gg3s770b_8jbzb80000gn/T/fc-team-coverage-a64wf0fm.png'
21:21.223  render           | Saved: '/Users/mohammedkalouti/Documents/Codex/2026-09-27/i/work/art/aircraft-final-production-v3/stage/assets/build/frames/unit.IR.gunship/shadow/launch_empty/d08_f03.png'
21:21.861  render           | Saved: '/Users/mohammedkalouti/Documents/Codex/2026-09-27/i/work/art/aircraft-final-production-v3/stage/assets/build/frames/unit.IR.gunship/beauty/launch_empty/d09_f00.png'
21:22.398  render           | Saved: '/Users/mohammedkalouti/Documents/Codex/2026-09-27/i/work/art/aircraft-final-production-v3/stage/assets/build/frames/unit.IR.gunship/team/launch_empty/d09_f00.png'
21:22.659  render           | Saved: '/var/folders/n4/43n_jxh10gg3s770b_8jbzb80000gn/T/fc-team-coverage-vbggojvs.png'
21:23.653  render           | Saved: '/Users/mohammedkalouti/Documents/Codex/2026-09-27/i/work/art/aircraft-final-production-v3/stage/assets/build/frames/unit.IR.gunship/shadow/launch_empty/d09_f00.png'
21:24.243  render           | Saved: '/Users/mohammedkalouti/Documents/Codex/2026-09-27/i/work/art/aircraft-final-production-v3/stage/assets/build/frames/unit.IR.gunship/beauty/launch_empty/d09_f01.png'
21:24.745  render           | Saved: '/Users/mohammedkalouti/Documents/Codex/2026-09-27/i/work/art/aircraft-final-production-v3/stage/assets/build/frames/unit.IR.gunship/team/launch_empty/d09_f01.png'
21:25.003  render           | Saved: '/var/folders/n4/43n_jxh10gg3s770b_8jbzb80000gn/T/fc-team-coverage-0hjoq2nu.png'
21:26.008  render           | Saved: '/Users/mohammedkalouti/Documents/Codex/2026-09-27/i/work/art/aircraft-final-production-v3/stage/assets/build/frames/unit.IR.gunship/shadow/launch_empty/d09_f01.png'
21:26.645  render           | Saved: '/Users/mohammedkalouti/Documents/Codex/2026-09-27/i/work/art/aircraft-final-production-v3/stage/assets/build/frames/unit.IR.gunship/beauty/launch_empty/d09_f02.png'
21:27.156  render           | Saved: '/Users/mohammedkalouti/Documents/Codex/2026-09-27/i/work/art/aircraft-final-production-v3/stage/assets/build/frames/unit.IR.gunship/team/launch_empty/d09_f02.png'
21:27.417  render           | Saved: '/var/folders/n4/43n_jxh10gg3s770b_8jbzb80000gn/T/fc-team-coverage-ammwmrk_.png'
21:28.405  render           | Saved: '/Users/mohammedkalouti/Documents/Codex/2026-09-27/i/work/art/aircraft-final-production-v3/stage/assets/build/frames/unit.IR.gunship/shadow/launch_empty/d09_f02.png'
21:29.060  render           | Saved: '/Users/mohammedkalouti/Documents/Codex/2026-09-27/i/work/art/aircraft-final-production-v3/stage/assets/build/frames/unit.IR.gunship/beauty/launch_empty/d09_f03.png'
21:29.586  render           | Saved: '/Users/mohammedkalouti/Documents/Codex/2026-09-27/i/work/art/aircraft-final-production-v3/stage/assets/build/frames/unit.IR.gunship/team/launch_empty/d09_f03.png'
21:29.855  render           | Saved: '/var/folders/n4/43n_jxh10gg3s770b_8jbzb80000gn/T/fc-team-coverage-ytrc1sba.png'
21:30.860  render           | Saved: '/Users/mohammedkalouti/Documents/Codex/2026-09-27/i/work/art/aircraft-final-production-v3/stage/assets/build/frames/unit.IR.gunship/shadow/launch_empty/d09_f03.png'
21:31.474  render           | Saved: '/Users/mohammedkalouti/Documents/Codex/2026-09-27/i/work/art/aircraft-final-production-v3/stage/assets/build/frames/unit.IR.gunship/beauty/launch_empty/d10_f00.png'
21:32.024  render           | Saved: '/Users/mohammedkalouti/Documents/Codex/2026-09-27/i/work/art/aircraft-final-production-v3/stage/assets/build/frames/unit.IR.gunship/team/launch_empty/d10_f00.png'
21:32.314  render           | Saved: '/var/folders/n4/43n_jxh10gg3s770b_8jbzb80000gn/T/fc-team-coverage-vvxj6hid.png'
21:33.315  render           | Saved: '/Users/mohammedkalouti/Documents/Codex/2026-09-27/i/work/art/aircraft-final-production-v3/stage/assets/build/frames/unit.IR.gunship/shadow/launch_empty/d10_f00.png'
21:33.913  render           | Saved: '/Users/mohammedkalouti/Documents/Codex/2026-09-27/i/work/art/aircraft-final-production-v3/stage/assets/build/frames/unit.IR.gunship/beauty/launch_empty/d10_f01.png'
21:34.424  render           | Saved: '/Users/mohammedkalouti/Documents/Codex/2026-09-27/i/work/art/aircraft-final-production-v3/stage/assets/build/frames/unit.IR.gunship/team/launch_empty/d10_f01.png'
21:34.694  render           | Saved: '/var/folders/n4/43n_jxh10gg3s770b_8jbzb80000gn/T/fc-team-coverage-_2lnc99h.png'
21:35.709  render           | Saved: '/Users/mohammedkalouti/Documents/Codex/2026-09-27/i/work/art/aircraft-final-production-v3/stage/assets/build/frames/unit.IR.gunship/shadow/launch_empty/d10_f01.png'
21:36.327  render           | Saved: '/Users/mohammedkalouti/Documents/Codex/2026-09-27/i/work/art/aircraft-final-production-v3/stage/assets/build/frames/unit.IR.gunship/beauty/launch_empty/d10_f02.png'
21:36.830  render           | Saved: '/Users/mohammedkalouti/Documents/Codex/2026-09-27/i/work/art/aircraft-final-production-v3/stage/assets/build/frames/unit.IR.gunship/team/launch_empty/d10_f02.png'
21:37.092  render           | Saved: '/var/folders/n4/43n_jxh10gg3s770b_8jbzb80000gn/T/fc-team-coverage-9huinzkc.png'
21:38.072  render           | Saved: '/Users/mohammedkalouti/Documents/Codex/2026-09-27/i/work/art/aircraft-final-production-v3/stage/assets/build/frames/unit.IR.gunship/shadow/launch_empty/d10_f02.png'
21:38.700  render           | Saved: '/Users/mohammedkalouti/Documents/Codex/2026-09-27/i/work/art/aircraft-final-production-v3/stage/assets/build/frames/unit.IR.gunship/beauty/launch_empty/d10_f03.png'
21:39.214  render           | Saved: '/Users/mohammedkalouti/Documents/Codex/2026-09-27/i/work/art/aircraft-final-production-v3/stage/assets/build/frames/unit.IR.gunship/team/launch_empty/d10_f03.png'
21:39.489  render           | Saved: '/var/folders/n4/43n_jxh10gg3s770b_8jbzb80000gn/T/fc-team-coverage-u90vt_zj.png'
21:40.471  render           | Saved: '/Users/mohammedkalouti/Documents/Codex/2026-09-27/i/work/art/aircraft-final-production-v3/stage/assets/build/frames/unit.IR.gunship/shadow/launch_empty/d10_f03.png'
21:41.071  render           | Saved: '/Users/mohammedkalouti/Documents/Codex/2026-09-27/i/work/art/aircraft-final-production-v3/stage/assets/build/frames/unit.IR.gunship/beauty/launch_empty/d11_f00.png'
21:41.577  render           | Saved: '/Users/mohammedkalouti/Documents/Codex/2026-09-27/i/work/art/aircraft-final-production-v3/stage/assets/build/frames/unit.IR.gunship/team/launch_empty/d11_f00.png'
21:41.861  render           | Saved: '/var/folders/n4/43n_jxh10gg3s770b_8jbzb80000gn/T/fc-team-coverage-00s4_9e2.png'
21:42.847  render           | Saved: '/Users/mohammedkalouti/Documents/Codex/2026-09-27/i/work/art/aircraft-final-production-v3/stage/assets/build/frames/unit.IR.gunship/shadow/launch_empty/d11_f00.png'
21:43.453  render           | Saved: '/Users/mohammedkalouti/Documents/Codex/2026-09-27/i/work/art/aircraft-final-production-v3/stage/assets/build/frames/unit.IR.gunship/beauty/launch_empty/d11_f01.png'
21:43.971  render           | Saved: '/Users/mohammedkalouti/Documents/Codex/2026-09-27/i/work/art/aircraft-final-production-v3/stage/assets/build/frames/unit.IR.gunship/team/launch_empty/d11_f01.png'
21:44.236  render           | Saved: '/var/folders/n4/43n_jxh10gg3s770b_8jbzb80000gn/T/fc-team-coverage-nq0m99x4.png'
21:45.264  render           | Saved: '/Users/mohammedkalouti/Documents/Codex/2026-09-27/i/work/art/aircraft-final-production-v3/stage/assets/build/frames/unit.IR.gunship/shadow/launch_empty/d11_f01.png'
21:45.878  render           | Saved: '/Users/mohammedkalouti/Documents/Codex/2026-09-27/i/work/art/aircraft-final-production-v3/stage/assets/build/frames/unit.IR.gunship/beauty/launch_empty/d11_f02.png'
21:46.395  render           | Saved: '/Users/mohammedkalouti/Documents/Codex/2026-09-27/i/work/art/aircraft-final-production-v3/stage/assets/build/frames/unit.IR.gunship/team/launch_empty/d11_f02.png'
21:46.657  render           | Saved: '/var/folders/n4/43n_jxh10gg3s770b_8jbzb80000gn/T/fc-team-coverage-3ppz1v8_.png'
21:47.645  render           | Saved: '/Users/mohammedkalouti/Documents/Codex/2026-09-27/i/work/art/aircraft-final-production-v3/stage/assets/build/frames/unit.IR.gunship/shadow/launch_empty/d11_f02.png'
21:48.226  render           | Saved: '/Users/mohammedkalouti/Documents/Codex/2026-09-27/i/work/art/aircraft-final-production-v3/stage/assets/build/frames/unit.IR.gunship/beauty/launch_empty/d11_f03.png'
21:48.725  render           | Saved: '/Users/mohammedkalouti/Documents/Codex/2026-09-27/i/work/art/aircraft-final-production-v3/stage/assets/build/frames/unit.IR.gunship/team/launch_empty/d11_f03.png'
21:48.981  render           | Saved: '/var/folders/n4/43n_jxh10gg3s770b_8jbzb80000gn/T/fc-team-coverage-hxppc2mt.png'
21:49.979  render           | Saved: '/Users/mohammedkalouti/Documents/Codex/2026-09-27/i/work/art/aircraft-final-production-v3/stage/assets/build/frames/unit.IR.gunship/shadow/launch_empty/d11_f03.png'
21:50.590  render           | Saved: '/Users/mohammedkalouti/Documents/Codex/2026-09-27/i/work/art/aircraft-final-production-v3/stage/assets/build/frames/unit.IR.gunship/beauty/launch_empty/d12_f00.png'
21:51.080  render           | Saved: '/Users/mohammedkalouti/Documents/Codex/2026-09-27/i/work/art/aircraft-final-production-v3/stage/assets/build/frames/unit.IR.gunship/team/launch_empty/d12_f00.png'
21:51.337  render           | Saved: '/var/folders/n4/43n_jxh10gg3s770b_8jbzb80000gn/T/fc-team-coverage-qpga3gkr.png'
21:52.341  render           | Saved: '/Users/mohammedkalouti/Documents/Codex/2026-09-27/i/work/art/aircraft-final-production-v3/stage/assets/build/frames/unit.IR.gunship/shadow/launch_empty/d12_f00.png'
21:52.941  render           | Saved: '/Users/mohammedkalouti/Documents/Codex/2026-09-27/i/work/art/aircraft-final-production-v3/stage/assets/build/frames/unit.IR.gunship/beauty/launch_empty/d12_f01.png'
21:53.452  render           | Saved: '/Users/mohammedkalouti/Documents/Codex/2026-09-27/i/work/art/aircraft-final-production-v3/stage/assets/build/frames/unit.IR.gunship/team/launch_empty/d12_f01.png'
21:53.727  render           | Saved: '/var/folders/n4/43n_jxh10gg3s770b_8jbzb80000gn/T/fc-team-coverage-rhaxr0c0.png'
21:54.711  render           | Saved: '/Users/mohammedkalouti/Documents/Codex/2026-09-27/i/work/art/aircraft-final-production-v3/stage/assets/build/frames/unit.IR.gunship/shadow/launch_empty/d12_f01.png'
21:55.302  render           | Saved: '/Users/mohammedkalouti/Documents/Codex/2026-09-27/i/work/art/aircraft-final-production-v3/stage/assets/build/frames/unit.IR.gunship/beauty/launch_empty/d12_f02.png'
21:55.809  render           | Saved: '/Users/mohammedkalouti/Documents/Codex/2026-09-27/i/work/art/aircraft-final-production-v3/stage/assets/build/frames/unit.IR.gunship/team/launch_empty/d12_f02.png'
21:56.071  render           | Saved: '/var/folders/n4/43n_jxh10gg3s770b_8jbzb80000gn/T/fc-team-coverage-basmuclo.png'
21:57.048  render           | Saved: '/Users/mohammedkalouti/Documents/Codex/2026-09-27/i/work/art/aircraft-final-production-v3/stage/assets/build/frames/unit.IR.gunship/shadow/launch_empty/d12_f02.png'
21:57.634  render           | Saved: '/Users/mohammedkalouti/Documents/Codex/2026-09-27/i/work/art/aircraft-final-production-v3/stage/assets/build/frames/unit.IR.gunship/beauty/launch_empty/d12_f03.png'
21:58.142  render           | Saved: '/Users/mohammedkalouti/Documents/Codex/2026-09-27/i/work/art/aircraft-final-production-v3/stage/assets/build/frames/unit.IR.gunship/team/launch_empty/d12_f03.png'
21:58.403  render           | Saved: '/var/folders/n4/43n_jxh10gg3s770b_8jbzb80000gn/T/fc-team-coverage-mbgehora.png'
21:59.384  render           | Saved: '/Users/mohammedkalouti/Documents/Codex/2026-09-27/i/work/art/aircraft-final-production-v3/stage/assets/build/frames/unit.IR.gunship/shadow/launch_empty/d12_f03.png'
21:59.987  render           | Saved: '/Users/mohammedkalouti/Documents/Codex/2026-09-27/i/work/art/aircraft-final-production-v3/stage/assets/build/frames/unit.IR.gunship/beauty/launch_empty/d13_f00.png'
22:00.498  render           | Saved: '/Users/mohammedkalouti/Documents/Codex/2026-09-27/i/work/art/aircraft-final-production-v3/stage/assets/build/frames/unit.IR.gunship/team/launch_empty/d13_f00.png'
22:00.764  render           | Saved: '/var/folders/n4/43n_jxh10gg3s770b_8jbzb80000gn/T/fc-team-coverage-5mrgks8x.png'
22:01.745  render           | Saved: '/Users/mohammedkalouti/Documents/Codex/2026-09-27/i/work/art/aircraft-final-production-v3/stage/assets/build/frames/unit.IR.gunship/shadow/launch_empty/d13_f00.png'
22:02.332  render           | Saved: '/Users/mohammedkalouti/Documents/Codex/2026-09-27/i/work/art/aircraft-final-production-v3/stage/assets/build/frames/unit.IR.gunship/beauty/launch_empty/d13_f01.png'
22:02.847  render           | Saved: '/Users/mohammedkalouti/Documents/Codex/2026-09-27/i/work/art/aircraft-final-production-v3/stage/assets/build/frames/unit.IR.gunship/team/launch_empty/d13_f01.png'
22:03.107  render           | Saved: '/var/folders/n4/43n_jxh10gg3s770b_8jbzb80000gn/T/fc-team-coverage-1dsqn86k.png'
22:04.101  render           | Saved: '/Users/mohammedkalouti/Documents/Codex/2026-09-27/i/work/art/aircraft-final-production-v3/stage/assets/build/frames/unit.IR.gunship/shadow/launch_empty/d13_f01.png'
22:04.715  render           | Saved: '/Users/mohammedkalouti/Documents/Codex/2026-09-27/i/work/art/aircraft-final-production-v3/stage/assets/build/frames/unit.IR.gunship/beauty/launch_empty/d13_f02.png'
22:05.213  render           | Saved: '/Users/mohammedkalouti/Documents/Codex/2026-09-27/i/work/art/aircraft-final-production-v3/stage/assets/build/frames/unit.IR.gunship/team/launch_empty/d13_f02.png'
22:05.472  render           | Saved: '/var/folders/n4/43n_jxh10gg3s770b_8jbzb80000gn/T/fc-team-coverage-ckcy7s6d.png'
22:06.465  render           | Saved: '/Users/mohammedkalouti/Documents/Codex/2026-09-27/i/work/art/aircraft-final-production-v3/stage/assets/build/frames/unit.IR.gunship/shadow/launch_empty/d13_f02.png'
22:07.060  render           | Saved: '/Users/mohammedkalouti/Documents/Codex/2026-09-27/i/work/art/aircraft-final-production-v3/stage/assets/build/frames/unit.IR.gunship/beauty/launch_empty/d13_f03.png'
22:07.586  render           | Saved: '/Users/mohammedkalouti/Documents/Codex/2026-09-27/i/work/art/aircraft-final-production-v3/stage/assets/build/frames/unit.IR.gunship/team/launch_empty/d13_f03.png'
22:07.855  render           | Saved: '/var/folders/n4/43n_jxh10gg3s770b_8jbzb80000gn/T/fc-team-coverage-4m32pfoa.png'
22:08.840  render           | Saved: '/Users/mohammedkalouti/Documents/Codex/2026-09-27/i/work/art/aircraft-final-production-v3/stage/assets/build/frames/unit.IR.gunship/shadow/launch_empty/d13_f03.png'
22:09.434  render           | Saved: '/Users/mohammedkalouti/Documents/Codex/2026-09-27/i/work/art/aircraft-final-production-v3/stage/assets/build/frames/unit.IR.gunship/beauty/launch_empty/d14_f00.png'
22:09.948  render           | Saved: '/Users/mohammedkalouti/Documents/Codex/2026-09-27/i/work/art/aircraft-final-production-v3/stage/assets/build/frames/unit.IR.gunship/team/launch_empty/d14_f00.png'
22:10.205  render           | Saved: '/var/folders/n4/43n_jxh10gg3s770b_8jbzb80000gn/T/fc-team-coverage-i9jeiypx.png'
22:11.188  render           | Saved: '/Users/mohammedkalouti/Documents/Codex/2026-09-27/i/work/art/aircraft-final-production-v3/stage/assets/build/frames/unit.IR.gunship/shadow/launch_empty/d14_f00.png'
22:11.787  render           | Saved: '/Users/mohammedkalouti/Documents/Codex/2026-09-27/i/work/art/aircraft-final-production-v3/stage/assets/build/frames/unit.IR.gunship/beauty/launch_empty/d14_f01.png'
22:12.300  render           | Saved: '/Users/mohammedkalouti/Documents/Codex/2026-09-27/i/work/art/aircraft-final-production-v3/stage/assets/build/frames/unit.IR.gunship/team/launch_empty/d14_f01.png'
22:12.560  render           | Saved: '/var/folders/n4/43n_jxh10gg3s770b_8jbzb80000gn/T/fc-team-coverage-jcqis9lr.png'
22:13.554  render           | Saved: '/Users/mohammedkalouti/Documents/Codex/2026-09-27/i/work/art/aircraft-final-production-v3/stage/assets/build/frames/unit.IR.gunship/shadow/launch_empty/d14_f01.png'
22:14.197  render           | Saved: '/Users/mohammedkalouti/Documents/Codex/2026-09-27/i/work/art/aircraft-final-production-v3/stage/assets/build/frames/unit.IR.gunship/beauty/launch_empty/d14_f02.png'
22:14.721  render           | Saved: '/Users/mohammedkalouti/Documents/Codex/2026-09-27/i/work/art/aircraft-final-production-v3/stage/assets/build/frames/unit.IR.gunship/team/launch_empty/d14_f02.png'
22:14.992  render           | Saved: '/var/folders/n4/43n_jxh10gg3s770b_8jbzb80000gn/T/fc-team-coverage-q67y7wkx.png'
22:15.976  render           | Saved: '/Users/mohammedkalouti/Documents/Codex/2026-09-27/i/work/art/aircraft-final-production-v3/stage/assets/build/frames/unit.IR.gunship/shadow/launch_empty/d14_f02.png'
22:16.574  render           | Saved: '/Users/mohammedkalouti/Documents/Codex/2026-09-27/i/work/art/aircraft-final-production-v3/stage/assets/build/frames/unit.IR.gunship/beauty/launch_empty/d14_f03.png'
22:17.069  render           | Saved: '/Users/mohammedkalouti/Documents/Codex/2026-09-27/i/work/art/aircraft-final-production-v3/stage/assets/build/frames/unit.IR.gunship/team/launch_empty/d14_f03.png'
22:17.333  render           | Saved: '/var/folders/n4/43n_jxh10gg3s770b_8jbzb80000gn/T/fc-team-coverage-qzajqjna.png'
22:18.303  render           | Saved: '/Users/mohammedkalouti/Documents/Codex/2026-09-27/i/work/art/aircraft-final-production-v3/stage/assets/build/frames/unit.IR.gunship/shadow/launch_empty/d14_f03.png'
22:18.907  render           | Saved: '/Users/mohammedkalouti/Documents/Codex/2026-09-27/i/work/art/aircraft-final-production-v3/stage/assets/build/frames/unit.IR.gunship/beauty/launch_empty/d15_f00.png'
22:19.405  render           | Saved: '/Users/mohammedkalouti/Documents/Codex/2026-09-27/i/work/art/aircraft-final-production-v3/stage/assets/build/frames/unit.IR.gunship/team/launch_empty/d15_f00.png'
22:19.659  render           | Saved: '/var/folders/n4/43n_jxh10gg3s770b_8jbzb80000gn/T/fc-team-coverage-v9_ai5s3.png'
22:20.655  render           | Saved: '/Users/mohammedkalouti/Documents/Codex/2026-09-27/i/work/art/aircraft-final-production-v3/stage/assets/build/frames/unit.IR.gunship/shadow/launch_empty/d15_f00.png'
22:21.229  render           | Saved: '/Users/mohammedkalouti/Documents/Codex/2026-09-27/i/work/art/aircraft-final-production-v3/stage/assets/build/frames/unit.IR.gunship/beauty/launch_empty/d15_f01.png'
22:21.729  render           | Saved: '/Users/mohammedkalouti/Documents/Codex/2026-09-27/i/work/art/aircraft-final-production-v3/stage/assets/build/frames/unit.IR.gunship/team/launch_empty/d15_f01.png'
22:21.981  render           | Saved: '/var/folders/n4/43n_jxh10gg3s770b_8jbzb80000gn/T/fc-team-coverage-igzsoc07.png'
22:22.975  render           | Saved: '/Users/mohammedkalouti/Documents/Codex/2026-09-27/i/work/art/aircraft-final-production-v3/stage/assets/build/frames/unit.IR.gunship/shadow/launch_empty/d15_f01.png'
22:23.576  render           | Saved: '/Users/mohammedkalouti/Documents/Codex/2026-09-27/i/work/art/aircraft-final-production-v3/stage/assets/build/frames/unit.IR.gunship/beauty/launch_empty/d15_f02.png'
22:24.067  render           | Saved: '/Users/mohammedkalouti/Documents/Codex/2026-09-27/i/work/art/aircraft-final-production-v3/stage/assets/build/frames/unit.IR.gunship/team/launch_empty/d15_f02.png'
22:24.339  render           | Saved: '/var/folders/n4/43n_jxh10gg3s770b_8jbzb80000gn/T/fc-team-coverage-ky4wb01i.png'
22:25.337  render           | Saved: '/Users/mohammedkalouti/Documents/Codex/2026-09-27/i/work/art/aircraft-final-production-v3/stage/assets/build/frames/unit.IR.gunship/shadow/launch_empty/d15_f02.png'
22:25.948  render           | Saved: '/Users/mohammedkalouti/Documents/Codex/2026-09-27/i/work/art/aircraft-final-production-v3/stage/assets/build/frames/unit.IR.gunship/beauty/launch_empty/d15_f03.png'
22:26.455  render           | Saved: '/Users/mohammedkalouti/Documents/Codex/2026-09-27/i/work/art/aircraft-final-production-v3/stage/assets/build/frames/unit.IR.gunship/team/launch_empty/d15_f03.png'
22:26.710  render           | Saved: '/var/folders/n4/43n_jxh10gg3s770b_8jbzb80000gn/T/fc-team-coverage-c1y8oxvj.png'
22:27.700  render           | Saved: '/Users/mohammedkalouti/Documents/Codex/2026-09-27/i/work/art/aircraft-final-production-v3/stage/assets/build/frames/unit.IR.gunship/shadow/launch_empty/d15_f03.png'
22:28.277  render           | Saved: '/Users/mohammedkalouti/Documents/Codex/2026-09-27/i/work/art/aircraft-final-production-v3/stage/assets/build/frames/unit.IR.gunship/beauty/recover_empty/d00_f00.png'
22:28.781  render           | Saved: '/Users/mohammedkalouti/Documents/Codex/2026-09-27/i/work/art/aircraft-final-production-v3/stage/assets/build/frames/unit.IR.gunship/team/recover_empty/d00_f00.png'
22:29.057  render           | Saved: '/var/folders/n4/43n_jxh10gg3s770b_8jbzb80000gn/T/fc-team-coverage-jdwz8msx.png'
22:30.039  render           | Saved: '/Users/mohammedkalouti/Documents/Codex/2026-09-27/i/work/art/aircraft-final-production-v3/stage/assets/build/frames/unit.IR.gunship/shadow/recover_empty/d00_f00.png'
22:30.658  render           | Saved: '/Users/mohammedkalouti/Documents/Codex/2026-09-27/i/work/art/aircraft-final-production-v3/stage/assets/build/frames/unit.IR.gunship/beauty/recover_empty/d00_f01.png'
22:31.162  render           | Saved: '/Users/mohammedkalouti/Documents/Codex/2026-09-27/i/work/art/aircraft-final-production-v3/stage/assets/build/frames/unit.IR.gunship/team/recover_empty/d00_f01.png'
22:31.413  render           | Saved: '/var/folders/n4/43n_jxh10gg3s770b_8jbzb80000gn/T/fc-team-coverage-1is0ln9f.png'
22:32.397  render           | Saved: '/Users/mohammedkalouti/Documents/Codex/2026-09-27/i/work/art/aircraft-final-production-v3/stage/assets/build/frames/unit.IR.gunship/shadow/recover_empty/d00_f01.png'
22:33.016  render           | Saved: '/Users/mohammedkalouti/Documents/Codex/2026-09-27/i/work/art/aircraft-final-production-v3/stage/assets/build/frames/unit.IR.gunship/beauty/recover_empty/d00_f02.png'
22:33.538  render           | Saved: '/Users/mohammedkalouti/Documents/Codex/2026-09-27/i/work/art/aircraft-final-production-v3/stage/assets/build/frames/unit.IR.gunship/team/recover_empty/d00_f02.png'
22:33.806  render           | Saved: '/var/folders/n4/43n_jxh10gg3s770b_8jbzb80000gn/T/fc-team-coverage-vqb9v0k5.png'
22:34.799  render           | Saved: '/Users/mohammedkalouti/Documents/Codex/2026-09-27/i/work/art/aircraft-final-production-v3/stage/assets/build/frames/unit.IR.gunship/shadow/recover_empty/d00_f02.png'
22:35.410  render           | Saved: '/Users/mohammedkalouti/Documents/Codex/2026-09-27/i/work/art/aircraft-final-production-v3/stage/assets/build/frames/unit.IR.gunship/beauty/recover_empty/d00_f03.png'
22:35.914  render           | Saved: '/Users/mohammedkalouti/Documents/Codex/2026-09-27/i/work/art/aircraft-final-production-v3/stage/assets/build/frames/unit.IR.gunship/team/recover_empty/d00_f03.png'
22:36.171  render           | Saved: '/var/folders/n4/43n_jxh10gg3s770b_8jbzb80000gn/T/fc-team-coverage-7yglsxma.png'
22:37.159  render           | Saved: '/Users/mohammedkalouti/Documents/Codex/2026-09-27/i/work/art/aircraft-final-production-v3/stage/assets/build/frames/unit.IR.gunship/shadow/recover_empty/d00_f03.png'
22:37.858  render           | Saved: '/Users/mohammedkalouti/Documents/Codex/2026-09-27/i/work/art/aircraft-final-production-v3/stage/assets/build/frames/unit.IR.gunship/beauty/recover_empty/d01_f00.png'
22:38.396  render           | Saved: '/Users/mohammedkalouti/Documents/Codex/2026-09-27/i/work/art/aircraft-final-production-v3/stage/assets/build/frames/unit.IR.gunship/team/recover_empty/d01_f00.png'
22:38.657  render           | Saved: '/var/folders/n4/43n_jxh10gg3s770b_8jbzb80000gn/T/fc-team-coverage-m8n7qb95.png'
22:39.633  render           | Saved: '/Users/mohammedkalouti/Documents/Codex/2026-09-27/i/work/art/aircraft-final-production-v3/stage/assets/build/frames/unit.IR.gunship/shadow/recover_empty/d01_f00.png'
22:40.233  render           | Saved: '/Users/mohammedkalouti/Documents/Codex/2026-09-27/i/work/art/aircraft-final-production-v3/stage/assets/build/frames/unit.IR.gunship/beauty/recover_empty/d01_f01.png'
22:40.742  render           | Saved: '/Users/mohammedkalouti/Documents/Codex/2026-09-27/i/work/art/aircraft-final-production-v3/stage/assets/build/frames/unit.IR.gunship/team/recover_empty/d01_f01.png'
22:41.005  render           | Saved: '/var/folders/n4/43n_jxh10gg3s770b_8jbzb80000gn/T/fc-team-coverage-vdc44mrz.png'
22:41.988  render           | Saved: '/Users/mohammedkalouti/Documents/Codex/2026-09-27/i/work/art/aircraft-final-production-v3/stage/assets/build/frames/unit.IR.gunship/shadow/recover_empty/d01_f01.png'
22:42.616  render           | Saved: '/Users/mohammedkalouti/Documents/Codex/2026-09-27/i/work/art/aircraft-final-production-v3/stage/assets/build/frames/unit.IR.gunship/beauty/recover_empty/d01_f02.png'
22:43.111  render           | Saved: '/Users/mohammedkalouti/Documents/Codex/2026-09-27/i/work/art/aircraft-final-production-v3/stage/assets/build/frames/unit.IR.gunship/team/recover_empty/d01_f02.png'
22:43.367  render           | Saved: '/var/folders/n4/43n_jxh10gg3s770b_8jbzb80000gn/T/fc-team-coverage-pk10ca75.png'
22:44.335  render           | Saved: '/Users/mohammedkalouti/Documents/Codex/2026-09-27/i/work/art/aircraft-final-production-v3/stage/assets/build/frames/unit.IR.gunship/shadow/recover_empty/d01_f02.png'
22:44.929  render           | Saved: '/Users/mohammedkalouti/Documents/Codex/2026-09-27/i/work/art/aircraft-final-production-v3/stage/assets/build/frames/unit.IR.gunship/beauty/recover_empty/d01_f03.png'
22:45.437  render           | Saved: '/Users/mohammedkalouti/Documents/Codex/2026-09-27/i/work/art/aircraft-final-production-v3/stage/assets/build/frames/unit.IR.gunship/team/recover_empty/d01_f03.png'
22:45.686  render           | Saved: '/var/folders/n4/43n_jxh10gg3s770b_8jbzb80000gn/T/fc-team-coverage-85jfncob.png'
22:46.703  render           | Saved: '/Users/mohammedkalouti/Documents/Codex/2026-09-27/i/work/art/aircraft-final-production-v3/stage/assets/build/frames/unit.IR.gunship/shadow/recover_empty/d01_f03.png'
22:47.347  render           | Saved: '/Users/mohammedkalouti/Documents/Codex/2026-09-27/i/work/art/aircraft-final-production-v3/stage/assets/build/frames/unit.IR.gunship/beauty/recover_empty/d02_f00.png'
22:47.839  render           | Saved: '/Users/mohammedkalouti/Documents/Codex/2026-09-27/i/work/art/aircraft-final-production-v3/stage/assets/build/frames/unit.IR.gunship/team/recover_empty/d02_f00.png'
22:48.103  render           | Saved: '/var/folders/n4/43n_jxh10gg3s770b_8jbzb80000gn/T/fc-team-coverage-ve885eg8.png'
22:49.081  render           | Saved: '/Users/mohammedkalouti/Documents/Codex/2026-09-27/i/work/art/aircraft-final-production-v3/stage/assets/build/frames/unit.IR.gunship/shadow/recover_empty/d02_f00.png'
22:49.701  render           | Saved: '/Users/mohammedkalouti/Documents/Codex/2026-09-27/i/work/art/aircraft-final-production-v3/stage/assets/build/frames/unit.IR.gunship/beauty/recover_empty/d02_f01.png'
22:50.196  render           | Saved: '/Users/mohammedkalouti/Documents/Codex/2026-09-27/i/work/art/aircraft-final-production-v3/stage/assets/build/frames/unit.IR.gunship/team/recover_empty/d02_f01.png'
22:50.466  render           | Saved: '/var/folders/n4/43n_jxh10gg3s770b_8jbzb80000gn/T/fc-team-coverage-rqomisxt.png'
22:51.461  render           | Saved: '/Users/mohammedkalouti/Documents/Codex/2026-09-27/i/work/art/aircraft-final-production-v3/stage/assets/build/frames/unit.IR.gunship/shadow/recover_empty/d02_f01.png'
22:52.058  render           | Saved: '/Users/mohammedkalouti/Documents/Codex/2026-09-27/i/work/art/aircraft-final-production-v3/stage/assets/build/frames/unit.IR.gunship/beauty/recover_empty/d02_f02.png'
22:52.551  render           | Saved: '/Users/mohammedkalouti/Documents/Codex/2026-09-27/i/work/art/aircraft-final-production-v3/stage/assets/build/frames/unit.IR.gunship/team/recover_empty/d02_f02.png'
22:52.808  render           | Saved: '/var/folders/n4/43n_jxh10gg3s770b_8jbzb80000gn/T/fc-team-coverage-nfmej67a.png'
22:53.791  render           | Saved: '/Users/mohammedkalouti/Documents/Codex/2026-09-27/i/work/art/aircraft-final-production-v3/stage/assets/build/frames/unit.IR.gunship/shadow/recover_empty/d02_f02.png'
22:54.402  render           | Saved: '/Users/mohammedkalouti/Documents/Codex/2026-09-27/i/work/art/aircraft-final-production-v3/stage/assets/build/frames/unit.IR.gunship/beauty/recover_empty/d02_f03.png'
22:54.912  render           | Saved: '/Users/mohammedkalouti/Documents/Codex/2026-09-27/i/work/art/aircraft-final-production-v3/stage/assets/build/frames/unit.IR.gunship/team/recover_empty/d02_f03.png'
22:55.167  render           | Saved: '/var/folders/n4/43n_jxh10gg3s770b_8jbzb80000gn/T/fc-team-coverage-ggwhy1v0.png'
22:56.147  render           | Saved: '/Users/mohammedkalouti/Documents/Codex/2026-09-27/i/work/art/aircraft-final-production-v3/stage/assets/build/frames/unit.IR.gunship/shadow/recover_empty/d02_f03.png'
22:56.742  render           | Saved: '/Users/mohammedkalouti/Documents/Codex/2026-09-27/i/work/art/aircraft-final-production-v3/stage/assets/build/frames/unit.IR.gunship/beauty/recover_empty/d03_f00.png'
22:57.249  render           | Saved: '/Users/mohammedkalouti/Documents/Codex/2026-09-27/i/work/art/aircraft-final-production-v3/stage/assets/build/frames/unit.IR.gunship/team/recover_empty/d03_f00.png'
22:57.502  render           | Saved: '/var/folders/n4/43n_jxh10gg3s770b_8jbzb80000gn/T/fc-team-coverage-spb6ei98.png'
22:58.485  render           | Saved: '/Users/mohammedkalouti/Documents/Codex/2026-09-27/i/work/art/aircraft-final-production-v3/stage/assets/build/frames/unit.IR.gunship/shadow/recover_empty/d03_f00.png'
22:59.082  render           | Saved: '/Users/mohammedkalouti/Documents/Codex/2026-09-27/i/work/art/aircraft-final-production-v3/stage/assets/build/frames/unit.IR.gunship/beauty/recover_empty/d03_f01.png'
22:59.581  render           | Saved: '/Users/mohammedkalouti/Documents/Codex/2026-09-27/i/work/art/aircraft-final-production-v3/stage/assets/build/frames/unit.IR.gunship/team/recover_empty/d03_f01.png'
22:59.829  render           | Saved: '/var/folders/n4/43n_jxh10gg3s770b_8jbzb80000gn/T/fc-team-coverage-n_cbrqh4.png'
23:00.810  render           | Saved: '/Users/mohammedkalouti/Documents/Codex/2026-09-27/i/work/art/aircraft-final-production-v3/stage/assets/build/frames/unit.IR.gunship/shadow/recover_empty/d03_f01.png'
23:01.400  render           | Saved: '/Users/mohammedkalouti/Documents/Codex/2026-09-27/i/work/art/aircraft-final-production-v3/stage/assets/build/frames/unit.IR.gunship/beauty/recover_empty/d03_f02.png'
23:01.893  render           | Saved: '/Users/mohammedkalouti/Documents/Codex/2026-09-27/i/work/art/aircraft-final-production-v3/stage/assets/build/frames/unit.IR.gunship/team/recover_empty/d03_f02.png'
23:02.154  render           | Saved: '/var/folders/n4/43n_jxh10gg3s770b_8jbzb80000gn/T/fc-team-coverage-_05tj38j.png'
23:03.156  render           | Saved: '/Users/mohammedkalouti/Documents/Codex/2026-09-27/i/work/art/aircraft-final-production-v3/stage/assets/build/frames/unit.IR.gunship/shadow/recover_empty/d03_f02.png'
23:03.779  render           | Saved: '/Users/mohammedkalouti/Documents/Codex/2026-09-27/i/work/art/aircraft-final-production-v3/stage/assets/build/frames/unit.IR.gunship/beauty/recover_empty/d03_f03.png'
23:04.295  render           | Saved: '/Users/mohammedkalouti/Documents/Codex/2026-09-27/i/work/art/aircraft-final-production-v3/stage/assets/build/frames/unit.IR.gunship/team/recover_empty/d03_f03.png'
23:04.553  render           | Saved: '/var/folders/n4/43n_jxh10gg3s770b_8jbzb80000gn/T/fc-team-coverage-dsc5lv7z.png'
23:05.539  render           | Saved: '/Users/mohammedkalouti/Documents/Codex/2026-09-27/i/work/art/aircraft-final-production-v3/stage/assets/build/frames/unit.IR.gunship/shadow/recover_empty/d03_f03.png'
23:06.130  render           | Saved: '/Users/mohammedkalouti/Documents/Codex/2026-09-27/i/work/art/aircraft-final-production-v3/stage/assets/build/frames/unit.IR.gunship/beauty/recover_empty/d04_f00.png'
23:06.619  render           | Saved: '/Users/mohammedkalouti/Documents/Codex/2026-09-27/i/work/art/aircraft-final-production-v3/stage/assets/build/frames/unit.IR.gunship/team/recover_empty/d04_f00.png'
23:06.877  render           | Saved: '/var/folders/n4/43n_jxh10gg3s770b_8jbzb80000gn/T/fc-team-coverage-fbg3n86l.png'
23:07.860  render           | Saved: '/Users/mohammedkalouti/Documents/Codex/2026-09-27/i/work/art/aircraft-final-production-v3/stage/assets/build/frames/unit.IR.gunship/shadow/recover_empty/d04_f00.png'
23:08.757  render           | Saved: '/Users/mohammedkalouti/Documents/Codex/2026-09-27/i/work/art/aircraft-final-production-v3/stage/assets/build/frames/unit.IR.gunship/beauty/recover_empty/d04_f01.png'
23:09.296  render           | Saved: '/Users/mohammedkalouti/Documents/Codex/2026-09-27/i/work/art/aircraft-final-production-v3/stage/assets/build/frames/unit.IR.gunship/team/recover_empty/d04_f01.png'
23:09.550  render           | Saved: '/var/folders/n4/43n_jxh10gg3s770b_8jbzb80000gn/T/fc-team-coverage-h77dbqb8.png'
23:10.542  render           | Saved: '/Users/mohammedkalouti/Documents/Codex/2026-09-27/i/work/art/aircraft-final-production-v3/stage/assets/build/frames/unit.IR.gunship/shadow/recover_empty/d04_f01.png'
23:11.144  render           | Saved: '/Users/mohammedkalouti/Documents/Codex/2026-09-27/i/work/art/aircraft-final-production-v3/stage/assets/build/frames/unit.IR.gunship/beauty/recover_empty/d04_f02.png'
23:11.649  render           | Saved: '/Users/mohammedkalouti/Documents/Codex/2026-09-27/i/work/art/aircraft-final-production-v3/stage/assets/build/frames/unit.IR.gunship/team/recover_empty/d04_f02.png'
23:11.912  render           | Saved: '/var/folders/n4/43n_jxh10gg3s770b_8jbzb80000gn/T/fc-team-coverage-mxlgbhkv.png'
23:12.908  render           | Saved: '/Users/mohammedkalouti/Documents/Codex/2026-09-27/i/work/art/aircraft-final-production-v3/stage/assets/build/frames/unit.IR.gunship/shadow/recover_empty/d04_f02.png'
23:13.500  render           | Saved: '/Users/mohammedkalouti/Documents/Codex/2026-09-27/i/work/art/aircraft-final-production-v3/stage/assets/build/frames/unit.IR.gunship/beauty/recover_empty/d04_f03.png'
23:14.004  render           | Saved: '/Users/mohammedkalouti/Documents/Codex/2026-09-27/i/work/art/aircraft-final-production-v3/stage/assets/build/frames/unit.IR.gunship/team/recover_empty/d04_f03.png'
23:14.267  render           | Saved: '/var/folders/n4/43n_jxh10gg3s770b_8jbzb80000gn/T/fc-team-coverage-44xda4kl.png'
23:15.251  render           | Saved: '/Users/mohammedkalouti/Documents/Codex/2026-09-27/i/work/art/aircraft-final-production-v3/stage/assets/build/frames/unit.IR.gunship/shadow/recover_empty/d04_f03.png'
23:15.881  render           | Saved: '/Users/mohammedkalouti/Documents/Codex/2026-09-27/i/work/art/aircraft-final-production-v3/stage/assets/build/frames/unit.IR.gunship/beauty/recover_empty/d05_f00.png'
23:16.392  render           | Saved: '/Users/mohammedkalouti/Documents/Codex/2026-09-27/i/work/art/aircraft-final-production-v3/stage/assets/build/frames/unit.IR.gunship/team/recover_empty/d05_f00.png'
23:16.659  render           | Saved: '/var/folders/n4/43n_jxh10gg3s770b_8jbzb80000gn/T/fc-team-coverage-8ecd08sy.png'
23:17.655  render           | Saved: '/Users/mohammedkalouti/Documents/Codex/2026-09-27/i/work/art/aircraft-final-production-v3/stage/assets/build/frames/unit.IR.gunship/shadow/recover_empty/d05_f00.png'
23:18.236  render           | Saved: '/Users/mohammedkalouti/Documents/Codex/2026-09-27/i/work/art/aircraft-final-production-v3/stage/assets/build/frames/unit.IR.gunship/beauty/recover_empty/d05_f01.png'
23:18.738  render           | Saved: '/Users/mohammedkalouti/Documents/Codex/2026-09-27/i/work/art/aircraft-final-production-v3/stage/assets/build/frames/unit.IR.gunship/team/recover_empty/d05_f01.png'
23:18.996  render           | Saved: '/var/folders/n4/43n_jxh10gg3s770b_8jbzb80000gn/T/fc-team-coverage-4id7h8ov.png'
23:20.003  render           | Saved: '/Users/mohammedkalouti/Documents/Codex/2026-09-27/i/work/art/aircraft-final-production-v3/stage/assets/build/frames/unit.IR.gunship/shadow/recover_empty/d05_f01.png'
23:20.617  render           | Saved: '/Users/mohammedkalouti/Documents/Codex/2026-09-27/i/work/art/aircraft-final-production-v3/stage/assets/build/frames/unit.IR.gunship/beauty/recover_empty/d05_f02.png'
23:21.126  render           | Saved: '/Users/mohammedkalouti/Documents/Codex/2026-09-27/i/work/art/aircraft-final-production-v3/stage/assets/build/frames/unit.IR.gunship/team/recover_empty/d05_f02.png'
23:21.383  render           | Saved: '/var/folders/n4/43n_jxh10gg3s770b_8jbzb80000gn/T/fc-team-coverage-t2ln528t.png'
23:22.363  render           | Saved: '/Users/mohammedkalouti/Documents/Codex/2026-09-27/i/work/art/aircraft-final-production-v3/stage/assets/build/frames/unit.IR.gunship/shadow/recover_empty/d05_f02.png'
23:22.989  render           | Saved: '/Users/mohammedkalouti/Documents/Codex/2026-09-27/i/work/art/aircraft-final-production-v3/stage/assets/build/frames/unit.IR.gunship/beauty/recover_empty/d05_f03.png'
23:23.502  render           | Saved: '/Users/mohammedkalouti/Documents/Codex/2026-09-27/i/work/art/aircraft-final-production-v3/stage/assets/build/frames/unit.IR.gunship/team/recover_empty/d05_f03.png'
23:23.775  render           | Saved: '/var/folders/n4/43n_jxh10gg3s770b_8jbzb80000gn/T/fc-team-coverage-tu24kkfl.png'
23:24.757  render           | Saved: '/Users/mohammedkalouti/Documents/Codex/2026-09-27/i/work/art/aircraft-final-production-v3/stage/assets/build/frames/unit.IR.gunship/shadow/recover_empty/d05_f03.png'
23:25.356  render           | Saved: '/Users/mohammedkalouti/Documents/Codex/2026-09-27/i/work/art/aircraft-final-production-v3/stage/assets/build/frames/unit.IR.gunship/beauty/recover_empty/d06_f00.png'
23:25.860  render           | Saved: '/Users/mohammedkalouti/Documents/Codex/2026-09-27/i/work/art/aircraft-final-production-v3/stage/assets/build/frames/unit.IR.gunship/team/recover_empty/d06_f00.png'
23:26.114  render           | Saved: '/var/folders/n4/43n_jxh10gg3s770b_8jbzb80000gn/T/fc-team-coverage-lsd6eruf.png'
23:27.081  render           | Saved: '/Users/mohammedkalouti/Documents/Codex/2026-09-27/i/work/art/aircraft-final-production-v3/stage/assets/build/frames/unit.IR.gunship/shadow/recover_empty/d06_f00.png'
23:27.667  render           | Saved: '/Users/mohammedkalouti/Documents/Codex/2026-09-27/i/work/art/aircraft-final-production-v3/stage/assets/build/frames/unit.IR.gunship/beauty/recover_empty/d06_f01.png'
23:28.165  render           | Saved: '/Users/mohammedkalouti/Documents/Codex/2026-09-27/i/work/art/aircraft-final-production-v3/stage/assets/build/frames/unit.IR.gunship/team/recover_empty/d06_f01.png'
23:28.437  render           | Saved: '/var/folders/n4/43n_jxh10gg3s770b_8jbzb80000gn/T/fc-team-coverage-cuw90v1f.png'
23:29.425  render           | Saved: '/Users/mohammedkalouti/Documents/Codex/2026-09-27/i/work/art/aircraft-final-production-v3/stage/assets/build/frames/unit.IR.gunship/shadow/recover_empty/d06_f01.png'
23:30.012  render           | Saved: '/Users/mohammedkalouti/Documents/Codex/2026-09-27/i/work/art/aircraft-final-production-v3/stage/assets/build/frames/unit.IR.gunship/beauty/recover_empty/d06_f02.png'
23:30.518  render           | Saved: '/Users/mohammedkalouti/Documents/Codex/2026-09-27/i/work/art/aircraft-final-production-v3/stage/assets/build/frames/unit.IR.gunship/team/recover_empty/d06_f02.png'
23:30.785  render           | Saved: '/var/folders/n4/43n_jxh10gg3s770b_8jbzb80000gn/T/fc-team-coverage-cnkhn5wd.png'
23:31.751  render           | Saved: '/Users/mohammedkalouti/Documents/Codex/2026-09-27/i/work/art/aircraft-final-production-v3/stage/assets/build/frames/unit.IR.gunship/shadow/recover_empty/d06_f02.png'
23:32.342  render           | Saved: '/Users/mohammedkalouti/Documents/Codex/2026-09-27/i/work/art/aircraft-final-production-v3/stage/assets/build/frames/unit.IR.gunship/beauty/recover_empty/d06_f03.png'
23:32.852  render           | Saved: '/Users/mohammedkalouti/Documents/Codex/2026-09-27/i/work/art/aircraft-final-production-v3/stage/assets/build/frames/unit.IR.gunship/team/recover_empty/d06_f03.png'
23:33.123  render           | Saved: '/var/folders/n4/43n_jxh10gg3s770b_8jbzb80000gn/T/fc-team-coverage-876gexn0.png'
23:34.102  render           | Saved: '/Users/mohammedkalouti/Documents/Codex/2026-09-27/i/work/art/aircraft-final-production-v3/stage/assets/build/frames/unit.IR.gunship/shadow/recover_empty/d06_f03.png'
23:34.718  render           | Saved: '/Users/mohammedkalouti/Documents/Codex/2026-09-27/i/work/art/aircraft-final-production-v3/stage/assets/build/frames/unit.IR.gunship/beauty/recover_empty/d07_f00.png'
23:35.238  render           | Saved: '/Users/mohammedkalouti/Documents/Codex/2026-09-27/i/work/art/aircraft-final-production-v3/stage/assets/build/frames/unit.IR.gunship/team/recover_empty/d07_f00.png'
23:35.502  render           | Saved: '/var/folders/n4/43n_jxh10gg3s770b_8jbzb80000gn/T/fc-team-coverage-s55s8yxn.png'
23:36.487  render           | Saved: '/Users/mohammedkalouti/Documents/Codex/2026-09-27/i/work/art/aircraft-final-production-v3/stage/assets/build/frames/unit.IR.gunship/shadow/recover_empty/d07_f00.png'
23:37.081  render           | Saved: '/Users/mohammedkalouti/Documents/Codex/2026-09-27/i/work/art/aircraft-final-production-v3/stage/assets/build/frames/unit.IR.gunship/beauty/recover_empty/d07_f01.png'
23:37.603  render           | Saved: '/Users/mohammedkalouti/Documents/Codex/2026-09-27/i/work/art/aircraft-final-production-v3/stage/assets/build/frames/unit.IR.gunship/team/recover_empty/d07_f01.png'
23:37.862  render           | Saved: '/var/folders/n4/43n_jxh10gg3s770b_8jbzb80000gn/T/fc-team-coverage-0lkbyvlv.png'
23:38.870  render           | Saved: '/Users/mohammedkalouti/Documents/Codex/2026-09-27/i/work/art/aircraft-final-production-v3/stage/assets/build/frames/unit.IR.gunship/shadow/recover_empty/d07_f01.png'
23:39.486  render           | Saved: '/Users/mohammedkalouti/Documents/Codex/2026-09-27/i/work/art/aircraft-final-production-v3/stage/assets/build/frames/unit.IR.gunship/beauty/recover_empty/d07_f02.png'
23:39.978  render           | Saved: '/Users/mohammedkalouti/Documents/Codex/2026-09-27/i/work/art/aircraft-final-production-v3/stage/assets/build/frames/unit.IR.gunship/team/recover_empty/d07_f02.png'
23:40.237  render           | Saved: '/var/folders/n4/43n_jxh10gg3s770b_8jbzb80000gn/T/fc-team-coverage-1od4160s.png'
23:41.220  render           | Saved: '/Users/mohammedkalouti/Documents/Codex/2026-09-27/i/work/art/aircraft-final-production-v3/stage/assets/build/frames/unit.IR.gunship/shadow/recover_empty/d07_f02.png'
23:41.813  render           | Saved: '/Users/mohammedkalouti/Documents/Codex/2026-09-27/i/work/art/aircraft-final-production-v3/stage/assets/build/frames/unit.IR.gunship/beauty/recover_empty/d07_f03.png'
23:42.339  render           | Saved: '/Users/mohammedkalouti/Documents/Codex/2026-09-27/i/work/art/aircraft-final-production-v3/stage/assets/build/frames/unit.IR.gunship/team/recover_empty/d07_f03.png'
23:42.608  render           | Saved: '/var/folders/n4/43n_jxh10gg3s770b_8jbzb80000gn/T/fc-team-coverage-_drti3wa.png'
23:43.608  render           | Saved: '/Users/mohammedkalouti/Documents/Codex/2026-09-27/i/work/art/aircraft-final-production-v3/stage/assets/build/frames/unit.IR.gunship/shadow/recover_empty/d07_f03.png'
23:44.201  render           | Saved: '/Users/mohammedkalouti/Documents/Codex/2026-09-27/i/work/art/aircraft-final-production-v3/stage/assets/build/frames/unit.IR.gunship/beauty/recover_empty/d08_f00.png'
23:44.702  render           | Saved: '/Users/mohammedkalouti/Documents/Codex/2026-09-27/i/work/art/aircraft-final-production-v3/stage/assets/build/frames/unit.IR.gunship/team/recover_empty/d08_f00.png'
23:44.967  render           | Saved: '/var/folders/n4/43n_jxh10gg3s770b_8jbzb80000gn/T/fc-team-coverage-bejy6wxs.png'
23:45.945  render           | Saved: '/Users/mohammedkalouti/Documents/Codex/2026-09-27/i/work/art/aircraft-final-production-v3/stage/assets/build/frames/unit.IR.gunship/shadow/recover_empty/d08_f00.png'
23:46.579  render           | Saved: '/Users/mohammedkalouti/Documents/Codex/2026-09-27/i/work/art/aircraft-final-production-v3/stage/assets/build/frames/unit.IR.gunship/beauty/recover_empty/d08_f01.png'
23:47.080  render           | Saved: '/Users/mohammedkalouti/Documents/Codex/2026-09-27/i/work/art/aircraft-final-production-v3/stage/assets/build/frames/unit.IR.gunship/team/recover_empty/d08_f01.png'
23:47.340  render           | Saved: '/var/folders/n4/43n_jxh10gg3s770b_8jbzb80000gn/T/fc-team-coverage-gvbvmj69.png'
23:48.314  render           | Saved: '/Users/mohammedkalouti/Documents/Codex/2026-09-27/i/work/art/aircraft-final-production-v3/stage/assets/build/frames/unit.IR.gunship/shadow/recover_empty/d08_f01.png'
23:48.906  render           | Saved: '/Users/mohammedkalouti/Documents/Codex/2026-09-27/i/work/art/aircraft-final-production-v3/stage/assets/build/frames/unit.IR.gunship/beauty/recover_empty/d08_f02.png'
23:49.408  render           | Saved: '/Users/mohammedkalouti/Documents/Codex/2026-09-27/i/work/art/aircraft-final-production-v3/stage/assets/build/frames/unit.IR.gunship/team/recover_empty/d08_f02.png'
23:49.659  render           | Saved: '/var/folders/n4/43n_jxh10gg3s770b_8jbzb80000gn/T/fc-team-coverage-dte_71cw.png'
23:50.650  render           | Saved: '/Users/mohammedkalouti/Documents/Codex/2026-09-27/i/work/art/aircraft-final-production-v3/stage/assets/build/frames/unit.IR.gunship/shadow/recover_empty/d08_f02.png'
23:51.230  render           | Saved: '/Users/mohammedkalouti/Documents/Codex/2026-09-27/i/work/art/aircraft-final-production-v3/stage/assets/build/frames/unit.IR.gunship/beauty/recover_empty/d08_f03.png'
23:51.738  render           | Saved: '/Users/mohammedkalouti/Documents/Codex/2026-09-27/i/work/art/aircraft-final-production-v3/stage/assets/build/frames/unit.IR.gunship/team/recover_empty/d08_f03.png'
23:51.994  render           | Saved: '/var/folders/n4/43n_jxh10gg3s770b_8jbzb80000gn/T/fc-team-coverage-rkpwv57u.png'
23:52.980  render           | Saved: '/Users/mohammedkalouti/Documents/Codex/2026-09-27/i/work/art/aircraft-final-production-v3/stage/assets/build/frames/unit.IR.gunship/shadow/recover_empty/d08_f03.png'
23:53.597  render           | Saved: '/Users/mohammedkalouti/Documents/Codex/2026-09-27/i/work/art/aircraft-final-production-v3/stage/assets/build/frames/unit.IR.gunship/beauty/recover_empty/d09_f00.png'
23:54.095  render           | Saved: '/Users/mohammedkalouti/Documents/Codex/2026-09-27/i/work/art/aircraft-final-production-v3/stage/assets/build/frames/unit.IR.gunship/team/recover_empty/d09_f00.png'
23:54.351  render           | Saved: '/var/folders/n4/43n_jxh10gg3s770b_8jbzb80000gn/T/fc-team-coverage-o_w2awh_.png'
23:55.336  render           | Saved: '/Users/mohammedkalouti/Documents/Codex/2026-09-27/i/work/art/aircraft-final-production-v3/stage/assets/build/frames/unit.IR.gunship/shadow/recover_empty/d09_f00.png'
23:55.934  render           | Saved: '/Users/mohammedkalouti/Documents/Codex/2026-09-27/i/work/art/aircraft-final-production-v3/stage/assets/build/frames/unit.IR.gunship/beauty/recover_empty/d09_f01.png'
23:56.451  render           | Saved: '/Users/mohammedkalouti/Documents/Codex/2026-09-27/i/work/art/aircraft-final-production-v3/stage/assets/build/frames/unit.IR.gunship/team/recover_empty/d09_f01.png'
23:56.718  render           | Saved: '/var/folders/n4/43n_jxh10gg3s770b_8jbzb80000gn/T/fc-team-coverage-k8ay1ta5.png'
23:57.699  render           | Saved: '/Users/mohammedkalouti/Documents/Codex/2026-09-27/i/work/art/aircraft-final-production-v3/stage/assets/build/frames/unit.IR.gunship/shadow/recover_empty/d09_f01.png'
23:58.294  render           | Saved: '/Users/mohammedkalouti/Documents/Codex/2026-09-27/i/work/art/aircraft-final-production-v3/stage/assets/build/frames/unit.IR.gunship/beauty/recover_empty/d09_f02.png'
23:58.792  render           | Saved: '/Users/mohammedkalouti/Documents/Codex/2026-09-27/i/work/art/aircraft-final-production-v3/stage/assets/build/frames/unit.IR.gunship/team/recover_empty/d09_f02.png'
23:59.047  render           | Saved: '/var/folders/n4/43n_jxh10gg3s770b_8jbzb80000gn/T/fc-team-coverage-9e9fe4r0.png'
24:00.067  render           | Saved: '/Users/mohammedkalouti/Documents/Codex/2026-09-27/i/work/art/aircraft-final-production-v3/stage/assets/build/frames/unit.IR.gunship/shadow/recover_empty/d09_f02.png'
24:00.692  render           | Saved: '/Users/mohammedkalouti/Documents/Codex/2026-09-27/i/work/art/aircraft-final-production-v3/stage/assets/build/frames/unit.IR.gunship/beauty/recover_empty/d09_f03.png'
24:01.209  render           | Saved: '/Users/mohammedkalouti/Documents/Codex/2026-09-27/i/work/art/aircraft-final-production-v3/stage/assets/build/frames/unit.IR.gunship/team/recover_empty/d09_f03.png'
24:01.462  render           | Saved: '/var/folders/n4/43n_jxh10gg3s770b_8jbzb80000gn/T/fc-team-coverage-_b5zjm3v.png'
24:02.459  render           | Saved: '/Users/mohammedkalouti/Documents/Codex/2026-09-27/i/work/art/aircraft-final-production-v3/stage/assets/build/frames/unit.IR.gunship/shadow/recover_empty/d09_f03.png'
24:03.067  render           | Saved: '/Users/mohammedkalouti/Documents/Codex/2026-09-27/i/work/art/aircraft-final-production-v3/stage/assets/build/frames/unit.IR.gunship/beauty/recover_empty/d10_f00.png'
24:03.577  render           | Saved: '/Users/mohammedkalouti/Documents/Codex/2026-09-27/i/work/art/aircraft-final-production-v3/stage/assets/build/frames/unit.IR.gunship/team/recover_empty/d10_f00.png'
24:03.829  render           | Saved: '/var/folders/n4/43n_jxh10gg3s770b_8jbzb80000gn/T/fc-team-coverage-g58d6njs.png'
24:04.817  render           | Saved: '/Users/mohammedkalouti/Documents/Codex/2026-09-27/i/work/art/aircraft-final-production-v3/stage/assets/build/frames/unit.IR.gunship/shadow/recover_empty/d10_f00.png'
24:05.418  render           | Saved: '/Users/mohammedkalouti/Documents/Codex/2026-09-27/i/work/art/aircraft-final-production-v3/stage/assets/build/frames/unit.IR.gunship/beauty/recover_empty/d10_f01.png'
24:05.916  render           | Saved: '/Users/mohammedkalouti/Documents/Codex/2026-09-27/i/work/art/aircraft-final-production-v3/stage/assets/build/frames/unit.IR.gunship/team/recover_empty/d10_f01.png'
24:06.190  render           | Saved: '/var/folders/n4/43n_jxh10gg3s770b_8jbzb80000gn/T/fc-team-coverage-9fmdeoi4.png'
24:07.190  render           | Saved: '/Users/mohammedkalouti/Documents/Codex/2026-09-27/i/work/art/aircraft-final-production-v3/stage/assets/build/frames/unit.IR.gunship/shadow/recover_empty/d10_f01.png'
24:07.800  render           | Saved: '/Users/mohammedkalouti/Documents/Codex/2026-09-27/i/work/art/aircraft-final-production-v3/stage/assets/build/frames/unit.IR.gunship/beauty/recover_empty/d10_f02.png'
24:08.309  render           | Saved: '/Users/mohammedkalouti/Documents/Codex/2026-09-27/i/work/art/aircraft-final-production-v3/stage/assets/build/frames/unit.IR.gunship/team/recover_empty/d10_f02.png'
24:08.574  render           | Saved: '/var/folders/n4/43n_jxh10gg3s770b_8jbzb80000gn/T/fc-team-coverage-lmv6uy2c.png'
24:09.552  render           | Saved: '/Users/mohammedkalouti/Documents/Codex/2026-09-27/i/work/art/aircraft-final-production-v3/stage/assets/build/frames/unit.IR.gunship/shadow/recover_empty/d10_f02.png'
24:10.143  render           | Saved: '/Users/mohammedkalouti/Documents/Codex/2026-09-27/i/work/art/aircraft-final-production-v3/stage/assets/build/frames/unit.IR.gunship/beauty/recover_empty/d10_f03.png'
24:10.649  render           | Saved: '/Users/mohammedkalouti/Documents/Codex/2026-09-27/i/work/art/aircraft-final-production-v3/stage/assets/build/frames/unit.IR.gunship/team/recover_empty/d10_f03.png'
24:10.904  render           | Saved: '/var/folders/n4/43n_jxh10gg3s770b_8jbzb80000gn/T/fc-team-coverage-vj6gxj3l.png'
24:11.882  render           | Saved: '/Users/mohammedkalouti/Documents/Codex/2026-09-27/i/work/art/aircraft-final-production-v3/stage/assets/build/frames/unit.IR.gunship/shadow/recover_empty/d10_f03.png'
24:12.488  render           | Saved: '/Users/mohammedkalouti/Documents/Codex/2026-09-27/i/work/art/aircraft-final-production-v3/stage/assets/build/frames/unit.IR.gunship/beauty/recover_empty/d11_f00.png'
24:12.978  render           | Saved: '/Users/mohammedkalouti/Documents/Codex/2026-09-27/i/work/art/aircraft-final-production-v3/stage/assets/build/frames/unit.IR.gunship/team/recover_empty/d11_f00.png'
24:13.237  render           | Saved: '/var/folders/n4/43n_jxh10gg3s770b_8jbzb80000gn/T/fc-team-coverage-8cpdvhwu.png'
24:14.224  render           | Saved: '/Users/mohammedkalouti/Documents/Codex/2026-09-27/i/work/art/aircraft-final-production-v3/stage/assets/build/frames/unit.IR.gunship/shadow/recover_empty/d11_f00.png'
24:14.846  render           | Saved: '/Users/mohammedkalouti/Documents/Codex/2026-09-27/i/work/art/aircraft-final-production-v3/stage/assets/build/frames/unit.IR.gunship/beauty/recover_empty/d11_f01.png'
24:15.367  render           | Saved: '/Users/mohammedkalouti/Documents/Codex/2026-09-27/i/work/art/aircraft-final-production-v3/stage/assets/build/frames/unit.IR.gunship/team/recover_empty/d11_f01.png'
24:15.622  render           | Saved: '/var/folders/n4/43n_jxh10gg3s770b_8jbzb80000gn/T/fc-team-coverage-mf9_datt.png'
24:16.616  render           | Saved: '/Users/mohammedkalouti/Documents/Codex/2026-09-27/i/work/art/aircraft-final-production-v3/stage/assets/build/frames/unit.IR.gunship/shadow/recover_empty/d11_f01.png'
24:17.213  render           | Saved: '/Users/mohammedkalouti/Documents/Codex/2026-09-27/i/work/art/aircraft-final-production-v3/stage/assets/build/frames/unit.IR.gunship/beauty/recover_empty/d11_f02.png'
24:17.703  render           | Saved: '/Users/mohammedkalouti/Documents/Codex/2026-09-27/i/work/art/aircraft-final-production-v3/stage/assets/build/frames/unit.IR.gunship/team/recover_empty/d11_f02.png'
24:17.964  render           | Saved: '/var/folders/n4/43n_jxh10gg3s770b_8jbzb80000gn/T/fc-team-coverage-z6wa0azl.png'
24:18.950  render           | Saved: '/Users/mohammedkalouti/Documents/Codex/2026-09-27/i/work/art/aircraft-final-production-v3/stage/assets/build/frames/unit.IR.gunship/shadow/recover_empty/d11_f02.png'
24:19.561  render           | Saved: '/Users/mohammedkalouti/Documents/Codex/2026-09-27/i/work/art/aircraft-final-production-v3/stage/assets/build/frames/unit.IR.gunship/beauty/recover_empty/d11_f03.png'
24:20.059  render           | Saved: '/Users/mohammedkalouti/Documents/Codex/2026-09-27/i/work/art/aircraft-final-production-v3/stage/assets/build/frames/unit.IR.gunship/team/recover_empty/d11_f03.png'
24:20.315  render           | Saved: '/var/folders/n4/43n_jxh10gg3s770b_8jbzb80000gn/T/fc-team-coverage-wldjyynd.png'
24:21.299  render           | Saved: '/Users/mohammedkalouti/Documents/Codex/2026-09-27/i/work/art/aircraft-final-production-v3/stage/assets/build/frames/unit.IR.gunship/shadow/recover_empty/d11_f03.png'
24:21.908  render           | Saved: '/Users/mohammedkalouti/Documents/Codex/2026-09-27/i/work/art/aircraft-final-production-v3/stage/assets/build/frames/unit.IR.gunship/beauty/recover_empty/d12_f00.png'
24:22.418  render           | Saved: '/Users/mohammedkalouti/Documents/Codex/2026-09-27/i/work/art/aircraft-final-production-v3/stage/assets/build/frames/unit.IR.gunship/team/recover_empty/d12_f00.png'
24:22.695  render           | Saved: '/var/folders/n4/43n_jxh10gg3s770b_8jbzb80000gn/T/fc-team-coverage-i7iva9zt.png'
24:23.676  render           | Saved: '/Users/mohammedkalouti/Documents/Codex/2026-09-27/i/work/art/aircraft-final-production-v3/stage/assets/build/frames/unit.IR.gunship/shadow/recover_empty/d12_f00.png'
24:24.261  render           | Saved: '/Users/mohammedkalouti/Documents/Codex/2026-09-27/i/work/art/aircraft-final-production-v3/stage/assets/build/frames/unit.IR.gunship/beauty/recover_empty/d12_f01.png'
24:24.767  render           | Saved: '/Users/mohammedkalouti/Documents/Codex/2026-09-27/i/work/art/aircraft-final-production-v3/stage/assets/build/frames/unit.IR.gunship/team/recover_empty/d12_f01.png'
24:25.027  render           | Saved: '/var/folders/n4/43n_jxh10gg3s770b_8jbzb80000gn/T/fc-team-coverage-xzs3u5n_.png'
24:26.012  render           | Saved: '/Users/mohammedkalouti/Documents/Codex/2026-09-27/i/work/art/aircraft-final-production-v3/stage/assets/build/frames/unit.IR.gunship/shadow/recover_empty/d12_f01.png'
24:26.604  render           | Saved: '/Users/mohammedkalouti/Documents/Codex/2026-09-27/i/work/art/aircraft-final-production-v3/stage/assets/build/frames/unit.IR.gunship/beauty/recover_empty/d12_f02.png'
24:27.103  render           | Saved: '/Users/mohammedkalouti/Documents/Codex/2026-09-27/i/work/art/aircraft-final-production-v3/stage/assets/build/frames/unit.IR.gunship/team/recover_empty/d12_f02.png'
24:27.376  render           | Saved: '/var/folders/n4/43n_jxh10gg3s770b_8jbzb80000gn/T/fc-team-coverage-kwuuht5k.png'
24:28.366  render           | Saved: '/Users/mohammedkalouti/Documents/Codex/2026-09-27/i/work/art/aircraft-final-production-v3/stage/assets/build/frames/unit.IR.gunship/shadow/recover_empty/d12_f02.png'
24:28.956  render           | Saved: '/Users/mohammedkalouti/Documents/Codex/2026-09-27/i/work/art/aircraft-final-production-v3/stage/assets/build/frames/unit.IR.gunship/beauty/recover_empty/d12_f03.png'
24:29.462  render           | Saved: '/Users/mohammedkalouti/Documents/Codex/2026-09-27/i/work/art/aircraft-final-production-v3/stage/assets/build/frames/unit.IR.gunship/team/recover_empty/d12_f03.png'
24:29.743  render           | Saved: '/var/folders/n4/43n_jxh10gg3s770b_8jbzb80000gn/T/fc-team-coverage-o9h8kabv.png'
24:30.730  render           | Saved: '/Users/mohammedkalouti/Documents/Codex/2026-09-27/i/work/art/aircraft-final-production-v3/stage/assets/build/frames/unit.IR.gunship/shadow/recover_empty/d12_f03.png'
24:31.329  render           | Saved: '/Users/mohammedkalouti/Documents/Codex/2026-09-27/i/work/art/aircraft-final-production-v3/stage/assets/build/frames/unit.IR.gunship/beauty/recover_empty/d13_f00.png'
24:31.835  render           | Saved: '/Users/mohammedkalouti/Documents/Codex/2026-09-27/i/work/art/aircraft-final-production-v3/stage/assets/build/frames/unit.IR.gunship/team/recover_empty/d13_f00.png'
24:32.100  render           | Saved: '/var/folders/n4/43n_jxh10gg3s770b_8jbzb80000gn/T/fc-team-coverage-llvvl3zl.png'
24:33.104  render           | Saved: '/Users/mohammedkalouti/Documents/Codex/2026-09-27/i/work/art/aircraft-final-production-v3/stage/assets/build/frames/unit.IR.gunship/shadow/recover_empty/d13_f00.png'
24:33.716  render           | Saved: '/Users/mohammedkalouti/Documents/Codex/2026-09-27/i/work/art/aircraft-final-production-v3/stage/assets/build/frames/unit.IR.gunship/beauty/recover_empty/d13_f01.png'
24:34.233  render           | Saved: '/Users/mohammedkalouti/Documents/Codex/2026-09-27/i/work/art/aircraft-final-production-v3/stage/assets/build/frames/unit.IR.gunship/team/recover_empty/d13_f01.png'
24:34.493  render           | Saved: '/var/folders/n4/43n_jxh10gg3s770b_8jbzb80000gn/T/fc-team-coverage-kab32ylt.png'
24:35.549  render           | Saved: '/Users/mohammedkalouti/Documents/Codex/2026-09-27/i/work/art/aircraft-final-production-v3/stage/assets/build/frames/unit.IR.gunship/shadow/recover_empty/d13_f01.png'
24:36.192  render           | Saved: '/Users/mohammedkalouti/Documents/Codex/2026-09-27/i/work/art/aircraft-final-production-v3/stage/assets/build/frames/unit.IR.gunship/beauty/recover_empty/d13_f02.png'
24:36.722  render           | Saved: '/Users/mohammedkalouti/Documents/Codex/2026-09-27/i/work/art/aircraft-final-production-v3/stage/assets/build/frames/unit.IR.gunship/team/recover_empty/d13_f02.png'
24:37.015  render           | Saved: '/var/folders/n4/43n_jxh10gg3s770b_8jbzb80000gn/T/fc-team-coverage-gn9e99zz.png'
24:38.002  render           | Saved: '/Users/mohammedkalouti/Documents/Codex/2026-09-27/i/work/art/aircraft-final-production-v3/stage/assets/build/frames/unit.IR.gunship/shadow/recover_empty/d13_f02.png'
24:38.612  render           | Saved: '/Users/mohammedkalouti/Documents/Codex/2026-09-27/i/work/art/aircraft-final-production-v3/stage/assets/build/frames/unit.IR.gunship/beauty/recover_empty/d13_f03.png'
24:39.127  render           | Saved: '/Users/mohammedkalouti/Documents/Codex/2026-09-27/i/work/art/aircraft-final-production-v3/stage/assets/build/frames/unit.IR.gunship/team/recover_empty/d13_f03.png'
24:39.398  render           | Saved: '/var/folders/n4/43n_jxh10gg3s770b_8jbzb80000gn/T/fc-team-coverage-mnvddrw5.png'
24:40.488  render           | Saved: '/Users/mohammedkalouti/Documents/Codex/2026-09-27/i/work/art/aircraft-final-production-v3/stage/assets/build/frames/unit.IR.gunship/shadow/recover_empty/d13_f03.png'
24:41.140  render           | Saved: '/Users/mohammedkalouti/Documents/Codex/2026-09-27/i/work/art/aircraft-final-production-v3/stage/assets/build/frames/unit.IR.gunship/beauty/recover_empty/d14_f00.png'
24:41.664  render           | Saved: '/Users/mohammedkalouti/Documents/Codex/2026-09-27/i/work/art/aircraft-final-production-v3/stage/assets/build/frames/unit.IR.gunship/team/recover_empty/d14_f00.png'
24:41.948  render           | Saved: '/var/folders/n4/43n_jxh10gg3s770b_8jbzb80000gn/T/fc-team-coverage-vbglkwbt.png'
24:43.004  render           | Saved: '/Users/mohammedkalouti/Documents/Codex/2026-09-27/i/work/art/aircraft-final-production-v3/stage/assets/build/frames/unit.IR.gunship/shadow/recover_empty/d14_f00.png'
24:43.649  render           | Saved: '/Users/mohammedkalouti/Documents/Codex/2026-09-27/i/work/art/aircraft-final-production-v3/stage/assets/build/frames/unit.IR.gunship/beauty/recover_empty/d14_f01.png'
24:44.178  render           | Saved: '/Users/mohammedkalouti/Documents/Codex/2026-09-27/i/work/art/aircraft-final-production-v3/stage/assets/build/frames/unit.IR.gunship/team/recover_empty/d14_f01.png'
24:44.441  render           | Saved: '/var/folders/n4/43n_jxh10gg3s770b_8jbzb80000gn/T/fc-team-coverage-4eafd_ev.png'
24:45.501  render           | Saved: '/Users/mohammedkalouti/Documents/Codex/2026-09-27/i/work/art/aircraft-final-production-v3/stage/assets/build/frames/unit.IR.gunship/shadow/recover_empty/d14_f01.png'
24:46.136  render           | Saved: '/Users/mohammedkalouti/Documents/Codex/2026-09-27/i/work/art/aircraft-final-production-v3/stage/assets/build/frames/unit.IR.gunship/beauty/recover_empty/d14_f02.png'
24:46.663  render           | Saved: '/Users/mohammedkalouti/Documents/Codex/2026-09-27/i/work/art/aircraft-final-production-v3/stage/assets/build/frames/unit.IR.gunship/team/recover_empty/d14_f02.png'
24:46.942  render           | Saved: '/var/folders/n4/43n_jxh10gg3s770b_8jbzb80000gn/T/fc-team-coverage-69ekc0bw.png'
24:47.952  render           | Saved: '/Users/mohammedkalouti/Documents/Codex/2026-09-27/i/work/art/aircraft-final-production-v3/stage/assets/build/frames/unit.IR.gunship/shadow/recover_empty/d14_f02.png'
24:48.574  render           | Saved: '/Users/mohammedkalouti/Documents/Codex/2026-09-27/i/work/art/aircraft-final-production-v3/stage/assets/build/frames/unit.IR.gunship/beauty/recover_empty/d14_f03.png'
24:49.082  render           | Saved: '/Users/mohammedkalouti/Documents/Codex/2026-09-27/i/work/art/aircraft-final-production-v3/stage/assets/build/frames/unit.IR.gunship/team/recover_empty/d14_f03.png'
24:49.337  render           | Saved: '/var/folders/n4/43n_jxh10gg3s770b_8jbzb80000gn/T/fc-team-coverage-s92g2nd5.png'
24:50.324  render           | Saved: '/Users/mohammedkalouti/Documents/Codex/2026-09-27/i/work/art/aircraft-final-production-v3/stage/assets/build/frames/unit.IR.gunship/shadow/recover_empty/d14_f03.png'
24:50.941  render           | Saved: '/Users/mohammedkalouti/Documents/Codex/2026-09-27/i/work/art/aircraft-final-production-v3/stage/assets/build/frames/unit.IR.gunship/beauty/recover_empty/d15_f00.png'
24:51.473  render           | Saved: '/Users/mohammedkalouti/Documents/Codex/2026-09-27/i/work/art/aircraft-final-production-v3/stage/assets/build/frames/unit.IR.gunship/team/recover_empty/d15_f00.png'
24:51.746  render           | Saved: '/var/folders/n4/43n_jxh10gg3s770b_8jbzb80000gn/T/fc-team-coverage-vljr5xjg.png'
24:52.766  render           | Saved: '/Users/mohammedkalouti/Documents/Codex/2026-09-27/i/work/art/aircraft-final-production-v3/stage/assets/build/frames/unit.IR.gunship/shadow/recover_empty/d15_f00.png'
24:53.370  render           | Saved: '/Users/mohammedkalouti/Documents/Codex/2026-09-27/i/work/art/aircraft-final-production-v3/stage/assets/build/frames/unit.IR.gunship/beauty/recover_empty/d15_f01.png'
24:53.865  render           | Saved: '/Users/mohammedkalouti/Documents/Codex/2026-09-27/i/work/art/aircraft-final-production-v3/stage/assets/build/frames/unit.IR.gunship/team/recover_empty/d15_f01.png'
24:54.126  render           | Saved: '/var/folders/n4/43n_jxh10gg3s770b_8jbzb80000gn/T/fc-team-coverage-029v1c7r.png'
24:55.097  render           | Saved: '/Users/mohammedkalouti/Documents/Codex/2026-09-27/i/work/art/aircraft-final-production-v3/stage/assets/build/frames/unit.IR.gunship/shadow/recover_empty/d15_f01.png'
24:55.699  render           | Saved: '/Users/mohammedkalouti/Documents/Codex/2026-09-27/i/work/art/aircraft-final-production-v3/stage/assets/build/frames/unit.IR.gunship/beauty/recover_empty/d15_f02.png'
24:56.203  render           | Saved: '/Users/mohammedkalouti/Documents/Codex/2026-09-27/i/work/art/aircraft-final-production-v3/stage/assets/build/frames/unit.IR.gunship/team/recover_empty/d15_f02.png'
24:56.467  render           | Saved: '/var/folders/n4/43n_jxh10gg3s770b_8jbzb80000gn/T/fc-team-coverage-frr_pxcl.png'
24:57.464  render           | Saved: '/Users/mohammedkalouti/Documents/Codex/2026-09-27/i/work/art/aircraft-final-production-v3/stage/assets/build/frames/unit.IR.gunship/shadow/recover_empty/d15_f02.png'
24:58.086  render           | Saved: '/Users/mohammedkalouti/Documents/Codex/2026-09-27/i/work/art/aircraft-final-production-v3/stage/assets/build/frames/unit.IR.gunship/beauty/recover_empty/d15_f03.png'
24:58.610  render           | Saved: '/Users/mohammedkalouti/Documents/Codex/2026-09-27/i/work/art/aircraft-final-production-v3/stage/assets/build/frames/unit.IR.gunship/team/recover_empty/d15_f03.png'
24:58.894  render           | Saved: '/var/folders/n4/43n_jxh10gg3s770b_8jbzb80000gn/T/fc-team-coverage-0ttl8wqw.png'
24:59.944  render           | Saved: '/Users/mohammedkalouti/Documents/Codex/2026-09-27/i/work/art/aircraft-final-production-v3/stage/assets/build/frames/unit.IR.gunship/shadow/recover_empty/d15_f03.png'
25:00.606  render           | Saved: '/Users/mohammedkalouti/Documents/Codex/2026-09-27/i/work/art/aircraft-final-production-v3/stage/assets/build/frames/unit.IR.gunship/beauty/damaged_empty/d00_f00.png'
25:01.111  render           | Saved: '/Users/mohammedkalouti/Documents/Codex/2026-09-27/i/work/art/aircraft-final-production-v3/stage/assets/build/frames/unit.IR.gunship/team/damaged_empty/d00_f00.png'
25:01.373  render           | Saved: '/var/folders/n4/43n_jxh10gg3s770b_8jbzb80000gn/T/fc-team-coverage-kd_9zmns.png'
25:02.390  render           | Saved: '/Users/mohammedkalouti/Documents/Codex/2026-09-27/i/work/art/aircraft-final-production-v3/stage/assets/build/frames/unit.IR.gunship/shadow/damaged_empty/d00_f00.png'
25:03.042  render           | Saved: '/Users/mohammedkalouti/Documents/Codex/2026-09-27/i/work/art/aircraft-final-production-v3/stage/assets/build/frames/unit.IR.gunship/beauty/damaged_empty/d01_f00.png'
25:03.597  render           | Saved: '/Users/mohammedkalouti/Documents/Codex/2026-09-27/i/work/art/aircraft-final-production-v3/stage/assets/build/frames/unit.IR.gunship/team/damaged_empty/d01_f00.png'
25:03.862  render           | Saved: '/var/folders/n4/43n_jxh10gg3s770b_8jbzb80000gn/T/fc-team-coverage-pmx98jm0.png'
25:04.960  render           | Saved: '/Users/mohammedkalouti/Documents/Codex/2026-09-27/i/work/art/aircraft-final-production-v3/stage/assets/build/frames/unit.IR.gunship/shadow/damaged_empty/d01_f00.png'
25:05.630  render           | Saved: '/Users/mohammedkalouti/Documents/Codex/2026-09-27/i/work/art/aircraft-final-production-v3/stage/assets/build/frames/unit.IR.gunship/beauty/damaged_empty/d02_f00.png'
25:06.177  render           | Saved: '/Users/mohammedkalouti/Documents/Codex/2026-09-27/i/work/art/aircraft-final-production-v3/stage/assets/build/frames/unit.IR.gunship/team/damaged_empty/d02_f00.png'
25:06.441  render           | Saved: '/var/folders/n4/43n_jxh10gg3s770b_8jbzb80000gn/T/fc-team-coverage-xj28fsfa.png'
25:07.497  render           | Saved: '/Users/mohammedkalouti/Documents/Codex/2026-09-27/i/work/art/aircraft-final-production-v3/stage/assets/build/frames/unit.IR.gunship/shadow/damaged_empty/d02_f00.png'
25:08.226  render           | Saved: '/Users/mohammedkalouti/Documents/Codex/2026-09-27/i/work/art/aircraft-final-production-v3/stage/assets/build/frames/unit.IR.gunship/beauty/damaged_empty/d03_f00.png'
25:08.766  render           | Saved: '/Users/mohammedkalouti/Documents/Codex/2026-09-27/i/work/art/aircraft-final-production-v3/stage/assets/build/frames/unit.IR.gunship/team/damaged_empty/d03_f00.png'
25:09.033  render           | Saved: '/var/folders/n4/43n_jxh10gg3s770b_8jbzb80000gn/T/fc-team-coverage-mqerh079.png'
25:10.097  render           | Saved: '/Users/mohammedkalouti/Documents/Codex/2026-09-27/i/work/art/aircraft-final-production-v3/stage/assets/build/frames/unit.IR.gunship/shadow/damaged_empty/d03_f00.png'
25:10.795  render           | Saved: '/Users/mohammedkalouti/Documents/Codex/2026-09-27/i/work/art/aircraft-final-production-v3/stage/assets/build/frames/unit.IR.gunship/beauty/damaged_empty/d04_f00.png'
25:11.326  render           | Saved: '/Users/mohammedkalouti/Documents/Codex/2026-09-27/i/work/art/aircraft-final-production-v3/stage/assets/build/frames/unit.IR.gunship/team/damaged_empty/d04_f00.png'
25:11.590  render           | Saved: '/var/folders/n4/43n_jxh10gg3s770b_8jbzb80000gn/T/fc-team-coverage-nrnqf918.png'
25:12.677  render           | Saved: '/Users/mohammedkalouti/Documents/Codex/2026-09-27/i/work/art/aircraft-final-production-v3/stage/assets/build/frames/unit.IR.gunship/shadow/damaged_empty/d04_f00.png'
25:13.362  render           | Saved: '/Users/mohammedkalouti/Documents/Codex/2026-09-27/i/work/art/aircraft-final-production-v3/stage/assets/build/frames/unit.IR.gunship/beauty/damaged_empty/d05_f00.png'
25:13.890  render           | Saved: '/Users/mohammedkalouti/Documents/Codex/2026-09-27/i/work/art/aircraft-final-production-v3/stage/assets/build/frames/unit.IR.gunship/team/damaged_empty/d05_f00.png'
25:14.160  render           | Saved: '/var/folders/n4/43n_jxh10gg3s770b_8jbzb80000gn/T/fc-team-coverage-1ye3e9k6.png'
25:15.225  render           | Saved: '/Users/mohammedkalouti/Documents/Codex/2026-09-27/i/work/art/aircraft-final-production-v3/stage/assets/build/frames/unit.IR.gunship/shadow/damaged_empty/d05_f00.png'
25:15.905  render           | Saved: '/Users/mohammedkalouti/Documents/Codex/2026-09-27/i/work/art/aircraft-final-production-v3/stage/assets/build/frames/unit.IR.gunship/beauty/damaged_empty/d06_f00.png'
25:16.456  render           | Saved: '/Users/mohammedkalouti/Documents/Codex/2026-09-27/i/work/art/aircraft-final-production-v3/stage/assets/build/frames/unit.IR.gunship/team/damaged_empty/d06_f00.png'
25:16.738  render           | Saved: '/var/folders/n4/43n_jxh10gg3s770b_8jbzb80000gn/T/fc-team-coverage-kh4b2qxj.png'
25:17.812  render           | Saved: '/Users/mohammedkalouti/Documents/Codex/2026-09-27/i/work/art/aircraft-final-production-v3/stage/assets/build/frames/unit.IR.gunship/shadow/damaged_empty/d06_f00.png'
25:18.451  render           | Saved: '/Users/mohammedkalouti/Documents/Codex/2026-09-27/i/work/art/aircraft-final-production-v3/stage/assets/build/frames/unit.IR.gunship/beauty/damaged_empty/d07_f00.png'
25:19.005  render           | Saved: '/Users/mohammedkalouti/Documents/Codex/2026-09-27/i/work/art/aircraft-final-production-v3/stage/assets/build/frames/unit.IR.gunship/team/damaged_empty/d07_f00.png'
25:19.264  render           | Saved: '/var/folders/n4/43n_jxh10gg3s770b_8jbzb80000gn/T/fc-team-coverage-px17hnd6.png'
25:20.330  render           | Saved: '/Users/mohammedkalouti/Documents/Codex/2026-09-27/i/work/art/aircraft-final-production-v3/stage/assets/build/frames/unit.IR.gunship/shadow/damaged_empty/d07_f00.png'
25:21.022  render           | Saved: '/Users/mohammedkalouti/Documents/Codex/2026-09-27/i/work/art/aircraft-final-production-v3/stage/assets/build/frames/unit.IR.gunship/beauty/damaged_empty/d08_f00.png'
25:21.577  render           | Saved: '/Users/mohammedkalouti/Documents/Codex/2026-09-27/i/work/art/aircraft-final-production-v3/stage/assets/build/frames/unit.IR.gunship/team/damaged_empty/d08_f00.png'
25:21.849  render           | Saved: '/var/folders/n4/43n_jxh10gg3s770b_8jbzb80000gn/T/fc-team-coverage-3wj24z06.png'
25:22.912  render           | Saved: '/Users/mohammedkalouti/Documents/Codex/2026-09-27/i/work/art/aircraft-final-production-v3/stage/assets/build/frames/unit.IR.gunship/shadow/damaged_empty/d08_f00.png'
25:23.552  render           | Saved: '/Users/mohammedkalouti/Documents/Codex/2026-09-27/i/work/art/aircraft-final-production-v3/stage/assets/build/frames/unit.IR.gunship/beauty/damaged_empty/d09_f00.png'
25:24.126  render           | Saved: '/Users/mohammedkalouti/Documents/Codex/2026-09-27/i/work/art/aircraft-final-production-v3/stage/assets/build/frames/unit.IR.gunship/team/damaged_empty/d09_f00.png'
25:24.400  render           | Saved: '/var/folders/n4/43n_jxh10gg3s770b_8jbzb80000gn/T/fc-team-coverage-rwrypjqh.png'
25:25.497  render           | Saved: '/Users/mohammedkalouti/Documents/Codex/2026-09-27/i/work/art/aircraft-final-production-v3/stage/assets/build/frames/unit.IR.gunship/shadow/damaged_empty/d09_f00.png'
25:26.144  render           | Saved: '/Users/mohammedkalouti/Documents/Codex/2026-09-27/i/work/art/aircraft-final-production-v3/stage/assets/build/frames/unit.IR.gunship/beauty/damaged_empty/d10_f00.png'
25:26.687  render           | Saved: '/Users/mohammedkalouti/Documents/Codex/2026-09-27/i/work/art/aircraft-final-production-v3/stage/assets/build/frames/unit.IR.gunship/team/damaged_empty/d10_f00.png'
25:26.948  render           | Saved: '/var/folders/n4/43n_jxh10gg3s770b_8jbzb80000gn/T/fc-team-coverage-z_z7yd4l.png'
25:28.014  render           | Saved: '/Users/mohammedkalouti/Documents/Codex/2026-09-27/i/work/art/aircraft-final-production-v3/stage/assets/build/frames/unit.IR.gunship/shadow/damaged_empty/d10_f00.png'
25:28.662  render           | Saved: '/Users/mohammedkalouti/Documents/Codex/2026-09-27/i/work/art/aircraft-final-production-v3/stage/assets/build/frames/unit.IR.gunship/beauty/damaged_empty/d11_f00.png'
25:29.202  render           | Saved: '/Users/mohammedkalouti/Documents/Codex/2026-09-27/i/work/art/aircraft-final-production-v3/stage/assets/build/frames/unit.IR.gunship/team/damaged_empty/d11_f00.png'
25:29.468  render           | Saved: '/var/folders/n4/43n_jxh10gg3s770b_8jbzb80000gn/T/fc-team-coverage-xu1z1bjw.png'
25:30.573  render           | Saved: '/Users/mohammedkalouti/Documents/Codex/2026-09-27/i/work/art/aircraft-final-production-v3/stage/assets/build/frames/unit.IR.gunship/shadow/damaged_empty/d11_f00.png'
25:31.236  render           | Saved: '/Users/mohammedkalouti/Documents/Codex/2026-09-27/i/work/art/aircraft-final-production-v3/stage/assets/build/frames/unit.IR.gunship/beauty/damaged_empty/d12_f00.png'
25:31.795  render           | Saved: '/Users/mohammedkalouti/Documents/Codex/2026-09-27/i/work/art/aircraft-final-production-v3/stage/assets/build/frames/unit.IR.gunship/team/damaged_empty/d12_f00.png'
25:32.076  render           | Saved: '/var/folders/n4/43n_jxh10gg3s770b_8jbzb80000gn/T/fc-team-coverage-qwpbf24u.png'
25:33.134  render           | Saved: '/Users/mohammedkalouti/Documents/Codex/2026-09-27/i/work/art/aircraft-final-production-v3/stage/assets/build/frames/unit.IR.gunship/shadow/damaged_empty/d12_f00.png'
25:33.798  render           | Saved: '/Users/mohammedkalouti/Documents/Codex/2026-09-27/i/work/art/aircraft-final-production-v3/stage/assets/build/frames/unit.IR.gunship/beauty/damaged_empty/d13_f00.png'
25:34.373  render           | Saved: '/Users/mohammedkalouti/Documents/Codex/2026-09-27/i/work/art/aircraft-final-production-v3/stage/assets/build/frames/unit.IR.gunship/team/damaged_empty/d13_f00.png'
25:34.643  render           | Saved: '/var/folders/n4/43n_jxh10gg3s770b_8jbzb80000gn/T/fc-team-coverage-69yos191.png'
25:35.778  render           | Saved: '/Users/mohammedkalouti/Documents/Codex/2026-09-27/i/work/art/aircraft-final-production-v3/stage/assets/build/frames/unit.IR.gunship/shadow/damaged_empty/d13_f00.png'
25:36.477  render           | Saved: '/Users/mohammedkalouti/Documents/Codex/2026-09-27/i/work/art/aircraft-final-production-v3/stage/assets/build/frames/unit.IR.gunship/beauty/damaged_empty/d14_f00.png'
25:37.030  render           | Saved: '/Users/mohammedkalouti/Documents/Codex/2026-09-27/i/work/art/aircraft-final-production-v3/stage/assets/build/frames/unit.IR.gunship/team/damaged_empty/d14_f00.png'
25:37.299  render           | Saved: '/var/folders/n4/43n_jxh10gg3s770b_8jbzb80000gn/T/fc-team-coverage-81lyhthw.png'
25:38.385  render           | Saved: '/Users/mohammedkalouti/Documents/Codex/2026-09-27/i/work/art/aircraft-final-production-v3/stage/assets/build/frames/unit.IR.gunship/shadow/damaged_empty/d14_f00.png'
25:39.031  render           | Saved: '/Users/mohammedkalouti/Documents/Codex/2026-09-27/i/work/art/aircraft-final-production-v3/stage/assets/build/frames/unit.IR.gunship/beauty/damaged_empty/d15_f00.png'
25:39.592  render           | Saved: '/Users/mohammedkalouti/Documents/Codex/2026-09-27/i/work/art/aircraft-final-production-v3/stage/assets/build/frames/unit.IR.gunship/team/damaged_empty/d15_f00.png'
25:39.874  render           | Saved: '/var/folders/n4/43n_jxh10gg3s770b_8jbzb80000gn/T/fc-team-coverage-qzxyie6e.png'
25:40.979  render           | Saved: '/Users/mohammedkalouti/Documents/Codex/2026-09-27/i/work/art/aircraft-final-production-v3/stage/assets/build/frames/unit.IR.gunship/shadow/damaged_empty/d15_f00.png'
25:41.629  render           | Saved: '/Users/mohammedkalouti/Documents/Codex/2026-09-27/i/work/art/aircraft-final-production-v3/stage/assets/build/frames/unit.IR.gunship/beauty/fire_empty/d00_f00.png'
25:42.193  render           | Saved: '/Users/mohammedkalouti/Documents/Codex/2026-09-27/i/work/art/aircraft-final-production-v3/stage/assets/build/frames/unit.IR.gunship/team/fire_empty/d00_f00.png'
25:42.472  render           | Saved: '/var/folders/n4/43n_jxh10gg3s770b_8jbzb80000gn/T/fc-team-coverage-07v73t_8.png'
25:43.554  render           | Saved: '/Users/mohammedkalouti/Documents/Codex/2026-09-27/i/work/art/aircraft-final-production-v3/stage/assets/build/frames/unit.IR.gunship/shadow/fire_empty/d00_f00.png'
25:44.201  render           | Saved: '/Users/mohammedkalouti/Documents/Codex/2026-09-27/i/work/art/aircraft-final-production-v3/stage/assets/build/frames/unit.IR.gunship/beauty/fire_empty/d00_f01.png'
25:44.775  render           | Saved: '/Users/mohammedkalouti/Documents/Codex/2026-09-27/i/work/art/aircraft-final-production-v3/stage/assets/build/frames/unit.IR.gunship/team/fire_empty/d00_f01.png'
25:45.055  render           | Saved: '/var/folders/n4/43n_jxh10gg3s770b_8jbzb80000gn/T/fc-team-coverage-d0a5l7zz.png'
25:46.141  render           | Saved: '/Users/mohammedkalouti/Documents/Codex/2026-09-27/i/work/art/aircraft-final-production-v3/stage/assets/build/frames/unit.IR.gunship/shadow/fire_empty/d00_f01.png'
25:46.810  render           | Saved: '/Users/mohammedkalouti/Documents/Codex/2026-09-27/i/work/art/aircraft-final-production-v3/stage/assets/build/frames/unit.IR.gunship/beauty/fire_empty/d01_f00.png'
25:47.349  render           | Saved: '/Users/mohammedkalouti/Documents/Codex/2026-09-27/i/work/art/aircraft-final-production-v3/stage/assets/build/frames/unit.IR.gunship/team/fire_empty/d01_f00.png'
25:47.625  render           | Saved: '/var/folders/n4/43n_jxh10gg3s770b_8jbzb80000gn/T/fc-team-coverage-6eelw4xb.png'
25:48.701  render           | Saved: '/Users/mohammedkalouti/Documents/Codex/2026-09-27/i/work/art/aircraft-final-production-v3/stage/assets/build/frames/unit.IR.gunship/shadow/fire_empty/d01_f00.png'
25:49.372  render           | Saved: '/Users/mohammedkalouti/Documents/Codex/2026-09-27/i/work/art/aircraft-final-production-v3/stage/assets/build/frames/unit.IR.gunship/beauty/fire_empty/d01_f01.png'
25:49.906  render           | Saved: '/Users/mohammedkalouti/Documents/Codex/2026-09-27/i/work/art/aircraft-final-production-v3/stage/assets/build/frames/unit.IR.gunship/team/fire_empty/d01_f01.png'
25:50.165  render           | Saved: '/var/folders/n4/43n_jxh10gg3s770b_8jbzb80000gn/T/fc-team-coverage-0s1s2pu7.png'
25:51.245  render           | Saved: '/Users/mohammedkalouti/Documents/Codex/2026-09-27/i/work/art/aircraft-final-production-v3/stage/assets/build/frames/unit.IR.gunship/shadow/fire_empty/d01_f01.png'
25:51.909  render           | Saved: '/Users/mohammedkalouti/Documents/Codex/2026-09-27/i/work/art/aircraft-final-production-v3/stage/assets/build/frames/unit.IR.gunship/beauty/fire_empty/d02_f00.png'
25:52.480  render           | Saved: '/Users/mohammedkalouti/Documents/Codex/2026-09-27/i/work/art/aircraft-final-production-v3/stage/assets/build/frames/unit.IR.gunship/team/fire_empty/d02_f00.png'
25:52.760  render           | Saved: '/var/folders/n4/43n_jxh10gg3s770b_8jbzb80000gn/T/fc-team-coverage-m16w35h_.png'
25:53.848  render           | Saved: '/Users/mohammedkalouti/Documents/Codex/2026-09-27/i/work/art/aircraft-final-production-v3/stage/assets/build/frames/unit.IR.gunship/shadow/fire_empty/d02_f00.png'
25:54.490  render           | Saved: '/Users/mohammedkalouti/Documents/Codex/2026-09-27/i/work/art/aircraft-final-production-v3/stage/assets/build/frames/unit.IR.gunship/beauty/fire_empty/d02_f01.png'
25:55.059  render           | Saved: '/Users/mohammedkalouti/Documents/Codex/2026-09-27/i/work/art/aircraft-final-production-v3/stage/assets/build/frames/unit.IR.gunship/team/fire_empty/d02_f01.png'
25:55.347  render           | Saved: '/var/folders/n4/43n_jxh10gg3s770b_8jbzb80000gn/T/fc-team-coverage-dcnj7w6v.png'
25:56.444  render           | Saved: '/Users/mohammedkalouti/Documents/Codex/2026-09-27/i/work/art/aircraft-final-production-v3/stage/assets/build/frames/unit.IR.gunship/shadow/fire_empty/d02_f01.png'
25:57.102  render           | Saved: '/Users/mohammedkalouti/Documents/Codex/2026-09-27/i/work/art/aircraft-final-production-v3/stage/assets/build/frames/unit.IR.gunship/beauty/fire_empty/d03_f00.png'
25:57.669  render           | Saved: '/Users/mohammedkalouti/Documents/Codex/2026-09-27/i/work/art/aircraft-final-production-v3/stage/assets/build/frames/unit.IR.gunship/team/fire_empty/d03_f00.png'
25:57.938  render           | Saved: '/var/folders/n4/43n_jxh10gg3s770b_8jbzb80000gn/T/fc-team-coverage-77o6pvg_.png'
25:59.079  render           | Saved: '/Users/mohammedkalouti/Documents/Codex/2026-09-27/i/work/art/aircraft-final-production-v3/stage/assets/build/frames/unit.IR.gunship/shadow/fire_empty/d03_f00.png'
25:59.772  render           | Saved: '/Users/mohammedkalouti/Documents/Codex/2026-09-27/i/work/art/aircraft-final-production-v3/stage/assets/build/frames/unit.IR.gunship/beauty/fire_empty/d03_f01.png'
26:00.328  render           | Saved: '/Users/mohammedkalouti/Documents/Codex/2026-09-27/i/work/art/aircraft-final-production-v3/stage/assets/build/frames/unit.IR.gunship/team/fire_empty/d03_f01.png'
26:00.593  render           | Saved: '/var/folders/n4/43n_jxh10gg3s770b_8jbzb80000gn/T/fc-team-coverage-t7up6evx.png'
26:01.599  render           | Saved: '/Users/mohammedkalouti/Documents/Codex/2026-09-27/i/work/art/aircraft-final-production-v3/stage/assets/build/frames/unit.IR.gunship/shadow/fire_empty/d03_f01.png'
26:02.218  render           | Saved: '/Users/mohammedkalouti/Documents/Codex/2026-09-27/i/work/art/aircraft-final-production-v3/stage/assets/build/frames/unit.IR.gunship/beauty/fire_empty/d04_f00.png'
26:02.753  render           | Saved: '/Users/mohammedkalouti/Documents/Codex/2026-09-27/i/work/art/aircraft-final-production-v3/stage/assets/build/frames/unit.IR.gunship/team/fire_empty/d04_f00.png'
26:03.049  render           | Saved: '/var/folders/n4/43n_jxh10gg3s770b_8jbzb80000gn/T/fc-team-coverage-ype2zcun.png'
26:04.067  render           | Saved: '/Users/mohammedkalouti/Documents/Codex/2026-09-27/i/work/art/aircraft-final-production-v3/stage/assets/build/frames/unit.IR.gunship/shadow/fire_empty/d04_f00.png'
26:04.669  render           | Saved: '/Users/mohammedkalouti/Documents/Codex/2026-09-27/i/work/art/aircraft-final-production-v3/stage/assets/build/frames/unit.IR.gunship/beauty/fire_empty/d04_f01.png'
26:05.197  render           | Saved: '/Users/mohammedkalouti/Documents/Codex/2026-09-27/i/work/art/aircraft-final-production-v3/stage/assets/build/frames/unit.IR.gunship/team/fire_empty/d04_f01.png'
26:05.472  render           | Saved: '/var/folders/n4/43n_jxh10gg3s770b_8jbzb80000gn/T/fc-team-coverage-mp_6163o.png'
26:06.470  render           | Saved: '/Users/mohammedkalouti/Documents/Codex/2026-09-27/i/work/art/aircraft-final-production-v3/stage/assets/build/frames/unit.IR.gunship/shadow/fire_empty/d04_f01.png'
26:07.090  render           | Saved: '/Users/mohammedkalouti/Documents/Codex/2026-09-27/i/work/art/aircraft-final-production-v3/stage/assets/build/frames/unit.IR.gunship/beauty/fire_empty/d05_f00.png'
26:07.615  render           | Saved: '/Users/mohammedkalouti/Documents/Codex/2026-09-27/i/work/art/aircraft-final-production-v3/stage/assets/build/frames/unit.IR.gunship/team/fire_empty/d05_f00.png'
26:07.893  render           | Saved: '/var/folders/n4/43n_jxh10gg3s770b_8jbzb80000gn/T/fc-team-coverage-0mp5ge2p.png'
26:08.896  render           | Saved: '/Users/mohammedkalouti/Documents/Codex/2026-09-27/i/work/art/aircraft-final-production-v3/stage/assets/build/frames/unit.IR.gunship/shadow/fire_empty/d05_f00.png'
26:09.493  render           | Saved: '/Users/mohammedkalouti/Documents/Codex/2026-09-27/i/work/art/aircraft-final-production-v3/stage/assets/build/frames/unit.IR.gunship/beauty/fire_empty/d05_f01.png'
26:10.014  render           | Saved: '/Users/mohammedkalouti/Documents/Codex/2026-09-27/i/work/art/aircraft-final-production-v3/stage/assets/build/frames/unit.IR.gunship/team/fire_empty/d05_f01.png'
26:10.284  render           | Saved: '/var/folders/n4/43n_jxh10gg3s770b_8jbzb80000gn/T/fc-team-coverage-ia_qjjua.png'
26:11.264  render           | Saved: '/Users/mohammedkalouti/Documents/Codex/2026-09-27/i/work/art/aircraft-final-production-v3/stage/assets/build/frames/unit.IR.gunship/shadow/fire_empty/d05_f01.png'
26:11.871  render           | Saved: '/Users/mohammedkalouti/Documents/Codex/2026-09-27/i/work/art/aircraft-final-production-v3/stage/assets/build/frames/unit.IR.gunship/beauty/fire_empty/d06_f00.png'
26:12.386  render           | Saved: '/Users/mohammedkalouti/Documents/Codex/2026-09-27/i/work/art/aircraft-final-production-v3/stage/assets/build/frames/unit.IR.gunship/team/fire_empty/d06_f00.png'
26:12.654  render           | Saved: '/var/folders/n4/43n_jxh10gg3s770b_8jbzb80000gn/T/fc-team-coverage-77uv0i66.png'
26:13.662  render           | Saved: '/Users/mohammedkalouti/Documents/Codex/2026-09-27/i/work/art/aircraft-final-production-v3/stage/assets/build/frames/unit.IR.gunship/shadow/fire_empty/d06_f00.png'
26:14.272  render           | Saved: '/Users/mohammedkalouti/Documents/Codex/2026-09-27/i/work/art/aircraft-final-production-v3/stage/assets/build/frames/unit.IR.gunship/beauty/fire_empty/d06_f01.png'
26:14.774  render           | Saved: '/Users/mohammedkalouti/Documents/Codex/2026-09-27/i/work/art/aircraft-final-production-v3/stage/assets/build/frames/unit.IR.gunship/team/fire_empty/d06_f01.png'
26:15.037  render           | Saved: '/var/folders/n4/43n_jxh10gg3s770b_8jbzb80000gn/T/fc-team-coverage-sgzrz6wz.png'
26:16.046  render           | Saved: '/Users/mohammedkalouti/Documents/Codex/2026-09-27/i/work/art/aircraft-final-production-v3/stage/assets/build/frames/unit.IR.gunship/shadow/fire_empty/d06_f01.png'
26:16.635  render           | Saved: '/Users/mohammedkalouti/Documents/Codex/2026-09-27/i/work/art/aircraft-final-production-v3/stage/assets/build/frames/unit.IR.gunship/beauty/fire_empty/d07_f00.png'
26:17.136  render           | Saved: '/Users/mohammedkalouti/Documents/Codex/2026-09-27/i/work/art/aircraft-final-production-v3/stage/assets/build/frames/unit.IR.gunship/team/fire_empty/d07_f00.png'
26:17.399  render           | Saved: '/var/folders/n4/43n_jxh10gg3s770b_8jbzb80000gn/T/fc-team-coverage-pqz9wo2s.png'
26:18.381  render           | Saved: '/Users/mohammedkalouti/Documents/Codex/2026-09-27/i/work/art/aircraft-final-production-v3/stage/assets/build/frames/unit.IR.gunship/shadow/fire_empty/d07_f00.png'
26:18.969  render           | Saved: '/Users/mohammedkalouti/Documents/Codex/2026-09-27/i/work/art/aircraft-final-production-v3/stage/assets/build/frames/unit.IR.gunship/beauty/fire_empty/d07_f01.png'
26:19.478  render           | Saved: '/Users/mohammedkalouti/Documents/Codex/2026-09-27/i/work/art/aircraft-final-production-v3/stage/assets/build/frames/unit.IR.gunship/team/fire_empty/d07_f01.png'
26:19.734  render           | Saved: '/var/folders/n4/43n_jxh10gg3s770b_8jbzb80000gn/T/fc-team-coverage-wifxh0_b.png'
26:20.714  render           | Saved: '/Users/mohammedkalouti/Documents/Codex/2026-09-27/i/work/art/aircraft-final-production-v3/stage/assets/build/frames/unit.IR.gunship/shadow/fire_empty/d07_f01.png'
26:21.296  render           | Saved: '/Users/mohammedkalouti/Documents/Codex/2026-09-27/i/work/art/aircraft-final-production-v3/stage/assets/build/frames/unit.IR.gunship/beauty/fire_empty/d08_f00.png'
26:21.786  render           | Saved: '/Users/mohammedkalouti/Documents/Codex/2026-09-27/i/work/art/aircraft-final-production-v3/stage/assets/build/frames/unit.IR.gunship/team/fire_empty/d08_f00.png'
26:22.044  render           | Saved: '/var/folders/n4/43n_jxh10gg3s770b_8jbzb80000gn/T/fc-team-coverage-z9n488js.png'
26:23.028  render           | Saved: '/Users/mohammedkalouti/Documents/Codex/2026-09-27/i/work/art/aircraft-final-production-v3/stage/assets/build/frames/unit.IR.gunship/shadow/fire_empty/d08_f00.png'
26:23.606  render           | Saved: '/Users/mohammedkalouti/Documents/Codex/2026-09-27/i/work/art/aircraft-final-production-v3/stage/assets/build/frames/unit.IR.gunship/beauty/fire_empty/d08_f01.png'
26:24.122  render           | Saved: '/Users/mohammedkalouti/Documents/Codex/2026-09-27/i/work/art/aircraft-final-production-v3/stage/assets/build/frames/unit.IR.gunship/team/fire_empty/d08_f01.png'
26:24.381  render           | Saved: '/var/folders/n4/43n_jxh10gg3s770b_8jbzb80000gn/T/fc-team-coverage-ad_9i_qe.png'
26:25.359  render           | Saved: '/Users/mohammedkalouti/Documents/Codex/2026-09-27/i/work/art/aircraft-final-production-v3/stage/assets/build/frames/unit.IR.gunship/shadow/fire_empty/d08_f01.png'
26:25.950  render           | Saved: '/Users/mohammedkalouti/Documents/Codex/2026-09-27/i/work/art/aircraft-final-production-v3/stage/assets/build/frames/unit.IR.gunship/beauty/fire_empty/d09_f00.png'
26:26.466  render           | Saved: '/Users/mohammedkalouti/Documents/Codex/2026-09-27/i/work/art/aircraft-final-production-v3/stage/assets/build/frames/unit.IR.gunship/team/fire_empty/d09_f00.png'
26:26.742  render           | Saved: '/var/folders/n4/43n_jxh10gg3s770b_8jbzb80000gn/T/fc-team-coverage-6kbv95i8.png'
26:27.757  render           | Saved: '/Users/mohammedkalouti/Documents/Codex/2026-09-27/i/work/art/aircraft-final-production-v3/stage/assets/build/frames/unit.IR.gunship/shadow/fire_empty/d09_f00.png'
26:28.341  render           | Saved: '/Users/mohammedkalouti/Documents/Codex/2026-09-27/i/work/art/aircraft-final-production-v3/stage/assets/build/frames/unit.IR.gunship/beauty/fire_empty/d09_f01.png'
26:28.840  render           | Saved: '/Users/mohammedkalouti/Documents/Codex/2026-09-27/i/work/art/aircraft-final-production-v3/stage/assets/build/frames/unit.IR.gunship/team/fire_empty/d09_f01.png'
26:29.100  render           | Saved: '/var/folders/n4/43n_jxh10gg3s770b_8jbzb80000gn/T/fc-team-coverage-ddtr52qy.png'
26:30.076  render           | Saved: '/Users/mohammedkalouti/Documents/Codex/2026-09-27/i/work/art/aircraft-final-production-v3/stage/assets/build/frames/unit.IR.gunship/shadow/fire_empty/d09_f01.png'
26:30.675  render           | Saved: '/Users/mohammedkalouti/Documents/Codex/2026-09-27/i/work/art/aircraft-final-production-v3/stage/assets/build/frames/unit.IR.gunship/beauty/fire_empty/d10_f00.png'
26:31.184  render           | Saved: '/Users/mohammedkalouti/Documents/Codex/2026-09-27/i/work/art/aircraft-final-production-v3/stage/assets/build/frames/unit.IR.gunship/team/fire_empty/d10_f00.png'
26:31.439  render           | Saved: '/var/folders/n4/43n_jxh10gg3s770b_8jbzb80000gn/T/fc-team-coverage-kzmyo0n3.png'
26:32.418  render           | Saved: '/Users/mohammedkalouti/Documents/Codex/2026-09-27/i/work/art/aircraft-final-production-v3/stage/assets/build/frames/unit.IR.gunship/shadow/fire_empty/d10_f00.png'
26:32.995  render           | Saved: '/Users/mohammedkalouti/Documents/Codex/2026-09-27/i/work/art/aircraft-final-production-v3/stage/assets/build/frames/unit.IR.gunship/beauty/fire_empty/d10_f01.png'
26:33.524  render           | Saved: '/Users/mohammedkalouti/Documents/Codex/2026-09-27/i/work/art/aircraft-final-production-v3/stage/assets/build/frames/unit.IR.gunship/team/fire_empty/d10_f01.png'
26:33.801  render           | Saved: '/var/folders/n4/43n_jxh10gg3s770b_8jbzb80000gn/T/fc-team-coverage-0eejp397.png'
26:34.795  render           | Saved: '/Users/mohammedkalouti/Documents/Codex/2026-09-27/i/work/art/aircraft-final-production-v3/stage/assets/build/frames/unit.IR.gunship/shadow/fire_empty/d10_f01.png'
26:35.398  render           | Saved: '/Users/mohammedkalouti/Documents/Codex/2026-09-27/i/work/art/aircraft-final-production-v3/stage/assets/build/frames/unit.IR.gunship/beauty/fire_empty/d11_f00.png'
26:35.910  render           | Saved: '/Users/mohammedkalouti/Documents/Codex/2026-09-27/i/work/art/aircraft-final-production-v3/stage/assets/build/frames/unit.IR.gunship/team/fire_empty/d11_f00.png'
26:36.191  render           | Saved: '/var/folders/n4/43n_jxh10gg3s770b_8jbzb80000gn/T/fc-team-coverage-27xh9s1m.png'
26:37.170  render           | Saved: '/Users/mohammedkalouti/Documents/Codex/2026-09-27/i/work/art/aircraft-final-production-v3/stage/assets/build/frames/unit.IR.gunship/shadow/fire_empty/d11_f00.png'
26:37.772  render           | Saved: '/Users/mohammedkalouti/Documents/Codex/2026-09-27/i/work/art/aircraft-final-production-v3/stage/assets/build/frames/unit.IR.gunship/beauty/fire_empty/d11_f01.png'
26:38.305  render           | Saved: '/Users/mohammedkalouti/Documents/Codex/2026-09-27/i/work/art/aircraft-final-production-v3/stage/assets/build/frames/unit.IR.gunship/team/fire_empty/d11_f01.png'
26:38.577  render           | Saved: '/var/folders/n4/43n_jxh10gg3s770b_8jbzb80000gn/T/fc-team-coverage-gzxlgp74.png'
26:39.558  render           | Saved: '/Users/mohammedkalouti/Documents/Codex/2026-09-27/i/work/art/aircraft-final-production-v3/stage/assets/build/frames/unit.IR.gunship/shadow/fire_empty/d11_f01.png'
26:40.146  render           | Saved: '/Users/mohammedkalouti/Documents/Codex/2026-09-27/i/work/art/aircraft-final-production-v3/stage/assets/build/frames/unit.IR.gunship/beauty/fire_empty/d12_f00.png'
26:40.643  render           | Saved: '/Users/mohammedkalouti/Documents/Codex/2026-09-27/i/work/art/aircraft-final-production-v3/stage/assets/build/frames/unit.IR.gunship/team/fire_empty/d12_f00.png'
26:40.904  render           | Saved: '/var/folders/n4/43n_jxh10gg3s770b_8jbzb80000gn/T/fc-team-coverage-zj7y65j9.png'
26:41.885  render           | Saved: '/Users/mohammedkalouti/Documents/Codex/2026-09-27/i/work/art/aircraft-final-production-v3/stage/assets/build/frames/unit.IR.gunship/shadow/fire_empty/d12_f00.png'
26:42.501  render           | Saved: '/Users/mohammedkalouti/Documents/Codex/2026-09-27/i/work/art/aircraft-final-production-v3/stage/assets/build/frames/unit.IR.gunship/beauty/fire_empty/d12_f01.png'
26:42.994  render           | Saved: '/Users/mohammedkalouti/Documents/Codex/2026-09-27/i/work/art/aircraft-final-production-v3/stage/assets/build/frames/unit.IR.gunship/team/fire_empty/d12_f01.png'
26:43.266  render           | Saved: '/var/folders/n4/43n_jxh10gg3s770b_8jbzb80000gn/T/fc-team-coverage-f7t98jao.png'
26:44.269  render           | Saved: '/Users/mohammedkalouti/Documents/Codex/2026-09-27/i/work/art/aircraft-final-production-v3/stage/assets/build/frames/unit.IR.gunship/shadow/fire_empty/d12_f01.png'
26:44.875  render           | Saved: '/Users/mohammedkalouti/Documents/Codex/2026-09-27/i/work/art/aircraft-final-production-v3/stage/assets/build/frames/unit.IR.gunship/beauty/fire_empty/d13_f00.png'
26:45.376  render           | Saved: '/Users/mohammedkalouti/Documents/Codex/2026-09-27/i/work/art/aircraft-final-production-v3/stage/assets/build/frames/unit.IR.gunship/team/fire_empty/d13_f00.png'
26:45.631  render           | Saved: '/var/folders/n4/43n_jxh10gg3s770b_8jbzb80000gn/T/fc-team-coverage-nbgpp4ir.png'
26:46.625  render           | Saved: '/Users/mohammedkalouti/Documents/Codex/2026-09-27/i/work/art/aircraft-final-production-v3/stage/assets/build/frames/unit.IR.gunship/shadow/fire_empty/d13_f00.png'
26:47.215  render           | Saved: '/Users/mohammedkalouti/Documents/Codex/2026-09-27/i/work/art/aircraft-final-production-v3/stage/assets/build/frames/unit.IR.gunship/beauty/fire_empty/d13_f01.png'
26:47.727  render           | Saved: '/Users/mohammedkalouti/Documents/Codex/2026-09-27/i/work/art/aircraft-final-production-v3/stage/assets/build/frames/unit.IR.gunship/team/fire_empty/d13_f01.png'
26:47.983  render           | Saved: '/var/folders/n4/43n_jxh10gg3s770b_8jbzb80000gn/T/fc-team-coverage-pcbsv97n.png'
26:48.987  render           | Saved: '/Users/mohammedkalouti/Documents/Codex/2026-09-27/i/work/art/aircraft-final-production-v3/stage/assets/build/frames/unit.IR.gunship/shadow/fire_empty/d13_f01.png'
26:49.586  render           | Saved: '/Users/mohammedkalouti/Documents/Codex/2026-09-27/i/work/art/aircraft-final-production-v3/stage/assets/build/frames/unit.IR.gunship/beauty/fire_empty/d14_f00.png'
26:50.117  render           | Saved: '/Users/mohammedkalouti/Documents/Codex/2026-09-27/i/work/art/aircraft-final-production-v3/stage/assets/build/frames/unit.IR.gunship/team/fire_empty/d14_f00.png'
26:50.374  render           | Saved: '/var/folders/n4/43n_jxh10gg3s770b_8jbzb80000gn/T/fc-team-coverage-l64g6q8d.png'
26:51.370  render           | Saved: '/Users/mohammedkalouti/Documents/Codex/2026-09-27/i/work/art/aircraft-final-production-v3/stage/assets/build/frames/unit.IR.gunship/shadow/fire_empty/d14_f00.png'
26:51.979  render           | Saved: '/Users/mohammedkalouti/Documents/Codex/2026-09-27/i/work/art/aircraft-final-production-v3/stage/assets/build/frames/unit.IR.gunship/beauty/fire_empty/d14_f01.png'
26:52.479  render           | Saved: '/Users/mohammedkalouti/Documents/Codex/2026-09-27/i/work/art/aircraft-final-production-v3/stage/assets/build/frames/unit.IR.gunship/team/fire_empty/d14_f01.png'
26:52.740  render           | Saved: '/var/folders/n4/43n_jxh10gg3s770b_8jbzb80000gn/T/fc-team-coverage-eppb0aru.png'
26:53.742  render           | Saved: '/Users/mohammedkalouti/Documents/Codex/2026-09-27/i/work/art/aircraft-final-production-v3/stage/assets/build/frames/unit.IR.gunship/shadow/fire_empty/d14_f01.png'
26:54.331  render           | Saved: '/Users/mohammedkalouti/Documents/Codex/2026-09-27/i/work/art/aircraft-final-production-v3/stage/assets/build/frames/unit.IR.gunship/beauty/fire_empty/d15_f00.png'
26:54.833  render           | Saved: '/Users/mohammedkalouti/Documents/Codex/2026-09-27/i/work/art/aircraft-final-production-v3/stage/assets/build/frames/unit.IR.gunship/team/fire_empty/d15_f00.png'
26:55.088  render           | Saved: '/var/folders/n4/43n_jxh10gg3s770b_8jbzb80000gn/T/fc-team-coverage-o6e8oqno.png'
26:56.094  render           | Saved: '/Users/mohammedkalouti/Documents/Codex/2026-09-27/i/work/art/aircraft-final-production-v3/stage/assets/build/frames/unit.IR.gunship/shadow/fire_empty/d15_f00.png'
26:56.709  render           | Saved: '/Users/mohammedkalouti/Documents/Codex/2026-09-27/i/work/art/aircraft-final-production-v3/stage/assets/build/frames/unit.IR.gunship/beauty/fire_empty/d15_f01.png'
26:57.217  render           | Saved: '/Users/mohammedkalouti/Documents/Codex/2026-09-27/i/work/art/aircraft-final-production-v3/stage/assets/build/frames/unit.IR.gunship/team/fire_empty/d15_f01.png'
26:57.475  render           | Saved: '/var/folders/n4/43n_jxh10gg3s770b_8jbzb80000gn/T/fc-team-coverage-_koich1s.png'
26:58.461  render           | Saved: '/Users/mohammedkalouti/Documents/Codex/2026-09-27/i/work/art/aircraft-final-production-v3/stage/assets/build/frames/unit.IR.gunship/shadow/fire_empty/d15_f01.png'
26:59.226  render           | Saved: '/Users/mohammedkalouti/Documents/Codex/2026-09-27/i/work/art/aircraft-final-production-v3/stage/assets/build/frames/unit.IR.gunship/beauty/rearm_empty/d00_f00.png'
26:59.892  render           | Saved: '/Users/mohammedkalouti/Documents/Codex/2026-09-27/i/work/art/aircraft-final-production-v3/stage/assets/build/frames/unit.IR.gunship/team/rearm_empty/d00_f00.png'
27:01.126  render           | Saved: '/Users/mohammedkalouti/Documents/Codex/2026-09-27/i/work/art/aircraft-final-production-v3/stage/assets/build/frames/unit.IR.gunship/shadow/rearm_empty/d00_f00.png'
27:01.871  render           | Saved: '/Users/mohammedkalouti/Documents/Codex/2026-09-27/i/work/art/aircraft-final-production-v3/stage/assets/build/frames/unit.IR.gunship/beauty/rearm_empty/d00_f01.png'
27:02.440  render           | Saved: '/Users/mohammedkalouti/Documents/Codex/2026-09-27/i/work/art/aircraft-final-production-v3/stage/assets/build/frames/unit.IR.gunship/team/rearm_empty/d00_f01.png'
27:03.608  render           | Saved: '/Users/mohammedkalouti/Documents/Codex/2026-09-27/i/work/art/aircraft-final-production-v3/stage/assets/build/frames/unit.IR.gunship/shadow/rearm_empty/d00_f01.png'
27:04.341  render           | Saved: '/Users/mohammedkalouti/Documents/Codex/2026-09-27/i/work/art/aircraft-final-production-v3/stage/assets/build/frames/unit.IR.gunship/beauty/rearm_empty/d00_f02.png'
27:05.029  render           | Saved: '/Users/mohammedkalouti/Documents/Codex/2026-09-27/i/work/art/aircraft-final-production-v3/stage/assets/build/frames/unit.IR.gunship/team/rearm_empty/d00_f02.png'
27:06.186  render           | Saved: '/Users/mohammedkalouti/Documents/Codex/2026-09-27/i/work/art/aircraft-final-production-v3/stage/assets/build/frames/unit.IR.gunship/shadow/rearm_empty/d00_f02.png'
27:06.944  render           | Saved: '/Users/mohammedkalouti/Documents/Codex/2026-09-27/i/work/art/aircraft-final-production-v3/stage/assets/build/frames/unit.IR.gunship/beauty/rearm_empty/d00_f03.png'
27:07.626  render           | Saved: '/Users/mohammedkalouti/Documents/Codex/2026-09-27/i/work/art/aircraft-final-production-v3/stage/assets/build/frames/unit.IR.gunship/team/rearm_empty/d00_f03.png'
27:08.852  render           | Saved: '/Users/mohammedkalouti/Documents/Codex/2026-09-27/i/work/art/aircraft-final-production-v3/stage/assets/build/frames/unit.IR.gunship/shadow/rearm_empty/d00_f03.png'
27:09.528  render           | Saved: '/Users/mohammedkalouti/Documents/Codex/2026-09-27/i/work/art/aircraft-final-production-v3/stage/assets/build/frames/unit.IR.gunship/beauty/rearm_empty/d00_f04.png'
27:10.127  render           | Saved: '/Users/mohammedkalouti/Documents/Codex/2026-09-27/i/work/art/aircraft-final-production-v3/stage/assets/build/frames/unit.IR.gunship/team/rearm_empty/d00_f04.png'
27:11.181  render           | Saved: '/Users/mohammedkalouti/Documents/Codex/2026-09-27/i/work/art/aircraft-final-production-v3/stage/assets/build/frames/unit.IR.gunship/shadow/rearm_empty/d00_f04.png'
27:11.814  render           | Saved: '/Users/mohammedkalouti/Documents/Codex/2026-09-27/i/work/art/aircraft-final-production-v3/stage/assets/build/frames/unit.IR.gunship/beauty/rearm_empty/d00_f05.png'
27:12.391  render           | Saved: '/Users/mohammedkalouti/Documents/Codex/2026-09-27/i/work/art/aircraft-final-production-v3/stage/assets/build/frames/unit.IR.gunship/team/rearm_empty/d00_f05.png'
27:13.397  render           | Saved: '/Users/mohammedkalouti/Documents/Codex/2026-09-27/i/work/art/aircraft-final-production-v3/stage/assets/build/frames/unit.IR.gunship/shadow/rearm_empty/d00_f05.png'
27:14.069  render           | Saved: '/Users/mohammedkalouti/Documents/Codex/2026-09-27/i/work/art/aircraft-final-production-v3/stage/assets/build/frames/unit.IR.gunship/beauty/rearm_empty/d01_f00.png'
27:14.632  render           | Saved: '/Users/mohammedkalouti/Documents/Codex/2026-09-27/i/work/art/aircraft-final-production-v3/stage/assets/build/frames/unit.IR.gunship/team/rearm_empty/d01_f00.png'
27:15.707  render           | Saved: '/Users/mohammedkalouti/Documents/Codex/2026-09-27/i/work/art/aircraft-final-production-v3/stage/assets/build/frames/unit.IR.gunship/shadow/rearm_empty/d01_f00.png'
27:16.317  render           | Saved: '/Users/mohammedkalouti/Documents/Codex/2026-09-27/i/work/art/aircraft-final-production-v3/stage/assets/build/frames/unit.IR.gunship/beauty/rearm_empty/d01_f01.png'
27:16.861  render           | Saved: '/Users/mohammedkalouti/Documents/Codex/2026-09-27/i/work/art/aircraft-final-production-v3/stage/assets/build/frames/unit.IR.gunship/team/rearm_empty/d01_f01.png'
27:17.835  render           | Saved: '/Users/mohammedkalouti/Documents/Codex/2026-09-27/i/work/art/aircraft-final-production-v3/stage/assets/build/frames/unit.IR.gunship/shadow/rearm_empty/d01_f01.png'
27:18.440  render           | Saved: '/Users/mohammedkalouti/Documents/Codex/2026-09-27/i/work/art/aircraft-final-production-v3/stage/assets/build/frames/unit.IR.gunship/beauty/rearm_empty/d01_f02.png'
27:18.941  render           | Saved: '/Users/mohammedkalouti/Documents/Codex/2026-09-27/i/work/art/aircraft-final-production-v3/stage/assets/build/frames/unit.IR.gunship/team/rearm_empty/d01_f02.png'
27:19.905  render           | Saved: '/Users/mohammedkalouti/Documents/Codex/2026-09-27/i/work/art/aircraft-final-production-v3/stage/assets/build/frames/unit.IR.gunship/shadow/rearm_empty/d01_f02.png'
27:20.528  render           | Saved: '/Users/mohammedkalouti/Documents/Codex/2026-09-27/i/work/art/aircraft-final-production-v3/stage/assets/build/frames/unit.IR.gunship/beauty/rearm_empty/d01_f03.png'
27:21.037  render           | Saved: '/Users/mohammedkalouti/Documents/Codex/2026-09-27/i/work/art/aircraft-final-production-v3/stage/assets/build/frames/unit.IR.gunship/team/rearm_empty/d01_f03.png'
27:22.059  render           | Saved: '/Users/mohammedkalouti/Documents/Codex/2026-09-27/i/work/art/aircraft-final-production-v3/stage/assets/build/frames/unit.IR.gunship/shadow/rearm_empty/d01_f03.png'
27:22.746  render           | Saved: '/Users/mohammedkalouti/Documents/Codex/2026-09-27/i/work/art/aircraft-final-production-v3/stage/assets/build/frames/unit.IR.gunship/beauty/rearm_empty/d01_f04.png'
27:23.292  render           | Saved: '/Users/mohammedkalouti/Documents/Codex/2026-09-27/i/work/art/aircraft-final-production-v3/stage/assets/build/frames/unit.IR.gunship/team/rearm_empty/d01_f04.png'
27:24.295  render           | Saved: '/Users/mohammedkalouti/Documents/Codex/2026-09-27/i/work/art/aircraft-final-production-v3/stage/assets/build/frames/unit.IR.gunship/shadow/rearm_empty/d01_f04.png'
27:24.986  render           | Saved: '/Users/mohammedkalouti/Documents/Codex/2026-09-27/i/work/art/aircraft-final-production-v3/stage/assets/build/frames/unit.IR.gunship/beauty/rearm_empty/d01_f05.png'
27:25.514  render           | Saved: '/Users/mohammedkalouti/Documents/Codex/2026-09-27/i/work/art/aircraft-final-production-v3/stage/assets/build/frames/unit.IR.gunship/team/rearm_empty/d01_f05.png'
27:26.504  render           | Saved: '/Users/mohammedkalouti/Documents/Codex/2026-09-27/i/work/art/aircraft-final-production-v3/stage/assets/build/frames/unit.IR.gunship/shadow/rearm_empty/d01_f05.png'
27:27.111  render           | Saved: '/Users/mohammedkalouti/Documents/Codex/2026-09-27/i/work/art/aircraft-final-production-v3/stage/assets/build/frames/unit.IR.gunship/beauty/rearm_empty/d02_f00.png'
27:27.613  render           | Saved: '/Users/mohammedkalouti/Documents/Codex/2026-09-27/i/work/art/aircraft-final-production-v3/stage/assets/build/frames/unit.IR.gunship/team/rearm_empty/d02_f00.png'
27:28.563  render           | Saved: '/Users/mohammedkalouti/Documents/Codex/2026-09-27/i/work/art/aircraft-final-production-v3/stage/assets/build/frames/unit.IR.gunship/shadow/rearm_empty/d02_f00.png'
27:29.153  render           | Saved: '/Users/mohammedkalouti/Documents/Codex/2026-09-27/i/work/art/aircraft-final-production-v3/stage/assets/build/frames/unit.IR.gunship/beauty/rearm_empty/d02_f01.png'
27:29.665  render           | Saved: '/Users/mohammedkalouti/Documents/Codex/2026-09-27/i/work/art/aircraft-final-production-v3/stage/assets/build/frames/unit.IR.gunship/team/rearm_empty/d02_f01.png'
27:30.629  render           | Saved: '/Users/mohammedkalouti/Documents/Codex/2026-09-27/i/work/art/aircraft-final-production-v3/stage/assets/build/frames/unit.IR.gunship/shadow/rearm_empty/d02_f01.png'
27:31.228  render           | Saved: '/Users/mohammedkalouti/Documents/Codex/2026-09-27/i/work/art/aircraft-final-production-v3/stage/assets/build/frames/unit.IR.gunship/beauty/rearm_empty/d02_f02.png'
27:31.730  render           | Saved: '/Users/mohammedkalouti/Documents/Codex/2026-09-27/i/work/art/aircraft-final-production-v3/stage/assets/build/frames/unit.IR.gunship/team/rearm_empty/d02_f02.png'
27:32.687  render           | Saved: '/Users/mohammedkalouti/Documents/Codex/2026-09-27/i/work/art/aircraft-final-production-v3/stage/assets/build/frames/unit.IR.gunship/shadow/rearm_empty/d02_f02.png'
27:33.295  render           | Saved: '/Users/mohammedkalouti/Documents/Codex/2026-09-27/i/work/art/aircraft-final-production-v3/stage/assets/build/frames/unit.IR.gunship/beauty/rearm_empty/d02_f03.png'
27:33.818  render           | Saved: '/Users/mohammedkalouti/Documents/Codex/2026-09-27/i/work/art/aircraft-final-production-v3/stage/assets/build/frames/unit.IR.gunship/team/rearm_empty/d02_f03.png'
27:34.777  render           | Saved: '/Users/mohammedkalouti/Documents/Codex/2026-09-27/i/work/art/aircraft-final-production-v3/stage/assets/build/frames/unit.IR.gunship/shadow/rearm_empty/d02_f03.png'
27:35.370  render           | Saved: '/Users/mohammedkalouti/Documents/Codex/2026-09-27/i/work/art/aircraft-final-production-v3/stage/assets/build/frames/unit.IR.gunship/beauty/rearm_empty/d02_f04.png'
27:35.917  render           | Saved: '/Users/mohammedkalouti/Documents/Codex/2026-09-27/i/work/art/aircraft-final-production-v3/stage/assets/build/frames/unit.IR.gunship/team/rearm_empty/d02_f04.png'
27:36.960  render           | Saved: '/Users/mohammedkalouti/Documents/Codex/2026-09-27/i/work/art/aircraft-final-production-v3/stage/assets/build/frames/unit.IR.gunship/shadow/rearm_empty/d02_f04.png'
27:37.629  render           | Saved: '/Users/mohammedkalouti/Documents/Codex/2026-09-27/i/work/art/aircraft-final-production-v3/stage/assets/build/frames/unit.IR.gunship/beauty/rearm_empty/d02_f05.png'
27:38.173  render           | Saved: '/Users/mohammedkalouti/Documents/Codex/2026-09-27/i/work/art/aircraft-final-production-v3/stage/assets/build/frames/unit.IR.gunship/team/rearm_empty/d02_f05.png'
27:39.116  render           | Saved: '/Users/mohammedkalouti/Documents/Codex/2026-09-27/i/work/art/aircraft-final-production-v3/stage/assets/build/frames/unit.IR.gunship/shadow/rearm_empty/d02_f05.png'
27:39.731  render           | Saved: '/Users/mohammedkalouti/Documents/Codex/2026-09-27/i/work/art/aircraft-final-production-v3/stage/assets/build/frames/unit.IR.gunship/beauty/rearm_empty/d03_f01.png'
27:40.247  render           | Saved: '/Users/mohammedkalouti/Documents/Codex/2026-09-27/i/work/art/aircraft-final-production-v3/stage/assets/build/frames/unit.IR.gunship/team/rearm_empty/d03_f01.png'
27:41.205  render           | Saved: '/Users/mohammedkalouti/Documents/Codex/2026-09-27/i/work/art/aircraft-final-production-v3/stage/assets/build/frames/unit.IR.gunship/shadow/rearm_empty/d03_f01.png'
27:41.799  render           | Saved: '/Users/mohammedkalouti/Documents/Codex/2026-09-27/i/work/art/aircraft-final-production-v3/stage/assets/build/frames/unit.IR.gunship/beauty/rearm_empty/d03_f02.png'
27:42.323  render           | Saved: '/Users/mohammedkalouti/Documents/Codex/2026-09-27/i/work/art/aircraft-final-production-v3/stage/assets/build/frames/unit.IR.gunship/team/rearm_empty/d03_f02.png'
27:43.287  render           | Saved: '/Users/mohammedkalouti/Documents/Codex/2026-09-27/i/work/art/aircraft-final-production-v3/stage/assets/build/frames/unit.IR.gunship/shadow/rearm_empty/d03_f02.png'
27:43.871  render           | Saved: '/Users/mohammedkalouti/Documents/Codex/2026-09-27/i/work/art/aircraft-final-production-v3/stage/assets/build/frames/unit.IR.gunship/beauty/rearm_empty/d03_f04.png'
27:44.384  render           | Saved: '/Users/mohammedkalouti/Documents/Codex/2026-09-27/i/work/art/aircraft-final-production-v3/stage/assets/build/frames/unit.IR.gunship/team/rearm_empty/d03_f04.png'
27:45.328  render           | Saved: '/Users/mohammedkalouti/Documents/Codex/2026-09-27/i/work/art/aircraft-final-production-v3/stage/assets/build/frames/unit.IR.gunship/shadow/rearm_empty/d03_f04.png'
27:45.935  render           | Saved: '/Users/mohammedkalouti/Documents/Codex/2026-09-27/i/work/art/aircraft-final-production-v3/stage/assets/build/frames/unit.IR.gunship/beauty/rearm_empty/d03_f05.png'
27:46.486  render           | Saved: '/Users/mohammedkalouti/Documents/Codex/2026-09-27/i/work/art/aircraft-final-production-v3/stage/assets/build/frames/unit.IR.gunship/team/rearm_empty/d03_f05.png'
27:47.431  render           | Saved: '/Users/mohammedkalouti/Documents/Codex/2026-09-27/i/work/art/aircraft-final-production-v3/stage/assets/build/frames/unit.IR.gunship/shadow/rearm_empty/d03_f05.png'
27:48.002  render           | Saved: '/Users/mohammedkalouti/Documents/Codex/2026-09-27/i/work/art/aircraft-final-production-v3/stage/assets/build/frames/unit.IR.gunship/beauty/rearm_empty/d04_f00.png'
27:48.507  render           | Saved: '/Users/mohammedkalouti/Documents/Codex/2026-09-27/i/work/art/aircraft-final-production-v3/stage/assets/build/frames/unit.IR.gunship/team/rearm_empty/d04_f00.png'
27:49.453  render           | Saved: '/Users/mohammedkalouti/Documents/Codex/2026-09-27/i/work/art/aircraft-final-production-v3/stage/assets/build/frames/unit.IR.gunship/shadow/rearm_empty/d04_f00.png'
27:50.044  render           | Saved: '/Users/mohammedkalouti/Documents/Codex/2026-09-27/i/work/art/aircraft-final-production-v3/stage/assets/build/frames/unit.IR.gunship/beauty/rearm_empty/d04_f01.png'
27:50.558  render           | Saved: '/Users/mohammedkalouti/Documents/Codex/2026-09-27/i/work/art/aircraft-final-production-v3/stage/assets/build/frames/unit.IR.gunship/team/rearm_empty/d04_f01.png'
27:51.514  render           | Saved: '/Users/mohammedkalouti/Documents/Codex/2026-09-27/i/work/art/aircraft-final-production-v3/stage/assets/build/frames/unit.IR.gunship/shadow/rearm_empty/d04_f01.png'
27:52.102  render           | Saved: '/Users/mohammedkalouti/Documents/Codex/2026-09-27/i/work/art/aircraft-final-production-v3/stage/assets/build/frames/unit.IR.gunship/beauty/rearm_empty/d04_f02.png'
27:52.622  render           | Saved: '/Users/mohammedkalouti/Documents/Codex/2026-09-27/i/work/art/aircraft-final-production-v3/stage/assets/build/frames/unit.IR.gunship/team/rearm_empty/d04_f02.png'
27:53.571  render           | Saved: '/Users/mohammedkalouti/Documents/Codex/2026-09-27/i/work/art/aircraft-final-production-v3/stage/assets/build/frames/unit.IR.gunship/shadow/rearm_empty/d04_f02.png'
27:54.150  render           | Saved: '/Users/mohammedkalouti/Documents/Codex/2026-09-27/i/work/art/aircraft-final-production-v3/stage/assets/build/frames/unit.IR.gunship/beauty/rearm_empty/d04_f03.png'
27:54.666  render           | Saved: '/Users/mohammedkalouti/Documents/Codex/2026-09-27/i/work/art/aircraft-final-production-v3/stage/assets/build/frames/unit.IR.gunship/team/rearm_empty/d04_f03.png'
27:55.622  render           | Saved: '/Users/mohammedkalouti/Documents/Codex/2026-09-27/i/work/art/aircraft-final-production-v3/stage/assets/build/frames/unit.IR.gunship/shadow/rearm_empty/d04_f03.png'
27:56.207  render           | Saved: '/Users/mohammedkalouti/Documents/Codex/2026-09-27/i/work/art/aircraft-final-production-v3/stage/assets/build/frames/unit.IR.gunship/beauty/rearm_empty/d04_f04.png'
27:56.711  render           | Saved: '/Users/mohammedkalouti/Documents/Codex/2026-09-27/i/work/art/aircraft-final-production-v3/stage/assets/build/frames/unit.IR.gunship/team/rearm_empty/d04_f04.png'
27:57.647  render           | Saved: '/Users/mohammedkalouti/Documents/Codex/2026-09-27/i/work/art/aircraft-final-production-v3/stage/assets/build/frames/unit.IR.gunship/shadow/rearm_empty/d04_f04.png'
27:58.223  render           | Saved: '/Users/mohammedkalouti/Documents/Codex/2026-09-27/i/work/art/aircraft-final-production-v3/stage/assets/build/frames/unit.IR.gunship/beauty/rearm_empty/d04_f05.png'
27:58.734  render           | Saved: '/Users/mohammedkalouti/Documents/Codex/2026-09-27/i/work/art/aircraft-final-production-v3/stage/assets/build/frames/unit.IR.gunship/team/rearm_empty/d04_f05.png'
27:59.672  render           | Saved: '/Users/mohammedkalouti/Documents/Codex/2026-09-27/i/work/art/aircraft-final-production-v3/stage/assets/build/frames/unit.IR.gunship/shadow/rearm_empty/d04_f05.png'
28:00.250  render           | Saved: '/Users/mohammedkalouti/Documents/Codex/2026-09-27/i/work/art/aircraft-final-production-v3/stage/assets/build/frames/unit.IR.gunship/beauty/rearm_empty/d05_f00.png'
28:00.762  render           | Saved: '/Users/mohammedkalouti/Documents/Codex/2026-09-27/i/work/art/aircraft-final-production-v3/stage/assets/build/frames/unit.IR.gunship/team/rearm_empty/d05_f00.png'
28:01.714  render           | Saved: '/Users/mohammedkalouti/Documents/Codex/2026-09-27/i/work/art/aircraft-final-production-v3/stage/assets/build/frames/unit.IR.gunship/shadow/rearm_empty/d05_f00.png'
28:02.296  render           | Saved: '/Users/mohammedkalouti/Documents/Codex/2026-09-27/i/work/art/aircraft-final-production-v3/stage/assets/build/frames/unit.IR.gunship/beauty/rearm_empty/d05_f01.png'
28:02.798  render           | Saved: '/Users/mohammedkalouti/Documents/Codex/2026-09-27/i/work/art/aircraft-final-production-v3/stage/assets/build/frames/unit.IR.gunship/team/rearm_empty/d05_f01.png'
28:03.739  render           | Saved: '/Users/mohammedkalouti/Documents/Codex/2026-09-27/i/work/art/aircraft-final-production-v3/stage/assets/build/frames/unit.IR.gunship/shadow/rearm_empty/d05_f01.png'
28:04.314  render           | Saved: '/Users/mohammedkalouti/Documents/Codex/2026-09-27/i/work/art/aircraft-final-production-v3/stage/assets/build/frames/unit.IR.gunship/beauty/rearm_empty/d05_f02.png'
28:04.807  render           | Saved: '/Users/mohammedkalouti/Documents/Codex/2026-09-27/i/work/art/aircraft-final-production-v3/stage/assets/build/frames/unit.IR.gunship/team/rearm_empty/d05_f02.png'
28:05.733  render           | Saved: '/Users/mohammedkalouti/Documents/Codex/2026-09-27/i/work/art/aircraft-final-production-v3/stage/assets/build/frames/unit.IR.gunship/shadow/rearm_empty/d05_f02.png'
28:06.305  render           | Saved: '/Users/mohammedkalouti/Documents/Codex/2026-09-27/i/work/art/aircraft-final-production-v3/stage/assets/build/frames/unit.IR.gunship/beauty/rearm_empty/d05_f03.png'
28:06.814  render           | Saved: '/Users/mohammedkalouti/Documents/Codex/2026-09-27/i/work/art/aircraft-final-production-v3/stage/assets/build/frames/unit.IR.gunship/team/rearm_empty/d05_f03.png'
28:07.743  render           | Saved: '/Users/mohammedkalouti/Documents/Codex/2026-09-27/i/work/art/aircraft-final-production-v3/stage/assets/build/frames/unit.IR.gunship/shadow/rearm_empty/d05_f03.png'
28:08.315  render           | Saved: '/Users/mohammedkalouti/Documents/Codex/2026-09-27/i/work/art/aircraft-final-production-v3/stage/assets/build/frames/unit.IR.gunship/beauty/rearm_empty/d05_f04.png'
28:08.816  render           | Saved: '/Users/mohammedkalouti/Documents/Codex/2026-09-27/i/work/art/aircraft-final-production-v3/stage/assets/build/frames/unit.IR.gunship/team/rearm_empty/d05_f04.png'
28:09.775  render           | Saved: '/Users/mohammedkalouti/Documents/Codex/2026-09-27/i/work/art/aircraft-final-production-v3/stage/assets/build/frames/unit.IR.gunship/shadow/rearm_empty/d05_f04.png'
28:10.352  render           | Saved: '/Users/mohammedkalouti/Documents/Codex/2026-09-27/i/work/art/aircraft-final-production-v3/stage/assets/build/frames/unit.IR.gunship/beauty/rearm_empty/d05_f05.png'
28:10.863  render           | Saved: '/Users/mohammedkalouti/Documents/Codex/2026-09-27/i/work/art/aircraft-final-production-v3/stage/assets/build/frames/unit.IR.gunship/team/rearm_empty/d05_f05.png'
28:11.806  render           | Saved: '/Users/mohammedkalouti/Documents/Codex/2026-09-27/i/work/art/aircraft-final-production-v3/stage/assets/build/frames/unit.IR.gunship/shadow/rearm_empty/d05_f05.png'
28:12.366  render           | Saved: '/Users/mohammedkalouti/Documents/Codex/2026-09-27/i/work/art/aircraft-final-production-v3/stage/assets/build/frames/unit.IR.gunship/beauty/rearm_empty/d06_f00.png'
28:12.865  render           | Saved: '/Users/mohammedkalouti/Documents/Codex/2026-09-27/i/work/art/aircraft-final-production-v3/stage/assets/build/frames/unit.IR.gunship/team/rearm_empty/d06_f00.png'
28:13.827  render           | Saved: '/Users/mohammedkalouti/Documents/Codex/2026-09-27/i/work/art/aircraft-final-production-v3/stage/assets/build/frames/unit.IR.gunship/shadow/rearm_empty/d06_f00.png'
28:14.418  render           | Saved: '/Users/mohammedkalouti/Documents/Codex/2026-09-27/i/work/art/aircraft-final-production-v3/stage/assets/build/frames/unit.IR.gunship/beauty/rearm_empty/d06_f01.png'
28:14.927  render           | Saved: '/Users/mohammedkalouti/Documents/Codex/2026-09-27/i/work/art/aircraft-final-production-v3/stage/assets/build/frames/unit.IR.gunship/team/rearm_empty/d06_f01.png'
28:15.869  render           | Saved: '/Users/mohammedkalouti/Documents/Codex/2026-09-27/i/work/art/aircraft-final-production-v3/stage/assets/build/frames/unit.IR.gunship/shadow/rearm_empty/d06_f01.png'
28:16.451  render           | Saved: '/Users/mohammedkalouti/Documents/Codex/2026-09-27/i/work/art/aircraft-final-production-v3/stage/assets/build/frames/unit.IR.gunship/beauty/rearm_empty/d06_f02.png'
28:16.963  render           | Saved: '/Users/mohammedkalouti/Documents/Codex/2026-09-27/i/work/art/aircraft-final-production-v3/stage/assets/build/frames/unit.IR.gunship/team/rearm_empty/d06_f02.png'
28:17.916  render           | Saved: '/Users/mohammedkalouti/Documents/Codex/2026-09-27/i/work/art/aircraft-final-production-v3/stage/assets/build/frames/unit.IR.gunship/shadow/rearm_empty/d06_f02.png'
28:18.487  render           | Saved: '/Users/mohammedkalouti/Documents/Codex/2026-09-27/i/work/art/aircraft-final-production-v3/stage/assets/build/frames/unit.IR.gunship/beauty/rearm_empty/d06_f03.png'
28:18.981  render           | Saved: '/Users/mohammedkalouti/Documents/Codex/2026-09-27/i/work/art/aircraft-final-production-v3/stage/assets/build/frames/unit.IR.gunship/team/rearm_empty/d06_f03.png'
28:19.909  render           | Saved: '/Users/mohammedkalouti/Documents/Codex/2026-09-27/i/work/art/aircraft-final-production-v3/stage/assets/build/frames/unit.IR.gunship/shadow/rearm_empty/d06_f03.png'
28:20.490  render           | Saved: '/Users/mohammedkalouti/Documents/Codex/2026-09-27/i/work/art/aircraft-final-production-v3/stage/assets/build/frames/unit.IR.gunship/beauty/rearm_empty/d06_f04.png'
28:20.990  render           | Saved: '/Users/mohammedkalouti/Documents/Codex/2026-09-27/i/work/art/aircraft-final-production-v3/stage/assets/build/frames/unit.IR.gunship/team/rearm_empty/d06_f04.png'
28:21.922  render           | Saved: '/Users/mohammedkalouti/Documents/Codex/2026-09-27/i/work/art/aircraft-final-production-v3/stage/assets/build/frames/unit.IR.gunship/shadow/rearm_empty/d06_f04.png'
28:22.497  render           | Saved: '/Users/mohammedkalouti/Documents/Codex/2026-09-27/i/work/art/aircraft-final-production-v3/stage/assets/build/frames/unit.IR.gunship/beauty/rearm_empty/d06_f05.png'
28:22.992  render           | Saved: '/Users/mohammedkalouti/Documents/Codex/2026-09-27/i/work/art/aircraft-final-production-v3/stage/assets/build/frames/unit.IR.gunship/team/rearm_empty/d06_f05.png'
28:23.925  render           | Saved: '/Users/mohammedkalouti/Documents/Codex/2026-09-27/i/work/art/aircraft-final-production-v3/stage/assets/build/frames/unit.IR.gunship/shadow/rearm_empty/d06_f05.png'
28:24.519  render           | Saved: '/Users/mohammedkalouti/Documents/Codex/2026-09-27/i/work/art/aircraft-final-production-v3/stage/assets/build/frames/unit.IR.gunship/beauty/rearm_empty/d07_f01.png'
28:25.054  render           | Saved: '/Users/mohammedkalouti/Documents/Codex/2026-09-27/i/work/art/aircraft-final-production-v3/stage/assets/build/frames/unit.IR.gunship/team/rearm_empty/d07_f01.png'
28:25.994  render           | Saved: '/Users/mohammedkalouti/Documents/Codex/2026-09-27/i/work/art/aircraft-final-production-v3/stage/assets/build/frames/unit.IR.gunship/shadow/rearm_empty/d07_f01.png'
28:26.575  render           | Saved: '/Users/mohammedkalouti/Documents/Codex/2026-09-27/i/work/art/aircraft-final-production-v3/stage/assets/build/frames/unit.IR.gunship/beauty/rearm_empty/d07_f02.png'
28:27.086  render           | Saved: '/Users/mohammedkalouti/Documents/Codex/2026-09-27/i/work/art/aircraft-final-production-v3/stage/assets/build/frames/unit.IR.gunship/team/rearm_empty/d07_f02.png'
28:28.019  render           | Saved: '/Users/mohammedkalouti/Documents/Codex/2026-09-27/i/work/art/aircraft-final-production-v3/stage/assets/build/frames/unit.IR.gunship/shadow/rearm_empty/d07_f02.png'
28:28.610  render           | Saved: '/Users/mohammedkalouti/Documents/Codex/2026-09-27/i/work/art/aircraft-final-production-v3/stage/assets/build/frames/unit.IR.gunship/beauty/rearm_empty/d07_f04.png'
28:29.135  render           | Saved: '/Users/mohammedkalouti/Documents/Codex/2026-09-27/i/work/art/aircraft-final-production-v3/stage/assets/build/frames/unit.IR.gunship/team/rearm_empty/d07_f04.png'
28:30.083  render           | Saved: '/Users/mohammedkalouti/Documents/Codex/2026-09-27/i/work/art/aircraft-final-production-v3/stage/assets/build/frames/unit.IR.gunship/shadow/rearm_empty/d07_f04.png'
28:30.651  render           | Saved: '/Users/mohammedkalouti/Documents/Codex/2026-09-27/i/work/art/aircraft-final-production-v3/stage/assets/build/frames/unit.IR.gunship/beauty/rearm_empty/d07_f05.png'
28:31.162  render           | Saved: '/Users/mohammedkalouti/Documents/Codex/2026-09-27/i/work/art/aircraft-final-production-v3/stage/assets/build/frames/unit.IR.gunship/team/rearm_empty/d07_f05.png'
28:32.099  render           | Saved: '/Users/mohammedkalouti/Documents/Codex/2026-09-27/i/work/art/aircraft-final-production-v3/stage/assets/build/frames/unit.IR.gunship/shadow/rearm_empty/d07_f05.png'
28:32.683  render           | Saved: '/Users/mohammedkalouti/Documents/Codex/2026-09-27/i/work/art/aircraft-final-production-v3/stage/assets/build/frames/unit.IR.gunship/beauty/rearm_empty/d08_f00.png'
28:33.186  render           | Saved: '/Users/mohammedkalouti/Documents/Codex/2026-09-27/i/work/art/aircraft-final-production-v3/stage/assets/build/frames/unit.IR.gunship/team/rearm_empty/d08_f00.png'
28:34.121  render           | Saved: '/Users/mohammedkalouti/Documents/Codex/2026-09-27/i/work/art/aircraft-final-production-v3/stage/assets/build/frames/unit.IR.gunship/shadow/rearm_empty/d08_f00.png'
28:34.719  render           | Saved: '/Users/mohammedkalouti/Documents/Codex/2026-09-27/i/work/art/aircraft-final-production-v3/stage/assets/build/frames/unit.IR.gunship/beauty/rearm_empty/d08_f01.png'
28:35.238  render           | Saved: '/Users/mohammedkalouti/Documents/Codex/2026-09-27/i/work/art/aircraft-final-production-v3/stage/assets/build/frames/unit.IR.gunship/team/rearm_empty/d08_f01.png'
28:36.185  render           | Saved: '/Users/mohammedkalouti/Documents/Codex/2026-09-27/i/work/art/aircraft-final-production-v3/stage/assets/build/frames/unit.IR.gunship/shadow/rearm_empty/d08_f01.png'
28:36.785  render           | Saved: '/Users/mohammedkalouti/Documents/Codex/2026-09-27/i/work/art/aircraft-final-production-v3/stage/assets/build/frames/unit.IR.gunship/beauty/rearm_empty/d08_f02.png'
28:37.317  render           | Saved: '/Users/mohammedkalouti/Documents/Codex/2026-09-27/i/work/art/aircraft-final-production-v3/stage/assets/build/frames/unit.IR.gunship/team/rearm_empty/d08_f02.png'
28:38.254  render           | Saved: '/Users/mohammedkalouti/Documents/Codex/2026-09-27/i/work/art/aircraft-final-production-v3/stage/assets/build/frames/unit.IR.gunship/shadow/rearm_empty/d08_f02.png'
28:38.850  render           | Saved: '/Users/mohammedkalouti/Documents/Codex/2026-09-27/i/work/art/aircraft-final-production-v3/stage/assets/build/frames/unit.IR.gunship/beauty/rearm_empty/d08_f03.png'
28:39.364  render           | Saved: '/Users/mohammedkalouti/Documents/Codex/2026-09-27/i/work/art/aircraft-final-production-v3/stage/assets/build/frames/unit.IR.gunship/team/rearm_empty/d08_f03.png'
28:40.274  render           | Saved: '/Users/mohammedkalouti/Documents/Codex/2026-09-27/i/work/art/aircraft-final-production-v3/stage/assets/build/frames/unit.IR.gunship/shadow/rearm_empty/d08_f03.png'
28:40.847  render           | Saved: '/Users/mohammedkalouti/Documents/Codex/2026-09-27/i/work/art/aircraft-final-production-v3/stage/assets/build/frames/unit.IR.gunship/beauty/rearm_empty/d08_f04.png'
28:41.341  render           | Saved: '/Users/mohammedkalouti/Documents/Codex/2026-09-27/i/work/art/aircraft-final-production-v3/stage/assets/build/frames/unit.IR.gunship/team/rearm_empty/d08_f04.png'
28:42.284  render           | Saved: '/Users/mohammedkalouti/Documents/Codex/2026-09-27/i/work/art/aircraft-final-production-v3/stage/assets/build/frames/unit.IR.gunship/shadow/rearm_empty/d08_f04.png'
28:42.857  render           | Saved: '/Users/mohammedkalouti/Documents/Codex/2026-09-27/i/work/art/aircraft-final-production-v3/stage/assets/build/frames/unit.IR.gunship/beauty/rearm_empty/d08_f05.png'
28:43.363  render           | Saved: '/Users/mohammedkalouti/Documents/Codex/2026-09-27/i/work/art/aircraft-final-production-v3/stage/assets/build/frames/unit.IR.gunship/team/rearm_empty/d08_f05.png'
28:44.282  render           | Saved: '/Users/mohammedkalouti/Documents/Codex/2026-09-27/i/work/art/aircraft-final-production-v3/stage/assets/build/frames/unit.IR.gunship/shadow/rearm_empty/d08_f05.png'
28:44.846  render           | Saved: '/Users/mohammedkalouti/Documents/Codex/2026-09-27/i/work/art/aircraft-final-production-v3/stage/assets/build/frames/unit.IR.gunship/beauty/rearm_empty/d09_f00.png'
28:45.345  render           | Saved: '/Users/mohammedkalouti/Documents/Codex/2026-09-27/i/work/art/aircraft-final-production-v3/stage/assets/build/frames/unit.IR.gunship/team/rearm_empty/d09_f00.png'
28:46.274  render           | Saved: '/Users/mohammedkalouti/Documents/Codex/2026-09-27/i/work/art/aircraft-final-production-v3/stage/assets/build/frames/unit.IR.gunship/shadow/rearm_empty/d09_f00.png'
28:46.856  render           | Saved: '/Users/mohammedkalouti/Documents/Codex/2026-09-27/i/work/art/aircraft-final-production-v3/stage/assets/build/frames/unit.IR.gunship/beauty/rearm_empty/d09_f01.png'
28:47.380  render           | Saved: '/Users/mohammedkalouti/Documents/Codex/2026-09-27/i/work/art/aircraft-final-production-v3/stage/assets/build/frames/unit.IR.gunship/team/rearm_empty/d09_f01.png'
28:48.318  render           | Saved: '/Users/mohammedkalouti/Documents/Codex/2026-09-27/i/work/art/aircraft-final-production-v3/stage/assets/build/frames/unit.IR.gunship/shadow/rearm_empty/d09_f01.png'
28:48.903  render           | Saved: '/Users/mohammedkalouti/Documents/Codex/2026-09-27/i/work/art/aircraft-final-production-v3/stage/assets/build/frames/unit.IR.gunship/beauty/rearm_empty/d09_f02.png'
28:49.411  render           | Saved: '/Users/mohammedkalouti/Documents/Codex/2026-09-27/i/work/art/aircraft-final-production-v3/stage/assets/build/frames/unit.IR.gunship/team/rearm_empty/d09_f02.png'
28:50.344  render           | Saved: '/Users/mohammedkalouti/Documents/Codex/2026-09-27/i/work/art/aircraft-final-production-v3/stage/assets/build/frames/unit.IR.gunship/shadow/rearm_empty/d09_f02.png'
28:50.907  render           | Saved: '/Users/mohammedkalouti/Documents/Codex/2026-09-27/i/work/art/aircraft-final-production-v3/stage/assets/build/frames/unit.IR.gunship/beauty/rearm_empty/d09_f03.png'
28:51.412  render           | Saved: '/Users/mohammedkalouti/Documents/Codex/2026-09-27/i/work/art/aircraft-final-production-v3/stage/assets/build/frames/unit.IR.gunship/team/rearm_empty/d09_f03.png'
28:52.351  render           | Saved: '/Users/mohammedkalouti/Documents/Codex/2026-09-27/i/work/art/aircraft-final-production-v3/stage/assets/build/frames/unit.IR.gunship/shadow/rearm_empty/d09_f03.png'
28:52.912  render           | Saved: '/Users/mohammedkalouti/Documents/Codex/2026-09-27/i/work/art/aircraft-final-production-v3/stage/assets/build/frames/unit.IR.gunship/beauty/rearm_empty/d09_f04.png'
28:53.407  render           | Saved: '/Users/mohammedkalouti/Documents/Codex/2026-09-27/i/work/art/aircraft-final-production-v3/stage/assets/build/frames/unit.IR.gunship/team/rearm_empty/d09_f04.png'
28:54.353  render           | Saved: '/Users/mohammedkalouti/Documents/Codex/2026-09-27/i/work/art/aircraft-final-production-v3/stage/assets/build/frames/unit.IR.gunship/shadow/rearm_empty/d09_f04.png'
28:54.912  render           | Saved: '/Users/mohammedkalouti/Documents/Codex/2026-09-27/i/work/art/aircraft-final-production-v3/stage/assets/build/frames/unit.IR.gunship/beauty/rearm_empty/d09_f05.png'
28:55.412  render           | Saved: '/Users/mohammedkalouti/Documents/Codex/2026-09-27/i/work/art/aircraft-final-production-v3/stage/assets/build/frames/unit.IR.gunship/team/rearm_empty/d09_f05.png'
28:56.344  render           | Saved: '/Users/mohammedkalouti/Documents/Codex/2026-09-27/i/work/art/aircraft-final-production-v3/stage/assets/build/frames/unit.IR.gunship/shadow/rearm_empty/d09_f05.png'
28:56.922  render           | Saved: '/Users/mohammedkalouti/Documents/Codex/2026-09-27/i/work/art/aircraft-final-production-v3/stage/assets/build/frames/unit.IR.gunship/beauty/rearm_empty/d10_f00.png'
28:57.425  render           | Saved: '/Users/mohammedkalouti/Documents/Codex/2026-09-27/i/work/art/aircraft-final-production-v3/stage/assets/build/frames/unit.IR.gunship/team/rearm_empty/d10_f00.png'
28:58.369  render           | Saved: '/Users/mohammedkalouti/Documents/Codex/2026-09-27/i/work/art/aircraft-final-production-v3/stage/assets/build/frames/unit.IR.gunship/shadow/rearm_empty/d10_f00.png'
28:58.936  render           | Saved: '/Users/mohammedkalouti/Documents/Codex/2026-09-27/i/work/art/aircraft-final-production-v3/stage/assets/build/frames/unit.IR.gunship/beauty/rearm_empty/d10_f01.png'
28:59.439  render           | Saved: '/Users/mohammedkalouti/Documents/Codex/2026-09-27/i/work/art/aircraft-final-production-v3/stage/assets/build/frames/unit.IR.gunship/team/rearm_empty/d10_f01.png'
29:00.359  render           | Saved: '/Users/mohammedkalouti/Documents/Codex/2026-09-27/i/work/art/aircraft-final-production-v3/stage/assets/build/frames/unit.IR.gunship/shadow/rearm_empty/d10_f01.png'
29:00.930  render           | Saved: '/Users/mohammedkalouti/Documents/Codex/2026-09-27/i/work/art/aircraft-final-production-v3/stage/assets/build/frames/unit.IR.gunship/beauty/rearm_empty/d10_f02.png'
29:01.445  render           | Saved: '/Users/mohammedkalouti/Documents/Codex/2026-09-27/i/work/art/aircraft-final-production-v3/stage/assets/build/frames/unit.IR.gunship/team/rearm_empty/d10_f02.png'
29:02.385  render           | Saved: '/Users/mohammedkalouti/Documents/Codex/2026-09-27/i/work/art/aircraft-final-production-v3/stage/assets/build/frames/unit.IR.gunship/shadow/rearm_empty/d10_f02.png'
29:02.949  render           | Saved: '/Users/mohammedkalouti/Documents/Codex/2026-09-27/i/work/art/aircraft-final-production-v3/stage/assets/build/frames/unit.IR.gunship/beauty/rearm_empty/d10_f03.png'
29:03.453  render           | Saved: '/Users/mohammedkalouti/Documents/Codex/2026-09-27/i/work/art/aircraft-final-production-v3/stage/assets/build/frames/unit.IR.gunship/team/rearm_empty/d10_f03.png'
29:04.407  render           | Saved: '/Users/mohammedkalouti/Documents/Codex/2026-09-27/i/work/art/aircraft-final-production-v3/stage/assets/build/frames/unit.IR.gunship/shadow/rearm_empty/d10_f03.png'
29:04.998  render           | Saved: '/Users/mohammedkalouti/Documents/Codex/2026-09-27/i/work/art/aircraft-final-production-v3/stage/assets/build/frames/unit.IR.gunship/beauty/rearm_empty/d10_f04.png'
29:05.500  render           | Saved: '/Users/mohammedkalouti/Documents/Codex/2026-09-27/i/work/art/aircraft-final-production-v3/stage/assets/build/frames/unit.IR.gunship/team/rearm_empty/d10_f04.png'
29:06.445  render           | Saved: '/Users/mohammedkalouti/Documents/Codex/2026-09-27/i/work/art/aircraft-final-production-v3/stage/assets/build/frames/unit.IR.gunship/shadow/rearm_empty/d10_f04.png'
29:07.007  render           | Saved: '/Users/mohammedkalouti/Documents/Codex/2026-09-27/i/work/art/aircraft-final-production-v3/stage/assets/build/frames/unit.IR.gunship/beauty/rearm_empty/d10_f05.png'
29:07.508  render           | Saved: '/Users/mohammedkalouti/Documents/Codex/2026-09-27/i/work/art/aircraft-final-production-v3/stage/assets/build/frames/unit.IR.gunship/team/rearm_empty/d10_f05.png'
29:08.439  render           | Saved: '/Users/mohammedkalouti/Documents/Codex/2026-09-27/i/work/art/aircraft-final-production-v3/stage/assets/build/frames/unit.IR.gunship/shadow/rearm_empty/d10_f05.png'
29:09.009  render           | Saved: '/Users/mohammedkalouti/Documents/Codex/2026-09-27/i/work/art/aircraft-final-production-v3/stage/assets/build/frames/unit.IR.gunship/beauty/rearm_empty/d11_f01.png'
29:09.504  render           | Saved: '/Users/mohammedkalouti/Documents/Codex/2026-09-27/i/work/art/aircraft-final-production-v3/stage/assets/build/frames/unit.IR.gunship/team/rearm_empty/d11_f01.png'
29:10.446  render           | Saved: '/Users/mohammedkalouti/Documents/Codex/2026-09-27/i/work/art/aircraft-final-production-v3/stage/assets/build/frames/unit.IR.gunship/shadow/rearm_empty/d11_f01.png'
29:11.018  render           | Saved: '/Users/mohammedkalouti/Documents/Codex/2026-09-27/i/work/art/aircraft-final-production-v3/stage/assets/build/frames/unit.IR.gunship/beauty/rearm_empty/d11_f02.png'
29:11.536  render           | Saved: '/Users/mohammedkalouti/Documents/Codex/2026-09-27/i/work/art/aircraft-final-production-v3/stage/assets/build/frames/unit.IR.gunship/team/rearm_empty/d11_f02.png'
29:12.506  render           | Saved: '/Users/mohammedkalouti/Documents/Codex/2026-09-27/i/work/art/aircraft-final-production-v3/stage/assets/build/frames/unit.IR.gunship/shadow/rearm_empty/d11_f02.png'
29:13.107  render           | Saved: '/Users/mohammedkalouti/Documents/Codex/2026-09-27/i/work/art/aircraft-final-production-v3/stage/assets/build/frames/unit.IR.gunship/beauty/rearm_empty/d11_f04.png'
29:13.608  render           | Saved: '/Users/mohammedkalouti/Documents/Codex/2026-09-27/i/work/art/aircraft-final-production-v3/stage/assets/build/frames/unit.IR.gunship/team/rearm_empty/d11_f04.png'
29:14.546  render           | Saved: '/Users/mohammedkalouti/Documents/Codex/2026-09-27/i/work/art/aircraft-final-production-v3/stage/assets/build/frames/unit.IR.gunship/shadow/rearm_empty/d11_f04.png'
29:15.123  render           | Saved: '/Users/mohammedkalouti/Documents/Codex/2026-09-27/i/work/art/aircraft-final-production-v3/stage/assets/build/frames/unit.IR.gunship/beauty/rearm_empty/d11_f05.png'
29:15.653  render           | Saved: '/Users/mohammedkalouti/Documents/Codex/2026-09-27/i/work/art/aircraft-final-production-v3/stage/assets/build/frames/unit.IR.gunship/team/rearm_empty/d11_f05.png'
29:16.585  render           | Saved: '/Users/mohammedkalouti/Documents/Codex/2026-09-27/i/work/art/aircraft-final-production-v3/stage/assets/build/frames/unit.IR.gunship/shadow/rearm_empty/d11_f05.png'
29:17.153  render           | Saved: '/Users/mohammedkalouti/Documents/Codex/2026-09-27/i/work/art/aircraft-final-production-v3/stage/assets/build/frames/unit.IR.gunship/beauty/rearm_empty/d12_f00.png'
29:17.651  render           | Saved: '/Users/mohammedkalouti/Documents/Codex/2026-09-27/i/work/art/aircraft-final-production-v3/stage/assets/build/frames/unit.IR.gunship/team/rearm_empty/d12_f00.png'
29:18.595  render           | Saved: '/Users/mohammedkalouti/Documents/Codex/2026-09-27/i/work/art/aircraft-final-production-v3/stage/assets/build/frames/unit.IR.gunship/shadow/rearm_empty/d12_f00.png'
29:19.156  render           | Saved: '/Users/mohammedkalouti/Documents/Codex/2026-09-27/i/work/art/aircraft-final-production-v3/stage/assets/build/frames/unit.IR.gunship/beauty/rearm_empty/d12_f01.png'
29:19.686  render           | Saved: '/Users/mohammedkalouti/Documents/Codex/2026-09-27/i/work/art/aircraft-final-production-v3/stage/assets/build/frames/unit.IR.gunship/team/rearm_empty/d12_f01.png'
29:20.643  render           | Saved: '/Users/mohammedkalouti/Documents/Codex/2026-09-27/i/work/art/aircraft-final-production-v3/stage/assets/build/frames/unit.IR.gunship/shadow/rearm_empty/d12_f01.png'
29:21.230  render           | Saved: '/Users/mohammedkalouti/Documents/Codex/2026-09-27/i/work/art/aircraft-final-production-v3/stage/assets/build/frames/unit.IR.gunship/beauty/rearm_empty/d12_f02.png'
29:21.731  render           | Saved: '/Users/mohammedkalouti/Documents/Codex/2026-09-27/i/work/art/aircraft-final-production-v3/stage/assets/build/frames/unit.IR.gunship/team/rearm_empty/d12_f02.png'
29:22.685  render           | Saved: '/Users/mohammedkalouti/Documents/Codex/2026-09-27/i/work/art/aircraft-final-production-v3/stage/assets/build/frames/unit.IR.gunship/shadow/rearm_empty/d12_f02.png'
29:23.259  render           | Saved: '/Users/mohammedkalouti/Documents/Codex/2026-09-27/i/work/art/aircraft-final-production-v3/stage/assets/build/frames/unit.IR.gunship/beauty/rearm_empty/d12_f03.png'
29:23.768  render           | Saved: '/Users/mohammedkalouti/Documents/Codex/2026-09-27/i/work/art/aircraft-final-production-v3/stage/assets/build/frames/unit.IR.gunship/team/rearm_empty/d12_f03.png'
29:24.716  render           | Saved: '/Users/mohammedkalouti/Documents/Codex/2026-09-27/i/work/art/aircraft-final-production-v3/stage/assets/build/frames/unit.IR.gunship/shadow/rearm_empty/d12_f03.png'
29:25.282  render           | Saved: '/Users/mohammedkalouti/Documents/Codex/2026-09-27/i/work/art/aircraft-final-production-v3/stage/assets/build/frames/unit.IR.gunship/beauty/rearm_empty/d12_f04.png'
29:25.783  render           | Saved: '/Users/mohammedkalouti/Documents/Codex/2026-09-27/i/work/art/aircraft-final-production-v3/stage/assets/build/frames/unit.IR.gunship/team/rearm_empty/d12_f04.png'
29:26.732  render           | Saved: '/Users/mohammedkalouti/Documents/Codex/2026-09-27/i/work/art/aircraft-final-production-v3/stage/assets/build/frames/unit.IR.gunship/shadow/rearm_empty/d12_f04.png'
29:27.295  render           | Saved: '/Users/mohammedkalouti/Documents/Codex/2026-09-27/i/work/art/aircraft-final-production-v3/stage/assets/build/frames/unit.IR.gunship/beauty/rearm_empty/d12_f05.png'
29:27.800  render           | Saved: '/Users/mohammedkalouti/Documents/Codex/2026-09-27/i/work/art/aircraft-final-production-v3/stage/assets/build/frames/unit.IR.gunship/team/rearm_empty/d12_f05.png'
29:28.727  render           | Saved: '/Users/mohammedkalouti/Documents/Codex/2026-09-27/i/work/art/aircraft-final-production-v3/stage/assets/build/frames/unit.IR.gunship/shadow/rearm_empty/d12_f05.png'
29:29.293  render           | Saved: '/Users/mohammedkalouti/Documents/Codex/2026-09-27/i/work/art/aircraft-final-production-v3/stage/assets/build/frames/unit.IR.gunship/beauty/rearm_empty/d13_f00.png'
29:29.794  render           | Saved: '/Users/mohammedkalouti/Documents/Codex/2026-09-27/i/work/art/aircraft-final-production-v3/stage/assets/build/frames/unit.IR.gunship/team/rearm_empty/d13_f00.png'
29:30.732  render           | Saved: '/Users/mohammedkalouti/Documents/Codex/2026-09-27/i/work/art/aircraft-final-production-v3/stage/assets/build/frames/unit.IR.gunship/shadow/rearm_empty/d13_f00.png'
29:31.302  render           | Saved: '/Users/mohammedkalouti/Documents/Codex/2026-09-27/i/work/art/aircraft-final-production-v3/stage/assets/build/frames/unit.IR.gunship/beauty/rearm_empty/d13_f01.png'
29:31.804  render           | Saved: '/Users/mohammedkalouti/Documents/Codex/2026-09-27/i/work/art/aircraft-final-production-v3/stage/assets/build/frames/unit.IR.gunship/team/rearm_empty/d13_f01.png'
29:32.740  render           | Saved: '/Users/mohammedkalouti/Documents/Codex/2026-09-27/i/work/art/aircraft-final-production-v3/stage/assets/build/frames/unit.IR.gunship/shadow/rearm_empty/d13_f01.png'
29:33.323  render           | Saved: '/Users/mohammedkalouti/Documents/Codex/2026-09-27/i/work/art/aircraft-final-production-v3/stage/assets/build/frames/unit.IR.gunship/beauty/rearm_empty/d13_f02.png'
29:33.831  render           | Saved: '/Users/mohammedkalouti/Documents/Codex/2026-09-27/i/work/art/aircraft-final-production-v3/stage/assets/build/frames/unit.IR.gunship/team/rearm_empty/d13_f02.png'
29:34.783  render           | Saved: '/Users/mohammedkalouti/Documents/Codex/2026-09-27/i/work/art/aircraft-final-production-v3/stage/assets/build/frames/unit.IR.gunship/shadow/rearm_empty/d13_f02.png'
29:35.391  render           | Saved: '/Users/mohammedkalouti/Documents/Codex/2026-09-27/i/work/art/aircraft-final-production-v3/stage/assets/build/frames/unit.IR.gunship/beauty/rearm_empty/d13_f03.png'
29:35.898  render           | Saved: '/Users/mohammedkalouti/Documents/Codex/2026-09-27/i/work/art/aircraft-final-production-v3/stage/assets/build/frames/unit.IR.gunship/team/rearm_empty/d13_f03.png'
29:36.839  render           | Saved: '/Users/mohammedkalouti/Documents/Codex/2026-09-27/i/work/art/aircraft-final-production-v3/stage/assets/build/frames/unit.IR.gunship/shadow/rearm_empty/d13_f03.png'
29:37.418  render           | Saved: '/Users/mohammedkalouti/Documents/Codex/2026-09-27/i/work/art/aircraft-final-production-v3/stage/assets/build/frames/unit.IR.gunship/beauty/rearm_empty/d13_f04.png'
29:37.924  render           | Saved: '/Users/mohammedkalouti/Documents/Codex/2026-09-27/i/work/art/aircraft-final-production-v3/stage/assets/build/frames/unit.IR.gunship/team/rearm_empty/d13_f04.png'
29:38.865  render           | Saved: '/Users/mohammedkalouti/Documents/Codex/2026-09-27/i/work/art/aircraft-final-production-v3/stage/assets/build/frames/unit.IR.gunship/shadow/rearm_empty/d13_f04.png'
29:39.446  render           | Saved: '/Users/mohammedkalouti/Documents/Codex/2026-09-27/i/work/art/aircraft-final-production-v3/stage/assets/build/frames/unit.IR.gunship/beauty/rearm_empty/d13_f05.png'
29:39.944  render           | Saved: '/Users/mohammedkalouti/Documents/Codex/2026-09-27/i/work/art/aircraft-final-production-v3/stage/assets/build/frames/unit.IR.gunship/team/rearm_empty/d13_f05.png'
29:40.853  render           | Saved: '/Users/mohammedkalouti/Documents/Codex/2026-09-27/i/work/art/aircraft-final-production-v3/stage/assets/build/frames/unit.IR.gunship/shadow/rearm_empty/d13_f05.png'
29:41.440  render           | Saved: '/Users/mohammedkalouti/Documents/Codex/2026-09-27/i/work/art/aircraft-final-production-v3/stage/assets/build/frames/unit.IR.gunship/beauty/rearm_empty/d14_f00.png'
29:41.935  render           | Saved: '/Users/mohammedkalouti/Documents/Codex/2026-09-27/i/work/art/aircraft-final-production-v3/stage/assets/build/frames/unit.IR.gunship/team/rearm_empty/d14_f00.png'
29:42.886  render           | Saved: '/Users/mohammedkalouti/Documents/Codex/2026-09-27/i/work/art/aircraft-final-production-v3/stage/assets/build/frames/unit.IR.gunship/shadow/rearm_empty/d14_f00.png'
29:43.464  render           | Saved: '/Users/mohammedkalouti/Documents/Codex/2026-09-27/i/work/art/aircraft-final-production-v3/stage/assets/build/frames/unit.IR.gunship/beauty/rearm_empty/d14_f01.png'
29:43.970  render           | Saved: '/Users/mohammedkalouti/Documents/Codex/2026-09-27/i/work/art/aircraft-final-production-v3/stage/assets/build/frames/unit.IR.gunship/team/rearm_empty/d14_f01.png'
29:44.890  render           | Saved: '/Users/mohammedkalouti/Documents/Codex/2026-09-27/i/work/art/aircraft-final-production-v3/stage/assets/build/frames/unit.IR.gunship/shadow/rearm_empty/d14_f01.png'
29:45.466  render           | Saved: '/Users/mohammedkalouti/Documents/Codex/2026-09-27/i/work/art/aircraft-final-production-v3/stage/assets/build/frames/unit.IR.gunship/beauty/rearm_empty/d14_f02.png'
29:45.973  render           | Saved: '/Users/mohammedkalouti/Documents/Codex/2026-09-27/i/work/art/aircraft-final-production-v3/stage/assets/build/frames/unit.IR.gunship/team/rearm_empty/d14_f02.png'
29:46.915  render           | Saved: '/Users/mohammedkalouti/Documents/Codex/2026-09-27/i/work/art/aircraft-final-production-v3/stage/assets/build/frames/unit.IR.gunship/shadow/rearm_empty/d14_f02.png'
29:47.491  render           | Saved: '/Users/mohammedkalouti/Documents/Codex/2026-09-27/i/work/art/aircraft-final-production-v3/stage/assets/build/frames/unit.IR.gunship/beauty/rearm_empty/d14_f03.png'
29:47.996  render           | Saved: '/Users/mohammedkalouti/Documents/Codex/2026-09-27/i/work/art/aircraft-final-production-v3/stage/assets/build/frames/unit.IR.gunship/team/rearm_empty/d14_f03.png'
29:48.926  render           | Saved: '/Users/mohammedkalouti/Documents/Codex/2026-09-27/i/work/art/aircraft-final-production-v3/stage/assets/build/frames/unit.IR.gunship/shadow/rearm_empty/d14_f03.png'
29:49.513  render           | Saved: '/Users/mohammedkalouti/Documents/Codex/2026-09-27/i/work/art/aircraft-final-production-v3/stage/assets/build/frames/unit.IR.gunship/beauty/rearm_empty/d14_f04.png'
29:50.025  render           | Saved: '/Users/mohammedkalouti/Documents/Codex/2026-09-27/i/work/art/aircraft-final-production-v3/stage/assets/build/frames/unit.IR.gunship/team/rearm_empty/d14_f04.png'
29:50.964  render           | Saved: '/Users/mohammedkalouti/Documents/Codex/2026-09-27/i/work/art/aircraft-final-production-v3/stage/assets/build/frames/unit.IR.gunship/shadow/rearm_empty/d14_f04.png'
29:51.554  render           | Saved: '/Users/mohammedkalouti/Documents/Codex/2026-09-27/i/work/art/aircraft-final-production-v3/stage/assets/build/frames/unit.IR.gunship/beauty/rearm_empty/d14_f05.png'
29:52.061  render           | Saved: '/Users/mohammedkalouti/Documents/Codex/2026-09-27/i/work/art/aircraft-final-production-v3/stage/assets/build/frames/unit.IR.gunship/team/rearm_empty/d14_f05.png'
29:53.003  render           | Saved: '/Users/mohammedkalouti/Documents/Codex/2026-09-27/i/work/art/aircraft-final-production-v3/stage/assets/build/frames/unit.IR.gunship/shadow/rearm_empty/d14_f05.png'
29:53.594  render           | Saved: '/Users/mohammedkalouti/Documents/Codex/2026-09-27/i/work/art/aircraft-final-production-v3/stage/assets/build/frames/unit.IR.gunship/beauty/rearm_empty/d15_f01.png'
29:54.091  render           | Saved: '/Users/mohammedkalouti/Documents/Codex/2026-09-27/i/work/art/aircraft-final-production-v3/stage/assets/build/frames/unit.IR.gunship/team/rearm_empty/d15_f01.png'
29:55.035  render           | Saved: '/Users/mohammedkalouti/Documents/Codex/2026-09-27/i/work/art/aircraft-final-production-v3/stage/assets/build/frames/unit.IR.gunship/shadow/rearm_empty/d15_f01.png'
29:55.633  render           | Saved: '/Users/mohammedkalouti/Documents/Codex/2026-09-27/i/work/art/aircraft-final-production-v3/stage/assets/build/frames/unit.IR.gunship/beauty/rearm_empty/d15_f02.png'
29:56.128  render           | Saved: '/Users/mohammedkalouti/Documents/Codex/2026-09-27/i/work/art/aircraft-final-production-v3/stage/assets/build/frames/unit.IR.gunship/team/rearm_empty/d15_f02.png'
29:57.063  render           | Saved: '/Users/mohammedkalouti/Documents/Codex/2026-09-27/i/work/art/aircraft-final-production-v3/stage/assets/build/frames/unit.IR.gunship/shadow/rearm_empty/d15_f02.png'
29:57.657  render           | Saved: '/Users/mohammedkalouti/Documents/Codex/2026-09-27/i/work/art/aircraft-final-production-v3/stage/assets/build/frames/unit.IR.gunship/beauty/rearm_empty/d15_f04.png'
29:58.158  render           | Saved: '/Users/mohammedkalouti/Documents/Codex/2026-09-27/i/work/art/aircraft-final-production-v3/stage/assets/build/frames/unit.IR.gunship/team/rearm_empty/d15_f04.png'
29:59.091  render           | Saved: '/Users/mohammedkalouti/Documents/Codex/2026-09-27/i/work/art/aircraft-final-production-v3/stage/assets/build/frames/unit.IR.gunship/shadow/rearm_empty/d15_f04.png'
29:59.698  render           | Saved: '/Users/mohammedkalouti/Documents/Codex/2026-09-27/i/work/art/aircraft-final-production-v3/stage/assets/build/frames/unit.IR.gunship/beauty/rearm_empty/d15_f05.png'
30:00.237  render           | Saved: '/Users/mohammedkalouti/Documents/Codex/2026-09-27/i/work/art/aircraft-final-production-v3/stage/assets/build/frames/unit.IR.gunship/team/rearm_empty/d15_f05.png'
30:01.164  render           | Saved: '/Users/mohammedkalouti/Documents/Codex/2026-09-27/i/work/art/aircraft-final-production-v3/stage/assets/build/frames/unit.IR.gunship/shadow/rearm_empty/d15_f05.png'
Info: Saved as "unit.IR.gunship.blend"
FC_REUSED_POSES unit.IR.gunship poses=40
FC_RENDER_DONE unit.IR.gunship poses=832 seconds=1800.9
Blender 5.2.2 LTS (hash d13f752e3b9c built 2026-09-15 01:49:19)

Blender quit
